trace,l1_fraction,l2_multiplier,cell,arm,kind,target,seeds,requested_tokens,l1_avoided_tokens,root_rejected_tokens_mean,root_rejected_tokens_std,root_rejected_tokens_ci95_half,root_evicted_tokens_mean,root_evicted_tokens_std,root_evicted_tokens_ci95_half,root_compulsory_tokens_mean,root_compulsory_tokens_std,root_compulsory_tokens_ci95_half,root_unexplained_tokens_mean,root_unexplained_tokens_std,root_unexplained_tokens_ci95_half,unusable_after_rejected_tokens_mean,unusable_after_rejected_tokens_std,unusable_after_rejected_tokens_ci95_half,unusable_after_evicted_tokens_mean,unusable_after_evicted_tokens_std,unusable_after_evicted_tokens_ci95_half,unusable_after_compulsory_tokens_mean,unusable_after_compulsory_tokens_std,unusable_after_compulsory_tokens_ci95_half,unusable_after_unexplained_tokens_mean,unusable_after_unexplained_tokens_std,unusable_after_unexplained_tokens_ci95_half,downstream_absent_tokens_mean,downstream_absent_tokens_std,downstream_absent_tokens_ci95_half,l2_hit_tokens_mean,l2_hit_tokens_std,l2_hit_tokens_ci95_half,root_loss_tokens_mean,root_loss_tokens_std,root_loss_tokens_ci95_half,unusable_tokens_mean,unusable_tokens_std,unusable_tokens_ci95_half,decision_loss_tokens_mean,decision_loss_tokens_std,decision_loss_tokens_ci95_half,root_rejected_tokens_share_mean,root_rejected_tokens_share_std,root_rejected_tokens_share_ci95_half,root_evicted_tokens_share_mean,root_evicted_tokens_share_std,root_evicted_tokens_share_ci95_half,root_compulsory_tokens_share_mean,root_compulsory_tokens_share_std,root_compulsory_tokens_share_ci95_half,root_unexplained_tokens_share_mean,root_unexplained_tokens_share_std,root_unexplained_tokens_share_ci95_half,unusable_after_rejected_tokens_share_mean,unusable_after_rejected_tokens_share_std,unusable_after_rejected_tokens_share_ci95_half,unusable_after_evicted_tokens_share_mean,unusable_after_evicted_tokens_share_std,unusable_after_evicted_tokens_share_ci95_half,unusable_after_compulsory_tokens_share_mean,unusable_after_compulsory_tokens_share_std,unusable_after_compulsory_tokens_share_ci95_half,unusable_after_unexplained_tokens_share_mean,unusable_after_unexplained_tokens_share_std,unusable_after_unexplained_tokens_share_ci95_half,downstream_absent_tokens_share_mean,downstream_absent_tokens_share_std,downstream_absent_tokens_share_ci95_half,l2_hit_tokens_share_mean,l2_hit_tokens_share_std,l2_hit_tokens_share_ci95_half,root_loss_tokens_share_mean,root_loss_tokens_share_std,root_loss_tokens_share_ci95_half,unusable_tokens_share_mean,unusable_tokens_share_std,unusable_tokens_share_ci95_half,decision_loss_tokens_share_mean,decision_loss_tokens_share_std,decision_loss_tokens_share_ci95_half,avoided_prefill_tokens_mean,avoided_prefill_tokens_std,avoided_prefill_tokens_ci95_half,l2_avoided_tokens_mean,l2_avoided_tokens_std,l2_avoided_tokens_ci95_half,extra_avoided_tokens_mean,extra_avoided_tokens_std,extra_avoided_tokens_ci95_half,extra_fraction_of_input_mean,extra_fraction_of_input_std,extra_fraction_of_input_ci95_half,unexplained_states_mean,unexplained_states_std,unexplained_states_ci95_half,seconds_mean,seconds_std,seconds_ci95_half,diff_root_rejected_tokens_mean,diff_root_rejected_tokens_std,diff_root_rejected_tokens_ci95_half,diff_root_evicted_tokens_mean,diff_root_evicted_tokens_std,diff_root_evicted_tokens_ci95_half,diff_root_compulsory_tokens_mean,diff_root_compulsory_tokens_std,diff_root_compulsory_tokens_ci95_half,diff_root_unexplained_tokens_mean,diff_root_unexplained_tokens_std,diff_root_unexplained_tokens_ci95_half,diff_unusable_after_rejected_tokens_mean,diff_unusable_after_rejected_tokens_std,diff_unusable_after_rejected_tokens_ci95_half,diff_unusable_after_evicted_tokens_mean,diff_unusable_after_evicted_tokens_std,diff_unusable_after_evicted_tokens_ci95_half,diff_unusable_after_compulsory_tokens_mean,diff_unusable_after_compulsory_tokens_std,diff_unusable_after_compulsory_tokens_ci95_half,diff_unusable_after_unexplained_tokens_mean,diff_unusable_after_unexplained_tokens_std,diff_unusable_after_unexplained_tokens_ci95_half,diff_downstream_absent_tokens_mean,diff_downstream_absent_tokens_std,diff_downstream_absent_tokens_ci95_half,diff_l2_hit_tokens_mean,diff_l2_hit_tokens_std,diff_l2_hit_tokens_ci95_half,diff_root_loss_tokens_mean,diff_root_loss_tokens_std,diff_root_loss_tokens_ci95_half,diff_unusable_tokens_mean,diff_unusable_tokens_std,diff_unusable_tokens_ci95_half,diff_decision_loss_tokens_mean,diff_decision_loss_tokens_std,diff_decision_loss_tokens_ci95_half,diff_root_rejected_tokens_share_mean,diff_root_rejected_tokens_share_std,diff_root_rejected_tokens_share_ci95_half,diff_root_evicted_tokens_share_mean,diff_root_evicted_tokens_share_std,diff_root_evicted_tokens_share_ci95_half,diff_root_compulsory_tokens_share_mean,diff_root_compulsory_tokens_share_std,diff_root_compulsory_tokens_share_ci95_half,diff_root_unexplained_tokens_share_mean,diff_root_unexplained_tokens_share_std,diff_root_unexplained_tokens_share_ci95_half,diff_unusable_after_rejected_tokens_share_mean,diff_unusable_after_rejected_tokens_share_std,diff_unusable_after_rejected_tokens_share_ci95_half,diff_unusable_after_evicted_tokens_share_mean,diff_unusable_after_evicted_tokens_share_std,diff_unusable_after_evicted_tokens_share_ci95_half,diff_unusable_after_compulsory_tokens_share_mean,diff_unusable_after_compulsory_tokens_share_std,diff_unusable_after_compulsory_tokens_share_ci95_half,diff_unusable_after_unexplained_tokens_share_mean,diff_unusable_after_unexplained_tokens_share_std,diff_unusable_after_unexplained_tokens_share_ci95_half,diff_downstream_absent_tokens_share_mean,diff_downstream_absent_tokens_share_std,diff_downstream_absent_tokens_share_ci95_half,diff_l2_hit_tokens_share_mean,diff_l2_hit_tokens_share_std,diff_l2_hit_tokens_share_ci95_half,diff_root_loss_tokens_share_mean,diff_root_loss_tokens_share_std,diff_root_loss_tokens_share_ci95_half,diff_unusable_tokens_share_mean,diff_unusable_tokens_share_std,diff_unusable_tokens_share_ci95_half,diff_decision_loss_tokens_share_mean,diff_decision_loss_tokens_share_std,diff_decision_loss_tokens_share_ci95_half,diff_avoided_prefill_tokens_mean,diff_avoided_prefill_tokens_std,diff_avoided_prefill_tokens_ci95_half,diff_extra_fraction_of_input_mean,diff_extra_fraction_of_input_std,diff_extra_fraction_of_input_ci95_half,diff_rejected_loss_tokens_mean,diff_evicted_loss_tokens_mean,diff_total_loss_tokens_mean,dominant_failure,orphaned_bytes_mean,orphaning_ratio,orphaned_bytes_window_mean,orphaning_ratio_window,orphaning_reading,victim_vs_resident_auc_mean,residents_only_auc_mean,ranking_reading
conversation_trace,0.0025,1.0,"l1=0.0025,l2x1",A_none,learned,binary,5,58742117,2662942,768544.0,5013.455893891957,6224.029726057548,323906.2,4723.467709215339,5864.019561446008,1492900.2,1013.0232968693267,1257.6329075887922,0.0,0.0,0.0,169676.8,12689.958991265496,15754.13919175287,438476.8,14080.465446852246,17480.404206748008,0.0,0.0,0.0,0.0,0.0,0.0,52287859.8,3492.446162791919,4335.749469812922,597811.2,11912.117662279868,14788.47645207245,2585350.4,172.94449976798916,214.70453321939897,608153.6,11422.30575672005,14180.39214358269,1700603.8,11243.782424077763,13958.761684937552,0.0130833555079399,8.534687120472673e-05,0.00010595514843391815,0.005514036887706993,8.041023971293609e-05,9.982649350969097e-05,0.025414477316164818,1.7245263681412644e-05,2.1409390260634865e-05,0.0,0.0,0.0,0.0028885033203689273,0.0002160282883789411,0.0002681915463099989,0.007464436462172447,0.00023969965956201832,0.0002975787237417407,0.0,0.0,0.0,0.0,0.0,0.0,0.8901255601666518,5.945386957694009e-05,7.38098946929717e-05,0.01017687530737103,0.00020278665922577913,0.00025175252795319624,0.044011869711811716,2.944131206029767e-06,3.6550356743076256e-06,0.010352939782541374,0.00019444831647317092,0.00024140076775889212,0.028950332178188265,0.00019140921366653805,0.00023762782817203488,3260753.2,11912.117662279868,14788.47645207245,597811.2,11912.117662279868,14788.47645207245,597811.2,11912.117662279868,14788.47645207245,0.01017687530737103,0.00020278665922577913,0.00025175252795319624,0.0,0.0,0.0,85.81221141815186,15.828893662820127,19.651016538915933,757484.8,4842.552137045093,6011.85870362854,-769424.6,4950.507529536744,6145.881538610466,12771.6,975.5974067206206,1211.1699770794187,0.0,0.0,0.0,169676.8,12689.958991265496,15754.13919175287,403251.2,12905.040999547426,16021.15596449796,0.0,0.0,0.0,0.0,0.0,0.0,-1102832.0,3369.6856678331287,4183.346619168533,529072.2,9417.661025966054,11691.695990974953,831.8,337.3139487184009,418.7634414805571,572928.0,8192.0,10170.080797555778,560988.2,7732.858927977415,9600.073253617049,0.012895088544391411,8.2437480709882e-05,0.0001023432421345759,-0.013098346455576329,8.427526589715407e-05,0.00010462478801386157,0.00021741810905453115,1.6608141765144506e-05,2.0618425738376497e-05,0.0,0.0,0.0,0.0028885033203689273,0.0002160282883789411,0.0002681915463099989,0.006864771319018005,0.0002196897500229252,0.0002727371225742164,0.0,0.0,0.0,0.0,0.0,0.0,-0.018774127599112587,5.736404882774317e-05,7.12154554996439e-05,0.00900669276185603,0.00016032212502600223,0.00019903429750369654,1.416019786961431e-05,5.742284513143748e-06,7.128844904934713e-06,0.009753274639386933,0.00013945701003591657,0.0001731309887513206,0.009550016728202016,0.00013164079408267544,0.00016342743067324363,529072.2,9417.661025966054,11691.695990974953,0.00900669276185603,0.00016032212502600223,0.00019903429750369654,927161.6000000001,-366173.39999999997,560988.2,rejected,45415677542.4,0.07111458357016816,15611804057.6,0.06141760902706537,mechanism,0.8160604360425368,0.5325394861880148,other
conversation_trace,0.0025,1.0,"l1=0.0025,l2x1",A_none,learned,next_use,5,58742117,2662942,802895.2,6222.177930596328,7724.615758170541,297149.8,5610.415599579054,6965.134271922159,1486963.0,633.1164979685808,785.9919358649934,0.0,0.0,0.0,69120.0,3217.870103033993,3994.872917955914,314982.4,24755.080868379322,30732.565012383417,0.0,0.0,0.0,0.0,0.0,0.0,52214112.6,6988.364780118451,8675.809870190156,893952.0,22299.936502151748,27684.58935635335,2587008.0,180.08192580045338,223.56539740845403,384102.4,24143.93532131827,29973.849241792926,1484147.4,24005.400075816273,29801.862591394423,0.013668135249534844,0.00010592362428130255,0.00013150046598032082,0.005058547685640952,9.550925104689449e-05,0.00011857138672619088,0.02531340503101038,1.0777897193738765e-05,1.3380381504891714e-05,0.0,0.0,0.0,0.0011766685221780483,5.477960733069932e-05,6.80069619887196e-05,0.005362122035881002,0.000421419624157899,0.0005231776888868923,0.0,0.0,0.0,0.0,0.0,0.0,0.8888701202239613,0.0001189668526947688,0.00014769317677450135,0.015218246220169424,0.0003796243247779395,0.00047129029000356453,0.04404008796618617,3.0656356120160995e-06,3.8058791345297956e-06,0.00653879055805905,0.00041101575078266714,0.0005102616448398162,0.025265473493234845,0.00040865738760855803,0.0005073338196407598,3556894.0,22299.936502151748,27684.58935635335,893952.0,22299.936502151748,27684.58935635335,893952.0,22299.936502151748,27684.58935635335,0.015218246220169424,0.0003796243247779395,0.00047129029000356453,0.0,0.0,0.0,92.956130361557,21.011080762422925,26.08452014133435,791836.0,5773.278358090834,7167.322676826654,-796181.0,5295.87688678655,6574.645487369064,6834.4,618.521058655241,767.8722096574143,0.0,0.0,0.0,69120.0,3217.870103033993,3994.872917955914,279756.8,27120.5389916941,33669.198342137555,0.0,0.0,0.0,0.0,0.0,0.0,-1176579.2,7021.563266111045,8717.024626647823,825213.0,23608.55844815604,29309.197623482054,2489.4,326.03726780845165,404.7638374787945,348876.8,26078.34694147618,32375.353449890667,344531.8,25686.997317709207,31889.506612268215,0.013479868285986357,9.82817551177264e-05,0.00012201335332920759,-0.013553835657642371,9.015468214716391e-05,0.00011192387716242877,0.00011634582390008182,1.0529430845252965e-05,1.30719192442015e-05,0.0,0.0,0.0,0.0011766685221780483,5.477960733069932e-05,6.80069619887196e-05,0.004762456892726559,0.00046168814432912084,0.0005731696449097599,0.0,0.0,0.0,0.0,0.0,0.0,-0.020029567541803094,0.00011953200913940964,0.00014839479868676415,0.01404806367465442,0.0004019017300339384,0.0004989469076077396,4.237845224406983e-05,5.550315250102572e-06,6.890521795098776e-06,0.005939125414904609,0.00044394632460175376,0.0005511437977267774,0.0058651580432485945,0.0004372841604892995,0.0005428729545492583,825213.0,23608.55844815604,29309.197623482054,0.01404806367465442,0.0004019017300339384,0.0004989469076077396,860956.0,-516424.2,344531.8,rejected,42243407462.4,0.06614725338995255,14506073702.4,0.05706761114120465,mechanism,0.8169492697381356,0.4363792604568702,other
conversation_trace,0.0025,1.0,"l1=0.0025,l2x1",B,learned,binary,5,58742117,2662942,773141.0,5166.288464652356,6413.766004515974,320067.6,5411.431354087383,6718.102307311445,1492243.4,450.7791033311105,559.6264529696214,0.0,0.0,0.0,68096.0,12977.962860171854,16111.685897903544,395059.2,17041.218360199484,21156.07514795163,0.0,0.0,0.0,0.0,0.0,0.0,52480167.8,6211.469407475174,7711.321502144585,550400.0,9768.337422509523,12127.048442957715,2585452.0,318.8432216623085,395.83268140364555,463155.2,11144.67707921589,13835.725873815129,1556363.8,11225.679988312511,13936.288145586333,0.013161612816916352,8.794862576458302e-05,0.0001091851355053473,0.005448690247237769,9.212183064644011e-05,0.00011436602305823315,0.025403296241434403,7.673865470854045e-06,9.526834944843634e-06,0.0,0.0,0.0,0.0011592363959235584,0.00022093113975057884,0.0002742782643993499,0.006725314308982089,0.00029010221678254285,0.00036015173147320586,0.0,0.0,0.0,0.0,0.0,0.0,0.8933993270960936,0.00010574132708689083,0.00013127415040459635,0.009369767861788161,0.00016629188598207232,0.0002064455464374522,0.04401359930558853,5.427846968168643e-06,6.738481716680086e-06,0.007884550704905647,0.00018972208780313293,0.00023553332056138102,0.026494853769059773,0.00019110104575074304,0.0002372452485086011,3213342.0,9768.337422509523,12127.048442957715,550400.0,9768.337422509523,12127.048442957715,550400.0,9768.337422509523,12127.048442957715,0.009369767861788161,0.00016629188598207232,0.0002064455464374522,0.0,0.0,0.0,72.69468774795533,14.702852051673736,18.253075356449052,762081.8,5424.073349430298,6733.796901315322,-773263.2,5790.506342281303,7188.710615205081,12114.8,372.55697550844485,462.5164236589226,0.0,0.0,0.0,68096.0,12977.962860171854,16111.685897903544,359833.6,13986.130730119748,17363.290963195268,0.0,0.0,0.0,0.0,0.0,0.0,-910524.0,6989.208216958485,8676.856967457099,481661.0,5807.167984482626,7209.395459859307,933.4,464.6162933001812,576.8048391996724,427929.6,8353.605975864555,10370.70895086515,416748.2,8220.475120088862,10205.431660839937,0.012973345853367865,9.233704242273563e-05,0.0001146332009334176,-0.01316369309604555,9.857503675397441e-05,0.00012237745219848025,0.0002062370343241117,6.342246322319627e-06,7.873676457030223e-06,0.0,0.0,0.0,0.0011592363959235584,0.00022093113975057884,0.0002742782643993499,0.006125649165827647,0.0002380937467766059,0.00029558503932017424,0.0,0.0,0.0,0.0,0.0,0.0,-0.0155003606696708,0.00011898121099308302,0.00014771100209847243,0.008199585316273161,9.885867723294077e-05,0.00012272958190899603,1.5889791646427065e-05,7.909423715528111e-06,9.819272247195401e-06,0.007284885561751204,0.00014220811919094713,0.000176546394316452,0.00709453831907352,0.00013994175797390527,0.00017373278632160793,481661.0,5807.167984482626,7209.395459859307,0.008199585316273161,9.885867723294077e-05,0.00012272958190899603,830177.8,-413429.6,416748.2,rejected,32773412044.8,0.05131856829755711,10325949235.2,0.04062279481736802,mechanism,0.715302170411744,0.3516967290871366,other
conversation_trace,0.0025,1.0,"l1=0.0025,l2x1",B,learned,next_use,5,58742117,2662942,658542.8,5340.775758258345,6630.3858621966065,431458.6,5404.719308160231,6709.76953760978,1494396.8,525.3805287598694,652.2415071960999,0.0,0.0,0.0,5120.0,3258.348047707611,4045.124867156315,190054.4,14232.310732976568,17668.91480594385,0.0,0.0,0.0,0.0,0.0,0.0,52486595.2,5760.027144033264,7150.871759147064,813007.2,11223.07231554711,13933.050811270205,2584398.2,115.85206083622336,143.82627188326893,195174.4,13673.371961590163,16975.011917041713,1285175.8,13596.958784963645,16880.147637221206,0.011210743392172946,9.091902081530944e-05,0.00011287277682206453,0.007344961707798171,9.200756772453806e-05,0.00011422416964662322,0.025439954777251216,8.943847372063331e-06,1.1103472951036499e-05,0.0,0.0,0.0,8.7160631272448e-05,5.546868608272342e-05,6.886242910101989e-05,0.0032354026328332702,0.00024228460702185048,0.0003007878453877282,0.0,0.0,0.0,0.0,0.0,0.0,0.89350874433075,9.805617226956592e-05,0.0001217333001319011,0.013840277496297928,0.0001910566538748867,0.00023719013755105542,0.043995659877222336,1.9722146009159416e-06,2.4484352833782166e-06,0.0033225632641057184,0.00023276947886624784,0.000288975147372399,0.021878268364076834,0.0002314686545083769,0.00028736021953756306,3475949.2,11223.072315547111,13933.050811270208,813007.2,11223.07231554711,13933.050811270205,813007.2,11223.07231554711,13933.050811270205,0.013840277496297928,0.0001910566538748867,0.00023719013755105542,0.0,0.0,0.0,85.79686098098755,26.380702755576994,32.75071759283696,647483.6,5121.125589164944,6357.697877958731,-661872.2,4791.134020250321,5948.024914290039,14268.2,602.699510535723,748.2303123529813,0.0,0.0,0.0,5120.0,3258.348047707611,4045.124867156315,154828.8,15477.312014687823,19214.540248822752,0.0,0.0,0.0,0.0,0.0,0.0,-904096.6,6217.212582821984,7718.4514529882845,744268.2,12205.007177384208,15152.088516692576,-120.4,294.4737679318822,365.5788589633706,159948.8,15498.469188923144,19240.80613888881,145560.2,15329.886372703486,19031.516482878873,0.011022476428624459,8.717979280802794e-05,0.00010823065634421586,-0.01126742163548515,8.156216127264096e-05,0.00010125656374097086,0.00024289557014092674,1.0260091758963068e-05,1.2737544211302562e-05,0.0,0.0,0.0,8.7160631272448e-05,5.546868608272342e-05,6.886242910101989e-05,0.0026357374896788283,0.0002634789620314129,0.0003270998940814942,0.0,0.0,0.0,0.0,0.0,0.0,-0.01539094343501446,0.00010583909638159277,0.00013139552755628563,0.012670094950782928,0.0002077726816924929,0.0002579425000411976,-2.0496367197669897e-06,5.0129920910391316e-06,6.223453931076179e-06,0.002722898120951276,0.00026383913247326687,0.0003275470330578792,0.002477952914090584,0.0002609692526522923,0.00032398417787494636,744268.2,12205.007177384208,15152.088516692576,0.012670094950782928,0.0002077726816924929,0.0002579425000411976,652603.6,-507043.39999999997,145560.2,rejected,56659095961.6,0.08872020044200912,19481593446.4,0.0766415518091747,mechanism,0.8122441868448318,0.40719693613492725,other
conversation_trace,0.0025,1.0,"l1=0.0025,l2x1",C_lru,learned,binary,5,58742117,2662942,789866.4,6234.863134023071,7740.363993495664,304019.0,6451.1066880032295,8008.8227845026,1491905.4,474.15166350019274,588.6426670034716,0.0,0.0,0.0,132096.0,14975.452981462699,18591.499853695463,420454.4,24135.7907846418,29963.73808504752,0.0,0.0,0.0,0.0,0.0,0.0,52438049.8,5917.8562165703215,7346.8110193893945,502784.0,21800.62090858882,27064.706552396503,2585790.8,133.73929863731155,166.03265050657956,552550.4,19504.44494980567,24214.084600952443,1646435.8,19330.05585092811,23997.586648584558,0.013446338680643734,0.00010613957161303988,0.0001317685570217985,0.005175485929456714,0.00010982080690083454,0.00013633868157156477,0.02539754227788556,8.071749669834649e-06,1.0020794228498848e-05,0.0,0.0,0.0,0.002248744286829159,0.0002549355342685843,0.0003164935280370547,0.007157631040093431,0.000410877101767405,0.0005100895169482492,0.0,0.0,0.0,0.0,0.0,0.0,0.892682328762513,0.0001007429850811883,0.00012506888404084976,0.008559173990954395,0.0003711241954148298,0.00046073767740438217,0.04401936688798601,2.2767190810871714e-06,2.8264669199210792e-06,0.00940637532692259,0.00033203510438354955,0.0004122099413092732,0.02802819993702304,0.0003290663809567526,0.0004085243752550591,3165726.0,21800.62090858882,27064.706552396503,502784.0,21800.62090858882,27064.706552396503,502784.0,21800.62090858882,27064.706552396503,0.008559173990954395,0.0003711241954148298,0.00046073767740438217,0.0,0.0,0.0,85.19517335891723,16.303104863511056,20.239733119254392,778807.2,6727.787504075913,8352.312317533955,-789311.8,6984.503754741635,8671.016542548114,11776.8,532.2416744299529,660.7593790013426,0.0,0.0,0.0,132096.0,14975.452981462699,18591.499853695463,385228.8,21999.919708944395,27312.129025842813,0.0,0.0,0.0,0.0,0.0,0.0,-952642.0,6697.660337759747,8314.91049677751,434045.0,18905.60467163111,23470.645390275437,1272.2,249.5139274669853,309.7627932683975,517324.8,15069.68304908899,18708.483179051724,506820.2,14798.801681217301,18372.193457639678,0.01325807171709525,0.00011453089959416892,0.0001421860965197078,-0.013436897413826606,0.00011890112429454264,0.00014761157726998547,0.0002004830707752675,9.060648502502563e-06,1.1248477459558574e-05,0.0,0.0,0.0,0.002248744286829159,0.0002549355342685843,0.0003164935280370547,0.006557965896938989,0.0003745169706591336,0.00046494968892324406,0.0,0.0,0.0,0.0,0.0,0.0,-0.016217359003251476,0.00011401802794678721,0.00014154938435019515,0.007388991445439394,0.00032184071050131007,0.00039955395870862814,2.1657374043909662e-05,4.2476155135339285e-06,5.273265743358329e-06,0.008806710183768147,0.00025653966555357527,0.0003184850007883053,0.008627884487036788,0.0002519283001192714,0.00031276015227098036,434045.0,18905.60467163111,23470.645390275437,0.007388991445439394,0.00032184071050131007,0.00039955395870862814,910903.2,-404083.00000000006,506820.2,rejected,23449284608.0,0.03671829201181505,7023387443.2,0.02763035344541537,mechanism,0.6833546074939736,0.3726489847283598,other
conversation_trace,0.0025,1.0,"l1=0.0025,l2x1",C_lru,learned,next_use,5,58742117,2662942,684106.0,4856.168654402357,6028.7631325475695,404155.8,5423.532769330337,6733.125790073361,1495682.6,785.5573180869745,975.2418696357124,0.0,0.0,0.0,9318.4,3609.5092187165833,4481.079149642344,246988.8,16952.535715933474,21045.978754210635,0.0,0.0,0.0,0.0,0.0,0.0,52327344.0,6322.359172017989,7848.987257152198,911579.4,20888.656354586332,25932.53453106933,2583944.4,233.6017979382864,290.0084423201504,256307.2,15443.400247354855,19172.439978587863,1344569.0,15359.204129771828,19067.913450431137,0.011645920081497913,8.266928232093452e-05,0.00010263101570798995,0.006880170832113524,9.232783982453915e-05,0.00011462177623038956,0.025461843671721947,1.3372982762725242e-05,1.6602089257963428e-05,0.0,0.0,0.0,0.00015863234891585538,6.144669962637853e-05,7.62839233329358e-05,0.0042046288525828925,0.0002885925223963832,0.0003582774988210013,0.0,0.0,0.0,0.0,0.0,0.0,0.8907977218458095,0.00010762906573519844,0.00013361771175444463,0.015518327335734255,0.0003555993113865183,0.00044146407816846777,0.04398793458533338,3.976734409117371e-06,4.936976349016589e-06,0.004363261201498747,0.00026290166299854073,0.0003263831975716479,0.022889352115110187,0.0002614683452721294,0.00032460378386483976,3574521.4,20888.656354586332,25932.53453106933,911579.4,20888.656354586332,25932.53453106933,911579.4,20888.656354586332,25932.53453106933,0.015518327335734255,0.0003555993113865183,0.00044146407816846777,0.0,0.0,0.0,89.98299670219421,18.227903819746345,22.629303542101553,673046.8,5968.339903189161,7409.48474642456,-689175.0,6419.789443587694,7969.943523508607,15554.0,762.967233896712,947.1970720968259,0.0,0.0,0.0,9318.4,3609.5092187165833,4481.079149642344,211763.2,19545.394628914506,24264.92219191568,0.0,0.0,0.0,0.0,0.0,0.0,-1063347.8,7233.558163172534,8980.208859043436,842840.4,23140.035270068194,28727.542523789547,-574.2,478.87962996978683,594.5122716182062,221081.6,18005.373775625987,22353.040293982936,204953.4,17940.247832736313,22272.188719128815,0.011457653117949426,0.00010160239718955271,0.0001261358140433478,-0.011732212511169796,0.00010928767588658147,0.00013567681810835227,0.0002647844646116525,1.2988419091138712e-05,1.6124666942065025e-05,0.0,0.0,0.0,0.00015863234891585538,6.144669962637853e-05,7.62839233329358e-05,0.00360496370942845,0.0003327322137354105,0.000413075378129727,0.0,0.0,0.0,0.0,0.0,0.0,-0.018101965919954853,0.0001231409171578532,0.00015287513146734495,0.014348144790219255,0.00039392579722770523,0.000489045066656169,-9.774928608720368e-06,8.15223649447142e-06,1.0120715799506497e-05,0.003763596058344305,0.0003065155751132698,0.00038052834040664443,0.0034890366651239347,0.0003054068996651293,0.0003791519587067109,842840.4,23140.035270068194,28727.542523789547,0.014348144790219255,0.00039392579722770523,0.000489045066656169,682365.2000000001,-477411.8,204953.4,rejected,47682378956.8,0.0746639201844348,16502530048.0,0.06492176911175469,mechanism,0.8141604404102729,0.4541214016842957,other
conversation_trace,0.0025,1.0,"l1=0.0025,l2x1",C_union,learned,binary,5,58742117,2662942,878133.6,7949.979389910392,9869.62069510399,228521.0,8138.822488542185,10104.062781425539,1480834.0,322.8265788314215,400.77787967701005,0.0,0.0,0.0,38029.4,8954.248254320404,11116.385281715246,162957.4,12651.392405581291,15706.260127727695,0.0,0.0,0.0,0.0,0.0,0.0,53024562.0,2853.2180077940066,3542.1701260139375,266137.6,7801.912380948659,9685.800694543292,2587488.6,151.70299931115403,188.33395510571106,200986.8,8707.93676481404,10810.598202901032,1307641.4,8662.302482596644,10753.944841415512,0.014948960726083468,0.00013533695746631688,0.00016801608793064117,0.0038902411365256038,0.00013855173943666654,0.000172007127040136,0.025209067626895364,5.4956578911070374e-06,6.822666600132272e-06,0.0,0.0,0.0,0.0006473958029125849,0.00015243318953452777,0.0001892404606683693,0.0027741152059603167,0.0002153717477628749,0.00026737647415273937,0.0,0.0,0.0,0.0,0.0,0.0,0.9026668548564567,4.8571930218204785e-05,6.030034848783981e-05,0.004530609613541847,0.00013281632973746366,0.0001648868169756855,0.04404826948950444,2.582525231618636e-06,3.206114534581052e-06,0.003421511008872901,0.0001482400909183106,0.0001840348757417277,0.02226071287148197,0.00014746323294062937,0.0001830704337982165,2929079.6,7801.912380948662,9685.800694543295,266137.6,7801.912380948659,9685.800694543292,266137.6,7801.912380948659,9685.800694543292,0.004530609613541847,0.00013281632973746366,0.0001648868169756855,0.0,0.0,0.0,82.4020890235901,18.878017210134267,23.43639652401294,867074.4,6898.5700184893385,8564.332821732474,-864809.8,7309.529307691433,9074.52437149949,705.4,361.3119151093692,448.55607541282944,0.0,0.0,0.0,38029.4,8954.248254320404,11116.385281715246,127731.8,14894.718802313793,18491.271200732972,0.0,0.0,0.0,0.0,0.0,0.0,-366129.8,2766.127744700161,3434.050617671067,197398.6,6994.325471408949,8683.209859452078,2970.0,357.4653829393834,443.7807405789485,165761.2,7932.979433983173,9848.515845819968,168025.8,8162.239073930633,10133.133651225755,0.014760693762534981,0.00011743822611107733,0.00014579544046280286,-0.014722142206757716,0.00012443421655524323,0.0001544807173275606,1.2008419785075608e-05,6.150815352965303e-06,7.636021619934534e-06,0.0,0.0,0.0,0.0006473958029125849,0.00015243318953452777,0.0001892404606683693,0.0021744500628058743,0.0002535611510615763,0.00031478727946990687,0.0,0.0,0.0,0.0,0.0,0.0,-0.006232832909307651,4.708934382970366e-05,5.8459769464351906e-05,0.003360427068026847,0.00011906832488534528,0.00014781915094159946,5.055997556233788e-05,6.085333678720964e-06,7.554728417075139e-06,0.002821845865718459,0.00013504755768307052,0.0001676568082457766,0.002860397421495722,0.00013895037310164806,0.0001725020167595559,197398.6,6994.325471408949,8683.209859452078,0.003360427068026847,0.00011906832488534528,0.00014781915094159946,905103.8,-737078.0,168025.8,rejected,53271066214.4,0.08341502087333419,8525804339.2,0.03354093579539463,mechanism,0.5959723989225022,0.23025046288693202,other
conversation_trace,0.0025,1.0,"l1=0.0025,l2x1",C_union,learned,next_use,5,58742117,2662942,772257.8,5134.68097353672,6374.526412419532,323436.6,4882.583158534015,6061.555813363772,1489560.6,413.9900964999042,513.9541907705004,0.0,0.0,0.0,15769.6,4005.3979577565074,4972.561139739818,124211.2,6441.847188501137,7997.327440498547,0.0,0.0,0.0,0.0,0.0,0.0,52738283.0,5398.623065189864,6702.201265689594,615656.2,3764.89989242742,4673.991223229483,2585255.0,189.8578415552015,235.70185408519802,139980.8,6276.961303051023,7792.6273944286995,1235675.2,6551.192807420646,8133.076192850859,0.013146577608021856,8.741055371798599e-05,0.00010851713792370692,0.005506042623557473,8.31189512378999e-05,0.00010318926390350841,0.025357625432532505,7.047585576460227e-06,8.749330412632962e-06,0.0,0.0,0.0,0.0002684547443191399,6.818613564363893e-05,8.465069687120434e-05,0.0021145169146695886,0.0001096631772481256,0.0001361429898840476,0.0,0.0,0.0,0.0,0.0,0.0,0.8977933668955103,9.190378796170519e-05,0.00011409533070946971,0.010480660749764942,6.40920022073335e-05,7.95679737458136e-05,0.04401024566411184,3.232056508197237e-06,4.012484842606433e-06,0.0023829716589887284,0.00010685623235286226,0.00013265826620495642,0.02103559189056806,0.00011152462903951196,0.00013845391702261623,3278598.2,3764.89989242742,4673.991223229483,615656.2,3764.89989242742,4673.991223229483,615656.2,3764.89989242742,4673.991223229483,0.010480660749764942,6.40920022073335e-05,7.95679737458136e-05,0.0,0.0,0.0,99.3021550655365,4.313508285335635,5.35506930942257,761198.6,5738.552979628227,7124.212336898624,-769894.2,5342.249030137026,6632.214877582708,9432.0,377.5864139505022,468.76029515819704,0.0,0.0,0.0,15769.6,4005.3979577565074,4972.561139739818,88985.6,5374.780814135586,6672.601946888615,0.0,0.0,0.0,0.0,0.0,0.0,-652408.8,5999.132162238135,7447.712256491373,546917.2,6320.95302940941,7847.241580401448,736.4,321.06432377329,398.5901018050498,104755.2,6542.791086378962,8122.64575073264,96059.6,6480.97838292954,8045.907446485085,0.012958310644473368,9.769060552632473e-05,0.00012127946183653217,-0.013106340719725848,9.094410114870519e-05,0.00011290391317668665,0.00016056622542221302,6.427865273404357e-06,7.979969383096346e-06,0.0,0.0,0.0,0.0002684547443191399,6.818613564363893e-05,8.465069687120434e-05,0.0015148517715151463,9.149790795138668e-05,0.00011359144490636277,0.0,0.0,0.0,0.0,0.0,0.0,-0.011106320870253983,0.0001021265910835314,0.00012678658238506516,0.009310478204249942,0.00010760512818101926,0.0001335879941201553,1.2536150169732696e-05,5.465658034987596e-06,6.785422830521703e-06,0.0017833065158342862,0.00011138160183057348,0.00013827635375709458,0.0016352764405818058,0.00011032932951547405,0.00013696999456940022,546917.2,6320.95302940941,7847.241580401448,0.009310478204249942,0.00010760512818101926,0.0001335879941201553,776968.2,-680908.6,96059.6,rejected,43788716851.2,0.06856699123420217,13083168358.4,0.05146983116793046,mechanism,0.6944337086224583,0.34937617027326306,other
conversation_trace,0.0025,1.0,"l1=0.0025,l2x1",lfu_s,sampled,,5,58742117,2662942,918282.8,3145.2001844079814,3904.6557617085577,192187.8,3334.214105302777,4139.309917880785,1476867.8,302.1724673096475,375.13652433299524,0.0,0.0,0.0,47489.2,20189.285145839116,25064.289694589417,279961.6,14278.283818442607,17725.98877978449,0.0,0.0,0.0,0.0,0.0,0.0,52525946.2,4892.146788476405,6073.42872464698,638439.6,30246.84942766767,37550.40314341845,2587338.4,387.31163163530215,480.8338119585184,327450.8,30962.037185882975,38438.28367155229,1437921.4,31289.927265815113,38845.347710325106,0.01563244307317014,5.3542506552971976e-05,6.647114474455381e-05,0.0032717206974341765,5.676019652650218e-05,7.04657940380459e-05,0.02514154878006865,5.144051367942729e-06,6.386159428558945e-06,0.0,0.0,0.0,0.0008084352833249098,0.00034369352309585846,0.0004266834594093608,0.004765943317977457,0.00024306723263723388,0.00030175944765123967,0.0,0.0,0.0,0.0,0.0,0.0,0.8941786384716097,8.328175827362166e-05,0.00010339138313052267,0.01086851534479086,0.0005149090801012107,0.0006392415708037639,0.04404571255067297,6.593423107910109e-06,8.185503630360979e-06,0.005574378601302368,0.0005270841223833143,0.0006543564589535015,0.024478542371906685,0.0005326659790932475,0.0006612861383651714,3301381.6,30246.84942766767,37550.40314341845,638439.6,30246.84942766767,37550.40314341845,638439.6,30246.84942766767,37550.40314341845,0.01086851534479086,0.0005149090801012107,0.0006392415708037639,0.0,0.0,0.0,13.731231021881104,2.9390761423568232,3.6487599899825978,907223.6,3538.7621847193973,4393.24918724747,-901143.0,3269.9756115298474,4059.5600799921162,-3260.8,312.62229606987404,388.10962037939737,0.0,0.0,0.0,47489.2,20189.285145839116,25064.289694589417,244736.0,15991.29363122321,19852.63040612539,0.0,0.0,0.0,0.0,0.0,0.0,-864745.6,5889.82769697043,7312.014594954974,569700.6,31955.896925293775,39672.12569440941,2819.8,450.8621740620963,559.7295823697725,292225.2,33986.921759700446,42193.57182084474,298305.8,34273.84032611461,42549.77116200086,0.015444176109621652,6.024233319203257e-05,7.478874462844818e-05,-0.015340662645849143,5.56666286223539e-05,6.910816782432498e-05,-5.551042704164052e-05,5.321944663144063e-06,6.607007717809557e-06,0.0,0.0,0.0,0.0008084352833249098,0.00034369352309585846,0.0004266834594093608,0.004166278174823014,0.0002722287593282212,0.00033796246066728223,0.0,0.0,0.0,0.0,0.0,0.0,-0.014721049294154676,0.00010026583987378601,0.00012447652499404218,0.009698332799275858,0.0005440031540792752,0.0006753608436415301,4.800303673086759e-05,7.675279630494487e-06,9.528590574458373e-06,0.004974713458147925,0.0005785784288247635,0.0007182848350672265,0.005078226921920434,0.0005834628044834437,0.0007243486162066788,569700.6,31955.896925293775,39672.12569440941,0.009698332799275858,0.0005440031540792752,0.0006753608436415301,954712.7999999999,-656407.0,298305.8,rejected,49716407910.4,0.0778489243467064,7495208550.4,0.02948652100848569,mechanism,0.9032561474552742,0.32496734388440407,other
conversation_trace,0.0025,1.0,"l1=0.0025,l2x1",lru_2hit_s,sampled,,5,58742117,2662942,498209.6,428.3699335854467,531.8062543710444,603861.2,930.0941887787495,1154.6793272969946,1483003.0,575.8202844638247,714.8606955406066,0.0,0.0,0.0,0.0,0.0,0.0,85913.6,8684.401464695193,10781.379952925032,0.0,0.0,0.0,0.0,0.0,0.0,53173439.4,3207.8300765470726,3982.4085770646075,234748.2,8236.678165377109,10225.54717350448,2585073.8,86.74214661858443,107.68733394341227,85913.6,8684.401464695193,10781.379952925032,1187984.4,9183.230629794725,11400.658872998216,0.008481301414451917,7.292381607313795e-06,9.05323610266003e-06,0.0102798678501832,1.5833514968123424e-05,1.965675372743213e-05,0.02524599173026059,9.802511619794317e-06,1.2169474510777293e-05,0.0,0.0,0.0,0.0,0.0,0.0,0.001462555392751678,0.0001478394363058994,0.00018353747708692604,0.0,0.0,0.0,0.0,0.0,0.0,0.9052012783264178,5.460869032940658e-05,6.779477452377535e-05,0.003996250254310718,0.0001402175915004409,0.00017407522397438406,0.044007160994895704,1.4766602064820709e-06,1.8332218762766188e-06,0.001462555392751678,0.0001478394363058994,0.00018353747708692604,0.020223724657386793,0.00015633128492449034,0.0001940798094321021,2897690.2,8236.678165377109,10225.54717350448,234748.2,8236.678165377109,10225.54717350448,234748.2,8236.678165377109,10225.54717350448,0.003996250254310718,0.0001402175915004409,0.00017407522397438406,0.0,0.0,0.0,7.174584770202637,1.5272383510233942,1.8960128695109588,487150.4,1109.9895495003545,1378.0131107008233,-489469.6,1222.3832459584842,1517.5459444551125,2874.4,581.2626772811067,721.6172354189995,0.0,0.0,0.0,0.0,0.0,0.0,50688.0,9007.417387908701,11182.392897014199,0.0,0.0,0.0,0.0,0.0,0.0,-217252.4,2383.1379104030048,2958.5821655904297,166009.2,10338.01156896238,12834.278923634494,555.2,379.03126520117047,470.5540273310175,50688.0,9007.417387908701,11182.392897014199,48368.8,9738.772982260138,12090.345226884625,0.008293034450903429,1.8895974578178194e-05,2.3458689966874048e-05,-0.008332515493100118,2.0809315502851882e-05,2.583403564524337e-05,4.8932523150298227e-05,9.895160524791658e-06,1.2284494878163527e-05,0.0,0.0,0.0,0.0,0.0,0.0,0.0008628902495972354,0.00015333831751260688,0.00019036414532037037,0.0,0.0,0.0,0.0,0.0,0.0,-0.0036984094393465615,4.0569493101588584e-05,5.036560336414034e-05,0.002826067708795718,0.0001759897684477797,0.00021848512752161282,9.451480953608094e-06,6.4524617865077e-06,8.010505091787647e-06,0.0008628902495972354,0.00015333831751260688,0.00019036414532037037,0.0008234092074005432,0.00016578859393610382,0.00020582072700724388,166009.2,10338.01156896238,12834.278923634494,0.002826067708795718,0.0001759897684477797,0.00021848512752161282,487150.4,-438781.6,48368.8,rejected,229767426867.2,0.359783576153745,100330665984.0,0.3947058004376268,mechanism,0.5034653575823059,0.5017109516727389,other
conversation_trace,0.0025,1.0,"l1=0.0025,l2x1",lru_s,sampled,,5,58742117,2662942,11059.2,1121.7357977705801,1392.5956661178575,1093330.8,1061.7057972903792,1318.0705251069987,1480128.6,95.97291284523983,119.14700659336768,0.0,0.0,0.0,0.0,0.0,0.0,35225.6,4929.578967822708,6119.8994629746785,0.0,0.0,0.0,0.0,0.0,0.0,53390691.8,1245.945905727853,1546.798160478037,68739.0,4454.649705644653,5530.291434474389,2584518.6,316.7756303758229,393.26583930893355,35225.6,4929.578967822708,6119.8994629746785,1139615.6,5034.811297357627,6250.541710763391,0.0001882669635484877,1.9095937549724e-05,2.3706936985567917e-05,0.018612383343283318,1.8074013187001008e-05,2.243825371678331e-05,0.025197059207110288,1.6338007165322058e-06,2.0283063103316718e-06,0.0,0.0,0.0,0.0,0.0,0.0,0.0005996651431544423,8.391898725445509e-05,0.00010418248056968528,0.0,0.0,0.0,0.0,0.0,0.0,0.9088996877657645,2.1210435873949864e-05,2.63320125231257e-05,0.0011701825455150009,7.58340000862525e-05,9.414525245105466e-05,0.0439977095139421,5.392649202204489e-06,6.694784924230269e-06,0.0005996651431544423,8.391898725445509e-05,0.00010418248056968528,0.01940031544998625,8.571041621393432e-05,0.00010640647681736411,2731681.0,4454.649705644653,5530.291434474389,68739.0,4454.649705644653,5530.291434474389,68739.0,4454.649705644653,5530.291434474389,0.0011701825455150009,7.58340000862525e-05,9.414525245105466e-05,0.0,0.0,0.0,16.157070446014405,0.1573988736128277,0.19540518336019627,0.0,0.0,0.0,0.0,0.0,0.0,0.0,0.0,0.0,0.0,0.0,0.0,0.0,0.0,0.0,0.0,0.0,0.0,0.0,0.0,0.0,0.0,0.0,0.0,0.0,0.0,0.0,0.0,0.0,0.0,0.0,0.0,0.0,0.0,0.0,0.0,0.0,0.0,0.0,0.0,0.0,0.0,0.0,0.0,0.0,0.0,0.0,0.0,0.0,0.0,0.0,0.0,0.0,0.0,0.0,0.0,0.0,0.0,0.0,0.0,0.0,0.0,0.0,0.0,0.0,0.0,0.0,0.0,0.0,0.0,0.0,0.0,0.0,0.0,0.0,0.0,0.0,0.0,0.0,0.0,0.0,0.0,0.0,0.0,0.0,0.0,0.0,not_worse,638626780364.8,1.0,254191009792.0,1.0,mechanism,0.5055010981880055,0.4970020547400603,other
conversation_trace,0.01,4.0,"l1=0.01,l2x4",A_none,learned,binary,5,58742117,3218284,6081.0,640.3526372242095,794.9753490598308,743247.4,4388.290247921165,5447.908494199747,1784752.8,3184.2601495480862,3953.147339030894,0.0,0.0,0.0,204.8,280.4339494426451,348.14891652946443,994816.0,61713.52448207767,76615.17703670246,0.0,0.0,0.0,0.0,0.0,0.0,42778516.6,14572.345428928042,18091.05595972788,9216214.4,72688.23172494982,90239.89131765098,2534081.2,1142.6614546750056,1418.574135534354,995020.8,61632.33893987799,76514.38803233672,1744349.2,63857.46754843947,79276.80718932196,0.00010352027319682742,1.0901082050281052e-05,1.3533311185564368e-05,0.012652717299922983,7.470432582334664e-05,9.274280145878515e-05,0.03038284779556038,5.42074462442012e-05,6.729664405916599e-05,0.0,0.0,0.0,3.4864252508979202e-06,4.773984387430999e-06,5.926734246391978e-06,0.01693531065623665,0.0010505839359190557,0.0013042631241346385,0.0,0.0,0.0,0.0,0.0,0.0,0.7282426780771282,0.0002480732083409141,0.00030797419098339655,0.15689278614184093,0.0012374125318798078,0.0015362042760163222,0.04313908536868019,1.9452166742220132e-05,2.414918303905104e-05,0.016938797081487548,0.0010492018689057117,0.0013025473363913105,0.02969503465460736,0.0010870814810511416,0.0013495735468526259,12434498.4,72688.23172494982,90239.89131765098,9216214.4,72688.23172494982,90239.89131765098,9216214.4,72688.23172494982,90239.89131765098,0.15689278614184093,0.0012374125318798078,0.0015362042760163222,0.0,0.0,0.0,106.28114948272705,3.8663222056347624,4.7999034693224605,6081.0,640.3526372242095,794.9753490598308,136561.6,7973.2540596672325,9898.51538162297,-129117.0,6410.446084322058,7958.3440705481435,0.0,0.0,0.0,204.8,280.4339494426451,348.14891652946443,-344371.2,165170.83496549868,205053.80090318268,0.0,0.0,0.0,0.0,0.0,0.0,-1128582.6,17775.78783908044,22068.01740279022,1459223.4,163657.45082274746,203174.98754752844,13525.6,1457.7397915951942,1809.7328445233454,-344166.4,165143.77255228246,205020.20386595296,-201523.8,168707.62846030408,209444.60603092203,0.00010352027319682742,1.0901082050281052e-05,1.3533311185564368e-05,0.002324764699917096,0.000135733175221915,0.00016850797838326067,-0.002198031099219664,0.00010912861864209147,0.0001354793541156887,0.0,0.0,0.0,3.4864252508979202e-06,4.773984387430999e-06,5.926734246391978e-06,-0.0058624240593848536,0.0028117957506621476,0.003490745846003179,0.0,0.0,0.0,0.0,0.0,0.0,-0.019212494503730592,0.0003026072049647069,0.000375676235890331,0.02484117826397029,0.002786032563701227,0.0034587617526199883,0.00023025387389426222,2.4815921966093208e-05,3.080809710217372e-05,-0.005858937634133955,0.0028113350520254914,0.0034901739047973543,-0.0034306526610200306,0.002872004569741741,0.003565492984036001,1459223.4,163657.45082274746,203174.98754752844,0.02484117826397029,0.002786032563701227,0.0034587617526199883,6285.8,-207809.6,-201523.8,not_worse,458464399769.6,0.7896677150679795,185185592934.4,0.7840743476991102,mechanism,0.6854827486162294,0.6665906662771725,other
conversation_trace,0.01,4.0,"l1=0.01,l2x4",A_none,learned,next_use,5,58742117,3218284,5781.4,361.40600437734844,448.67288394036024,778629.4,3466.4726740593237,4303.504294153144,1750665.2,2914.2796193913855,3617.9759760596303,0.0,0.0,0.0,6348.8,7878.813311660583,9781.270503960712,945790.2,57539.7108108826,71433.533693197,0.0,0.0,0.0,0.0,0.0,0.0,42764367.2,17853.657810095945,22164.69024177106,9272250.8,46263.10754478129,57434.02608354957,2535076.0,1106.5635996182054,1373.7599140321427,952139.0,51229.33125661509,63599.41871148989,1736549.8,51414.069297226415,63828.76451219781,9.842001438252558e-05,6.15241708734039e-06,7.638010117006171e-06,0.013255044927985826,5.9011708312441524e-05,7.32609669847808e-05,0.029802555464591103,4.96114162755042e-05,6.15908339847475e-05,0.0,0.0,0.0,0.00010807918277783554,0.00013412545740666077,0.000166512053080428,0.01610071696939353,0.0009795307651387945,0.0012160531036563933,0.0,0.0,0.0,0.0,0.0,0.0,0.7280018049060099,0.0003039328291504516,0.0003773219518420177,0.15784672520399629,0.0007875628238727101,0.0009777316347578922,0.043156020406959456,1.8837652712076946e-05,2.3386285414809357e-05,0.016208796152171363,0.0008721056351546724,0.0010826885709871482,0.029562261094539716,0.0008752505344202427,0.0010865928531686698,12490534.8,46263.10754478129,57434.02608354957,9272250.8,46263.10754478129,57434.02608354957,9272250.8,46263.10754478129,57434.02608354957,0.15784672520399629,0.0007875628238727101,0.0009777316347578922,0.0,0.0,0.0,103.97220845222473,14.746489922579789,18.30725024328351,5781.4,361.40600437734844,448.67288394036024,171943.6,4511.5443364772555,5600.9241239903395,-163204.6,3510.4441741751143,4358.0933699548195,0.0,0.0,0.0,6348.8,7878.813311660583,9781.270503960712,-393397.0,153933.69407962638,191103.28445508226,0.0,0.0,0.0,0.0,0.0,0.0,-1142732.0,23723.3940763121,29451.762029827903,1515259.8,141082.5334625091,175149.0190963848,14520.4,1175.5302207940042,1459.3795563285653,-387048.2,150520.82811425134,186866.33101036883,-209323.2,152001.29990792842,188704.28483851804,9.842001438252558e-05,6.15241708734039e-06,7.638010117006171e-06,0.0029270923279799393,7.680254929316343e-05,9.534767233517242e-05,-0.002778323430188942,5.9760259817928637e-05,7.419026743545657e-05,0.0,0.0,0.0,0.00010807918277783554,0.00013412545740666077,0.000166512053080428,-0.006697017746227975,0.002620499599625026,0.0032532583811217142,0.0,0.0,0.0,0.0,0.0,0.0,-0.01945336767484902,0.0004038566413313606,0.0005013738614464651,0.025795117326125643,0.0024017270855680806,0.002981659974841985,0.00024718891217352656,2.0011710180515146e-05,2.484383660072126e-05,-0.006588938563450139,0.002562400468376913,0.0031811303465683564,-0.003563426221087673,0.002587603369962448,0.003212418865300991,1515259.8,141082.5334625091,175149.0190963848,0.025795117326125643,0.0024017270855680806,0.002981659974841985,12130.2,-221453.4,-209323.2,not_worse,460513550745.6,0.7931972112946449,183534140620.8,0.7770821115590083,mechanism,0.6938407607683436,0.677139578389916,other
conversation_trace,0.01,4.0,"l1=0.01,l2x4",B,learned,binary,5,58742117,3218284,8748.8,1780.2383829139287,2210.1035392022336,808881.6,2187.8814638823555,2716.1781327097374,1721047.6,2492.1336842151945,3093.8965975071883,0.0,0.0,0.0,15667.2,19196.92775420067,23832.31278382102,1111654.4,34268.4472481611,42543.07584479692,0.0,0.0,0.0,0.0,0.0,0.0,43368563.8,17913.516480579685,22239.00268259795,8489269.6,17029.359230458438,21141.352454146072,2538678.0,1510.497269113718,1875.22940324388,1127321.6,24968.5974936519,30997.638417003,1944952.0,24327.05669619734,30201.18800867277,0.00014893572868679552,3.030599634183985e-05,3.762383196373793e-05,0.013770045093880426,3.724553311352987e-05,4.623902357332007e-05,0.029298358450377267,4.242498928350243e-05,5.266913682234591e-05,0.0,0.0,0.0,0.0002667115316936909,0.0003268000667085368,0.00040571082557036586,0.01892431626187391,0.0005833709950930278,0.0007242346380672128,0.0,0.0,0.0,0.0,0.0,0.0,0.7382873824584838,0.00030495183686652587,0.0003785870141962423,0.14451759714414106,0.00028990033216641417,0.0003599010988001331,0.04321733927294449,2.5714042092041547e-05,3.192308175144199e-05,0.019191027793567607,0.0004250544374090553,0.0005276901821056773,0.03311000861613482,0.00041413312864085737,0.0005141317601589454,11707553.6,17029.359230458438,21141.352454146072,8489269.6,17029.359230458438,21141.352454146072,8489269.6,17029.359230458438,21141.352454146072,0.14451759714414106,0.00028990033216641417,0.0003599010988001331,0.0,0.0,0.0,99.3635039806366,16.0227717376844,19.89170937170942,8748.8,1780.2383829139287,2210.1035392022336,202195.8,6185.477645259095,7679.053640595709,-192822.2,6896.981745662373,8562.361036700882,0.0,0.0,0.0,15667.2,19196.92775420067,23832.31278382102,-227532.8,92646.9623635875,115017.95567453542,0.0,0.0,0.0,0.0,0.0,0.0,-538535.4,11695.94512213528,14520.105822252708,732278.6,106724.27930091634,132494.45111709335,18122.4,1629.4582842159539,2022.9153328519114,-211865.6,97923.53039387417,121568.629893507,-921.0,103465.42793851481,128448.7014023902,0.00014893572868679552,3.030599634183985e-05,3.762383196373793e-05,0.0034420924938745392,0.0001052988547426558,0.00013072483650181872,-0.0032825204444027803,0.00011741118805204952,0.00014576187366044426,0.0,0.0,0.0,0.0002667115316936909,0.0003268000667085368,0.00040571082557036586,-0.0038734184537475903,0.001577181196305669,0.001958015160988078,0.0,0.0,0.0,0.0,0.0,0.0,-0.009167790122375053,0.0001991066328463415,0.0002471839042207722,0.0124659892662704,0.0018168272570244022,0.0022555273436449964,0.00030850777815855655,2.7739182164916533e-05,3.4437222152748944e-05,-0.003606706922053899,0.0016670071729603174,0.002069530961805599,-1.5678699492563398e-05,0.0017613500027333852,0.0021866542774137718,732278.6,106724.27930091634,132494.45111709335,0.0124659892662704,0.0018168272570244022,0.0022555273436449964,24416.0,-25337.0,-921.0,not_worse,380577856716.8,0.655514466706804,142777108480.0,0.6045171572146945,mechanism,0.6917734493162397,0.6554147342268114,other
conversation_trace,0.01,4.0,"l1=0.01,l2x4",B,learned,next_use,5,58742117,3218284,0.0,0.0,0.0,706520.8,1733.6822661606711,2152.305752458939,1820647.2,1865.5817323290878,2316.054315457873,0.0,0.0,0.0,0.0,0.0,0.0,1652420.0,44031.40520696563,54663.44587216292,0.0,0.0,0.0,0.0,0.0,0.0,42767326.0,22106.792440333807,27444.807775023204,8576919.0,56965.136649533284,70720.22001581536,2527168.0,552.5341618397907,685.9517906885294,1652420.0,44031.40520696563,54663.44587216292,2358940.8,44435.221707559875,55164.76990029155,0.0,0.0,0.0,0.012027499792014645,2.9513445457892764e-05,3.663990782727356e-05,0.03099389829617479,3.175884403909237e-05,3.9427491444646256e-05,0.0,0.0,0.0,0.0,0.0,0.0,0.02813007232953487,0.0007495713034476716,0.0009305664940908227,0.0,0.0,0.0,0.0,0.0,0.0,0.7280521742176912,0.00037633632509932876,0.0004672083536761953,0.1460097020337214,0.0009697494669715946,0.0012039099649032918,0.04302139808818943,9.406098895614572e-06,1.1677342011499068e-05,0.02813007232953487,0.0007495713034476716,0.0009305664940908227,0.04015757212154952,0.0007564456981957229,0.0009391008141618647,11795203.0,56965.136649533284,70720.22001581536,8576919.0,56965.136649533284,70720.22001581536,8576919.0,56965.136649533284,70720.22001581536,0.1460097020337214,0.0009697494669715946,0.0012039099649032918,0.0,0.0,0.0,106.47967615127564,14.389055300396008,17.8635076911042,0.0,0.0,0.0,99835.0,4889.444293577748,6070.073671976774,-93222.6,4645.972266383002,5767.811686074031,0.0,0.0,0.0,0.0,0.0,0.0,313232.8,145667.86426559565,180841.5465317988,0.0,0.0,0.0,0.0,0.0,0.0,-1139773.2,19988.825383198484,24815.425927168264,819928.0,153485.84275430746,190547.29273587014,6612.4,611.889941084179,759.6399096725763,313232.8,145667.86426559565,180841.5465317988,413067.8,149222.2131979686,185254.14611980406,0.0,0.0,0.0,0.0016995471920087583,8.323575218744266e-05,0.00010333426818745386,-0.0015869805986052574,7.909099133051457e-05,9.818869289430136e-05,0.0,0.0,0.0,0.0,0.0,0.0,0.005332337613913369,0.0024797857432614437,0.0030785670617182364,0.0,0.0,0.0,0.0,0.0,0.0,-0.01940299836316759,0.0003402809841395492,0.0004224469119349379,0.013958094155850736,0.002612875575361155,0.003243793422287963,0.00011256659340350139,1.0416545612138667e-05,1.2931776184921307e-05,0.005332337613913369,0.0024797857432614437,0.0030785670617182364,0.0070318848059221315,0.0025402934183997596,0.0031536852190704005,819928.0,153485.84275430746,190547.29273587014,0.013958094155850736,0.002612875575361155,0.003243793422287963,0.0,413067.8,413067.8,evicted,450057450291.2,0.7751874269831548,191402998579.2,0.8103987944235064,mechanism,0.6293616927054616,0.6332301282189554,other
conversation_trace,0.01,4.0,"l1=0.01,l2x4",C_lru,learned,binary,5,58742117,3218284,396044.8,8767.996903512227,10885.160759452909,541477.0,11966.619050508794,14856.138014800374,1620823.0,3359.3937697150063,4170.5695884774295,0.0,0.0,0.0,142643.2,33986.54303102921,42193.10164247721,1326120.8,60617.757424701886,75254.82065134948,0.0,0.0,0.0,0.0,0.0,0.0,44866128.4,20155.827750305863,25022.753511014103,6630595.8,31623.02538815665,39258.87735116099,2558344.8,1101.4139548780013,1367.3668106280186,1468764.0,39819.37237074437,49434.354775199026,2406285.8,39854.95342112445,49478.52740181369,0.006742092730502035,0.00014926252834081922,0.00018530419595624885,0.009217866628810807,0.0002037144669217286,0.00025290436867980763,0.027592178879082618,5.718884407443086e-05,7.099794494089123e-05,0.0,0.0,0.0,0.002428295187250402,0.000578571981514204,0.0007182768309572025,0.022575298060844486,0.0010319300788002217,0.0012811050145051703,0.0,0.0,0.0,0.0,0.0,0.0,0.7637812644716225,0.0003431239590889703,0.00042597636566309226,0.11287635071102393,0.0005383364952297605,0.0006683258853466387,0.04355213823839545,1.8749987421766893e-05,2.3277452030337384e-05,0.02500359324809489,0.0006778675063880381,0.0008415487438969733,0.04096355260740773,0.0006784732225623477,0.0008423007192916407,9848879.8,31623.02538815665,39258.87735116099,6630595.8,31623.02538815665,39258.87735116099,6630595.8,31623.02538815665,39258.87735116099,0.11287635071102393,0.0005383364952297605,0.0006683258853466387,0.0,0.0,0.0,114.59644141197205,17.928921828485542,22.258127881928644,396044.8,8767.996903512227,10885.160759452909,-65208.8,15145.207317828304,18802.243910894398,-293046.8,7180.189809468828,8913.95391895564,0.0,0.0,0.0,142643.2,33986.54303102921,42193.10164247721,-13066.4,102644.17152863575,127429.14036186524,0.0,0.0,0.0,0.0,0.0,0.0,959029.2,22979.661305162877,28528.443868893133,-1126395.2,103467.35222861364,128451.09034108442,37789.2,1209.8713567979034,1502.0128727152237,129576.8,97394.79609917566,120912.2248034774,460412.8,104655.72078582231,129926.40824197394,0.006742092730502035,0.00014926252834081922,0.00018530419595624885,-0.00111008597119508,0.00025782535753398776,0.000320081142307051,-0.004988700015697428,0.0001222323977440047,0.00015174723646673615,0.0,0.0,0.0,0.002428295187250402,0.000578571981514204,0.0007182768309572025,-0.0002224366547770147,0.0017473692943111964,0.0021692977180557725,0.0,0.0,0.0,0.0,0.0,0.0,0.01632609189076384,0.00039119566128618987,0.0004856556986003191,-0.01917525716684675,0.0017613827610028696,0.0021866949456568682,0.0006433067436095285,2.0596318597060074e-05,2.5569607454138384e-05,0.0022058585324733863,0.0016580062325499043,0.00205835660984907,0.007837865291780344,0.0017816130253838548,0.002211810109635205,-1126395.2,103467.35222861364,128451.09034108442,-0.01917525716684675,0.0017613827610028696,0.0021866949456568682,538688.0,-78275.2,460412.8,rejected,197268061798.4,0.33977822420784776,63353020416.0,0.2682361914354747,mechanism,0.6389060044727328,0.633673709387672,other
conversation_trace,0.01,4.0,"l1=0.01,l2x4",C_lru,learned,next_use,5,58742117,3218284,269925.4,4135.00717048955,5133.466433392484,617190.4,4670.826457919412,5798.667293506065,1663094.8,3436.2868331965537,4266.029631004154,0.0,0.0,0.0,152678.4,35092.36197237228,43565.93708936767,1222474.0,30242.027246862934,37544.41657500969,0.0,0.0,0.0,0.0,0.0,0.0,43635517.0,19544.329945024976,24263.600424193468,7962953.0,47753.98345688033,59284.89625996276,2550210.6,1925.285251592605,2390.1741414842895,1375152.4,45655.308922402444,56679.465402612565,2262268.2,44479.19363814951,55219.35951051141,0.0045950914571226634,7.039254595624365e-05,8.738987792000197e-05,0.010506778296737245,7.951409817115427e-05,9.871396520329847e-05,0.028311795436313607,5.84978378153531e-05,7.262301477837583e-05,0.0,0.0,0.0,0.0025991300245443998,0.0005973969574908627,0.0007416473786494224,0.020810860459795823,0.0005148269894131144,0.0006391396580925009,0.0,0.0,0.0,0.0,0.0,0.0,0.7428318764882104,0.00033271408902448723,0.000413052876936548,0.13555781450641283,0.0008129428406007251,0.0010092400357304542,0.04341366519017351,3.2775210528975455e-05,4.068927480915298e-05,0.023409990484340223,0.0007772159270732852,0.0009648863251321448,0.03851186023820013,0.000757194257029407,0.00094003012371024,11181237.0,47753.98345688033,59284.89625996276,7962953.0,47753.98345688033,59284.89625996276,7962953.0,47753.98345688033,59284.89625996276,0.13555781450641283,0.0008129428406007251,0.0010092400357304542,0.0,0.0,0.0,114.66495079994202,3.957920619257667,4.913619688496396,269925.4,4135.00717048955,5133.466433392484,10504.6,5513.955776028676,6845.382782758912,-250775.0,5811.273225378411,7214.491972506226,0.0,0.0,0.0,152678.4,35092.36197237228,43565.93708936767,-116713.2,141230.49293690085,175332.7055965469,0.0,0.0,0.0,0.0,0.0,0.0,-271582.2,22604.056222280105,28062.143326792248,205962.0,146619.64722880765,182023.15171217028,29655.0,2061.55535943132,2559.3487028870445,35965.2,153599.56179364576,190688.47093634508,316395.2,155848.53678555985,193480.4945422348,0.0045950914571226634,7.039254595624365e-05,8.738987792000197e-05,0.00017882569673135818,9.386716137637132e-05,0.00011653278997008097,-0.004269083458466437,9.892856305090996e-05,0.00012281634270188544,0.0,0.0,0.0,0.0025991300245443998,0.0005973969574908627,0.0007416473786494224,-0.001986874255825679,0.0024042458826756432,0.002984786973144788,0.0,0.0,0.0,0.0,0.0,0.0,-0.004623296092648466,0.00038480152532264947,0.00047771760297290664,0.0035062066285421745,0.0024959884783997094,0.00309868218934245,0.0005048336953875868,3.509501299436404e-05,4.3569228240228545e-05,0.0006122557687187203,0.0026148114783409275,0.003246196777966736,0.005386172922572745,0.0026530970408431107,0.003293726961563791,205962.0,146619.64722880765,182023.15171217028,0.0035062066285421745,0.0024959884783997094,0.00309868218934245,422603.80000000005,-106208.59999999999,316395.2,rejected,180639969689.6,0.31113768525194463,62475422105.6,0.26452044707401956,mechanism,0.6623632829169441,0.6277088572944405,other
conversation_trace,0.01,4.0,"l1=0.01,l2x4",C_union,learned,binary,5,58742117,3218284,6940.4,1105.0813544712444,1371.919758648063,805164.2,6599.672279742382,8193.261758101704,1727741.6,6209.340649376551,7708.678723597044,0.0,0.0,0.0,4608.0,4015.2031081876794,4984.733890242406,1023614.2,23190.530830492,28790.2309917373,0.0,0.0,0.0,0.0,0.0,0.0,42934325.8,19019.812754073053,23612.430720618268,9021438.8,36030.82832381182,44731.01016308928,2539846.2,567.4470900445257,704.4656682239668,1028222.2,20471.96131786107,25415.222251841253,1840326.8,25965.86269893608,32235.708206350057,0.00011815032134439418,1.881241962170421e-05,2.33549594177558e-05,0.013706761708979606,0.0001123499222839105,0.00013947848965167018,0.029412314166341675,0.00010570508804401024,0.00013122916090336077,0.0,0.0,0.0,7.84445681452032e-05,6.8353054218112e-05,8.485792042943236e-05,0.01742555856473474,0.00039478541147047806,0.0004901122476014485,0.0,0.0,0.0,0.0,0.0,0.0,0.7308951054658108,0.00032378493873608423,0.00040196764989961235,0.15357701187378042,0.000613372996479035,0.0007614810709510109,0.043237226196665667,9.659970035544791e-06,1.199251413128153e-05,0.01750400313287994,0.00034850567809568527,0.0004326575811328228,0.03132891516320394,0.0004420314422603469,0.0005487665384335742,12239722.8,36030.82832381182,44731.01016308928,9021438.8,36030.82832381182,44731.01016308928,9021438.8,36030.82832381182,44731.01016308928,0.15357701187378042,0.000613372996479035,0.0007614810709510109,0.0,0.0,0.0,91.35041284561157,22.87346024599115,28.39659897722291,6940.4,1105.0813544712444,1371.919758648063,198478.4,10491.156242283309,13024.402666479848,-186128.2,9993.773696657334,12406.919673766208,0.0,0.0,0.0,4608.0,4015.2031081876794,4984.733890242406,-315573.0,130958.85044165592,162580.82155110643,0.0,0.0,0.0,0.0,0.0,0.0,-972773.4,26179.547939183365,32500.99094054928,1264447.8,134471.4098338379,166941.54089005958,19290.6,582.8750294874536,723.6189141558972,-310965.0,129599.32331999269,160893.01629307622,-105546.2,135654.22125647252,168409.9598032024,0.00011815032134439418,1.881241962170421e-05,2.33549594177558e-05,0.003378809108973719,0.00017859683610455007,0.0002217217106165895,-0.003168564728438373,0.00017012961410051698,0.0002112099513500052,0.0,0.0,0.0,7.84445681452032e-05,6.8353054218112e-05,8.485792042943236e-05,-0.005372176150886766,0.0022293859521892263,0.0027677044998413395,0.0,0.0,0.0,0.0,0.0,0.0,-0.016560067115047962,0.0004456691259388183,0.0005532825951872368,0.02152540399590978,0.0022891822205494913,0.0028419394706196872,0.00032839470187974175,9.922608500598373e-06,1.231857057783194e-05,-0.005293731582741562,0.002206241959580598,0.002738972044420468,-0.0017967721524234461,0.0023093178827122036,0.0028669371892606874,1264447.8,134471.4098338379,166941.54089005958,0.02152540399590978,0.0022891822205494913,0.0028419394706196872,11548.4,-117094.6,-105546.2,not_worse,506537115648.0,0.8724690661082909,203925717401.6,0.8634198876765373,mechanism,0.6946422870465332,0.6767336207407134,other
conversation_trace,0.01,4.0,"l1=0.01,l2x4",C_union,learned,next_use,5,58742117,3218284,34999.4,2256.676051186789,2801.584200986177,781924.0,3598.1982296699553,4467.0369532917,1722742.6,2952.7755248240596,3665.7672930305,0.0,0.0,0.0,70082.4,27020.329472454625,33544.791737236475,710041.6,25827.85002279516,32064.37030749263,0.0,0.0,0.0,0.0,0.0,0.0,42692210.0,5732.725355361095,7116.97754568103,9511833.0,25147.978228875578,31220.333310893344,2539666.0,754.7675138743056,937.0174071621082,780124.0,24995.284355253894,31030.769220070066,1597047.4,25306.036785715773,31416.557467852555,0.0005958144137025229,3.841666195290152e-05,4.769293896892034e-05,0.013311130751382353,6.125414631668734e-05,7.60448751496599e-05,0.029327213385925466,5.02667536620118e-05,6.240441237469396e-05,0.0,0.0,0.0,0.001193051997087541,0.0004599822214860697,0.0005710518015078768,0.012087436344863091,0.0004396819750775264,0.0005458497572958191,0.0,0.0,0.0,0.0,0.0,0.0,0.7267734324249839,9.759139861029601e-05,0.00012115629992836707,0.161925267351192,0.00042810813626065956,0.0005314812421706453,0.04323415855101034,1.2848830658831464e-05,1.5951372797171365e-05,0.013280488341950631,0.0004255087428199754,0.0005282541863458901,0.027187433507035508,0.0004307988557122608,0.0005348216760361653,12730117.0,25147.978228875578,31220.333310893344,9511833.0,25147.978228875578,31220.333310893344,9511833.0,25147.978228875578,31220.333310893344,0.161925267351192,0.00042810813626065956,0.0005314812421706453,0.0,0.0,0.0,105.51464433670044,7.128459318930867,8.84973232856645,34999.4,2256.676051186789,2801.584200986177,175238.2,6643.236387484642,8247.345070554367,-191127.2,4649.230441696776,5771.856596498065,0.0,0.0,0.0,70082.4,27020.329472454625,33544.791737236475,-629145.6,138269.5790577233,171656.83482190824,0.0,0.0,0.0,0.0,0.0,0.0,-1214889.2,15078.210328152343,18719.069497051925,1754842.0,119962.60845571841,148929.37264162648,19110.4,956.3633200829066,1187.2915328444653,-559063.2,127395.12331011733,158156.57925762632,-348825.6,130761.56926750306,162335.90388985508,0.0005958144137025229,3.841666195290152e-05,4.769293896892034e-05,0.002983178151376464,0.00011309153852055845,0.000140399180209225,-0.003253665508854577,7.914645707604978e-05,9.825755167281574e-05,0.0,0.0,0.0,0.001193051997087541,0.0004599822214860697,0.0005710518015078768,-0.010710298370758412,0.0023538405852435206,0.0029222105635366923,0.0,0.0,0.0,0.0,0.0,0.0,-0.020681740155874873,0.0002566848302071445,0.0003186652176163996,0.02987365947332133,0.002042190758220691,0.002535308229385513,0.00032532705622441286,1.628070912191937e-05,2.0211929591238208e-05,-0.00951724637367087,0.0021687186267072634,0.0026923881421847015,-0.005938253808591881,0.0022260275241272457,0.002763535129145158,1754842.0,119962.60845571841,148929.37264162648,0.02987365947332133,0.002042190758220691,0.002535308229385513,105081.79999999999,-453907.39999999997,-348825.6,not_worse,378555818393.6,0.6520316698238537,133615592243.2,0.565727369340384,mechanism,0.706021528218965,0.6782893393938811,other
conversation_trace,0.01,4.0,"l1=0.01,l2x4",lfu_s,sampled,,5,58742117,3218284,531020.2,9673.79226053568,12009.673939015824,503010.2,8486.85028146485,10536.12708487018,1534846.0,1424.6048574955794,1768.5969855127537,0.0,0.0,0.0,323574.0,27307.05060968687,33900.745976984894,597959.2,44001.56398584032,54626.399042336,0.0,0.0,0.0,0.0,0.0,0.0,46368587.8,20855.61453661819,25891.514272471413,5664835.6,39514.88720469793,49056.34711646496,2568876.4,672.122235906535,834.4161920170052,921533.2,38945.55290658999,48349.538545593685,1955563.6,39378.46700037979,48886.986215545214,0.00903985465828547,0.0001646823906692993,0.00020444741443376705,0.008563024720406315,0.0001444764117279747,0.00017936239997734838,0.026128544192576507,2.42518474009992e-05,3.0107818305438837e-05,0.0,0.0,0.0,0.005508381660810761,0.0004648632361970691,0.0005771114101486143,0.01017939479436875,0.0007490632996056357,0.0009299358251309871,0.0,0.0,0.0,0.0,0.0,0.0,0.7893584734101429,0.00035503682198954173,0.00044076576730237645,0.09643567323254625,0.0006726840846525472,0.0008351137075373849,0.04373142357126829,1.1441913744894469e-05,1.4204734773466888e-05,0.01568777645517951,0.0006629919876158018,0.0008230813088604497,0.033290655833871294,0.0006703617270106183,0.0008322305819442161,8883119.6,39514.88720469793,49056.34711646496,5664835.6,39514.88720469793,49056.34711646496,5664835.6,39514.88720469793,49056.34711646496,0.09643567323254625,0.0006726840846525472,0.0008351137075373849,0.0,0.0,0.0,42.54843363761902,3.893146114571557,4.833204411850962,531020.2,9673.79226053568,12009.673939015824,-103675.6,11725.041889050974,14556.228438278129,-379023.8,4698.679623043053,5833.246021505954,0.0,0.0,0.0,323574.0,27307.05060968687,33900.745976984894,-741228.0,99609.70417584825,123661.95552844311,0.0,0.0,0.0,0.0,0.0,0.0,2461488.6,11594.24231245837,14393.845349626656,-2092155.4,111996.539072866,139039.77678438232,48320.8,624.4571242287175,775.2416269550027,-417654.0,113622.61665707229,141058.4950966958,9690.6,115058.5196076327,142841.11826864994,0.00903985465828547,0.0001646823906692993,0.00020444741443376705,-0.0017649278795995728,0.0001996019634268712,0.0002477988397707585,-0.006452334702203533,7.998825822098224e-05,9.930261828163386e-05,0.0,0.0,0.0,0.005508381660810761,0.0004648632361970691,0.0005771114101486143,-0.012618339921252752,0.0016957118548493633,0.002105166818016504,0.0,0.0,0.0,0.0,0.0,0.0,0.04190330082928402,0.00019737528888272692,0.00024503450138894597,-0.03561593464532441,0.0019065798917813253,0.002366952093067777,0.0008225920764823619,1.0630483818428781e-05,1.3197372967593991e-05,-0.007109958260441992,0.0019342615223941003,0.002401317866986236,0.0001649685182439048,0.001958705703569259,0.002431664460929285,-2092155.4,111996.539072866,139039.77678438232,-0.03561593464532441,0.0019065798917813253,0.002366952093067777,854594.2,-844903.6,9690.6,rejected,176431377203.2,0.30388872630538755,36697288704.0,0.1553760324816812,mechanism,0.5499467546754698,0.6810126116920083,other
conversation_trace,0.01,4.0,"l1=0.01,l2x4",lru_2hit_s,sampled,,5,58742117,3218284,798874.2,1061.7057972903795,1318.070525106999,106027.2,1475.0576937869243,1831.2324129479139,1651543.2,953.7988257489102,1184.1078030371389,0.0,0.0,0.0,0.0,0.0,0.0,679828.8,54790.15023888874,68020.05063961407,0.0,0.0,0.0,0.0,0.0,0.0,43472299.4,11374.494881092522,14121.036617687445,8815260.2,49581.91270211346,61554.20633274549,2556444.6,235.82578315358143,292.7694419944814,679828.8,54790.15023888874,68020.05063961407,1584730.2,54345.366566065226,67467.86730342648,0.013599683511576541,1.8074013187001214e-05,2.2438253716783562e-05,0.001804960485166035,2.5110734326904217e-05,3.117409631232585e-05,0.028115146071429464,1.623705229671763e-05,2.015773117331017e-05,0.0,0.0,0.0,0.0,0.0,0.0,0.01157310690726383,0.0009327234535808221,0.0011579434673696565,0.0,0.0,0.0,0.0,0.0,0.0,0.740053331751731,0.00019363440512524258,0.00024039032535526928,0.15006711794196997,0.000844060705236648,0.0010478717737180936,0.04351979006817204,4.014594556638496e-06,4.983978394829238e-06,0.01157310690726383,0.0009327234535808221,0.0011579434673696565,0.026977750904006403,0.0009251516516857105,0.0011485433407758614,12033544.2,49581.91270211346,61554.20633274549,8815260.2,49581.91270211346,61554.20633274549,8815260.2,49581.91270211346,61554.20633274549,0.15006711794196997,0.000844060705236648,0.0010478717737180936,0.0,0.0,0.0,10.67522463798523,2.333772370390836,2.897296578366464,798874.2,1061.7057972903795,1318.070525106999,-500658.6,4807.823811247662,5968.744704687657,-262326.6,4754.083223924461,5902.0276496113565,0.0,0.0,0.0,0.0,0.0,0.0,-659358.4,77431.39464584117,96128.36179390045,0.0,0.0,0.0,0.0,0.0,0.0,-434799.8,13825.219915068259,17163.52582766375,1058269.2,85764.86434548824,106474.07226379715,35889.0,487.3012415334071,604.9674071220696,-659358.4,77431.39464584117,96128.36179390045,-361142.8,79614.54050737213,98838.66084231592,0.013599683511576541,1.8074013187001214e-05,2.2438253716783562e-05,-0.008522992114839853,8.184628094434682e-05,0.00010160928835247278,-0.00446573282335058,8.09314247888714e-05,0.0001004735265092933,0.0,0.0,0.0,0.0,0.0,0.0,-0.011224627808357672,0.0013181580542260885,0.0016364470111606727,0.0,0.0,0.0,0.0,0.0,0.0,-0.007401840829127759,0.00023535447173398454,0.00029218432539070805,0.018015510064099315,0.0014600233822946451,0.001812567842316554,0.0006109585733861111,8.295602310916728e-06,1.0298699434376653e-05,-0.011224627808357672,0.0013181580542260885,0.0016364470111606727,-0.006147936411620983,0.001355322970525086,0.001682585951785087,1058269.2,85764.86434548824,106474.07226379715,0.018015510064099315,0.0014600233822946451,0.001812567842316554,798874.2,-1160017.0,-361142.8,not_worse,111248920166.4,0.19161723491666913,54120787558.4,0.2291469899434706,mechanism,0.7035999795966689,0.6612413200565712,other
conversation_trace,0.01,4.0,"l1=0.01,l2x4",lru_s,sampled,,5,58742117,3218284,0.0,0.0,0.0,606685.8,4590.105031478038,5698.45447258288,1913869.8,4504.123965878382,5591.71199404181,0.0,0.0,0.0,0.0,0.0,0.0,1339187.2,114179.78827796101,141750.20413020943,0.0,0.0,0.0,0.0,0.0,0.0,43907099.2,12854.211321586401,15958.052701341545,7756991.0,106592.66386107441,132331.0551628211,2520555.6,364.7880206366431,452.8715385565314,1339187.2,114179.78827796101,141750.20413020943,1945873.0,117001.29266379924,145253.00290640973,0.0,0.0,0.0,0.010327952600005888,7.813993206063793e-05,9.700798615383385e-05,0.03258087889478005,7.667622816315018e-05,9.519084908093985e-05,0.0,0.0,0.0,0.0,0.0,0.0,0.022797734715621503,0.00194374656735577,0.0024130932177709808,0.0,0.0,0.0,0.0,0.0,0.0,0.7474551725808588,0.00021882444790997062,0.0002716628803375167,0.13205160787787068,0.0018145866935826377,0.0022527457626837174,0.04290883149478593,6.209991046740554e-06,7.709486169122244e-06,0.022797734715621503,0.00194374656735577,0.0024130932177709808,0.033125687315627386,0.0019917786188025743,0.0024727233256916785,10975275.0,106592.66386107441,132331.0551628211,7756991.0,106592.66386107441,132331.0551628211,7756991.0,106592.66386107441,132331.0551628211,0.13205160787787068,0.0018145866935826377,0.0022527457626837174,0.0,0.0,0.0,34.72724366188049,7.48667497471044,9.29444450657276,0.0,0.0,0.0,0.0,0.0,0.0,0.0,0.0,0.0,0.0,0.0,0.0,0.0,0.0,0.0,0.0,0.0,0.0,0.0,0.0,0.0,0.0,0.0,0.0,0.0,0.0,0.0,0.0,0.0,0.0,0.0,0.0,0.0,0.0,0.0,0.0,0.0,0.0,0.0,0.0,0.0,0.0,0.0,0.0,0.0,0.0,0.0,0.0,0.0,0.0,0.0,0.0,0.0,0.0,0.0,0.0,0.0,0.0,0.0,0.0,0.0,0.0,0.0,0.0,0.0,0.0,0.0,0.0,0.0,0.0,0.0,0.0,0.0,0.0,0.0,0.0,0.0,0.0,0.0,0.0,0.0,0.0,0.0,0.0,0.0,0.0,0.0,not_worse,580578882764.8,1.0,236183715840.0,1.0,mechanism,0.5713882582674475,0.5560069291905387,other
conversation_trace,0.02,4.0,"l1=0.02,l2x4",A_none,learned,binary,5,58742117,4770907,4548.8,225.3756863550281,279.7960131878937,330202.8,3701.048459558453,4594.721907883157,2171187.6,3112.066323200712,3863.5212346561984,0.0,0.0,0.0,0.0,0.0,0.0,658534.4,44783.75934197575,55597.46715407553,0.0,0.0,0.0,0.0,0.0,0.0,37818556.4,19285.65807277522,23942.468363544656,12988180.0,38701.127877621344,48046.09344139983,2505939.2,512.3316308798433,636.0417579579504,658534.4,44783.75934197575,55597.46715407553,993286.0,44177.941220704255,54845.36519582913,7.743677334611553e-05,3.836696698469825e-06,4.763124440814651e-06,0.005621227440611307,6.300502345801476e-05,7.821852773680508e-05,0.036961344106818624,5.297845025232536e-05,6.577088862249002e-05,0.0,0.0,0.0,0.0,0.0,0.0,0.011210600394262263,0.000762379049804687,0.0009464668621676596,0.0,0.0,0.0,0.0,0.0,0.0,0.6438064940696637,0.0003283105726811682,0.0004075860657787219,0.2211050718515984,0.0006588310032752435,0.0008179155926811477,0.042660008320776044,8.7217086656898e-06,1.0827695535010702e-05,0.011210600394262263,0.000762379049804687,0.0009464668621676596,0.016909264608219683,0.0007520658681862659,0.0009336634087571115,17759087.0,38701.127877621344,48046.09344139983,12988180.0,38701.127877621344,48046.09344139983,12988180.0,38701.127877621344,48046.09344139983,0.2211050718515984,0.0006588310032752435,0.0008179155926811477,0.0,0.0,0.0,135.52218976020814,21.36003777025016,26.517738032505772,4548.8,225.3756863550281,279.7960131878937,3311.8,2110.1989716612034,2619.7380420792915,-176.4,1893.1625128340145,2350.294887503132,0.0,0.0,0.0,0.0,0.0,0.0,-375687.4,54176.485935320685,67258.20792112495,0.0,0.0,0.0,0.0,0.0,0.0,-1050341.2,17623.722498382685,21879.233613556335,1418344.4,43825.027442090664,54407.23511244645,7684.2,597.2944834836497,741.5201607620926,-375687.4,54176.485935320685,67258.20792112495,-367826.8,53509.36452808985,66430.00008258532,7.743677334611553e-05,3.836696698469825e-06,4.763124440814651e-06,5.6378628642205465e-05,3.59231004844648e-05,4.459726982735866e-05,-3.0029561243108403e-06,3.222836713280372e-05,4.001038790452941e-05,0.0,0.0,0.0,0.0,0.0,0.0,-0.006395537293965759,0.0009222767020010651,0.0011449741915349248,0.0,0.0,0.0,0.0,0.0,0.0,-0.017880547274113413,0.0003000185113924647,0.00037246246357712097,0.02414527212221514,0.0007460580190205116,0.0009262048746463634,0.00013081244586401198,1.0168078952339593e-05,1.2623313537746578e-05,-0.006395537293965759,0.0009222767020010651,0.0011449741915349248,-0.006261721891977437,0.0009109199201671578,0.0011308751450443183,1418344.4,43825.027442090664,54407.23511244645,0.02414527212221514,0.0007460580190205116,0.0009262048746463634,4548.8,-372375.60000000003,-367826.8,not_worse,390353228185.6,0.7839832932735576,164302610432.0,0.7797953850731427,mechanism,0.7270336317732856,0.6914247918857128,other
conversation_trace,0.02,4.0,"l1=0.02,l2x4",A_none,learned,next_use,5,58742117,4770907,0.0,0.0,0.0,383689.2,3176.5847541030603,3943.6186046767552,2119382.4,3424.5935963264315,4251.512887381827,0.0,0.0,0.0,0.0,0.0,0.0,823188.8,50092.76885140209,62188.4163320367,0.0,0.0,0.0,0.0,0.0,0.0,37834081.0,11900.348629346958,14773.8656102955,12810868.6,50252.218317204664,62386.36725370897,2503071.6,1037.523638284931,1288.0492225014384,823188.8,50092.76885140209,62188.4163320367,1206878.0,51680.46106121732,64159.4805477924,0.0,0.0,0.0,0.00653175642273839,5.407678368321429e-05,6.713443107058537e-05,0.036079435135100764,5.82987772866008e-05,7.237588811077146e-05,0.0,0.0,0.0,0.0,0.0,0.0,0.014013604582892376,0.0008527572959517633,0.0010586682861980733,0.0,0.0,0.0,0.0,0.0,0.0,0.6440707780415881,0.00020258630837815427,0.0002515037993999487,0.21808660045398093,0.0008554716936266456,0.0010620381157476647,0.04261119155783916,1.7662346733008724e-05,2.1927184246721685e-05,0.014013604582892376,0.0008527572959517633,0.0010586682861980733,0.020545361005630765,0.0008797854708099362,0.0010922228177066287,17581775.6,50252.218317204664,62386.36725370897,12810868.6,50252.218317204664,62386.36725370897,12810868.6,50252.218317204664,62386.36725370897,0.21808660045398093,0.0008554716936266456,0.0010620381157476647,0.0,0.0,0.0,119.05436453819274,19.08942563934368,23.698852677131118,0.0,0.0,0.0,56798.2,4376.2094556819375,5432.910614173938,-51981.6,4463.246385760034,5540.963911447553,0.0,0.0,0.0,0.0,0.0,0.0,-211033.0,57839.90891676784,71806.2191170405,0.0,0.0,0.0,0.0,0.0,0.0,-1034816.6,14801.537886314381,18375.590360339385,1241033.0,56411.81811907856,70033.29445899048,4816.6,1180.9019010908569,1466.0483090919477,-211033.0,57839.90891676784,71806.2191170405,-154234.8,58615.87754354617,72769.55696258544,0.0,0.0,0.0,0.0009669076107692881,7.4498667722206e-05,9.248748413636421e-05,-0.0008849119278421663,7.598034619283606e-05,9.43269360116458e-05,0.0,0.0,0.0,0.0,0.0,0.0,-0.0035925331053356492,0.0009846412058449959,0.0012223975366267529,0.0,0.0,0.0,0.0,0.0,0.0,-0.017616263302189173,0.0002519748800730913,0.0003128179796506062,0.02112680072459765,0.0009603300153291783,0.0011922160459247706,8.199568292712456e-05,2.0103155306624183e-05,2.4957362518820818e-05,-0.0035925331053356492,0.0009846412058449959,0.0012223975366267529,-0.0026256254945663596,0.0009978509549382801,0.001238796977006897,1241033.0,56411.81811907856,70033.29445899048,0.02112680072459765,0.0009603300153291783,0.0011922160459247706,0.0,-154234.8,-154234.8,not_worse,382747182284.8,0.7687073521936909,162138439270.4,0.7695240285810769,mechanism,0.7256785243111372,0.6999524685753599,other
conversation_trace,0.02,4.0,"l1=0.02,l2x4",B,learned,binary,5,58742117,4770907,686350.2,7889.349573950948,9794.350904204517,179761.8,7035.977487172625,8734.919376749154,1675900.8,3534.881709477702,4388.431713280068,0.0,0.0,0.0,1618890.0,43335.71412241871,53799.7697808566,420249.6,47039.120535996415,58397.4190059874,0.0,0.0,0.0,0.0,0.0,0.0,44173712.8,11538.554532522694,14324.710923188382,5216344.8,54418.70828308955,67558.91847383285,2542012.8,347.5646702413811,431.489352872397,2039139.6,45423.74712966776,56391.98955523236,2905251.6,48324.06915089001,59992.63766250294,0.01168412435663495,0.00013430482210831688,0.00016673472806920633,0.003060185930990536,0.00011977739050794896,0.00014869943105300676,0.028529799155859497,6.017627368584199e-05,7.470673406748568e-05,0.0,0.0,0.0,0.02755927233606511,0.0007377281639750691,0.0009158636516429358,0.007154144614842534,0.0008007733282066834,0.0009941320127428736,0.0,0.0,0.0,0.0,0.0,0.0,0.7519938854093393,0.0001964272845754316,0.00024385758727741959,0.08880076283256866,0.0009264001888643119,0.0011500933559107647,0.04327410944348499,5.916788294186439e-06,7.345485231189979e-06,0.03471341695090764,0.0007732739208167759,0.0009599924625670605,0.049457727238533124,0.0008226477290712896,0.0010212883145240225,9987251.8,54418.70828308956,67558.91847383285,5216344.8,54418.70828308955,67558.91847383285,5216344.8,54418.70828308955,67558.91847383285,0.08880076283256866,0.0009264001888643119,0.0011500933559107647,0.0,0.0,0.0,136.2272566318512,10.531352241120448,13.074304589808971,686350.2,7889.349573950948,9794.350904204517,-147129.2,6112.715779422433,7588.722335109899,-495463.2,2114.2610292960517,2624.780944221715,0.0,0.0,0.0,1618890.0,43335.71412241871,53799.7697808566,-613972.2,68869.88464270867,85499.54728206703,0.0,0.0,0.0,0.0,0.0,0.0,5304815.2,13248.10226787218,16447.05450177515,-6353490.8,38057.845231962354,47247.480589591076,43757.8,463.92801165698114,575.9503616700314,1004917.8,43962.455569497026,54577.84731454355,1544138.8,43830.98689511793,54414.63356444798,0.01168412435663495,0.00013430482210831688,0.00016673472806920633,-0.0025046628809785665,0.00010406018869599873,0.00012918707603115328,-0.008434547907083432,3.599225116956767e-05,4.4683117978567466e-05,0.0,0.0,0.0,0.02755927233606511,0.0007377281639750691,0.0009158636516429358,-0.010451993073385488,0.0011724106681873362,0.0014555067411354452,0.0,0.0,0.0,0.0,0.0,0.0,0.09030684406556197,0.0002255298743807672,0.0002799874322161874,-0.10815903689681461,0.000647880042048229,0.0008043203582463775,0.0007449135685729538,7.897706711130092e-06,9.804725997020454e-06,0.01710727926267962,0.0007483975351024049,0.000929109301841192,0.026286740738336,0.0007461594701314211,0.0009263308226437941,-6353490.8,38057.845231962354,47247.480589591076,-0.10815903689681461,0.000647880042048229,0.0008043203582463775,2305240.2,-761101.3999999999,1544138.8,rejected,84596906803.2,0.1699039659659092,23352248729.6,0.11083193226536597,mechanism,0.390474028026048,0.6774466450916293,arrival_placement
conversation_trace,0.02,4.0,"l1=0.02,l2x4",B,learned,next_use,5,58742117,4770907,721527.4,7405.627576377306,9193.827002974165,178690.8,6025.647201753518,7480.629748461812,1642425.2,1781.4233634933612,2211.574651047493,0.0,0.0,0.0,1771827.0,56369.95261218515,69981.3198999406,448307.2,61178.75123929876,75951.27480434987,0.0,0.0,0.0,0.0,0.0,0.0,45521950.4,15751.785146452448,19555.289019184616,3686482.0,33196.67106051448,41212.50328311938,2542643.4,828.0684150479356,1028.0179061207834,2220134.2,29390.589390143236,36487.386326360145,3120352.4,30459.544042877595,37814.456051364,0.012282965559446895,0.0001260701512745499,0.000156511672927521,0.0030419536973786626,0.00010257797147068286,0.00012734695531081743,0.02795992524409701,3.0326168930775006e-05,3.764887552567231e-05,0.0,0.0,0.0,0.030162804653431203,0.0009596173153273519,0.0011913312538589756,0.007631784874215547,0.0010414801911088562,0.001292961144119983,0.0,0.0,0.0,0.0,0.0,0.0,0.7749456901595835,0.0002681514720767041,0.00033290065148969765,0.0627570504481478,0.000565125548003564,0.0007015835551708047,0.04328484450092256,1.4096673006319509e-05,1.7500525323607533e-05,0.03779458952764675,0.0005003324852957423,0.0006211452393920395,0.053119508784472316,0.0005185298998140914,0.0006437366915353775,8457389.0,33196.67106051448,41212.50328311938,3686482.0,33196.67106051448,41212.50328311938,3686482.0,33196.67106051448,41212.50328311938,0.0627570504481478,0.000565125548003564,0.0007015835551708047,0.0,0.0,0.0,156.25187816619874,35.849190275392694,44.50551289400568,721527.4,7405.627576377306,9193.827002974165,-148200.2,7274.277606745566,9030.760620660778,-528938.8,2675.0077943811675,3320.9283939145444,0.0,0.0,0.0,1771827.0,56369.95261218515,69981.3198999406,-585914.6,66985.03651040283,83159.57440649666,0.0,0.0,0.0,0.0,0.0,0.0,6653052.8,7064.050728866548,8769.771322095408,-7883353.6,22250.41178944785,27623.106161813026,44388.4,976.3812267756894,1212.1430621979239,1185912.4,21046.5356127796,26128.53609504439,1759239.6,19044.585445737586,23643.18514881666,0.012282965559446895,0.0001260701512745499,0.000156511672927521,-0.0025228951145904394,0.0001238341070810498,0.00015373570245452278,-0.009004421818845924,4.553815781581826e-05,5.6534026410976295e-05,0.0,0.0,0.0,0.030162804653431203,0.0009596173153273519,0.0011913312538589756,-0.009974352814012474,0.0011403238414169315,0.0014156720706285859,0.0,0.0,0.0,0.0,0.0,0.0,0.1132586488158062,0.00012025529704465761,0.00014929273526345684,-0.1342027492812355,0.0003787812378203526,0.00047024362710341517,0.0007556486260105327,1.6621485173502027e-05,2.0634991112047246e-05,0.020188451839418725,0.0003582869785367053,0.00044480072270879225,0.02994852228427518,0.0003242066581587019,0.00040249119977777645,-7883353.6,22250.41178944785,27623.106161813026,-0.1342027492812355,0.0003787812378203526,0.00047024362710341517,2493354.4,-734114.8,1759239.6,rejected,69409436467.2,0.13940153342332373,17214150656.0,0.08169995110977381,mechanism,0.3079137312999991,0.6334776290795466,arrival_placement
conversation_trace,0.02,4.0,"l1=0.02,l2x4",C_lru,learned,binary,5,58742117,4770907,6870.0,1226.4780878597057,1522.6295471148585,547909.2,1406.2969814374203,1745.8683992404008,1962366.0,1552.7401585584112,1927.672469500563,0.0,0.0,0.0,39219.2,29174.117625045663,36218.644219251764,1293833.6,62743.780686216225,77894.20399449936,0.0,0.0,0.0,0.0,0.0,0.0,38825211.6,19791.68040617067,24570.677349872716,11295800.4,63079.01720699206,78310.38838202154,2517145.2,273.02325908244524,338.94880425787017,1333052.8,64529.96802416688,80111.69295281592,1887832.0,64942.59910875141,80623.95997793894,0.00011695186266439802,2.0879024292905643e-05,2.5920576664182164e-05,0.00932736557655898,2.3940182159887595e-05,2.972089683523685e-05,0.03340645690382592,2.6433166488678457e-05,3.281584947816207e-05,0.0,0.0,0.0,0.0006676504355469518,0.0004966473650421156,0.0006165702917933953,0.02202565494873125,0.0010681225650450467,0.0013260367173096499,0.0,0.0,0.0,0.0,0.0,0.0,0.6609433500668693,0.0003369248746375621,0.0004182804196497019,0.19229474484210368,0.0010738294843373143,0.0013331216575327323,0.042850774343049305,4.647828049547362e-06,5.770115575810884e-06,0.022693305384278196,0.0010985298337846227,0.0013637862754046792,0.032137622823501584,0.0011055542841391186,0.0013725068842503386,16066707.4,63079.01720699206,78310.38838202154,11295800.4,63079.01720699206,78310.38838202154,11295800.4,63079.01720699206,78310.38838202154,0.19229474484210368,0.0010738294843373143,0.0013331216575327323,0.0,0.0,0.0,125.23184113502502,8.107944280058483,10.065728568148803,6870.0,1226.4780878597057,1522.6295471148585,221018.2,2715.848615074117,3371.630840970914,-208998.0,3332.52179287698,4137.208971334756,0.0,0.0,0.0,39219.2,29174.117625045663,36218.644219251764,259611.8,83136.29359491557,103210.79383173953,0.0,0.0,0.0,0.0,0.0,0.0,-43686.0,25944.745229043972,32209.491607834105,-274035.2,67380.41888931829,83650.42776825202,18890.2,399.6106855428168,496.10265619349383,298831.0,74480.4407982391,92464.85604927508,526719.2,73810.09363359459,91632.64354599784,0.00011695186266439802,2.0879024292905643e-05,2.5920576664182164e-05,0.0037625167645898767,4.623341400981742e-05,5.7397162600914354e-05,-0.0035578901591170097,5.673138734303739e-05,7.043002844679241e-05,0.0,0.0,0.0,0.0006676504355469518,0.0004966473650421156,0.0006165702917933953,0.004419517260503226,0.0014152757483172692,0.0017570152235361137,0.0,0.0,0.0,0.0,0.0,0.0,-0.0007436912769078763,0.00044167194772777883,0.0005483202385748709,-0.004665054887279601,0.0011470546573818284,0.0014240281426740546,0.00032157846813726657,6.802796799826353e-06,8.445433728465318e-06,0.0050871676960501785,0.0012679223119970134,0.0015740810983927431,0.008966636323304453,0.0012565106162856629,0.0015599138782485104,-274035.2,67380.41888931829,83650.42776825202,-0.004665054887279601,0.0011470546573818284,0.0014240281426740546,46089.2,480630.0,526719.2,evicted,396379539865.6,0.7960865047652095,163581490380.8,0.7763728826154461,mechanism,0.7172358582143706,0.6996246419413545,other
conversation_trace,0.02,4.0,"l1=0.02,l2x4",C_lru,learned,next_use,5,58742117,4770907,1555.0,638.8051346067907,793.0541788140328,367029.8,2136.980159009437,2652.9859472533653,2135469.0,2670.802501122088,3315.70766976632,0.0,0.0,0.0,0.0,0.0,0.0,839065.6,45862.45537255937,56936.63045815734,0.0,0.0,0.0,0.0,0.0,0.0,37762126.6,10721.937618732913,13310.909654402652,12865964.0,47193.83050251378,58589.48600545868,2504053.8,603.6395447616069,749.3973318878576,839065.6,45862.45537255937,56936.63045815734,1207650.4,44664.57586611564,55449.505047235834,2.6471637036847e-05,1.0874738045392382e-05,1.350060602708671e-05,0.006248154114023505,3.6379011655460924e-05,4.516326756240979e-05,0.03635328634819205,4.546656875035694e-05,5.64451510960394e-05,0.0,0.0,0.0,0.0,0.0,0.0,0.01428388425292878,0.0007807422972610835,0.0009692641900896644,0.0,0.0,0.0,0.0,0.0,0.0,0.6428458579386916,0.00018252555689698112,0.0002265990797437942,0.2190245203454278,0.0008034070427273525,0.0009974016769851712,0.0426279120992524,1.0276094488756662e-05,1.2757411039303333e-05,0.01428388425292878,0.0007807422972610835,0.0009692641900896644,0.02055851000398913,0.0007603501226575746,0.0009439480202464574,17636871.0,47193.83050251378,58589.48600545868,12865964.0,47193.83050251378,58589.48600545868,12865964.0,47193.83050251378,58589.48600545868,0.2190245203454278,0.0008034070427273525,0.0009974016769851712,0.0,0.0,0.0,124.57213821411133,25.659218848724,31.85502061690542,1555.0,638.8051346067907,793.0541788140328,40138.8,3163.4815788937353,3927.3514720371845,-35895.0,3571.8866863325884,4434.372094691918,0.0,0.0,0.0,0.0,0.0,0.0,-195156.2,74308.43754715881,92251.32004330232,0.0,0.0,0.0,0.0,0.0,0.0,-1106771.0,16866.12190161093,20938.69903330179,1296128.4,68895.76078613255,85531.67160693885,5798.8,492.1566823685319,610.9952666925005,-195156.2,74308.43754715881,92251.32004330232,-153462.4,72328.009635272,89792.68822230336,2.6471637036847e-05,1.0874738045392382e-05,1.350060602708671e-05,0.0006833053020544013,5.385372098342561e-05,6.685750654912884e-05,-0.0006110607147508842,6.0806230159062545e-05,7.548880294341296e-05,0.0,0.0,0.0,0.0,0.0,0.0,-0.0033222534352992427,0.0012649942041952418,0.0015704459552130594,0.0,0.0,0.0,0.0,0.0,0.0,-0.01884118340508569,0.0002871214515746773,0.00035645121596996666,0.02206472061604453,0.0011728511722880674,0.0014560536115329173,9.87162243403658e-05,8.378259203161911e-06,1.0401315068239982e-05,-0.0033222534352992427,0.0012649942041952418,0.0015704459552130594,-0.002612476496207993,0.0012312802692363298,0.0015285912869347786,1296128.4,68895.76078613255,85531.67160693885,0.02206472061604453,0.0011728511722880674,0.0014560536115329173,1555.0,-155017.40000000002,-153462.4,not_worse,351850529996.8,0.7066546843460018,147860793753.6,0.7017610024524157,mechanism,0.7302209489237514,0.6979436846283598,other
conversation_trace,0.02,4.0,"l1=0.02,l2x4",C_union,learned,binary,5,58742117,4770907,3127.4,609.9674581483835,757.2532145079081,351835.4,4833.069656026075,6000.086535888708,2150311.0,4447.248643824629,5521.103275697856,0.0,0.0,0.0,0.0,0.0,0.0,764108.8,21426.45064400541,26600.18728691114,0.0,0.0,0.0,0.0,0.0,0.0,37789916.6,7374.775644045044,9155.525410618231,12911910.8,26517.085382824407,32920.03184314081,2505273.8,885.403128523951,1099.1969428097223,764108.8,21426.45064400541,26600.18728691114,1119071.6,21021.908483769974,26097.962377778797,5.323948403153397e-05,1.0383818107004615e-05,1.2891146134687454e-05,0.005989491321873879,8.22760551177628e-05,0.00010214283792136233,0.036605950037517376,7.570800766040829e-05,9.398883727152394e-05,0.0,0.0,0.0,0.0,0.0,0.0,0.01300785261110014,0.000364754485167864,0.0004528299054477585,0.0,0.0,0.0,0.0,0.0,0.0,0.6433189426931958,0.00012554494152883564,0.00015585964344148857,0.2198066984885819,0.000451415215131324,0.0005604161634682115,0.04264868084342279,1.5072713986864957e-05,1.8712245982039272e-05,0.01300785261110014,0.000364754485167864,0.0004528299054477585,0.019050583417005554,0.00035786773710879376,0.00044428024917418,17682817.8,26517.085382824407,32920.03184314081,12911910.8,26517.085382824407,32920.03184314081,12911910.8,26517.085382824407,32920.03184314081,0.2198066984885819,0.000451415215131324,0.0005604161634682115,0.0,0.0,0.0,107.55990495681763,9.781735064362824,12.143681145612108,3127.4,609.9674581483835,757.2532145079081,24944.4,6703.836573187028,8322.578076528505,-21053.0,6290.954299627362,7809.999209099266,0.0,0.0,0.0,0.0,0.0,0.0,-270113.0,51339.70657785259,63736.445803169765,0.0,0.0,0.0,0.0,0.0,0.0,-1078981.0,14745.264358430471,18305.72874835905,1342075.2,52788.96062341065,65535.643891488864,7018.8,867.1140063451863,1076.4916388211473,-270113.0,51339.70657785259,63736.445803169765,-242041.2,51862.01356677158,64384.87161840832,5.323948403153397e-05,1.0383818107004615e-05,1.2891146134687454e-05,0.0004246425099047756,0.00011412316946607533,0.00014167991386024618,-0.0003583970254255581,0.00010709444298078934,0.00013295399634812718,0.0,0.0,0.0,0.0,0.0,0.0,-0.004598285077127881,0.000873984616146071,0.0010850212600129778,0.0,0.0,0.0,0.0,0.0,0.0,-0.01836809865058151,0.00025101690424995514,0.00031162868625175366,0.022846898759198615,0.0008986560804986069,0.001115650018052444,0.0001194849685107538,1.476136800356143e-05,1.8325720859213177e-05,-0.004598285077127881,0.000873984616146071,0.0010850212600129778,-0.004120403083191572,0.0008828761409257965,0.001096059776299999,1342075.2,52788.96062341065,65535.643891488864,0.022846898759198615,0.0008986560804986069,0.001115650018052444,3127.4,-245168.6,-242041.2,not_worse,465174794649.6,0.9342545190476732,193871027404.8,0.9201298267395491,mechanism,0.7318111198989729,0.7010343271460973,other
conversation_trace,0.02,4.0,"l1=0.02,l2x4",C_union,learned,next_use,5,58742117,4770907,396.2,227.59547447170385,282.5518023114345,381817.4,2601.8305671200037,3230.0814317823256,2120793.4,1981.379897949911,2459.81367832073,0.0,0.0,0.0,0.0,0.0,0.0,749875.2,52724.3171525246,65455.39128871231,0.0,0.0,0.0,0.0,0.0,0.0,37815507.2,8918.377526209573,11071.853030353635,12902820.6,59355.55782569986,73687.84410050802,2503007.0,1199.674747587862,1489.3541398627794,749875.2,52724.3171525246,65455.39128871231,1132088.8,53284.76496335514,66151.16759717908,6.74473478713748e-06,3.8744853964269595e-06,4.810037784498548e-06,0.0064998917216415614,4.42924208386972e-05,5.4987487628038785e-05,0.03610345537938307,3.3730141151533764e-05,4.187478769824945e-05,0.0,0.0,0.0,0.0,0.0,0.0,0.012765546056162735,0.0008975556184419536,0.0011142838329900896,0.0,0.0,0.0,0.0,0.0,0.0,0.6437545858280865,0.00015182254201372898,0.00018848236317992314,0.2196519509162395,0.0010104429471906784,0.0012544294939269515,0.04261009183581177,2.0422736000268566e-05,2.535411074583526e-05,0.012765546056162735,0.0008975556184419536,0.0011142838329900896,0.019272182512591433,0.0009070964358222766,0.0011261284232772734,17673727.6,59355.557825699856,73687.84410050801,12902820.6,59355.55782569986,73687.84410050802,12902820.6,59355.55782569986,73687.84410050802,0.2196519509162395,0.0010104429471906784,0.0012544294939269515,0.0,0.0,0.0,143.08126430511476,28.894935847001303,35.87204982961354,396.2,227.59547447170385,282.5518023114345,54926.4,1673.2107757243257,2077.232517145675,-50570.6,1985.21265863383,2464.571916337472,0.0,0.0,0.0,0.0,0.0,0.0,-284346.6,62861.08962068666,78039.83892392312,0.0,0.0,0.0,0.0,0.0,0.0,-1053390.4,19897.239589953177,24701.725375750662,1332985.0,68412.40599481939,84931.60357940703,4752.0,1267.0128255073032,1572.9520028013567,-284346.6,62861.08962068666,78039.83892392312,-229024.0,62379.43105303222,77441.8766985959,6.74473478713748e-06,3.8744853964269595e-06,4.810037784498548e-06,0.0009350429096724585,2.8484005364061284e-05,3.536189404181097e-05,-0.0008608916835598571,3.3795388386052713e-05,4.195578985240897e-05,0.0,0.0,0.0,0.0,0.0,0.0,-0.0048405916320652855,0.0010701195808228462,0.0013285159423846273,0.0,0.0,0.0,0.0,0.0,0.0,-0.01793245551569078,0.00033872186782014994,0.00042051132368529465,0.022692151186856267,0.001164622752612394,0.0014458383169848464,8.08959608997406e-05,2.156906986357425e-05,2.677724404793402e-05,-0.0048405916320652855,0.0010701195808228462,0.0013285159423846273,-0.00389880398760569,0.0010619200369137557,0.001318336496088417,1332985.0,68412.40599481939,84931.60357940703,0.022692151186856267,0.001164622752612394,0.0014458383169848464,396.2,-229420.19999999998,-229024.0,not_worse,373522703564.8,0.7501809594717663,155828187545.6,0.7395749902748024,mechanism,0.7377566061310391,0.7098110730464388,other
conversation_trace,0.02,4.0,"l1=0.02,l2x4",lfu_s,sampled,,5,58742117,4770907,402912.0,4983.818566119758,6187.236022680239,459174.8,4812.252248168211,5974.242453868426,1675998.0,2480.850055928411,3079.888368580653,0.0,0.0,0.0,639928.6,51907.5081014298,64441.35148819852,681198.8,52541.102326654705,65227.93650570364,0.0,0.0,0.0,0.0,0.0,0.0,42849100.8,12178.877275841152,15119.649160012274,7262897.0,16007.542956369038,19872.803373610594,2538084.8,473.13814050444086,587.3844137372389,1321127.4,19687.59575976711,24441.459910455083,2183214.2,18512.81375696304,22983.00924052933,0.006858996927196205,8.48423383535827e-05,0.00010532878858758564,0.007816790123515636,8.192166870949182e-05,0.00010170287961988878,0.028531453845968814,4.2232901751367674e-05,5.243066688557668e-05,0.0,0.0,0.0,0.01089386342681521,0.0008836506199024087,0.0010970212647970884,0.011596429185553528,0.0008944366497151391,0.0011104117426633372,0.0,0.0,0.0,0.0,0.0,0.0,0.7294442724970229,0.00020732785772502074,0.0002573902666806164,0.12364036863022829,0.00027250538070272237,0.0003383058764056865,0.04320724089668066,8.054495899500287e-06,9.99937427752681e-06,0.022490292612368734,0.0003351529833316548,0.00041608067871396414,0.03716607966308058,0.0003151540104855768,0.0003912526550673898,12033804.0,16007.542956369038,19872.803373610594,7262897.0,16007.542956369038,19872.803373610594,7262897.0,16007.542956369038,19872.803373610594,0.12364036863022829,0.00027250538070272237,0.0003383058764056865,0.0,0.0,0.0,55.01802053451538,15.55610940127986,19.312364441727688,402912.0,4983.818566119758,6187.236022680239,132283.8,3638.2023995374416,4516.700727680309,-495366.0,3682.2971770350096,4571.442848029492,0.0,0.0,0.0,639928.6,51907.5081014298,64441.35148819852,-353023.0,71469.65158373168,88727.06679439837,0.0,0.0,0.0,0.0,0.0,0.0,3980203.2,9165.181896721962,11378.252003656968,-4306938.6,36654.756284826115,45505.59485246546,39829.8,668.5661522990825,830.0014388907045,286905.6,30537.15997436566,37910.81350917787,822101.4,31610.598828557486,39243.45021308004,0.006858996927196205,8.48423383535827e-05,0.00010532878858758564,0.0022519413115465346,6.193515973449574e-05,7.689032943229308e-05,-0.00843289321697412,6.268580985998456e-05,7.78222352461257e-05,0.0,0.0,0.0,0.01089386342681521,0.0008836506199024087,0.0010970212647970884,-0.006009708502674494,0.0012166679587617129,0.0015104506157719582,0.0,0.0,0.0,0.0,0.0,0.0,0.06775723115324561,0.00015602403121975377,0.00019369836472964613,-0.07331943109915498,0.000623994472055311,0.0007746672605017912,0.0006780450217686223,1.138137653940886e-05,1.4129579955223863e-05,0.004884154924140715,0.0005198511993424695,0.0006453770385765613,0.013995093162883457,0.0005381249509369493,0.0006680632605236222,-4306938.6,36654.756284826115,45505.59485246546,-0.07331943109915498,0.000623994472055311,0.0007746672605017912,1042840.6,-220739.2,822101.4,rejected,230475539660.8,0.46288581611617374,54731014553.6,0.25975845701448463,mechanism,0.518677759701419,0.6575034286335141,other
conversation_trace,0.02,4.0,"l1=0.02,l2x4",lru_2hit_s,sampled,,5,58742117,4770907,784165.0,512.0,635.6300498472361,19353.6,759.4187250785958,942.7917228059225,1730191.0,432.0925826718158,536.4277926998188,0.0,0.0,0.0,0.0,0.0,0.0,179609.6,25023.656263623827,31065.991949623665,0.0,0.0,0.0,0.0,0.0,0.0,41264522.0,3720.8622656583243,4619.320053506056,9993368.8,26360.791247608635,32725.998153769655,2533709.6,23.25510696599781,28.870399999999993,179609.6,25023.656263623827,31065.991949623665,983128.2,25308.03104154885,31419.03326655292,0.013349280551124842,8.71606312724451e-06,1.0820686796957196e-05,0.0003294671862098535,1.2928010835540627e-05,1.6049672210586522e-05,0.029454011676153923,7.355754350355544e-06,9.131911141368201e-06,0.0,0.0,0.0,0.0,0.0,0.0,0.0030575949450374765,0.00042599173372699227,0.0005288538026238255,0.0,0.0,0.0,0.0,0.0,0.0,0.702469098960121,6.334232499075119e-05,7.863727576427932e-05,0.17012272131765357,0.0004487545324185137,0.0005571130191608457,0.043132759413488625,3.9588472723922007e-07,4.914770095875488e-07,0.0030575949450374765,0.00042599173372699227,0.0005288538026238255,0.016736342682372174,0.00043083280504767736,0.0005348638229458589,14764275.8,26360.791247608635,32725.998153769655,9993368.8,26360.791247608635,32725.998153769655,9993368.8,26360.791247608635,32725.998153769655,0.17012272131765357,0.0004487545324185137,0.0005571130191608457,0.0,0.0,0.0,9.171200323104859,2.6802019865735747,3.327376801418794,784165.0,512.0,635.6300498472361,-307537.4,2790.126126181395,3463.8437669233517,-441173.0,2342.363870110705,2907.9626240602197,0.0,0.0,0.0,0.0,0.0,0.0,-854612.2,48376.94676909654,60058.28337167563,0.0,0.0,0.0,0.0,0.0,0.0,2395624.4,15336.460161980012,19039.67761179591,-1576466.8,47511.73355814329,58984.15150369379,35454.6,216.29100767253362,268.5177031023467,-854612.2,48376.94676909654,60058.28337167563,-377984.6,48343.9049033071,60017.26305370925,0.013349280551124842,8.71606312724451e-06,1.0820686796957196e-05,-0.005235381625759249,4.7497881735883006e-05,5.896695495198719e-05,-0.007510335386789005,3.987537374777904e-05,4.950387852144134e-05,0.0,0.0,0.0,0.0,0.0,0.0,-0.014548542743190545,0.0008235478944195445,0.001022405838245081,0.0,0.0,0.0,0.0,0.0,0.0,0.04078205761634361,0.0002610811619536778,0.0003241231093492003,-0.0268370784117297,0.0008088188847219087,0.001004120289088228,0.0006035635385765861,3.6820431186104257e-06,4.571127443402379e-06,-0.014548542743190545,0.0008235478944195445,0.001022405838245081,-0.006434643817824952,0.000822985404208485,0.001021707526368334,-1576466.8,47511.73355814329,58984.15150369379,-0.0268370784117297,0.0008088188847219087,0.001004120289088228,784165.0,-1162149.6,-377984.6,not_worse,75749142528.0,0.15213416447913541,45748554956.8,0.21712687300146286,mechanism,0.8472876022244538,0.7980688354797103,other
conversation_trace,0.02,4.0,"l1=0.02,l2x4",lru_s,sampled,,5,58742117,4770907,0.0,0.0,0.0,326891.0,2312.959792127827,2871.458492118874,2171364.0,2362.1804545800474,2932.564218931411,0.0,0.0,0.0,0.0,0.0,0.0,1034221.8,35844.8463617854,44500.120077555024,0.0,0.0,0.0,0.0,0.0,0.0,38868897.6,11754.030045052632,14592.216217661553,11569835.6,31668.664438210842,39315.536631748735,2498255.0,215.580611373101,267.6357710023082,1034221.8,35844.8463617854,44500.120077555024,1361112.8,35688.54331154467,44306.07532049294,0.0,0.0,0.0,0.005564848811969102,3.9374811638603846e-05,4.888244821205331e-05,0.03696434706294294,4.021272257825003e-05,4.992268526739482e-05,0.0,0.0,0.0,0.0,0.0,0.0,0.01760613768822802,0.000610206921241626,0.000757550499542858,0.0,0.0,0.0,0.0,0.0,0.0,0.6616870413437772,0.00020009544506288665,0.00024841147992095224,0.1969597997293833,0.000539113434373008,0.0006692904280543549,0.04252919587491204,3.669949644018055e-06,4.556113818679771e-06,0.01760613768822802,0.000610206921241626,0.000757550499542858,0.023170986500197124,0.0006075460867633468,0.0007542471668239831,16340742.6,31668.664438210842,39315.536631748735,11569835.6,31668.664438210842,39315.536631748735,11569835.6,31668.664438210842,39315.536631748735,0.1969597997293833,0.000539113434373008,0.0006692904280543549,0.0,0.0,0.0,59.074361419677736,6.656082945041585,8.263293621375237,0.0,0.0,0.0,0.0,0.0,0.0,0.0,0.0,0.0,0.0,0.0,0.0,0.0,0.0,0.0,0.0,0.0,0.0,0.0,0.0,0.0,0.0,0.0,0.0,0.0,0.0,0.0,0.0,0.0,0.0,0.0,0.0,0.0,0.0,0.0,0.0,0.0,0.0,0.0,0.0,0.0,0.0,0.0,0.0,0.0,0.0,0.0,0.0,0.0,0.0,0.0,0.0,0.0,0.0,0.0,0.0,0.0,0.0,0.0,0.0,0.0,0.0,0.0,0.0,0.0,0.0,0.0,0.0,0.0,0.0,0.0,0.0,0.0,0.0,0.0,0.0,0.0,0.0,0.0,0.0,0.0,0.0,0.0,0.0,0.0,0.0,0.0,not_worse,497910136012.8,1.0,210699644518.4,1.0,mechanism,0.6564113209231959,0.5992966788721181,other
toolagent_trace,0.0025,1.0,"l1=0.0025,l2x1",A_none,learned,binary,5,83026370,29393272,745202.2,13676.914480247362,16979.409829757846,352429.2,13655.075730291648,16952.297787330204,3257579.4,250.8122804011,311.3746529172855,0.0,0.0,0.0,171929.6,23840.734485329933,29597.436033798804,454963.2,36450.30089313393,45251.77065165913,0.0,0.0,0.0,0.0,0.0,0.0,47516466.8,3859.9390150622844,4791.978962014319,1134527.6,22348.316005909706,27744.650814137054,4355210.8,166.80737393772495,207.08550666195833,626892.8,20758.427377814533,25770.859822090784,1724524.2,20583.325550066005,25553.47704181708,0.008975488149126597,0.0001647297657388532,0.00020450622892170077,0.004244786325115744,0.00016446673183822966,0.00020417968155575378,0.03923547904117691,3.020874938903984e-06,3.7503103281207146e-06,0.0,0.0,0.0,0.0020707830536250108,0.00028714653531558624,0.00035648235655489697,0.005479743363463922,0.00043902077006538915,0.0005450288944543659,0.0,0.0,0.0,0.0,0.0,0.0,0.5723057240729662,4.649051879617772e-05,5.7716349179371704e-05,0.013664665816414711,0.0002691713007073502,0.0003341667329805828,0.05245575351541926,2.009089087451129e-06,2.4942136656330065e-06,0.007550526417088932,0.00025002209994023027,0.00031039367157796724,0.02077080089133127,0.00024791310941410543,0.0003077754337786546,30527799.6,22348.316005909706,27744.650814137054,1134527.6,22348.316005909706,27744.650814137054,1134527.6,22348.316005909706,27744.650814137054,0.013664665816414711,0.0002691713007073502,0.0003341667329805828,0.0,0.0,0.0,81.08399724960327,12.136162109296803,15.066619778293878,735883.8,13836.330355263999,17177.319049647034,-744363.6,13621.040756858487,16910.044561041395,12410.0,1301.5417780463292,1615.8184868317355,0.0,0.0,0.0,171929.6,23840.734485329933,29597.436033798804,409958.0,41538.250480731615,51568.281686785966,0.0,0.0,0.0,0.0,0.0,0.0,-1072497.8,7169.229156610912,8900.346652700884,486680.0,21845.59406379236,27120.5391478727,3930.2,600.324662162067,745.2820213566404,581887.6,24526.774141741513,30449.130215443474,573407.8,23371.685320061966,29015.127939462705,0.008863253927637687,0.00016664982890693628,0.00020688992002958843,-0.008965387743677099,0.00016405680215645228,0.00020367076822750766,0.00014947058386389627,1.567624572827252e-05,1.946150947984255e-05,0.0,0.0,0.0,0.0020707830536250108,0.00028714653531558624,0.00035648235655489697,0.004937684256218837,0.0005003018978275408,0.0006211072661226301,0.0,0.0,0.0,0.0,0.0,0.0,-0.01291755619329138,8.634882094221213e-05,0.00010719903390575852,0.005861752115623025,0.0002631163335671833,0.00032664970355650535,4.7336767824486536e-05,7.230530037165487e-06,8.976449546768431e-06,0.007008467309843848,0.00029540944812764307,0.00036674047312249664,0.006906333493804437,0.0002814971354289237,0.00034946882465730655,486680.0,21845.59406379236,27120.5391478727,0.005861752115623025,0.0002631163335671833,0.00032664970355650535,907813.4,-334405.6,573407.8,rejected,48810518937.6,0.08521761120282774,16115400704.0,0.07140197331354096,mechanism,0.8193789039279789,0.5380084639031719,other
toolagent_trace,0.0025,1.0,"l1=0.0025,l2x1",A_none,learned,next_use,5,83026370,29393272,772978.6,4169.495209254953,5176.282124407301,330218.2,3871.205587410723,4805.966016591361,3253123.0,499.82496936427657,620.5151761560711,0.0,0.0,0.0,66817.2,16644.141873343906,20663.118610582143,320000.0,27495.877800135786,34135.16831385512,0.0,0.0,0.0,0.0,0.0,0.0,47473063.2,7033.97790727267,8732.436968406415,1416897.8,13699.249311549886,17007.13773978549,4356319.8,426.7689070211184,529.8186360216483,386817.2,17902.866884943316,22225.781582978423,1490014.0,17670.413025733156,21937.198266343785,0.00931003728092653,5.021892694158451e-05,6.23450371780353e-05,0.003977268908661188,4.6626217518732054e-05,5.788481438597604e-05,0.03918180452788674,6.020074939615208e-06,7.473711980374437e-06,0.0,0.0,0.0,0.0008047708216076409,0.00020046813889784543,0.0002488741662508206,0.0038541971665146863,0.00033117041971286704,0.0004111364656055074,0.0,0.0,0.0,0.0,0.0,0.0,0.5717829552225395,8.471980537354186e-05,0.00010517666818873546,0.017065635893752793,0.00016499877462485547,0.00020484019402251905,0.05246911071747447,5.140160975617845e-06,6.381329642880447e-06,0.004658967988122328,0.0002156286838138694,0.00026769545125215574,0.017946274177710046,0.00021282892442164015,0.0002642196481231656,30810169.8,13699.249311549886,17007.13773978549,1416897.8,13699.249311549886,17007.13773978549,1416897.8,13699.249311549886,17007.13773978549,0.017065635893752793,0.00016499877462485547,0.00020484019402251905,0.0,0.0,0.0,92.64352717399598,17.330600954648812,21.51533349352731,763660.2,4339.964135796516,5387.9133202569465,-766574.6,4203.15099657388,5218.064604429132,7953.6,1490.6783019820207,1850.6248503809086,0.0,0.0,0.0,66817.2,16644.141873343906,20663.118610582143,274994.8,32680.972326416482,40572.28138456299,0.0,0.0,0.0,0.0,0.0,0.0,-1115901.4,11568.290660248816,14361.627283244672,769050.2,18839.392471627103,23388.445265296836,5039.2,684.8099736423236,850.1675735979583,341812.0,24498.246080076835,30413.713627049012,338897.6,23798.922523929523,29545.527949601237,0.009197803059437622,5.2272117109257144e-05,6.489400078862828e-05,-0.009232905160131654,5.06242895669633e-05,6.284828066587851e-05,9.579607057372402e-05,1.7954275274012248e-05,2.2289603295686336e-05,0.0,0.0,0.0,0.0008047708216076409,0.00020046813889784543,0.0002488741662508206,0.003312138059269603,0.0003936215966856854,0.0004886674123481854,0.0,0.0,0.0,0.0,0.0,0.0,-0.013440325043718037,0.00013933272838793546,0.00017297669744252897,0.009262722192961103,0.00022690854088438497,0.00028169899834590864,6.069396987968822e-05,8.248102062542145e-06,1.0239729541325694e-05,0.004116908880877243,0.0002950658457075365,0.0003663139027642545,0.004081806780183212,0.0002866429367432235,0.0003558571565829166,769050.2,18839.392471627103,23388.445265296836,0.009262722192961103,0.00022690854088438497,0.00028169899834590864,830477.3999999999,-491579.8,338897.6,rejected,43869075046.4,0.07659041252790263,14365848780.8,0.0636502914270351,mechanism,0.8343084741913236,0.4457910513470626,other
toolagent_trace,0.0025,1.0,"l1=0.0025,l2x1",B,learned,binary,5,83026370,29393272,743987.0,8638.099530568052,10723.8977250007,358061.6,8847.868008735213,10984.317936394786,3255673.4,180.60121815757503,224.21008066400583,0.0,0.0,0.0,52121.6,6378.45975138199,7918.634159608445,446361.6,14397.126824474388,17873.52820526882,0.0,0.0,0.0,0.0,0.0,0.0,47792004.0,4109.945011797603,5102.3526420279495,984888.8,9163.226680596743,11375.824671385219,4357722.0,75.04665215717488,93.1677876006509,498483.2,9220.265679469328,11446.636588761425,1600531.8,9377.25691233849,11641.535700429791,0.008960851835386759,0.00010404043354621058,0.00012916255070528494,0.00431262501299286,0.00010656696190301012,0.00013229914708296647,0.03921252247930386,2.1752271977880094e-06,2.7004683049981564e-06,0.0,0.0,0.0,0.0006277716344819122,7.682450468907639e-05,9.53749291894665e-05,0.005376142543628007,0.0001734042669151306,0.00021527531801364825,0.0,0.0,0.0,0.0,0.0,0.0,0.575624394996433,4.950168255937962e-05,6.145460342332135e-05,0.011862361319662656,0.0001103652572140241,0.00013701459754756481,0.05248599932768348,9.038893565641308e-07,1.1221469468149309e-06,0.006003914178109918,0.00011105225580101015,0.00013786748220789862,0.019277391026489538,0.00011294311569129806,0.00014021491847023817,30378160.8,9163.226680596743,11375.824671385219,984888.8,9163.226680596743,11375.824671385219,984888.8,9163.226680596743,11375.824671385219,0.011862361319662656,0.0001103652572140241,0.00013701459754756481,0.0,0.0,0.0,89.3347990989685,10.076280590933582,12.509349090409865,734668.6,9091.27451461015,11286.498579876088,-738731.2,9793.361358593891,12158.114782294982,10504.0,1238.4877875861353,1537.5391682784539,0.0,0.0,0.0,52121.6,6378.45975138199,7918.634159608445,401356.4,14355.978050972355,17822.44344559646,0.0,0.0,0.0,0.0,0.0,0.0,-796960.6,5617.949341174233,6974.48714798794,337041.2,4481.895938104766,5564.116676850895,6441.4,536.7916728117157,666.4080424743986,453478.0,9073.894698529402,11264.922147528938,449415.4,9000.119349208655,11173.332637829242,0.00884861761389785,0.00010949863898193065,0.0001359387213950959,-0.008897549055799984,0.0001179548299967099,0.0001464367860752558,0.00012651402199084365,1.491680038024377e-05,1.851868470557738e-05,0.0,0.0,0.0,0.0006277716344819122,7.682450468907639e-05,9.53749291894665e-05,0.004834083436382923,0.00017290865602063955,0.0002146600344637065,0.0,0.0,0.0,0.0,0.0,0.0,-0.009598885269824508,6.766463885117341e-05,8.400327688645818e-05,0.004059447618870968,5.398159570392827e-05,6.701625853148686e-05,7.758258008871144e-05,6.465315451123624e-06,8.026462465773075e-06,0.005461855070864835,0.00010928931011351431,0.0001356788469437952,0.005412923628962701,0.00010840073279379406,0.00013457570935389892,337041.2,4481.895938104766,5564.116676850895,0.004059447618870968,5.398159570392827e-05,6.701625853148686e-05,786790.2,-337374.79999999993,449415.4,rejected,43135542067.2,0.0753097474256563,13163446681.6,0.05832284818338592,mechanism,0.727619920084223,0.34632675968089444,other
toolagent_trace,0.0025,1.0,"l1=0.0025,l2x1",B,learned,next_use,5,83026370,29393272,716656.6,6489.122228776401,8056.017745589751,383460.8,7015.500887320876,8709.498395920113,3255254.8,607.0623526459206,753.6466278763808,0.0,0.0,0.0,10854.4,3989.0024818242464,4952.206731177138,230221.4,14095.228192548,17498.731637963778,0.0,0.0,0.0,0.0,0.0,0.0,47787858.8,7184.495438094453,8919.299205943784,1248791.2,16083.646949619353,19967.283813109174,4355372.2,551.5094740800016,684.6796767591687,241075.8,15501.187831905012,19244.18123883819,1341193.2,15886.29863121048,19722.282794617964,0.008631674490887656,7.815736408536729e-05,9.702962740138788e-05,0.004618542277592047,8.449726137997951e-05,0.00010490038762287366,0.03920748070763542,7.311681248330388e-06,9.077195930358099e-06,0.0,0.0,0.0,0.00013073436788817817,4.804500644583458e-05,5.964619109780589e-05,0.0027728708360970134,0.00016976808925342642,0.00021076113092700287,0.0,0.0,0.0,0.0,0.0,0.0,0.5755744686898873,8.653269362609342e-05,0.00010742730539642455,0.015040898451901485,0.00019371733281389216,0.00024049327717337482,0.05245769747611512,6.6425820384537e-06,8.246532719173204e-06,0.0029036052039851917,0.0001867019819354382,0.00023178396500820385,0.016153821972464892,0.00019134039740880508,0.00023754239520068114,30642063.2,16083.646949619357,19967.283813109178,1248791.2,16083.646949619353,19967.283813109174,1248791.2,16083.646949619353,19967.283813109174,0.015040898451901485,0.00019371733281389216,0.00024049327717337482,0.0,0.0,0.0,96.11133975982666,12.999145779432238,16.13798374951563,707338.2,6482.242335797081,8047.476599657349,-713332.0,6028.540287665,7484.22141319253,10085.4,1270.032401161482,1576.7007001130428,0.0,0.0,0.0,10854.4,3989.0024818242464,4952.206731177138,185216.2,18169.745931080048,22557.102562273492,0.0,0.0,0.0,0.0,0.0,0.0,-801105.8,10349.580749962774,12848.641656243815,600943.6,15882.294821593006,19717.312205347,4091.6,469.1149112957293,582.3897157245824,196070.6,18138.959970185722,22518.882871144866,190076.8,16979.6588511077,21079.651175622366,0.008519440269398746,7.807450013528351e-05,9.692675471247715e-05,-0.008591631791200798,7.260994654668136e-05,9.014270301342232e-05,0.00012147225032239639,1.5296735256058183e-05,1.8990360533805148e-05,0.0,0.0,0.0,0.00013073436788817817,4.804500644583458e-05,5.964619109780589e-05,0.0022308117288519303,0.00021884307276206417,0.0002716860024384242,0.0,0.0,0.0,0.0,0.0,0.0,-0.009648811576370275,0.00012465414000351887,0.00015475374457832238,0.007237984751109798,0.0001912921740597958,0.00023748252760354333,4.9280728520346984e-05,5.650191755892865e-06,7.014514975477781e-06,0.0023615460967401085,0.000218472275376916,0.00027122567048450824,0.0022893545749380585,0.00020450922822601647,0.00025389103697563014,600943.6,15882.294821593006,19717.312205347,0.007237984751109798,0.0001912921740597958,0.00023748252760354333,718192.6,-528115.8,190076.8,rejected,46639876505.6,0.08142791654567784,16308857651.2,0.07225911661608789,mechanism,0.7644830700478263,0.37011981587740256,other
toolagent_trace,0.0025,1.0,"l1=0.0025,l2x1",C_lru,learned,binary,5,83026370,29393272,780497.6,9604.357594342267,11923.473235239173,320228.6,9832.4998245614,12206.70381564239,3256794.2,466.08014332301263,578.6221576820576,0.0,0.0,0.0,158643.8,18765.881599328073,23297.18409454733,449638.4,25439.23923390792,31581.92363735284,0.0,0.0,0.0,0.0,0.0,0.0,47742521.0,6920.303750558931,8591.314488136306,924774.4,4982.472960287893,6185.56550021543,4357520.4,306.9662847936236,381.0878806734216,608282.2,11066.905267508166,13739.174896173547,1709008.4,11182.029234445776,13882.097265007851,0.009400598869973478,0.0001156783994572119,0.00014361067736960175,0.0038569505086155156,0.00011842622801118981,0.0001470220101835405,0.03922602180487958,5.613639899265624e-06,6.9691371269426605e-06,0.0,0.0,0.0,0.0019107640138910087,0.0002260231490227511,0.00028059981539054797,0.005415609522613117,0.00030639951179255355,0.00038038425186302663,0.0,0.0,0.0,0.0,0.0,0.0,0.5750284036264623,8.335067220881973e-05,0.00010347693736502486,0.011138321475454124,6.001072864305485e-05,7.450121570069125e-05,0.05248357118346858,3.6972143283349133e-06,4.589961968389525e-06,0.007326373536504126,0.00013329385913786378,0.00016547965298463054,0.02058392291509312,0.00013468045434776729,0.00016720106232523386,30318046.4,4982.472960287892,6185.565500215428,924774.4,4982.472960287893,6185.56550021543,924774.4,4982.472960287893,6185.56550021543,0.011138321475454124,6.001072864305485e-05,7.450121570069125e-05,0.0,0.0,0.0,90.00978498458862,10.366635942344699,12.869815079649825,771179.2,9801.31966624903,12167.994742239389,-776564.2,10615.514457622861,13178.789030962647,11624.8,1351.7868545003685,1678.1959877127106,0.0,0.0,0.0,158643.8,18765.881599328073,23297.18409454733,404633.2,25298.340186660465,31407.002409959627,0.0,0.0,0.0,0.0,0.0,0.0,-846443.6,8339.728370876355,10353.480390805757,276926.8,9235.290531434299,11465.289415721272,6239.8,423.9742916734457,526.3492190436307,563277.0,13592.547535322436,16874.671225445167,557892.0,13815.385065209004,17151.316206362422,0.009288364648484572,0.0001180506827680054,0.0001465557839303272,-0.009353223560177327,0.00012785714294895556,0.0001587301604413473,0.00014001334756656296,1.6281415826086596e-05,2.0212806939685552e-05,0.0,0.0,0.0,0.0019107640138910087,0.0002260231490227511,0.00028059981539054797,0.004873550415368033,0.000304702472077973,0.0003782774365537072,0.0,0.0,0.0,0.0,0.0,0.0,-0.010194876639795281,0.00010044674205167455,0.00012470110870566086,0.0033354077746624356,0.00011123322061935587,0.0001380921436854488,7.5154435873806e-05,5.106501605135973e-06,6.339542714487441e-06,0.006784314429259042,0.00016371361936361192,0.00020324471882180486,0.006719455517566286,0.00016639755616449392,0.0002065767322642491,276926.8,9235.290531434299,11465.289415721272,0.0033354077746624356,0.00011123322061935587,0.0001380921436854488,929823.0,-371930.99999999994,557892.0,rejected,28544014745.6,0.049834601305263765,7801426739.2,0.034565523629930046,mechanism,0.6932945155281576,0.3842787474611827,other
toolagent_trace,0.0025,1.0,"l1=0.0025,l2x1",C_lru,learned,next_use,5,83026370,29393272,704649.6,5875.327165358538,7294.012693331383,390636.6,4948.736939866575,6143.683413609863,3258431.2,821.9776152669853,1020.4563917294261,0.0,0.0,0.0,18739.2,3684.97750332346,4574.770379147333,263372.8,18362.892669729354,22796.887466795928,0.0,0.0,0.0,0.0,0.0,0.0,47665084.8,4397.607838359396,5459.4759560644125,1332183.8,17475.039347595186,21694.648694520198,4353717.4,441.2616004140854,547.8108067712428,282112.0,19300.430668770063,23960.808023561407,1377398.2,19880.870986956277,24681.404328995093,0.008487057786580335,7.076459160334889e-05,8.785175954737492e-05,0.00470497024017791,5.9604399660813586e-05,7.399677251468266e-05,0.039245738432259536,9.90019936156547e-06,1.2290750417362177e-05,0.0,0.0,0.0,0.00022570178607110008,4.4383218287436383e-05,5.510020947739052e-05,0.0031721584359282475,0.0002211694028021381,0.00027457405962462206,0.0,0.0,0.0,0.0,0.0,0.0,0.5740957336807571,5.2966398968868475e-05,6.575592737658294e-05,0.0160453094601149,0.00021047577230698126,0.0002612982922717227,0.05243776645901778,5.3147162812731895e-06,6.598033935135928e-06,0.0033978602219993477,0.0002324614537377711,0.00028859274497441484,0.016589888248757595,0.00023945248945553423,0.0002972718707200508,30725455.8,17475.039347595186,21694.648694520198,1332183.8,17475.039347595186,21694.648694520198,1332183.8,17475.039347595186,21694.648694520198,0.0160453094601149,0.00021047577230698126,0.0002612982922717227,0.0,0.0,0.0,94.96195721626282,14.377331881754449,17.848953477870776,695331.2,7209.275393546844,8950.062651880144,-706156.2,5977.465742269043,7420.814155700426,13261.8,1574.4968085074038,1954.6825876481937,0.0,0.0,0.0,18739.2,3684.97750332346,4574.770379147333,218367.6,12540.786331008116,15568.946563871536,0.0,0.0,0.0,0.0,0.0,0.0,-923879.8,1843.4808651027545,2288.6168636283005,684336.2,13861.443636937676,17208.49630840107,2436.8,674.1429373656598,836.9248220349542,237106.8,12851.899789525281,15955.18301532742,226281.8,14048.586359488274,17440.82743743112,0.008374823565091427,8.683115248260102e-05,0.0001077978316031419,-0.008505203828614933,7.199478602122463e-05,8.937900278791428e-05,0.0001597299749465153,1.896381605636194e-05,2.3542912783592105e-05,0.0,0.0,0.0,0.00022570178607110008,4.4383218287436383e-05,5.510020947739052e-05,0.0026300993286831643,0.00015104582232136743,0.00018751809291278818,0.0,0.0,0.0,0.0,0.0,0.0,-0.011127546585500503,2.2203558521243232e-05,2.7564939471960664e-05,0.008242395759323212,0.00016695230246652548,0.00020726543034943053,2.934971142300735e-05,8.11962437193788e-06,1.0080228992725993e-05,0.002855801114754264,0.00015479298672849696,0.0001921700661528068,0.0027254208512307596,0.00016920631793836466,0.00021006371153443364,684336.2,13861.443636937676,17208.49630840107,0.008242395759323212,0.00016695230246652548,0.00020726543034943053,714070.3999999999,-487788.6,226281.8,rejected,45911964876.8,0.08015706568149432,15525287936.0,0.06878738017455327,mechanism,0.7735357404931142,0.3988884845077858,other
toolagent_trace,0.0025,1.0,"l1=0.0025,l2x1",C_union,learned,binary,5,83026370,29393272,915239.0,10471.602623285511,13000.127534022302,197668.2,10339.110416278569,12835.643104053173,3245698.0,512.0,635.6300498472361,0.0,0.0,0.0,117298.2,6470.035100368467,8032.321744844876,137728.0,8513.684043937736,10569.440260218285,0.0,0.0,0.0,0.0,0.0,0.0,48294750.0,9636.013776453416,11962.77327549949,724716.6,7223.091983354497,8967.215463732013,4358605.2,422.72000189250565,524.7920622546038,255026.2,6501.296655283468,8071.131869276367,1367933.4,6676.9668488019315,8289.220255727178,0.011023473626511673,0.00012612381612354595,0.00015657829595611944,0.002380788176093933,0.00012452803147094794,0.000154597185256361,0.039092375109257456,6.166715466424111e-06,7.655761053353281e-06,0.0,0.0,0.0,0.0014127824689914783,7.792747172215847e-05,9.674422409223569e-05,0.0016588464604679214,0.00010254192787108169,0.00012730220844556122,0.0,0.0,0.0,0.0,0.0,0.0,0.5816796518985474,0.00011605967810529268,0.00014408402144398705,0.008728752082019241,8.699756454912458e-05,0.0001080044263495082,0.05249663691186306,5.0913944797583605e-06,6.320787747970215e-06,0.0030716289294593995,7.83039973358279e-05,9.721166744103541e-05,0.016475890732065006,8.041983346739082e-05,9.983840381950011e-05,30117988.6,7223.091983354497,8967.215463732013,724716.6,7223.091983354497,8967.215463732013,724716.6,7223.091983354497,8967.215463732013,0.008728752082019241,8.699756454912458e-05,0.0001080044263495082,0.0,0.0,0.0,80.69166569709778,20.51906674682905,25.473701990440848,905920.6,10507.683012919642,13044.920072814586,-899124.6,9293.84316631177,11537.980459131142,528.6,1110.6875348179613,1378.87963500204,0.0,0.0,0.0,117298.2,6470.035100368467,8032.321744844876,92722.8,12927.173248626323,16048.63237579728,0.0,0.0,0.0,0.0,0.0,0.0,-294214.6,8159.047511811657,10129.17143874768,76869.0,8871.623047672843,11013.808984410505,7324.6,327.73205519143227,406.86785659739695,210021.0,10720.426880493145,13309.03412584279,216817.0,11157.853803487478,13852.084315036951,0.010911239405022767,0.0001265583815469666,0.00015711779369391392,-0.010829385892698908,0.00011193844999259611,0.00013896766122776605,6.366651944436641e-06,1.3377527342433227e-05,1.6607731194342963e-05,0.0,0.0,0.0,0.0014127824689914783,7.792747172215847e-05,9.674422409223569e-05,0.0011167873532228376,0.00015569960783093766,0.0001932956044663555,0.0,0.0,0.0,0.0,0.0,0.0,-0.003543628367710161,9.827055562961684e-05,0.00012199944955736122,0.0009258383812275547,0.00010685307628977185,0.00013265434806327775,8.82201642682906e-05,3.947324870292069e-06,4.900465437630826e-06,0.0025295698222143155,0.00012912074658320182,0.00016029888005272055,0.0026114233345381718,0.00013438927660558387,0.0001668395753666822,76869.0,8871.623047672843,11013.808984410505,0.0009258383812275547,0.00010685307628977185,0.00013265434806327775,1023218.7999999999,-806401.7999999999,216817.0,rejected,79322802995.2,0.138488586728716,11229731225.6,0.049755199018384204,mechanism,0.5738354443992029,0.22597606353314478,other
toolagent_trace,0.0025,1.0,"l1=0.0025,l2x1",C_union,learned,next_use,5,83026370,29393272,770556.6,8730.586824492384,10838.7174579057,326562.8,8832.102450719194,10964.745548840894,3255880.4,419.8586666963063,521.2398149237641,0.0,0.0,0.0,24064.0,7066.712955823237,8773.07638352741,126566.4,13673.371961590161,16975.01191704171,0.0,0.0,0.0,0.0,0.0,0.0,47951377.0,6181.741785289968,7674.41570141915,1178090.8,12486.14731212154,15501.11413750732,4352999.8,329.19477517117434,408.6837721709048,150630.4,17094.20711235242,21221.85882602255,1247749.8,17065.689019198726,21186.454613184993,0.009280865826122472,0.00010515438437802804,0.00013054548160910427,0.0039332419326534454,0.00010637707574977894,0.00013206341008092814,0.03921501566309596,5.0569315109928336e-06,6.278003180481316e-06,0.0,0.0,0.0,0.0002898356269219045,8.511407828408296e-05,0.0001056661441844008,0.001524412063299889,0.00016468709834706932,0.00020445325885067256,0.0,0.0,0.0,0.0,0.0,0.0,0.5775439417621173,7.445516147806889e-05,9.243347265954872e-05,0.01418935694767819,0.0001503877299720745,0.0001867010943331297,0.05242912342187187,3.964942405299468e-06,4.922336989691252e-06,0.0018142476902217933,0.00020588888942576212,0.00025560383798572126,0.01502835544899771,0.00020554540707005156,0.00025517741668321743,30571362.8,12486.14731212154,15501.11413750732,1178090.8,12486.14731212154,15501.11413750732,1178090.8,12486.14731212154,15501.11413750732,0.01418935694767819,0.0001503877299720745,0.0001867010943331297,0.0,0.0,0.0,94.68717937469482,5.609079107662473,6.963475064063649,761238.2,10384.27198700034,12891.709610789618,-770230.0,9735.214661218313,12085.927696061992,10711.0,925.5503768029054,1149.038344029998,0.0,0.0,0.0,24064.0,7066.712955823237,8773.07638352741,81561.2,11241.42625292716,13955.836581058828,0.0,0.0,0.0,0.0,0.0,0.0,-637587.6,3134.350459026559,3891.1862080268734,530243.2,10116.468786093297,12559.241325747053,1719.2,807.9029644703626,1002.9832062070828,105625.2,12533.939851459318,15560.446899541692,96633.4,12606.317991388287,15650.301822766109,0.009168631604633564,0.0001250719739644205,0.00015527247079198596,-0.009276932136139397,0.00011725448988337428,0.0001455673383776981,0.00012900720578293555,1.1147667624187357e-05,1.3839438530552013e-05,0.0,0.0,0.0,0.0002898356269219045,8.511407828408296e-05,0.0001056661441844008,0.0009823529560548053,0.000135395853786299,0.00016808920564705923,0.0,0.0,0.0,0.0,0.0,0.0,-0.007679338504140332,3.7751264556368984e-05,4.6866871429220737e-05,0.0063864432468865,0.0001218464541577972,0.00015126810103521408,2.0706674277098936e-05,9.730679113998348e-06,1.2080296973199668e-05,0.0012721885829767097,0.00015096336081487488,0.00018741571984348676,0.0011638880514708758,0.0001518351096330994,0.00018849796543876472,530243.2,10116.468786093297,12559.241325747053,0.0063864432468865,0.0001218464541577972,0.00015126810103521408,785302.2,-688668.8,96633.4,rejected,44089380454.4,0.07697504069849892,12729291161.6,0.05639924966899886,mechanism,0.6686269731955591,0.3465023467827321,other
toolagent_trace,0.0025,1.0,"l1=0.0025,l2x1",lfu_s,sampled,,5,83026370,29393272,897861.8,11278.421995119708,14001.765497961143,217952.8,11002.734669162935,13659.509348078027,3243424.8,536.104653962265,665.5551326589255,0.0,0.0,0.0,55030.0,34931.67999109118,43366.45604293943,251918.6,37232.68537588983,46223.0735574674,0.0,0.0,0.0,0.0,0.0,0.0,47794557.2,4253.547542934016,5280.630149888159,1172352.8,6045.792851231342,7505.639866004378,4359239.4,384.14619612850527,476.9040347534921,306948.6,5189.978545235038,6443.176409011393,1422763.2,5138.424534816095,6379.173912502764,0.010814176267130552,0.0001358414440510851,0.00016864239033889016,0.002625103325606069,0.0001325209649556273,0.00016452013195419768,0.03906499585613583,6.457040744553152e-06,8.016189707667882e-06,0.0,0.0,0.0,0.0006628014689790726,0.0004207299438851919,0.0005223214750077527,0.003034199857226084,0.00044844409524214804,0.0005567276222899712,0.0,0.0,0.0,0.0,0.0,0.0,0.5756551466720754,5.123128402377855e-05,6.360184300346146e-05,0.014120246374736124,7.281774273922058e-05,9.040067470135546e-05,0.05250427544887245,4.626797439518018e-06,5.744006810769341e-06,0.0036970013262051563,6.251000188536533e-05,7.760397580926872e-05,0.017136280918941777,6.188906650761826e-05,7.683310630710217e-05,30565624.8,6045.792851231342,7505.639866004378,1172352.8,6045.792851231342,7505.639866004378,1172352.8,6045.792851231342,7505.639866004378,0.014120246374736124,7.281774273922058e-05,9.040067470135546e-05,0.0,0.0,0.0,15.991024446487426,3.4402623134115142,4.2709650503150955,888543.4,12413.943624006031,15411.475790093227,-878840.0,11977.503391775766,14869.650542890373,-1744.6,798.2667473971342,991.0201805457647,0.0,0.0,0.0,55030.0,34931.67999109118,43366.45604293943,206913.4,34590.14663600026,42942.45435637511,0.0,0.0,0.0,0.0,0.0,0.0,-794407.4,8165.083239012325,10136.664582461399,524505.2,8165.646649225033,10137.364036487937,7958.8,532.7111787826495,661.3422521949129,261943.4,8863.768318271863,11004.057613237299,271646.8,9583.153823246292,11897.149496804243,0.010701942045641642,0.0001495180823153658,0.00018562145725620923,-0.010585070743186773,0.00014426143635781907,0.00017909551559209847,-2.101260117719217e-05,9.614616987314188e-06,1.193620991193086e-05,0.0,0.0,0.0,0.0006628014689790726,0.0004207299438851919,0.0005223214750077527,0.002492140749981,0.0004166163911056241,0.0005172146434485223,0.0,0.0,0.0,0.0,0.0,0.0,-0.00956813359418216,9.834325213798047e-05,0.00012208969972383563,0.006317332673944434,9.835003805688523e-05,0.00012209812420424908,9.585870127767626e-05,6.416168486982934e-06,7.965448232830524e-06,0.0031549422189600723,0.00010675847105289397,0.00013253689897844864,0.003271813521414943,0.00011542301347446995,0.00014329362462557724,524505.2,8165.646649225033,10137.364036487937,0.006317332673944434,9.835003805688523e-05,0.00012209812420424908,943573.4,-671926.6,271646.8,rejected,48351316787.2,0.08441589650755238,7755189862.4,0.0343606634279398,mechanism,0.9009530156612456,0.343855134023755,other
toolagent_trace,0.0025,1.0,"l1=0.0025,l2x1",lru_2hit_s,sampled,,5,83026370,29393272,514970.6,667.5663262927512,828.7601899566363,587261.0,724.0773439350247,898.9166371458479,3250158.0,457.5554611191959,568.0390635919329,0.0,0.0,0.0,0.0,0.0,0.0,95129.6,8282.6979179492,10282.679082921188,0.0,0.0,0.0,0.0,0.0,0.0,48332235.8,3743.1794239656742,4647.026023129785,853343.0,7731.030461717248,9597.803276859055,4352389.6,114.93389404348919,142.6864,95129.6,8282.6979179492,10282.679082921188,1197361.2,8510.60439686865,10565.61698635103,0.0062024944604949,8.040413260181756e-06,9.981891174534587e-06,0.007073186506889317,8.721052647911984e-06,1.0826881111938798e-05,0.03914609298226575,5.5109655055292355e-06,6.841670466769427e-06,0.0,0.0,0.0,0.0,0.0,0.0,0.001145775733661486,9.975984639517784e-05,0.0001238483518299209,0.0,0.0,0.0,0.0,0.0,0.0,0.5821311445989992,4.50842235300216e-05,5.59704829095929e-05,0.010277975539578568,9.31153615618415e-05,0.00011559945685761079,0.052421773949649975,1.3843059023739418e-06,1.7185672455659605e-06,0.001145775733661486,9.975984639517784e-05,0.0001238483518299209,0.014421456701045703,0.00010250483547418297,0.0001272561595352298,30246615.0,7731.030461717248,9597.803276859055,853343.0,7731.030461717248,9597.803276859055,853343.0,7731.030461717248,9597.803276859055,0.010277975539578568,9.31153615618415e-05,0.00011559945685761079,0.0,0.0,0.0,8.846799564361572,1.4597957976945408,1.8122853040143885,505652.2,1335.1326525855025,1657.5203799132726,-509531.8,1587.223739741817,1970.4826265836089,4988.6,1084.464291712733,1346.3243980447503,0.0,0.0,0.0,0.0,0.0,0.0,50124.4,13780.859545035642,17108.453983493684,0.0,0.0,0.0,0.0,0.0,0.0,-256728.8,7760.889169418669,9634.871815657156,205495.4,10565.452796733323,13116.639234074655,1109.0,449.9905554564451,558.6474984288393,50124.4,13780.859545035642,17108.453983493684,46244.8,12854.805898962457,15958.790848308696,0.006090260239005993,1.6080826520363546e-05,1.9963782349069214e-05,-0.0061369875619035254,1.911710387605534e-05,2.3733214237640328e-05,6.0084524952735974e-05,1.3061685000955446e-05,1.6215624000480874e-05,0.0,0.0,0.0,0.0,0.0,0.0,0.0006037166264164024,0.00016598171815816648,0.0002060604839582134,0.0,0.0,0.0,0.0,0.0,0.0,-0.0030921356672585,9.347499077001778e-05,0.00011604592391136003,0.0024750618387868817,0.0001272541819753569,0.00015798160553176827,1.3357202055203077e-05,5.4198510118681205e-06,6.728555017262357e-06,0.0006037166264164024,0.00016598171815816648,0.0002060604839582134,0.0005569893035188699,0.0001548279889746166,0.00019221352021422437,205495.4,10565.452796733323,13116.639234074655,0.0024750618387868817,0.0001272541819753569,0.00015798160553176827,505652.2,-459407.39999999997,46244.8,rejected,210170140262.4,0.36693314656665715,88849509171.2,0.3936625839647031,mechanism,0.5058597992167826,0.5009663412130525,other
toolagent_trace,0.0025,1.0,"l1=0.0025,l2x1",lru_s,sampled,,5,83026370,29393272,9318.4,1751.309452952276,2174.189286871076,1096792.8,1234.484183778796,1532.568834513556,3245169.4,1125.5695447194723,1397.3551285479864,0.0,0.0,0.0,0.0,0.0,0.0,45005.2,7301.322633605503,9064.336073338709,0.0,0.0,0.0,0.0,0.0,0.0,48588964.6,5216.081460253472,6475.582262867497,647847.6,6580.455364182633,8169.404631158047,4351280.6,496.3998388396193,616.2629966909907,45005.2,7301.322633605503,9064.336073338709,1151116.4,7026.767983931161,8723.486101349858,0.00011223422148890767,2.109341228518453e-05,2.6186731840390914e-05,0.013210174068792843,1.4868579510085495e-05,1.8458820185846166e-05,0.03908600845731301,1.3556771718665839e-05,1.6830256803326498e-05,0.0,0.0,0.0,0.0,0.0,0.0,0.0005420591072450837,8.793980314453715e-05,0.00010917418253187164,0.0,0.0,0.0,0.0,0.0,0.0,0.5852232802662576,6.282439495129181e-05,7.799428377834388e-05,0.0078029137007916876,7.925741380940332e-05,9.839530056725401e-05,0.05240841674759478,5.9788214134794705e-06,7.422497173979841e-06,0.0005420591072450837,8.793980314453715e-05,0.00010917418253187164,0.013864467397526836,8.463296641694861e-05,0.00010506886066860255,30041119.6,6580.455364182633,8169.404631158047,647847.6,6580.455364182633,8169.404631158047,647847.6,6580.455364182633,8169.404631158047,0.0078029137007916876,7.925741380940332e-05,9.839530056725401e-05,0.0,0.0,0.0,18.055728816986083,3.5815011599635915,4.446308126632015,0.0,0.0,0.0,0.0,0.0,0.0,0.0,0.0,0.0,0.0,0.0,0.0,0.0,0.0,0.0,0.0,0.0,0.0,0.0,0.0,0.0,0.0,0.0,0.0,0.0,0.0,0.0,0.0,0.0,0.0,0.0,0.0,0.0,0.0,0.0,0.0,0.0,0.0,0.0,0.0,0.0,0.0,0.0,0.0,0.0,0.0,0.0,0.0,0.0,0.0,0.0,0.0,0.0,0.0,0.0,0.0,0.0,0.0,0.0,0.0,0.0,0.0,0.0,0.0,0.0,0.0,0.0,0.0,0.0,0.0,0.0,0.0,0.0,0.0,0.0,0.0,0.0,0.0,0.0,0.0,0.0,0.0,0.0,0.0,0.0,0.0,0.0,not_worse,572775019724.8,1.0,225699654451.2,1.0,mechanism,0.5116876534188044,0.4848724678851724,other
toolagent_trace,0.01,4.0,"l1=0.01,l2x4",A_none,learned,binary,5,83026370,30578881,11108.2,774.9404493249788,962.0613992833512,725661.8,2728.0890198085544,3386.8268743136896,3554079.2,2898.1281372637754,3597.924477251272,0.0,0.0,0.0,2355.2,4457.635606462242,5533.99832565705,1217024.0,16822.14159968938,20884.099030366848,0.0,0.0,0.0,0.0,0.0,0.0,37772323.6,9939.015107142157,12338.938804658597,9164937.0,19088.222848133348,23697.359454012014,4290849.2,706.5466722021978,877.1529227954723,1219379.2,16079.571735590473,19962.224577764806,1956149.2,15619.576105003618,19391.156129328414,0.00013379122801587015,9.333666512518602e-06,1.1587419747284525e-05,0.008740136416899835,3.285810303170576e-05,4.0792182945173345e-05,0.04280663119440246,3.4906116421369094e-05,4.33347197673599e-05,0.0,0.0,0.0,2.8366891145548097e-05,5.368939538681798e-05,6.665350208201384e-05,0.014658282663688658,0.00020261203277572405,0.0002515357353376627,0.0,0.0,0.0,0.0,0.0,0.0,0.45494369559936204,0.00011970913707467201,0.00014861469680848318,0.11038585692714256,0.0002299055450471112,0.0002854196739422877,0.05168055883931816,8.509906818789466e-06,1.0564750967622039e-05,0.014686649554834206,0.00019366824944400774,0.00024043234189047186,0.02356057719974991,0.0001881278936439542,0.0002335541844034417,39743818.0,19088.222848133348,23697.359454012014,9164937.0,19088.222848133348,23697.359454012014,9164937.0,19088.222848133348,23697.359454012014,0.11038585692714256,0.0002299055450471112,0.0002854196739422877,0.0,0.0,0.0,89.30614523887634,18.982078366441595,23.56558480129964,11108.2,774.9404493249788,962.0613992833512,161932.0,4487.403759413677,5570.954443907794,-150192.2,4035.3347073074374,5009.726564758024,0.0,0.0,0.0,2355.2,4457.635606462242,5533.99832565705,-143825.8,105293.92363617191,130718.71470599809,0.0,0.0,0.0,0.0,0.0,0.0,-1105430.2,19754.66080954062,24524.71881852255,1224052.8,124541.94313242426,154614.4560963564,22848.0,1107.5757310450604,1375.0164397143765,-141470.6,107616.37293785736,133601.95409154106,31569.6,110359.0117131356,137006.84397717207,0.00013379122801587015,9.333666512518602e-06,1.1587419747284525e-05,0.0019503682986501756,5.4047933920436306e-05,6.709861510153722e-05,-0.0018089698489768963,4.860304873388207e-05,6.033898103407248e-05,0.0,0.0,0.0,2.8366891145548097e-05,5.368939538681798e-05,6.665350208201384e-05,-0.0017322905963490884,0.0012681985691554612,0.0015744240619696862,0.0,0.0,0.0,0.0,0.0,0.0,-0.01331420607693674,0.00023793236786747116,0.00029538469306224924,0.014742940104451152,0.0015000287635413175,0.0018622331205899521,0.0002751896776891499,1.334004763842188e-05,1.6561201455809773e-05,-0.0017039237052035403,0.0012961709988989927,0.001609150852813884,0.0003802358214625073,0.0013292043445129011,0.0016501605932810511,1224052.8,124541.94313242426,154614.4560963564,0.014742940104451152,0.0015000287635413175,0.0018622331205899521,13463.400000000001,18106.20000000001,31569.6,evicted,445531956019.2,0.8795444846549831,176722929254.4,0.8790787336824272,mechanism,0.6956665763424065,0.6665947469801303,other
toolagent_trace,0.01,4.0,"l1=0.01,l2x4",A_none,learned,next_use,5,83026370,30578881,6445.0,1246.6384800735136,1547.6579672472856,772645.6,3732.346956005028,4633.577893930969,3513041.4,4495.399904346664,5580.881377506114,0.0,0.0,0.0,5120.0,5418.498685060282,6726.876150941504,1069415.4,55724.29000714141,69179.75241199441,0.0,0.0,0.0,0.0,0.0,0.0,37891644.6,12830.88244432159,15929.090718101876,9189177.0,56792.22080091604,70505.55105199512,4292132.0,1071.6419644638781,1330.4059283018846,1074535.4,53055.23959798882,65866.21990298181,1853626.0,55489.19736309041,68887.89313649274,7.762593980683487e-05,1.5014970304898475e-05,1.86405592253074e-05,0.009306026507000126,4.495375331963899e-05,5.580850871754392e-05,0.042312356905402464,5.414424241776052e-05,6.721817872449601e-05,0.0,0.0,0.0,6.1667154664235e-05,6.526238212100904e-05,8.102095937641866e-05,0.012880430639084908,0.0006711637520361469,0.0008332262678953011,0.0,0.0,0.0,0.0,0.0,0.0,0.45638084141219226,0.00015453984612745261,0.0001918558009714393,0.11067781236250603,0.0006840263015342697,0.0008491946721504852,0.05169600935220943,1.2907248196734258e-05,1.6023896122423525e-05,0.012942097793749144,0.0006390167316478945,0.0007933168691222053,0.0223257502405561,0.0006683322101531165,0.0008297110079182401,39768058.0,56792.22080091604,70505.55105199512,9189177.0,56792.22080091604,70505.55105199512,9189177.0,56792.22080091604,70505.55105199512,0.11067781236250603,0.0006840263015342697,0.0008491946721504852,0.0,0.0,0.0,82.44338364601136,24.277768217974547,30.139998090958606,6445.0,1246.6384800735136,1547.6579672472856,208915.8,7478.830503494514,9284.705870576658,-191230.0,8233.51103721857,10221.615294931658,0.0,0.0,0.0,5120.0,5418.498685060282,6726.876150941504,-291434.4,128534.9838654831,159571.67617486467,0.0,0.0,0.0,0.0,0.0,0.0,-986109.2,28909.34898436836,35889.94323434611,1248292.8,144353.09360280435,179209.30484834625,24130.8,1058.586415934004,1314.1979225151133,-286314.4,123513.38724729397,153337.54002499697,-70953.6,130145.03159283492,161570.4939818824,7.762593980683487e-05,1.5014970304898475e-05,1.86405592253074e-05,0.0025162583887504654,9.007777292316365e-05,0.00011182839705718462,-0.0023032441379768885,9.91674215941085e-05,0.00012311287720915052,0.0,0.0,0.0,6.1667154664235e-05,6.526238212100904e-05,8.102095937641866e-05,-0.0035101426209528373,0.0015481224081636126,0.0019219396942786334,0.0,0.0,0.0,0.0,0.0,0.0,-0.011877060264106454,0.00034819478419167375,0.00043227161725058834,0.015034895539814639,0.0017386415135673635,0.0021584624842486276,0.0002906401905804157,1.2750002390011013e-05,1.5828680966240392e-05,-0.0034484754662886022,0.0014876404598598491,0.0018468534758896119,-0.0008545911377313018,0.0015675144125033397,0.0019460141878042164,1248292.8,144353.09360280435,179209.30484834625,0.015034895539814639,0.0017386415135673635,0.0021584624842486276,11565.0,-82518.60000000003,-70953.6,not_worse,438058355916.8,0.8647905177132728,171585901772.8,0.8535254473461872,mechanism,0.6980919370941685,0.6771522097899968,other
toolagent_trace,0.01,4.0,"l1=0.01,l2x4",B,learned,binary,5,83026370,30578881,22706.2,2598.3515351083656,3225.762335510885,814471.0,4792.268930266748,5949.4338652867455,3465030.2,2625.21345798775,3259.1104710163845,0.0,0.0,0.0,46694.4,12673.422142420728,15733.609273675691,1034368.6,20943.963373726572,26001.19625632912,0.0,0.0,0.0,0.0,0.0,0.0,39173116.4,9074.655657378962,11265.866851262292,7891102.2,22716.191685667738,28201.355573242883,4302207.4,503.80780065417804,625.4597215688312,1081063.0,22192.34726206311,27551.02108674287,1918240.2,20839.752318585746,25871.821884895922,0.00027348178656973687,3.129549726319922e-05,3.885226266679954e-05,0.0098097869387762,5.771984166315808e-05,7.165715983110887e-05,0.041734092433524425,3.161903209772722e-05,3.925391982109319e-05,0.0,0.0,0.0,0.000562404450537823,0.0001526433365980077,0.0001895013508801564,0.012458314147661761,0.00025225676340813826,0.0003131679279285496,0.0,0.0,0.0,0.0,0.0,0.0,0.47181535697634375,0.0001092984753805181,0.0001356902253014563,0.09504332418724318,0.0002736021300903297,0.00033966745231958254,0.05181736115887037,6.068045617967067e-06,7.5332658957494336e-06,0.013020718598199582,0.00026729275604922987,0.00033183458564722097,0.023103987323545523,0.00025100160730362903,0.0003116096956291838,38469983.2,22716.191685667738,28201.355573242883,7891102.2,22716.191685667738,28201.355573242883,7891102.2,22716.191685667738,28201.355573242883,0.09504332418724318,0.0002736021300903297,0.00033966745231958254,0.0,0.0,0.0,95.31128578186035,21.6775336867909,26.911898081836014,22706.2,2598.3515351083656,3225.762335510885,250741.2,5441.177556375091,6755.031174582737,-239241.2,4565.334785095174,5667.703080115951,0.0,0.0,0.0,46694.4,12673.422142420728,15733.609273675691,-326481.2,108161.85399067454,134279.14969465224,0.0,0.0,0.0,0.0,0.0,0.0,295362.6,25834.127763483713,32072.163902466837,-49782.0,132551.10892595354,164557.5546365435,34206.2,956.95177516947,1188.0220792038504,-279786.8,115182.84387312201,142995.4624855839,-6339.4,117815.35379058198,146263.63125522927,0.00027348178656973687,3.129549726319922e-05,3.885226266679954e-05,0.003020018820526539,6.553553475088824e-05,8.13600687899851e-05,-0.002881508609854917,5.498656372782583e-05,6.826389110009015e-05,0.0,0.0,0.0,0.000562404450537823,0.0001526433365980077,0.0001895013508801564,-0.003932259112375984,0.0013027409724244785,0.0016173072446097818,0.0,0.0,0.0,0.0,0.0,0.0,0.0035574553000450202,0.0003111556938293634,0.0003862888851152531,-0.0005995926354482289,0.0015964940888774685,0.00198199144002735,0.0004119919972413594,1.1525877563593573e-05,1.4308972910703367e-05,-0.003369854661838162,0.0013873043452715323,0.001722289707301233,-7.635405474188464e-05,0.0014190112585987084,0.0017616527285876685,-49782.0,132551.10892595354,164557.5546365435,-0.0005995926354482289,0.0015964940888774685,0.00198199144002735,69400.6,-75740.0,-6339.4,not_worse,337053727948.8,0.6653927814708596,121935808512.0,0.6065493401988925,mechanism,0.6936105616642491,0.6474291710823066,other
toolagent_trace,0.01,4.0,"l1=0.01,l2x4",B,learned,next_use,5,83026370,30578881,0.0,0.0,0.0,660272.4,4325.916238208964,5370.473347905727,3615956.6,4576.597677314448,5681.685565941656,0.0,0.0,0.0,0.0,0.0,0.0,1640882.8,24606.259543051234,30547.808554499385,0.0,0.0,0.0,0.0,0.0,0.0,37924652.2,19682.87343606111,24435.597311133522,8605725.0,21206.54582905948,26327.18316877495,4276229.0,677.1584009668638,840.6684143770359,1640882.8,24606.259543051234,30547.808554499385,2301155.2,21516.65110327348,26712.16799476428,0.0,0.0,0.0,0.007952562541274537,5.210291908714009e-05,6.468394737606517e-05,0.043551905256125255,5.5122218125573124e-05,6.843230127900052e-05,0.0,0.0,0.0,0.0,0.0,0.0,0.019763393244820893,0.00029636679940422814,0.0003679289911687019,0.0,0.0,0.0,0.0,0.0,0.0,0.4567783970321718,0.00023706773445666054,0.00029431128099581733,0.10365050284626438,0.000255419402643519,0.000317094233660647,0.05150446779739979,8.155943719650271e-06,1.0125318189594832e-05,0.019763393244820893,0.00029636679940422814,0.0003679289911687019,0.027715955786095432,0.0002591544241097567,0.00032173113186526644,39184606.0,21206.54582905948,26327.18316877495,8605725.0,21206.54582905948,26327.18316877495,8605725.0,21206.54582905948,26327.18316877495,0.10365050284626438,0.000255419402643519,0.000317094233660647,0.0,0.0,0.0,98.92155632972717,19.007821896575624,23.597544491421388,0.0,0.0,0.0,96542.6,4773.724677858999,5926.4118260634705,-88314.8,4429.107099630804,5498.581184603663,0.0,0.0,0.0,0.0,0.0,0.0,280033.0,111892.36587676569,138910.4494136206,0.0,0.0,0.0,0.0,0.0,0.0,-953101.6,16282.993683595163,20214.765794464503,664840.8,116274.53500315535,144350.75875003877,8227.8,638.6041027115313,792.8046047640237,280033.0,111892.36587676569,138910.4494136206,376575.6,114158.174916648,141723.37189987983,0.0,0.0,0.0,0.0011627944230248775,5.74964878972667e-05,7.137987396129032e-05,-0.0010636957872540973,5.334578760496058e-05,6.622692506734602e-05,0.0,0.0,0.0,0.0,0.0,0.0,0.0033728199847831474,0.0013476726234901717,0.0016730883141539321,0.0,0.0,0.0,0.0,0.0,0.0,-0.011479504644126925,0.0001961183378677631,0.00024347404077117846,0.008007586023572993,0.0014004530729592954,0.0017386133917457656,9.909863577078071e-05,7.691581634986647e-06,9.548828941505174e-06,0.0033728199847831474,0.0013476726234901717,0.0016730883141539321,0.0045356144078080255,0.0013749628571819786,0.0017069681825169518,664840.8,116274.53500315535,144350.75875003877,0.008007586023572993,0.0014004530729592954,0.0017386133917457656,0.0,376575.6,376575.6,evicted,371585184972.8,0.7335628693000946,158375533363.2,0.7878126732201305,mechanism,0.6208559078845909,0.6193947213055114,other
toolagent_trace,0.01,4.0,"l1=0.01,l2x4",C_lru,learned,binary,5,83026370,30578881,372205.4,12440.24496543376,15444.127983379864,568281.6,12490.86641510508,15506.972738414863,3381428.2,2449.8272796260558,3041.3746794254466,0.0,0.0,0.0,93643.6,10234.510945814654,12705.786528613775,1446411.2,18334.645666060744,22761.819802050006,0.0,0.0,0.0,0.0,0.0,0.0,40262386.8,23790.310500285617,29534.83642417534,6323132.2,31936.469696884156,39648.00747143598,4321915.2,890.6355595865235,1105.69282253067,1540054.8,14208.50200408192,17639.3571037288,2480541.8,13563.243406353806,16838.29117670091,0.00448297811887958,0.0001498348653016356,0.00018601473222760263,0.006844591664070103,0.0001504445685762858,0.00018677165746755953,0.04072715933504018,2.950661674870269e-05,3.6631430224221065e-05,0.0,0.0,0.0,0.0011278778055694833,0.00012326819715006995,0.00015303314511538651,0.017421106089547212,0.00022082918554744413,0.0002741516918305595,0.0,0.0,0.0,0.0,0.0,0.0,0.4849349285052448,0.0002865392103771972,0.00035572838393602645,0.07615811940230555,0.00038465453441941823,0.00047753511891988323,0.05205472911798986,1.0727140781735254e-05,1.3317369198852928e-05,0.018548983895116698,0.00017113240051422075,0.00021245487552603773,0.029876553678066374,0.0001633606697047436,0.00020280654419434387,36902013.2,31936.469696884156,39648.00747143598,6323132.2,31936.469696884156,39648.00747143598,6323132.2,31936.469696884156,39648.00747143598,0.07615811940230555,0.00038465453441941823,0.00047753511891988323,0.0,0.0,0.0,106.71580953598023,23.971883130218274,29.76025247850148,372205.4,12440.24496543376,15444.127983379864,4551.8,13921.318730637555,17282.829138075023,-322843.2,6389.401122170997,7932.2174878506585,0.0,0.0,0.0,93643.6,10234.510945814654,12705.786528613775,85561.4,88312.06670834965,109636.33469519674,0.0,0.0,0.0,0.0,0.0,0.0,1384633.0,38576.82718290865,47891.778486758674,-1617752.0,115128.78467611824,142928.3498877593,53914.0,1378.531102296934,1711.3980337284484,179205.0,88824.2387386461,110272.17831462584,555962.2,94621.02640639659,117468.68697518458,0.00448297811887958,0.0001498348653016356,0.00018601473222760263,5.482354582044234e-05,0.00016767346001803494,0.00020816072216664475,-0.00388844170833917,7.695628656499023e-05,9.553853176828698e-05,0.0,0.0,0.0,0.0011278778055694833,0.00012326819715006995,0.00015303314511538651,0.0010305328295094676,0.0010636628664886783,0.0013205001579040092,0.0,0.0,0.0,0.0,0.0,0.0,0.016677026828946027,0.00046463343131715365,0.0005768261154469038,-0.01948479742038584,0.0013866532365092955,0.001721481378600068,0.0006493599563608552,1.660353333882796e-05,2.0612704538670824e-05,0.0021584106350789516,0.0010698316539509813,0.0013281584912676041,0.006696212299778974,0.0011396502870882654,0.0014148358765436154,-1617752.0,115128.78467611824,142928.3498877593,-0.01948479742038584,0.0013866532365092955,0.001721481378600068,465849.0,90113.2,555962.2,rejected,197628388147.2,0.39014700619731346,64778165043.2,0.3222281768228993,mechanism,0.6400899833005566,0.6495634761156233,other
toolagent_trace,0.01,4.0,"l1=0.01,l2x4",C_lru,learned,next_use,5,83026370,30578881,272204.8,5016.24298653883,6227.489803866261,609673.2,4381.905943764653,5439.982604416068,3428808.0,2463.2755631475743,3058.070251935491,0.0,0.0,0.0,135849.4,26107.525501280277,32411.577608919473,1174323.2,70185.65770298088,87133.03340684921,0.0,0.0,0.0,0.0,0.0,0.0,38868515.8,20862.83217111234,25900.47471265363,7958114.6,59229.163904279456,73530.93047829544,4310686.0,1378.070934313615,1710.8267513101375,1310172.6,54699.56409149894,67907.59111347962,2192050.6,55421.345254333195,68803.65712229042,0.003278534277724053,6.0417467203959745e-05,7.500616736425134e-05,0.007343127249812319,5.277727960122389e-05,6.55211423119677e-05,0.04129781899413403,2.9668592799464184e-05,3.683251781254057e-05,0.0,0.0,0.0,0.0016362199142272507,0.00031444859628670105,0.00039037690807052584,0.014143978593788936,0.0008453417595274956,0.0010494621577078365,0.0,0.0,0.0,0.0,0.0,0.0,0.4681466358218479,0.00025127958949804096,0.0003119548007777985,0.09585044606912238,0.0007133777365465844,0.0008856334496894805,0.051919480521670405,1.6597990907149043e-05,2.0605823804052965e-05,0.015780198508016187,0.0006588215779095124,0.0008179038914200355,0.02640186003555256,0.00066751497451151,0.0008286964385205618,38536995.6,59229.163904279456,73530.93047829544,7958114.6,59229.163904279456,73530.93047829544,7958114.6,59229.163904279456,73530.93047829544,0.09585044606912238,0.0007133777365465844,0.0008856334496894805,0.0,0.0,0.0,113.36809949874878,3.366311589842334,4.179157819634398,272204.8,5016.24298653883,6227.489803866261,45943.4,3668.768090245008,4554.6469610945,-275463.4,3908.87941742899,4852.7367557562975,0.0,0.0,0.0,135849.4,26107.525501280277,32411.577608919473,-186526.6,136651.42205004676,169647.9496276698,0.0,0.0,0.0,0.0,0.0,0.0,-9238.0,19912.21100229706,24720.311859294463,17230.4,146882.25773319253,182349.17344653077,42684.8,1734.7145874754153,2153.587343179152,-50677.2,131962.75343709678,163827.13192421943,267471.0,136354.56247775504,169279.4088762373,0.003278534277724053,6.0417467203959745e-05,7.500616736425134e-05,0.000553359131562659,4.418798618131834e-05,5.485783566226632e-05,-0.003317782049245317,4.7079974921570294e-05,5.8448138293367873e-05,0.0,0.0,0.0,0.0016362199142272507,0.00031444859628670105,0.00039037690807052584,-0.0022465946662488076,0.0016458797614546646,0.002043302021124972,0.0,0.0,0.0,0.0,0.0,0.0,-0.00011126585445082604,0.00023982996007530967,0.0002977404872608003,0.0002075292464309847,0.0017691036923954673,0.002196280211293477,0.000514111360041393,2.089353764924917e-05,2.5938594487260456e-05,-0.0006103747520215561,0.0015894077199460467,0.0019731939614392336,0.003221518657265156,0.00164230427607223,0.0020388631813752357,17230.4,146882.25773319253,182349.17344653077,0.0002075292464309847,0.0017691036923954673,0.002196280211293477,408054.19999999995,-140583.2,267471.0,rejected,175938404352.0,0.347327842809397,63480748032.0,0.3157743923135791,mechanism,0.6721726024542061,0.6349201390761858,other
toolagent_trace,0.01,4.0,"l1=0.01,l2x4",C_union,learned,binary,5,83026370,30578881,12357.0,1705.7263848577825,2117.5995059236293,788692.8,2043.6606127241382,2537.1330022200723,3496258.2,3945.6051120202083,4898.33041802913,0.0,0.0,0.0,9728.0,10207.949843136965,12672.811850842256,1394176.0,66732.08523641383,82845.54426803073,0.0,0.0,0.0,0.0,0.0,0.0,37817180.6,17219.886361413654,21377.88520755684,8929096.4,56075.27120130584,69615.48325953774,4297308.0,1289.4582195635498,1600.8171726115384,1403904.0,62476.588895361434,77562.4947536013,2204953.8,64007.77845465346,79463.41290965279,0.0001488322324581937,2.0544393123025637e-05,2.550514379857422e-05,0.00949930485940792,2.4614596696496984e-05,3.055815883821092e-05,0.04211021389951168,4.7522312634168204e-05,5.899728505568804e-05,0.0,0.0,0.0,0.00011716759386204648,0.00012294828550419543,0.00015263598602278117,0.01679196621507119,0.0008037456682306331,0.0009978220686756591,0.0,0.0,0.0,0.0,0.0,0.0,0.4554839697315443,0.00020740261631834166,0.0002574830768532709,0.10754530638880153,0.0006753910980488002,0.0008384743697639422,0.0517583509913778,1.55307069255638e-05,1.9280828158708855e-05,0.016909133808933236,0.0007524909121687656,0.0009341910859598137,0.026557270900799353,0.0007709331198588283,0.0009570864402436567,39507977.4,56075.27120130584,69615.48325953774,8929096.4,56075.27120130584,69615.48325953774,8929096.4,56075.27120130584,69615.48325953774,0.10754530638880153,0.0006753910980488002,0.0008384743697639422,0.0,0.0,0.0,95.32654113769532,27.946965721492745,34.69517815357702,12357.0,1705.7263848577825,2117.5995059236293,224963.0,6318.368064619218,7844.032437240427,-208013.2,7774.821361291846,9652.168143420493,0.0,0.0,0.0,9728.0,10207.949843136965,12672.811850842256,33326.2,153736.106320864,190857.98617978668,0.0,0.0,0.0,0.0,0.0,0.0,-1060573.2,9724.4147227481,12072.519951085102,988212.2,151942.69513602817,188631.52906882224,29306.8,897.8274889977472,1114.6213507536268,43054.2,147685.34417030012,183346.17710287907,280374.2,153876.67751059614,191032.50038356896,0.0001488322324581937,2.0544393123025637e-05,2.550514379857422e-05,0.002709536741158261,7.610073841141336e-05,9.447639873019171e-05,-0.0025053871438676656,9.364279519015039e-05,0.00011625424721591762,0.0,0.0,0.0,0.00011716759386204648,0.00012294828550419543,0.00015263598602278117,0.00040139295503344266,0.0018516539542902328,0.002298763467315103,0.0,0.0,0.0,0.0,0.0,0.0,-0.012773931944754412,0.00011712441147007863,0.00014540585058799664,0.01190238956611014,0.0018300534533308894,0.0022719472026637108,0.0003529818297487913,1.0813763012856073e-05,1.3424907661909968e-05,0.000518560548895489,0.0017787763594903658,0.002208288488378802,0.003376929522511945,0.0018533470451688556,0.0023008653802830225,988212.2,151942.69513602817,188631.52906882224,0.01190238956611014,0.0018300534533308894,0.0022719472026637108,22085.0,258289.2,280374.2,evicted,534535605452.8,1.0552505544797812,206941490380.8,1.0293959254626746,mechanism,0.7037614509968222,0.6755019610647048,other
toolagent_trace,0.01,4.0,"l1=0.01,l2x4",C_union,learned,next_use,5,83026370,30578881,25263.2,1809.395948928813,2246.301635177751,798150.8,3073.216181787412,3815.290146134503,3474910.2,2856.929768125216,3546.7781463349293,0.0,0.0,0.0,41934.0,17702.257920954602,21976.732587314462,940693.0,54692.74904409176,67899.1304710516,0.0,0.0,0.0,0.0,0.0,0.0,37861184.2,11552.127886238102,14341.561765959319,9305353.6,67625.60212153383,83954.81415519513,4298324.2,1643.2851852310969,2040.0809457063806,982627.0,66735.50774138157,82849.79318795896,1806041.0,65017.95961117205,80717.51739963844,0.0003042792308034182,2.1793027310826824e-05,2.7055279366998113e-05,0.009613220474410721,3.701494093728768e-05,4.595275147082162e-05,0.04185309077104058,3.4409908178874804e-05,4.271869463081447e-05,0.0,0.0,0.0,0.000505068449939459,0.00021321247599954813,0.000264695813960245,0.011330050922375625,0.0006587394949832413,0.0008178019883448063,0.0,0.0,0.0,0.0,0.0,0.0,0.45601396520165827,0.00013913805801986606,0.00017273502100549824,0.11207708587042889,0.0008145075127520827,0.0010111825213506927,0.05177059047625472,1.9792328452166215e-05,2.457148187625641e-05,0.011835119372315083,0.0008037868901335997,0.0009978732442229978,0.021752619077529227,0.0007831001115810802,0.0009721913339055824,39884234.6,67625.60212153383,83954.81415519513,9305353.6,67625.60212153383,83954.81415519513,9305353.6,67625.60212153383,83954.81415519513,0.11207708587042889,0.0008145075127520827,0.0010111825213506927,0.0,0.0,0.0,112.22274084091187,1.6023033666810989,1.989203454753713,25263.2,1809.395948928813,2246.301635177751,234421.0,7167.049078944556,8897.640162709211,-229361.2,6338.19889242993,7868.651714720574,0.0,0.0,0.0,41934.0,17702.257920954602,21976.732587314462,-420156.8,106379.42897101864,132066.3315225959,0.0,0.0,0.0,0.0,0.0,0.0,-1016569.6,26077.24038889085,32373.979703650486,1364469.4,118764.50286301879,147441.96655254462,30323.0,1287.9594325909493,1598.9564811308653,-378222.8,103328.06748507397,128278.17321514874,-118538.6,105164.1634365053,130557.62196736084,0.0003042792308034182,2.1793027310826824e-05,2.7055279366998113e-05,0.002823452356161061,8.632256328856173e-05,0.0001071664359493158,-0.002762510272338775,7.633958816253196e-05,9.477292232239778e-05,0.0,0.0,0.0,0.000505068449939459,0.00021321247599954813,0.000264695813960245,-0.00506052233766212,0.0012812727928610953,0.0015906552523324326,0.0,0.0,0.0,0.0,0.0,0.0,-0.012243936474640527,0.00031408383130432393,0.0003899240651331608,0.016434169047737486,0.001430443157553663,0.0017758450303505327,0.00036522131462570217,1.5512654986493116e-05,1.9258417309233587e-05,-0.004555453887722659,0.001244521077882533,0.001545029286660958,-0.0014277223007581816,0.0012666356897995822,0.001572483802042181,1364469.4,118764.50286301879,147441.96655254462,0.016434169047737486,0.001430443157553663,0.0017758450303505327,67197.2,-185735.8,-118538.6,not_worse,396648038400.0,0.7830405649037295,145365180006.4,0.7230948406111403,mechanism,0.7120589444090941,0.6760084514485195,other
toolagent_trace,0.01,4.0,"l1=0.01,l2x4",lfu_s,sampled,,5,83026370,30578881,485924.6,11889.649376663721,14760.582863193207,536248.8,11329.93107657765,14065.712216739847,3306114.8,1476.892582417557,1833.5103628536815,0.0,0.0,0.0,343088.6,28464.6172695155,35337.824402157494,636659.0,29867.58849488857,37079.56399184132,0.0,0.0,0.0,0.0,0.0,0.0,41586874.2,21184.038465316287,26299.241065771013,5552579.0,45699.83387825387,56734.741574306485,4328288.2,999.0143642610951,1240.2413088933297,979747.6,26450.49363055442,32837.36051733068,2001921.0,27269.821497398916,33854.527339290835,0.005852653801436821,0.00014320329043247023,0.00017778186452320174,0.006458776892209066,0.00013646183828797579,0.00016941258803365532,0.03982005716978835,1.7788235020000426e-05,2.2083470141518014e-05,0.0,0.0,0.0,0.004132284718698409,0.00034283827258153627,0.0004256216958799653,0.007668154105737732,0.00035973617171133193,0.00044659984522798406,0.0,0.0,0.0,0.0,0.0,0.0,0.5008875397057585,0.0002551483157136304,0.00031675768874119773,0.06687729452702798,0.0005504255320117426,0.0006833340006832333,0.05213148786343423,1.2032494787633256e-05,1.4937920432910031e-05,0.01180043882443614,0.0003185794300118677,0.00039550519331786626,0.02411186951808203,0.000328447714833238,0.00040775632295246463,36131460.0,45699.83387825387,56734.741574306485,5552579.0,45699.83387825387,56734.741574306485,5552579.0,45699.83387825387,56734.741574306485,0.06687729452702798,0.0005504255320117426,0.0006833340006832333,0.0,0.0,0.0,32.18334698677063,6.797458753014456,8.438806730494356,485924.6,11889.649376663721,14760.582863193207,-27481.0,11372.061224773634,14118.01531868884,-398156.6,3813.8021448418112,4734.701655143157,0.0,0.0,0.0,343088.6,28464.6172695155,35337.824402157494,-724190.8,104162.05654747799,129313.54139739076,0.0,0.0,0.0,0.0,0.0,0.0,2709120.4,10938.23579467914,13579.436256665476,-2388305.2,91984.3061462117,114195.2912126562,60287.0,1448.3347334093733,1798.0567945165692,-381102.2,88023.0458385757,109277.52541812387,77341.4,91865.90834362875,114048.30449164525,0.005852653801436821,0.00014320329043247023,0.00017778186452320174,-0.00033099122604059416,0.00013696926921860623,0.00017004254574406677,-0.004795543873591006,4.593482943842447e-05,5.702648032357429e-05,0.0,0.0,0.0,0.004132284718698409,0.00034283827258153627,0.0004256216958799653,-0.008722419154300014,0.0012545659475113509,0.0015574996401431348,0.0,0.0,0.0,0.0,0.0,0.0,0.03262963802945977,0.00013174411689536808,0.00016355570232281822,-0.02876562229566341,0.0011078926628517146,0.0013754098994410596,0.0007261187018052215,1.7444273830223607e-05,2.1656454383308337e-05,-0.004590134435601604,0.001060181793309472,0.0013161785275945938,0.0009315281397946226,0.0011064666363666009,0.0013736395375546996,-2388305.2,91984.3061462117,114195.2912126562,-0.02876562229566341,0.0011078926628517146,0.0013754098994410596,829013.2,-751671.8,77341.4,rejected,161779612467.2,0.3193763409173152,36532585267.2,0.181725251671245,mechanism,0.5446104743643565,0.6820639834774245,other
toolagent_trace,0.01,4.0,"l1=0.01,l2x4",lru_2hit_s,sampled,,5,83026370,30578881,818550.2,2335.0792706030343,2898.9190491614345,74457.4,1659.7607658936874,2060.5348014833817,3423152.0,1314.3148405157724,1631.6757960781301,0.0,0.0,0.0,0.0,0.0,0.0,643379.2,60082.71461244074,74590.58375793548,0.0,0.0,0.0,0.0,0.0,0.0,38444708.0,6780.5226568458575,8417.78116086181,9043242.2,62875.65859853875,78057.92579915427,4316159.6,249.9005802314192,310.2428091198247,643379.2,60082.71461244074,74590.58375793548,1536386.8,59167.9466958251,73454.93146020686,0.009858918317156344,2.8124549713579324e-05,3.4915642453854486e-05,0.0008967921878314083,1.9990766378124028e-05,2.4817835604319197e-05,0.041229696059215885,1.5830089169449394e-05,1.9652500718483028e-05,0.0,0.0,0.0,0.0,0.0,0.0,0.007749094655107769,0.0007236582137993114,0.0008983963017765979,0.0,0.0,0.0,0.0,0.0,0.0,0.4630421395033891,8.166709753595829e-05,0.0001013868384329302,0.10892012019795638,0.0007572974537913529,0.0009401582388722317,0.05198540656420364,3.009894088245001e-06,3.736677987004045e-06,0.007749094655107769,0.0007236582137993114,0.0008983963017765979,0.018504805160095523,0.0007126404140735664,0.0008847180896889375,39622123.2,62875.65859853876,78057.92579915428,9043242.2,62875.65859853875,78057.92579915427,9043242.2,62875.65859853875,78057.92579915427,0.10892012019795638,0.0007572974537913529,0.0009401582388722317,0.0,0.0,0.0,6.989242887496948,1.6056815684224555,1.993397373779597,818550.2,2335.0792706030343,2898.9190491614345,-489272.4,5486.003490702498,6810.681000502618,-281119.4,4645.604029617677,5767.354533039854,0.0,0.0,0.0,0.0,0.0,0.0,-717470.6,108003.12949308459,134082.09879559933,0.0,0.0,0.0,0.0,0.0,0.0,-433045.8,27689.804824158655,34375.9219153129,1102358.0,134074.4339518165,166448.70925006462,48158.4,530.6630757834956,658.7996041256855,-717470.6,108003.12949308459,134082.09879559933,-388192.8,109989.6802554676,136548.33192082896,0.009858918317156344,2.8124549713579324e-05,3.4915642453854486e-05,-0.005892975930418252,6.607543471673556e-05,8.203033566928988e-05,-0.0033859049841634668,5.5953355899065757e-05,6.946412968602209e-05,0.0,0.0,0.0,0.0,0.0,0.0,-0.008641478604929977,0.001300829236459267,0.0016149338914323162,0.0,0.0,0.0,0.0,0.0,0.0,-0.005215762172909655,0.000333506147795678,0.00041403619013227836,0.013277203375264992,0.0016148415732473457,0.0020047691986300772,0.0005800374025746305,6.391500384558306e-06,7.934823648506688e-06,-0.008641478604929977,0.001300829236459267,0.0016149338914323162,-0.004675536218191884,0.0013247559812077495,0.0016446381061923946,1102358.0,134074.4339518165,166448.70925006462,0.013277203375264992,0.0016148415732473457,0.0020047691986300772,818550.2,-1206743.0,-388192.8,not_worse,94169262489.6,0.18590373670791352,43705992806.4,0.2174081709299575,mechanism,0.738002524394636,0.6847341144637136,other
toolagent_trace,0.01,4.0,"l1=0.01,l2x4",lru_s,sampled,,5,83026370,30578881,0.0,0.0,0.0,563729.8,4638.739828875942,5758.832868470264,3704271.4,4274.837692825307,5307.061124569129,0.0,0.0,0.0,0.0,0.0,0.0,1360849.8,95940.48148044704,119106.74419098513,0.0,0.0,0.0,0.0,0.0,0.0,38877753.8,21144.99817214464,26250.77391050784,7940884.2,113437.22375922288,140828.3363136854,4268001.2,579.0334187246881,718.8496890765412,1360849.8,95940.48148044704,119106.74419098513,1924579.6,100014.86121472149,124164.94378784731,0.0,0.0,0.0,0.00678976811824966,5.587068095203911e-05,6.936149163778056e-05,0.044615601043379347,5.148771038436597e-05,6.392018734010664e-05,0.0,0.0,0.0,0.0,0.0,0.0,0.016390573260037743,0.0011555422871124806,0.0014345652374177643,0.0,0.0,0.0,0.0,0.0,0.0,0.4682579016762987,0.0002546781001282371,0.00031617393257716946,0.0956429168226914,0.0013662794574690277,0.001696188046203697,0.05140536916162901,6.9740905055200075e-06,8.658088858716442e-06,0.016390573260037743,0.0011555422871124806,0.0014345652374177643,0.0231803413782874,0.0012046156084473104,0.001495488045398677,38519765.2,113437.22375922288,140828.3363136854,7940884.2,113437.22375922288,140828.3363136854,7940884.2,113437.22375922288,140828.3363136854,0.0956429168226914,0.0013662794574690277,0.001696188046203697,0.0,0.0,0.0,30.35255823135376,5.829032428883064,7.236539401039253,0.0,0.0,0.0,0.0,0.0,0.0,0.0,0.0,0.0,0.0,0.0,0.0,0.0,0.0,0.0,0.0,0.0,0.0,0.0,0.0,0.0,0.0,0.0,0.0,0.0,0.0,0.0,0.0,0.0,0.0,0.0,0.0,0.0,0.0,0.0,0.0,0.0,0.0,0.0,0.0,0.0,0.0,0.0,0.0,0.0,0.0,0.0,0.0,0.0,0.0,0.0,0.0,0.0,0.0,0.0,0.0,0.0,0.0,0.0,0.0,0.0,0.0,0.0,0.0,0.0,0.0,0.0,0.0,0.0,0.0,0.0,0.0,0.0,0.0,0.0,0.0,0.0,0.0,0.0,0.0,0.0,0.0,0.0,0.0,0.0,0.0,0.0,not_worse,506548518912.0,1.0,201031969587.2,1.0,mechanism,0.5885189420733841,0.5602522396569275,other
toolagent_trace,0.02,4.0,"l1=0.02,l2x4",A_none,learned,binary,5,83026370,32176527,7936.0,702.7577818850532,872.4491483010341,281052.6,3053.1478509892045,3790.376017021973,3967928.4,2498.814679002827,3102.190818307758,0.0,0.0,0.0,0.0,0.0,0.0,738304.0,59204.11661362747,73499.83514508128,0.0,0.0,0.0,0.0,0.0,0.0,32954602.8,13620.04323414577,16908.8061715656,12900019.2,57245.286419058124,71068.01613293988,4256917.0,209.61512350019024,260.22982695148534,738304.0,59204.11661362747,73499.83514508128,1027292.6,61688.63434458571,76584.27680362684,9.558408972956424e-05,8.464272036523496e-06,1.0508096985343744e-05,0.0033851004205049558,3.6773230613228046e-05,4.565267657759776e-05,0.047791182488166106,3.0096638923306238e-05,3.73639220684676e-05,0.0,0.0,0.0,0.0,0.0,0.0,0.008892403702582685,0.0007130760578070248,0.0008852589261108394,0.0,0.0,0.0,0.0,0.0,0.0,0.39691730229805305,0.00016404478762766496,0.00020365585261123426,0.1553725545269533,0.0006894831897270454,0.0008559692075293619,0.051271866998400625,2.5246812970408337e-06,3.134303317746973e-06,0.008892403702582685,0.0007130760578070248,0.0008852589261108394,0.012373088212817204,0.0007430004990533214,0.0009224090708003594,45076546.2,57245.286419058124,71068.01613293988,12900019.2,57245.286419058124,71068.01613293988,12900019.2,57245.286419058124,71068.01613293988,0.1553725545269533,0.0006894831897270454,0.0008559692075293619,0.0,0.0,0.0,108.72455987930297,34.230040073749144,42.495394684277464,7936.0,702.7577818850532,872.4491483010341,12091.0,2274.9073607512023,2824.217732640881,-6563.6,2245.5214984497475,2787.736214829401,0.0,0.0,0.0,0.0,0.0,0.0,-297052.2,114534.97958571435,142191.16168617146,0.0,0.0,0.0,0.0,0.0,0.0,-938680.2,14756.964481220384,18320.254040609387,1222269.0,116255.30047486007,144326.87975750142,13463.4,666.5926792277274,827.5514412603967,-297052.2,114534.97958571435,142191.16168617146,-277025.2,115616.91485764529,143534.34639482174,9.558408972956424e-05,8.464272036523496e-06,1.0508096985343744e-05,0.00014562843106352843,2.739981719965833e-05,3.401591244614059e-05,-7.905440163167576e-05,2.7045883114601496e-05,3.3576515688079436e-05,0.0,0.0,0.0,0.0,0.0,0.0,-0.003577805461084231,0.001379501230581492,0.0017126024139821042,0.0,0.0,0.0,0.0,0.0,0.0,-0.011305808022198261,0.0001777382834058615,0.00022065584754107407,0.014721455364121061,0.0014002214052578703,0.0017383257844164593,0.00016215811916141798,8.028686298433854e-06,9.967332562658853e-06,-0.003577805461084231,0.001379501230581492,0.0017126024139821042,-0.0033365929402911386,0.001392532455142207,0.0017287802224139359,1222269.0,116255.30047486007,144326.87975750142,0.014721455364121061,0.0014002214052578703,0.0017383257844164593,7936.0,-284961.2,-277025.2,not_worse,378506267852.8,0.8874873739272938,155937763737.6,0.8804708134999514,mechanism,0.7430658346288797,0.7019056357001567,other
toolagent_trace,0.02,4.0,"l1=0.02,l2x4",A_none,learned,next_use,5,83026370,32176527,0.0,0.0,0.0,343338.0,3405.749330176841,4228.1183916162045,3908157.4,3062.268979041521,3801.6995777222787,0.0,0.0,0.0,0.0,0.0,0.0,775577.6,25797.38306107811,32026.54664265884,0.0,0.0,0.0,0.0,0.0,0.0,32970610.0,7124.410466838643,8844.70582064222,12852160.0,23290.75333689316,28914.653719744303,4251495.4,764.6713673206289,949.3126939975889,775577.6,25797.38306107811,32026.54664265884,1118915.6,23958.8655261471,29744.0915794299,0.0,0.0,0.0,0.004135288583615062,4.1020091931959004e-05,5.092500601454944e-05,0.047071278679291895,3.68830888191496e-05,4.5789061688742376e-05,0.0,0.0,0.0,0.0,0.0,0.0,0.009341340588538315,0.0003107131271796918,0.00038573945413558224,0.0,0.0,0.0,0.0,0.0,0.0,0.397110098875815,8.580900823242896e-05,0.00010652887535179827,0.15479612079872934,0.0002805223609907718,0.0003482586763668528,0.051206567262906955,9.209981928880877e-06,1.1433869672942765e-05,0.009341340588538315,0.0003107131271796918,0.00038573945413558224,0.013476629172153379,0.0002885693488243207,0.00035824872964372546,45028687.0,23290.75333689316,28914.653719744303,12852160.0,23290.75333689316,28914.653719744303,12852160.0,23290.75333689316,28914.653719744303,0.15479612079872934,0.0002805223609907718,0.0003482586763668528,0.0,0.0,0.0,106.68349781036378,31.47610997402948,39.07648701521376,0.0,0.0,0.0,74376.4,2619.1052479806917,3251.527342439697,-66334.6,2875.444452602067,3569.7634780086146,0.0,0.0,0.0,0.0,0.0,0.0,-259778.6,69124.74016081363,85815.94147284221,0.0,0.0,0.0,0.0,0.0,0.0,-922673.0,18035.01595508027,22389.84002055346,1174409.8,64569.218991714624,80160.421652931,8041.8,666.9026915525233,827.936310692942,-259778.6,69124.74016081363,85815.94147284221,-185402.2,68937.71484971054,85583.75610600793,0.0,0.0,0.0,0.0008958165941736342,3.1545462579909175e-05,3.916258584398787e-05,-0.0007989582105058915,3.4632905817781104e-05,4.299553838146648e-05,0.0,0.0,0.0,0.0,0.0,0.0,-0.0031288685751286,0.0008325636801995997,0.0010335986202075584,0.0,0.0,0.0,0.0,0.0,0.0,-0.011113011444436272,0.00021722033560037018,0.0002696714311435482,0.01414502163589712,0.0007776953152560408,0.0009654814687542173,9.685838366774447e-05,8.032420200384554e-06,9.971968071024181e-06,-0.0031288685751286,0.0008325636801995997,0.0010335986202075584,-0.0022330519809549655,0.000830311078874224,0.0010308020946358115,1174409.8,64569.218991714624,80160.421652931,0.01414502163589712,0.0007776953152560408,0.0009654814687542173,0.0,-185402.2,-185402.2,not_worse,367864401510.4,0.862535285108583,150739409715.2,0.8511193665812621,mechanism,0.742524448779295,0.714432664370889,other
toolagent_trace,0.02,4.0,"l1=0.02,l2x4",B,learned,binary,5,83026370,32176527,477536.2,5876.9254887228235,7295.996955752697,383217.8,7444.263845404728,9241.792576426924,3437773.8,2155.0082830467263,2675.3672311996042,0.0,0.0,0.0,997028.8,84547.64540600762,104962.93762477943,1442423.0,83259.81687464849,103364.14365293861,0.0,0.0,0.0,0.0,0.0,0.0,39881951.8,17657.013215716863,21920.56287199105,4229911.6,34088.327097409754,42319.462992452056,4298527.8,738.4647588070808,916.7781083026797,2439451.8,47929.84589689393,59503.22331369733,3300205.8,48297.65395648116,59959.844124731804,0.005751620840463096,7.078384239516692e-05,8.787565873050558e-05,0.0046156154966187244,8.96614394367082e-05,0.00011131153362994095,0.04140580637212009,2.595570880729397e-05,3.222310250586057e-05,0.0,0.0,0.0,0.012008579924667306,0.001018322797997885,0.0012642120524452589,0.017373070748486295,0.0010028117196337555,0.0012449555924574154,0.0,0.0,0.0,0.0,0.0,0.0,0.4803528300707353,0.00021266753220353186,0.0002640192853426165,0.05094660407289877,0.0004105722928439464,0.0005097111073560385,0.05177304270920191,8.89433994051538e-06,1.104201121044542e-05,0.029381650673153598,0.0005772846132727937,0.0007166786084191959,0.03974888701023542,0.0005817146282136781,0.0007221783166568881,36406438.6,34088.327097409754,42319.462992452056,4229911.6,34088.327097409754,42319.462992452056,4229911.6,34088.327097409754,42319.462992452056,0.05094660407289877,0.0004105722928439464,0.0005097111073560385,0.0,0.0,0.0,105.90685524940491,25.46320206919603,31.611672657252576,477536.2,5876.9254887228235,7295.996955752697,114256.2,7249.63531496585,9000.168079347708,-536718.2,2400.3307480428607,2979.926470758471,0.0,0.0,0.0,997028.8,84547.64540600762,104962.93762477943,407066.8,104879.06872298209,130203.68687562659,0.0,0.0,0.0,0.0,0.0,0.0,5988668.8,20638.561982366893,25622.05113599051,-7447838.6,59385.5627261374,73725.09413246266,55074.2,1016.3088605340406,1261.7118196903125,1404095.6,71903.057214558,89265.12469034798,1995888.0,70207.59438978093,87160.26703443553,0.005751620840463096,7.078384239516692e-05,8.787565873050558e-05,0.0013761435071772982,8.731726215376925e-05,0.00010840131971743073,-0.006464430517677697,2.891046239939108e-05,3.589132550006172e-05,0.0,0.0,0.0,0.012008579924667306,0.001018322797997885,0.0012642120524452589,0.004902861584819377,0.001263201904683801,0.0015682208782056407,0.0,0.0,0.0,0.0,0.0,0.0,0.07212971975048409,0.00024857839722929704,0.0003086013652769612,-0.08970449508993349,0.0007152614612217525,0.0008879720278324013,0.0006633338299626979,1.2240796033045385e-05,1.5196519126278297e-05,0.016911441509486685,0.0008660267480627897,0.0010751418457816226,0.024039205857127082,0.0008456059730153318,0.001049790169489953,-7447838.6,59385.5627261374,73725.09413246266,-0.08970449508993349,0.0007152614612217525,0.0008879720278324013,1474565.0,521323.0,1995888.0,rejected,153874537676.8,0.3607911439135484,33007323136.0,0.1863691254538762,mechanism,0.3988808242439838,0.5880885962384566,other
toolagent_trace,0.02,4.0,"l1=0.02,l2x4",B,learned,next_use,5,83026370,32176527,501349.6,11295.630385241897,14023.129110990747,372442.4,11422.36191862261,14180.461866615744,3422894.8,2518.727694690317,3126.912129155509,0.0,0.0,0.0,1038392.6,32312.21454496736,40114.48152713319,1330176.0,64456.102767697645,80019.99182654341,0.0,0.0,0.0,0.0,0.0,0.0,40426619.0,27350.746699130537,33954.99314009272,3757968.6,38545.48838450487,47852.87246724393,4296686.8,755.3232420626284,937.7073242246963,2368568.6,50817.6685100763,63088.35384410179,3242360.6,51062.316235165046,63392.07541772128,0.006038438149228974,0.00013604870820248916,0.00016889970151640678,0.004485832633656031,0.00013757510919268918,0.00017079467483181247,0.041226598248243304,3.033647857530553e-05,3.766167458791224e-05,0.0,0.0,0.0,0.012506780677030682,0.0003891801429469619,0.0004831535032440076,0.01602112678176825,0.0007763329020369992,0.0009637900805074752,0.0,0.0,0.0,0.0,0.0,0.0,0.4869130012549025,0.0003294224075932939,0.00040896636984242565,0.045262349781159894,0.00046425597535463544,0.0005763575171026254,0.0517508690311283,9.097389685502031e-06,1.1294090350147242e-05,0.028527907458798928,0.0006120666061888085,0.0007598592332062911,0.039052178241683944,0.0006150132329664073,0.0007635173670452096,35934495.6,38545.488384504875,47852.872467243935,3757968.6,38545.48838450487,47852.87246724393,3757968.6,38545.48838450487,47852.87246724393,0.045262349781159894,0.00046425597535463544,0.0005763575171026254,0.0,0.0,0.0,133.85616273880004,22.283650705469253,27.664371110734024,501349.6,11295.630385241897,14023.129110990747,103480.8,10745.843880310193,13340.5884400238,-551597.2,2260.643315518837,2806.5094205665223,0.0,0.0,0.0,1038392.6,32312.21454496736,40114.48152713319,294819.8,97215.44854960038,120689.57110840607,0.0,0.0,0.0,0.0,0.0,0.0,6533336.0,20823.294732102313,25851.39036826149,-7919781.6,76463.76919365145,94927.08871888326,53233.2,1441.3006972870025,1789.3242852761596,1333212.4,76156.29584151266,94545.37133187805,1938042.8,77018.82202877424,95616.16735415075,0.006038438149228974,0.00013604870820248916,0.00016889970151640678,0.0012463606442146033,0.0001294268782353148,0.00016067893176618226,-0.006643638641554485,2.7228015816165134e-05,3.380262705169996e-05,0.0,0.0,0.0,0.012506780677030682,0.0003891801429469619,0.0004831535032440076,0.0035509176181013334,0.0011708984573166373,0.0014536293843559103,0.0,0.0,0.0,0.0,0.0,0.0,0.07868989093465124,0.00025080338610615884,0.0003113636109619401,-0.09538874938167234,0.0009209576330225147,0.0011433366136431517,0.0006411601518890933,1.7359553323686025e-05,2.1551276844649026e-05,0.016057698295132018,0.0009172543113894135,0.0011387390696700102,0.02334249708857559,0.0009276428925987528,0.001151636129029257,-7919781.6,76463.76919365145,94927.08871888326,-0.09538874938167234,0.0009209576330225147,0.0011433366136431517,1539742.2,398300.6,1938042.8,rejected,109486723072.0,0.2567145978593478,27288630886.4,0.1540796947446227,mechanism,0.3554388682936854,0.5838820051972075,other
toolagent_trace,0.02,4.0,"l1=0.02,l2x4",C_lru,learned,binary,5,83026370,32176527,10911.4,1400.0490348555652,1738.1117926051127,513144.0,3423.597011915976,4250.275662775392,3744491.8,2330.812669435277,2893.6222133939737,0.0,0.0,0.0,21196.8,16322.283761777946,20263.543049061816,1461350.4,71743.42336967202,89066.9448685078,0.0,0.0,0.0,0.0,0.0,0.0,33884713.6,10407.08293903724,12920.028608016723,11214035.0,65778.24605825242,81661.38636888818,4268547.2,750.8146908525432,932.110115962186,1482547.2,69682.42879808367,86508.2923640672,2006602.6,72417.34192028869,89903.59112226062,0.0001314208967584636,1.6862703197256066e-05,2.0934454831701212e-05,0.006180494221293789,4.123505594567083e-05,5.1191876301172506e-05,0.04510003026749212,2.8073161206920243e-05,3.485184542446134e-05,0.0,0.0,0.0,0.0002553020203099329,0.00019659156195529138,0.00024406153188513254,0.017601039284265953,0.0008641040595857919,0.0010727548954447578,0.0,0.0,0.0,0.0,0.0,0.0,0.4081198973290053,0.00012534671742288808,0.00015561355516347222,0.13506594350686413,0.0007922572799250643,0.0009835596373644615,0.051411945385544375,9.043087043941104e-06,1.1226675524439804e-05,0.017856341304575883,0.0008392806863419855,0.0010419375478425367,0.024168256422628136,0.0008722209813615678,0.0010828317692590987,43390562.0,65778.24605825242,81661.38636888818,11214035.0,65778.24605825242,81661.38636888818,11214035.0,65778.24605825242,81661.38636888818,0.13506594350686413,0.0007922572799250643,0.0009835596373644615,0.0,0.0,0.0,89.27461285591126,13.830663920524476,17.17028436957684,10911.4,1400.0490348555652,1738.1117926051127,244182.4,3991.057541554619,4954.758015784278,-230000.2,2528.526487897645,3139.076987387572,0.0,0.0,0.0,21196.8,16322.283761777946,20263.543049061816,425994.2,33139.43458630518,41141.44620703591,0.0,0.0,0.0,0.0,0.0,0.0,-8569.4,11964.127728338577,14853.045125669041,-463715.2,23001.172300558945,28555.149015525683,25093.6,1297.7441196168065,1611.10382703318,447191.0,23785.4407884319,29528.79084763565,702284.8,23231.70210509768,28841.343685740976,0.0001314208967584636,1.6862703197256066e-05,2.0934454831701212e-05,0.002941022231852362,4.8069758337677535e-05,5.967691970375502e-05,-0.00277020662230566,3.0454498828479398e-05,3.7808192594568265e-05,0.0,0.0,0.0,0.0002553020203099329,0.00019659156195529138,0.00024406153188513254,0.005130830120599034,0.00039914348400761445,0.0004955226418671084,0.0,0.0,0.0,0.0,0.0,0.0,-0.00010321299124603778,0.0001441003349699569,0.00017889551386710378,-0.005585155655968099,0.0002770345409604094,0.00034392867007826405,0.00030223650630516603,1.563050533965056e-05,1.9404724390975738e-05,0.005386132140908965,0.0002864805577846162,0.0003556555687986321,0.008458575269519793,0.00027981112633368986,0.0003473757034751847,-463715.2,23001.172300558945,28555.149015525683,-0.005585155655968099,0.0002770345409604094,0.00034392867007826405,32108.199999999997,670176.6,702284.8,evicted,404122202931.2,0.9475493091823856,168078094745.6,0.9490187191680063,mechanism,0.732692741111177,0.7162681914812142,other
toolagent_trace,0.02,4.0,"l1=0.02,l2x4",C_lru,learned,next_use,5,83026370,32176527,2695.2,620.8064915897706,770.7094945208861,331397.2,1040.1995962314156,1291.3713304758783,3918961.4,1085.5094656427461,1347.6219448362215,0.0,0.0,0.0,0.0,0.0,0.0,817868.8,39047.51140853921,48476.11645121153,0.0,0.0,0.0,0.0,0.0,0.0,32776170.8,12194.788239243844,15139.402063255964,13002749.6,50245.949720350596,62378.585010484705,4253053.8,984.5624408842742,1222.2997526894292,817868.8,39047.51140853921,48476.11645121153,1151961.2,40091.474395437246,49772.15989925971,3.246197563496995e-05,7.477220690122554e-06,9.282707343713641e-06,0.003991469216346566,1.2528544801265298e-05,1.55537491338703e-05,0.04720140601112634,1.3074273458452592e-05,1.6231252129126206e-05,0.0,0.0,0.0,0.0,0.0,0.0,0.009850711286064897,0.0004703025244695052,0.000583864095843423,0.0,0.0,0.0,0.0,0.0,0.0,0.39476820195800444,0.00014687849461856968,0.00018234450167165713,0.1566098770788124,0.0006051806157531738,0.0007513105174956463,0.05122533720310788,1.1858430530976732e-05,1.4721825760770951e-05,0.009850711286064897,0.0004703025244695052,0.000583864095843423,0.013874642478046432,0.0004828763969259072,0.0005994741176720081,45179276.6,50245.949720350596,62378.585010484705,13002749.6,50245.949720350596,62378.585010484705,13002749.6,50245.949720350596,62378.585010484705,0.1566098770788124,0.0006051806157531738,0.0007513105174956463,0.0,0.0,0.0,130.60549144744874,9.159027100843426,11.37061104035409,2695.2,620.8064915897706,770.7094945208861,62435.6,1448.9024466816252,1798.7615906406716,-55530.6,1024.5703001746633,1271.9681073672243,0.0,0.0,0.0,0.0,0.0,0.0,-217487.4,44348.79288436158,55057.47154638966,0.0,0.0,0.0,0.0,0.0,0.0,-1117112.2,12628.10606148048,15677.350947919964,1324999.4,38896.73318287797,48288.93057017065,9600.2,1287.470854039034,1598.3499279876853,-217487.4,44348.79288436158,55057.47154638966,-152356.6,42591.287809832655,52875.590612542794,3.246197563496995e-05,7.477220690122554e-06,9.282707343713641e-06,0.0007519972269051388,1.745111157673918e-05,2.1664943205883603e-05,-0.0006688308786714378,1.2340299836963094e-05,1.5320049610349007e-05,0.0,0.0,0.0,0.0,0.0,0.0,-0.00261949787760202,0.000534153099603916,0.0006631323463423688,0.0,0.0,0.0,0.0,0.0,0.0,-0.013454908362246831,0.00015209753312689137,0.00018882375500603048,0.01595877791598018,0.00046848649631289356,0.0005816095605549248,0.00011562832386866894,1.5506770367524177e-05,1.925111176109187e-05,-0.00261949787760202,0.000534153099603916,0.0006631323463423688,-0.0018350386750619104,0.0005129850649839644,0.000636852973489541,1324999.4,38896.73318287797,48288.93057017065,0.01595877791598018,0.00046848649631289356,0.0005816095605549248,2695.2,-155051.8,-152356.6,not_worse,311684933222.4,0.7308107325340967,130085306368.0,0.7345001799240638,mechanism,0.7481368830586979,0.7132030384544726,other
toolagent_trace,0.02,4.0,"l1=0.02,l2x4",C_union,learned,binary,5,83026370,32176527,8834.4,751.058785981497,932.4131515070771,299003.8,1331.133990250418,1652.5561808129366,3947660.2,767.1334303757071,952.3692589632656,0.0,0.0,0.0,0.0,0.0,0.0,898355.2,68409.59970062682,84928.11966355253,0.0,0.0,0.0,0.0,0.0,0.0,32862866.4,6362.455485109503,7898.765424122996,12833123.0,68875.83656116272,85506.93638016006,4255498.4,601.0880135221463,746.2296953079258,898355.2,68409.59970062682,84928.11966355253,1206193.4,68758.66437620789,85361.47122046564,0.00010640474827455421,9.046027015049522e-06,1.1230325395498775e-05,0.0036013112460535125,1.6032665167107926e-05,1.9903991717486048e-05,0.04754706486625876,9.239635917788928e-06,1.1470684060536111e-05,0.0,0.0,0.0,0.0,0.0,0.0,0.01082011895738667,0.0008239502666517495,0.0010229053692646386,0.0,0.0,0.0,0.0,0.0,0.0,0.39581239550759595,7.663174344619091e-05,9.513562286441981e-05,0.15456683220042017,0.0008295657941105004,0.0010298768497305068,0.051254780860586824,7.239724120447347e-06,8.987863678828485e-06,0.01082011895738667,0.0008239502666517495,0.0010229053692646386,0.014527834951714738,0.0008281545294128585,0.001028124814085761,45009650.0,68875.83656116272,85506.93638016006,12833123.0,68875.83656116272,85506.93638016006,12833123.0,68875.83656116272,85506.93638016006,0.15456683220042017,0.0008295657941105004,0.0010298768497305068,0.0,0.0,0.0,75.13648672103882,12.247675880784172,15.205060216046162,8834.4,751.058785981497,932.4131515070771,30042.2,2419.740419962439,3004.0228979650333,-26831.8,1388.9068363284846,1724.2791437668784,0.0,0.0,0.0,0.0,0.0,0.0,-137001.0,97793.07325930605,121406.67193462329,0.0,0.0,0.0,0.0,0.0,0.0,-1030416.6,13153.220016406629,16329.261513047286,1155372.8,94813.8330503519,117708.04966406777,12044.8,1117.8379578454114,1387.75663450471,-137001.0,97793.07325930605,121406.67193462329,-98124.4,97709.40466915147,121302.80031327443,0.00010640474827455421,9.046027015049522e-06,1.1230325395498775e-05,0.00036183925661208594,2.914423959475094e-05,3.618155169213151e-05,-0.000323172023539027,1.672850247853209e-05,2.0767849344333915e-05,0.0,0.0,0.0,0.0,0.0,0.0,-0.0016500902062802458,0.001177855580814939,0.0014622664092700096,0.0,0.0,0.0,0.0,0.0,0.0,-0.012410714812655299,0.00015842219786806278,0.00019667560454645594,0.013915733037587936,0.0011419725209033179,0.0014177188484100585,0.00014507198134761228,1.3463649655471118e-05,1.6714649026626625e-05,-0.0016500902062802458,0.001177855580814939,0.0014622664092700096,-0.0011818462013936046,0.0011768478456802515,0.0014610153414303727,1155372.8,94813.8330503519,117708.04966406777,0.013915733037587936,0.0011419725209033179,0.0014177188484100585,8834.4,-106958.8,-98124.4,not_worse,458762610688.0,1.075665211372036,186531415244.8,1.0532116338429027,mechanism,0.751653241228953,0.7132118343571271,other
toolagent_trace,0.02,4.0,"l1=0.02,l2x4",C_union,learned,next_use,5,83026370,32176527,1140.0,553.975179949427,687.7407641511443,325060.0,3548.2742284102,4405.058056007889,3927279.2,4026.171966024303,4998.351342690571,0.0,0.0,0.0,0.0,0.0,0.0,740249.6,44164.86002242054,54829.12534677221,0.0,0.0,0.0,0.0,0.0,0.0,32767809.2,6164.4256585670655,7652.918337176886,13088305.0,42435.560918880285,52682.2611370377,4253479.2,861.1084136158466,1069.0359059970997,740249.6,44164.86002242054,54829.12534677221,1066449.6,44162.520232658826,54826.22057981349,1.373057740570857e-05,6.672279902751704e-06,8.283401576524956e-06,0.0039151416592102,4.273671399111159e-05,5.305613211811979e-05,0.04730158863985021,4.8492689322973616e-05,6.0201973694508304e-05,0.0,0.0,0.0,0.0,0.0,0.0,0.008915837221355097,0.0005319377448685343,0.000660382061106275,0.0,0.0,0.0,0.0,0.0,0.0,0.39466749178604343,7.424659970762729e-05,9.217455053349008e-05,0.15764033764212504,0.0005111094332906603,0.0006345244424998731,0.05123046087646612,1.0371505024437427e-05,1.2875859874363324e-05,0.008915837221355097,0.0005319377448685343,0.000660382061106275,0.012844709457971004,0.000531909563583941,0.0006603470750294571,45264832.0,42435.560918880285,52682.2611370377,13088305.0,42435.560918880285,52682.2611370377,13088305.0,42435.560918880285,52682.2611370377,0.15764033764212504,0.0005111094332906603,0.0006345244424998731,0.0,0.0,0.0,122.8412682056427,27.748833207148245,34.44920358332477,1140.0,553.975179949427,687.7407641511443,56098.4,3689.516811182733,4580.405770711516,-47212.8,4273.1356987579975,5304.94815860459,0.0,0.0,0.0,0.0,0.0,0.0,-295106.6,54483.14769082271,67638.91773935931,0.0,0.0,0.0,0.0,0.0,0.0,-1125473.8,11668.068357701715,14485.497796536914,1410554.8,51680.7844145191,64159.88197958015,10025.6,1562.5750541973975,1939.8821476358194,-295106.6,54483.14769082271,67638.91773935931,-237868.2,56739.13806800381,70439.6507001064,1.373057740570857e-05,6.672279902751704e-06,8.283401576524956e-06,0.0006756696697687735,4.4437891373340104e-05,5.516808419676218e-05,-0.0005686482499475773,5.146721094464342e-05,6.389473800437874e-05,0.0,0.0,0.0,0.0,0.0,0.0,-0.0035543719423118216,0.0006562149795399066,0.0008146678909286207,0.0,0.0,0.0,0.0,0.0,0.0,-0.013555618534207881,0.00014053448750922517,0.00017446863925926678,0.016989238479292783,0.0006224622901677909,0.0007727651104050346,0.00012075199722690471,1.882022608235653e-05,2.3364650864969795e-05,-0.0035543719423118216,0.0006562149795399066,0.0008146678909286207,-0.002864971695137339,0.0006833869536630806,0.000848400944183232,1410554.8,51680.7844145191,64159.88197958015,0.016989238479292783,0.0006224622901677909,0.0007727651104050346,1140.0,-239008.19999999998,-237868.2,not_worse,354177028505.6,0.8304423668250808,145321979494.4,0.8205309505410435,mechanism,0.7538661119378277,0.7240184208321707,other
toolagent_trace,0.02,4.0,"l1=0.02,l2x4",lfu_s,sampled,,5,83026370,32176527,360190.6,4719.323500248738,5858.874671305348,475928.0,7323.931696841526,9092.404432697524,3455240.2,3838.2915079498584,4765.104340871859,0.0,0.0,0.0,673023.8,38115.80133225589,47319.43105622883,830294.0,70291.72316852106,87264.70996377962,0.0,0.0,0.0,0.0,0.0,0.0,37862769.6,23753.73428116093,29489.42833045376,7192396.8,62825.85280917403,77996.09365779377,4291358.8,1081.9402478880245,1343.190886126555,1503317.8,47322.73805687917,58749.520214847274,2339436.4,47588.19152163697,59079.0713848397,0.004338267468516328,5.684126019539037e-05,7.056643174096817e-05,0.0057322510908281304,8.821211498035528e-05,0.00010951224812908857,0.04161617808896138,4.6229788294366524e-05,5.739266140229564e-05,0.0,0.0,0.0,0.00810614507174046,0.0004590806671694294,0.0005699325534312634,0.010000364944294205,0.0008466192508298391,0.0010510481183722662,0.0,0.0,0.0,0.0,0.0,0.0,0.45603306033974506,0.0002860986730018564,0.00035518147222929314,0.08662786052190408,0.0007566975746280835,0.0009394135099221316,0.05168669664830583,1.3031284492962782e-05,1.617788283561611e-05,0.018106510016034666,0.0005699723841579386,0.000707600732331755,0.028177028575379126,0.0005731696028820351,0.0007115699672867744,39368923.8,62825.85280917402,77996.09365779375,7192396.8,62825.85280917403,77996.09365779377,7192396.8,62825.85280917403,77996.09365779377,0.08662786052190408,0.0007566975746280835,0.0009394135099221316,0.0,0.0,0.0,58.22872786521911,17.843657617727303,22.152275353541057,360190.6,4719.323500248738,5858.874671305348,206966.4,8222.530772213626,10207.983680883945,-519251.8,4652.883159934279,5776.391318129671,0.0,0.0,0.0,673023.8,38115.80133225589,47319.43105622883,-205062.2,55893.1508031172,69389.38717012592,0.0,0.0,0.0,0.0,0.0,0.0,3969486.6,17066.649826489087,21187.64742175114,-4485353.4,37231.845096637364,46222.03038023473,47905.2,1643.7590151844036,2040.6691889814576,467961.6,40110.30865376132,49795.541970660815,1035118.6,41468.80999377725,51482.07375673867,0.004338267468516328,5.684126019539037e-05,7.056643174096817e-05,0.0024927791013867042,9.903517126201744e-05,0.0001229486930584096,-0.006254058800836408,5.604102840981989e-05,6.957297203442225e-05,0.0,0.0,0.0,0.00810614507174046,0.0004590806671694294,0.0005699325534312634,-0.0024698442193727124,0.0006731975732904758,0.0008357511856790303,0.0,0.0,0.0,0.0,0.0,0.0,0.0478099500194938,0.00020555697938484478,0.0002551917833063207,-0.05402323864092817,0.0004484339746111594,0.0005567150578814169,0.0005769877690666225,1.9798035433615476e-05,2.457856689364522e-05,0.005636300852367748,0.00048310324362923763,0.0005997557399011988,0.01246734742227078,0.0004994655311773501,0.0006200689462485065,-4485353.4,37231.845096637364,46222.03038023473,-0.05402323864092817,0.0004484339746111594,0.0005567150578814169,1033214.4,1904.1999999999825,1035118.6,rejected,206893297664.0,0.48510475260713176,53703204044.8,0.3032242006012409,mechanism,0.5167343986066781,0.6566316362639109,other
toolagent_trace,0.02,4.0,"l1=0.02,l2x4",lru_2hit_s,sampled,,5,83026370,32176527,782561.0,362.03867196751236,449.45831857292393,6656.0,957.864291014129,1189.1549356331998,3499115.4,719.842204931053,893.6588605516984,0.0,0.0,0.0,0.0,0.0,0.0,83968.0,9115.900833159607,11317.071290983795,0.0,0.0,0.0,0.0,0.0,0.0,36672229.4,2750.7026011548396,3414.900842747994,9805313.2,11255.85159816884,13973.745141439751,4288332.4,5.366563145999495,6.662399999999999,83968.0,9115.900833159607,11317.071290983795,873185.0,9558.09520772837,11866.040104166039,0.009425451215077813,4.360526323955839e-06,5.41344055596921e-06,8.016730106350549e-05,1.1536868238538302e-05,1.4322617448326359e-05,0.042144627062462206,8.67004308307139e-06,1.0763554525528032e-05,0.0,0.0,0.0,0.0,0.0,0.0,0.0010113413364934538,0.00010979524737935199,0.00013630695032173268,0.0,0.0,0.0,0.0,0.0,0.0,0.44169375826017687,3.3130469285279225e-05,4.11303161001257e-05,0.1180987823507158,0.0001355695979261658,0.00016830490290542678,0.05165024557860352,6.463685147411388e-08,8.024438500870978e-08,0.0010113413364934538,0.00010979524737935199,0.00013630695032173268,0.010516959852634771,0.00011512119833407582,0.00014291893171008237,41981840.2,11255.851598168838,13973.745141439747,9805313.2,11255.85159816884,13973.745141439751,9805313.2,11255.85159816884,13973.745141439751,0.1180987823507158,0.0001355695979261658,0.00016830490290542678,0.0,0.0,0.0,9.055881929397582,3.536296811709329,4.3901885130887175,782561.0,362.03867196751236,449.45831857292393,-262305.6,1190.6848029600444,1478.193438784843,-475376.6,932.2646083596652,1157.3738271141956,0.0,0.0,0.0,0.0,0.0,0.0,-951388.2,69012.15136988557,85676.16643614329,0.0,0.0,0.0,0.0,0.0,0.0,2778946.4,12200.503403548559,15146.497239372939,-1872437.0,69260.97395720046,85985.0709548505,44878.8,789.2294976747891,979.8007518514362,-951388.2,69012.15136988557,85676.16643614329,-431132.8,68050.91005049089,84482.8190381705,0.009425451215077813,4.360526323955839e-06,5.41344055596921e-06,-0.003159304688377921,1.4341043730564692e-05,1.7803903010391074e-05,-0.00572560982733558,1.1228536287443583e-05,1.3939834140818875e-05,0.0,0.0,0.0,0.0,0.0,0.0,-0.011458867827173463,0.0008312076195777984,0.0010319151184875752,0.0,0.0,0.0,0.0,0.0,0.0,0.03347064793992559,0.00014694733015003513,0.00018242995857067402,-0.02255231681211644,0.00083420452992465,0.001035635677614835,0.0005405366993643107,9.505769042713674e-06,1.180107900479767e-05,-0.011458867827173463,0.0008312076195777984,0.0010319151184875752,-0.005192721300473572,0.0008196300771729613,0.00101754200548778,-1872437.0,69260.97395720046,85985.0709548505,-0.02255231681211644,0.00083420452992465,0.001035635677614835,782561.0,-1213693.7999999998,-431132.8,not_worse,63642814873.6,0.14922393481599608,36806146457.6,0.20781840739907603,mechanism,0.8681462265756181,0.8364415231829687,other
toolagent_trace,0.02,4.0,"l1=0.02,l2x4",lru_s,sampled,,5,83026370,32176527,0.0,0.0,0.0,268961.6,1412.448335338323,1753.5050894487188,3974492.0,954.9285313571901,1185.5102929435914,0.0,0.0,0.0,0.0,0.0,0.0,1035356.2,66830.20572091635,82967.35740954512,0.0,0.0,0.0,0.0,0.0,0.0,33893283.0,11293.884119292175,14020.961183036317,11677750.2,65870.68012932612,81776.14002749005,4243453.6,787.5689176192773,977.7391999306153,1035356.2,66830.20572091635,82967.35740954512,1304317.8,66107.36109314907,82069.97114630387,0.0,0.0,0.0,0.0032394719894414266,1.701204491221677e-05,2.1119857335069856e-05,0.04787023688979779,1.1501508874317014e-05,1.4278720037305766e-05,0.0,0.0,0.0,0.0,0.0,0.0,0.01247020916366692,0.0008049274672723416,0.000999289230753375,0.0,0.0,0.0,0.0,0.0,0.0,0.40822311032025127,0.00013602767553600812,0.00016887359019835253,0.14065109916283222,0.0007933705897213842,0.0009849417724451847,0.05110970887923921,9.48576840851094e-06,1.1776248918635052e-05,0.01247020916366692,0.0008049274672723416,0.000999289230753375,0.01570968115310834,0.0007962212619093072,0.0009884807820250824,43854277.2,65870.68012932612,81776.14002749005,11677750.2,65870.68012932612,81776.14002749005,11677750.2,65870.68012932612,81776.14002749005,0.14065109916283222,0.0007933705897213842,0.0009849417724451847,0.0,0.0,0.0,55.1567268371582,10.07433180139293,12.506929736517547,0.0,0.0,0.0,0.0,0.0,0.0,0.0,0.0,0.0,0.0,0.0,0.0,0.0,0.0,0.0,0.0,0.0,0.0,0.0,0.0,0.0,0.0,0.0,0.0,0.0,0.0,0.0,0.0,0.0,0.0,0.0,0.0,0.0,0.0,0.0,0.0,0.0,0.0,0.0,0.0,0.0,0.0,0.0,0.0,0.0,0.0,0.0,0.0,0.0,0.0,0.0,0.0,0.0,0.0,0.0,0.0,0.0,0.0,0.0,0.0,0.0,0.0,0.0,0.0,0.0,0.0,0.0,0.0,0.0,0.0,0.0,0.0,0.0,0.0,0.0,0.0,0.0,0.0,0.0,0.0,0.0,0.0,0.0,0.0,0.0,0.0,0.0,not_worse,426492003123.2,1.0,177107249152.0,1.0,mechanism,0.685749440099735,0.6080422835751556,other
