trace,l1_fraction,l2_multiplier,cell,arm,kind,target,seed,label_target,metric,own_target,horizon_seconds,decisions_offered,decisions_in_window,decisions_kept,rejected_decisions,rejected_reused_within_h_share,rejected_avoidable_share,evicted_decisions,evicted_reused_within_h_share,evicted_avoidable_share,victim_vs_resident_metric,victim_vs_resident_pairs,first_round_decisions,victim_rank_fraction_mean,residents_only_metric,residents_only_decisions,residents_constant_label,whole_set_metric,whole_set_decisions_scored,evicted_lowest_label_rate,victim_matches_argmin_rate,prevalence,row_type,seeds,decisions_offered_mean,decisions_offered_std,decisions_offered_ci95_half,decisions_in_window_mean,decisions_in_window_std,decisions_in_window_ci95_half,decisions_kept_mean,decisions_kept_std,decisions_kept_ci95_half,rejected_decisions_mean,rejected_decisions_std,rejected_decisions_ci95_half,rejected_reused_within_h_share_mean,rejected_reused_within_h_share_std,rejected_reused_within_h_share_ci95_half,rejected_avoidable_share_mean,rejected_avoidable_share_std,rejected_avoidable_share_ci95_half,evicted_decisions_mean,evicted_decisions_std,evicted_decisions_ci95_half,evicted_reused_within_h_share_mean,evicted_reused_within_h_share_std,evicted_reused_within_h_share_ci95_half,evicted_avoidable_share_mean,evicted_avoidable_share_std,evicted_avoidable_share_ci95_half,victim_vs_resident_metric_mean,victim_vs_resident_metric_std,victim_vs_resident_metric_ci95_half,victim_vs_resident_pairs_mean,victim_vs_resident_pairs_std,victim_vs_resident_pairs_ci95_half,first_round_decisions_mean,first_round_decisions_std,first_round_decisions_ci95_half,victim_rank_fraction_mean_mean,victim_rank_fraction_mean_std,victim_rank_fraction_mean_ci95_half,residents_only_metric_mean,residents_only_metric_std,residents_only_metric_ci95_half,residents_only_decisions_mean,residents_only_decisions_std,residents_only_decisions_ci95_half,residents_constant_label_mean,residents_constant_label_std,residents_constant_label_ci95_half,whole_set_metric_mean,whole_set_metric_std,whole_set_metric_ci95_half,whole_set_decisions_scored_mean,whole_set_decisions_scored_std,whole_set_decisions_scored_ci95_half,evicted_lowest_label_rate_mean,evicted_lowest_label_rate_std,evicted_lowest_label_rate_ci95_half,victim_matches_argmin_rate_mean,victim_matches_argmin_rate_std,victim_matches_argmin_rate_ci95_half,prevalence_mean,prevalence_std,prevalence_ci95_half
conversation_trace,0.0025,1.0,"l1=0.0025,l2x1",lfu_s,sampled,,0,binary,auc,False,600.0,269505.0,61636.0,40000.0,35701.0,0.2939413461807793,0.8752620545073375,4299.0,0.4756920214003257,0.8963325183374083,0.9041185637749366,386931.0,39504.0,0.025220547286350748,0.3225192244079854,35358.0,4642.0,0.4832268447067672,38479.0,0.72455,1.0,0.7923897431067367,seed,,,,,,,,,,,,,,,,,,,,,,,,,,,,,,,,,,,,,,,,,,,,,,,,,,,,,,,,,,,,,,,,
conversation_trace,0.0025,1.0,"l1=0.0025,l2x1",lfu_s,sampled,,0,next_use,spearman,False,600.0,269505.0,61636.0,40000.0,35701.0,0.2939413461807793,0.8752620545073375,4299.0,0.4756920214003257,0.8963325183374083,0.7679195741053757,553752.0,39504.0,0.025220547286350748,-0.10354020289167763,40000.0,0.0,-0.010466756312848872,40000.0,0.689275,1.0,0.7832154041771645,seed,,,,,,,,,,,,,,,,,,,,,,,,,,,,,,,,,,,,,,,,,,,,,,,,,,,,,,,,,,,,,,,,
conversation_trace,0.0025,1.0,"l1=0.0025,l2x1",lfu_s,sampled,,1,binary,auc,False,600.0,269546.0,61645.0,40000.0,35826.0,0.2953720761458159,0.8814023814023814,4174.0,0.4861044561571634,0.8965007392804337,0.9028583226872104,387465.0,39541.0,0.024933771275385045,0.3200972016295981,35461.0,4539.0,0.4806234016819362,38535.0,0.72135,1.0,0.791924254754312,seed,,,,,,,,,,,,,,,,,,,,,,,,,,,,,,,,,,,,,,,,,,,,,,,,,,,,,,,,,,,,,,,,
conversation_trace,0.0025,1.0,"l1=0.0025,l2x1",lfu_s,sampled,,1,next_use,spearman,False,600.0,269546.0,61645.0,40000.0,35826.0,0.2953720761458159,0.8814023814023814,4174.0,0.4861044561571634,0.8965007392804337,0.767227196963684,554356.0,39541.0,0.024933771275385045,-0.09226852892020077,40000.0,0.0,-0.0011448309119541705,40000.0,0.6873,1.0,0.783163929770242,seed,,,,,,,,,,,,,,,,,,,,,,,,,,,,,,,,,,,,,,,,,,,,,,,,,,,,,,,,,,,,,,,,
conversation_trace,0.0025,1.0,"l1=0.0025,l2x1",lfu_s,sampled,,2,binary,auc,False,600.0,269545.0,61639.0,40000.0,35775.0,0.29129280223619847,0.8814893004510124,4225.0,0.48,0.9018737672583826,0.9037124733332647,388124.0,39524.0,0.024911288078129742,0.331881783581429,35569.0,4431.0,0.4881266008846812,38566.0,0.724625,1.0,0.7895953638134929,seed,,,,,,,,,,,,,,,,,,,,,,,,,,,,,,,,,,,,,,,,,,,,,,,,,,,,,,,,,,,,,,,,
conversation_trace,0.0025,1.0,"l1=0.0025,l2x1",lfu_s,sampled,,2,next_use,spearman,False,600.0,269545.0,61639.0,40000.0,35775.0,0.29129280223619847,0.8814893004510124,4225.0,0.48,0.9018737672583826,0.7693959044245098,552694.0,39524.0,0.024911288078129742,-0.09054020918608138,40000.0,0.0,0.0009130597050228119,40000.0,0.6914,1.0,0.7811526892354059,seed,,,,,,,,,,,,,,,,,,,,,,,,,,,,,,,,,,,,,,,,,,,,,,,,,,,,,,,,,,,,,,,,
conversation_trace,0.0025,1.0,"l1=0.0025,l2x1",lfu_s,sampled,,3,binary,auc,False,600.0,269527.0,61640.0,40000.0,35763.0,0.2945781953415541,0.8845752254390128,4237.0,0.4791125796554166,0.905911330049261,0.9019867053307902,386922.0,39525.0,0.02493674889310563,0.3302444264910693,35651.0,4349.0,0.4853388430528796,38593.0,0.72105,1.0,0.7892733895000184,seed,,,,,,,,,,,,,,,,,,,,,,,,,,,,,,,,,,,,,,,,,,,,,,,,,,,,,,,,,,,,,,,,
conversation_trace,0.0025,1.0,"l1=0.0025,l2x1",lfu_s,sampled,,3,next_use,spearman,False,600.0,269527.0,61640.0,40000.0,35763.0,0.2945781953415541,0.8845752254390128,4237.0,0.4791125796554166,0.905911330049261,0.7684236142145573,552701.0,39525.0,0.02493674889310563,-0.09711643161030288,40000.0,0.0,-0.004871472228776759,40000.0,0.689175,1.0,0.7808851771458004,seed,,,,,,,,,,,,,,,,,,,,,,,,,,,,,,,,,,,,,,,,,,,,,,,,,,,,,,,,,,,,,,,,
conversation_trace,0.0025,1.0,"l1=0.0025,l2x1",lfu_s,sampled,,4,binary,auc,False,600.0,269520.0,61629.0,40000.0,35752.0,0.2949205638845379,0.8804059180576631,4248.0,0.4795197740112994,0.8973981345115366,0.9036046721501689,387830.0,39534.0,0.025102601558152478,0.32009408331193867,35455.0,4545.0,0.48116731672889207,38530.0,0.722225,1.0,0.7918132131725565,seed,,,,,,,,,,,,,,,,,,,,,,,,,,,,,,,,,,,,,,,,,,,,,,,,,,,,,,,,,,,,,,,,
conversation_trace,0.0025,1.0,"l1=0.0025,l2x1",lfu_s,sampled,,4,next_use,spearman,False,600.0,269520.0,61629.0,40000.0,35752.0,0.2949205638845379,0.8804059180576631,4248.0,0.4795197740112994,0.8973981345115366,0.7678484718845163,553983.0,39534.0,0.025102601558152478,-0.10374711670916008,40000.0,0.0,-0.010801202729997135,40000.0,0.6884,1.0,0.7829247690328961,seed,,,,,,,,,,,,,,,,,,,,,,,,,,,,,,,,,,,,,,,,,,,,,,,,,,,,,,,,,,,,,,,,
conversation_trace,0.0025,1.0,"l1=0.0025,l2x1",lru_2hit_s,sampled,,0,binary,auc,False,600.0,91057.0,22078.0,22078.0,1.0,0.0,nan,22077.0,0.5258413733750057,0.9946593160478939,0.5031473310632584,166808.0,22062.0,0.9220308108965642,0.5004026911747976,21976.0,102.0,0.5010320713690709,22003.0,0.4769906694446961,1.0,0.5284431536596413,seed,,,,,,,,,,,,,,,,,,,,,,,,,,,,,,,,,,,,,,,,,,,,,,,,,,,,,,,,,,,,,,,,
conversation_trace,0.0025,1.0,"l1=0.0025,l2x1",lru_2hit_s,sampled,,0,next_use,spearman,False,600.0,91057.0,22078.0,22078.0,1.0,0.0,nan,22077.0,0.5258413733750057,0.9946593160478939,0.49669093315684976,258381.0,22062.0,0.9220308108965642,-0.005377327730138057,22050.0,28.0,-0.005342625588029302,22064.0,0.47526949904882687,1.0,0.5276091764141643,seed,,,,,,,,,,,,,,,,,,,,,,,,,,,,,,,,,,,,,,,,,,,,,,,,,,,,,,,,,,,,,,,,
conversation_trace,0.0025,1.0,"l1=0.0025,l2x1",lru_2hit_s,sampled,,1,binary,auc,False,600.0,91043.0,22075.0,22075.0,1.0,1.0,1.0,22074.0,0.5257316299719127,0.9956053425247738,0.5038164291601467,167434.0,22059.0,0.9218204587696632,0.5009667166357157,21982.0,93.0,0.5015545851237291,22003.0,0.4765571913929785,1.0,0.5278141230456831,seed,,,,,,,,,,,,,,,,,,,,,,,,,,,,,,,,,,,,,,,,,,,,,,,,,,,,,,,,,,,,,,,,
conversation_trace,0.0025,1.0,"l1=0.0025,l2x1",lru_2hit_s,sampled,,1,next_use,spearman,False,600.0,91043.0,22075.0,22075.0,1.0,1.0,1.0,22074.0,0.5257316299719127,0.9956053425247738,0.4964192494344657,258605.0,22059.0,0.9218204587696632,-0.006325895230777064,22045.0,30.0,-0.006118157932631986,22053.0,0.4750622876557191,1.0,0.527035993806944,seed,,,,,,,,,,,,,,,,,,,,,,,,,,,,,,,,,,,,,,,,,,,,,,,,,,,,,,,,,,,,,,,,
conversation_trace,0.0025,1.0,"l1=0.0025,l2x1",lru_2hit_s,sampled,,2,binary,auc,False,600.0,91067.0,22080.0,22080.0,0.0,nan,nan,22080.0,0.5258152173913043,0.9969853574504737,0.5043958474034318,167317.0,22064.0,0.9217163705583756,0.5031410996228115,22002.0,78.0,0.5036078661668819,22028.0,0.4757699275362319,1.0,0.5272390127456413,seed,,,,,,,,,,,,,,,,,,,,,,,,,,,,,,,,,,,,,,,,,,,,,,,,,,,,,,,,,,,,,,,,
conversation_trace,0.0025,1.0,"l1=0.0025,l2x1",lru_2hit_s,sampled,,2,next_use,spearman,False,600.0,91067.0,22080.0,22080.0,0.0,nan,nan,22080.0,0.5258152173913043,0.9969853574504737,0.4976873534033643,258362.0,22064.0,0.9217163705583756,-0.0018984194583122193,22044.0,36.0,-0.00203997629019928,22063.0,0.47504528985507244,1.0,0.5266182488597126,seed,,,,,,,,,,,,,,,,,,,,,,,,,,,,,,,,,,,,,,,,,,,,,,,,,,,,,,,,,,,,,,,,
conversation_trace,0.0025,1.0,"l1=0.0025,l2x1",lru_2hit_s,sampled,,3,binary,auc,False,600.0,91034.0,22069.0,22069.0,0.0,nan,nan,22069.0,0.5256241787122208,0.9956896551724138,0.5025427480824688,167142.0,22055.0,0.9215356495125822,0.5014655517019883,21980.0,89.0,0.5019497655958121,22005.0,0.4766414427477457,1.0,0.5291836261425156,seed,,,,,,,,,,,,,,,,,,,,,,,,,,,,,,,,,,,,,,,,,,,,,,,,,,,,,,,,,,,,,,,,
conversation_trace,0.0025,1.0,"l1=0.0025,l2x1",lru_2hit_s,sampled,,3,next_use,spearman,False,600.0,91034.0,22069.0,22069.0,0.0,nan,nan,22069.0,0.5256241787122208,0.9956896551724138,0.49581264789124485,258636.0,22055.0,0.9215356495125822,-0.005902356607555571,22046.0,23.0,-0.00612874226591937,22055.0,0.4752820698717658,1.0,0.5284079550270685,seed,,,,,,,,,,,,,,,,,,,,,,,,,,,,,,,,,,,,,,,,,,,,,,,,,,,,,,,,,,,,,,,,
conversation_trace,0.0025,1.0,"l1=0.0025,l2x1",lru_2hit_s,sampled,,4,binary,auc,False,600.0,91051.0,22068.0,22068.0,0.0,nan,nan,22068.0,0.5253761102048214,0.9949111609453165,0.5034244322022239,167181.0,22054.0,0.9216992949124875,0.5025786992283817,21969.0,99.0,0.5030353726577383,21993.0,0.4772974442631865,1.0,0.5283599277073748,seed,,,,,,,,,,,,,,,,,,,,,,,,,,,,,,,,,,,,,,,,,,,,,,,,,,,,,,,,,,,,,,,,
conversation_trace,0.0025,1.0,"l1=0.0025,l2x1",lru_2hit_s,sampled,,4,next_use,spearman,False,600.0,91051.0,22068.0,22068.0,0.0,nan,nan,22068.0,0.5253761102048214,0.9949111609453165,0.496431196564664,258490.0,22054.0,0.9216992949124875,-0.003730853368349567,22043.0,25.0,-0.003921706355578463,22052.0,0.47557549392785936,1.0,0.5276295376150898,seed,,,,,,,,,,,,,,,,,,,,,,,,,,,,,,,,,,,,,,,,,,,,,,,,,,,,,,,,,,,,,,,,
conversation_trace,0.0025,1.0,"l1=0.0025,l2x1",lru_s,sampled,,0,binary,auc,False,600.0,274687.0,62664.0,40000.0,1034.0,0.18375241779497098,1.0,38966.0,0.3262331263152492,0.999685336689742,0.5053124102956655,261275.0,39144.0,0.837892620835888,0.4974158676059106,39274.0,726.0,0.4986107690314787,39420.0,0.67755,1.0,0.32329226202395955,seed,,,,,,,,,,,,,,,,,,,,,,,,,,,,,,,,,,,,,,,,,,,,,,,,,,,,,,,,,,,,,,,,
conversation_trace,0.0025,1.0,"l1=0.0025,l2x1",lru_s,sampled,,0,next_use,spearman,False,600.0,274687.0,62664.0,40000.0,1034.0,0.18375241779497098,1.0,38966.0,0.3262331263152492,0.999685336689742,0.5021765159038806,323223.0,39144.0,0.837892620835888,-0.008587490207704655,37971.0,2029.0,-0.006967251118292095,38415.0,0.678375,1.0,0.32282402553803025,seed,,,,,,,,,,,,,,,,,,,,,,,,,,,,,,,,,,,,,,,,,,,,,,,,,,,,,,,,,,,,,,,,
conversation_trace,0.0025,1.0,"l1=0.0025,l2x1",lru_s,sampled,,1,binary,auc,False,600.0,274685.0,62663.0,40000.0,1009.0,0.18929633300297324,1.0,38991.0,0.3247672539816881,0.999921029771776,0.5057131909186704,260975.0,39151.0,0.8376558070036525,0.4965028639837578,39287.0,713.0,0.4975137912345778,39419.0,0.678675,1.0,0.32212571283852925,seed,,,,,,,,,,,,,,,,,,,,,,,,,,,,,,,,,,,,,,,,,,,,,,,,,,,,,,,,,,,,,,,,
conversation_trace,0.0025,1.0,"l1=0.0025,l2x1",lru_s,sampled,,1,next_use,spearman,False,600.0,274685.0,62663.0,40000.0,1009.0,0.18929633300297324,1.0,38991.0,0.3247672539816881,0.999921029771776,0.5026319462754161,322385.0,39151.0,0.8376558070036525,-0.011015711695762754,38006.0,1994.0,-0.00901897853308409,38444.0,0.679725,1.0,0.3216324499264523,seed,,,,,,,,,,,,,,,,,,,,,,,,,,,,,,,,,,,,,,,,,,,,,,,,,,,,,,,,,,,,,,,,
conversation_trace,0.0025,1.0,"l1=0.0025,l2x1",lru_s,sampled,,2,binary,auc,False,600.0,274690.0,62665.0,40000.0,992.0,0.17943548387096775,1.0,39008.0,0.32895816242821985,1.0,0.5048035842128358,259806.0,39130.0,0.8376237860976233,0.49580816857322335,39269.0,731.0,0.4966819237163507,39393.0,0.67475,1.0,0.3233033439842151,seed,,,,,,,,,,,,,,,,,,,,,,,,,,,,,,,,,,,,,,,,,,,,,,,,,,,,,,,,,,,,,,,,
conversation_trace,0.0025,1.0,"l1=0.0025,l2x1",lru_s,sampled,,2,next_use,spearman,False,600.0,274690.0,62665.0,40000.0,992.0,0.17943548387096775,1.0,39008.0,0.32895816242821985,1.0,0.5007062388049508,322129.0,39130.0,0.8376237860976233,-0.012486080368014865,38002.0,1998.0,-0.010891876390118916,38437.0,0.6757,1.0,0.32287338212124334,seed,,,,,,,,,,,,,,,,,,,,,,,,,,,,,,,,,,,,,,,,,,,,,,,,,,,,,,,,,,,,,,,,
conversation_trace,0.0025,1.0,"l1=0.0025,l2x1",lru_s,sampled,,3,binary,auc,False,600.0,274667.0,62661.0,40000.0,1019.0,0.1844946025515211,1.0,38981.0,0.32536363869577484,0.9997634629030986,0.5049180958240406,260060.0,39123.0,0.8374118165784833,0.4982556738863443,39239.0,761.0,0.4990047649641327,39356.0,0.6783,1.0,0.3227265164042449,seed,,,,,,,,,,,,,,,,,,,,,,,,,,,,,,,,,,,,,,,,,,,,,,,,,,,,,,,,,,,,,,,,
conversation_trace,0.0025,1.0,"l1=0.0025,l2x1",lru_s,sampled,,3,next_use,spearman,False,600.0,274667.0,62661.0,40000.0,1019.0,0.1844946025515211,1.0,38981.0,0.32536363869577484,0.9997634629030986,0.5011908241249152,321626.0,39123.0,0.8374118165784833,-0.007597800765115636,37947.0,2053.0,-0.006277937346179886,38370.0,0.67925,1.0,0.3222479580282217,seed,,,,,,,,,,,,,,,,,,,,,,,,,,,,,,,,,,,,,,,,,,,,,,,,,,,,,,,,,,,,,,,,
conversation_trace,0.0025,1.0,"l1=0.0025,l2x1",lru_s,sampled,,4,binary,auc,False,600.0,274692.0,62662.0,40000.0,996.0,0.18875502008032127,1.0,39004.0,0.32568454517485385,0.9998425568763284,0.5067582096888151,260424.0,39154.0,0.8381606923941359,0.49702769965106497,39228.0,772.0,0.49834086972279545,39364.0,0.677775,1.0,0.3216428085529939,seed,,,,,,,,,,,,,,,,,,,,,,,,,,,,,,,,,,,,,,,,,,,,,,,,,,,,,,,,,,,,,,,,
conversation_trace,0.0025,1.0,"l1=0.0025,l2x1",lru_s,sampled,,4,next_use,spearman,False,600.0,274692.0,62662.0,40000.0,996.0,0.18875502008032127,1.0,39004.0,0.32568454517485385,0.9998425568763284,0.5029420440607971,322055.0,39154.0,0.8381606923941359,-0.009206480843755981,37961.0,2039.0,-0.007254976238591973,38399.0,0.678775,1.0,0.321083288915327,seed,,,,,,,,,,,,,,,,,,,,,,,,,,,,,,,,,,,,,,,,,,,,,,,,,,,,,,,,,,,,,,,,
conversation_trace,0.0025,1.0,"l1=0.0025,l2x1",A_none,learned,binary,0,binary,auc,True,600.0,268810.0,61296.0,40000.0,32298.0,0.27246269118830885,0.9979545454545454,7702.0,0.4484549467670735,0.9962362478286045,0.817265164428789,353162.0,39478.0,0.051053751456507424,0.5313397245491635,39892.0,108.0,0.5748252076823908,39969.0,0.694425,1.0,0.650328634628347,seed,,,,,,,,,,,,,,,,,,,,,,,,,,,,,,,,,,,,,,,,,,,,,,,,,,,,,,,,,,,,,,,,
conversation_trace,0.0025,1.0,"l1=0.0025,l2x1",A_none,learned,binary,0,next_use,spearman,False,600.0,268810.0,61296.0,40000.0,32298.0,0.27246269118830885,0.9979545454545454,7702.0,0.4484549467670735,0.9962362478286045,0.763923266691179,486829.0,39478.0,0.051053751456507424,0.044805931751327015,40000.0,0.0,0.10902921977328071,40000.0,0.69425,1.0,0.6501049334930638,seed,,,,,,,,,,,,,,,,,,,,,,,,,,,,,,,,,,,,,,,,,,,,,,,,,,,,,,,,,,,,,,,,
conversation_trace,0.0025,1.0,"l1=0.0025,l2x1",A_none,learned,binary,1,binary,auc,True,600.0,268834.0,61292.0,40000.0,32348.0,0.2752565846420181,0.9964061096136568,7652.0,0.4443282801881861,0.9952941176470588,0.8146540868044452,353369.0,39474.0,0.051680378223640876,0.5333460443593737,39851.0,149.0,0.5759009785251431,39952.0,0.6936,1.0,0.649462672596744,seed,,,,,,,,,,,,,,,,,,,,,,,,,,,,,,,,,,,,,,,,,,,,,,,,,,,,,,,,,,,,,,,,
conversation_trace,0.0025,1.0,"l1=0.0025,l2x1",A_none,learned,binary,1,next_use,spearman,False,600.0,268834.0,61292.0,40000.0,32348.0,0.2752565846420181,0.9964061096136568,7652.0,0.4443282801881861,0.9952941176470588,0.7612589764809525,486967.0,39474.0,0.051680378223640876,0.048530720746275326,40000.0,0.0,0.11158029097023596,40000.0,0.693025,1.0,0.6491977617980967,seed,,,,,,,,,,,,,,,,,,,,,,,,,,,,,,,,,,,,,,,,,,,,,,,,,,,,,,,,,,,,,,,,
conversation_trace,0.0025,1.0,"l1=0.0025,l2x1",A_none,learned,binary,2,binary,auc,True,600.0,268828.0,61307.0,40000.0,32375.0,0.2712895752895753,0.9948764659000342,7625.0,0.45967213114754096,0.9960057061340941,0.8160262563523433,354200.0,39512.0,0.051683665721806035,0.5336842490660053,39852.0,148.0,0.5771719040854296,39941.0,0.694275,1.0,0.6497295117672682,seed,,,,,,,,,,,,,,,,,,,,,,,,,,,,,,,,,,,,,,,,,,,,,,,,,,,,,,,,,,,,,,,,
conversation_trace,0.0025,1.0,"l1=0.0025,l2x1",A_none,learned,binary,2,next_use,spearman,False,600.0,268828.0,61307.0,40000.0,32375.0,0.2712895752895753,0.9948764659000342,7625.0,0.45967213114754096,0.9960057061340941,0.7628256556201435,487363.0,39512.0,0.051683665721806035,0.04974931506131828,40000.0,0.0,0.11310628864286669,40000.0,0.693575,1.0,0.6494454844064564,seed,,,,,,,,,,,,,,,,,,,,,,,,,,,,,,,,,,,,,,,,,,,,,,,,,,,,,,,,,,,,,,,,
conversation_trace,0.0025,1.0,"l1=0.0025,l2x1",A_none,learned,binary,3,binary,auc,True,600.0,268844.0,61288.0,40000.0,32341.0,0.2752234006369624,0.9965172452533423,7659.0,0.45097271184227705,0.9968152866242038,0.8155336642527681,352956.0,39474.0,0.05122834017327861,0.5323460286954645,39853.0,147.0,0.5756392529550439,39958.0,0.692175,1.0,0.6515113161062822,seed,,,,,,,,,,,,,,,,,,,,,,,,,,,,,,,,,,,,,,,,,,,,,,,,,,,,,,,,,,,,,,,,
conversation_trace,0.0025,1.0,"l1=0.0025,l2x1",A_none,learned,binary,3,next_use,spearman,False,600.0,268844.0,61288.0,40000.0,32341.0,0.2752234006369624,0.9965172452533423,7659.0,0.45097271184227705,0.9968152866242038,0.7621079146717387,487904.0,39474.0,0.05122834017327861,0.04677113928239487,40000.0,0.0,0.11035059347868127,40000.0,0.69185,1.0,0.6512787832941364,seed,,,,,,,,,,,,,,,,,,,,,,,,,,,,,,,,,,,,,,,,,,,,,,,,,,,,,,,,,,,,,,,,
conversation_trace,0.0025,1.0,"l1=0.0025,l2x1",A_none,learned,binary,4,binary,auc,True,600.0,268779.0,61290.0,40000.0,32282.0,0.273867790099746,0.995588734306074,7718.0,0.45154185022026433,0.9951219512195122,0.8168230083743383,353819.0,39499.0,0.051914288969341,0.5319813842700675,39838.0,162.0,0.5756513919895779,39944.0,0.69325,1.0,0.6529413582654279,seed,,,,,,,,,,,,,,,,,,,,,,,,,,,,,,,,,,,,,,,,,,,,,,,,,,,,,,,,,,,,,,,,
conversation_trace,0.0025,1.0,"l1=0.0025,l2x1",A_none,learned,binary,4,next_use,spearman,False,600.0,268779.0,61290.0,40000.0,32282.0,0.273867790099746,0.995588734306074,7718.0,0.45154185022026433,0.9951219512195122,0.7631024703046116,489049.0,39499.0,0.051914288969341,0.04494126300081702,40000.0,0.0,0.10930224896605942,40000.0,0.692525,1.0,0.6526794005583525,seed,,,,,,,,,,,,,,,,,,,,,,,,,,,,,,,,,,,,,,,,,,,,,,,,,,,,,,,,,,,,,,,,
conversation_trace,0.0025,1.0,"l1=0.0025,l2x1",B,learned,binary,0,binary,auc,True,600.0,269028.0,61582.0,40000.0,33267.0,0.27694111281450084,1.0,6733.0,0.47957819694044257,0.9996903065964695,0.7152307819793939,325827.0,39493.0,0.03666947307117717,0.350803710833552,39993.0,7.0,0.39526174996346947,39998.0,0.688975,1.0,0.5292122214651218,seed,,,,,,,,,,,,,,,,,,,,,,,,,,,,,,,,,,,,,,,,,,,,,,,,,,,,,,,,,,,,,,,,
conversation_trace,0.0025,1.0,"l1=0.0025,l2x1",B,learned,binary,0,next_use,spearman,False,600.0,269028.0,61582.0,40000.0,33267.0,0.27694111281450084,1.0,6733.0,0.47957819694044257,0.9996903065964695,0.6854970587828842,434174.0,39493.0,0.03666947307117717,-0.21044722984005407,39999.0,1.0,-0.14354562753479141,39999.0,0.68945,1.0,0.5290429776318519,seed,,,,,,,,,,,,,,,,,,,,,,,,,,,,,,,,,,,,,,,,,,,,,,,,,,,,,,,,,,,,,,,,
conversation_trace,0.0025,1.0,"l1=0.0025,l2x1",B,learned,binary,1,binary,auc,True,600.0,269026.0,61583.0,40000.0,33132.0,0.27680188337558853,1.0,6868.0,0.4732090856144438,1.0,0.7151302201167841,324873.0,39485.0,0.036687191338482965,0.35205350228765464,39998.0,2.0,0.39621178377201965,39999.0,0.689475,1.0,0.5277673532160386,seed,,,,,,,,,,,,,,,,,,,,,,,,,,,,,,,,,,,,,,,,,,,,,,,,,,,,,,,,,,,,,,,,
conversation_trace,0.0025,1.0,"l1=0.0025,l2x1",B,learned,binary,1,next_use,spearman,False,600.0,269026.0,61583.0,40000.0,33132.0,0.27680188337558853,1.0,6868.0,0.4732090856144438,1.0,0.6866227365881948,432809.0,39485.0,0.036687191338482965,-0.2099495855327274,39999.0,1.0,-0.1429480923217438,39999.0,0.69,1.0,0.5276260697439973,seed,,,,,,,,,,,,,,,,,,,,,,,,,,,,,,,,,,,,,,,,,,,,,,,,,,,,,,,,,,,,,,,,
conversation_trace,0.0025,1.0,"l1=0.0025,l2x1",B,learned,binary,2,binary,auc,True,600.0,269023.0,61588.0,40000.0,33241.0,0.27748864354261304,1.0,6759.0,0.47536617842876167,1.0,0.7170078624259448,326108.0,39507.0,0.03759302148986256,0.35039387088035534,39991.0,9.0,0.3951062340914295,40000.0,0.689075,1.0,0.53061263533709,seed,,,,,,,,,,,,,,,,,,,,,,,,,,,,,,,,,,,,,,,,,,,,,,,,,,,,,,,,,,,,,,,,
conversation_trace,0.0025,1.0,"l1=0.0025,l2x1",B,learned,binary,2,next_use,spearman,False,600.0,269023.0,61588.0,40000.0,33241.0,0.27748864354261304,1.0,6759.0,0.47536617842876167,1.0,0.6880468148216277,434905.0,39507.0,0.03759302148986256,-0.211656370529045,39999.0,1.0,-0.14397001224578462,40000.0,0.689625,1.0,0.5304507532667065,seed,,,,,,,,,,,,,,,,,,,,,,,,,,,,,,,,,,,,,,,,,,,,,,,,,,,,,,,,,,,,,,,,
conversation_trace,0.0025,1.0,"l1=0.0025,l2x1",B,learned,binary,3,binary,auc,True,600.0,269068.0,61606.0,40000.0,33253.0,0.2806664060385529,1.0,6747.0,0.4710241588854306,0.999685336689742,0.7153507415380752,326551.0,39503.0,0.03705177454876845,0.35176335635951456,39994.0,6.0,0.3962222030677165,39997.0,0.68725,1.0,0.5294178244981994,seed,,,,,,,,,,,,,,,,,,,,,,,,,,,,,,,,,,,,,,,,,,,,,,,,,,,,,,,,,,,,,,,,
conversation_trace,0.0025,1.0,"l1=0.0025,l2x1",B,learned,binary,3,next_use,spearman,False,600.0,269068.0,61606.0,40000.0,33253.0,0.2806664060385529,1.0,6747.0,0.4710241588854306,0.999685336689742,0.6865222581824957,434739.0,39503.0,0.03705177454876845,-0.2092101641722627,39998.0,2.0,-0.14205473755983952,39998.0,0.687725,1.0,0.5292912614072344,seed,,,,,,,,,,,,,,,,,,,,,,,,,,,,,,,,,,,,,,,,,,,,,,,,,,,,,,,,,,,,,,,,
conversation_trace,0.0025,1.0,"l1=0.0025,l2x1",B,learned,binary,4,binary,auc,True,600.0,269048.0,61608.0,40000.0,33228.0,0.27834958468761284,0.9998918802032652,6772.0,0.4813939751919669,0.9993865030674847,0.7137912459985225,324880.0,39504.0,0.03713547995139733,0.35346920507460644,39990.0,10.0,0.3973474410396242,39997.0,0.68735,1.0,0.5281808495608562,seed,,,,,,,,,,,,,,,,,,,,,,,,,,,,,,,,,,,,,,,,,,,,,,,,,,,,,,,,,,,,,,,,
conversation_trace,0.0025,1.0,"l1=0.0025,l2x1",B,learned,binary,4,next_use,spearman,False,600.0,269048.0,61608.0,40000.0,33228.0,0.27834958468761284,0.9998918802032652,6772.0,0.4813939751919669,0.9993865030674847,0.6846908686503249,433408.0,39504.0,0.03713547995139733,-0.20723516705146786,40000.0,0.0,-0.14075531036847755,40000.0,0.687825,1.0,0.5279998351738916,seed,,,,,,,,,,,,,,,,,,,,,,,,,,,,,,,,,,,,,,,,,,,,,,,,,,,,,,,,,,,,,,,,
conversation_trace,0.0025,1.0,"l1=0.0025,l2x1",C_lru,learned,binary,0,binary,auc,True,600.0,269089.0,61550.0,40000.0,33816.0,0.2846285781878401,1.0,6184.0,0.445019404915912,1.0,0.6820496559296525,316941.0,39488.0,0.026315747822123176,0.37812143060064934,40000.0,0.0,0.41375009623189307,40000.0,0.690575,1.0,0.4919351040783649,seed,,,,,,,,,,,,,,,,,,,,,,,,,,,,,,,,,,,,,,,,,,,,,,,,,,,,,,,,,,,,,,,,
conversation_trace,0.0025,1.0,"l1=0.0025,l2x1",C_lru,learned,binary,0,next_use,spearman,False,600.0,269089.0,61550.0,40000.0,33816.0,0.2846285781878401,1.0,6184.0,0.445019404915912,1.0,0.6669643348791331,417691.0,39488.0,0.026315747822123176,-0.1863804739790206,40000.0,0.0,-0.12738740227860698,40000.0,0.691075,1.0,0.4917997080154469,seed,,,,,,,,,,,,,,,,,,,,,,,,,,,,,,,,,,,,,,,,,,,,,,,,,,,,,,,,,,,,,,,,
conversation_trace,0.0025,1.0,"l1=0.0025,l2x1",C_lru,learned,binary,1,binary,auc,True,600.0,269116.0,61551.0,40000.0,33712.0,0.2831039392501187,0.9998952221290863,6288.0,0.44115776081424934,1.0,0.6852907729728023,316570.0,39479.0,0.026130981027888245,0.3745066733439499,39995.0,5.0,0.41081989441077316,39999.0,0.692075,1.0,0.49321318245302653,seed,,,,,,,,,,,,,,,,,,,,,,,,,,,,,,,,,,,,,,,,,,,,,,,,,,,,,,,,,,,,,,,,
conversation_trace,0.0025,1.0,"l1=0.0025,l2x1",C_lru,learned,binary,1,next_use,spearman,False,600.0,269116.0,61551.0,40000.0,33712.0,0.2831039392501187,0.9998952221290863,6288.0,0.44115776081424934,1.0,0.6685755850181665,417252.0,39479.0,0.026130981027888245,-0.19214059682677356,39998.0,2.0,-0.13212419897432942,40000.0,0.69255,1.0,0.4930718977334104,seed,,,,,,,,,,,,,,,,,,,,,,,,,,,,,,,,,,,,,,,,,,,,,,,,,,,,,,,,,,,,,,,,
conversation_trace,0.0025,1.0,"l1=0.0025,l2x1",C_lru,learned,binary,2,binary,auc,True,600.0,269099.0,61562.0,40000.0,33824.0,0.28728122043519394,0.9998970875784707,6176.0,0.4339378238341969,0.9996268656716418,0.6844056254067667,318057.0,39531.0,0.025970915231084465,0.36861678102911377,39995.0,5.0,0.40570974776989766,39998.0,0.690125,1.0,0.495811081466482,seed,,,,,,,,,,,,,,,,,,,,,,,,,,,,,,,,,,,,,,,,,,,,,,,,,,,,,,,,,,,,,,,,
conversation_trace,0.0025,1.0,"l1=0.0025,l2x1",C_lru,learned,binary,2,next_use,spearman,False,600.0,269099.0,61562.0,40000.0,33824.0,0.28728122043519394,0.9998970875784707,6176.0,0.4339378238341969,0.9996268656716418,0.6690996321384778,419995.0,39531.0,0.025970915231084465,-0.19976368048844378,40000.0,0.0,-0.13873826582894627,40000.0,0.690625,1.0,0.49566686435203106,seed,,,,,,,,,,,,,,,,,,,,,,,,,,,,,,,,,,,,,,,,,,,,,,,,,,,,,,,,,,,,,,,,
conversation_trace,0.0025,1.0,"l1=0.0025,l2x1",C_lru,learned,binary,3,binary,auc,True,600.0,269100.0,61575.0,40000.0,33851.0,0.28911996691382824,1.0,6149.0,0.44966661245731016,1.0,0.6809076564020674,317499.0,39509.0,0.02601464223341517,0.3716979108731537,39997.0,3.0,0.40819483266489753,39999.0,0.6862,1.0,0.49493678523757595,seed,,,,,,,,,,,,,,,,,,,,,,,,,,,,,,,,,,,,,,,,,,,,,,,,,,,,,,,,,,,,,,,,
conversation_trace,0.0025,1.0,"l1=0.0025,l2x1",C_lru,learned,binary,3,next_use,spearman,False,600.0,269100.0,61575.0,40000.0,33851.0,0.28911996691382824,1.0,6149.0,0.44966661245731016,1.0,0.6667853527835665,419875.0,39509.0,0.02601464223341517,-0.19558769822810543,39997.0,3.0,-0.13558332392843053,39999.0,0.686775,1.0,0.4947925634539057,seed,,,,,,,,,,,,,,,,,,,,,,,,,,,,,,,,,,,,,,,,,,,,,,,,,,,,,,,,,,,,,,,,
conversation_trace,0.0025,1.0,"l1=0.0025,l2x1",C_lru,learned,binary,4,binary,auc,True,600.0,269079.0,61539.0,40000.0,33787.0,0.28546482374877913,1.0,6213.0,0.45469177530983423,1.0,0.684119326758579,317984.0,39520.0,0.026496077935222673,0.37030212779493227,39999.0,1.0,0.4073494499337468,40000.0,0.68825,1.0,0.4947477631269131,seed,,,,,,,,,,,,,,,,,,,,,,,,,,,,,,,,,,,,,,,,,,,,,,,,,,,,,,,,,,,,,,,,
conversation_trace,0.0025,1.0,"l1=0.0025,l2x1",C_lru,learned,binary,4,next_use,spearman,False,600.0,269079.0,61539.0,40000.0,33787.0,0.28546482374877913,1.0,6213.0,0.45469177530983423,1.0,0.6690244955088785,419383.0,39520.0,0.026496077935222673,-0.19767267868111227,40000.0,0.0,-0.13689901742188818,40000.0,0.688825,1.0,0.49459324228867435,seed,,,,,,,,,,,,,,,,,,,,,,,,,,,,,,,,,,,,,,,,,,,,,,,,,,,,,,,,,,,,,,,,
conversation_trace,0.0025,1.0,"l1=0.0025,l2x1",C_union,learned,binary,0,binary,auc,True,600.0,269859.0,62285.0,40000.0,34821.0,0.30263346830935356,1.0,5179.0,0.45375555126472294,1.0,0.5938520423620977,297058.0,39525.0,0.02310800126502214,0.22996884195993011,39975.0,25.0,0.2711223668886144,39983.0,0.6778,1.0,0.40932121702659946,seed,,,,,,,,,,,,,,,,,,,,,,,,,,,,,,,,,,,,,,,,,,,,,,,,,,,,,,,,,,,,,,,,
conversation_trace,0.0025,1.0,"l1=0.0025,l2x1",C_union,learned,binary,0,next_use,spearman,False,600.0,269859.0,62285.0,40000.0,34821.0,0.30263346830935356,1.0,5179.0,0.45375555126472294,1.0,0.551338016544084,381647.0,39525.0,0.02310800126502214,-0.4430156047945482,39975.0,25.0,-0.3800326686463986,39983.0,0.678375,1.0,0.4091814134873625,seed,,,,,,,,,,,,,,,,,,,,,,,,,,,,,,,,,,,,,,,,,,,,,,,,,,,,,,,,,,,,,,,,
conversation_trace,0.0025,1.0,"l1=0.0025,l2x1",C_union,learned,binary,1,binary,auc,True,600.0,269893.0,62289.0,40000.0,34843.0,0.30117957695950404,1.0,5157.0,0.44269924374636416,1.0,0.5964903423834573,297123.0,39519.0,0.022466250411194617,0.2313970496444699,39975.0,25.0,0.27269694135283884,39983.0,0.680575,1.0,0.40868908742801896,seed,,,,,,,,,,,,,,,,,,,,,,,,,,,,,,,,,,,,,,,,,,,,,,,,,,,,,,,,,,,,,,,,
conversation_trace,0.0025,1.0,"l1=0.0025,l2x1",C_union,learned,binary,1,next_use,spearman,False,600.0,269893.0,62289.0,40000.0,34843.0,0.30117957695950404,1.0,5157.0,0.44269924374636416,1.0,0.5538230301501463,380562.0,39519.0,0.022466250411194617,-0.4414566206043165,39975.0,25.0,-0.37808897712374445,39983.0,0.68115,1.0,0.408543396137562,seed,,,,,,,,,,,,,,,,,,,,,,,,,,,,,,,,,,,,,,,,,,,,,,,,,,,,,,,,,,,,,,,,
conversation_trace,0.0025,1.0,"l1=0.0025,l2x1",C_union,learned,binary,2,binary,auc,True,600.0,269854.0,62287.0,40000.0,34717.0,0.2982400553043178,1.0,5283.0,0.4440658716638274,1.0,0.5984808800419068,297804.0,39530.0,0.02319599038704781,0.23056450002939333,39971.0,29.0,0.27225556384828914,39981.0,0.6825,1.0,0.4094050299471694,seed,,,,,,,,,,,,,,,,,,,,,,,,,,,,,,,,,,,,,,,,,,,,,,,,,,,,,,,,,,,,,,,,
conversation_trace,0.0025,1.0,"l1=0.0025,l2x1",C_union,learned,binary,2,next_use,spearman,False,600.0,269854.0,62287.0,40000.0,34717.0,0.2982400553043178,1.0,5283.0,0.4440658716638274,1.0,0.5565798138756319,381143.0,39530.0,0.02319599038704781,-0.4427541235930635,39971.0,29.0,-0.3786191451680628,39981.0,0.6831,1.0,0.4092578694097391,seed,,,,,,,,,,,,,,,,,,,,,,,,,,,,,,,,,,,,,,,,,,,,,,,,,,,,,,,,,,,,,,,,
conversation_trace,0.0025,1.0,"l1=0.0025,l2x1",C_union,learned,binary,3,binary,auc,True,600.0,269851.0,62289.0,40000.0,34882.0,0.302247577547159,1.0,5118.0,0.4511527940601798,1.0,0.5945819105451732,297245.0,39540.0,0.022526239251390995,0.22925473877970404,39978.0,22.0,0.27063892398502254,39985.0,0.6787,1.0,0.40902816611237014,seed,,,,,,,,,,,,,,,,,,,,,,,,,,,,,,,,,,,,,,,,,,,,,,,,,,,,,,,,,,,,,,,,
conversation_trace,0.0025,1.0,"l1=0.0025,l2x1",C_union,learned,binary,3,next_use,spearman,False,600.0,269851.0,62289.0,40000.0,34882.0,0.302247577547159,1.0,5118.0,0.4511527940601798,1.0,0.552132570961171,381441.0,39540.0,0.022526239251390995,-0.4435840219821588,39978.0,22.0,-0.38041162254481037,39985.0,0.6794,1.0,0.4089089678311799,seed,,,,,,,,,,,,,,,,,,,,,,,,,,,,,,,,,,,,,,,,,,,,,,,,,,,,,,,,,,,,,,,,
conversation_trace,0.0025,1.0,"l1=0.0025,l2x1",C_union,learned,binary,4,binary,auc,True,600.0,269871.0,62280.0,40000.0,34643.0,0.29737609329446063,1.0,5357.0,0.44801194698525293,1.0,0.5964568192798765,295977.0,39494.0,0.02313563452676356,0.23006718402116272,39972.0,28.0,0.27154149481105505,39979.0,0.68245,1.0,0.4069954995923437,seed,,,,,,,,,,,,,,,,,,,,,,,,,,,,,,,,,,,,,,,,,,,,,,,,,,,,,,,,,,,,,,,,
conversation_trace,0.0025,1.0,"l1=0.0025,l2x1",C_union,learned,binary,4,next_use,spearman,False,600.0,269871.0,62280.0,40000.0,34643.0,0.29737609329446063,1.0,5357.0,0.44801194698525293,1.0,0.5538467425669934,378918.0,39494.0,0.02313563452676356,-0.44250202767744146,39972.0,28.0,-0.37913445474660223,39979.0,0.683,1.0,0.4068733498750541,seed,,,,,,,,,,,,,,,,,,,,,,,,,,,,,,,,,,,,,,,,,,,,,,,,,,,,,,,,,,,,,,,,
conversation_trace,0.0025,1.0,"l1=0.0025,l2x1",A_none,learned,next_use,0,binary,auc,False,600.0,267872.0,61246.0,40000.0,33043.0,0.2740671246557516,0.9937058303886925,6957.0,0.4549374730487279,0.995260663507109,0.8159915130031699,352068.0,39483.0,0.04010586834840311,0.4404623476062138,39820.0,180.0,0.4981431829662551,39928.0,0.696275,1.0,0.6478293055161056,seed,,,,,,,,,,,,,,,,,,,,,,,,,,,,,,,,,,,,,,,,,,,,,,,,,,,,,,,,,,,,,,,,
conversation_trace,0.0025,1.0,"l1=0.0025,l2x1",A_none,learned,next_use,0,next_use,spearman,True,600.0,267872.0,61246.0,40000.0,33043.0,0.2740671246557516,0.9937058303886925,6957.0,0.4549374730487279,0.995260663507109,0.7554506091038928,485221.0,39483.0,0.04010586834840311,-0.015225404564890061,40000.0,0.0,0.05233041503744082,40000.0,0.695025,1.0,0.6473392270299625,seed,,,,,,,,,,,,,,,,,,,,,,,,,,,,,,,,,,,,,,,,,,,,,,,,,,,,,,,,,,,,,,,,
conversation_trace,0.0025,1.0,"l1=0.0025,l2x1",A_none,learned,next_use,1,binary,auc,False,600.0,267853.0,61224.0,40000.0,33071.0,0.2751050769556409,0.9943943723895362,6929.0,0.44826093231346514,0.9964584674822924,0.8179688119765637,352956.0,39500.0,0.03996835443037975,0.43505038599850304,39824.0,176.0,0.4942259677283339,39938.0,0.69645,1.0,0.6506857983811626,seed,,,,,,,,,,,,,,,,,,,,,,,,,,,,,,,,,,,,,,,,,,,,,,,,,,,,,,,,,,,,,,,,
conversation_trace,0.0025,1.0,"l1=0.0025,l2x1",A_none,learned,next_use,1,next_use,spearman,True,600.0,267853.0,61224.0,40000.0,33071.0,0.2751050769556409,0.9943943723895362,6929.0,0.44826093231346514,0.9964584674822924,0.7570719709956292,487099.0,39500.0,0.03996835443037975,-0.02230993923287435,40000.0,0.0,0.046608748369339696,40000.0,0.6954,1.0,0.6503311258278146,seed,,,,,,,,,,,,,,,,,,,,,,,,,,,,,,,,,,,,,,,,,,,,,,,,,,,,,,,,,,,,,,,,
conversation_trace,0.0025,1.0,"l1=0.0025,l2x1",A_none,learned,next_use,2,binary,auc,False,600.0,267867.0,61245.0,40000.0,33086.0,0.2738922807229644,0.9961377179430589,6914.0,0.45632050911194677,0.993026941362916,0.8170573838754086,353026.0,39487.0,0.04003137108415428,0.4362916663135814,39827.0,173.0,0.4951351027344475,39943.0,0.696,1.0,0.6503730019853213,seed,,,,,,,,,,,,,,,,,,,,,,,,,,,,,,,,,,,,,,,,,,,,,,,,,,,,,,,,,,,,,,,,
conversation_trace,0.0025,1.0,"l1=0.0025,l2x1",A_none,learned,next_use,2,next_use,spearman,True,600.0,267867.0,61245.0,40000.0,33086.0,0.2738922807229644,0.9961377179430589,6914.0,0.45632050911194677,0.993026941362916,0.7571039014947578,486634.0,39487.0,0.04003137108415428,-0.02638193950194613,40000.0,0.0,0.04296014655055826,40000.0,0.69515,1.0,0.6499668131987808,seed,,,,,,,,,,,,,,,,,,,,,,,,,,,,,,,,,,,,,,,,,,,,,,,,,,,,,,,,,,,,,,,,
conversation_trace,0.0025,1.0,"l1=0.0025,l2x1",A_none,learned,next_use,3,binary,auc,False,600.0,267882.0,61240.0,40000.0,32900.0,0.27474164133738604,0.994468414647638,7100.0,0.45028169014084507,0.9974976540506725,0.8166087558833381,352266.0,39467.0,0.040334329946537614,0.4355259503793871,39842.0,158.0,0.4940924906677592,39942.0,0.69555,1.0,0.650041871054812,seed,,,,,,,,,,,,,,,,,,,,,,,,,,,,,,,,,,,,,,,,,,,,,,,,,,,,,,,,,,,,,,,,
conversation_trace,0.0025,1.0,"l1=0.0025,l2x1",A_none,learned,next_use,3,next_use,spearman,True,600.0,267882.0,61240.0,40000.0,32900.0,0.27474164133738604,0.994468414647638,7100.0,0.45028169014084507,0.9974976540506725,0.7559377306775726,486339.0,39467.0,0.040334329946537614,-0.020373099407730088,40000.0,0.0,0.047789651542800696,40000.0,0.6946,1.0,0.6496665768904156,seed,,,,,,,,,,,,,,,,,,,,,,,,,,,,,,,,,,,,,,,,,,,,,,,,,,,,,,,,,,,,,,,,
conversation_trace,0.0025,1.0,"l1=0.0025,l2x1",A_none,learned,next_use,4,binary,auc,False,600.0,267840.0,61231.0,40000.0,32976.0,0.27398714216399805,0.9949086884338683,7024.0,0.44974373576309795,0.9952516619183286,0.8171198839521983,352958.0,39499.0,0.04046225853819084,0.43456595198666564,39824.0,176.0,0.49389039513682714,39939.0,0.696675,1.0,0.6498052241430818,seed,,,,,,,,,,,,,,,,,,,,,,,,,,,,,,,,,,,,,,,,,,,,,,,,,,,,,,,,,,,,,,,,
conversation_trace,0.0025,1.0,"l1=0.0025,l2x1",A_none,learned,next_use,4,next_use,spearman,True,600.0,267840.0,61231.0,40000.0,32976.0,0.27398714216399805,0.9949086884338683,7024.0,0.44974373576309795,0.9952516619183286,0.7566360584700835,486471.0,39499.0,0.04046225853819084,-0.026763526500769023,40000.0,0.0,0.042453611002853685,40000.0,0.6958,1.0,0.6493960991848406,seed,,,,,,,,,,,,,,,,,,,,,,,,,,,,,,,,,,,,,,,,,,,,,,,,,,,,,,,,,,,,,,,,
conversation_trace,0.0025,1.0,"l1=0.0025,l2x1",B,learned,next_use,0,binary,auc,False,600.0,268783.0,61619.0,40000.0,31606.0,0.2574827564386509,0.9948390267879086,8394.0,0.5185847033595425,0.9951757408683667,0.8116772926372399,351811.0,39508.0,0.06978412599979751,0.40821170980299804,39784.0,216.0,0.47091411860133536,39937.0,0.6893,1.0,0.6451564955820976,seed,,,,,,,,,,,,,,,,,,,,,,,,,,,,,,,,,,,,,,,,,,,,,,,,,,,,,,,,,,,,,,,,
conversation_trace,0.0025,1.0,"l1=0.0025,l2x1",B,learned,next_use,0,next_use,spearman,True,600.0,268783.0,61619.0,40000.0,31606.0,0.2574827564386509,0.9948390267879086,8394.0,0.5185847033595425,0.9951757408683667,0.7490119678874076,484296.0,39508.0,0.06978412599979751,-0.06164028130463258,40000.0,0.0,0.008932070731037613,40000.0,0.688475,1.0,0.644738546124549,seed,,,,,,,,,,,,,,,,,,,,,,,,,,,,,,,,,,,,,,,,,,,,,,,,,,,,,,,,,,,,,,,,
conversation_trace,0.0025,1.0,"l1=0.0025,l2x1",B,learned,next_use,1,binary,auc,False,600.0,268792.0,61611.0,40000.0,31581.0,0.25765491909692534,0.9955757650239646,8419.0,0.5200142534742843,0.9933759707629054,0.8126379205690979,352558.0,39479.0,0.07066494212112769,0.4048939873090919,39810.0,190.0,0.46845218680294426,39935.0,0.68875,1.0,0.6476653435941361,seed,,,,,,,,,,,,,,,,,,,,,,,,,,,,,,,,,,,,,,,,,,,,,,,,,,,,,,,,,,,,,,,,
conversation_trace,0.0025,1.0,"l1=0.0025,l2x1",B,learned,next_use,1,next_use,spearman,True,600.0,268792.0,61611.0,40000.0,31581.0,0.25765491909692534,0.9955757650239646,8419.0,0.5200142534742843,0.9933759707629054,0.7495420028231997,485265.0,39479.0,0.07066494212112769,-0.06289141590342918,40000.0,0.0,0.007875155476495532,40000.0,0.687875,1.0,0.6472267722769945,seed,,,,,,,,,,,,,,,,,,,,,,,,,,,,,,,,,,,,,,,,,,,,,,,,,,,,,,,,,,,,,,,,
conversation_trace,0.0025,1.0,"l1=0.0025,l2x1",B,learned,next_use,2,binary,auc,False,600.0,268825.0,61623.0,40000.0,31615.0,0.2591175075122568,0.994384765625,8385.0,0.5206917113893859,0.9938158497480531,0.8116103803768219,351625.0,39483.0,0.07048603196312336,0.4074154044490259,39796.0,204.0,0.4699759720150058,39927.0,0.687875,1.0,0.645760085241279,seed,,,,,,,,,,,,,,,,,,,,,,,,,,,,,,,,,,,,,,,,,,,,,,,,,,,,,,,,,,,,,,,,
conversation_trace,0.0025,1.0,"l1=0.0025,l2x1",B,learned,next_use,2,next_use,spearman,True,600.0,268825.0,61623.0,40000.0,31615.0,0.2591175075122568,0.994384765625,8385.0,0.5206917113893859,0.9938158497480531,0.7480066263556489,484731.0,39483.0,0.07048603196312336,-0.06100895027699545,40000.0,0.0,0.009129332577444848,40000.0,0.686925,1.0,0.6453303467489253,seed,,,,,,,,,,,,,,,,,,,,,,,,,,,,,,,,,,,,,,,,,,,,,,,,,,,,,,,,,,,,,,,,
conversation_trace,0.0025,1.0,"l1=0.0025,l2x1",B,learned,next_use,3,binary,auc,False,600.0,268802.0,61609.0,40000.0,31583.0,0.25846183073172274,0.9952223447262036,8417.0,0.5082570987287632,0.9934548854604955,0.8117069857715664,351901.0,39491.0,0.07019953913549923,0.410289358029319,39776.0,224.0,0.47280241028973274,39933.0,0.69065,1.0,0.644458867004861,seed,,,,,,,,,,,,,,,,,,,,,,,,,,,,,,,,,,,,,,,,,,,,,,,,,,,,,,,,,,,,,,,,
conversation_trace,0.0025,1.0,"l1=0.0025,l2x1",B,learned,next_use,3,next_use,spearman,True,600.0,268802.0,61609.0,40000.0,31583.0,0.25846183073172274,0.9952223447262036,8417.0,0.5082570987287632,0.9934548854604955,0.750151960601888,483678.0,39491.0,0.07019953913549923,-0.06049528611955611,40000.0,0.0,0.010171881359988873,40000.0,0.689775,1.0,0.643961435839474,seed,,,,,,,,,,,,,,,,,,,,,,,,,,,,,,,,,,,,,,,,,,,,,,,,,,,,,,,,,,,,,,,,
conversation_trace,0.0025,1.0,"l1=0.0025,l2x1",B,learned,next_use,4,binary,auc,False,600.0,268791.0,61603.0,40000.0,31574.0,0.2568252359536327,0.9928474534467875,8426.0,0.5153097555186328,0.9919391985260249,0.8135883548694329,351735.0,39496.0,0.07077378088920397,0.4051742210842017,39756.0,244.0,0.4686682979089386,39907.0,0.69105,1.0,0.6476152913335766,seed,,,,,,,,,,,,,,,,,,,,,,,,,,,,,,,,,,,,,,,,,,,,,,,,,,,,,,,,,,,,,,,,
conversation_trace,0.0025,1.0,"l1=0.0025,l2x1",B,learned,next_use,4,next_use,spearman,True,600.0,268791.0,61603.0,40000.0,31574.0,0.2568252359536327,0.9928474534467875,8426.0,0.5153097555186328,0.9919391985260249,0.7498221264397447,484895.0,39496.0,0.07077378088920397,-0.06533073453696221,40000.0,0.0,0.00589331588977682,40000.0,0.6896,1.0,0.6469471490634234,seed,,,,,,,,,,,,,,,,,,,,,,,,,,,,,,,,,,,,,,,,,,,,,,,,,,,,,,,,,,,,,,,,
conversation_trace,0.0025,1.0,"l1=0.0025,l2x1",C_lru,learned,next_use,0,binary,auc,False,600.0,268462.0,61481.0,40000.0,32353.0,0.26359224801409453,0.9936679174484052,7647.0,0.5007192363018177,0.9921650561504309,0.8155545438349928,353633.0,39491.0,0.05727966498695906,0.4536272336483925,39744.0,256.0,0.5114388598837973,39916.0,0.693175,1.0,0.6479114513658017,seed,,,,,,,,,,,,,,,,,,,,,,,,,,,,,,,,,,,,,,,,,,,,,,,,,,,,,,,,,,,,,,,,
conversation_trace,0.0025,1.0,"l1=0.0025,l2x1",C_lru,learned,next_use,0,next_use,spearman,True,600.0,268462.0,61481.0,40000.0,32353.0,0.26359224801409453,0.9936679174484052,7647.0,0.5007192363018177,0.9921650561504309,0.7580473680638813,486277.0,39491.0,0.05727966498695906,-0.016600219598205443,40000.0,0.0,0.05203400073531975,40000.0,0.6918,1.0,0.6473477941576857,seed,,,,,,,,,,,,,,,,,,,,,,,,,,,,,,,,,,,,,,,,,,,,,,,,,,,,,,,,,,,,,,,,
conversation_trace,0.0025,1.0,"l1=0.0025,l2x1",C_lru,learned,next_use,1,binary,auc,False,600.0,268445.0,61495.0,40000.0,32267.0,0.2659993181888617,0.9946405685657695,7733.0,0.5027802922539765,0.9943415637860082,0.8133969663714706,352647.0,39496.0,0.058649926574843025,0.4532653565891131,39755.0,245.0,0.509983295147997,39932.0,0.689925,1.0,0.6473827660501312,seed,,,,,,,,,,,,,,,,,,,,,,,,,,,,,,,,,,,,,,,,,,,,,,,,,,,,,,,,,,,,,,,,
conversation_trace,0.0025,1.0,"l1=0.0025,l2x1",C_lru,learned,next_use,1,next_use,spearman,True,600.0,268445.0,61495.0,40000.0,32267.0,0.2659993181888617,0.9946405685657695,7733.0,0.5027802922539765,0.9943415637860082,0.7558097686375321,486250.0,39496.0,0.058649926574843025,-0.017861663700355062,40000.0,0.0,0.05031452688688084,40000.0,0.6889,1.0,0.6469353756313503,seed,,,,,,,,,,,,,,,,,,,,,,,,,,,,,,,,,,,,,,,,,,,,,,,,,,,,,,,,,,,,,,,,
conversation_trace,0.0025,1.0,"l1=0.0025,l2x1",C_lru,learned,next_use,2,binary,auc,False,600.0,268472.0,61499.0,40000.0,32266.0,0.26585260026033597,0.9947540219165306,7734.0,0.5027152831652444,0.9943415637860082,0.8139898092930623,352478.0,39491.0,0.05838592970550252,0.45382530679643995,39797.0,203.0,0.5103407272334757,39933.0,0.690025,1.0,0.6477760559006668,seed,,,,,,,,,,,,,,,,,,,,,,,,,,,,,,,,,,,,,,,,,,,,,,,,,,,,,,,,,,,,,,,,
conversation_trace,0.0025,1.0,"l1=0.0025,l2x1",C_lru,learned,next_use,2,next_use,spearman,True,600.0,268472.0,61499.0,40000.0,32266.0,0.26585260026033597,0.9947540219165306,7734.0,0.5027152831652444,0.9943415637860082,0.7558859019979073,486459.0,39491.0,0.05838592970550252,-0.017597191090476593,40000.0,0.0,0.050626942536479355,40000.0,0.689175,1.0,0.6473242471202709,seed,,,,,,,,,,,,,,,,,,,,,,,,,,,,,,,,,,,,,,,,,,,,,,,,,,,,,,,,,,,,,,,,
conversation_trace,0.0025,1.0,"l1=0.0025,l2x1",C_lru,learned,next_use,3,binary,auc,False,600.0,268452.0,61492.0,40000.0,32242.0,0.26384839650145775,0.9948277888797461,7758.0,0.5032224800206239,0.992827868852459,0.8133646689502568,352953.0,39507.0,0.058121820183764904,0.45567507729311163,39767.0,233.0,0.5120460419973762,39928.0,0.691525,1.0,0.6458991592433926,seed,,,,,,,,,,,,,,,,,,,,,,,,,,,,,,,,,,,,,,,,,,,,,,,,,,,,,,,,,,,,,,,,
conversation_trace,0.0025,1.0,"l1=0.0025,l2x1",C_lru,learned,next_use,3,next_use,spearman,True,600.0,268452.0,61492.0,40000.0,32242.0,0.26384839650145775,0.9948277888797461,7758.0,0.5032224800206239,0.992827868852459,0.7556618074120452,485534.0,39507.0,0.058121820183764904,-0.017273300050245584,40000.0,0.0,0.050698823284505666,40000.0,0.690625,1.0,0.6454576626878016,seed,,,,,,,,,,,,,,,,,,,,,,,,,,,,,,,,,,,,,,,,,,,,,,,,,,,,,,,,,,,,,,,,
conversation_trace,0.0025,1.0,"l1=0.0025,l2x1",C_lru,learned,next_use,4,binary,auc,False,600.0,268416.0,61486.0,40000.0,32336.0,0.2632669470559129,0.9948314342769882,7664.0,0.5054801670146137,0.9945792462570986,0.8144962136015814,353106.0,39498.0,0.057700706364879235,0.4542140340944213,39782.0,218.0,0.5111332813837666,39935.0,0.69195,1.0,0.647117430809215,seed,,,,,,,,,,,,,,,,,,,,,,,,,,,,,,,,,,,,,,,,,,,,,,,,,,,,,,,,,,,,,,,,
conversation_trace,0.0025,1.0,"l1=0.0025,l2x1",C_lru,learned,next_use,4,next_use,spearman,True,600.0,268416.0,61486.0,40000.0,32336.0,0.2632669470559129,0.9948314342769882,7664.0,0.5054801670146137,0.9945792462570986,0.7577552914162499,486023.0,39498.0,0.057700706364879235,-0.01641865227079002,40000.0,0.0,0.051980501035591126,40000.0,0.691175,1.0,0.6466420798883882,seed,,,,,,,,,,,,,,,,,,,,,,,,,,,,,,,,,,,,,,,,,,,,,,,,,,,,,,,,,,,,,,,,
conversation_trace,0.0025,1.0,"l1=0.0025,l2x1",C_union,learned,next_use,0,binary,auc,False,600.0,268937.0,61830.0,40000.0,33400.0,0.28263473053892213,0.9996822033898305,6600.0,0.4718181818181818,1.0,0.7015511510910586,319827.0,39496.0,0.04130560689690095,0.34473518870682907,39993.0,7.0,0.3878457191130646,39996.0,0.686225,1.0,0.51329956320567,seed,,,,,,,,,,,,,,,,,,,,,,,,,,,,,,,,,,,,,,,,,,,,,,,,,,,,,,,,,,,,,,,,
conversation_trace,0.0025,1.0,"l1=0.0025,l2x1",C_union,learned,next_use,0,next_use,spearman,True,600.0,268937.0,61830.0,40000.0,33400.0,0.28263473053892213,0.9996822033898305,6600.0,0.4718181818181818,1.0,0.6558596605023137,425511.0,39496.0,0.04130560689690095,-0.21083423535489054,39999.0,1.0,-0.15053759221325022,39999.0,0.6867,1.0,0.5131259050825906,seed,,,,,,,,,,,,,,,,,,,,,,,,,,,,,,,,,,,,,,,,,,,,,,,,,,,,,,,,,,,,,,,,
conversation_trace,0.0025,1.0,"l1=0.0025,l2x1",C_union,learned,next_use,1,binary,auc,False,600.0,268957.0,61830.0,40000.0,33456.0,0.2845827355332377,0.9996849070475791,6544.0,0.464700488997555,1.0,0.693650270134439,318360.0,39514.0,0.04116183504580655,0.3523386789450527,39994.0,6.0,0.39321860808726355,39995.0,0.686025,1.0,0.5046003467183899,seed,,,,,,,,,,,,,,,,,,,,,,,,,,,,,,,,,,,,,,,,,,,,,,,,,,,,,,,,,,,,,,,,
conversation_trace,0.0025,1.0,"l1=0.0025,l2x1",C_union,learned,next_use,1,next_use,spearman,True,600.0,268957.0,61830.0,40000.0,33456.0,0.2845827355332377,0.9996849070475791,6544.0,0.464700488997555,1.0,0.6528418928425087,422201.0,39514.0,0.04116183504580655,-0.2051750805471029,39998.0,2.0,-0.14639178519905022,39998.0,0.686525,1.0,0.5044620125560327,seed,,,,,,,,,,,,,,,,,,,,,,,,,,,,,,,,,,,,,,,,,,,,,,,,,,,,,,,,,,,,,,,,
conversation_trace,0.0025,1.0,"l1=0.0025,l2x1",C_union,learned,next_use,2,binary,auc,False,600.0,268969.0,61846.0,40000.0,33405.0,0.2842388863942524,0.9996840442338073,6595.0,0.47020470053070507,1.0,0.6899171379635558,317033.0,39507.0,0.041283823119953426,0.35421883268540244,39990.0,10.0,0.394142293312054,39996.0,0.685175,1.0,0.5005217017631901,seed,,,,,,,,,,,,,,,,,,,,,,,,,,,,,,,,,,,,,,,,,,,,,,,,,,,,,,,,,,,,,,,,
conversation_trace,0.0025,1.0,"l1=0.0025,l2x1",C_union,learned,next_use,2,next_use,spearman,True,600.0,268969.0,61846.0,40000.0,33405.0,0.2842388863942524,0.9996840442338073,6595.0,0.47020470053070507,1.0,0.6487824833629051,420446.0,39507.0,0.041283823119953426,-0.20174988353156026,39996.0,4.0,-0.1443889079486864,39999.0,0.6857,1.0,0.5003818945205862,seed,,,,,,,,,,,,,,,,,,,,,,,,,,,,,,,,,,,,,,,,,,,,,,,,,,,,,,,,,,,,,,,,
conversation_trace,0.0025,1.0,"l1=0.0025,l2x1",C_union,learned,next_use,3,binary,auc,False,600.0,268959.0,61835.0,40000.0,33420.0,0.2852483542788749,1.0,6580.0,0.482370820668693,1.0,0.6933557806558004,318969.0,39500.0,0.04200237341772152,0.34685469630833704,39992.0,8.0,0.3884683595657231,39997.0,0.682325,1.0,0.5076467991169978,seed,,,,,,,,,,,,,,,,,,,,,,,,,,,,,,,,,,,,,,,,,,,,,,,,,,,,,,,,,,,,,,,,
conversation_trace,0.0025,1.0,"l1=0.0025,l2x1",C_union,learned,next_use,3,next_use,spearman,True,600.0,268959.0,61835.0,40000.0,33420.0,0.2852483542788749,1.0,6580.0,0.482370820668693,1.0,0.6499453227372569,424308.0,39500.0,0.04200237341772152,-0.21186699584865493,39997.0,3.0,-0.15289022222997176,39997.0,0.682875,1.0,0.5075055187637969,seed,,,,,,,,,,,,,,,,,,,,,,,,,,,,,,,,,,,,,,,,,,,,,,,,,,,,,,,,,,,,,,,,
conversation_trace,0.0025,1.0,"l1=0.0025,l2x1",C_union,learned,next_use,4,binary,auc,False,600.0,268975.0,61841.0,40000.0,33276.0,0.28464959730736866,1.0,6724.0,0.46624033313503865,0.9996810207336523,0.6936942032674378,318231.0,39494.0,0.041597299589811114,0.34873345472069406,39996.0,4.0,0.3898895808434172,39999.0,0.68485,1.0,0.506294389648768,seed,,,,,,,,,,,,,,,,,,,,,,,,,,,,,,,,,,,,,,,,,,,,,,,,,,,,,,,,,,,,,,,,
conversation_trace,0.0025,1.0,"l1=0.0025,l2x1",C_union,learned,next_use,4,next_use,spearman,True,600.0,268975.0,61841.0,40000.0,33276.0,0.28464959730736866,1.0,6724.0,0.46624033313503865,0.9996810207336523,0.6517107811491285,422877.0,39494.0,0.041597299589811114,-0.2112359577527115,40000.0,0.0,-0.15213063366634588,40000.0,0.6854,1.0,0.5061531080480475,seed,,,,,,,,,,,,,,,,,,,,,,,,,,,,,,,,,,,,,,,,,,,,,,,,,,,,,,,,,,,,,,,,
conversation_trace,0.01,4.0,"l1=0.01,l2x4",lfu_s,sampled,,0,binary,auc,False,600.0,227554.0,54540.0,40000.0,22152.0,0.2375406283856988,1.0,17848.0,0.23862617660242044,1.0,0.5468887989047646,259305.0,39281.0,0.13582982230594945,0.683594150199734,39487.0,513.0,0.6654526751774557,39632.0,0.761975,1.0,0.24842738130464417,seed,,,,,,,,,,,,,,,,,,,,,,,,,,,,,,,,,,,,,,,,,,,,,,,,,,,,,,,,,,,,,,,,
conversation_trace,0.01,4.0,"l1=0.01,l2x4",lfu_s,sampled,,0,next_use,spearman,False,600.0,227554.0,54540.0,40000.0,22152.0,0.2375406283856988,1.0,17848.0,0.23862617660242044,1.0,0.5381840876669692,308440.0,39281.0,0.13582982230594945,0.25452837054544003,39487.0,513.0,0.23143090135340816,39632.0,0.762025,1.0,0.2483670233673546,seed,,,,,,,,,,,,,,,,,,,,,,,,,,,,,,,,,,,,,,,,,,,,,,,,,,,,,,,,,,,,,,,,
conversation_trace,0.01,4.0,"l1=0.01,l2x4",lfu_s,sampled,,1,binary,auc,False,600.0,227598.0,54514.0,40000.0,22162.0,0.23355292843606174,1.0,17838.0,0.23920843143850207,1.0,0.5509362977612287,258892.0,39288.0,0.13722462965791082,0.6794968563692443,39480.0,520.0,0.6624424801661032,39651.0,0.763925,1.0,0.24964521675636844,seed,,,,,,,,,,,,,,,,,,,,,,,,,,,,,,,,,,,,,,,,,,,,,,,,,,,,,,,,,,,,,,,,
conversation_trace,0.01,4.0,"l1=0.01,l2x4",lfu_s,sampled,,1,next_use,spearman,False,600.0,227598.0,54514.0,40000.0,22162.0,0.23355292843606174,1.0,17838.0,0.23920843143850207,1.0,0.5410340369410281,307842.0,39288.0,0.13722462965791082,0.24891970494096968,39477.0,523.0,0.22707179193925822,39648.0,0.7642,1.0,0.24957013814464557,seed,,,,,,,,,,,,,,,,,,,,,,,,,,,,,,,,,,,,,,,,,,,,,,,,,,,,,,,,,,,,,,,,
conversation_trace,0.01,4.0,"l1=0.01,l2x4",lfu_s,sampled,,2,binary,auc,False,600.0,227698.0,54552.0,40000.0,22195.0,0.23604415408875873,1.0,17805.0,0.24021342319573152,1.0,0.5500889597486021,259668.0,39279.0,0.13696647699788692,0.6798967008535882,39507.0,493.0,0.6626650028473385,39671.0,0.7621,1.0,0.2502285511549746,seed,,,,,,,,,,,,,,,,,,,,,,,,,,,,,,,,,,,,,,,,,,,,,,,,,,,,,,,,,,,,,,,,
conversation_trace,0.01,4.0,"l1=0.01,l2x4",lfu_s,sampled,,2,next_use,spearman,False,600.0,227698.0,54552.0,40000.0,22195.0,0.23604415408875873,1.0,17805.0,0.24021342319573152,1.0,0.5399584460640268,308996.0,39279.0,0.13696647699788692,0.24957675118019126,39507.0,493.0,0.22740871378459795,39671.0,0.76225,1.0,0.2501431665044849,seed,,,,,,,,,,,,,,,,,,,,,,,,,,,,,,,,,,,,,,,,,,,,,,,,,,,,,,,,,,,,,,,,
conversation_trace,0.01,4.0,"l1=0.01,l2x4",lfu_s,sampled,,3,binary,auc,False,600.0,227564.0,54494.0,40000.0,22130.0,0.23366470854044283,1.0,17870.0,0.23732512590934526,1.0,0.551124673195031,258564.0,39287.0,0.13603179805024562,0.6797337424404515,39503.0,497.0,0.6627385662858775,39659.0,0.7647,1.0,0.24942918089114027,seed,,,,,,,,,,,,,,,,,,,,,,,,,,,,,,,,,,,,,,,,,,,,,,,,,,,,,,,,,,,,,,,,
conversation_trace,0.01,4.0,"l1=0.01,l2x4",lfu_s,sampled,,3,next_use,spearman,False,600.0,227564.0,54494.0,40000.0,22130.0,0.23366470854044283,1.0,17870.0,0.23732512590934526,1.0,0.5408930933292603,307717.0,39287.0,0.13603179805024562,0.24841178847531806,39503.0,497.0,0.22670368926489967,39659.0,0.76485,1.0,0.24936735135517094,seed,,,,,,,,,,,,,,,,,,,,,,,,,,,,,,,,,,,,,,,,,,,,,,,,,,,,,,,,,,,,,,,,
conversation_trace,0.01,4.0,"l1=0.01,l2x4",lfu_s,sampled,,4,binary,auc,False,600.0,227596.0,54515.0,40000.0,22216.0,0.2374414836154123,1.0,17784.0,0.2344242015294647,1.0,0.5506950437677228,259552.0,39265.0,0.13752069272889342,0.6823416085970235,39474.0,526.0,0.6643138055827628,39662.0,0.7639,1.0,0.2488778311851781,seed,,,,,,,,,,,,,,,,,,,,,,,,,,,,,,,,,,,,,,,,,,,,,,,,,,,,,,,,,,,,,,,,
conversation_trace,0.01,4.0,"l1=0.01,l2x4",lfu_s,sampled,,4,next_use,spearman,False,600.0,227596.0,54515.0,40000.0,22216.0,0.2374414836154123,1.0,17784.0,0.2344242015294647,1.0,0.5409501087415198,308070.0,39265.0,0.13752069272889342,0.252610718058565,39474.0,526.0,0.22988208195197407,39662.0,0.764125,1.0,0.24880275003128383,seed,,,,,,,,,,,,,,,,,,,,,,,,,,,,,,,,,,,,,,,,,,,,,,,,,,,,,,,,,,,,,,,,
conversation_trace,0.01,4.0,"l1=0.01,l2x4",lru_2hit_s,sampled,,0,binary,auc,False,600.0,42205.0,11924.0,11924.0,0.0,nan,nan,11924.0,0.15992955384099294,1.0,0.7037809554893721,98044.0,11917.0,0.9944852941176471,0.6606803738067383,11909.0,15.0,0.6666912818655835,11919.0,0.8400704461590071,1.0,0.3459627727539578,seed,,,,,,,,,,,,,,,,,,,,,,,,,,,,,,,,,,,,,,,,,,,,,,,,,,,,,,,,,,,,,,,,
conversation_trace,0.01,4.0,"l1=0.01,l2x4",lru_2hit_s,sampled,,0,next_use,spearman,False,600.0,42205.0,11924.0,11924.0,0.0,nan,nan,11924.0,0.15992955384099294,1.0,0.6508447853737294,131927.0,11917.0,0.9944852941176471,0.25518453473145747,11909.0,15.0,0.2655069900993003,11919.0,0.8400704461590071,1.0,0.3458443717593894,seed,,,,,,,,,,,,,,,,,,,,,,,,,,,,,,,,,,,,,,,,,,,,,,,,,,,,,,,,,,,,,,,,
conversation_trace,0.01,4.0,"l1=0.01,l2x4",lru_2hit_s,sampled,,1,binary,auc,False,600.0,42252.0,11924.0,11924.0,0.0,nan,nan,11924.0,0.15867158671586715,1.0,0.7027568079709038,98157.0,11916.0,0.9941779959718026,0.6625166505412032,11903.0,21.0,0.6680701173901878,11913.0,0.8413284132841329,1.0,0.3473359644795264,seed,,,,,,,,,,,,,,,,,,,,,,,,,,,,,,,,,,,,,,,,,,,,,,,,,,,,,,,,,,,,,,,,
conversation_trace,0.01,4.0,"l1=0.01,l2x4",lru_2hit_s,sampled,,1,next_use,spearman,False,600.0,42252.0,11924.0,11924.0,0.0,nan,nan,11924.0,0.15867158671586715,1.0,0.6497865382868562,132108.0,11916.0,0.9941779959718026,0.2596843758624603,11903.0,21.0,0.2693202374174178,11913.0,0.8413284132841329,1.0,0.3472570300937346,seed,,,,,,,,,,,,,,,,,,,,,,,,,,,,,,,,,,,,,,,,,,,,,,,,,,,,,,,,,,,,,,,,
conversation_trace,0.01,4.0,"l1=0.01,l2x4",lru_2hit_s,sampled,,2,binary,auc,False,600.0,42276.0,11934.0,11934.0,0.0,nan,nan,11934.0,0.1592089827383945,1.0,0.7041624966810318,97922.0,11926.0,0.9943243753144391,0.6607611490628617,11912.0,22.0,0.6662610417921424,11921.0,0.8407910172616055,1.0,0.34644353526889143,seed,,,,,,,,,,,,,,,,,,,,,,,,,,,,,,,,,,,,,,,,,,,,,,,,,,,,,,,,,,,,,,,,
conversation_trace,0.01,4.0,"l1=0.01,l2x4",lru_2hit_s,sampled,,2,next_use,spearman,False,600.0,42276.0,11934.0,11934.0,0.0,nan,nan,11934.0,0.1592089827383945,1.0,0.6511662271528599,131964.0,11926.0,0.9943243753144391,0.25588197636065435,11912.0,22.0,0.2658797488490742,11921.0,0.8408748114630468,1.0,0.3463646670281461,seed,,,,,,,,,,,,,,,,,,,,,,,,,,,,,,,,,,,,,,,,,,,,,,,,,,,,,,,,,,,,,,,,
conversation_trace,0.01,4.0,"l1=0.01,l2x4",lru_2hit_s,sampled,,3,binary,auc,False,600.0,42308.0,11938.0,11938.0,0.0,nan,nan,11938.0,0.15949070196012732,1.0,0.7036277988498715,98076.0,11929.0,0.9941057506915919,0.661853766849179,11920.0,18.0,0.6677911946138056,11930.0,0.8405092980398726,1.0,0.3468662688420544,seed,,,,,,,,,,,,,,,,,,,,,,,,,,,,,,,,,,,,,,,,,,,,,,,,,,,,,,,,,,,,,,,,
conversation_trace,0.01,4.0,"l1=0.01,l2x4",lru_2hit_s,sampled,,3,next_use,spearman,False,600.0,42308.0,11938.0,11938.0,0.0,nan,nan,11938.0,0.15949070196012732,1.0,0.6512711255080339,132127.0,11929.0,0.9941057506915919,0.2569240851674882,11920.0,18.0,0.26722766320758357,11930.0,0.8407605964148098,1.0,0.3467677160892297,seed,,,,,,,,,,,,,,,,,,,,,,,,,,,,,,,,,,,,,,,,,,,,,,,,,,,,,,,,,,,,,,,,
conversation_trace,0.01,4.0,"l1=0.01,l2x4",lru_2hit_s,sampled,,4,binary,auc,False,600.0,42303.0,11915.0,11915.0,0.0,nan,nan,11915.0,0.1590432228283676,1.0,0.7036718389921647,97635.0,11907.0,0.9942050894431846,0.6603946600228741,11881.0,34.0,0.6665546767075128,11900.0,0.8409567771716324,1.0,0.3473021076589631,seed,,,,,,,,,,,,,,,,,,,,,,,,,,,,,,,,,,,,,,,,,,,,,,,,,,,,,,,,,,,,,,,,
conversation_trace,0.01,4.0,"l1=0.01,l2x4",lru_2hit_s,sampled,,4,next_use,spearman,False,600.0,42303.0,11915.0,11915.0,0.0,nan,nan,11915.0,0.1590432228283676,1.0,0.6509969348426451,131804.0,11907.0,0.9942050894431846,0.25530287624983794,11881.0,34.0,0.26559644146244377,11900.0,0.8409567771716324,1.0,0.3472329878991049,seed,,,,,,,,,,,,,,,,,,,,,,,,,,,,,,,,,,,,,,,,,,,,,,,,,,,,,,,,,,,,,,,,
conversation_trace,0.01,4.0,"l1=0.01,l2x4",lru_s,sampled,,0,binary,auc,False,600.0,222704.0,52501.0,40000.0,0.0,nan,nan,40000.0,0.20755,1.0,0.574386292073003,261688.0,38979.0,0.9900218707509172,0.556817863307399,39647.0,353.0,0.5590140081980937,39756.0,0.79245,1.0,0.2712234104442111,seed,,,,,,,,,,,,,,,,,,,,,,,,,,,,,,,,,,,,,,,,,,,,,,,,,,,,,,,,,,,,,,,,
conversation_trace,0.01,4.0,"l1=0.01,l2x4",lru_s,sampled,,0,next_use,spearman,False,600.0,222704.0,52501.0,40000.0,0.0,nan,nan,40000.0,0.20755,1.0,0.5628049745261225,316010.0,38979.0,0.9900218707509172,0.08671697282083783,39646.0,354.0,0.090038588392484,39755.0,0.79245,1.0,0.27114387926577993,seed,,,,,,,,,,,,,,,,,,,,,,,,,,,,,,,,,,,,,,,,,,,,,,,,,,,,,,,,,,,,,,,,
conversation_trace,0.01,4.0,"l1=0.01,l2x4",lru_s,sampled,,1,binary,auc,False,600.0,222666.0,52448.0,40000.0,0.0,nan,nan,40000.0,0.20655,1.0,0.5689756153581136,261230.0,38952.0,0.9901248652187308,0.5539498797060958,39665.0,335.0,0.5560351545976546,39775.0,0.79345,1.0,0.27245814137081853,seed,,,,,,,,,,,,,,,,,,,,,,,,,,,,,,,,,,,,,,,,,,,,,,,,,,,,,,,,,,,,,,,,
conversation_trace,0.01,4.0,"l1=0.01,l2x4",lru_s,sampled,,1,next_use,spearman,False,600.0,222666.0,52448.0,40000.0,0.0,nan,nan,40000.0,0.20655,1.0,0.5586749097553084,315254.0,38952.0,0.9901248652187308,0.08337456908184548,39665.0,335.0,0.08647506793185883,39775.0,0.79345,1.0,0.27239775418586293,seed,,,,,,,,,,,,,,,,,,,,,,,,,,,,,,,,,,,,,,,,,,,,,,,,,,,,,,,,,,,,,,,,
conversation_trace,0.01,4.0,"l1=0.01,l2x4",lru_s,sampled,,2,binary,auc,False,600.0,222791.0,52534.0,40000.0,0.0,nan,nan,40000.0,0.206775,1.0,0.5702621335020805,260745.0,38943.0,0.9900046221400508,0.5576099461553208,39612.0,388.0,0.5594650131265658,39727.0,0.793225,1.0,0.27186081894945524,seed,,,,,,,,,,,,,,,,,,,,,,,,,,,,,,,,,,,,,,,,,,,,,,,,,,,,,,,,,,,,,,,,
conversation_trace,0.01,4.0,"l1=0.01,l2x4",lru_s,sampled,,2,next_use,spearman,False,600.0,222791.0,52534.0,40000.0,0.0,nan,nan,40000.0,0.206775,1.0,0.5593513063483893,314694.0,38943.0,0.9900046221400508,0.08807205539941913,39612.0,388.0,0.09072609546468652,39727.0,0.7933,1.0,0.2717724462878327,seed,,,,,,,,,,,,,,,,,,,,,,,,,,,,,,,,,,,,,,,,,,,,,,,,,,,,,,,,,,,,,,,,
conversation_trace,0.01,4.0,"l1=0.01,l2x4",lru_s,sampled,,3,binary,auc,False,600.0,222704.0,52506.0,40000.0,0.0,nan,nan,40000.0,0.2069,1.0,0.5719975116023449,262016.0,38957.0,0.990016235849783,0.5566965663144591,39678.0,322.0,0.5586204704451537,39773.0,0.7931,1.0,0.27176389668270595,seed,,,,,,,,,,,,,,,,,,,,,,,,,,,,,,,,,,,,,,,,,,,,,,,,,,,,,,,,,,,,,,,,
conversation_trace,0.01,4.0,"l1=0.01,l2x4",lru_s,sampled,,3,next_use,spearman,False,600.0,222704.0,52506.0,40000.0,0.0,nan,nan,40000.0,0.2069,1.0,0.560308974894603,315948.0,38957.0,0.990016235849783,0.08676825109000415,39678.0,322.0,0.08969515412282958,39773.0,0.7931,1.0,0.2716843629272546,seed,,,,,,,,,,,,,,,,,,,,,,,,,,,,,,,,,,,,,,,,,,,,,,,,,,,,,,,,,,,,,,,,
conversation_trace,0.01,4.0,"l1=0.01,l2x4",lru_s,sampled,,4,binary,auc,False,600.0,222745.0,52478.0,40000.0,0.0,nan,nan,40000.0,0.209425,1.0,0.5713197388016955,261870.0,38924.0,0.99015790386394,0.5549603904694191,39603.0,397.0,0.557483915163838,39741.0,0.790575,1.0,0.27159151834373213,seed,,,,,,,,,,,,,,,,,,,,,,,,,,,,,,,,,,,,,,,,,,,,,,,,,,,,,,,,,,,,,,,,
conversation_trace,0.01,4.0,"l1=0.01,l2x4",lru_s,sampled,,4,next_use,spearman,False,600.0,222745.0,52478.0,40000.0,0.0,nan,nan,40000.0,0.209425,1.0,0.5601851264819628,315460.0,38924.0,0.99015790386394,0.08409557144775472,39603.0,397.0,0.087528087089317,39741.0,0.7906,1.0,0.2715163994791759,seed,,,,,,,,,,,,,,,,,,,,,,,,,,,,,,,,,,,,,,,,,,,,,,,,,,,,,,,,,,,,,,,,
conversation_trace,0.01,4.0,"l1=0.01,l2x4",A_none,learned,binary,0,binary,auc,True,600.0,217127.0,50897.0,40000.0,1539.0,0.007797270955165692,1.0,38461.0,0.1892826499570994,1.0,0.6848531822393272,280620.0,39471.0,0.6127267487522485,0.6675092061528252,39939.0,61.0,0.6694574727691046,39960.0,0.8177,1.0,0.339175623389372,seed,,,,,,,,,,,,,,,,,,,,,,,,,,,,,,,,,,,,,,,,,,,,,,,,,,,,,,,,,,,,,,,,
conversation_trace,0.01,4.0,"l1=0.01,l2x4",A_none,learned,binary,0,next_use,spearman,False,600.0,217127.0,50897.0,40000.0,1539.0,0.007797270955165692,1.0,38461.0,0.1892826499570994,1.0,0.654636371184553,349271.0,39471.0,0.6127267487522485,0.2693589507715567,39939.0,61.0,0.2724648141441877,39960.0,0.817725,1.0,0.33909320633257345,seed,,,,,,,,,,,,,,,,,,,,,,,,,,,,,,,,,,,,,,,,,,,,,,,,,,,,,,,,,,,,,,,,
conversation_trace,0.01,4.0,"l1=0.01,l2x4",A_none,learned,binary,1,binary,auc,True,600.0,217024.0,50861.0,40000.0,1496.0,0.011363636363636364,1.0,38504.0,0.18756492831913568,1.0,0.6855192424080601,280890.0,39443.0,0.6151384592956926,0.6667470751856786,39932.0,68.0,0.6688737581310527,39962.0,0.819025,1.0,0.3393220623363549,seed,,,,,,,,,,,,,,,,,,,,,,,,,,,,,,,,,,,,,,,,,,,,,,,,,,,,,,,,,,,,,,,,
conversation_trace,0.01,4.0,"l1=0.01,l2x4",A_none,learned,binary,1,next_use,spearman,False,600.0,217024.0,50861.0,40000.0,1496.0,0.011363636363636364,1.0,38504.0,0.18756492831913568,1.0,0.6554504361549744,349761.0,39443.0,0.6151384592956926,0.26873598316194897,39932.0,68.0,0.2720787392425829,39962.0,0.819225,1.0,0.33924258547074587,seed,,,,,,,,,,,,,,,,,,,,,,,,,,,,,,,,,,,,,,,,,,,,,,,,,,,,,,,,,,,,,,,,
conversation_trace,0.01,4.0,"l1=0.01,l2x4",A_none,learned,binary,2,binary,auc,True,600.0,217130.0,50867.0,40000.0,1514.0,0.007926023778071334,1.0,38486.0,0.18734085121862495,1.0,0.6869224426859695,280167.0,39476.0,0.613155778194346,0.6677329595157306,39938.0,62.0,0.6699356869719697,39957.0,0.81945,1.0,0.3391922599179368,seed,,,,,,,,,,,,,,,,,,,,,,,,,,,,,,,,,,,,,,,,,,,,,,,,,,,,,,,,,,,,,,,,
conversation_trace,0.01,4.0,"l1=0.01,l2x4",A_none,learned,binary,2,next_use,spearman,False,600.0,217130.0,50867.0,40000.0,1514.0,0.007926023778071334,1.0,38486.0,0.18734085121862495,1.0,0.6564943434054131,349150.0,39476.0,0.613155778194346,0.26987712325930446,39938.0,62.0,0.27336372773074374,39957.0,0.819525,1.0,0.3391157303569221,seed,,,,,,,,,,,,,,,,,,,,,,,,,,,,,,,,,,,,,,,,,,,,,,,,,,,,,,,,,,,,,,,,
conversation_trace,0.01,4.0,"l1=0.01,l2x4",A_none,learned,binary,3,binary,auc,True,600.0,217145.0,50892.0,40000.0,1517.0,0.00922874093605801,1.0,38483.0,0.18790115115765402,1.0,0.6861086692694524,280981.0,39432.0,0.6130585565023331,0.6663489402076549,39944.0,56.0,0.6684753301447706,39958.0,0.818875,1.0,0.33956599041552354,seed,,,,,,,,,,,,,,,,,,,,,,,,,,,,,,,,,,,,,,,,,,,,,,,,,,,,,,,,,,,,,,,,
conversation_trace,0.01,4.0,"l1=0.01,l2x4",A_none,learned,binary,3,next_use,spearman,False,600.0,217145.0,50892.0,40000.0,1517.0,0.00922874093605801,1.0,38483.0,0.18790115115765402,1.0,0.6558837813901666,350030.0,39432.0,0.6130585565023331,0.26813352054889267,39944.0,56.0,0.2716187221128744,39958.0,0.818975,1.0,0.3394879840808204,seed,,,,,,,,,,,,,,,,,,,,,,,,,,,,,,,,,,,,,,,,,,,,,,,,,,,,,,,,,,,,,,,,
conversation_trace,0.01,4.0,"l1=0.01,l2x4",A_none,learned,binary,4,binary,auc,True,600.0,217175.0,50861.0,40000.0,1511.0,0.011250827266710787,1.0,38489.0,0.18730026760892723,1.0,0.6840102064783379,280998.0,39487.0,0.6133545533973206,0.6646151503239727,39917.0,83.0,0.6669327323031381,39941.0,0.81935,1.0,0.3390984669316705,seed,,,,,,,,,,,,,,,,,,,,,,,,,,,,,,,,,,,,,,,,,,,,,,,,,,,,,,,,,,,,,,,,
conversation_trace,0.01,4.0,"l1=0.01,l2x4",A_none,learned,binary,4,next_use,spearman,False,600.0,217175.0,50861.0,40000.0,1511.0,0.011250827266710787,1.0,38489.0,0.18730026760892723,1.0,0.6548609603053959,349972.0,39487.0,0.6133545533973206,0.26521908120767823,39917.0,83.0,0.2689325984714048,39941.0,0.8194,1.0,0.33901752351406284,seed,,,,,,,,,,,,,,,,,,,,,,,,,,,,,,,,,,,,,,,,,,,,,,,,,,,,,,,,,,,,,,,,
conversation_trace,0.01,4.0,"l1=0.01,l2x4",B,learned,binary,0,binary,auc,True,600.0,219379.0,51154.0,40000.0,2021.0,0.0425531914893617,1.0,37979.0,0.1953711261486611,1.0,0.6915328887498579,281312.0,39471.0,0.46809920574599073,0.6556082833313411,39935.0,65.0,0.6597007768734979,39964.0,0.81235,1.0,0.34125371060722237,seed,,,,,,,,,,,,,,,,,,,,,,,,,,,,,,,,,,,,,,,,,,,,,,,,,,,,,,,,,,,,,,,,
conversation_trace,0.01,4.0,"l1=0.01,l2x4",B,learned,binary,0,next_use,spearman,False,600.0,219379.0,51154.0,40000.0,2021.0,0.0425531914893617,1.0,37979.0,0.1953711261486611,1.0,0.6556590061899388,350892.0,39471.0,0.46809920574599073,0.2408519953520838,39935.0,65.0,0.24760126298632493,39964.0,0.81235,1.0,0.3411904260814663,seed,,,,,,,,,,,,,,,,,,,,,,,,,,,,,,,,,,,,,,,,,,,,,,,,,,,,,,,,,,,,,,,,
conversation_trace,0.01,4.0,"l1=0.01,l2x4",B,learned,binary,1,binary,auc,True,600.0,219388.0,51125.0,40000.0,1917.0,0.04121022430881586,1.0,38083.0,0.1934984113646509,1.0,0.6925433680277555,281025.0,39434.0,0.470170094334838,0.6546405317206835,39943.0,57.0,0.6589526508435894,39958.0,0.8138,1.0,0.34209503792862883,seed,,,,,,,,,,,,,,,,,,,,,,,,,,,,,,,,,,,,,,,,,,,,,,,,,,,,,,,,,,,,,,,,
conversation_trace,0.01,4.0,"l1=0.01,l2x4",B,learned,binary,1,next_use,spearman,False,600.0,219388.0,51125.0,40000.0,1917.0,0.04121022430881586,1.0,38083.0,0.1934984113646509,1.0,0.6557191409109945,351023.0,39434.0,0.470170094334838,0.24055098730305063,39943.0,57.0,0.2475455564856757,39958.0,0.813825,1.0,0.34200378550381644,seed,,,,,,,,,,,,,,,,,,,,,,,,,,,,,,,,,,,,,,,,,,,,,,,,,,,,,,,,,,,,,,,,
conversation_trace,0.01,4.0,"l1=0.01,l2x4",B,learned,binary,2,binary,auc,True,600.0,219351.0,51190.0,40000.0,2011.0,0.03928393833913476,1.0,37989.0,0.19387191028982073,1.0,0.6914120838189743,280557.0,39441.0,0.46941872036713067,0.6550381098850159,39953.0,47.0,0.6591381414805977,39973.0,0.8139,1.0,0.3416911843706812,seed,,,,,,,,,,,,,,,,,,,,,,,,,,,,,,,,,,,,,,,,,,,,,,,,,,,,,,,,,,,,,,,,
conversation_trace,0.01,4.0,"l1=0.01,l2x4",B,learned,binary,2,next_use,spearman,False,600.0,219351.0,51190.0,40000.0,2011.0,0.03928393833913476,1.0,37989.0,0.19387191028982073,1.0,0.6558829410420476,350080.0,39441.0,0.46941872036713067,0.24041731094509056,39953.0,47.0,0.2472198797903873,39973.0,0.813975,1.0,0.34159404569344504,seed,,,,,,,,,,,,,,,,,,,,,,,,,,,,,,,,,,,,,,,,,,,,,,,,,,,,,,,,,,,,,,,,
conversation_trace,0.01,4.0,"l1=0.01,l2x4",B,learned,binary,3,binary,auc,True,600.0,219392.0,51156.0,40000.0,1959.0,0.04134762633996937,1.0,38041.0,0.19281827501905838,1.0,0.6919752209876104,281690.0,39438.0,0.47073254221816524,0.6553581188860114,39930.0,70.0,0.6596252942394093,39952.0,0.8146,1.0,0.34258460668964646,seed,,,,,,,,,,,,,,,,,,,,,,,,,,,,,,,,,,,,,,,,,,,,,,,,,,,,,,,,,,,,,,,,
conversation_trace,0.01,4.0,"l1=0.01,l2x4",B,learned,binary,3,next_use,spearman,False,600.0,219392.0,51156.0,40000.0,1959.0,0.04134762633996937,1.0,38041.0,0.19281827501905838,1.0,0.6565711534242594,350981.0,39438.0,0.47073254221816524,0.2415314652932028,39930.0,70.0,0.2484520396657316,39952.0,0.8147,1.0,0.3424815803649487,seed,,,,,,,,,,,,,,,,,,,,,,,,,,,,,,,,,,,,,,,,,,,,,,,,,,,,,,,,,,,,,,,,
conversation_trace,0.01,4.0,"l1=0.01,l2x4",B,learned,binary,4,binary,auc,True,600.0,219285.0,51149.0,40000.0,2010.0,0.04626865671641791,1.0,37990.0,0.1923400894972361,1.0,0.6914036849970008,281737.0,39481.0,0.470693973050328,0.656428627311005,39951.0,49.0,0.6604213387644257,39964.0,0.815,1.0,0.34255851156985995,seed,,,,,,,,,,,,,,,,,,,,,,,,,,,,,,,,,,,,,,,,,,,,,,,,,,,,,,,,,,,,,,,,
conversation_trace,0.01,4.0,"l1=0.01,l2x4",B,learned,binary,4,next_use,spearman,False,600.0,219285.0,51149.0,40000.0,2010.0,0.04626865671641791,1.0,37990.0,0.1923400894972361,1.0,0.6552366557362117,351312.0,39481.0,0.470693973050328,0.24346433629183595,39951.0,49.0,0.2500006329756036,39964.0,0.815075,1.0,0.34248198257199247,seed,,,,,,,,,,,,,,,,,,,,,,,,,,,,,,,,,,,,,,,,,,,,,,,,,,,,,,,,,,,,,,,,
conversation_trace,0.01,4.0,"l1=0.01,l2x4",C_lru,learned,binary,0,binary,auc,True,600.0,223606.0,52687.0,40000.0,18460.0,0.2018418201516793,1.0,21540.0,0.215041782729805,1.0,0.6377640218553706,273983.0,39502.0,0.2156947749481039,0.6327942175483715,39842.0,158.0,0.6331198785154524,39893.0,0.79105,1.0,0.3047467115622912,seed,,,,,,,,,,,,,,,,,,,,,,,,,,,,,,,,,,,,,,,,,,,,,,,,,,,,,,,,,,,,,,,,
conversation_trace,0.01,4.0,"l1=0.01,l2x4",C_lru,learned,binary,0,next_use,spearman,False,600.0,223606.0,52687.0,40000.0,18460.0,0.2018418201516793,1.0,21540.0,0.215041782729805,1.0,0.6124247898595082,334895.0,39502.0,0.2156947749481039,0.19782477918654376,39842.0,158.0,0.19910097188368756,39893.0,0.7912,1.0,0.3046657699315087,seed,,,,,,,,,,,,,,,,,,,,,,,,,,,,,,,,,,,,,,,,,,,,,,,,,,,,,,,,,,,,,,,,
conversation_trace,0.01,4.0,"l1=0.01,l2x4",C_lru,learned,binary,1,binary,auc,True,600.0,223543.0,52624.0,40000.0,18714.0,0.20594207545153362,1.0,21286.0,0.21478906323405056,1.0,0.6378486596290008,272723.0,39482.0,0.21517242034344763,0.6333639128364186,39863.0,137.0,0.6337521221109431,39913.0,0.78935,1.0,0.30523251535728685,seed,,,,,,,,,,,,,,,,,,,,,,,,,,,,,,,,,,,,,,,,,,,,,,,,,,,,,,,,,,,,,,,,
conversation_trace,0.01,4.0,"l1=0.01,l2x4",C_lru,learned,binary,1,next_use,spearman,False,600.0,223543.0,52624.0,40000.0,18714.0,0.20594207545153362,1.0,21286.0,0.21478906323405056,1.0,0.6111323870844204,334232.0,39482.0,0.21517242034344763,0.19798463794174584,39863.0,137.0,0.19902586465735342,39913.0,0.78945,1.0,0.30514126937873265,seed,,,,,,,,,,,,,,,,,,,,,,,,,,,,,,,,,,,,,,,,,,,,,,,,,,,,,,,,,,,,,,,,
conversation_trace,0.01,4.0,"l1=0.01,l2x4",C_lru,learned,binary,2,binary,auc,True,600.0,223540.0,52706.0,40000.0,18699.0,0.20118722926359697,1.0,21301.0,0.21656260269470917,1.0,0.6402091690019598,272985.0,39505.0,0.21411371978230603,0.6338066245185956,39866.0,134.0,0.6343345152527496,39919.0,0.790625,1.0,0.30601246495610773,seed,,,,,,,,,,,,,,,,,,,,,,,,,,,,,,,,,,,,,,,,,,,,,,,,,,,,,,,,,,,,,,,,
conversation_trace,0.01,4.0,"l1=0.01,l2x4",C_lru,learned,binary,2,next_use,spearman,False,600.0,223540.0,52706.0,40000.0,18699.0,0.20118722926359697,1.0,21301.0,0.21656260269470917,1.0,0.6140936181931934,334059.0,39505.0,0.21411371978230603,0.19891513508753358,39866.0,134.0,0.2004561774040858,39919.0,0.790775,1.0,0.30591975040654595,seed,,,,,,,,,,,,,,,,,,,,,,,,,,,,,,,,,,,,,,,,,,,,,,,,,,,,,,,,,,,,,,,,
conversation_trace,0.01,4.0,"l1=0.01,l2x4",C_lru,learned,binary,3,binary,auc,True,600.0,223639.0,52729.0,40000.0,18720.0,0.2031517094017094,1.0,21280.0,0.21658834586466166,1.0,0.6383455358061718,272076.0,39491.0,0.2144262300270948,0.6330637546831862,39856.0,144.0,0.6334790136438138,39912.0,0.7897,1.0,0.3046353814840815,seed,,,,,,,,,,,,,,,,,,,,,,,,,,,,,,,,,,,,,,,,,,,,,,,,,,,,,,,,,,,,,,,,
conversation_trace,0.01,4.0,"l1=0.01,l2x4",C_lru,learned,binary,3,next_use,spearman,False,600.0,223639.0,52729.0,40000.0,18720.0,0.2031517094017094,1.0,21280.0,0.21658834586466166,1.0,0.6134097041107567,333199.0,39491.0,0.2144262300270948,0.1987491110709977,39855.0,145.0,0.20005673889805736,39912.0,0.78975,1.0,0.30455885361248347,seed,,,,,,,,,,,,,,,,,,,,,,,,,,,,,,,,,,,,,,,,,,,,,,,,,,,,,,,,,,,,,,,,
conversation_trace,0.01,4.0,"l1=0.01,l2x4",C_lru,learned,binary,4,binary,auc,True,600.0,223565.0,52698.0,40000.0,18830.0,0.19989378651088688,1.0,21170.0,0.21733585262163438,1.0,0.640362636071161,272284.0,39501.0,0.21440121769069137,0.635340037351788,39865.0,135.0,0.6357468394510826,39912.0,0.790875,1.0,0.30459410655760627,seed,,,,,,,,,,,,,,,,,,,,,,,,,,,,,,,,,,,,,,,,,,,,,,,,,,,,,,,,,,,,,,,,
conversation_trace,0.01,4.0,"l1=0.01,l2x4",C_lru,learned,binary,4,next_use,spearman,False,600.0,223565.0,52698.0,40000.0,18830.0,0.19989378651088688,1.0,21170.0,0.21733585262163438,1.0,0.6144036650455581,333311.0,39501.0,0.21440121769069137,0.2013548775222057,39864.0,136.0,0.20256036531792787,39911.0,0.79115,1.0,0.3045087498031644,seed,,,,,,,,,,,,,,,,,,,,,,,,,,,,,,,,,,,,,,,,,,,,,,,,,,,,,,,,,,,,,,,,
conversation_trace,0.01,4.0,"l1=0.01,l2x4",C_union,learned,binary,0,binary,auc,True,600.0,217583.0,51092.0,40000.0,1528.0,0.00981675392670157,1.0,38472.0,0.19512892493241837,1.0,0.6934995031174517,282763.0,39464.0,0.568968711990675,0.6759569242551529,39940.0,60.0,0.6777624693674774,39963.0,0.81195,1.0,0.3440653220774022,seed,,,,,,,,,,,,,,,,,,,,,,,,,,,,,,,,,,,,,,,,,,,,,,,,,,,,,,,,,,,,,,,,
conversation_trace,0.01,4.0,"l1=0.01,l2x4",C_union,learned,binary,0,next_use,spearman,False,600.0,217583.0,51092.0,40000.0,1528.0,0.00981675392670157,1.0,38472.0,0.19512892493241837,1.0,0.6576722141433726,352773.0,39464.0,0.568968711990675,0.2745217161803752,39940.0,60.0,0.27785081617741175,39963.0,0.811975,1.0,0.34399467815807755,seed,,,,,,,,,,,,,,,,,,,,,,,,,,,,,,,,,,,,,,,,,,,,,,,,,,,,,,,,,,,,,,,,
conversation_trace,0.01,4.0,"l1=0.01,l2x4",C_union,learned,binary,1,binary,auc,True,600.0,217546.0,51085.0,40000.0,1522.0,0.006570302233902759,1.0,38478.0,0.19364312074432144,1.0,0.693202422267866,282380.0,39466.0,0.5679714817817868,0.6760015339254399,39944.0,56.0,0.6778261395485456,39959.0,0.813475,1.0,0.34553163808049264,seed,,,,,,,,,,,,,,,,,,,,,,,,,,,,,,,,,,,,,,,,,,,,,,,,,,,,,,,,,,,,,,,,
conversation_trace,0.01,4.0,"l1=0.01,l2x4",C_union,learned,binary,1,next_use,spearman,False,600.0,217546.0,51085.0,40000.0,1522.0,0.006570302233902759,1.0,38478.0,0.19364312074432144,1.0,0.6563602163178932,352999.0,39466.0,0.5679714817817868,0.27464794252160074,39944.0,56.0,0.2777761786181558,39959.0,0.8135,1.0,0.34546688134505626,seed,,,,,,,,,,,,,,,,,,,,,,,,,,,,,,,,,,,,,,,,,,,,,,,,,,,,,,,,,,,,,,,,
conversation_trace,0.01,4.0,"l1=0.01,l2x4",C_union,learned,binary,2,binary,auc,True,600.0,217600.0,51089.0,40000.0,1561.0,0.008327994875080076,1.0,38439.0,0.19243476677332916,1.0,0.6941355333942887,282174.0,39454.0,0.5654781517716835,0.6763255443818214,39952.0,48.0,0.6782439222946617,39964.0,0.81475,1.0,0.3463295528468447,seed,,,,,,,,,,,,,,,,,,,,,,,,,,,,,,,,,,,,,,,,,,,,,,,,,,,,,,,,,,,,,,,,
conversation_trace,0.01,4.0,"l1=0.01,l2x4",C_union,learned,binary,2,next_use,spearman,False,600.0,217600.0,51089.0,40000.0,1561.0,0.008327994875080076,1.0,38439.0,0.19243476677332916,1.0,0.6574719947350953,352523.0,39454.0,0.5654781517716835,0.2756324578889097,39952.0,48.0,0.2788912173751117,39964.0,0.8148,1.0,0.346253020807884,seed,,,,,,,,,,,,,,,,,,,,,,,,,,,,,,,,,,,,,,,,,,,,,,,,,,,,,,,,,,,,,,,,
conversation_trace,0.01,4.0,"l1=0.01,l2x4",C_union,learned,binary,3,binary,auc,True,600.0,217635.0,51157.0,40000.0,1478.0,0.008795669824086604,1.0,38522.0,0.19560251284980013,1.0,0.6960580546188486,282906.0,39476.0,0.5688875835950957,0.6778318794920357,39952.0,48.0,0.6798055988349058,39965.0,0.8113,1.0,0.34599308879195145,seed,,,,,,,,,,,,,,,,,,,,,,,,,,,,,,,,,,,,,,,,,,,,,,,,,,,,,,,,,,,,,,,,
conversation_trace,0.01,4.0,"l1=0.01,l2x4",C_union,learned,binary,3,next_use,spearman,False,600.0,217635.0,51157.0,40000.0,1478.0,0.008795669824086604,1.0,38522.0,0.19560251284980013,1.0,0.6586168749964634,353446.0,39476.0,0.5688875835950957,0.27781751925723314,39952.0,48.0,0.2811203502078207,39965.0,0.811325,1.0,0.34590920061930075,seed,,,,,,,,,,,,,,,,,,,,,,,,,,,,,,,,,,,,,,,,,,,,,,,,,,,,,,,,,,,,,,,,
conversation_trace,0.01,4.0,"l1=0.01,l2x4",C_union,learned,binary,4,binary,auc,True,600.0,217633.0,51113.0,40000.0,1531.0,0.009144350097975179,1.0,38469.0,0.19223270685487015,1.0,0.6963159218342112,282323.0,39472.0,0.5682129104175111,0.6775522216491178,39930.0,70.0,0.6796229442546641,39956.0,0.814775,1.0,0.3447706454423435,seed,,,,,,,,,,,,,,,,,,,,,,,,,,,,,,,,,,,,,,,,,,,,,,,,,,,,,,,,,,,,,,,,
conversation_trace,0.01,4.0,"l1=0.01,l2x4",C_union,learned,binary,4,next_use,spearman,False,600.0,217633.0,51113.0,40000.0,1531.0,0.009144350097975179,1.0,38469.0,0.19223270685487015,1.0,0.6595194022150472,352769.0,39472.0,0.5682129104175111,0.27667469807492234,39930.0,70.0,0.2802135704596089,39956.0,0.8148,1.0,0.3446882285068406,seed,,,,,,,,,,,,,,,,,,,,,,,,,,,,,,,,,,,,,,,,,,,,,,,,,,,,,,,,,,,,,,,,
conversation_trace,0.01,4.0,"l1=0.01,l2x4",A_none,learned,next_use,0,binary,auc,False,600.0,217109.0,50920.0,40000.0,507.0,0.023668639053254437,1.0,39493.0,0.18512141392145443,1.0,0.6927281886747961,279889.0,39016.0,0.5469294648349395,0.6776537272244114,39940.0,60.0,0.6793620343022618,39964.0,0.816925,1.0,0.3437709862506922,seed,,,,,,,,,,,,,,,,,,,,,,,,,,,,,,,,,,,,,,,,,,,,,,,,,,,,,,,,,,,,,,,,
conversation_trace,0.01,4.0,"l1=0.01,l2x4",A_none,learned,next_use,0,next_use,spearman,True,600.0,217109.0,50920.0,40000.0,507.0,0.023668639053254437,1.0,39493.0,0.18512141392145443,1.0,0.6589431510000657,349927.0,39016.0,0.5469294648349395,0.27527296131532214,39940.0,60.0,0.2788843515155128,39964.0,0.81695,1.0,0.34370176844139166,seed,,,,,,,,,,,,,,,,,,,,,,,,,,,,,,,,,,,,,,,,,,,,,,,,,,,,,,,,,,,,,,,,
conversation_trace,0.01,4.0,"l1=0.01,l2x4",A_none,learned,next_use,1,binary,auc,False,600.0,217191.0,50965.0,40000.0,461.0,0.021691973969631236,1.0,39539.0,0.18581653557247274,1.0,0.6935659525686035,279140.0,39048.0,0.5471022843679574,0.6779570411306519,39941.0,59.0,0.6796579534659318,39961.0,0.816075,1.0,0.34414209304791415,seed,,,,,,,,,,,,,,,,,,,,,,,,,,,,,,,,,,,,,,,,,,,,,,,,,,,,,,,,,,,,,,,,
conversation_trace,0.01,4.0,"l1=0.01,l2x4",A_none,learned,next_use,1,next_use,spearman,True,600.0,217191.0,50965.0,40000.0,461.0,0.021691973969631236,1.0,39539.0,0.18581653557247274,1.0,0.6572138392141598,349384.0,39048.0,0.5471022843679574,0.2757809638059183,39941.0,59.0,0.2790008201409944,39961.0,0.816075,1.0,0.3440522614012559,seed,,,,,,,,,,,,,,,,,,,,,,,,,,,,,,,,,,,,,,,,,,,,,,,,,,,,,,,,,,,,,,,,
conversation_trace,0.01,4.0,"l1=0.01,l2x4",A_none,learned,next_use,2,binary,auc,False,600.0,217261.0,50956.0,40000.0,493.0,0.02028397565922921,1.0,39507.0,0.1858657959348976,1.0,0.695707730523362,279386.0,39035.0,0.5472892916613296,0.6770399938808978,39924.0,76.0,0.6791783656200342,39942.0,0.816175,1.0,0.34352279337589375,seed,,,,,,,,,,,,,,,,,,,,,,,,,,,,,,,,,,,,,,,,,,,,,,,,,,,,,,,,,,,,,,,,
conversation_trace,0.01,4.0,"l1=0.01,l2x4",A_none,learned,next_use,2,next_use,spearman,True,600.0,217261.0,50956.0,40000.0,493.0,0.02028397565922921,1.0,39507.0,0.1858657959348976,1.0,0.6596828603229193,349499.0,39035.0,0.5472892916613296,0.27364737905450087,39924.0,76.0,0.27771887226524333,39942.0,0.81625,1.0,0.34341970590617565,seed,,,,,,,,,,,,,,,,,,,,,,,,,,,,,,,,,,,,,,,,,,,,,,,,,,,,,,,,,,,,,,,,
conversation_trace,0.01,4.0,"l1=0.01,l2x4",A_none,learned,next_use,3,binary,auc,False,600.0,217185.0,50977.0,40000.0,530.0,0.024528301886792454,1.0,39470.0,0.18707879402077526,1.0,0.6934468576014445,279118.0,39061.0,0.5455273482501728,0.6760807553576311,39943.0,57.0,0.6780448572618128,39967.0,0.815075,1.0,0.34427245858619476,seed,,,,,,,,,,,,,,,,,,,,,,,,,,,,,,,,,,,,,,,,,,,,,,,,,,,,,,,,,,,,,,,,
conversation_trace,0.01,4.0,"l1=0.01,l2x4",A_none,learned,next_use,3,next_use,spearman,True,600.0,217185.0,50977.0,40000.0,530.0,0.024528301886792454,1.0,39470.0,0.18707879402077526,1.0,0.6585342784177384,348893.0,39061.0,0.5455273482501728,0.27325958533920314,39943.0,57.0,0.2769158019531913,39967.0,0.8151,1.0,0.3441796834157756,seed,,,,,,,,,,,,,,,,,,,,,,,,,,,,,,,,,,,,,,,,,,,,,,,,,,,,,,,,,,,,,,,,
conversation_trace,0.01,4.0,"l1=0.01,l2x4",A_none,learned,next_use,4,binary,auc,False,600.0,217219.0,50984.0,40000.0,524.0,0.022900763358778626,1.0,39476.0,0.1848971527003749,1.0,0.6937550744735121,278354.0,39004.0,0.5468165124089837,0.6769663743559876,39942.0,58.0,0.678760672004581,39957.0,0.817225,1.0,0.34345894869544213,seed,,,,,,,,,,,,,,,,,,,,,,,,,,,,,,,,,,,,,,,,,,,,,,,,,,,,,,,,,,,,,,,,
conversation_trace,0.01,4.0,"l1=0.01,l2x4",A_none,learned,next_use,4,next_use,spearman,True,600.0,217219.0,50984.0,40000.0,524.0,0.022900763358778626,1.0,39476.0,0.1848971527003749,1.0,0.6584661637726812,348251.0,39004.0,0.5468165124089837,0.2733914245100344,39942.0,58.0,0.2769886880138059,39957.0,0.817275,1.0,0.3433853114267368,seed,,,,,,,,,,,,,,,,,,,,,,,,,,,,,,,,,,,,,,,,,,,,,,,,,,,,,,,,,,,,,,,,
conversation_trace,0.01,4.0,"l1=0.01,l2x4",B,learned,next_use,0,binary,auc,False,600.0,217432.0,50743.0,40000.0,4.0,0.0,nan,39996.0,0.17621762176217623,1.0,0.6296425360118155,276923.0,38920.0,0.7790467625899281,0.6331192838916507,39928.0,72.0,0.632758037705309,39951.0,0.8238,1.0,0.33655953573322334,seed,,,,,,,,,,,,,,,,,,,,,,,,,,,,,,,,,,,,,,,,,,,,,,,,,,,,,,,,,,,,,,,,
conversation_trace,0.01,4.0,"l1=0.01,l2x4",B,learned,next_use,0,next_use,spearman,True,600.0,217432.0,50743.0,40000.0,4.0,0.0,nan,39996.0,0.17621762176217623,1.0,0.6063632544867245,345185.0,38920.0,0.7790467625899281,0.20563296051253677,39928.0,72.0,0.20567595481906614,39951.0,0.823825,1.0,0.33649619984681556,seed,,,,,,,,,,,,,,,,,,,,,,,,,,,,,,,,,,,,,,,,,,,,,,,,,,,,,,,,,,,,,,,,
conversation_trace,0.01,4.0,"l1=0.01,l2x4",B,learned,next_use,1,binary,auc,False,600.0,217488.0,50679.0,40000.0,6.0,0.0,nan,39994.0,0.17562634395159274,1.0,0.6300030326880447,276982.0,38913.0,0.7775984246909773,0.6339907304536753,39937.0,63.0,0.6333746317612857,39949.0,0.8244,1.0,0.33681340613598504,seed,,,,,,,,,,,,,,,,,,,,,,,,,,,,,,,,,,,,,,,,,,,,,,,,,,,,,,,,,,,,,,,,
conversation_trace,0.01,4.0,"l1=0.01,l2x4",B,learned,next_use,1,next_use,spearman,True,600.0,217488.0,50679.0,40000.0,6.0,0.0,nan,39994.0,0.17562634395159274,1.0,0.6069707812432096,345155.0,38913.0,0.7775984246909773,0.20678893069774062,39937.0,63.0,0.2066676923159469,39949.0,0.824425,1.0,0.33674417782543564,seed,,,,,,,,,,,,,,,,,,,,,,,,,,,,,,,,,,,,,,,,,,,,,,,,,,,,,,,,,,,,,,,,
conversation_trace,0.01,4.0,"l1=0.01,l2x4",B,learned,next_use,2,binary,auc,False,600.0,217571.0,50727.0,40000.0,6.0,0.0,nan,39994.0,0.1773015952392859,1.0,0.6295645039450904,276673.0,38918.0,0.7780308918752248,0.6315198685117636,39937.0,63.0,0.6312478472721529,39960.0,0.822725,1.0,0.3360052318542151,seed,,,,,,,,,,,,,,,,,,,,,,,,,,,,,,,,,,,,,,,,,,,,,,,,,,,,,,,,,,,,,,,,
conversation_trace,0.01,4.0,"l1=0.01,l2x4",B,learned,next_use,2,next_use,spearman,True,600.0,217571.0,50727.0,40000.0,6.0,0.0,nan,39994.0,0.1773015952392859,1.0,0.605728238345723,345045.0,38918.0,0.7780308918752248,0.20284484397986338,39937.0,63.0,0.20305378632751397,39960.0,0.822775,1.0,0.3359271664619291,seed,,,,,,,,,,,,,,,,,,,,,,,,,,,,,,,,,,,,,,,,,,,,,,,,,,,,,,,,,,,,,,,,
conversation_trace,0.01,4.0,"l1=0.01,l2x4",B,learned,next_use,3,binary,auc,False,600.0,217556.0,50762.0,40000.0,0.0,nan,nan,40000.0,0.178075,1.0,0.6288646176005442,276321.0,38911.0,0.7787442818226209,0.6345345598282107,39939.0,61.0,0.6338879760863442,39968.0,0.821925,1.0,0.3360072233326607,seed,,,,,,,,,,,,,,,,,,,,,,,,,,,,,,,,,,,,,,,,,,,,,,,,,,,,,,,,,,,,,,,,
conversation_trace,0.01,4.0,"l1=0.01,l2x4",B,learned,next_use,3,next_use,spearman,True,600.0,217556.0,50762.0,40000.0,0.0,nan,nan,40000.0,0.178075,1.0,0.6059601686714076,344101.0,38911.0,0.7787442818226209,0.20741525748309933,39939.0,61.0,0.207076118978145,39968.0,0.821925,1.0,0.3359409407124056,seed,,,,,,,,,,,,,,,,,,,,,,,,,,,,,,,,,,,,,,,,,,,,,,,,,,,,,,,,,,,,,,,,
conversation_trace,0.01,4.0,"l1=0.01,l2x4",B,learned,next_use,4,binary,auc,False,600.0,217490.0,50748.0,40000.0,1.0,0.0,nan,39999.0,0.17697942448561213,1.0,0.628733773281813,276396.0,38922.0,0.778004727403525,0.632986198409477,39953.0,47.0,0.6324259839066668,39971.0,0.823025,1.0,0.33641714364831304,seed,,,,,,,,,,,,,,,,,,,,,,,,,,,,,,,,,,,,,,,,,,,,,,,,,,,,,,,,,,,,,,,,
conversation_trace,0.01,4.0,"l1=0.01,l2x4",B,learned,next_use,4,next_use,spearman,True,600.0,217490.0,50748.0,40000.0,1.0,0.0,nan,39999.0,0.17697942448561213,1.0,0.6061859617772312,344716.0,38922.0,0.778004727403525,0.20548760893014764,39953.0,47.0,0.20535511756163877,39971.0,0.823025,1.0,0.33634644333222374,seed,,,,,,,,,,,,,,,,,,,,,,,,,,,,,,,,,,,,,,,,,,,,,,,,,,,,,,,,,,,,,,,,
conversation_trace,0.01,4.0,"l1=0.01,l2x4",C_lru,learned,next_use,0,binary,auc,False,600.0,220610.0,51600.0,40000.0,16467.0,0.18910548369466204,1.0,23533.0,0.19113585178260314,1.0,0.6629673633237926,277755.0,39455.0,0.231969173742238,0.6263746990820062,39891.0,109.0,0.6304584398491705,39930.0,0.8097,1.0,0.3262085053461966,seed,,,,,,,,,,,,,,,,,,,,,,,,,,,,,,,,,,,,,,,,,,,,,,,,,,,,,,,,,,,,,,,,
conversation_trace,0.01,4.0,"l1=0.01,l2x4",C_lru,learned,next_use,0,next_use,spearman,True,600.0,220610.0,51600.0,40000.0,16467.0,0.18910548369466204,1.0,23533.0,0.19113585178260314,1.0,0.6339725540262451,343074.0,39455.0,0.231969173742238,0.19253684547817573,39891.0,109.0,0.19962894932762756,39930.0,0.80985,1.0,0.3261555217048958,seed,,,,,,,,,,,,,,,,,,,,,,,,,,,,,,,,,,,,,,,,,,,,,,,,,,,,,,,,,,,,,,,,
conversation_trace,0.01,4.0,"l1=0.01,l2x4",C_lru,learned,next_use,1,binary,auc,False,600.0,220663.0,51630.0,40000.0,16483.0,0.19316871928653764,1.0,23517.0,0.19271165539822258,1.0,0.6633544465609685,277709.0,39465.0,0.2337031230203978,0.6292406323358439,39917.0,83.0,0.633190237708508,39942.0,0.8071,1.0,0.32531918494698037,seed,,,,,,,,,,,,,,,,,,,,,,,,,,,,,,,,,,,,,,,,,,,,,,,,,,,,,,,,,,,,,,,,
conversation_trace,0.01,4.0,"l1=0.01,l2x4",C_lru,learned,next_use,1,next_use,spearman,True,600.0,220663.0,51630.0,40000.0,16483.0,0.19316871928653764,1.0,23517.0,0.19271165539822258,1.0,0.6345053647413319,343819.0,39465.0,0.2337031230203978,0.19558954569157241,39917.0,83.0,0.20257044897474025,39942.0,0.80725,1.0,0.3252485411316256,seed,,,,,,,,,,,,,,,,,,,,,,,,,,,,,,,,,,,,,,,,,,,,,,,,,,,,,,,,,,,,,,,,
conversation_trace,0.01,4.0,"l1=0.01,l2x4",C_lru,learned,next_use,2,binary,auc,False,600.0,220649.0,51595.0,40000.0,16420.0,0.1907429963459196,1.0,23580.0,0.19291772688719253,1.0,0.6618170433731211,277891.0,39483.0,0.23403347643289518,0.6291387993383475,39923.0,77.0,0.6329752750827994,39934.0,0.807975,1.0,0.32515603775223223,seed,,,,,,,,,,,,,,,,,,,,,,,,,,,,,,,,,,,,,,,,,,,,,,,,,,,,,,,,,,,,,,,,
conversation_trace,0.01,4.0,"l1=0.01,l2x4",C_lru,learned,next_use,2,next_use,spearman,True,600.0,220649.0,51595.0,40000.0,16420.0,0.1907429963459196,1.0,23580.0,0.19291772688719253,1.0,0.6330005120327701,343728.0,39483.0,0.23403347643289518,0.1959754407343137,39923.0,77.0,0.2027258057851407,39934.0,0.808175,1.0,0.3250883392226148,seed,,,,,,,,,,,,,,,,,,,,,,,,,,,,,,,,,,,,,,,,,,,,,,,,,,,,,,,,,,,,,,,,
conversation_trace,0.01,4.0,"l1=0.01,l2x4",C_lru,learned,next_use,3,binary,auc,False,600.0,220653.0,51592.0,40000.0,16515.0,0.19043293975174083,1.0,23485.0,0.1942090696189057,1.0,0.662091877319339,277827.0,39455.0,0.23269309973387403,0.6267594114653372,39907.0,93.0,0.6306756602955249,39943.0,0.80735,1.0,0.3255403227586816,seed,,,,,,,,,,,,,,,,,,,,,,,,,,,,,,,,,,,,,,,,,,,,,,,,,,,,,,,,,,,,,,,,
conversation_trace,0.01,4.0,"l1=0.01,l2x4",C_lru,learned,next_use,3,next_use,spearman,True,600.0,220653.0,51592.0,40000.0,16515.0,0.19043293975174083,1.0,23485.0,0.1942090696189057,1.0,0.6328569224184866,343471.0,39455.0,0.23269309973387403,0.19268049505838641,39907.0,93.0,0.19954476449153594,39943.0,0.807525,1.0,0.32546379083235827,seed,,,,,,,,,,,,,,,,,,,,,,,,,,,,,,,,,,,,,,,,,,,,,,,,,,,,,,,,,,,,,,,,
conversation_trace,0.01,4.0,"l1=0.01,l2x4",C_lru,learned,next_use,4,binary,auc,False,600.0,220604.0,51523.0,40000.0,16353.0,0.18797774108726228,1.0,23647.0,0.19338605319913732,1.0,0.6615856840074992,277899.0,39473.0,0.23367317533503915,0.6270307442506674,39902.0,98.0,0.6306725247925195,39933.0,0.808825,1.0,0.3242542382110842,seed,,,,,,,,,,,,,,,,,,,,,,,,,,,,,,,,,,,,,,,,,,,,,,,,,,,,,,,,,,,,,,,,
conversation_trace,0.01,4.0,"l1=0.01,l2x4",C_lru,learned,next_use,4,next_use,spearman,True,600.0,220604.0,51523.0,40000.0,16353.0,0.18797774108726228,1.0,23647.0,0.19338605319913732,1.0,0.6328410812070372,343320.0,39473.0,0.23367317533503915,0.19149343047887712,39902.0,98.0,0.19831453492676251,39933.0,0.809025,1.0,0.3241821234986526,seed,,,,,,,,,,,,,,,,,,,,,,,,,,,,,,,,,,,,,,,,,,,,,,,,,,,,,,,,,,,,,,,,
conversation_trace,0.01,4.0,"l1=0.01,l2x4",C_union,learned,next_use,0,binary,auc,False,600.0,216664.0,50719.0,40000.0,2407.0,0.07021188201080183,1.0,37593.0,0.18524725347804114,1.0,0.7063641392626732,283809.0,39435.0,0.448199568910866,0.6788860417065204,39950.0,50.0,0.6819701499612639,39964.0,0.821675,1.0,0.3528696637647457,seed,,,,,,,,,,,,,,,,,,,,,,,,,,,,,,,,,,,,,,,,,,,,,,,,,,,,,,,,,,,,,,,,
conversation_trace,0.01,4.0,"l1=0.01,l2x4",C_union,learned,next_use,0,next_use,spearman,True,600.0,216664.0,50719.0,40000.0,2407.0,0.07021188201080183,1.0,37593.0,0.18524725347804114,1.0,0.6672062319793616,355842.0,39435.0,0.448199568910866,0.27997963244148416,39950.0,50.0,0.285075970869452,39964.0,0.8217,1.0,0.35279754501902316,seed,,,,,,,,,,,,,,,,,,,,,,,,,,,,,,,,,,,,,,,,,,,,,,,,,,,,,,,,,,,,,,,,
conversation_trace,0.01,4.0,"l1=0.01,l2x4",C_union,learned,next_use,1,binary,auc,False,600.0,216683.0,50717.0,40000.0,2335.0,0.07109207708779443,1.0,37665.0,0.18616752953670515,1.0,0.7067781222398558,284179.0,39452.0,0.450407298742776,0.6776915353358636,39961.0,39.0,0.6809083010281903,39977.0,0.82055,1.0,0.35349516963670724,seed,,,,,,,,,,,,,,,,,,,,,,,,,,,,,,,,,,,,,,,,,,,,,,,,,,,,,,,,,,,,,,,,
conversation_trace,0.01,4.0,"l1=0.01,l2x4",C_union,learned,next_use,1,next_use,spearman,True,600.0,216683.0,50717.0,40000.0,2335.0,0.07109207708779443,1.0,37665.0,0.18616752953670515,1.0,0.6673063024197841,356974.0,39452.0,0.450407298742776,0.2771446471985821,39961.0,39.0,0.28266032388191475,39977.0,0.820575,1.0,0.35341863737247076,seed,,,,,,,,,,,,,,,,,,,,,,,,,,,,,,,,,,,,,,,,,,,,,,,,,,,,,,,,,,,,,,,,
conversation_trace,0.01,4.0,"l1=0.01,l2x4",C_union,learned,next_use,2,binary,auc,False,600.0,216709.0,50719.0,40000.0,2407.0,0.06938097216452015,1.0,37593.0,0.18655068762801585,1.0,0.7052457315114526,283297.0,39428.0,0.44921201303642083,0.6785645673607454,39954.0,46.0,0.6814887422058761,39969.0,0.8205,1.0,0.3525009272505696,seed,,,,,,,,,,,,,,,,,,,,,,,,,,,,,,,,,,,,,,,,,,,,,,,,,,,,,,,,,,,,,,,,
conversation_trace,0.01,4.0,"l1=0.01,l2x4",C_union,learned,next_use,2,next_use,spearman,True,600.0,216709.0,50719.0,40000.0,2407.0,0.06938097216452015,1.0,37593.0,0.18655068762801585,1.0,0.6668246365520752,355553.0,39428.0,0.44921201303642083,0.27872772165231796,39954.0,46.0,0.283891841966065,39969.0,0.8205,1.0,0.3524140894988137,seed,,,,,,,,,,,,,,,,,,,,,,,,,,,,,,,,,,,,,,,,,,,,,,,,,,,,,,,,,,,,,,,,
conversation_trace,0.01,4.0,"l1=0.01,l2x4",C_union,learned,next_use,3,binary,auc,False,600.0,216724.0,50732.0,40000.0,2429.0,0.06957595718402634,1.0,37571.0,0.18804397008330895,1.0,0.7067769083124169,284466.0,39443.0,0.4472411137590954,0.6787019897932053,39948.0,52.0,0.6820241860723056,39963.0,0.81915,1.0,0.3536426160840571,seed,,,,,,,,,,,,,,,,,,,,,,,,,,,,,,,,,,,,,,,,,,,,,,,,,,,,,,,,,,,,,,,,
conversation_trace,0.01,4.0,"l1=0.01,l2x4",C_union,learned,next_use,3,next_use,spearman,True,600.0,216724.0,50732.0,40000.0,2429.0,0.06957595718402634,1.0,37571.0,0.18804397008330895,1.0,0.6679248455298222,356865.0,39443.0,0.4472411137590954,0.279041226159643,39948.0,52.0,0.28460550831912373,39963.0,0.8192,1.0,0.3535454776927572,seed,,,,,,,,,,,,,,,,,,,,,,,,,,,,,,,,,,,,,,,,,,,,,,,,,,,,,,,,,,,,,,,,
conversation_trace,0.01,4.0,"l1=0.01,l2x4",C_union,learned,next_use,4,binary,auc,False,600.0,216663.0,50710.0,40000.0,2371.0,0.06621678616617462,1.0,37629.0,0.1863456376730713,1.0,0.7049427397684267,284316.0,39445.0,0.4487664786411459,0.6776025627730706,39945.0,55.0,0.6806489916724697,39963.0,0.820775,1.0,0.3530543311084782,seed,,,,,,,,,,,,,,,,,,,,,,,,,,,,,,,,,,,,,,,,,,,,,,,,,,,,,,,,,,,,,,,,
conversation_trace,0.01,4.0,"l1=0.01,l2x4",C_union,learned,next_use,4,next_use,spearman,True,600.0,216663.0,50710.0,40000.0,2371.0,0.06621678616617462,1.0,37629.0,0.1863456376730713,1.0,0.6662836483892213,356815.0,39445.0,0.4487664786411459,0.2770801898700715,39945.0,55.0,0.28234752848742417,39963.0,0.8208,1.0,0.3529689673189147,seed,,,,,,,,,,,,,,,,,,,,,,,,,,,,,,,,,,,,,,,,,,,,,,,,,,,,,,,,,,,,,,,,
conversation_trace,0.02,4.0,"l1=0.02,l2x4",lfu_s,sampled,,0,binary,auc,False,600.0,199868.0,50455.0,40000.0,16812.0,0.20610278372591007,1.0,23188.0,0.16560289805071587,1.0,0.5190036086087385,231114.0,39156.0,0.19971635892328124,0.6575312319193287,37008.0,2992.0,0.63391914485096,37930.0,0.817375,1.0,0.16049479059303018,seed,,,,,,,,,,,,,,,,,,,,,,,,,,,,,,,,,,,,,,,,,,,,,,,,,,,,,,,,,,,,,,,,
conversation_trace,0.02,4.0,"l1=0.02,l2x4",lfu_s,sampled,,0,next_use,spearman,False,600.0,199868.0,50455.0,40000.0,16812.0,0.20610278372591007,1.0,23188.0,0.16560289805071587,1.0,0.5156565695365256,260338.0,39156.0,0.19971635892328124,0.19008062587015737,37006.0,2994.0,0.16480615501096985,37928.0,0.817375,1.0,0.16047859401963613,seed,,,,,,,,,,,,,,,,,,,,,,,,,,,,,,,,,,,,,,,,,,,,,,,,,,,,,,,,,,,,,,,,
conversation_trace,0.02,4.0,"l1=0.02,l2x4",lfu_s,sampled,,1,binary,auc,False,600.0,199930.0,50455.0,40000.0,16797.0,0.2065249746978627,1.0,23203.0,0.16239279403525406,1.0,0.5194536029838088,231114.0,39155.0,0.1991978993742817,0.6568419046575545,36906.0,3094.0,0.63323144661702,37878.0,0.819075,1.0,0.15995464952772195,seed,,,,,,,,,,,,,,,,,,,,,,,,,,,,,,,,,,,,,,,,,,,,,,,,,,,,,,,,,,,,,,,,
conversation_trace,0.02,4.0,"l1=0.02,l2x4",lfu_s,sampled,,1,next_use,spearman,False,600.0,199930.0,50455.0,40000.0,16797.0,0.2065249746978627,1.0,23203.0,0.16239279403525406,1.0,0.5164791460124962,260238.0,39155.0,0.1991978993742817,0.18940369700276152,36906.0,3094.0,0.16415439175870847,37878.0,0.8191,1.0,0.15992814600496205,seed,,,,,,,,,,,,,,,,,,,,,,,,,,,,,,,,,,,,,,,,,,,,,,,,,,,,,,,,,,,,,,,,
conversation_trace,0.02,4.0,"l1=0.02,l2x4",lfu_s,sampled,,2,binary,auc,False,600.0,199911.0,50484.0,40000.0,16747.0,0.20833582134113574,1.0,23253.0,0.16290371134907325,1.0,0.5192821992853964,231457.0,39140.0,0.19943951200817578,0.6569288130903371,37051.0,2949.0,0.6338945695838727,37955.0,0.818075,1.0,0.16170598109373618,seed,,,,,,,,,,,,,,,,,,,,,,,,,,,,,,,,,,,,,,,,,,,,,,,,,,,,,,,,,,,,,,,,
conversation_trace,0.02,4.0,"l1=0.02,l2x4",lfu_s,sampled,,2,next_use,spearman,False,600.0,199911.0,50484.0,40000.0,16747.0,0.20833582134113574,1.0,23253.0,0.16290371134907325,1.0,0.5161536397439338,260870.0,39140.0,0.19943951200817578,0.19053787130661626,37051.0,2949.0,0.16554629995159387,37955.0,0.818075,1.0,0.16169125658921576,seed,,,,,,,,,,,,,,,,,,,,,,,,,,,,,,,,,,,,,,,,,,,,,,,,,,,,,,,,,,,,,,,,
conversation_trace,0.02,4.0,"l1=0.02,l2x4",lfu_s,sampled,,3,binary,auc,False,600.0,199902.0,50490.0,40000.0,16759.0,0.20514350498239753,1.0,23241.0,0.1679790026246719,1.0,0.5180478027543697,231995.0,39157.0,0.199937112138315,0.6569225485812649,36948.0,3052.0,0.6331527649138319,37917.0,0.81645,1.0,0.1606417956378275,seed,,,,,,,,,,,,,,,,,,,,,,,,,,,,,,,,,,,,,,,,,,,,,,,,,,,,,,,,,,,,,,,,
conversation_trace,0.02,4.0,"l1=0.02,l2x4",lfu_s,sampled,,3,next_use,spearman,False,600.0,199902.0,50490.0,40000.0,16759.0,0.20514350498239753,1.0,23241.0,0.1679790026246719,1.0,0.5145618976451879,260955.0,39157.0,0.199937112138315,0.18906456920685616,36948.0,3052.0,0.16345694334012245,37917.0,0.81645,1.0,0.16062118184749624,seed,,,,,,,,,,,,,,,,,,,,,,,,,,,,,,,,,,,,,,,,,,,,,,,,,,,,,,,,,,,,,,,,
conversation_trace,0.02,4.0,"l1=0.02,l2x4",lfu_s,sampled,,4,binary,auc,False,600.0,199914.0,50479.0,40000.0,16878.0,0.20737054153335704,1.0,23122.0,0.16728656690597699,1.0,0.5176015848747819,232195.0,39174.0,0.19974425001276358,0.659292644919085,36890.0,3110.0,0.6352508143541011,37834.0,0.8158,1.0,0.16000906984071828,seed,,,,,,,,,,,,,,,,,,,,,,,,,,,,,,,,,,,,,,,,,,,,,,,,,,,,,,,,,,,,,,,,
conversation_trace,0.02,4.0,"l1=0.02,l2x4",lfu_s,sampled,,4,next_use,spearman,False,600.0,199914.0,50479.0,40000.0,16878.0,0.20737054153335704,1.0,23122.0,0.16728656690597699,1.0,0.5138487784539707,261431.0,39174.0,0.19974425001276358,0.19230971518009632,36890.0,3110.0,0.16629768818002286,37834.0,0.8158,1.0,0.15998698418961857,seed,,,,,,,,,,,,,,,,,,,,,,,,,,,,,,,,,,,,,,,,,,,,,,,,,,,,,,,,,,,,,,,,
conversation_trace,0.02,4.0,"l1=0.02,l2x4",lru_2hit_s,sampled,,0,binary,auc,False,600.0,29369.0,10057.0,10057.0,0.0,nan,nan,10057.0,0.017003082430148156,1.0,0.8476172470429758,84629.0,10053.0,0.9970002735501841,0.7978336544149207,9575.0,482.0,0.808013135610092,9824.0,0.9829969175698519,1.0,0.19573012020004094,seed,,,,,,,,,,,,,,,,,,,,,,,,,,,,,,,,,,,,,,,,,,,,,,,,,,,,,,,,,,,,,,,,
conversation_trace,0.02,4.0,"l1=0.02,l2x4",lru_2hit_s,sampled,,0,next_use,spearman,False,600.0,29369.0,10057.0,10057.0,0.0,nan,nan,10057.0,0.017003082430148156,1.0,0.7976275446091983,99475.0,10053.0,0.9970002735501841,0.3812581039046317,9575.0,482.0,0.4083011004010079,9824.0,0.9829969175698519,1.0,0.19568332699675373,seed,,,,,,,,,,,,,,,,,,,,,,,,,,,,,,,,,,,,,,,,,,,,,,,,,,,,,,,,,,,,,,,,
conversation_trace,0.02,4.0,"l1=0.02,l2x4",lru_2hit_s,sampled,,1,binary,auc,False,600.0,29359.0,10062.0,10062.0,0.0,nan,nan,10062.0,0.016895249453388987,1.0,0.847757945660788,84543.0,10055.0,0.9972059920437594,0.7994631410111245,9558.0,504.0,0.8093017345575899,9820.0,0.9831047505466111,1.0,0.195823370184803,seed,,,,,,,,,,,,,,,,,,,,,,,,,,,,,,,,,,,,,,,,,,,,,,,,,,,,,,,,,,,,,,,,
conversation_trace,0.02,4.0,"l1=0.02,l2x4",lru_2hit_s,sampled,,1,next_use,spearman,False,600.0,29359.0,10062.0,10062.0,0.0,nan,nan,10062.0,0.016895249453388987,1.0,0.7978472990644805,99410.0,10055.0,0.9972059920437594,0.38402239912024766,9558.0,504.0,0.4105079527749755,9820.0,0.9831047505466111,1.0,0.19575321402889265,seed,,,,,,,,,,,,,,,,,,,,,,,,,,,,,,,,,,,,,,,,,,,,,,,,,,,,,,,,,,,,,,,,
conversation_trace,0.02,4.0,"l1=0.02,l2x4",lru_2hit_s,sampled,,2,binary,auc,False,600.0,29349.0,10052.0,10052.0,0.0,nan,nan,10052.0,0.016016713091922007,1.0,0.8463461743550853,84391.0,10046.0,0.9973030310571371,0.79916004310291,9584.0,468.0,0.8085181263840636,9848.0,0.983983286908078,1.0,0.19722257985229227,seed,,,,,,,,,,,,,,,,,,,,,,,,,,,,,,,,,,,,,,,,,,,,,,,,,,,,,,,,,,,,,,,,
conversation_trace,0.02,4.0,"l1=0.02,l2x4",lru_2hit_s,sampled,,2,next_use,spearman,False,600.0,29349.0,10052.0,10052.0,0.0,nan,nan,10052.0,0.016016713091922007,1.0,0.7969172879377824,99393.0,10046.0,0.9973030310571371,0.3845035802351126,9583.0,469.0,0.41004167706804706,9848.0,0.983983286908078,1.0,0.19720502346703497,seed,,,,,,,,,,,,,,,,,,,,,,,,,,,,,,,,,,,,,,,,,,,,,,,,,,,,,,,,,,,,,,,,
conversation_trace,0.02,4.0,"l1=0.02,l2x4",lru_2hit_s,sampled,,3,binary,auc,False,600.0,29362.0,10064.0,10064.0,0.0,nan,nan,10064.0,0.01778616852146264,1.0,0.8470653758191233,84389.0,10061.0,0.9971765977537024,0.7986618357528811,9590.0,474.0,0.8082423676792897,9841.0,0.9822138314785374,1.0,0.19741064383201332,seed,,,,,,,,,,,,,,,,,,,,,,,,,,,,,,,,,,,,,,,,,,,,,,,,,,,,,,,,,,,,,,,,
conversation_trace,0.02,4.0,"l1=0.02,l2x4",lru_2hit_s,sampled,,3,next_use,spearman,False,600.0,29362.0,10064.0,10064.0,0.0,nan,nan,10064.0,0.01778616852146264,1.0,0.7969723461553921,99516.0,10061.0,0.9971765977537024,0.38288051889787245,9590.0,474.0,0.40924153206489744,9841.0,0.9822138314785374,1.0,0.197381418593097,seed,,,,,,,,,,,,,,,,,,,,,,,,,,,,,,,,,,,,,,,,,,,,,,,,,,,,,,,,,,,,,,,,
conversation_trace,0.02,4.0,"l1=0.02,l2x4",lru_2hit_s,sampled,,4,binary,auc,False,600.0,29357.0,10059.0,10059.0,0.0,nan,nan,10059.0,0.016303807535540314,1.0,0.8476512682442965,84684.0,10056.0,0.9970073836515513,0.7952255031167149,9588.0,471.0,0.8061267315187862,9836.0,0.9836961924644597,1.0,0.19570760233918127,seed,,,,,,,,,,,,,,,,,,,,,,,,,,,,,,,,,,,,,,,,,,,,,,,,,,,,,,,,,,,,,,,,
conversation_trace,0.02,4.0,"l1=0.02,l2x4",lru_2hit_s,sampled,,4,next_use,spearman,False,600.0,29357.0,10059.0,10059.0,0.0,nan,nan,10059.0,0.016303807535540314,1.0,0.7985414446834603,99482.0,10056.0,0.9970073836515513,0.3773979454041476,9588.0,471.0,0.40531295683147867,9836.0,0.9836961924644597,1.0,0.19567251461988305,seed,,,,,,,,,,,,,,,,,,,,,,,,,,,,,,,,,,,,,,,,,,,,,,,,,,,,,,,,,,,,,,,,
conversation_trace,0.02,4.0,"l1=0.02,l2x4",lru_s,sampled,,0,binary,auc,False,600.0,190277.0,46991.0,40000.0,0.0,nan,nan,40000.0,0.1191,1.0,0.654637879682807,238719.0,38832.0,0.9950596479707458,0.6011652902854464,38618.0,1382.0,0.6084914338226342,39020.0,0.8809,1.0,0.2008258302496052,seed,,,,,,,,,,,,,,,,,,,,,,,,,,,,,,,,,,,,,,,,,,,,,,,,,,,,,,,,,,,,,,,,
conversation_trace,0.02,4.0,"l1=0.02,l2x4",lru_s,sampled,,0,next_use,spearman,False,600.0,190277.0,46991.0,40000.0,0.0,nan,nan,40000.0,0.1191,1.0,0.6387930254033207,276145.0,38832.0,0.9950596479707458,0.13624067776269433,38618.0,1382.0,0.1478226694474375,39020.0,0.880925,1.0,0.20081404530134112,seed,,,,,,,,,,,,,,,,,,,,,,,,,,,,,,,,,,,,,,,,,,,,,,,,,,,,,,,,,,,,,,,,
conversation_trace,0.02,4.0,"l1=0.02,l2x4",lru_s,sampled,,1,binary,auc,False,600.0,190295.0,46997.0,40000.0,0.0,nan,nan,40000.0,0.119525,1.0,0.6576949045170002,239938.0,38837.0,0.9950626979426835,0.5988364199227719,38545.0,1455.0,0.6072438830112519,39003.0,0.880475,1.0,0.19969595057429104,seed,,,,,,,,,,,,,,,,,,,,,,,,,,,,,,,,,,,,,,,,,,,,,,,,,,,,,,,,,,,,,,,,
conversation_trace,0.02,4.0,"l1=0.02,l2x4",lru_s,sampled,,1,next_use,spearman,False,600.0,190295.0,46997.0,40000.0,0.0,nan,nan,40000.0,0.119525,1.0,0.6417347704925134,277028.0,38837.0,0.9950626979426835,0.13213506705466802,38545.0,1455.0,0.14494761735768097,39003.0,0.880475,1.0,0.19967974638978134,seed,,,,,,,,,,,,,,,,,,,,,,,,,,,,,,,,,,,,,,,,,,,,,,,,,,,,,,,,,,,,,,,,
conversation_trace,0.02,4.0,"l1=0.02,l2x4",lru_s,sampled,,2,binary,auc,False,600.0,190284.0,47040.0,40000.0,0.0,nan,nan,40000.0,0.1179,1.0,0.6548236525379383,238875.0,38833.0,0.9952488862565344,0.599023453901562,38610.0,1390.0,0.6069366211968513,39021.0,0.8821,1.0,0.19989747110113976,seed,,,,,,,,,,,,,,,,,,,,,,,,,,,,,,,,,,,,,,,,,,,,,,,,,,,,,,,,,,,,,,,,
conversation_trace,0.02,4.0,"l1=0.02,l2x4",lru_s,sampled,,2,next_use,spearman,False,600.0,190284.0,47040.0,40000.0,0.0,nan,nan,40000.0,0.1179,1.0,0.6390088199149547,275853.0,38833.0,0.9952488862565344,0.13268456764220476,38610.0,1390.0,0.14492679545380577,39021.0,0.8821,1.0,0.19988863240296215,seed,,,,,,,,,,,,,,,,,,,,,,,,,,,,,,,,,,,,,,,,,,,,,,,,,,,,,,,,,,,,,,,,
conversation_trace,0.02,4.0,"l1=0.02,l2x4",lru_s,sampled,,3,binary,auc,False,600.0,190184.0,47018.0,40000.0,0.0,nan,nan,40000.0,0.117475,1.0,0.658648601017137,238316.0,38809.0,0.9951855561854209,0.5974982713911782,38561.0,1439.0,0.6058202215253189,38976.0,0.882525,1.0,0.19876430630707606,seed,,,,,,,,,,,,,,,,,,,,,,,,,,,,,,,,,,,,,,,,,,,,,,,,,,,,,,,,,,,,,,,,
conversation_trace,0.02,4.0,"l1=0.02,l2x4",lru_s,sampled,,3,next_use,spearman,False,600.0,190184.0,47018.0,40000.0,0.0,nan,nan,40000.0,0.117475,1.0,0.6428898233076973,275394.0,38809.0,0.9951855561854209,0.1309073371875415,38560.0,1440.0,0.14396976282191146,38975.0,0.882575,1.0,0.19874957462261109,seed,,,,,,,,,,,,,,,,,,,,,,,,,,,,,,,,,,,,,,,,,,,,,,,,,,,,,,,,,,,,,,,,
conversation_trace,0.02,4.0,"l1=0.02,l2x4",lru_s,sampled,,4,binary,auc,False,600.0,190280.0,47018.0,40000.0,0.0,nan,nan,40000.0,0.11715,1.0,0.6562515668610968,239332.0,38851.0,0.9950475856477311,0.5999599588596322,38559.0,1441.0,0.6080314156666411,39002.0,0.88285,1.0,0.19905546283352313,seed,,,,,,,,,,,,,,,,,,,,,,,,,,,,,,,,,,,,,,,,,,,,,,,,,,,,,,,,,,,,,,,,
conversation_trace,0.02,4.0,"l1=0.02,l2x4",lru_s,sampled,,4,next_use,spearman,False,600.0,190280.0,47018.0,40000.0,0.0,nan,nan,40000.0,0.11715,1.0,0.6402481671939495,275943.0,38851.0,0.9950475856477311,0.13347971345410486,38558.0,1442.0,0.14589489789933552,39001.0,0.882875,1.0,0.1990436782151017,seed,,,,,,,,,,,,,,,,,,,,,,,,,,,,,,,,,,,,,,,,,,,,,,,,,,,,,,,,,,,,,,,,
conversation_trace,0.02,4.0,"l1=0.02,l2x4",A_none,learned,binary,0,binary,auc,True,600.0,186623.0,45869.0,40000.0,1451.0,0.005513439007580979,1.0,38549.0,0.101714700770448,1.0,0.726075034023278,246155.0,39284.0,0.7695364206801751,0.6909864445011817,39161.0,839.0,0.6952698310972958,39405.0,0.901775,1.0,0.22287879590863321,seed,,,,,,,,,,,,,,,,,,,,,,,,,,,,,,,,,,,,,,,,,,,,,,,,,,,,,,,,,,,,,,,,
conversation_trace,0.02,4.0,"l1=0.02,l2x4",A_none,learned,binary,0,next_use,spearman,False,600.0,186623.0,45869.0,40000.0,1451.0,0.005513439007580979,1.0,38549.0,0.101714700770448,1.0,0.701240072647213,287967.0,39284.0,0.7695364206801751,0.2665840539157858,39161.0,839.0,0.275229024601662,39405.0,0.901825,1.0,0.22284493672749542,seed,,,,,,,,,,,,,,,,,,,,,,,,,,,,,,,,,,,,,,,,,,,,,,,,,,,,,,,,,,,,,,,,
conversation_trace,0.02,4.0,"l1=0.02,l2x4",A_none,learned,binary,1,binary,auc,True,600.0,186779.0,45933.0,40000.0,1383.0,0.005061460592913955,1.0,38617.0,0.10358132428723102,1.0,0.7273800492500923,246497.0,39277.0,0.7705686534103928,0.691710982995825,39150.0,850.0,0.6961733761156794,39387.0,0.899825,1.0,0.22302536373232126,seed,,,,,,,,,,,,,,,,,,,,,,,,,,,,,,,,,,,,,,,,,,,,,,,,,,,,,,,,,,,,,,,,
conversation_trace,0.02,4.0,"l1=0.02,l2x4",A_none,learned,binary,1,next_use,spearman,False,600.0,186779.0,45933.0,40000.0,1383.0,0.005061460592913955,1.0,38617.0,0.10358132428723102,1.0,0.701742987334754,288585.0,39277.0,0.7705686534103928,0.2678094362041531,39150.0,850.0,0.27661473751502386,39387.0,0.8999,1.0,0.22299297635574294,seed,,,,,,,,,,,,,,,,,,,,,,,,,,,,,,,,,,,,,,,,,,,,,,,,,,,,,,,,,,,,,,,,
conversation_trace,0.02,4.0,"l1=0.02,l2x4",A_none,learned,binary,2,binary,auc,True,600.0,186722.0,45924.0,40000.0,1397.0,0.00572655690765927,1.0,38603.0,0.10180555915343367,1.0,0.7273307764660093,246656.0,39261.0,0.7718744428313085,0.692062403784472,39082.0,918.0,0.6966626111076556,39350.0,0.90155,1.0,0.22299528458133178,seed,,,,,,,,,,,,,,,,,,,,,,,,,,,,,,,,,,,,,,,,,,,,,,,,,,,,,,,,,,,,,,,,
conversation_trace,0.02,4.0,"l1=0.02,l2x4",A_none,learned,binary,2,next_use,spearman,False,600.0,186722.0,45924.0,40000.0,1397.0,0.00572655690765927,1.0,38603.0,0.10180555915343367,1.0,0.7023537318810454,288648.0,39261.0,0.7718744428313085,0.2682606425963466,39081.0,919.0,0.2770669175894806,39350.0,0.9016,1.0,0.22297025738265555,seed,,,,,,,,,,,,,,,,,,,,,,,,,,,,,,,,,,,,,,,,,,,,,,,,,,,,,,,,,,,,,,,,
conversation_trace,0.02,4.0,"l1=0.02,l2x4",A_none,learned,binary,3,binary,auc,True,600.0,186750.0,45920.0,40000.0,1408.0,0.004971590909090909,1.0,38592.0,0.10455534825870647,1.0,0.7274291900132174,246646.0,39273.0,0.7709152916762152,0.6913461720215567,39124.0,876.0,0.6961501735441603,39376.0,0.89895,1.0,0.22245106164973436,seed,,,,,,,,,,,,,,,,,,,,,,,,,,,,,,,,,,,,,,,,,,,,,,,,,,,,,,,,,,,,,,,,
conversation_trace,0.02,4.0,"l1=0.02,l2x4",A_none,learned,binary,3,next_use,spearman,False,600.0,186750.0,45920.0,40000.0,1408.0,0.004971590909090909,1.0,38592.0,0.10455534825870647,1.0,0.7017445268894416,288273.0,39273.0,0.7709152916762152,0.26709511070548136,39124.0,876.0,0.2761391912368853,39376.0,0.898975,1.0,0.22242456273103745,seed,,,,,,,,,,,,,,,,,,,,,,,,,,,,,,,,,,,,,,,,,,,,,,,,,,,,,,,,,,,,,,,,
conversation_trace,0.02,4.0,"l1=0.02,l2x4",A_none,learned,binary,4,binary,auc,True,600.0,186687.0,45891.0,40000.0,1420.0,0.004929577464788733,1.0,38580.0,0.10199585277345775,1.0,0.7269531091138314,245890.0,39273.0,0.7706813523285718,0.6910179561255284,39151.0,849.0,0.6959361452611637,39427.0,0.90145,1.0,0.222103631382375,seed,,,,,,,,,,,,,,,,,,,,,,,,,,,,,,,,,,,,,,,,,,,,,,,,,,,,,,,,,,,,,,,,
conversation_trace,0.02,4.0,"l1=0.02,l2x4",A_none,learned,binary,4,next_use,spearman,False,600.0,186687.0,45891.0,40000.0,1420.0,0.004929577464788733,1.0,38580.0,0.10199585277345775,1.0,0.702390737980133,287108.0,39273.0,0.7706813523285718,0.2670286439707284,39151.0,849.0,0.2759573721107575,39427.0,0.9015,1.0,0.22208007678797773,seed,,,,,,,,,,,,,,,,,,,,,,,,,,,,,,,,,,,,,,,,,,,,,,,,,,,,,,,,,,,,,,,,
conversation_trace,0.02,4.0,"l1=0.02,l2x4",B,learned,binary,0,binary,auc,True,600.0,207355.0,51713.0,40000.0,28872.0,0.23351343862565807,1.0,11128.0,0.12940330697340044,1.0,0.38938757307192856,228713.0,39500.0,0.09220253164556962,0.6770115942729464,35544.0,4456.0,0.6235680745556733,36952.0,0.79545,1.0,0.14049300956585725,seed,,,,,,,,,,,,,,,,,,,,,,,,,,,,,,,,,,,,,,,,,,,,,,,,,,,,,,,,,,,,,,,,
conversation_trace,0.02,4.0,"l1=0.02,l2x4",B,learned,binary,0,next_use,spearman,False,600.0,207355.0,51713.0,40000.0,28872.0,0.23351343862565807,1.0,11128.0,0.12940330697340044,1.0,0.3996997434816359,253783.0,39500.0,0.09220253164556962,0.20574235107184374,35542.0,4458.0,0.1476869342574784,36951.0,0.79545,1.0,0.14047829286239882,seed,,,,,,,,,,,,,,,,,,,,,,,,,,,,,,,,,,,,,,,,,,,,,,,,,,,,,,,,,,,,,,,,
conversation_trace,0.02,4.0,"l1=0.02,l2x4",B,learned,binary,1,binary,auc,True,600.0,207263.0,51793.0,40000.0,29009.0,0.23327243269330208,1.0,10991.0,0.13492857792739515,1.0,0.390063757085939,229151.0,39533.0,0.09349941820757342,0.6794434711456302,35571.0,4429.0,0.6263531272976725,36949.0,0.79375,1.0,0.13975185899728196,seed,,,,,,,,,,,,,,,,,,,,,,,,,,,,,,,,,,,,,,,,,,,,,,,,,,,,,,,,,,,,,,,,
conversation_trace,0.02,4.0,"l1=0.02,l2x4",B,learned,binary,1,next_use,spearman,False,600.0,207263.0,51793.0,40000.0,29009.0,0.23327243269330208,1.0,10991.0,0.13492857792739515,1.0,0.39997640581989774,254300.0,39533.0,0.09349941820757342,0.20860752032242152,35568.0,4432.0,0.150607225966812,36947.0,0.79375,1.0,0.13971948382197774,seed,,,,,,,,,,,,,,,,,,,,,,,,,,,,,,,,,,,,,,,,,,,,,,,,,,,,,,,,,,,,,,,,
conversation_trace,0.02,4.0,"l1=0.02,l2x4",B,learned,binary,2,binary,auc,True,600.0,207303.0,51755.0,40000.0,29035.0,0.231375925607026,1.0,10965.0,0.1369813041495668,1.0,0.3918962659050052,228623.0,39520.0,0.09260975455465587,0.6798450975316679,35563.0,4437.0,0.6263442010728146,36986.0,0.7945,1.0,0.14036525782905582,seed,,,,,,,,,,,,,,,,,,,,,,,,,,,,,,,,,,,,,,,,,,,,,,,,,,,,,,,,,,,,,,,,
conversation_trace,0.02,4.0,"l1=0.02,l2x4",B,learned,binary,2,next_use,spearman,False,600.0,207303.0,51755.0,40000.0,29035.0,0.231375925607026,1.0,10965.0,0.1369813041495668,1.0,0.4014242834209623,253531.0,39520.0,0.09260975455465587,0.20939852325538338,35560.0,4440.0,0.15126445554988152,36984.0,0.7945,1.0,0.14034465505062396,seed,,,,,,,,,,,,,,,,,,,,,,,,,,,,,,,,,,,,,,,,,,,,,,,,,,,,,,,,,,,,,,,,
conversation_trace,0.02,4.0,"l1=0.02,l2x4",B,learned,binary,3,binary,auc,True,600.0,207172.0,51748.0,40000.0,28860.0,0.2317047817047817,1.0,11140.0,0.13572710951526032,1.0,0.3914267110087533,228827.0,39541.0,0.09279292380061202,0.6745372463246295,35631.0,4369.0,0.6225212776208296,36953.0,0.795025,1.0,0.14059490155855203,seed,,,,,,,,,,,,,,,,,,,,,,,,,,,,,,,,,,,,,,,,,,,,,,,,,,,,,,,,,,,,,,,,
conversation_trace,0.02,4.0,"l1=0.02,l2x4",B,learned,binary,3,next_use,spearman,False,600.0,207172.0,51748.0,40000.0,28860.0,0.2317047817047817,1.0,11140.0,0.13572710951526032,1.0,0.40136228416728315,254132.0,39541.0,0.09279292380061202,0.203607260172539,35630.0,4370.0,0.14693207012352924,36952.0,0.79505,1.0,0.14056694150904803,seed,,,,,,,,,,,,,,,,,,,,,,,,,,,,,,,,,,,,,,,,,,,,,,,,,,,,,,,,,,,,,,,,
conversation_trace,0.02,4.0,"l1=0.02,l2x4",B,learned,binary,4,binary,auc,True,600.0,207308.0,51746.0,40000.0,28893.0,0.2299865019208805,1.0,11107.0,0.13766093454578193,1.0,0.3895958330586141,227505.0,39543.0,0.09242312166502288,0.6763958161832725,35528.0,4472.0,0.6239038674402414,36922.0,0.79565,1.0,0.13953053743471716,seed,,,,,,,,,,,,,,,,,,,,,,,,,,,,,,,,,,,,,,,,,,,,,,,,,,,,,,,,,,,,,,,,
conversation_trace,0.02,4.0,"l1=0.02,l2x4",B,learned,binary,4,next_use,spearman,False,600.0,207308.0,51746.0,40000.0,28893.0,0.2299865019208805,1.0,11107.0,0.13766093454578193,1.0,0.39926147388429095,252530.0,39543.0,0.09242312166502288,0.20579197191182022,35525.0,4475.0,0.1482274775351347,36919.0,0.79565,1.0,0.1395114069308344,seed,,,,,,,,,,,,,,,,,,,,,,,,,,,,,,,,,,,,,,,,,,,,,,,,,,,,,,,,,,,,,,,,
conversation_trace,0.02,4.0,"l1=0.02,l2x4",C_lru,learned,binary,0,binary,auc,True,600.0,188577.0,46371.0,40000.0,1668.0,0.01079136690647482,1.0,38332.0,0.11228216633622039,1.0,0.71729461068559,245059.0,39406.0,0.5408408617976957,0.7009539363118301,38992.0,1008.0,0.703350844626164,39298.0,0.89195,1.0,0.21251946553312748,seed,,,,,,,,,,,,,,,,,,,,,,,,,,,,,,,,,,,,,,,,,,,,,,,,,,,,,,,,,,,,,,,,
conversation_trace,0.02,4.0,"l1=0.02,l2x4",C_lru,learned,binary,0,next_use,spearman,False,600.0,188577.0,46371.0,40000.0,1668.0,0.01079136690647482,1.0,38332.0,0.11228216633622039,1.0,0.6869472400121989,285273.0,39406.0,0.5408408617976957,0.26976406903160527,38992.0,1008.0,0.27526952386333164,39298.0,0.89195,1.0,0.21248561243203623,seed,,,,,,,,,,,,,,,,,,,,,,,,,,,,,,,,,,,,,,,,,,,,,,,,,,,,,,,,,,,,,,,,
conversation_trace,0.02,4.0,"l1=0.02,l2x4",C_lru,learned,binary,1,binary,auc,True,600.0,188487.0,46308.0,40000.0,1632.0,0.011029411764705883,1.0,38368.0,0.11121246872393661,1.0,0.7180393324415152,245192.0,39350.0,0.5424992058449809,0.6991982727654427,38933.0,1067.0,0.701774731705912,39242.0,0.892875,1.0,0.2122263928755428,seed,,,,,,,,,,,,,,,,,,,,,,,,,,,,,,,,,,,,,,,,,,,,,,,,,,,,,,,,,,,,,,,,
conversation_trace,0.02,4.0,"l1=0.02,l2x4",C_lru,learned,binary,1,next_use,spearman,False,600.0,188487.0,46308.0,40000.0,1632.0,0.011029411764705883,1.0,38368.0,0.11121246872393661,1.0,0.6885444124264238,284909.0,39350.0,0.5424992058449809,0.2675915100274922,38933.0,1067.0,0.27357039961761387,39242.0,0.892875,1.0,0.21219989696032973,seed,,,,,,,,,,,,,,,,,,,,,,,,,,,,,,,,,,,,,,,,,,,,,,,,,,,,,,,,,,,,,,,,
conversation_trace,0.02,4.0,"l1=0.02,l2x4",C_lru,learned,binary,2,binary,auc,True,600.0,188488.0,46315.0,40000.0,1661.0,0.012642986152919929,1.0,38339.0,0.11103575993114062,1.0,0.7168642945868201,244736.0,39364.0,0.5410043123158216,0.699452075160848,38967.0,1033.0,0.7019260441955674,39261.0,0.89305,1.0,0.2121337015208342,seed,,,,,,,,,,,,,,,,,,,,,,,,,,,,,,,,,,,,,,,,,,,,,,,,,,,,,,,,,,,,,,,,
conversation_trace,0.02,4.0,"l1=0.02,l2x4",C_lru,learned,binary,2,next_use,spearman,False,600.0,188488.0,46315.0,40000.0,1661.0,0.012642986152919929,1.0,38339.0,0.11103575993114062,1.0,0.6871762567205244,284948.0,39364.0,0.5410043123158216,0.2675664290251143,38966.0,1034.0,0.2733058289820768,39260.0,0.89305,1.0,0.21209984632685866,seed,,,,,,,,,,,,,,,,,,,,,,,,,,,,,,,,,,,,,,,,,,,,,,,,,,,,,,,,,,,,,,,,
conversation_trace,0.02,4.0,"l1=0.02,l2x4",C_lru,learned,binary,3,binary,auc,True,600.0,188480.0,46337.0,40000.0,1651.0,0.008479709267110842,1.0,38349.0,0.1110850348118595,1.0,0.7152833428734974,244580.0,39366.0,0.5415301275212112,0.69964965156093,38935.0,1065.0,0.7019966900978782,39266.0,0.89315,1.0,0.21177391862412898,seed,,,,,,,,,,,,,,,,,,,,,,,,,,,,,,,,,,,,,,,,,,,,,,,,,,,,,,,,,,,,,,,,
conversation_trace,0.02,4.0,"l1=0.02,l2x4",C_lru,learned,binary,3,next_use,spearman,False,600.0,188480.0,46337.0,40000.0,1651.0,0.008479709267110842,1.0,38349.0,0.1110850348118595,1.0,0.685493204996957,284253.0,39366.0,0.5415301275212112,0.26843590818083224,38935.0,1065.0,0.2735905052456642,39266.0,0.89315,1.0,0.211747423332931,seed,,,,,,,,,,,,,,,,,,,,,,,,,,,,,,,,,,,,,,,,,,,,,,,,,,,,,,,,,,,,,,,,
conversation_trace,0.02,4.0,"l1=0.02,l2x4",C_lru,learned,binary,4,binary,auc,True,600.0,188465.0,46373.0,40000.0,1656.0,0.009057971014492754,1.0,38344.0,0.11096912163571876,1.0,0.7186977104844304,245030.0,39399.0,0.5412209066219955,0.6988692739077224,38932.0,1068.0,0.7014801585619639,39267.0,0.89325,1.0,0.2109305430240551,seed,,,,,,,,,,,,,,,,,,,,,,,,,,,,,,,,,,,,,,,,,,,,,,,,,,,,,,,,,,,,,,,,
conversation_trace,0.02,4.0,"l1=0.02,l2x4",C_lru,learned,binary,4,next_use,spearman,False,600.0,188465.0,46373.0,40000.0,1656.0,0.009057971014492754,1.0,38344.0,0.11096912163571876,1.0,0.6882777676223688,284468.0,39399.0,0.5412209066219955,0.2663363004186835,38931.0,1069.0,0.2722221959801036,39266.0,0.89325,1.0,0.2108952176850422,seed,,,,,,,,,,,,,,,,,,,,,,,,,,,,,,,,,,,,,,,,,,,,,,,,,,,,,,,,,,,,,,,,
conversation_trace,0.02,4.0,"l1=0.02,l2x4",C_union,learned,binary,0,binary,auc,True,600.0,186276.0,45785.0,40000.0,861.0,0.006968641114982578,1.0,39139.0,0.09829070747847415,1.0,0.7323927925731814,246135.0,39052.0,0.7499399838676636,0.7003001357691131,39169.0,831.0,0.7045990006726129,39416.0,0.903675,1.0,0.22430240983017502,seed,,,,,,,,,,,,,,,,,,,,,,,,,,,,,,,,,,,,,,,,,,,,,,,,,,,,,,,,,,,,,,,,
conversation_trace,0.02,4.0,"l1=0.02,l2x4",C_union,learned,binary,0,next_use,spearman,False,600.0,186276.0,45785.0,40000.0,861.0,0.006968641114982578,1.0,39139.0,0.09829070747847415,1.0,0.7028227624232757,288370.0,39052.0,0.7499399838676636,0.2787736927587365,39169.0,831.0,0.2868500260439396,39416.0,0.903675,1.0,0.22428326549365882,seed,,,,,,,,,,,,,,,,,,,,,,,,,,,,,,,,,,,,,,,,,,,,,,,,,,,,,,,,,,,,,,,,
conversation_trace,0.02,4.0,"l1=0.02,l2x4",C_union,learned,binary,1,binary,auc,True,600.0,186230.0,45741.0,40000.0,917.0,0.004362050163576881,1.0,39083.0,0.09820126397666505,1.0,0.731613162901888,245964.0,39070.0,0.747703640900947,0.7015726522807161,39198.0,802.0,0.705476436794883,39447.0,0.90395,1.0,0.22515057357857068,seed,,,,,,,,,,,,,,,,,,,,,,,,,,,,,,,,,,,,,,,,,,,,,,,,,,,,,,,,,,,,,,,,
conversation_trace,0.02,4.0,"l1=0.02,l2x4",C_union,learned,binary,1,next_use,spearman,False,600.0,186230.0,45741.0,40000.0,917.0,0.004362050163576881,1.0,39083.0,0.09820126397666505,1.0,0.7026360343607322,288236.0,39070.0,0.747703640900947,0.28041906318261106,39197.0,803.0,0.2881133529897011,39446.0,0.90395,1.0,0.22510639551150838,seed,,,,,,,,,,,,,,,,,,,,,,,,,,,,,,,,,,,,,,,,,,,,,,,,,,,,,,,,,,,,,,,,
conversation_trace,0.02,4.0,"l1=0.02,l2x4",C_union,learned,binary,2,binary,auc,True,600.0,186257.0,45779.0,40000.0,892.0,0.007847533632286996,1.0,39108.0,0.09798506699396543,1.0,0.7309585855588124,245977.0,39067.0,0.748720147439015,0.700020200518094,39165.0,835.0,0.7041531065276911,39424.0,0.904025,1.0,0.22391310430340453,seed,,,,,,,,,,,,,,,,,,,,,,,,,,,,,,,,,,,,,,,,,,,,,,,,,,,,,,,,,,,,,,,,
conversation_trace,0.02,4.0,"l1=0.02,l2x4",C_union,learned,binary,2,next_use,spearman,False,600.0,186257.0,45779.0,40000.0,892.0,0.007847533632286996,1.0,39108.0,0.09798506699396543,1.0,0.7016464335955818,287895.0,39067.0,0.748720147439015,0.2787643436496053,39165.0,835.0,0.28650353399244144,39424.0,0.904025,1.0,0.22389248778102896,seed,,,,,,,,,,,,,,,,,,,,,,,,,,,,,,,,,,,,,,,,,,,,,,,,,,,,,,,,,,,,,,,,
conversation_trace,0.02,4.0,"l1=0.02,l2x4",C_union,learned,binary,3,binary,auc,True,600.0,186270.0,45790.0,40000.0,892.0,0.007847533632286996,1.0,39108.0,0.0981896287204664,1.0,0.7308457488791427,245794.0,39061.0,0.749390376590461,0.7013696125442467,39159.0,841.0,0.7051389644892938,39394.0,0.903825,1.0,0.22458365301497216,seed,,,,,,,,,,,,,,,,,,,,,,,,,,,,,,,,,,,,,,,,,,,,,,,,,,,,,,,,,,,,,,,,
conversation_trace,0.02,4.0,"l1=0.02,l2x4",C_union,learned,binary,3,next_use,spearman,False,600.0,186270.0,45790.0,40000.0,892.0,0.007847533632286996,1.0,39108.0,0.0981896287204664,1.0,0.7023738820873492,287925.0,39061.0,0.749390376590461,0.2802433909644008,39159.0,841.0,0.2878997080006033,39394.0,0.903825,1.0,0.22455567320167114,seed,,,,,,,,,,,,,,,,,,,,,,,,,,,,,,,,,,,,,,,,,,,,,,,,,,,,,,,,,,,,,,,,
conversation_trace,0.02,4.0,"l1=0.02,l2x4",C_union,learned,binary,4,binary,auc,True,600.0,186272.0,45758.0,40000.0,915.0,0.007650273224043716,1.0,39085.0,0.0967890495074837,1.0,0.7332453095818398,245767.0,39059.0,0.7485830730433447,0.7019090346183169,39192.0,808.0,0.7059105035849849,39424.0,0.90525,1.0,0.22404533332155233,seed,,,,,,,,,,,,,,,,,,,,,,,,,,,,,,,,,,,,,,,,,,,,,,,,,,,,,,,,,,,,,,,,
conversation_trace,0.02,4.0,"l1=0.02,l2x4",C_union,learned,binary,4,next_use,spearman,False,600.0,186272.0,45758.0,40000.0,915.0,0.007650273224043716,1.0,39085.0,0.0967890495074837,1.0,0.7039823715722502,287944.0,39059.0,0.7485830730433447,0.2807243646587094,39191.0,809.0,0.28864526040818933,39424.0,0.90525,1.0,0.22401588079975376,seed,,,,,,,,,,,,,,,,,,,,,,,,,,,,,,,,,,,,,,,,,,,,,,,,,,,,,,,,,,,,,,,,
conversation_trace,0.02,4.0,"l1=0.02,l2x4",A_none,learned,next_use,0,binary,auc,False,600.0,186162.0,45542.0,40000.0,9.0,0.0,nan,39991.0,0.09529644169938237,1.0,0.7272486276173152,245194.0,38788.0,0.7760373698050944,0.7007077921560925,39183.0,817.0,0.7043406993768488,39437.0,0.904725,1.0,0.22289138876939485,seed,,,,,,,,,,,,,,,,,,,,,,,,,,,,,,,,,,,,,,,,,,,,,,,,,,,,,,,,,,,,,,,,
conversation_trace,0.02,4.0,"l1=0.02,l2x4",A_none,learned,next_use,0,next_use,spearman,True,600.0,186162.0,45542.0,40000.0,9.0,0.0,nan,39991.0,0.09529644169938237,1.0,0.6991213413932268,286687.0,38788.0,0.7760373698050944,0.2773043641476493,39182.0,818.0,0.2846600961958645,39437.0,0.904775,1.0,0.22285161199078357,seed,,,,,,,,,,,,,,,,,,,,,,,,,,,,,,,,,,,,,,,,,,,,,,,,,,,,,,,,,,,,,,,,
conversation_trace,0.02,4.0,"l1=0.02,l2x4",A_none,learned,next_use,1,binary,auc,False,600.0,186117.0,45580.0,40000.0,7.0,0.0,nan,39993.0,0.09776710924411772,1.0,0.7245051345102813,244814.0,38799.0,0.7754379945359416,0.699730562703067,39206.0,794.0,0.7028215557241733,39445.0,0.90225,1.0,0.22360522039661226,seed,,,,,,,,,,,,,,,,,,,,,,,,,,,,,,,,,,,,,,,,,,,,,,,,,,,,,,,,,,,,,,,,
conversation_trace,0.02,4.0,"l1=0.02,l2x4",A_none,learned,next_use,1,next_use,spearman,True,600.0,186117.0,45580.0,40000.0,7.0,0.0,nan,39993.0,0.09776710924411772,1.0,0.6973185426163931,286486.0,38799.0,0.7754379945359416,0.277402629352771,39206.0,794.0,0.28414130215268196,39445.0,0.90225,1.0,0.2235713370231836,seed,,,,,,,,,,,,,,,,,,,,,,,,,,,,,,,,,,,,,,,,,,,,,,,,,,,,,,,,,,,,,,,,
conversation_trace,0.02,4.0,"l1=0.02,l2x4",A_none,learned,next_use,2,binary,auc,False,600.0,186145.0,45587.0,40000.0,12.0,0.0,nan,39988.0,0.09750425127538262,1.0,0.7249376487114068,244181.0,38798.0,0.7754716737976184,0.6993202671706895,39159.0,841.0,0.7028438330078848,39414.0,0.902525,1.0,0.2231812704221285,seed,,,,,,,,,,,,,,,,,,,,,,,,,,,,,,,,,,,,,,,,,,,,,,,,,,,,,,,,,,,,,,,,
conversation_trace,0.02,4.0,"l1=0.02,l2x4",A_none,learned,next_use,2,next_use,spearman,True,600.0,186145.0,45587.0,40000.0,12.0,0.0,nan,39988.0,0.09750425127538262,1.0,0.6970655946483052,285816.0,38798.0,0.7754716737976184,0.27644761421583575,39157.0,843.0,0.2833694516364796,39413.0,0.90255,1.0,0.22314738699878314,seed,,,,,,,,,,,,,,,,,,,,,,,,,,,,,,,,,,,,,,,,,,,,,,,,,,,,,,,,,,,,,,,,
conversation_trace,0.02,4.0,"l1=0.02,l2x4",A_none,learned,next_use,3,binary,auc,False,600.0,186146.0,45581.0,40000.0,8.0,0.0,nan,39992.0,0.09839467893578716,1.0,0.7252542788284793,244810.0,38797.0,0.7752975423357477,0.6998424445872488,39166.0,834.0,0.7028985139002458,39408.0,0.901625,1.0,0.22359114727967272,seed,,,,,,,,,,,,,,,,,,,,,,,,,,,,,,,,,,,,,,,,,,,,,,,,,,,,,,,,,,,,,,,,
conversation_trace,0.02,4.0,"l1=0.02,l2x4",A_none,learned,next_use,3,next_use,spearman,True,600.0,186146.0,45581.0,40000.0,8.0,0.0,nan,39992.0,0.09839467893578716,1.0,0.6976657020327046,286810.0,38797.0,0.7752975423357477,0.27694815997490146,39165.0,835.0,0.28382111671245486,39407.0,0.90165,1.0,0.22356168338987945,seed,,,,,,,,,,,,,,,,,,,,,,,,,,,,,,,,,,,,,,,,,,,,,,,,,,,,,,,,,,,,,,,,
conversation_trace,0.02,4.0,"l1=0.02,l2x4",A_none,learned,next_use,4,binary,auc,False,600.0,186128.0,45536.0,40000.0,7.0,0.0,nan,39993.0,0.09626684669817218,1.0,0.7264469318882038,245053.0,38807.0,0.7749149637951915,0.7001612762597016,39201.0,799.0,0.7036164574829212,39449.0,0.90375,1.0,0.2231031795488261,seed,,,,,,,,,,,,,,,,,,,,,,,,,,,,,,,,,,,,,,,,,,,,,,,,,,,,,,,,,,,,,,,,
conversation_trace,0.02,4.0,"l1=0.02,l2x4",A_none,learned,next_use,4,next_use,spearman,True,600.0,186128.0,45536.0,40000.0,7.0,0.0,nan,39993.0,0.09626684669817218,1.0,0.6988638542498266,286847.0,38807.0,0.7749149637951915,0.2770386039160302,39201.0,799.0,0.28426999440263134,39449.0,0.9038,1.0,0.22306635022915203,seed,,,,,,,,,,,,,,,,,,,,,,,,,,,,,,,,,,,,,,,,,,,,,,,,,,,,,,,,,,,,,,,,
conversation_trace,0.02,4.0,"l1=0.02,l2x4",B,learned,next_use,0,binary,auc,False,600.0,212233.0,53206.0,40000.0,30564.0,0.24394712733935348,1.0,9436.0,0.17030521407376006,1.0,0.3091281413986566,220483.0,39553.0,0.06441752205900943,0.6353592210883594,33093.0,6907.0,0.5666339451428198,35241.0,0.773425,1.0,0.11562306398470759,seed,,,,,,,,,,,,,,,,,,,,,,,,,,,,,,,,,,,,,,,,,,,,,,,,,,,,,,,,,,,,,,,,
conversation_trace,0.02,4.0,"l1=0.02,l2x4",B,learned,next_use,0,next_use,spearman,True,600.0,212233.0,53206.0,40000.0,30564.0,0.24394712733935348,1.0,9436.0,0.17030521407376006,1.0,0.32437832482787904,240238.0,39553.0,0.06441752205900943,0.14682657261091492,33092.0,6908.0,0.07519129147944424,35240.0,0.773425,1.0,0.1156112915401742,seed,,,,,,,,,,,,,,,,,,,,,,,,,,,,,,,,,,,,,,,,,,,,,,,,,,,,,,,,,,,,,,,,
conversation_trace,0.02,4.0,"l1=0.02,l2x4",B,learned,next_use,1,binary,auc,False,600.0,212275.0,53207.0,40000.0,30661.0,0.24271876324973093,1.0,9339.0,0.17357318770746333,1.0,0.3077655363233327,219019.0,39564.0,0.06491223081589324,0.6339869898543719,32784.0,7216.0,0.5655035781827183,34854.0,0.773425,1.0,0.1143439028553602,seed,,,,,,,,,,,,,,,,,,,,,,,,,,,,,,,,,,,,,,,,,,,,,,,,,,,,,,,,,,,,,,,,
conversation_trace,0.02,4.0,"l1=0.02,l2x4",B,learned,next_use,1,next_use,spearman,True,600.0,212275.0,53207.0,40000.0,30661.0,0.24271876324973093,1.0,9339.0,0.17357318770746333,1.0,0.32289508165153363,238881.0,39564.0,0.06491223081589324,0.14483989225860955,32779.0,7221.0,0.07335944337972274,34850.0,0.773425,1.0,0.11432035834741099,seed,,,,,,,,,,,,,,,,,,,,,,,,,,,,,,,,,,,,,,,,,,,,,,,,,,,,,,,,,,,,,,,,
conversation_trace,0.02,4.0,"l1=0.02,l2x4",B,learned,next_use,2,binary,auc,False,600.0,212423.0,53223.0,40000.0,30628.0,0.242914979757085,1.0,9372.0,0.1740290226205719,1.0,0.3079147205541258,220311.0,39569.0,0.06429196466931184,0.6358455837163702,32989.0,7011.0,0.5668912889969865,35138.0,0.773225,1.0,0.11520537281718266,seed,,,,,,,,,,,,,,,,,,,,,,,,,,,,,,,,,,,,,,,,,,,,,,,,,,,,,,,,,,,,,,,,
conversation_trace,0.02,4.0,"l1=0.02,l2x4",B,learned,next_use,2,next_use,spearman,True,600.0,212423.0,53223.0,40000.0,30628.0,0.242914979757085,1.0,9372.0,0.1740290226205719,1.0,0.3232149253980023,240074.0,39569.0,0.06429196466931184,0.1474059389669354,32989.0,7011.0,0.07543289533856201,35138.0,0.773225,1.0,0.11519360064982363,seed,,,,,,,,,,,,,,,,,,,,,,,,,,,,,,,,,,,,,,,,,,,,,,,,,,,,,,,,,,,,,,,,
conversation_trace,0.02,4.0,"l1=0.02,l2x4",B,learned,next_use,3,binary,auc,False,600.0,212227.0,53234.0,40000.0,30570.0,0.24069349035001636,1.0,9430.0,0.17423117709437963,1.0,0.30685994562321534,219579.0,39564.0,0.06462867126680821,0.6311963667943795,32770.0,7230.0,0.5618680470940196,34960.0,0.774975,1.0,0.1139009717995656,seed,,,,,,,,,,,,,,,,,,,,,,,,,,,,,,,,,,,,,,,,,,,,,,,,,,,,,,,,,,,,,,,,
conversation_trace,0.02,4.0,"l1=0.02,l2x4",B,learned,next_use,3,next_use,spearman,True,600.0,212227.0,53234.0,40000.0,30570.0,0.24069349035001636,1.0,9430.0,0.17423117709437963,1.0,0.321359255789051,239072.0,39564.0,0.06462867126680821,0.14211589372196198,32770.0,7230.0,0.06995231237410912,34960.0,0.775,1.0,0.11388625648209734,seed,,,,,,,,,,,,,,,,,,,,,,,,,,,,,,,,,,,,,,,,,,,,,,,,,,,,,,,,,,,,,,,,
conversation_trace,0.02,4.0,"l1=0.02,l2x4",B,learned,next_use,4,binary,auc,False,600.0,212242.0,53171.0,40000.0,30558.0,0.2412134301983114,1.0,9442.0,0.1773988561745393,1.0,0.30790031260066514,220409.0,39545.0,0.06427250600581616,0.6309999839442523,32818.0,7182.0,0.5624148746739135,35016.0,0.77385,1.0,0.11490776916907637,seed,,,,,,,,,,,,,,,,,,,,,,,,,,,,,,,,,,,,,,,,,,,,,,,,,,,,,,,,,,,,,,,,
conversation_trace,0.02,4.0,"l1=0.02,l2x4",B,learned,next_use,4,next_use,spearman,True,600.0,212242.0,53171.0,40000.0,30558.0,0.2412134301983114,1.0,9442.0,0.1773988561745393,1.0,0.3226922003889187,240153.0,39545.0,0.06427250600581616,0.14235450070325087,32816.0,7184.0,0.07070114323700029,35015.0,0.77385,1.0,0.11488569557571611,seed,,,,,,,,,,,,,,,,,,,,,,,,,,,,,,,,,,,,,,,,,,,,,,,,,,,,,,,,,,,,,,,,
conversation_trace,0.02,4.0,"l1=0.02,l2x4",C_lru,learned,next_use,0,binary,auc,False,600.0,185927.0,45545.0,40000.0,619.0,0.004846526655896607,1.0,39381.0,0.0940809019577969,1.0,0.7309412326030875,247314.0,38977.0,0.6802417130615491,0.697764569184649,39272.0,728.0,0.7017098484372144,39498.0,0.9073,1.0,0.22686040911547814,seed,,,,,,,,,,,,,,,,,,,,,,,,,,,,,,,,,,,,,,,,,,,,,,,,,,,,,,,,,,,,,,,,
conversation_trace,0.02,4.0,"l1=0.02,l2x4",C_lru,learned,next_use,0,next_use,spearman,True,600.0,185927.0,45545.0,40000.0,619.0,0.004846526655896607,1.0,39381.0,0.0940809019577969,1.0,0.700497659895643,290158.0,38977.0,0.6802417130615491,0.2750909667455234,39272.0,728.0,0.28306580024275596,39498.0,0.9073,1.0,0.2268265346248842,seed,,,,,,,,,,,,,,,,,,,,,,,,,,,,,,,,,,,,,,,,,,,,,,,,,,,,,,,,,,,,,,,,
conversation_trace,0.02,4.0,"l1=0.02,l2x4",C_lru,learned,next_use,1,binary,auc,False,600.0,185855.0,45499.0,40000.0,625.0,0.008,1.0,39375.0,0.09516190476190477,1.0,0.7299642799155707,246360.0,39003.0,0.6796744801681922,0.6976826172285725,39208.0,792.0,0.7018127605646143,39447.0,0.9062,1.0,0.2266882473273314,seed,,,,,,,,,,,,,,,,,,,,,,,,,,,,,,,,,,,,,,,,,,,,,,,,,,,,,,,,,,,,,,,,
conversation_trace,0.02,4.0,"l1=0.02,l2x4",C_lru,learned,next_use,1,next_use,spearman,True,600.0,185855.0,45499.0,40000.0,625.0,0.008,1.0,39375.0,0.09516190476190477,1.0,0.7003206571046672,288782.0,39003.0,0.6796744801681922,0.2744683392204548,39208.0,792.0,0.28245619518974036,39447.0,0.9062,1.0,0.22666468336664197,seed,,,,,,,,,,,,,,,,,,,,,,,,,,,,,,,,,,,,,,,,,,,,,,,,,,,,,,,,,,,,,,,,
conversation_trace,0.02,4.0,"l1=0.02,l2x4",C_lru,learned,next_use,2,binary,auc,False,600.0,185897.0,45505.0,40000.0,609.0,0.003284072249589491,1.0,39391.0,0.09453936178314844,1.0,0.7295100240772417,246706.0,38963.0,0.6800746862407926,0.6972426988136421,39232.0,768.0,0.7012231141814221,39459.0,0.90685,1.0,0.22681059203520662,seed,,,,,,,,,,,,,,,,,,,,,,,,,,,,,,,,,,,,,,,,,,,,,,,,,,,,,,,,,,,,,,,,
conversation_trace,0.02,4.0,"l1=0.02,l2x4",C_lru,learned,next_use,2,next_use,spearman,True,600.0,185897.0,45505.0,40000.0,609.0,0.003284072249589491,1.0,39391.0,0.09453936178314844,1.0,0.7000466152172787,289605.0,38963.0,0.6800746862407926,0.2748080118789024,39231.0,769.0,0.2826635128547305,39459.0,0.906875,1.0,0.22676787984028585,seed,,,,,,,,,,,,,,,,,,,,,,,,,,,,,,,,,,,,,,,,,,,,,,,,,,,,,,,,,,,,,,,,
conversation_trace,0.02,4.0,"l1=0.02,l2x4",C_lru,learned,next_use,3,binary,auc,False,600.0,185920.0,45535.0,40000.0,638.0,0.004702194357366771,1.0,39362.0,0.09539657537726741,1.0,0.7298749032495978,246769.0,38955.0,0.6807815107174946,0.6991638832308054,39220.0,780.0,0.7032702372968532,39450.0,0.90605,1.0,0.22652016702137845,seed,,,,,,,,,,,,,,,,,,,,,,,,,,,,,,,,,,,,,,,,,,,,,,,,,,,,,,,,,,,,,,,,
conversation_trace,0.02,4.0,"l1=0.02,l2x4",C_lru,learned,next_use,3,next_use,spearman,True,600.0,185920.0,45535.0,40000.0,638.0,0.004702194357366771,1.0,39362.0,0.09539657537726741,1.0,0.7000894914879429,289413.0,38955.0,0.6807815107174946,0.27629287928471485,39220.0,780.0,0.28422674693715977,39450.0,0.90605,1.0,0.226505438504761,seed,,,,,,,,,,,,,,,,,,,,,,,,,,,,,,,,,,,,,,,,,,,,,,,,,,,,,,,,,,,,,,,,
conversation_trace,0.02,4.0,"l1=0.02,l2x4",C_lru,learned,next_use,4,binary,auc,False,600.0,185857.0,45507.0,40000.0,580.0,0.005172413793103448,1.0,39420.0,0.09525621511922881,1.0,0.730814304773259,246603.0,38962.0,0.6797512640521534,0.6978646546841295,39222.0,778.0,0.7018860703540314,39456.0,0.90605,1.0,0.22698030228495852,seed,,,,,,,,,,,,,,,,,,,,,,,,,,,,,,,,,,,,,,,,,,,,,,,,,,,,,,,,,,,,,,,,
conversation_trace,0.02,4.0,"l1=0.02,l2x4",C_lru,learned,next_use,4,next_use,spearman,True,600.0,185857.0,45507.0,40000.0,580.0,0.005172413793103448,1.0,39420.0,0.09525621511922881,1.0,0.700753165540949,289445.0,38962.0,0.6797512640521534,0.2755209987524635,39220.0,780.0,0.28342453706506116,39454.0,0.90605,1.0,0.2269464270459908,seed,,,,,,,,,,,,,,,,,,,,,,,,,,,,,,,,,,,,,,,,,,,,,,,,,,,,,,,,,,,,,,,,
conversation_trace,0.02,4.0,"l1=0.02,l2x4",C_union,learned,next_use,0,binary,auc,False,600.0,186091.0,45626.0,40000.0,71.0,0.0,nan,39929.0,0.09652132535250069,1.0,0.7375864531265939,245075.0,38800.0,0.7162338917525773,0.7103717793205371,39173.0,827.0,0.7139722503892394,39430.0,0.90365,1.0,0.22462728344136712,seed,,,,,,,,,,,,,,,,,,,,,,,,,,,,,,,,,,,,,,,,,,,,,,,,,,,,,,,,,,,,,,,,
conversation_trace,0.02,4.0,"l1=0.02,l2x4",C_union,learned,next_use,0,next_use,spearman,True,600.0,186091.0,45626.0,40000.0,71.0,0.0,nan,39929.0,0.09652132535250069,1.0,0.7063973955900703,286898.0,38800.0,0.7162338917525773,0.2914427307068076,39172.0,828.0,0.29864863986866286,39430.0,0.90365,1.0,0.22459192692987626,seed,,,,,,,,,,,,,,,,,,,,,,,,,,,,,,,,,,,,,,,,,,,,,,,,,,,,,,,,,,,,,,,,
conversation_trace,0.02,4.0,"l1=0.02,l2x4",C_union,learned,next_use,1,binary,auc,False,600.0,186076.0,45616.0,40000.0,70.0,0.0,nan,39930.0,0.09486601552717255,1.0,0.7386294934640523,244800.0,38778.0,0.7167272680385786,0.7116576146695516,39248.0,752.0,0.7150244832816747,39474.0,0.9053,1.0,0.2251325175536037,seed,,,,,,,,,,,,,,,,,,,,,,,,,,,,,,,,,,,,,,,,,,,,,,,,,,,,,,,,,,,,,,,,
conversation_trace,0.02,4.0,"l1=0.02,l2x4",C_union,learned,next_use,1,next_use,spearman,True,600.0,186076.0,45616.0,40000.0,70.0,0.0,nan,39930.0,0.09486601552717255,1.0,0.707473984289508,286942.0,38778.0,0.7167272680385786,0.2929131883809664,39248.0,752.0,0.30011896148865747,39474.0,0.9053,1.0,0.22510747254625224,seed,,,,,,,,,,,,,,,,,,,,,,,,,,,,,,,,,,,,,,,,,,,,,,,,,,,,,,,,,,,,,,,,
conversation_trace,0.02,4.0,"l1=0.02,l2x4",C_union,learned,next_use,2,binary,auc,False,600.0,186036.0,45587.0,40000.0,63.0,0.0,nan,39937.0,0.09587600470741418,1.0,0.7374171683973134,244321.0,38784.0,0.7167710911716172,0.7095862106289674,39181.0,819.0,0.7132095059342763,39418.0,0.904275,1.0,0.22480789175938148,seed,,,,,,,,,,,,,,,,,,,,,,,,,,,,,,,,,,,,,,,,,,,,,,,,,,,,,,,,,,,,,,,,
conversation_trace,0.02,4.0,"l1=0.02,l2x4",C_union,learned,next_use,2,next_use,spearman,True,600.0,186036.0,45587.0,40000.0,63.0,0.0,nan,39937.0,0.09587600470741418,1.0,0.705813231797039,286794.0,38784.0,0.7167710911716172,0.29054096293926274,39181.0,819.0,0.2977351283443604,39418.0,0.904275,1.0,0.2247784273052989,seed,,,,,,,,,,,,,,,,,,,,,,,,,,,,,,,,,,,,,,,,,,,,,,,,,,,,,,,,,,,,,,,,
conversation_trace,0.02,4.0,"l1=0.02,l2x4",C_union,learned,next_use,3,binary,auc,False,600.0,186120.0,45620.0,40000.0,69.0,0.0,nan,39931.0,0.09634118855024917,1.0,0.7375801690950435,244951.0,38789.0,0.7169928974709325,0.7085477479461795,39210.0,790.0,0.7123230242279257,39442.0,0.903825,1.0,0.22546034187354244,seed,,,,,,,,,,,,,,,,,,,,,,,,,,,,,,,,,,,,,,,,,,,,,,,,,,,,,,,,,,,,,,,,
conversation_trace,0.02,4.0,"l1=0.02,l2x4",C_union,learned,next_use,3,next_use,spearman,True,600.0,186120.0,45620.0,40000.0,69.0,0.0,nan,39931.0,0.09634118855024917,1.0,0.7063465261046973,287228.0,38789.0,0.7169928974709325,0.28969158239214676,39208.0,792.0,0.2971678070500785,39440.0,0.903825,1.0,0.22542203836538305,seed,,,,,,,,,,,,,,,,,,,,,,,,,,,,,,,,,,,,,,,,,,,,,,,,,,,,,,,,,,,,,,,,
conversation_trace,0.02,4.0,"l1=0.02,l2x4",C_union,learned,next_use,4,binary,auc,False,600.0,186072.0,45578.0,40000.0,53.0,0.0,nan,39947.0,0.09525120785040178,1.0,0.7375697465721925,245711.0,38797.0,0.7157737711678738,0.7088920126669581,39198.0,802.0,0.7126638623210466,39439.0,0.904875,1.0,0.2254120156688966,seed,,,,,,,,,,,,,,,,,,,,,,,,,,,,,,,,,,,,,,,,,,,,,,,,,,,,,,,,,,,,,,,,
conversation_trace,0.02,4.0,"l1=0.02,l2x4",C_union,learned,next_use,4,next_use,spearman,True,600.0,186072.0,45578.0,40000.0,53.0,0.0,nan,39947.0,0.09525120785040178,1.0,0.7064646478672771,288059.0,38797.0,0.7157737711678738,0.28983082399142407,39198.0,802.0,0.29737900191411387,39439.0,0.904875,1.0,0.22537223941767567,seed,,,,,,,,,,,,,,,,,,,,,,,,,,,,,,,,,,,,,,,,,,,,,,,,,,,,,,,,,,,,,,,,
toolagent_trace,0.0025,1.0,"l1=0.0025,l2x1",lfu_s,sampled,,0,binary,auc,False,600.0,264333.0,60900.0,40000.0,34812.0,0.28559117545673907,0.8882518607925971,5188.0,0.4680030840400925,0.8867380560131796,0.9016388291758201,381919.0,39175.0,0.030622208040842373,0.3469481390425572,36057.0,3943.0,0.4895447382856823,38614.0,0.7254,1.0,0.7835800787720396,seed,,,,,,,,,,,,,,,,,,,,,,,,,,,,,,,,,,,,,,,,,,,,,,,,,,,,,,,,,,,,,,,,
toolagent_trace,0.0025,1.0,"l1=0.0025,l2x1",lfu_s,sampled,,0,next_use,spearman,False,600.0,264333.0,60900.0,40000.0,34812.0,0.28559117545673907,0.8882518607925971,5188.0,0.4680030840400925,0.8867380560131796,0.7678045168592175,544272.0,39175.0,0.030622208040842373,-0.08289617489509268,40000.0,0.0,0.006496914568897808,40000.0,0.693325,1.0,0.7750064416387529,seed,,,,,,,,,,,,,,,,,,,,,,,,,,,,,,,,,,,,,,,,,,,,,,,,,,,,,,,,,,,,,,,,
toolagent_trace,0.0025,1.0,"l1=0.0025,l2x1",lfu_s,sampled,,1,binary,auc,False,600.0,264328.0,60887.0,40000.0,34717.0,0.29170147190137397,0.885059741285672,5283.0,0.4533409047889457,0.8956158663883089,0.9003468537670853,378834.0,39120.0,0.030833013803680982,0.34485972331531306,36053.0,3947.0,0.48711205386051826,38586.0,0.7223,1.0,0.7839041701024856,seed,,,,,,,,,,,,,,,,,,,,,,,,,,,,,,,,,,,,,,,,,,,,,,,,,,,,,,,,,,,,,,,,
toolagent_trace,0.0025,1.0,"l1=0.0025,l2x1",lfu_s,sampled,,1,next_use,spearman,False,600.0,264328.0,60887.0,40000.0,34717.0,0.29170147190137397,0.885059741285672,5283.0,0.4533409047889457,0.8956158663883089,0.7655784304171716,543877.0,39120.0,0.030833013803680982,-0.09481760991171871,40000.0,0.0,-0.004390424349865396,40000.0,0.68985,1.0,0.7750957120980092,seed,,,,,,,,,,,,,,,,,,,,,,,,,,,,,,,,,,,,,,,,,,,,,,,,,,,,,,,,,,,,,,,,
toolagent_trace,0.0025,1.0,"l1=0.0025,l2x1",lfu_s,sampled,,2,binary,auc,False,600.0,264327.0,60884.0,40000.0,34882.0,0.2869674903961929,0.8904095904095904,5118.0,0.4654161781946073,0.8900083963056256,0.9017057675299732,382174.0,39199.0,0.03031407051200286,0.33902398357591096,36007.0,3993.0,0.48539735112020704,38641.0,0.724175,1.0,0.7846654662330186,seed,,,,,,,,,,,,,,,,,,,,,,,,,,,,,,,,,,,,,,,,,,,,,,,,,,,,,,,,,,,,,,,,
toolagent_trace,0.0025,1.0,"l1=0.0025,l2x1",lfu_s,sampled,,2,next_use,spearman,False,600.0,264327.0,60884.0,40000.0,34882.0,0.2869674903961929,0.8904095904095904,5118.0,0.4654161781946073,0.8900083963056256,0.7686022846036781,545390.0,39199.0,0.03031407051200286,-0.09175024718611524,40000.0,0.0,-0.0008702994648945947,40000.0,0.692975,1.0,0.7763497885008664,seed,,,,,,,,,,,,,,,,,,,,,,,,,,,,,,,,,,,,,,,,,,,,,,,,,,,,,,,,,,,,,,,,
toolagent_trace,0.0025,1.0,"l1=0.0025,l2x1",lfu_s,sampled,,3,binary,auc,False,600.0,264343.0,60888.0,40000.0,34747.0,0.2870751431778283,0.889624060150376,5253.0,0.4627831715210356,0.893048128342246,0.9006300880131259,381534.0,39126.0,0.03068451924551449,0.3475867300596961,35927.0,4073.0,0.4916063462521948,38639.0,0.723875,1.0,0.7831300818993825,seed,,,,,,,,,,,,,,,,,,,,,,,,,,,,,,,,,,,,,,,,,,,,,,,,,,,,,,,,,,,,,,,,
toolagent_trace,0.0025,1.0,"l1=0.0025,l2x1",lfu_s,sampled,,3,next_use,spearman,False,600.0,264343.0,60888.0,40000.0,34747.0,0.2870751431778283,0.889624060150376,5253.0,0.4627831715210356,0.893048128342246,0.7676714737047294,543786.0,39126.0,0.03068451924551449,-0.08562585310618673,40000.0,0.0,0.003920395710398043,40000.0,0.69245,1.0,0.7746750971101092,seed,,,,,,,,,,,,,,,,,,,,,,,,,,,,,,,,,,,,,,,,,,,,,,,,,,,,,,,,,,,,,,,,
toolagent_trace,0.0025,1.0,"l1=0.0025,l2x1",lfu_s,sampled,,4,binary,auc,False,600.0,264346.0,60894.0,40000.0,34870.0,0.29096644680240896,0.887739010447467,5130.0,0.4619883040935672,0.8936708860759494,0.9004435398202234,381251.0,39192.0,0.03036732624004899,0.3408570941252977,36061.0,3939.0,0.4852075704699121,38609.0,0.721875,1.0,0.7845925747064159,seed,,,,,,,,,,,,,,,,,,,,,,,,,,,,,,,,,,,,,,,,,,,,,,,,,,,,,,,,,,,,,,,,
toolagent_trace,0.0025,1.0,"l1=0.0025,l2x1",lfu_s,sampled,,4,next_use,spearman,False,600.0,264346.0,60894.0,40000.0,34870.0,0.29096644680240896,0.887739010447467,5130.0,0.4619883040935672,0.8936708860759494,0.7664354185377298,545590.0,39192.0,0.03036732624004899,-0.0915933349081043,40000.0,0.0,-0.0013695542276640595,40000.0,0.689875,1.0,0.7759911777523881,seed,,,,,,,,,,,,,,,,,,,,,,,,,,,,,,,,,,,,,,,,,,,,,,,,,,,,,,,,,,,,,,,,
toolagent_trace,0.0025,1.0,"l1=0.0025,l2x1",lru_2hit_s,sampled,,0,binary,auc,False,600.0,84981.0,20383.0,20383.0,2.0,0.0,nan,20381.0,0.5595898140424905,0.9931608943445857,0.5068226313603734,151701.0,20349.0,0.9230413656690747,0.5012039856821856,20258.0,125.0,0.5019980403337084,20300.0,0.4442918118039543,1.0,0.5613590512501552,seed,,,,,,,,,,,,,,,,,,,,,,,,,,,,,,,,,,,,,,,,,,,,,,,,,,,,,,,,,,,,,,,,
toolagent_trace,0.0025,1.0,"l1=0.0025,l2x1",lru_2hit_s,sampled,,0,next_use,spearman,False,600.0,84981.0,20383.0,20383.0,2.0,0.0,nan,20381.0,0.5595898140424905,0.9931608943445857,0.4987472975976401,247465.0,20349.0,0.9230413656690747,-0.010071702249480544,20368.0,15.0,-0.008642568708752262,20376.0,0.440661335426581,1.0,0.560236321602877,seed,,,,,,,,,,,,,,,,,,,,,,,,,,,,,,,,,,,,,,,,,,,,,,,,,,,,,,,,,,,,,,,,
toolagent_trace,0.0025,1.0,"l1=0.0025,l2x1",lru_2hit_s,sampled,,1,binary,auc,False,600.0,84996.0,20394.0,20394.0,0.0,nan,nan,20394.0,0.5599195841914288,0.9925562658726683,0.5061420282210207,151660.0,20362.0,0.9229554439642471,0.50215047603653,20270.0,124.0,0.5029618391429916,20303.0,0.4442483083259782,1.0,0.5625155048375093,seed,,,,,,,,,,,,,,,,,,,,,,,,,,,,,,,,,,,,,,,,,,,,,,,,,,,,,,,,,,,,,,,,
toolagent_trace,0.0025,1.0,"l1=0.0025,l2x1",lru_2hit_s,sampled,,1,next_use,spearman,False,600.0,84996.0,20394.0,20394.0,0.0,nan,nan,20394.0,0.5599195841914288,0.9925562658726683,0.49798633861018987,247559.0,20362.0,0.9229554439642471,-0.010054397977568718,20385.0,9.0,-0.00875993644042244,20388.0,0.4403746199862705,1.0,0.5611972330716021,seed,,,,,,,,,,,,,,,,,,,,,,,,,,,,,,,,,,,,,,,,,,,,,,,,,,,,,,,,,,,,,,,,
toolagent_trace,0.0025,1.0,"l1=0.0025,l2x1",lru_2hit_s,sampled,,2,binary,auc,False,600.0,84979.0,20388.0,20388.0,1.0,1.0,1.0,20387.0,0.5597684799136705,0.993515597616544,0.5064651902283268,151581.0,20354.0,0.9230710179817235,0.5012589300545418,20273.0,115.0,0.5019746067957583,20307.0,0.443839513439278,1.0,0.561706130504787,seed,,,,,,,,,,,,,,,,,,,,,,,,,,,,,,,,,,,,,,,,,,,,,,,,,,,,,,,,,,,,,,,,
toolagent_trace,0.0025,1.0,"l1=0.0025,l2x1",lru_2hit_s,sampled,,2,next_use,spearman,False,600.0,84979.0,20388.0,20388.0,1.0,1.0,1.0,20387.0,0.5597684799136705,0.993515597616544,0.49788977511147403,247367.0,20354.0,0.9230710179817235,-0.010922997974401783,20371.0,17.0,-0.009858706390295026,20380.0,0.44050421816754953,1.0,0.5605577068461055,seed,,,,,,,,,,,,,,,,,,,,,,,,,,,,,,,,,,,,,,,,,,,,,,,,,,,,,,,,,,,,,,,,
toolagent_trace,0.0025,1.0,"l1=0.0025,l2x1",lru_2hit_s,sampled,,3,binary,auc,False,600.0,84991.0,20384.0,20384.0,2.0,0.5,1.0,20382.0,0.5595623589441664,0.9941253836036826,0.5041575709466164,151170.0,20351.0,0.9228017050759176,0.5004871651469285,20280.0,104.0,0.5012222385674039,20314.0,0.44373037676609106,1.0,0.5638926968643126,seed,,,,,,,,,,,,,,,,,,,,,,,,,,,,,,,,,,,,,,,,,,,,,,,,,,,,,,,,,,,,,,,,
toolagent_trace,0.0025,1.0,"l1=0.0025,l2x1",lru_2hit_s,sampled,,3,next_use,spearman,False,600.0,84991.0,20384.0,20384.0,2.0,0.5,1.0,20382.0,0.5595623589441664,0.9941253836036826,0.4976542800801707,247472.0,20351.0,0.9228017050759176,-0.00848493172946649,20372.0,12.0,-0.007722468602596686,20379.0,0.44063971742543173,1.0,0.5627440511407091,seed,,,,,,,,,,,,,,,,,,,,,,,,,,,,,,,,,,,,,,,,,,,,,,,,,,,,,,,,,,,,,,,,
toolagent_trace,0.0025,1.0,"l1=0.0025,l2x1",lru_2hit_s,sampled,,4,binary,auc,False,600.0,84984.0,20387.0,20387.0,2.0,0.5,1.0,20385.0,0.5598233995584989,0.9926393270241851,0.5057115753275756,151797.0,20354.0,0.9226917927680063,0.49973114914507666,20254.0,133.0,0.500891423105451,20297.0,0.4443027419433953,1.0,0.5624419269014792,seed,,,,,,,,,,,,,,,,,,,,,,,,,,,,,,,,,,,,,,,,,,,,,,,,,,,,,,,,,,,,,,,,
toolagent_trace,0.0025,1.0,"l1=0.0025,l2x1",lru_2hit_s,sampled,,4,next_use,spearman,False,600.0,84984.0,20387.0,20387.0,2.0,0.5,1.0,20385.0,0.5598233995584989,0.9926393270241851,0.49870162387881284,247617.0,20354.0,0.9226917927680063,-0.010888898561140952,20364.0,23.0,-0.009517487308082457,20379.0,0.44072202874380734,1.0,0.5610827999746065,seed,,,,,,,,,,,,,,,,,,,,,,,,,,,,,,,,,,,,,,,,,,,,,,,,,,,,,,,,,,,,,,,,
toolagent_trace,0.0025,1.0,"l1=0.0025,l2x1",lru_s,sampled,,0,binary,auc,False,600.0,269246.0,61846.0,40000.0,916.0,0.16593886462882096,1.0,39084.0,0.32417357486439463,0.9999210734017364,0.5094487444980749,254002.0,37943.0,0.8366628890704477,0.48519741315678516,39254.0,746.0,0.488129478405133,39413.0,0.679475,1.0,0.31601329315296417,seed,,,,,,,,,,,,,,,,,,,,,,,,,,,,,,,,,,,,,,,,,,,,,,,,,,,,,,,,,,,,,,,,
toolagent_trace,0.0025,1.0,"l1=0.0025,l2x1",lru_s,sampled,,0,next_use,spearman,False,600.0,269246.0,61846.0,40000.0,916.0,0.16593886462882096,1.0,39084.0,0.32417357486439463,0.9999210734017364,0.5045767465578787,313760.0,37943.0,0.8366628890704477,-0.029749987611100745,38086.0,1914.0,-0.024562327890616086,38499.0,0.680175,1.0,0.3155870036271486,seed,,,,,,,,,,,,,,,,,,,,,,,,,,,,,,,,,,,,,,,,,,,,,,,,,,,,,,,,,,,,,,,,
toolagent_trace,0.0025,1.0,"l1=0.0025,l2x1",lru_s,sampled,,1,binary,auc,False,600.0,269253.0,61843.0,40000.0,937.0,0.17395944503735325,1.0,39063.0,0.32393825359035405,1.0,0.5128398821256723,254169.0,38013.0,0.836290380922316,0.48331469060963317,39271.0,729.0,0.4867038986017998,39422.0,0.679575,1.0,0.31570928581015406,seed,,,,,,,,,,,,,,,,,,,,,,,,,,,,,,,,,,,,,,,,,,,,,,,,,,,,,,,,,,,,,,,,
toolagent_trace,0.0025,1.0,"l1=0.0025,l2x1",lru_s,sampled,,1,next_use,spearman,False,600.0,269253.0,61843.0,40000.0,937.0,0.17395944503735325,1.0,39063.0,0.32393825359035405,1.0,0.5069722383064286,314318.0,38013.0,0.836290380922316,-0.032562695180143424,38081.0,1919.0,-0.026645890537724863,38486.0,0.680325,1.0,0.3152446929483653,seed,,,,,,,,,,,,,,,,,,,,,,,,,,,,,,,,,,,,,,,,,,,,,,,,,,,,,,,,,,,,,,,,
toolagent_trace,0.0025,1.0,"l1=0.0025,l2x1",lru_s,sampled,,2,binary,auc,False,600.0,269285.0,61850.0,40000.0,943.0,0.1792152704135737,1.0,39057.0,0.32334792738817625,0.9998416343336765,0.5121679324362651,253864.0,37987.0,0.8369952220496486,0.48405263885579564,39273.0,727.0,0.4872444558885573,39395.0,0.6801,1.0,0.31507831271101067,seed,,,,,,,,,,,,,,,,,,,,,,,,,,,,,,,,,,,,,,,,,,,,,,,,,,,,,,,,,,,,,,,,
toolagent_trace,0.0025,1.0,"l1=0.0025,l2x1",lru_s,sampled,,2,next_use,spearman,False,600.0,269285.0,61850.0,40000.0,943.0,0.1792152704135737,1.0,39057.0,0.32334792738817625,0.9998416343336765,0.5073217327623263,314065.0,37987.0,0.8369952220496486,-0.031032211352032085,38098.0,1902.0,-0.025115006750519687,38478.0,0.680925,1.0,0.3146151769871694,seed,,,,,,,,,,,,,,,,,,,,,,,,,,,,,,,,,,,,,,,,,,,,,,,,,,,,,,,,,,,,,,,,
toolagent_trace,0.0025,1.0,"l1=0.0025,l2x1",lru_s,sampled,,3,binary,auc,False,600.0,269254.0,61843.0,40000.0,964.0,0.18464730290456433,1.0,39036.0,0.32518700686545754,1.0,0.5102176398691006,253630.0,37962.0,0.8359683696854749,0.4858598644728768,39228.0,772.0,0.48863692087388616,39371.0,0.6782,1.0,0.31535543290036905,seed,,,,,,,,,,,,,,,,,,,,,,,,,,,,,,,,,,,,,,,,,,,,,,,,,,,,,,,,,,,,,,,,
toolagent_trace,0.0025,1.0,"l1=0.0025,l2x1",lru_s,sampled,,3,next_use,spearman,False,600.0,269254.0,61843.0,40000.0,964.0,0.18464730290456433,1.0,39036.0,0.32518700686545754,1.0,0.5056265813293855,313423.0,37962.0,0.8359683696854749,-0.02841041690733206,38021.0,1979.0,-0.023353991231219808,38419.0,0.679025,1.0,0.31494833043739917,seed,,,,,,,,,,,,,,,,,,,,,,,,,,,,,,,,,,,,,,,,,,,,,,,,,,,,,,,,,,,,,,,,
toolagent_trace,0.0025,1.0,"l1=0.0025,l2x1",lru_s,sampled,,4,binary,auc,False,600.0,269272.0,61849.0,40000.0,949.0,0.1780821917808219,1.0,39051.0,0.32531817367032856,0.9999212846347607,0.513764068164909,254031.0,37972.0,0.8363193603181291,0.4859377323307709,39218.0,782.0,0.4892719474060522,39368.0,0.6782,1.0,0.31439498976358904,seed,,,,,,,,,,,,,,,,,,,,,,,,,,,,,,,,,,,,,,,,,,,,,,,,,,,,,,,,,,,,,,,,
toolagent_trace,0.0025,1.0,"l1=0.0025,l2x1",lru_s,sampled,,4,next_use,spearman,False,600.0,269272.0,61849.0,40000.0,949.0,0.1780821917808219,1.0,39051.0,0.32531817367032856,0.9999212846347607,0.5075962074735081,313775.0,37972.0,0.8363193603181291,-0.02761092574062575,38041.0,1959.0,-0.021987995649597636,38434.0,0.679125,1.0,0.31392594384428857,seed,,,,,,,,,,,,,,,,,,,,,,,,,,,,,,,,,,,,,,,,,,,,,,,,,,,,,,,,,,,,,,,,
toolagent_trace,0.0025,1.0,"l1=0.0025,l2x1",A_none,learned,binary,0,binary,auc,True,600.0,263438.0,60529.0,40000.0,30922.0,0.2729124894896837,0.9960895840739424,9078.0,0.42696629213483145,0.9948400412796697,0.8177565950534239,349656.0,39113.0,0.053697779510648636,0.5386282991436736,39843.0,157.0,0.5807617718074073,39947.0,0.69345,1.0,0.6536644122553978,seed,,,,,,,,,,,,,,,,,,,,,,,,,,,,,,,,,,,,,,,,,,,,,,,,,,,,,,,,,,,,,,,,
toolagent_trace,0.0025,1.0,"l1=0.0025,l2x1",A_none,learned,binary,0,next_use,spearman,False,600.0,263438.0,60529.0,40000.0,30922.0,0.2729124894896837,0.9960895840739424,9078.0,0.42696629213483145,0.9948400412796697,0.7619421899884942,484103.0,39113.0,0.053697779510648636,0.06341463030078627,40000.0,0.0,0.1245529468066442,40000.0,0.69295,1.0,0.6533492953308212,seed,,,,,,,,,,,,,,,,,,,,,,,,,,,,,,,,,,,,,,,,,,,,,,,,,,,,,,,,,,,,,,,,
toolagent_trace,0.0025,1.0,"l1=0.0025,l2x1",A_none,learned,binary,1,binary,auc,True,600.0,263464.0,60518.0,40000.0,31052.0,0.272220790931341,0.9963326629598959,8948.0,0.4209879302637461,0.9944252720998141,0.819355187894533,351048.0,39144.0,0.05355705855303495,0.5386951801715474,39844.0,156.0,0.5813885340146041,39948.0,0.6958,1.0,0.6529763938133886,seed,,,,,,,,,,,,,,,,,,,,,,,,,,,,,,,,,,,,,,,,,,,,,,,,,,,,,,,,,,,,,,,,
toolagent_trace,0.0025,1.0,"l1=0.0025,l2x1",A_none,learned,binary,1,next_use,spearman,False,600.0,263464.0,60518.0,40000.0,31052.0,0.272220790931341,0.9963326629598959,8948.0,0.4209879302637461,0.9944252720998141,0.7640112201383706,483773.0,39144.0,0.05355705855303495,0.06011098521563984,40000.0,0.0,0.12208696656303443,40000.0,0.695325,1.0,0.6526509841800855,seed,,,,,,,,,,,,,,,,,,,,,,,,,,,,,,,,,,,,,,,,,,,,,,,,,,,,,,,,,,,,,,,,
toolagent_trace,0.0025,1.0,"l1=0.0025,l2x1",A_none,learned,binary,2,binary,auc,True,600.0,263465.0,60516.0,40000.0,31065.0,0.2697891517785289,0.996062522372032,8935.0,0.429770565193061,0.9958333333333333,0.8212952905523102,350763.0,39129.0,0.053997674359170945,0.5370854842998752,39860.0,140.0,0.579850507835649,39951.0,0.6957,1.0,0.6558857006548093,seed,,,,,,,,,,,,,,,,,,,,,,,,,,,,,,,,,,,,,,,,,,,,,,,,,,,,,,,,,,,,,,,,
toolagent_trace,0.0025,1.0,"l1=0.0025,l2x1",A_none,learned,binary,2,next_use,spearman,False,600.0,263465.0,60516.0,40000.0,31065.0,0.2697891517785289,0.996062522372032,8935.0,0.429770565193061,0.9958333333333333,0.7643876806064831,484894.0,39129.0,0.053997674359170945,0.05599444699465646,40000.0,0.0,0.11878744705054096,40000.0,0.6952,1.0,0.6555764810514645,seed,,,,,,,,,,,,,,,,,,,,,,,,,,,,,,,,,,,,,,,,,,,,,,,,,,,,,,,,,,,,,,,,
toolagent_trace,0.0025,1.0,"l1=0.0025,l2x1",A_none,learned,binary,3,binary,auc,True,600.0,263430.0,60515.0,40000.0,31077.0,0.2712617047977604,0.9959667852906287,8923.0,0.4273226493331839,0.994492525570417,0.8203525385508963,351224.0,39175.0,0.05417677089980855,0.5362449148997175,39835.0,165.0,0.5798323587269325,39945.0,0.6953,1.0,0.6561048330695329,seed,,,,,,,,,,,,,,,,,,,,,,,,,,,,,,,,,,,,,,,,,,,,,,,,,,,,,,,,,,,,,,,,
toolagent_trace,0.0025,1.0,"l1=0.0025,l2x1",A_none,learned,binary,3,next_use,spearman,False,600.0,263430.0,60515.0,40000.0,31077.0,0.2712617047977604,0.9959667852906287,8923.0,0.4273226493331839,0.994492525570417,0.7649816358126359,485728.0,39175.0,0.05417677089980855,0.052825729829396116,40000.0,0.0,0.11634900845665261,40000.0,0.69485,1.0,0.6558177200279751,seed,,,,,,,,,,,,,,,,,,,,,,,,,,,,,,,,,,,,,,,,,,,,,,,,,,,,,,,,,,,,,,,,
toolagent_trace,0.0025,1.0,"l1=0.0025,l2x1",A_none,learned,binary,4,binary,auc,True,600.0,263457.0,60514.0,40000.0,30880.0,0.2734455958549223,0.9958550450023685,9120.0,0.41524122807017544,0.9947187747557433,0.8181349075887305,349795.0,39094.0,0.05392051849388653,0.5393884410010458,39854.0,146.0,0.5811875155970162,39945.0,0.6956,1.0,0.6522086780327907,seed,,,,,,,,,,,,,,,,,,,,,,,,,,,,,,,,,,,,,,,,,,,,,,,,,,,,,,,,,,,,,,,,
toolagent_trace,0.0025,1.0,"l1=0.0025,l2x1",A_none,learned,binary,4,next_use,spearman,False,600.0,263457.0,60514.0,40000.0,30880.0,0.2734455958549223,0.9958550450023685,9120.0,0.41524122807017544,0.9947187747557433,0.7625583531982519,483264.0,39094.0,0.05392051849388653,0.06097505941782059,40000.0,0.0,0.12248624363992619,40000.0,0.694925,1.0,0.6519671798013236,seed,,,,,,,,,,,,,,,,,,,,,,,,,,,,,,,,,,,,,,,,,,,,,,,,,,,,,,,,,,,,,,,,
toolagent_trace,0.0025,1.0,"l1=0.0025,l2x1",B,learned,binary,0,binary,auc,True,600.0,264019.0,60937.0,40000.0,31741.0,0.26939919977316407,0.9998830546134955,8259.0,0.46264680954110665,0.9992148652185292,0.7278448477535492,324868.0,39173.0,0.04688178081842085,0.3466190618316725,39988.0,12.0,0.39380985071499436,39996.0,0.6908,1.0,0.5392204931585914,seed,,,,,,,,,,,,,,,,,,,,,,,,,,,,,,,,,,,,,,,,,,,,,,,,,,,,,,,,,,,,,,,,
toolagent_trace,0.0025,1.0,"l1=0.0025,l2x1",B,learned,binary,0,next_use,spearman,False,600.0,264019.0,60937.0,40000.0,31741.0,0.26939919977316407,0.9998830546134955,8259.0,0.46264680954110665,0.9992148652185292,0.6882320300789965,434323.0,39173.0,0.04688178081842085,-0.19987441366075553,40000.0,0.0,-0.13348448081789024,40000.0,0.6914,1.0,0.5390511695841854,seed,,,,,,,,,,,,,,,,,,,,,,,,,,,,,,,,,,,,,,,,,,,,,,,,,,,,,,,,,,,,,,,,
toolagent_trace,0.0025,1.0,"l1=0.0025,l2x1",B,learned,binary,1,binary,auc,True,600.0,264019.0,60927.0,40000.0,31669.0,0.27136947803846034,0.9998836397486619,8331.0,0.4624894970591766,1.0,0.7283591234044126,324802.0,39133.0,0.04660947921191833,0.3483018153449151,39993.0,7.0,0.3953641455226691,39998.0,0.68885,1.0,0.540673181836253,seed,,,,,,,,,,,,,,,,,,,,,,,,,,,,,,,,,,,,,,,,,,,,,,,,,,,,,,,,,,,,,,,,
toolagent_trace,0.0025,1.0,"l1=0.0025,l2x1",B,learned,binary,1,next_use,spearman,False,600.0,264019.0,60927.0,40000.0,31669.0,0.27136947803846034,0.9998836397486619,8331.0,0.4624894970591766,1.0,0.6886492407819095,434526.0,39133.0,0.04660947921191833,-0.20030598153237555,39999.0,1.0,-0.13370690473733454,39999.0,0.689425,1.0,0.5405038482889213,seed,,,,,,,,,,,,,,,,,,,,,,,,,,,,,,,,,,,,,,,,,,,,,,,,,,,,,,,,,,,,,,,,
toolagent_trace,0.0025,1.0,"l1=0.0025,l2x1",B,learned,binary,2,binary,auc,True,600.0,264036.0,60928.0,40000.0,31795.0,0.2729674477119044,0.9997695587049199,8205.0,0.45947592931139547,0.9992042440318303,0.725544855549924,323572.0,39134.0,0.046305642152603875,0.345338555050135,39984.0,16.0,0.39206864968983196,39994.0,0.6889,1.0,0.5381220790006096,seed,,,,,,,,,,,,,,,,,,,,,,,,,,,,,,,,,,,,,,,,,,,,,,,,,,,,,,,,,,,,,,,,
toolagent_trace,0.0025,1.0,"l1=0.0025,l2x1",B,learned,binary,2,next_use,spearman,False,600.0,264036.0,60928.0,40000.0,31795.0,0.2729674477119044,0.9997695587049199,8205.0,0.45947592931139547,0.9992042440318303,0.6862734014129678,433414.0,39134.0,0.046305642152603875,-0.2015579298129139,39999.0,1.0,-0.13558341176778282,39999.0,0.6894,1.0,0.5379556906295371,seed,,,,,,,,,,,,,,,,,,,,,,,,,,,,,,,,,,,,,,,,,,,,,,,,,,,,,,,,,,,,,,,,
toolagent_trace,0.0025,1.0,"l1=0.0025,l2x1",B,learned,binary,3,binary,auc,True,600.0,264023.0,60937.0,40000.0,31826.0,0.2710676805127883,0.9997681696997798,8174.0,0.45461218497675554,0.9997308934337998,0.7276392554949799,324296.0,39151.0,0.046328637838113966,0.3469223067095685,39989.0,11.0,0.3940162646930107,39997.0,0.6915,1.0,0.5388359878730945,seed,,,,,,,,,,,,,,,,,,,,,,,,,,,,,,,,,,,,,,,,,,,,,,,,,,,,,,,,,,,,,,,,
toolagent_trace,0.0025,1.0,"l1=0.0025,l2x1",B,learned,binary,3,next_use,spearman,False,600.0,264023.0,60937.0,40000.0,31826.0,0.2710676805127883,0.9997681696997798,8174.0,0.45461218497675554,0.9997308934337998,0.6889187089158038,433713.0,39151.0,0.046328637838113966,-0.20119453263388568,39999.0,1.0,-0.13455719251013742,40000.0,0.692025,1.0,0.538668131240328,seed,,,,,,,,,,,,,,,,,,,,,,,,,,,,,,,,,,,,,,,,,,,,,,,,,,,,,,,,,,,,,,,,
toolagent_trace,0.0025,1.0,"l1=0.0025,l2x1",B,learned,binary,4,binary,auc,True,600.0,264025.0,60930.0,40000.0,31616.0,0.2698001012145749,0.9997655334114889,8384.0,0.45837309160305345,0.9997397866250325,0.7287115182182496,324894.0,39115.0,0.046333727470279945,0.3444520594681811,39989.0,11.0,0.3920603822231485,39996.0,0.69075,1.0,0.5404946143142177,seed,,,,,,,,,,,,,,,,,,,,,,,,,,,,,,,,,,,,,,,,,,,,,,,,,,,,,,,,,,,,,,,,
toolagent_trace,0.0025,1.0,"l1=0.0025,l2x1",B,learned,binary,4,next_use,spearman,False,600.0,264025.0,60930.0,40000.0,31616.0,0.2698001012145749,0.9997655334114889,8384.0,0.45837309160305345,0.9997397866250325,0.6893087455677742,434037.0,39115.0,0.046333727470279945,-0.20398299254992866,39999.0,1.0,-0.13691111486534524,39999.0,0.69135,1.0,0.5403105512321182,seed,,,,,,,,,,,,,,,,,,,,,,,,,,,,,,,,,,,,,,,,,,,,,,,,,,,,,,,,,,,,,,,,
toolagent_trace,0.0025,1.0,"l1=0.0025,l2x1",C_lru,learned,binary,0,binary,auc,True,600.0,264090.0,60878.0,40000.0,32533.0,0.28454184981403496,0.9998919736415686,7467.0,0.426677380474086,1.0,0.6978701969241425,317635.0,39141.0,0.0327964921693365,0.3791891971723044,39995.0,5.0,0.41698735100393464,39998.0,0.68895,1.0,0.5084570067187815,seed,,,,,,,,,,,,,,,,,,,,,,,,,,,,,,,,,,,,,,,,,,,,,,,,,,,,,,,,,,,,,,,,
toolagent_trace,0.0025,1.0,"l1=0.0025,l2x1",C_lru,learned,binary,0,next_use,spearman,False,600.0,264090.0,60878.0,40000.0,32533.0,0.28454184981403496,0.9998919736415686,7467.0,0.426677380474086,1.0,0.6717179985432045,421473.0,39141.0,0.0327964921693365,-0.1679107585132881,39999.0,1.0,-0.10983413775651657,39999.0,0.689625,1.0,0.5082906200626969,seed,,,,,,,,,,,,,,,,,,,,,,,,,,,,,,,,,,,,,,,,,,,,,,,,,,,,,,,,,,,,,,,,
toolagent_trace,0.0025,1.0,"l1=0.0025,l2x1",C_lru,learned,binary,1,binary,auc,True,600.0,264066.0,60879.0,40000.0,32410.0,0.28213514347423635,1.0,7590.0,0.4280632411067194,1.0,0.6932150640001771,316171.0,39146.0,0.033194643130843506,0.3844710289118838,39998.0,2.0,0.42078741271083697,39998.0,0.690175,1.0,0.5024840019671765,seed,,,,,,,,,,,,,,,,,,,,,,,,,,,,,,,,,,,,,,,,,,,,,,,,,,,,,,,,,,,,,,,,
toolagent_trace,0.0025,1.0,"l1=0.0025,l2x1",C_lru,learned,binary,1,next_use,spearman,False,600.0,264066.0,60879.0,40000.0,32410.0,0.28213514347423635,1.0,7590.0,0.4280632411067194,1.0,0.6671545290019435,418834.0,39146.0,0.033194643130843506,-0.16126681894989184,39998.0,2.0,-0.1051775689538037,39998.0,0.690825,1.0,0.5023117267862874,seed,,,,,,,,,,,,,,,,,,,,,,,,,,,,,,,,,,,,,,,,,,,,,,,,,,,,,,,,,,,,,,,,
toolagent_trace,0.0025,1.0,"l1=0.0025,l2x1",C_lru,learned,binary,2,binary,auc,True,600.0,264093.0,60890.0,40000.0,32510.0,0.2860965856659489,0.9998924846790668,7490.0,0.417890520694259,1.0,0.6912966285827812,317107.0,39181.0,0.033088422960108214,0.38799532181984864,39994.0,6.0,0.42395899129426845,39999.0,0.68925,1.0,0.5016085550096366,seed,,,,,,,,,,,,,,,,,,,,,,,,,,,,,,,,,,,,,,,,,,,,,,,,,,,,,,,,,,,,,,,,
toolagent_trace,0.0025,1.0,"l1=0.0025,l2x1",C_lru,learned,binary,2,next_use,spearman,False,600.0,264093.0,60890.0,40000.0,32510.0,0.2860965856659489,0.9998924846790668,7490.0,0.417890520694259,1.0,0.6674784130299,419466.0,39181.0,0.033088422960108214,-0.15749944098341917,40000.0,0.0,-0.10153767408793396,40000.0,0.6899,1.0,0.5014333439834153,seed,,,,,,,,,,,,,,,,,,,,,,,,,,,,,,,,,,,,,,,,,,,,,,,,,,,,,,,,,,,,,,,,
toolagent_trace,0.0025,1.0,"l1=0.0025,l2x1",C_lru,learned,binary,3,binary,auc,True,600.0,264087.0,60887.0,40000.0,32349.0,0.2832235926922007,1.0,7651.0,0.4280486210952817,1.0,0.6901760277242875,316257.0,39127.0,0.03312290745520996,0.3871988567989452,39994.0,6.0,0.4229363894612332,40000.0,0.689075,1.0,0.5006088699168196,seed,,,,,,,,,,,,,,,,,,,,,,,,,,,,,,,,,,,,,,,,,,,,,,,,,,,,,,,,,,,,,,,,
toolagent_trace,0.0025,1.0,"l1=0.0025,l2x1",C_lru,learned,binary,3,next_use,spearman,False,600.0,264087.0,60887.0,40000.0,32349.0,0.2832235926922007,1.0,7651.0,0.4280486210952817,1.0,0.6670153325316011,418261.0,39127.0,0.03312290745520996,-0.16185534036266114,39999.0,1.0,-0.10572277818177474,40000.0,0.6897,1.0,0.500457204617104,seed,,,,,,,,,,,,,,,,,,,,,,,,,,,,,,,,,,,,,,,,,,,,,,,,,,,,,,,,,,,,,,,,
toolagent_trace,0.0025,1.0,"l1=0.0025,l2x1",C_lru,learned,binary,4,binary,auc,True,600.0,264103.0,60872.0,40000.0,32441.0,0.281433987854875,0.9998904709748083,7559.0,0.42518851699960314,1.0,0.6939146604093999,316219.0,39124.0,0.0329433340149269,0.38253933260293116,39997.0,3.0,0.41932071174994257,39998.0,0.691425,1.0,0.502716735088143,seed,,,,,,,,,,,,,,,,,,,,,,,,,,,,,,,,,,,,,,,,,,,,,,,,,,,,,,,,,,,,,,,,
toolagent_trace,0.0025,1.0,"l1=0.0025,l2x1",C_lru,learned,binary,4,next_use,spearman,False,600.0,264103.0,60872.0,40000.0,32441.0,0.281433987854875,0.9998904709748083,7559.0,0.42518851699960314,1.0,0.6692917335473515,418656.0,39124.0,0.0329433340149269,-0.1662243058189093,39999.0,1.0,-0.1090671725559992,39999.0,0.692,1.0,0.5025150046236033,seed,,,,,,,,,,,,,,,,,,,,,,,,,,,,,,,,,,,,,,,,,,,,,,,,,,,,,,,,,,,,,,,,
toolagent_trace,0.0025,1.0,"l1=0.0025,l2x1",C_union,learned,binary,0,binary,auc,True,600.0,264682.0,61566.0,40000.0,34496.0,0.3080647031539889,1.0,5504.0,0.38898982558139533,1.0,0.5757734038041848,290049.0,39159.0,0.0216169973696979,0.22332996178379305,39954.0,46.0,0.2629581749270985,39966.0,0.6808,1.0,0.3899558129981345,seed,,,,,,,,,,,,,,,,,,,,,,,,,,,,,,,,,,,,,,,,,,,,,,,,,,,,,,,,,,,,,,,,
toolagent_trace,0.0025,1.0,"l1=0.0025,l2x1",C_union,learned,binary,0,next_use,spearman,False,600.0,264682.0,61566.0,40000.0,34496.0,0.3080647031539889,1.0,5504.0,0.38898982558139533,1.0,0.5362560228421867,369842.0,39159.0,0.0216169973696979,-0.43931263938273934,39954.0,46.0,-0.3801099196808146,39966.0,0.6815,1.0,0.3897879583425972,seed,,,,,,,,,,,,,,,,,,,,,,,,,,,,,,,,,,,,,,,,,,,,,,,,,,,,,,,,,,,,,,,,
toolagent_trace,0.0025,1.0,"l1=0.0025,l2x1",C_union,learned,binary,1,binary,auc,True,600.0,264712.0,61584.0,40000.0,34702.0,0.3066682035617544,1.0,5298.0,0.39826349565873914,1.0,0.579219429383131,288635.0,39191.0,0.02152439335561736,0.22249552189103908,39936.0,64.0,0.262551837687697,39954.0,0.6812,1.0,0.3908105378310372,seed,,,,,,,,,,,,,,,,,,,,,,,,,,,,,,,,,,,,,,,,,,,,,,,,,,,,,,,,,,,,,,,,
toolagent_trace,0.0025,1.0,"l1=0.0025,l2x1",C_union,learned,binary,1,next_use,spearman,False,600.0,264712.0,61584.0,40000.0,34702.0,0.3066682035617544,1.0,5298.0,0.39826349565873914,1.0,0.5376111951342473,368946.0,39191.0,0.02152439335561736,-0.43956697932848315,39936.0,64.0,-0.3797922205155309,39954.0,0.682025,1.0,0.39062649534519744,seed,,,,,,,,,,,,,,,,,,,,,,,,,,,,,,,,,,,,,,,,,,,,,,,,,,,,,,,,,,,,,,,,
toolagent_trace,0.0025,1.0,"l1=0.0025,l2x1",C_union,learned,binary,2,binary,auc,True,600.0,264730.0,61590.0,40000.0,34418.0,0.3112906037538497,1.0,5582.0,0.3853457542099606,1.0,0.5681532064242933,288343.0,39105.0,0.022262178749520523,0.22642853398830598,39933.0,67.0,0.26475758143884787,39955.0,0.678375,1.0,0.38534541786616205,seed,,,,,,,,,,,,,,,,,,,,,,,,,,,,,,,,,,,,,,,,,,,,,,,,,,,,,,,,,,,,,,,,
toolagent_trace,0.0025,1.0,"l1=0.0025,l2x1",C_union,learned,binary,2,next_use,spearman,False,600.0,264730.0,61590.0,40000.0,34418.0,0.3112906037538497,1.0,5582.0,0.3853457542099606,1.0,0.5300956327614945,367761.0,39105.0,0.022262178749520523,-0.43259744429225805,39933.0,67.0,-0.3755677809323399,39955.0,0.679075,1.0,0.3851981652321806,seed,,,,,,,,,,,,,,,,,,,,,,,,,,,,,,,,,,,,,,,,,,,,,,,,,,,,,,,,,,,,,,,,
toolagent_trace,0.0025,1.0,"l1=0.0025,l2x1",C_union,learned,binary,3,binary,auc,True,600.0,264669.0,61551.0,40000.0,34641.0,0.30700614878323373,1.0,5359.0,0.39261056167195374,1.0,0.5709177053366126,287467.0,39169.0,0.02161626541397534,0.2322668128999964,39943.0,57.0,0.2702330755001798,39968.0,0.681525,1.0,0.38282813261500453,seed,,,,,,,,,,,,,,,,,,,,,,,,,,,,,,,,,,,,,,,,,,,,,,,,,,,,,,,,,,,,,,,,
toolagent_trace,0.0025,1.0,"l1=0.0025,l2x1",C_union,learned,binary,3,next_use,spearman,False,600.0,264669.0,61551.0,40000.0,34641.0,0.30700614878323373,1.0,5359.0,0.39261056167195374,1.0,0.532562045412893,365579.0,39169.0,0.02161626541397534,-0.42336690108325936,39943.0,57.0,-0.3668978079566576,39968.0,0.682175,1.0,0.38269120057010847,seed,,,,,,,,,,,,,,,,,,,,,,,,,,,,,,,,,,,,,,,,,,,,,,,,,,,,,,,,,,,,,,,,
toolagent_trace,0.0025,1.0,"l1=0.0025,l2x1",C_union,learned,binary,4,binary,auc,True,600.0,264696.0,61566.0,40000.0,34501.0,0.30709254804208574,1.0,5499.0,0.386615748317876,1.0,0.5751134770477923,288164.0,39116.0,0.021587234124143574,0.22535948710258943,39941.0,59.0,0.26458561997624497,39960.0,0.681975,1.0,0.3880309107722392,seed,,,,,,,,,,,,,,,,,,,,,,,,,,,,,,,,,,,,,,,,,,,,,,,,,,,,,,,,,,,,,,,,
toolagent_trace,0.0025,1.0,"l1=0.0025,l2x1",C_union,learned,binary,4,next_use,spearman,False,600.0,264696.0,61566.0,40000.0,34501.0,0.30709254804208574,1.0,5499.0,0.386615748317876,1.0,0.5348115558747987,367536.0,39116.0,0.021587234124143574,-0.43609955276677675,39941.0,59.0,-0.37755502507877964,39960.0,0.68275,1.0,0.3878748255084551,seed,,,,,,,,,,,,,,,,,,,,,,,,,,,,,,,,,,,,,,,,,,,,,,,,,,,,,,,,,,,,,,,,
toolagent_trace,0.0025,1.0,"l1=0.0025,l2x1",A_none,learned,next_use,0,binary,auc,False,600.0,262694.0,60531.0,40000.0,31556.0,0.27357713271644063,0.9915440750608132,8444.0,0.42728564661297963,0.9886363636363636,0.8327258692062343,353656.0,39119.0,0.04548301336946241,0.4477110424526971,39678.0,322.0,0.5106065741617689,39886.0,0.696825,1.0,0.6725095307302549,seed,,,,,,,,,,,,,,,,,,,,,,,,,,,,,,,,,,,,,,,,,,,,,,,,,,,,,,,,,,,,,,,,
toolagent_trace,0.0025,1.0,"l1=0.0025,l2x1",A_none,learned,next_use,0,next_use,spearman,True,600.0,262694.0,60531.0,40000.0,31556.0,0.27357713271644063,0.9915440750608132,8444.0,0.42728564661297963,0.9886363636363636,0.7563360193097731,492186.0,39119.0,0.04548301336946241,0.0072455690700242315,40000.0,0.0,0.07359280483971495,40000.0,0.69485,1.0,0.6716834604833616,seed,,,,,,,,,,,,,,,,,,,,,,,,,,,,,,,,,,,,,,,,,,,,,,,,,,,,,,,,,,,,,,,,
toolagent_trace,0.0025,1.0,"l1=0.0025,l2x1",A_none,learned,next_use,1,binary,auc,False,600.0,262703.0,60517.0,40000.0,31663.0,0.27609512680415627,0.9905056051246854,8337.0,0.41849586182079884,0.9893952421897392,0.8349213602310678,354528.0,39156.0,0.044752081417918074,0.44823598869940784,39686.0,314.0,0.5121160994760701,39880.0,0.697225,1.0,0.6752454517077078,seed,,,,,,,,,,,,,,,,,,,,,,,,,,,,,,,,,,,,,,,,,,,,,,,,,,,,,,,,,,,,,,,,
toolagent_trace,0.0025,1.0,"l1=0.0025,l2x1",A_none,learned,next_use,1,next_use,spearman,True,600.0,262703.0,60517.0,40000.0,31663.0,0.27609512680415627,0.9905056051246854,8337.0,0.41849586182079884,0.9893952421897392,0.7596376818932083,493765.0,39156.0,0.044752081417918074,0.014358034423255277,40000.0,0.0,0.08083728864943492,40000.0,0.6952,1.0,0.6744267885434274,seed,,,,,,,,,,,,,,,,,,,,,,,,,,,,,,,,,,,,,,,,,,,,,,,,,,,,,,,,,,,,,,,,
toolagent_trace,0.0025,1.0,"l1=0.0025,l2x1",A_none,learned,next_use,2,binary,auc,False,600.0,262693.0,60509.0,40000.0,31559.0,0.275800880889762,0.9894301470588235,8441.0,0.421987916123682,0.9868051656372824,0.8338210919978502,355367.0,39191.0,0.04575827358322064,0.44410666177682373,39624.0,376.0,0.5086529047146097,39861.0,0.696825,1.0,0.6756317442368936,seed,,,,,,,,,,,,,,,,,,,,,,,,,,,,,,,,,,,,,,,,,,,,,,,,,,,,,,,,,,,,,,,,
toolagent_trace,0.0025,1.0,"l1=0.0025,l2x1",A_none,learned,next_use,2,next_use,spearman,True,600.0,262693.0,60509.0,40000.0,31559.0,0.275800880889762,0.9894301470588235,8441.0,0.421987916123682,0.9868051656372824,0.7576024230766122,494908.0,39191.0,0.04575827358322064,0.006004823441611826,40000.0,0.0,0.07303068404830604,40000.0,0.694475,1.0,0.6747498126447494,seed,,,,,,,,,,,,,,,,,,,,,,,,,,,,,,,,,,,,,,,,,,,,,,,,,,,,,,,,,,,,,,,,
toolagent_trace,0.0025,1.0,"l1=0.0025,l2x1",A_none,learned,next_use,3,binary,auc,False,600.0,262685.0,60517.0,40000.0,31513.0,0.2756957446133342,0.9924033149171271,8487.0,0.4201720278072346,0.9887829500841279,0.8349289028841256,355359.0,39157.0,0.04617549224915085,0.4442210518281048,39700.0,300.0,0.5084072999231763,39894.0,0.6963,1.0,0.6768140503594898,seed,,,,,,,,,,,,,,,,,,,,,,,,,,,,,,,,,,,,,,,,,,,,,,,,,,,,,,,,,,,,,,,,
toolagent_trace,0.0025,1.0,"l1=0.0025,l2x1",A_none,learned,next_use,3,next_use,spearman,True,600.0,262685.0,60517.0,40000.0,31513.0,0.2756957446133342,0.9924033149171271,8487.0,0.4201720278072346,0.9887829500841279,0.7579433380605488,495006.0,39157.0,0.04617549224915085,0.003358767968167979,40000.0,0.0,0.07090058280437576,40000.0,0.694625,1.0,0.676123488383393,seed,,,,,,,,,,,,,,,,,,,,,,,,,,,,,,,,,,,,,,,,,,,,,,,,,,,,,,,,,,,,,,,,
toolagent_trace,0.0025,1.0,"l1=0.0025,l2x1",A_none,learned,next_use,4,binary,auc,False,600.0,262702.0,60501.0,40000.0,31449.0,0.27301345034818275,0.9919636617749825,8551.0,0.4198339375511636,0.9885793871866295,0.8351451466373402,355537.0,39157.0,0.04648195086446868,0.4446805119782796,39662.0,338.0,0.5096725690033067,39890.0,0.69835,1.0,0.6755359953589524,seed,,,,,,,,,,,,,,,,,,,,,,,,,,,,,,,,,,,,,,,,,,,,,,,,,,,,,,,,,,,,,,,,
toolagent_trace,0.0025,1.0,"l1=0.0025,l2x1",A_none,learned,next_use,4,next_use,spearman,True,600.0,262702.0,60501.0,40000.0,31449.0,0.27301345034818275,0.9919636617749825,8551.0,0.4198339375511636,0.9885793871866295,0.759085961021723,494224.0,39157.0,0.04648195086446868,0.005209462941209181,40000.0,0.0,0.07278356474908168,40000.0,0.696575,1.0,0.6747953713206225,seed,,,,,,,,,,,,,,,,,,,,,,,,,,,,,,,,,,,,,,,,,,,,,,,,,,,,,,,,,,,,,,,,
toolagent_trace,0.0025,1.0,"l1=0.0025,l2x1",B,learned,next_use,0,binary,auc,False,600.0,263313.0,60831.0,40000.0,31299.0,0.26815553212562704,0.9988085309186227,8701.0,0.45489024250086196,0.9982314300151591,0.7635428426536908,331282.0,39118.0,0.06038300782248581,0.3712546964869933,39961.0,39.0,0.42240607236793026,39982.0,0.69165,1.0,0.5813172379468664,seed,,,,,,,,,,,,,,,,,,,,,,,,,,,,,,,,,,,,,,,,,,,,,,,,,,,,,,,,,,,,,,,,
toolagent_trace,0.0025,1.0,"l1=0.0025,l2x1",B,learned,next_use,0,next_use,spearman,True,600.0,263313.0,60831.0,40000.0,31299.0,0.26815553212562704,0.9988085309186227,8701.0,0.45489024250086196,0.9982314300151591,0.7167052159127736,450506.0,39118.0,0.06038300782248581,-0.15490965307712914,39999.0,1.0,-0.08499978123168817,39999.0,0.691925,1.0,0.58107869324624,seed,,,,,,,,,,,,,,,,,,,,,,,,,,,,,,,,,,,,,,,,,,,,,,,,,,,,,,,,,,,,,,,,
toolagent_trace,0.0025,1.0,"l1=0.0025,l2x1",B,learned,next_use,1,binary,auc,False,600.0,263329.0,60809.0,40000.0,31473.0,0.2704540399707686,0.9987077067669173,8527.0,0.4604198428521168,0.9987264391237901,0.7648243977564866,331801.0,39168.0,0.06067851945465686,0.3707120237240847,39969.0,31.0,0.42227163722840116,39984.0,0.68945,1.0,0.583181186392763,seed,,,,,,,,,,,,,,,,,,,,,,,,,,,,,,,,,,,,,,,,,,,,,,,,,,,,,,,,,,,,,,,,
toolagent_trace,0.0025,1.0,"l1=0.0025,l2x1",B,learned,next_use,1,next_use,spearman,True,600.0,263329.0,60809.0,40000.0,31473.0,0.2704540399707686,0.9987077067669173,8527.0,0.4604198428521168,0.9987264391237901,0.718068215490896,452214.0,39168.0,0.06067851945465686,-0.15300130892551686,40000.0,0.0,-0.08290032390323263,40000.0,0.689875,1.0,0.5828852360535243,seed,,,,,,,,,,,,,,,,,,,,,,,,,,,,,,,,,,,,,,,,,,,,,,,,,,,,,,,,,,,,,,,,
toolagent_trace,0.0025,1.0,"l1=0.0025,l2x1",B,learned,next_use,2,binary,auc,False,600.0,263332.0,60811.0,40000.0,31406.0,0.27211360886454816,0.9990638895389656,8594.0,0.4533395392134047,0.9992299794661191,0.7634530973024467,331708.0,39148.0,0.06115414580566057,0.3703582326143119,39972.0,28.0,0.4217566409773955,39989.0,0.689225,1.0,0.5826167492210829,seed,,,,,,,,,,,,,,,,,,,,,,,,,,,,,,,,,,,,,,,,,,,,,,,,,,,,,,,,,,,,,,,,
toolagent_trace,0.0025,1.0,"l1=0.0025,l2x1",B,learned,next_use,2,next_use,spearman,True,600.0,263332.0,60811.0,40000.0,31406.0,0.27211360886454816,0.9990638895389656,8594.0,0.4533395392134047,0.9992299794661191,0.7160560046891762,452105.0,39148.0,0.06115414580566057,-0.15342645718301245,40000.0,0.0,-0.08374921030142428,40000.0,0.68975,1.0,0.5823752701914752,seed,,,,,,,,,,,,,,,,,,,,,,,,,,,,,,,,,,,,,,,,,,,,,,,,,,,,,,,,,,,,,,,,
toolagent_trace,0.0025,1.0,"l1=0.0025,l2x1",B,learned,next_use,3,binary,auc,False,600.0,263364.0,60826.0,40000.0,31419.0,0.26767242751201503,0.9989298454221165,8581.0,0.46183428504836266,0.9992429977289932,0.7658276102109143,331841.0,39191.0,0.061217020489398075,0.36940051352762016,39963.0,37.0,0.4213629754077044,39988.0,0.690975,1.0,0.5824650208851413,seed,,,,,,,,,,,,,,,,,,,,,,,,,,,,,,,,,,,,,,,,,,,,,,,,,,,,,,,,,,,,,,,,
toolagent_trace,0.0025,1.0,"l1=0.0025,l2x1",B,learned,next_use,3,next_use,spearman,True,600.0,263364.0,60826.0,40000.0,31419.0,0.26767242751201503,0.9989298454221165,8581.0,0.46183428504836266,0.9992429977289932,0.7176905150263035,451841.0,39191.0,0.061217020489398075,-0.15153111218308676,40000.0,0.0,-0.08186799824722535,40000.0,0.691425,1.0,0.5822515316015672,seed,,,,,,,,,,,,,,,,,,,,,,,,,,,,,,,,,,,,,,,,,,,,,,,,,,,,,,,,,,,,,,,,
toolagent_trace,0.0025,1.0,"l1=0.0025,l2x1",B,learned,next_use,4,binary,auc,False,600.0,263326.0,60826.0,40000.0,31383.0,0.26928591912819044,0.9989350372736954,8617.0,0.4670999187652315,0.9995031055900621,0.7647674023155937,332269.0,39142.0,0.06161460196208676,0.3688736130340029,39962.0,38.0,0.420796318899938,39989.0,0.688375,1.0,0.5838940898957803,seed,,,,,,,,,,,,,,,,,,,,,,,,,,,,,,,,,,,,,,,,,,,,,,,,,,,,,,,,,,,,,,,,
toolagent_trace,0.0025,1.0,"l1=0.0025,l2x1",B,learned,next_use,4,next_use,spearman,True,600.0,263326.0,60826.0,40000.0,31383.0,0.26928591912819044,0.9989350372736954,8617.0,0.4670999187652315,0.9995031055900621,0.7172978024017178,452676.0,39142.0,0.06161460196208676,-0.15563692171582263,40000.0,0.0,-0.0854188732508632,40000.0,0.688775,1.0,0.5836481913944359,seed,,,,,,,,,,,,,,,,,,,,,,,,,,,,,,,,,,,,,,,,,,,,,,,,,,,,,,,,,,,,,,,,
toolagent_trace,0.0025,1.0,"l1=0.0025,l2x1",C_lru,learned,next_use,0,binary,auc,False,600.0,263053.0,60752.0,40000.0,31473.0,0.27102595875830077,0.9988276670574443,8527.0,0.4537351940893632,0.9984492116826054,0.7718378577879933,333263.0,39164.0,0.0596817230109284,0.3992185224951774,39955.0,45.0,0.44848008149938307,39984.0,0.690425,1.0,0.589162558675077,seed,,,,,,,,,,,,,,,,,,,,,,,,,,,,,,,,,,,,,,,,,,,,,,,,,,,,,,,,,,,,,,,,
toolagent_trace,0.0025,1.0,"l1=0.0025,l2x1",C_lru,learned,next_use,0,next_use,spearman,True,600.0,263053.0,60752.0,40000.0,31473.0,0.27102595875830077,0.9988276670574443,8527.0,0.4537351940893632,0.9984492116826054,0.7248862635346943,455219.0,39164.0,0.0596817230109284,-0.11265631695588568,40000.0,0.0,-0.045010615709254305,40000.0,0.69075,1.0,0.5888666065928112,seed,,,,,,,,,,,,,,,,,,,,,,,,,,,,,,,,,,,,,,,,,,,,,,,,,,,,,,,,,,,,,,,,
toolagent_trace,0.0025,1.0,"l1=0.0025,l2x1",C_lru,learned,next_use,1,binary,auc,False,600.0,263062.0,60759.0,40000.0,31526.0,0.2674300577301275,0.99928834064761,8474.0,0.4656596648572103,0.9987328940699443,0.7744324188721845,334842.0,39175.0,0.05886965539246969,0.3986721061107905,39947.0,53.0,0.4488895322923899,39989.0,0.69085,1.0,0.592197887142489,seed,,,,,,,,,,,,,,,,,,,,,,,,,,,,,,,,,,,,,,,,,,,,,,,,,,,,,,,,,,,,,,,,
toolagent_trace,0.0025,1.0,"l1=0.0025,l2x1",C_lru,learned,next_use,1,next_use,spearman,True,600.0,263062.0,60759.0,40000.0,31526.0,0.2674300577301275,0.99928834064761,8474.0,0.4656596648572103,0.9987328940699443,0.7279913242559345,456445.0,39175.0,0.05886965539246969,-0.10982482776041674,40000.0,0.0,-0.04173677500738138,40000.0,0.691375,1.0,0.5919475834652336,seed,,,,,,,,,,,,,,,,,,,,,,,,,,,,,,,,,,,,,,,,,,,,,,,,,,,,,,,,,,,,,,,,
toolagent_trace,0.0025,1.0,"l1=0.0025,l2x1",C_lru,learned,next_use,2,binary,auc,False,600.0,263066.0,60764.0,40000.0,31542.0,0.26751632743643394,0.9994074425219246,8458.0,0.4646488531567747,0.9987277353689568,0.7749796464901005,335323.0,39199.0,0.058658224699609685,0.39914295610484335,39962.0,38.0,0.4490347053919587,39990.0,0.69105,1.0,0.592661355508474,seed,,,,,,,,,,,,,,,,,,,,,,,,,,,,,,,,,,,,,,,,,,,,,,,,,,,,,,,,,,,,,,,,
toolagent_trace,0.0025,1.0,"l1=0.0025,l2x1",C_lru,learned,next_use,2,next_use,spearman,True,600.0,263066.0,60764.0,40000.0,31542.0,0.26751632743643394,0.9994074425219246,8458.0,0.4646488531567747,0.9987277353689568,0.7289383745344756,456743.0,39199.0,0.058658224699609685,-0.11202200210760975,40000.0,0.0,-0.04337914428161098,40000.0,0.6915,1.0,0.5924360901591433,seed,,,,,,,,,,,,,,,,,,,,,,,,,,,,,,,,,,,,,,,,,,,,,,,,,,,,,,,,,,,,,,,,
toolagent_trace,0.0025,1.0,"l1=0.0025,l2x1",C_lru,learned,next_use,3,binary,auc,False,600.0,263062.0,60753.0,40000.0,31478.0,0.26907681555372004,0.9990554899645808,8522.0,0.45975123210513963,0.9992343032159265,0.7738283629327951,334916.0,39176.0,0.059345166683683885,0.397286898006972,39959.0,41.0,0.4474123186993445,39989.0,0.690575,1.0,0.5915005830594721,seed,,,,,,,,,,,,,,,,,,,,,,,,,,,,,,,,,,,,,,,,,,,,,,,,,,,,,,,,,,,,,,,,
toolagent_trace,0.0025,1.0,"l1=0.0025,l2x1",C_lru,learned,next_use,3,next_use,spearman,True,600.0,263062.0,60753.0,40000.0,31478.0,0.26907681555372004,0.9990554899645808,8522.0,0.45975123210513963,0.9992343032159265,0.7278101384872726,456143.0,39176.0,0.059345166683683885,-0.11485578257901748,40000.0,0.0,-0.04621388903164771,40000.0,0.69105,1.0,0.5912576416127778,seed,,,,,,,,,,,,,,,,,,,,,,,,,,,,,,,,,,,,,,,,,,,,,,,,,,,,,,,,,,,,,,,,
toolagent_trace,0.0025,1.0,"l1=0.0025,l2x1",C_lru,learned,next_use,4,binary,auc,False,600.0,263088.0,60758.0,40000.0,31364.0,0.26775921438592015,0.9984520123839009,8636.0,0.4557665585919407,0.9992378048780488,0.7726004163824975,334308.0,39135.0,0.06084067969847962,0.40012193982114563,39964.0,36.0,0.44952130004064844,39984.0,0.69205,1.0,0.5901757382552806,seed,,,,,,,,,,,,,,,,,,,,,,,,,,,,,,,,,,,,,,,,,,,,,,,,,,,,,,,,,,,,,,,,
toolagent_trace,0.0025,1.0,"l1=0.0025,l2x1",C_lru,learned,next_use,4,next_use,spearman,True,600.0,263088.0,60758.0,40000.0,31364.0,0.26775921438592015,0.9984520123839009,8636.0,0.4557665585919407,0.9992378048780488,0.7265820143015631,455195.0,39135.0,0.06084067969847962,-0.10980038829281616,40000.0,0.0,-0.04214519583634996,40000.0,0.69235,1.0,0.5899018604548433,seed,,,,,,,,,,,,,,,,,,,,,,,,,,,,,,,,,,,,,,,,,,,,,,,,,,,,,,,,,,,,,,,,
toolagent_trace,0.0025,1.0,"l1=0.0025,l2x1",C_union,learned,next_use,0,binary,auc,False,600.0,263469.0,61067.0,40000.0,32370.0,0.2877355576150757,0.9998926347433971,7630.0,0.4258191349934469,0.9996922129886119,0.6683768656716418,308736.0,39183.0,0.04372830691881684,0.3448405316565252,39985.0,15.0,0.3823848749695055,39990.0,0.685975,1.0,0.4774928112158284,seed,,,,,,,,,,,,,,,,,,,,,,,,,,,,,,,,,,,,,,,,,,,,,,,,,,,,,,,,,,,,,,,,
toolagent_trace,0.0025,1.0,"l1=0.0025,l2x1",C_union,learned,next_use,0,next_use,spearman,True,600.0,263469.0,61067.0,40000.0,32370.0,0.2877355576150757,0.9998926347433971,7630.0,0.4258191349934469,0.9996922129886119,0.6331514666378562,407258.0,39183.0,0.04372830691881684,-0.21897104238345122,39988.0,12.0,-0.1637649742881884,39992.0,0.686675,1.0,0.4772645958453024,seed,,,,,,,,,,,,,,,,,,,,,,,,,,,,,,,,,,,,,,,,,,,,,,,,,,,,,,,,,,,,,,,,
toolagent_trace,0.0025,1.0,"l1=0.0025,l2x1",C_union,learned,next_use,1,binary,auc,False,600.0,263476.0,61053.0,40000.0,32297.0,0.287054525188098,1.0,7703.0,0.4255484876022329,0.9993898718730934,0.674942984886163,310444.0,39182.0,0.04361457429431882,0.34802792554178263,39984.0,16.0,0.3861641490013511,39989.0,0.686325,1.0,0.48440918634475,seed,,,,,,,,,,,,,,,,,,,,,,,,,,,,,,,,,,,,,,,,,,,,,,,,,,,,,,,,,,,,,,,,
toolagent_trace,0.0025,1.0,"l1=0.0025,l2x1",C_union,learned,next_use,1,next_use,spearman,True,600.0,263476.0,61053.0,40000.0,32297.0,0.287054525188098,1.0,7703.0,0.4255484876022329,0.9993898718730934,0.638680641394157,410169.0,39182.0,0.04361457429431882,-0.21427919768000486,39990.0,10.0,-0.15829250364979536,39991.0,0.687025,1.0,0.4842148349043408,seed,,,,,,,,,,,,,,,,,,,,,,,,,,,,,,,,,,,,,,,,,,,,,,,,,,,,,,,,,,,,,,,,
toolagent_trace,0.0025,1.0,"l1=0.0025,l2x1",C_union,learned,next_use,2,binary,auc,False,600.0,263493.0,61072.0,40000.0,32537.0,0.2887481943633402,1.0,7463.0,0.4255661262226986,1.0,0.6663546246572676,308185.0,39251.0,0.04275050317189371,0.34813140301286744,39988.0,12.0,0.3851931128906376,39995.0,0.685725,1.0,0.4739794273398199,seed,,,,,,,,,,,,,,,,,,,,,,,,,,,,,,,,,,,,,,,,,,,,,,,,,,,,,,,,,,,,,,,,
toolagent_trace,0.0025,1.0,"l1=0.0025,l2x1",C_union,learned,next_use,2,next_use,spearman,True,600.0,263493.0,61072.0,40000.0,32537.0,0.2887481943633402,1.0,7463.0,0.4255661262226986,1.0,0.6338292939521385,405879.0,39251.0,0.04275050317189371,-0.21652335064231992,39993.0,7.0,-0.16142636646601027,39995.0,0.6865,1.0,0.4737924566912673,seed,,,,,,,,,,,,,,,,,,,,,,,,,,,,,,,,,,,,,,,,,,,,,,,,,,,,,,,,,,,,,,,,
toolagent_trace,0.0025,1.0,"l1=0.0025,l2x1",C_union,learned,next_use,3,binary,auc,False,600.0,263486.0,61057.0,40000.0,32388.0,0.2875447696677782,0.9997852464297219,7612.0,0.4291907514450867,0.9996939087848179,0.6632158303794998,307510.0,39197.0,0.04330369671148302,0.34808781587285964,39984.0,16.0,0.3847406440989981,39987.0,0.685575,1.0,0.47095908845298196,seed,,,,,,,,,,,,,,,,,,,,,,,,,,,,,,,,,,,,,,,,,,,,,,,,,,,,,,,,,,,,,,,,
toolagent_trace,0.0025,1.0,"l1=0.0025,l2x1",C_union,learned,next_use,3,next_use,spearman,True,600.0,263486.0,61057.0,40000.0,32388.0,0.2875447696677782,0.9997852464297219,7612.0,0.4291907514450867,0.9996939087848179,0.6306166741320557,404087.0,39197.0,0.04330369671148302,-0.21587992732898112,39989.0,11.0,-0.16165719789111302,39990.0,0.686275,1.0,0.47077946457360675,seed,,,,,,,,,,,,,,,,,,,,,,,,,,,,,,,,,,,,,,,,,,,,,,,,,,,,,,,,,,,,,,,,
toolagent_trace,0.0025,1.0,"l1=0.0025,l2x1",C_union,learned,next_use,4,binary,auc,False,600.0,263476.0,61056.0,40000.0,32435.0,0.2872514259287806,0.9998926693141569,7565.0,0.4191672174487773,0.9996846420687481,0.6702445603832233,309167.0,39207.0,0.043337286709006044,0.3434240578296257,39993.0,7.0,0.3815379278642011,39996.0,0.68785,1.0,0.47726098229258535,seed,,,,,,,,,,,,,,,,,,,,,,,,,,,,,,,,,,,,,,,,,,,,,,,,,,,,,,,,,,,,,,,,
toolagent_trace,0.0025,1.0,"l1=0.0025,l2x1",C_union,learned,next_use,4,next_use,spearman,True,600.0,263476.0,61056.0,40000.0,32435.0,0.2872514259287806,0.9998926693141569,7565.0,0.4191672174487773,0.9996846420687481,0.6352375944985099,407017.0,39207.0,0.043337286709006044,-0.22109065969462074,39997.0,3.0,-0.16521796413105552,39998.0,0.68855,1.0,0.47710197333066356,seed,,,,,,,,,,,,,,,,,,,,,,,,,,,,,,,,,,,,,,,,,,,,,,,,,,,,,,,,,,,,,,,,
toolagent_trace,0.01,4.0,"l1=0.01,l2x4",lfu_s,sampled,,0,binary,auc,False,600.0,222449.0,53770.0,40000.0,19758.0,0.24207915780949488,1.0,20242.0,0.22754668511016699,1.0,0.5461244659697202,253965.0,38192.0,0.14172879791579387,0.6837430232900374,39508.0,492.0,0.666427314735917,39639.0,0.765275,1.0,0.2504541486776606,seed,,,,,,,,,,,,,,,,,,,,,,,,,,,,,,,,,,,,,,,,,,,,,,,,,,,,,,,,,,,,,,,,
toolagent_trace,0.01,4.0,"l1=0.01,l2x4",lfu_s,sampled,,0,next_use,spearman,False,600.0,222449.0,53770.0,40000.0,19758.0,0.24207915780949488,1.0,20242.0,0.22754668511016699,1.0,0.5363439575778175,303049.0,38192.0,0.14172879791579387,0.25276007474054574,39507.0,493.0,0.23049534540917,39638.0,0.76545,1.0,0.2503612546299573,seed,,,,,,,,,,,,,,,,,,,,,,,,,,,,,,,,,,,,,,,,,,,,,,,,,,,,,,,,,,,,,,,,
toolagent_trace,0.01,4.0,"l1=0.01,l2x4",lfu_s,sampled,,1,binary,auc,False,600.0,222475.0,53806.0,40000.0,19684.0,0.24237959764275555,1.0,20316.0,0.2283914156329986,1.0,0.5449595886533745,254384.0,38222.0,0.14300010465177124,0.6827527142220617,39485.0,515.0,0.6649968902875852,39641.0,0.764725,1.0,0.2506052590449735,seed,,,,,,,,,,,,,,,,,,,,,,,,,,,,,,,,,,,,,,,,,,,,,,,,,,,,,,,,,,,,,,,,
toolagent_trace,0.01,4.0,"l1=0.01,l2x4",lfu_s,sampled,,1,next_use,spearman,False,600.0,222475.0,53806.0,40000.0,19684.0,0.24237959764275555,1.0,20316.0,0.2283914156329986,1.0,0.535432759874798,303829.0,38222.0,0.14300010465177124,0.25085104202009545,39485.0,515.0,0.22831020959825005,39641.0,0.76485,1.0,0.2505344857583505,seed,,,,,,,,,,,,,,,,,,,,,,,,,,,,,,,,,,,,,,,,,,,,,,,,,,,,,,,,,,,,,,,,
toolagent_trace,0.01,4.0,"l1=0.01,l2x4",lfu_s,sampled,,2,binary,auc,False,600.0,222379.0,53775.0,40000.0,19710.0,0.243480466768138,1.0,20290.0,0.2259733859043864,1.0,0.5427131728100999,254418.0,38206.0,0.1416703201067895,0.68282769699885,39518.0,482.0,0.6647742147018387,39680.0,0.7654,1.0,0.2508102258016001,seed,,,,,,,,,,,,,,,,,,,,,,,,,,,,,,,,,,,,,,,,,,,,,,,,,,,,,,,,,,,,,,,,
toolagent_trace,0.01,4.0,"l1=0.01,l2x4",lfu_s,sampled,,2,next_use,spearman,False,600.0,222379.0,53775.0,40000.0,19710.0,0.243480466768138,1.0,20290.0,0.2259733859043864,1.0,0.5336034734177548,303793.0,38206.0,0.1416703201067895,0.252122403537624,39518.0,482.0,0.228974176924738,39680.0,0.765625,1.0,0.25073650188880664,seed,,,,,,,,,,,,,,,,,,,,,,,,,,,,,,,,,,,,,,,,,,,,,,,,,,,,,,,,,,,,,,,,
toolagent_trace,0.01,4.0,"l1=0.01,l2x4",lfu_s,sampled,,3,binary,auc,False,600.0,222413.0,53745.0,40000.0,19758.0,0.24471100313796942,1.0,20242.0,0.22463195336429206,1.0,0.5458178855645028,254082.0,38230.0,0.14150372743918388,0.6786902546543109,39527.0,473.0,0.6616821860308687,39684.0,0.76545,1.0,0.2519971101248839,seed,,,,,,,,,,,,,,,,,,,,,,,,,,,,,,,,,,,,,,,,,,,,,,,,,,,,,,,,,,,,,,,,
toolagent_trace,0.01,4.0,"l1=0.01,l2x4",lfu_s,sampled,,3,next_use,spearman,False,600.0,222413.0,53745.0,40000.0,19758.0,0.24471100313796942,1.0,20242.0,0.22463195336429206,1.0,0.5363396884981395,303690.0,38230.0,0.14150372743918388,0.2446619058422103,39527.0,473.0,0.2230692845810587,39684.0,0.76555,1.0,0.25191749111658285,seed,,,,,,,,,,,,,,,,,,,,,,,,,,,,,,,,,,,,,,,,,,,,,,,,,,,,,,,,,,,,,,,,
toolagent_trace,0.01,4.0,"l1=0.01,l2x4",lfu_s,sampled,,4,binary,auc,False,600.0,222480.0,53792.0,40000.0,19957.0,0.2430726061031217,1.0,20043.0,0.2272613880157661,1.0,0.5434372588240853,253964.0,38245.0,0.14145639952935024,0.6823062282218623,39502.0,498.0,0.6644051569476721,39677.0,0.76485,1.0,0.24995834838443334,seed,,,,,,,,,,,,,,,,,,,,,,,,,,,,,,,,,,,,,,,,,,,,,,,,,,,,,,,,,,,,,,,,
toolagent_trace,0.01,4.0,"l1=0.01,l2x4",lfu_s,sampled,,4,next_use,spearman,False,600.0,222480.0,53792.0,40000.0,19957.0,0.2430726061031217,1.0,20043.0,0.2272613880157661,1.0,0.5334990417063894,303143.0,38245.0,0.14145639952935024,0.24962551671392125,39501.0,499.0,0.22668089625617788,39676.0,0.76495,1.0,0.24988462871086406,seed,,,,,,,,,,,,,,,,,,,,,,,,,,,,,,,,,,,,,,,,,,,,,,,,,,,,,,,,,,,,,,,,
toolagent_trace,0.01,4.0,"l1=0.01,l2x4",lru_2hit_s,sampled,,0,binary,auc,False,600.0,35939.0,10083.0,10083.0,0.0,nan,nan,10083.0,0.13230189427749678,1.0,0.7404811271853353,84884.0,10058.0,0.9948175581626566,0.6832125077532137,10063.0,20.0,0.6910594659873219,10071.0,0.8676981057225033,1.0,0.3518432077299196,seed,,,,,,,,,,,,,,,,,,,,,,,,,,,,,,,,,,,,,,,,,,,,,,,,,,,,,,,,,,,,,,,,
toolagent_trace,0.01,4.0,"l1=0.01,l2x4",lru_2hit_s,sampled,,0,next_use,spearman,False,600.0,35939.0,10083.0,10083.0,0.0,nan,nan,10083.0,0.13230189427749678,1.0,0.6705851529884722,116414.0,10058.0,0.9948175581626566,0.2860125601482853,10063.0,20.0,0.2994561389139523,10071.0,0.8676981057225033,1.0,0.35180819903609395,seed,,,,,,,,,,,,,,,,,,,,,,,,,,,,,,,,,,,,,,,,,,,,,,,,,,,,,,,,,,,,,,,,
toolagent_trace,0.01,4.0,"l1=0.01,l2x4",lru_2hit_s,sampled,,1,binary,auc,False,600.0,35926.0,10072.0,10072.0,0.0,nan,nan,10072.0,0.13155281969817315,1.0,0.7379504942329669,84879.0,10048.0,0.9946537868232485,0.6862385696717143,10045.0,27.0,0.6933403202185505,10061.0,0.8684471803018269,1.0,0.3538200934579439,seed,,,,,,,,,,,,,,,,,,,,,,,,,,,,,,,,,,,,,,,,,,,,,,,,,,,,,,,,,,,,,,,,
toolagent_trace,0.01,4.0,"l1=0.01,l2x4",lru_2hit_s,sampled,,1,next_use,spearman,False,600.0,35926.0,10072.0,10072.0,0.0,nan,nan,10072.0,0.13155281969817315,1.0,0.6676627168126396,116460.0,10048.0,0.9946537868232485,0.290526176166975,10044.0,28.0,0.30235614207859557,10061.0,0.8684471803018269,1.0,0.35376168224299065,seed,,,,,,,,,,,,,,,,,,,,,,,,,,,,,,,,,,,,,,,,,,,,,,,,,,,,,,,,,,,,,,,,
toolagent_trace,0.01,4.0,"l1=0.01,l2x4",lru_2hit_s,sampled,,2,binary,auc,False,600.0,35966.0,10095.0,10095.0,0.0,nan,nan,10095.0,0.13412580485388806,1.0,0.7368349875346912,85036.0,10072.0,0.9946572180301827,0.6850076593560491,10076.0,19.0,0.6922669101098918,10088.0,0.865874195146112,1.0,0.35453284535409574,seed,,,,,,,,,,,,,,,,,,,,,,,,,,,,,,,,,,,,,,,,,,,,,,,,,,,,,,,,,,,,,,,,
toolagent_trace,0.01,4.0,"l1=0.01,l2x4",lru_2hit_s,sampled,,2,next_use,spearman,False,600.0,35966.0,10095.0,10095.0,0.0,nan,nan,10095.0,0.13412580485388806,1.0,0.6675231463638155,116757.0,10072.0,0.9946572180301827,0.2873597494961039,10076.0,19.0,0.29984227200720065,10088.0,0.865874195146112,1.0,0.3544862231339456,seed,,,,,,,,,,,,,,,,,,,,,,,,,,,,,,,,,,,,,,,,,,,,,,,,,,,,,,,,,,,,,,,,
toolagent_trace,0.01,4.0,"l1=0.01,l2x4",lru_2hit_s,sampled,,3,binary,auc,False,600.0,35982.0,10098.0,10098.0,0.0,nan,nan,10098.0,0.1335908100613983,1.0,0.7370806625181303,85492.0,10073.0,0.9945646778516827,0.6835477891025354,10084.0,14.0,0.6909318278063634,10095.0,0.8664091899386017,1.0,0.3531731928851498,seed,,,,,,,,,,,,,,,,,,,,,,,,,,,,,,,,,,,,,,,,,,,,,,,,,,,,,,,,,,,,,,,,
toolagent_trace,0.01,4.0,"l1=0.01,l2x4",lru_2hit_s,sampled,,3,next_use,spearman,False,600.0,35982.0,10098.0,10098.0,0.0,nan,nan,10098.0,0.1335908100613983,1.0,0.6676163586584531,116880.0,10073.0,0.9945646778516827,0.287270189620896,10084.0,14.0,0.2999405989147876,10095.0,0.8664091899386017,1.0,0.35313241008849866,seed,,,,,,,,,,,,,,,,,,,,,,,,,,,,,,,,,,,,,,,,,,,,,,,,,,,,,,,,,,,,,,,,
toolagent_trace,0.01,4.0,"l1=0.01,l2x4",lru_2hit_s,sampled,,4,binary,auc,False,600.0,35973.0,10088.0,10088.0,0.0,nan,nan,10088.0,0.13431800158604282,1.0,0.7376653505020563,85349.0,10067.0,0.9946328350054634,0.6856640464350555,10070.0,18.0,0.6929294240139062,10082.0,0.8656819984139572,1.0,0.3529610730427176,seed,,,,,,,,,,,,,,,,,,,,,,,,,,,,,,,,,,,,,,,,,,,,,,,,,,,,,,,,,,,,,,,,
toolagent_trace,0.01,4.0,"l1=0.01,l2x4",lru_2hit_s,sampled,,4,next_use,spearman,False,600.0,35973.0,10088.0,10088.0,0.0,nan,nan,10088.0,0.13431800158604282,1.0,0.6690129990237887,116778.0,10067.0,0.9946328350054634,0.2907721703983584,10070.0,18.0,0.30333850312557387,10082.0,0.8656819984139572,1.0,0.35290858725761776,seed,,,,,,,,,,,,,,,,,,,,,,,,,,,,,,,,,,,,,,,,,,,,,,,,,,,,,,,,,,,,,,,,
toolagent_trace,0.01,4.0,"l1=0.01,l2x4",lru_s,sampled,,0,binary,auc,False,600.0,216422.0,51577.0,40000.0,0.0,nan,nan,40000.0,0.19695,1.0,0.5891233785441308,253553.0,37505.0,0.9900213304892681,0.5590911821105455,39614.0,386.0,0.5630712935320819,39741.0,0.80305,1.0,0.2671345598925469,seed,,,,,,,,,,,,,,,,,,,,,,,,,,,,,,,,,,,,,,,,,,,,,,,,,,,,,,,,,,,,,,,,
toolagent_trace,0.01,4.0,"l1=0.01,l2x4",lru_s,sampled,,0,next_use,spearman,False,600.0,216422.0,51577.0,40000.0,0.0,nan,nan,40000.0,0.19695,1.0,0.5739034622353536,306305.0,37505.0,0.9900213304892681,0.08878851720853466,39614.0,386.0,0.09445412136540299,39741.0,0.80305,1.0,0.26708880377266586,seed,,,,,,,,,,,,,,,,,,,,,,,,,,,,,,,,,,,,,,,,,,,,,,,,,,,,,,,,,,,,,,,,
toolagent_trace,0.01,4.0,"l1=0.01,l2x4",lru_s,sampled,,1,binary,auc,False,600.0,216481.0,51595.0,40000.0,0.0,nan,nan,40000.0,0.19675,1.0,0.5892340343430446,253967.0,37525.0,0.9900716189207195,0.5597944546385124,39606.0,394.0,0.563523771894392,39726.0,0.80325,1.0,0.2668373860743146,seed,,,,,,,,,,,,,,,,,,,,,,,,,,,,,,,,,,,,,,,,,,,,,,,,,,,,,,,,,,,,,,,,
toolagent_trace,0.01,4.0,"l1=0.01,l2x4",lru_s,sampled,,1,next_use,spearman,False,600.0,216481.0,51595.0,40000.0,0.0,nan,nan,40000.0,0.19675,1.0,0.5734017698653023,306464.0,37525.0,0.9900716189207195,0.09014621556505663,39606.0,394.0,0.09541034250952087,39726.0,0.80325,1.0,0.2667945832257112,seed,,,,,,,,,,,,,,,,,,,,,,,,,,,,,,,,,,,,,,,,,,,,,,,,,,,,,,,,,,,,,,,,
toolagent_trace,0.01,4.0,"l1=0.01,l2x4",lru_s,sampled,,2,binary,auc,False,600.0,216481.0,51560.0,40000.0,0.0,nan,nan,40000.0,0.1962,1.0,0.5869965713116012,254033.0,37533.0,0.990103708736312,0.5603501689211104,39596.0,404.0,0.5639770222025987,39721.0,0.8038,1.0,0.268177343391392,seed,,,,,,,,,,,,,,,,,,,,,,,,,,,,,,,,,,,,,,,,,,,,,,,,,,,,,,,,,,,,,,,,
toolagent_trace,0.01,4.0,"l1=0.01,l2x4",lru_s,sampled,,2,next_use,spearman,False,600.0,216481.0,51560.0,40000.0,0.0,nan,nan,40000.0,0.1962,1.0,0.5719546732977229,306839.0,37533.0,0.990103708736312,0.09047555790149685,39596.0,404.0,0.0956366968680887,39721.0,0.8038,1.0,0.2681345410481851,seed,,,,,,,,,,,,,,,,,,,,,,,,,,,,,,,,,,,,,,,,,,,,,,,,,,,,,,,,,,,,,,,,
toolagent_trace,0.01,4.0,"l1=0.01,l2x4",lru_s,sampled,,3,binary,auc,False,600.0,216482.0,51544.0,40000.0,0.0,nan,nan,40000.0,0.19715,1.0,0.5883056585777291,253721.0,37565.0,0.9900613935844537,0.5612928966049785,39611.0,389.0,0.5647501489795779,39725.0,0.80285,1.0,0.26743412071166606,seed,,,,,,,,,,,,,,,,,,,,,,,,,,,,,,,,,,,,,,,,,,,,,,,,,,,,,,,,,,,,,,,,
toolagent_trace,0.01,4.0,"l1=0.01,l2x4",lru_s,sampled,,3,next_use,spearman,False,600.0,216482.0,51544.0,40000.0,0.0,nan,nan,40000.0,0.19715,1.0,0.5719106364656454,306568.0,37565.0,0.9900613935844537,0.09202130349620243,39611.0,389.0,0.09684544078322296,39725.0,0.80285,1.0,0.2673883686435988,seed,,,,,,,,,,,,,,,,,,,,,,,,,,,,,,,,,,,,,,,,,,,,,,,,,,,,,,,,,,,,,,,,
toolagent_trace,0.01,4.0,"l1=0.01,l2x4",lru_s,sampled,,4,binary,auc,False,600.0,216431.0,51559.0,40000.0,0.0,nan,nan,40000.0,0.195,1.0,0.5889350675904155,254326.0,37513.0,0.9899159957881268,0.56073249600949,39650.0,350.0,0.5644241028626167,39762.0,0.805,1.0,0.2671564973661022,seed,,,,,,,,,,,,,,,,,,,,,,,,,,,,,,,,,,,,,,,,,,,,,,,,,,,,,,,,,,,,,,,,
toolagent_trace,0.01,4.0,"l1=0.01,l2x4",lru_s,sampled,,4,next_use,spearman,False,600.0,216431.0,51559.0,40000.0,0.0,nan,nan,40000.0,0.195,1.0,0.5729509238646845,306809.0,37513.0,0.9899159957881268,0.09128821123670725,39650.0,350.0,0.09653597792899951,39762.0,0.805,1.0,0.2670989338949954,seed,,,,,,,,,,,,,,,,,,,,,,,,,,,,,,,,,,,,,,,,,,,,,,,,,,,,,,,,,,,,,,,,
toolagent_trace,0.01,4.0,"l1=0.01,l2x4",A_none,learned,binary,0,binary,auc,True,600.0,211264.0,49983.0,40000.0,2829.0,0.009544008483563097,1.0,37171.0,0.1854940679562024,1.0,0.6940345821325649,277600.0,38798.0,0.6025447510180937,0.6671576777805727,39931.0,69.0,0.6700302660878008,39952.0,0.82695,1.0,0.34261739132996855,seed,,,,,,,,,,,,,,,,,,,,,,,,,,,,,,,,,,,,,,,,,,,,,,,,,,,,,,,,,,,,,,,,
toolagent_trace,0.01,4.0,"l1=0.01,l2x4",A_none,learned,binary,0,next_use,spearman,False,600.0,211264.0,49983.0,40000.0,2829.0,0.009544008483563097,1.0,37171.0,0.1854940679562024,1.0,0.6601779610908409,346705.0,38798.0,0.6025447510180937,0.2669553116110394,39931.0,69.0,0.2715693690030385,39952.0,0.82705,1.0,0.3425466780986391,seed,,,,,,,,,,,,,,,,,,,,,,,,,,,,,,,,,,,,,,,,,,,,,,,,,,,,,,,,,,,,,,,,
toolagent_trace,0.01,4.0,"l1=0.01,l2x4",A_none,learned,binary,1,binary,auc,True,600.0,211214.0,49972.0,40000.0,2835.0,0.008465608465608466,1.0,37165.0,0.18660029597739808,1.0,0.6954070010524647,277444.0,38795.0,0.6035184946513726,0.6667785131081756,39938.0,62.0,0.6701371496858816,39961.0,0.826025,1.0,0.3418189585957469,seed,,,,,,,,,,,,,,,,,,,,,,,,,,,,,,,,,,,,,,,,,,,,,,,,,,,,,,,,,,,,,,,,
toolagent_trace,0.01,4.0,"l1=0.01,l2x4",A_none,learned,binary,1,next_use,spearman,False,600.0,211214.0,49972.0,40000.0,2835.0,0.008465608465608466,1.0,37165.0,0.18660029597739808,1.0,0.6616588776278985,346427.0,38795.0,0.6035184946513726,0.2658657560648216,39938.0,62.0,0.2710215078912063,39961.0,0.826125,1.0,0.34175561104604485,seed,,,,,,,,,,,,,,,,,,,,,,,,,,,,,,,,,,,,,,,,,,,,,,,,,,,,,,,,,,,,,,,,
toolagent_trace,0.01,4.0,"l1=0.01,l2x4",A_none,learned,binary,2,binary,auc,True,600.0,211189.0,49919.0,40000.0,2819.0,0.007449450159631075,1.0,37181.0,0.1855786557650413,1.0,0.6969573832273098,278083.0,38763.0,0.6028356615845006,0.6659073631836661,39948.0,52.0,0.6692655789834608,39960.0,0.826975,1.0,0.34449874256551993,seed,,,,,,,,,,,,,,,,,,,,,,,,,,,,,,,,,,,,,,,,,,,,,,,,,,,,,,,,,,,,,,,,
toolagent_trace,0.01,4.0,"l1=0.01,l2x4",A_none,learned,binary,2,next_use,spearman,False,600.0,211189.0,49919.0,40000.0,2819.0,0.007449450159631075,1.0,37181.0,0.1855786557650413,1.0,0.6620606443643259,348095.0,38763.0,0.6028356615845006,0.2649199166794931,39947.0,53.0,0.27025547766993907,39960.0,0.827025,1.0,0.3444457049073093,seed,,,,,,,,,,,,,,,,,,,,,,,,,,,,,,,,,,,,,,,,,,,,,,,,,,,,,,,,,,,,,,,,
toolagent_trace,0.01,4.0,"l1=0.01,l2x4",A_none,learned,binary,3,binary,auc,True,600.0,211214.0,49970.0,40000.0,2854.0,0.008409250175192713,1.0,37146.0,0.1849997307920099,1.0,0.6968914157245076,277554.0,38771.0,0.602597624513167,0.6670890254651238,39947.0,53.0,0.6706349956875365,39969.0,0.8276,1.0,0.34257356310154674,seed,,,,,,,,,,,,,,,,,,,,,,,,,,,,,,,,,,,,,,,,,,,,,,,,,,,,,,,,,,,,,,,,
toolagent_trace,0.01,4.0,"l1=0.01,l2x4",A_none,learned,binary,3,next_use,spearman,False,600.0,211214.0,49970.0,40000.0,2854.0,0.008409250175192713,1.0,37146.0,0.1849997307920099,1.0,0.6621524234510034,346902.0,38771.0,0.602597624513167,0.2657066307961541,39947.0,53.0,0.2711385808218168,39969.0,0.8276,1.0,0.34251021331200066,seed,,,,,,,,,,,,,,,,,,,,,,,,,,,,,,,,,,,,,,,,,,,,,,,,,,,,,,,,,,,,,,,,
toolagent_trace,0.01,4.0,"l1=0.01,l2x4",A_none,learned,binary,4,binary,auc,True,600.0,211209.0,49974.0,40000.0,2703.0,0.00924898261191269,1.0,37297.0,0.18449205029895166,1.0,0.695042499575185,276591.0,38698.0,0.6045184828673317,0.6660411553631137,39945.0,55.0,0.6691614585853175,39962.0,0.82735,1.0,0.34298023568656455,seed,,,,,,,,,,,,,,,,,,,,,,,,,,,,,,,,,,,,,,,,,,,,,,,,,,,,,,,,,,,,,,,,
toolagent_trace,0.01,4.0,"l1=0.01,l2x4",A_none,learned,binary,4,next_use,spearman,False,600.0,211209.0,49974.0,40000.0,2703.0,0.00924898261191269,1.0,37297.0,0.18449205029895166,1.0,0.6614302272142624,345973.0,38698.0,0.6045184828673317,0.26536737715161224,39944.0,56.0,0.2703602971718782,39962.0,0.827475,1.0,0.34291540567380485,seed,,,,,,,,,,,,,,,,,,,,,,,,,,,,,,,,,,,,,,,,,,,,,,,,,,,,,,,,,,,,,,,,
toolagent_trace,0.01,4.0,"l1=0.01,l2x4",B,learned,binary,0,binary,auc,True,600.0,215507.0,51001.0,40000.0,3587.0,0.0432115974351826,1.0,36413.0,0.20539367808200368,1.0,0.6948988588833671,274468.0,38846.0,0.4168149552077434,0.6477605156690972,39927.0,73.0,0.6532488426258763,39950.0,0.80915,1.0,0.33244358808919844,seed,,,,,,,,,,,,,,,,,,,,,,,,,,,,,,,,,,,,,,,,,,,,,,,,,,,,,,,,,,,,,,,,
toolagent_trace,0.01,4.0,"l1=0.01,l2x4",B,learned,binary,0,next_use,spearman,False,600.0,215507.0,51001.0,40000.0,3587.0,0.0432115974351826,1.0,36413.0,0.20539367808200368,1.0,0.6559376290486497,341441.0,38846.0,0.4168149552077434,0.2247686976188263,39927.0,73.0,0.23327421491280378,39950.0,0.80915,1.0,0.332358148976351,seed,,,,,,,,,,,,,,,,,,,,,,,,,,,,,,,,,,,,,,,,,,,,,,,,,,,,,,,,,,,,,,,,
toolagent_trace,0.01,4.0,"l1=0.01,l2x4",B,learned,binary,1,binary,auc,True,600.0,215519.0,50999.0,40000.0,3612.0,0.04595791805094131,1.0,36388.0,0.20493019676816532,1.0,0.6936545879285054,276105.0,38880.0,0.41605661651234566,0.6476486684878222,39910.0,90.0,0.6528462416284916,39942.0,0.809425,1.0,0.3337305562102286,seed,,,,,,,,,,,,,,,,,,,,,,,,,,,,,,,,,,,,,,,,,,,,,,,,,,,,,,,,,,,,,,,,
toolagent_trace,0.01,4.0,"l1=0.01,l2x4",B,learned,binary,1,next_use,spearman,False,600.0,215519.0,50999.0,40000.0,3612.0,0.04595791805094131,1.0,36388.0,0.20493019676816532,1.0,0.6551715097988955,343304.0,38880.0,0.41605661651234566,0.22467810056813697,39910.0,90.0,0.23290466617544864,39942.0,0.809425,1.0,0.33366132453452746,seed,,,,,,,,,,,,,,,,,,,,,,,,,,,,,,,,,,,,,,,,,,,,,,,,,,,,,,,,,,,,,,,,
toolagent_trace,0.01,4.0,"l1=0.01,l2x4",B,learned,binary,2,binary,auc,True,600.0,215474.0,51003.0,40000.0,3571.0,0.04704564547745729,1.0,36429.0,0.20612698674133245,1.0,0.6935627927241041,275430.0,38764.0,0.4167341154163657,0.6479442653355254,39929.0,71.0,0.6531213819567586,39948.0,0.808075,1.0,0.3327371516462276,seed,,,,,,,,,,,,,,,,,,,,,,,,,,,,,,,,,,,,,,,,,,,,,,,,,,,,,,,,,,,,,,,,
toolagent_trace,0.01,4.0,"l1=0.01,l2x4",B,learned,binary,2,next_use,spearman,False,600.0,215474.0,51003.0,40000.0,3571.0,0.04704564547745729,1.0,36429.0,0.20612698674133245,1.0,0.6558877319684009,342288.0,38764.0,0.4167341154163657,0.22485039700720688,39929.0,71.0,0.2332670793823413,39948.0,0.8081,1.0,0.3326531754777802,seed,,,,,,,,,,,,,,,,,,,,,,,,,,,,,,,,,,,,,,,,,,,,,,,,,,,,,,,,,,,,,,,,
toolagent_trace,0.01,4.0,"l1=0.01,l2x4",B,learned,binary,3,binary,auc,True,600.0,215585.0,50974.0,40000.0,3518.0,0.03922683342808414,1.0,36482.0,0.20442958171152897,1.0,0.6928687697781208,274609.0,38775.0,0.4162645067698259,0.6468496907688414,39933.0,67.0,0.6520785312677113,39953.0,0.8101,1.0,0.33458951788147767,seed,,,,,,,,,,,,,,,,,,,,,,,,,,,,,,,,,,,,,,,,,,,,,,,,,,,,,,,,,,,,,,,,
toolagent_trace,0.01,4.0,"l1=0.01,l2x4",B,learned,binary,3,next_use,spearman,False,600.0,215585.0,50974.0,40000.0,3518.0,0.03922683342808414,1.0,36482.0,0.20442958171152897,1.0,0.65481002188964,342171.0,38775.0,0.4162645067698259,0.22389780582167426,39933.0,67.0,0.23218481844343136,39953.0,0.8101,1.0,0.3345202754962985,seed,,,,,,,,,,,,,,,,,,,,,,,,,,,,,,,,,,,,,,,,,,,,,,,,,,,,,,,,,,,,,,,,
toolagent_trace,0.01,4.0,"l1=0.01,l2x4",B,learned,binary,4,binary,auc,True,600.0,215567.0,51004.0,40000.0,3659.0,0.04919376878928669,1.0,36341.0,0.2070663988332737,1.0,0.6930677990071472,275771.0,38865.0,0.4150271774089798,0.6469427151502473,39939.0,61.0,0.6522664612036515,39961.0,0.807375,1.0,0.3334565782593005,seed,,,,,,,,,,,,,,,,,,,,,,,,,,,,,,,,,,,,,,,,,,,,,,,,,,,,,,,,,,,,,,,,
toolagent_trace,0.01,4.0,"l1=0.01,l2x4",B,learned,binary,4,next_use,spearman,False,600.0,215567.0,51004.0,40000.0,3659.0,0.04919376878928669,1.0,36341.0,0.2070663988332737,1.0,0.6548432379112397,342653.0,38865.0,0.4150271774089798,0.22324770253412785,39939.0,61.0,0.23174979050961061,39961.0,0.807375,1.0,0.3333755606784854,seed,,,,,,,,,,,,,,,,,,,,,,,,,,,,,,,,,,,,,,,,,,,,,,,,,,,,,,,,,,,,,,,,
toolagent_trace,0.01,4.0,"l1=0.01,l2x4",C_lru,learned,binary,0,binary,auc,True,600.0,218710.0,52264.0,40000.0,17197.0,0.19445252078850964,1.0,22803.0,0.21725211594965574,1.0,0.6415986778639426,267446.0,38970.0,0.22656931614062098,0.6492466137230709,39829.0,171.0,0.6481230984077236,39877.0,0.79255,1.0,0.29812951971368395,seed,,,,,,,,,,,,,,,,,,,,,,,,,,,,,,,,,,,,,,,,,,,,,,,,,,,,,,,,,,,,,,,,
toolagent_trace,0.01,4.0,"l1=0.01,l2x4",C_lru,learned,binary,0,next_use,spearman,False,600.0,218710.0,52264.0,40000.0,17197.0,0.19445252078850964,1.0,22803.0,0.21725211594965574,1.0,0.6136337924813869,327055.0,38970.0,0.22656931614062098,0.2171944830917112,39828.0,172.0,0.21647508313951278,39877.0,0.792775,1.0,0.2980544059384067,seed,,,,,,,,,,,,,,,,,,,,,,,,,,,,,,,,,,,,,,,,,,,,,,,,,,,,,,,,,,,,,,,,
toolagent_trace,0.01,4.0,"l1=0.01,l2x4",C_lru,learned,binary,1,binary,auc,True,600.0,218800.0,52280.0,40000.0,17196.0,0.19725517562223774,1.0,22804.0,0.2157516225223645,1.0,0.6404352575789776,268209.0,38889.0,0.22729836843323306,0.6495879025973593,39839.0,161.0,0.6483806665627625,39889.0,0.7922,1.0,0.2977231918619981,seed,,,,,,,,,,,,,,,,,,,,,,,,,,,,,,,,,,,,,,,,,,,,,,,,,,,,,,,,,,,,,,,,
toolagent_trace,0.01,4.0,"l1=0.01,l2x4",C_lru,learned,binary,1,next_use,spearman,False,600.0,218800.0,52280.0,40000.0,17196.0,0.19725517562223774,1.0,22804.0,0.2157516225223645,1.0,0.6126778827377465,327744.0,38889.0,0.22729836843323306,0.21742416517477786,39839.0,161.0,0.2165839281444448,39889.0,0.792375,1.0,0.2976362851659108,seed,,,,,,,,,,,,,,,,,,,,,,,,,,,,,,,,,,,,,,,,,,,,,,,,,,,,,,,,,,,,,,,,
toolagent_trace,0.01,4.0,"l1=0.01,l2x4",C_lru,learned,binary,2,binary,auc,True,600.0,218712.0,52306.0,40000.0,17478.0,0.19979402677651906,1.0,22522.0,0.21756504750910222,1.0,0.6390107653760413,267803.0,38959.0,0.22553357375702662,0.6507817233144633,39831.0,169.0,0.6492061456884054,39888.0,0.7902,1.0,0.2973861455551808,seed,,,,,,,,,,,,,,,,,,,,,,,,,,,,,,,,,,,,,,,,,,,,,,,,,,,,,,,,,,,,,,,,
toolagent_trace,0.01,4.0,"l1=0.01,l2x4",C_lru,learned,binary,2,next_use,spearman,False,600.0,218712.0,52306.0,40000.0,17478.0,0.19979402677651906,1.0,22522.0,0.21756504750910222,1.0,0.6122580349224794,327010.0,38959.0,0.22553357375702662,0.22021480729391119,39831.0,169.0,0.21873011387297478,39887.0,0.79035,1.0,0.297302193505057,seed,,,,,,,,,,,,,,,,,,,,,,,,,,,,,,,,,,,,,,,,,,,,,,,,,,,,,,,,,,,,,,,,
toolagent_trace,0.01,4.0,"l1=0.01,l2x4",C_lru,learned,binary,3,binary,auc,True,600.0,218814.0,52306.0,40000.0,17208.0,0.19653649465364947,1.0,22792.0,0.2167865917865918,1.0,0.6393727180223858,267312.0,38955.0,0.22703359645745091,0.6492813118833035,39847.0,153.0,0.6480903414799934,39892.0,0.791925,1.0,0.2962169805068083,seed,,,,,,,,,,,,,,,,,,,,,,,,,,,,,,,,,,,,,,,,,,,,,,,,,,,,,,,,,,,,,,,,
toolagent_trace,0.01,4.0,"l1=0.01,l2x4",C_lru,learned,binary,3,next_use,spearman,False,600.0,218814.0,52306.0,40000.0,17208.0,0.19653649465364947,1.0,22792.0,0.2167865917865918,1.0,0.6123376424457787,326440.0,38955.0,0.22703359645745091,0.2167676904999079,39847.0,153.0,0.21590507667582665,39892.0,0.792025,1.0,0.2961330279620888,seed,,,,,,,,,,,,,,,,,,,,,,,,,,,,,,,,,,,,,,,,,,,,,,,,,,,,,,,,,,,,,,,,
toolagent_trace,0.01,4.0,"l1=0.01,l2x4",C_lru,learned,binary,4,binary,auc,True,600.0,218812.0,52278.0,40000.0,17215.0,0.19517862329363928,1.0,22785.0,0.21878428790871188,1.0,0.6400324976614354,268327.0,38918.0,0.22656209851482603,0.6489198290599196,39847.0,153.0,0.6478203166719949,39893.0,0.791375,1.0,0.29725533864178,seed,,,,,,,,,,,,,,,,,,,,,,,,,,,,,,,,,,,,,,,,,,,,,,,,,,,,,,,,,,,,,,,,
toolagent_trace,0.01,4.0,"l1=0.01,l2x4",C_lru,learned,binary,4,next_use,spearman,False,600.0,218812.0,52278.0,40000.0,17215.0,0.19517862329363928,1.0,22785.0,0.21878428790871188,1.0,0.6131720151144264,327634.0,38918.0,0.22656209851482603,0.21613053861420173,39847.0,153.0,0.21543443901671708,39893.0,0.79155,1.0,0.2971920025687933,seed,,,,,,,,,,,,,,,,,,,,,,,,,,,,,,,,,,,,,,,,,,,,,,,,,,,,,,,,,,,,,,,,
toolagent_trace,0.01,4.0,"l1=0.01,l2x4",C_union,learned,binary,0,binary,auc,True,600.0,211596.0,50186.0,40000.0,2935.0,0.009880749574105622,1.0,37065.0,0.19231080534196682,1.0,0.7024166648810417,280014.0,38753.0,0.5496767992155446,0.6749228004748944,39953.0,47.0,0.6779683365961611,39963.0,0.821075,1.0,0.35593212847678024,seed,,,,,,,,,,,,,,,,,,,,,,,,,,,,,,,,,,,,,,,,,,,,,,,,,,,,,,,,,,,,,,,,
toolagent_trace,0.01,4.0,"l1=0.01,l2x4",C_union,learned,binary,0,next_use,spearman,False,600.0,211596.0,50186.0,40000.0,2935.0,0.009880749574105622,1.0,37065.0,0.19231080534196682,1.0,0.660563360275004,351995.0,38753.0,0.5496767992155446,0.2709004517752713,39953.0,47.0,0.27575531366115574,39963.0,0.821075,1.0,0.3558687770072471,seed,,,,,,,,,,,,,,,,,,,,,,,,,,,,,,,,,,,,,,,,,,,,,,,,,,,,,,,,,,,,,,,,
toolagent_trace,0.01,4.0,"l1=0.01,l2x4",C_union,learned,binary,1,binary,auc,True,600.0,211720.0,50237.0,40000.0,2960.0,0.008783783783783784,1.0,37040.0,0.19176565874730023,1.0,0.7045152391102113,280561.0,38792.0,0.5506128840998143,0.6752173646061546,39952.0,48.0,0.6782780231301824,39967.0,0.821775,1.0,0.3559971243031739,seed,,,,,,,,,,,,,,,,,,,,,,,,,,,,,,,,,,,,,,,,,,,,,,,,,,,,,,,,,,,,,,,,
toolagent_trace,0.01,4.0,"l1=0.01,l2x4",C_union,learned,binary,1,next_use,spearman,False,600.0,211720.0,50237.0,40000.0,2960.0,0.008783783783783784,1.0,37040.0,0.19176565874730023,1.0,0.6617508833121942,353216.0,38792.0,0.5506128840998143,0.27073804690907094,39951.0,49.0,0.2757991786690783,39966.0,0.8218,1.0,0.3559205176254287,seed,,,,,,,,,,,,,,,,,,,,,,,,,,,,,,,,,,,,,,,,,,,,,,,,,,,,,,,,,,,,,,,,
toolagent_trace,0.01,4.0,"l1=0.01,l2x4",C_union,learned,binary,2,binary,auc,True,600.0,211578.0,50207.0,40000.0,2930.0,0.009897610921501706,1.0,37070.0,0.1916913946587537,1.0,0.704002909132394,280496.0,38739.0,0.5499738635483621,0.6765748852982995,39953.0,47.0,0.6795033172792734,39969.0,0.821625,1.0,0.3551497703830191,seed,,,,,,,,,,,,,,,,,,,,,,,,,,,,,,,,,,,,,,,,,,,,,,,,,,,,,,,,,,,,,,,,
toolagent_trace,0.01,4.0,"l1=0.01,l2x4",C_union,learned,binary,2,next_use,spearman,False,600.0,211578.0,50207.0,40000.0,2930.0,0.009897610921501706,1.0,37070.0,0.1916913946587537,1.0,0.6626030102840019,352392.0,38739.0,0.5499738635483621,0.2725747028154747,39953.0,47.0,0.2776389327969497,39969.0,0.821625,1.0,0.35507021108261055,seed,,,,,,,,,,,,,,,,,,,,,,,,,,,,,,,,,,,,,,,,,,,,,,,,,,,,,,,,,,,,,,,,
toolagent_trace,0.01,4.0,"l1=0.01,l2x4",C_union,learned,binary,3,binary,auc,True,600.0,211657.0,50239.0,40000.0,3031.0,0.010887495875948531,1.0,36969.0,0.19291839108442208,1.0,0.7038130955733725,280507.0,38816.0,0.5471479222485574,0.6752129898244573,39950.0,50.0,0.6782867662550119,39963.0,0.820875,1.0,0.35621582284448217,seed,,,,,,,,,,,,,,,,,,,,,,,,,,,,,,,,,,,,,,,,,,,,,,,,,,,,,,,,,,,,,,,,
toolagent_trace,0.01,4.0,"l1=0.01,l2x4",C_union,learned,binary,3,next_use,spearman,False,600.0,211657.0,50239.0,40000.0,3031.0,0.010887495875948531,1.0,36969.0,0.19291839108442208,1.0,0.6623285556030905,352957.0,38816.0,0.5471479222485574,0.2707563159445461,39949.0,51.0,0.2758218523765747,39963.0,0.8209,1.0,0.35612301418941217,seed,,,,,,,,,,,,,,,,,,,,,,,,,,,,,,,,,,,,,,,,,,,,,,,,,,,,,,,,,,,,,,,,
toolagent_trace,0.01,4.0,"l1=0.01,l2x4",C_union,learned,binary,4,binary,auc,True,600.0,211696.0,50203.0,40000.0,2934.0,0.010906612133605999,1.0,37066.0,0.19190093347002643,1.0,0.7040593462870914,278838.0,38736.0,0.5501406959933912,0.6755817651197185,39952.0,48.0,0.6787352966999416,39966.0,0.821375,1.0,0.35449865632587635,seed,,,,,,,,,,,,,,,,,,,,,,,,,,,,,,,,,,,,,,,,,,,,,,,,,,,,,,,,,,,,,,,,
toolagent_trace,0.01,4.0,"l1=0.01,l2x4",C_union,learned,binary,4,next_use,spearman,False,600.0,211696.0,50203.0,40000.0,2934.0,0.010906612133605999,1.0,37066.0,0.19190093347002643,1.0,0.6628006040574425,350960.0,38736.0,0.5501406959933912,0.27182518346718737,39952.0,48.0,0.27691659668247115,39966.0,0.8214,1.0,0.3544205700007072,seed,,,,,,,,,,,,,,,,,,,,,,,,,,,,,,,,,,,,,,,,,,,,,,,,,,,,,,,,,,,,,,,,
toolagent_trace,0.01,4.0,"l1=0.01,l2x4",A_none,learned,next_use,0,binary,auc,False,600.0,211564.0,50156.0,40000.0,849.0,0.014134275618374558,1.0,39151.0,0.1811958826083625,1.0,0.6966183539507452,273151.0,37716.0,0.5480971272139146,0.6764625360015527,39954.0,46.0,0.6785968526832998,39971.0,0.82235,1.0,0.35344598622431816,seed,,,,,,,,,,,,,,,,,,,,,,,,,,,,,,,,,,,,,,,,,,,,,,,,,,,,,,,,,,,,,,,,
toolagent_trace,0.01,4.0,"l1=0.01,l2x4",A_none,learned,next_use,0,next_use,spearman,True,600.0,211564.0,50156.0,40000.0,849.0,0.014134275618374558,1.0,39151.0,0.1811958826083625,1.0,0.6587592143669916,343621.0,37716.0,0.5480971272139146,0.2719866601437597,39954.0,46.0,0.2762374225471089,39971.0,0.82235,1.0,0.3533589291089483,seed,,,,,,,,,,,,,,,,,,,,,,,,,,,,,,,,,,,,,,,,,,,,,,,,,,,,,,,,,,,,,,,,
toolagent_trace,0.01,4.0,"l1=0.01,l2x4",A_none,learned,next_use,1,binary,auc,False,600.0,211504.0,50139.0,40000.0,840.0,0.02142857142857143,1.0,39160.0,0.18097548518896833,1.0,0.6990231699545099,273026.0,37691.0,0.5476970629593272,0.6773823726807947,39956.0,44.0,0.6797002982345559,39971.0,0.822375,1.0,0.35296027245455525,seed,,,,,,,,,,,,,,,,,,,,,,,,,,,,,,,,,,,,,,,,,,,,,,,,,,,,,,,,,,,,,,,,
toolagent_trace,0.01,4.0,"l1=0.01,l2x4",A_none,learned,next_use,1,next_use,spearman,True,600.0,211504.0,50139.0,40000.0,840.0,0.02142857142857143,1.0,39160.0,0.18097548518896833,1.0,0.6599133670562242,343980.0,37691.0,0.5476970629593272,0.27264322116518763,39956.0,44.0,0.2771027813128813,39971.0,0.822375,1.0,0.35287763892393437,seed,,,,,,,,,,,,,,,,,,,,,,,,,,,,,,,,,,,,,,,,,,,,,,,,,,,,,,,,,,,,,,,,
toolagent_trace,0.01,4.0,"l1=0.01,l2x4",A_none,learned,next_use,2,binary,auc,False,600.0,211589.0,50140.0,40000.0,823.0,0.014580801944106925,1.0,39177.0,0.17964622099701355,1.0,0.6996666495152268,272086.0,37694.0,0.5471535589218444,0.6773113957061541,39942.0,58.0,0.6797822781758236,39956.0,0.82375,1.0,0.3531431590068674,seed,,,,,,,,,,,,,,,,,,,,,,,,,,,,,,,,,,,,,,,,,,,,,,,,,,,,,,,,,,,,,,,,
toolagent_trace,0.01,4.0,"l1=0.01,l2x4",A_none,learned,next_use,2,next_use,spearman,True,600.0,211589.0,50140.0,40000.0,823.0,0.014580801944106925,1.0,39177.0,0.17964622099701355,1.0,0.6600191592635621,343437.0,37694.0,0.5471535589218444,0.2731735747240225,39942.0,58.0,0.27764907902153163,39956.0,0.82375,1.0,0.35305905024981776,seed,,,,,,,,,,,,,,,,,,,,,,,,,,,,,,,,,,,,,,,,,,,,,,,,,,,,,,,,,,,,,,,,
toolagent_trace,0.01,4.0,"l1=0.01,l2x4",A_none,learned,next_use,3,binary,auc,False,600.0,211566.0,50169.0,40000.0,844.0,0.015402843601895734,1.0,39156.0,0.18040657881295333,1.0,0.6974283770835924,273446.0,37703.0,0.5477821725061666,0.6772635522982745,39960.0,40.0,0.6793948352906082,39977.0,0.823075,1.0,0.35405775096170444,seed,,,,,,,,,,,,,,,,,,,,,,,,,,,,,,,,,,,,,,,,,,,,,,,,,,,,,,,,,,,,,,,,
toolagent_trace,0.01,4.0,"l1=0.01,l2x4",A_none,learned,next_use,3,next_use,spearman,True,600.0,211566.0,50169.0,40000.0,844.0,0.015402843601895734,1.0,39156.0,0.18040657881295333,1.0,0.658167334143392,344831.0,37703.0,0.5477821725061666,0.27311955654632025,39960.0,40.0,0.2772346430307828,39977.0,0.823075,1.0,0.35396183874056925,seed,,,,,,,,,,,,,,,,,,,,,,,,,,,,,,,,,,,,,,,,,,,,,,,,,,,,,,,,,,,,,,,,
toolagent_trace,0.01,4.0,"l1=0.01,l2x4",A_none,learned,next_use,4,binary,auc,False,600.0,211497.0,50122.0,40000.0,888.0,0.021396396396396396,1.0,39112.0,0.18227142564941706,1.0,0.6977231349667683,273534.0,37705.0,0.5486473942447951,0.6773411922632081,39948.0,52.0,0.6796171490812037,39972.0,0.8213,1.0,0.35269623213640156,seed,,,,,,,,,,,,,,,,,,,,,,,,,,,,,,,,,,,,,,,,,,,,,,,,,,,,,,,,,,,,,,,,
toolagent_trace,0.01,4.0,"l1=0.01,l2x4",A_none,learned,next_use,4,next_use,spearman,True,600.0,211497.0,50122.0,40000.0,888.0,0.021396396396396396,1.0,39112.0,0.18227142564941706,1.0,0.6591504692175834,344190.0,37705.0,0.5486473942447951,0.2721984733417842,39948.0,52.0,0.27660238809836185,39972.0,0.8213,1.0,0.3526150758810987,seed,,,,,,,,,,,,,,,,,,,,,,,,,,,,,,,,,,,,,,,,,,,,,,,,,,,,,,,,,,,,,,,,
toolagent_trace,0.01,4.0,"l1=0.01,l2x4",B,learned,next_use,0,binary,auc,False,600.0,211721.0,50004.0,40000.0,0.0,nan,nan,40000.0,0.171425,1.0,0.6203483665421878,268051.0,37484.0,0.8155796473161883,0.6196350912170466,39931.0,69.0,0.6197719477095839,39954.0,0.828575,1.0,0.33328462369591016,seed,,,,,,,,,,,,,,,,,,,,,,,,,,,,,,,,,,,,,,,,,,,,,,,,,,,,,,,,,,,,,,,,
toolagent_trace,0.01,4.0,"l1=0.01,l2x4",B,learned,next_use,0,next_use,spearman,True,600.0,211721.0,50004.0,40000.0,0.0,nan,nan,40000.0,0.171425,1.0,0.5977113070269979,334951.0,37484.0,0.8155796473161883,0.18308552429662947,39931.0,69.0,0.1838079925100817,39954.0,0.8286,1.0,0.3332196775126793,seed,,,,,,,,,,,,,,,,,,,,,,,,,,,,,,,,,,,,,,,,,,,,,,,,,,,,,,,,,,,,,,,,
toolagent_trace,0.01,4.0,"l1=0.01,l2x4",B,learned,next_use,1,binary,auc,False,600.0,211819.0,50054.0,40000.0,0.0,nan,nan,40000.0,0.1732,1.0,0.6233024455233823,267959.0,37511.0,0.8160489589720349,0.6196592034806632,39922.0,78.0,0.6198939413652423,39947.0,0.8268,1.0,0.33133484179592654,seed,,,,,,,,,,,,,,,,,,,,,,,,,,,,,,,,,,,,,,,,,,,,,,,,,,,,,,,,,,,,,,,,
toolagent_trace,0.01,4.0,"l1=0.01,l2x4",B,learned,next_use,1,next_use,spearman,True,600.0,211819.0,50054.0,40000.0,0.0,nan,nan,40000.0,0.1732,1.0,0.6003717027811973,334676.0,37511.0,0.8160489589720349,0.1832281027147043,39922.0,78.0,0.18424882350117436,39947.0,0.8268,1.0,0.3312698982009148,seed,,,,,,,,,,,,,,,,,,,,,,,,,,,,,,,,,,,,,,,,,,,,,,,,,,,,,,,,,,,,,,,,
toolagent_trace,0.01,4.0,"l1=0.01,l2x4",B,learned,next_use,2,binary,auc,False,600.0,211825.0,50015.0,40000.0,1.0,0.0,nan,39999.0,0.17145428635715892,1.0,0.6214525001960718,267759.0,37483.0,0.815566390096844,0.620697893280549,39936.0,64.0,0.6206189488899689,39956.0,0.82855,1.0,0.33279211434087647,seed,,,,,,,,,,,,,,,,,,,,,,,,,,,,,,,,,,,,,,,,,,,,,,,,,,,,,,,,,,,,,,,,
toolagent_trace,0.01,4.0,"l1=0.01,l2x4",B,learned,next_use,2,next_use,spearman,True,600.0,211825.0,50015.0,40000.0,1.0,0.0,nan,39999.0,0.17145428635715892,1.0,0.599419470169376,334522.0,37483.0,0.815566390096844,0.18491822037476136,39935.0,65.0,0.18553291363801833,39956.0,0.82855,1.0,0.3327360243725673,seed,,,,,,,,,,,,,,,,,,,,,,,,,,,,,,,,,,,,,,,,,,,,,,,,,,,,,,,,,,,,,,,,
toolagent_trace,0.01,4.0,"l1=0.01,l2x4",B,learned,next_use,3,binary,auc,False,600.0,211899.0,50044.0,40000.0,1.0,0.0,nan,39999.0,0.17225430635765895,1.0,0.6198694238541962,268196.0,37528.0,0.8157775527606054,0.6206461550282798,39914.0,86.0,0.6206521874592424,39945.0,0.82775,1.0,0.3321914371066583,seed,,,,,,,,,,,,,,,,,,,,,,,,,,,,,,,,,,,,,,,,,,,,,,,,,,,,,,,,,,,,,,,,
toolagent_trace,0.01,4.0,"l1=0.01,l2x4",B,learned,next_use,3,next_use,spearman,True,600.0,211899.0,50044.0,40000.0,1.0,0.0,nan,39999.0,0.17225430635765895,1.0,0.5972975883503743,334294.0,37528.0,0.8157775527606054,0.18500311868202787,39914.0,86.0,0.18538645532567133,39945.0,0.82775,1.0,0.33212206727987625,seed,,,,,,,,,,,,,,,,,,,,,,,,,,,,,,,,,,,,,,,,,,,,,,,,,,,,,,,,,,,,,,,,
toolagent_trace,0.01,4.0,"l1=0.01,l2x4",B,learned,next_use,4,binary,auc,False,600.0,211749.0,49993.0,40000.0,1.0,0.0,nan,39999.0,0.1726043151078777,1.0,0.6193068033071165,268149.0,37490.0,0.81675696852494,0.6163352635210186,39938.0,62.0,0.6166046607733531,39957.0,0.8274,1.0,0.33322410662888013,seed,,,,,,,,,,,,,,,,,,,,,,,,,,,,,,,,,,,,,,,,,,,,,,,,,,,,,,,,,,,,,,,,
toolagent_trace,0.01,4.0,"l1=0.01,l2x4",B,learned,next_use,4,next_use,spearman,True,600.0,211749.0,49993.0,40000.0,1.0,0.0,nan,39999.0,0.1726043151078777,1.0,0.5978931662190391,335100.0,37490.0,0.81675696852494,0.17912876767294783,39938.0,62.0,0.18020111398498465,39957.0,0.8274,1.0,0.3331798255324802,seed,,,,,,,,,,,,,,,,,,,,,,,,,,,,,,,,,,,,,,,,,,,,,,,,,,,,,,,,,,,,,,,,
toolagent_trace,0.01,4.0,"l1=0.01,l2x4",C_lru,learned,next_use,0,binary,auc,False,600.0,215619.0,51001.0,40000.0,15305.0,0.19065664815419797,1.0,24695.0,0.1870419113180806,1.0,0.6725589348610848,273692.0,38789.0,0.2571597295625048,0.6356340042525007,39911.0,89.0,0.6395953913831733,39943.0,0.811575,1.0,0.3297298571426467,seed,,,,,,,,,,,,,,,,,,,,,,,,,,,,,,,,,,,,,,,,,,,,,,,,,,,,,,,,,,,,,,,,
toolagent_trace,0.01,4.0,"l1=0.01,l2x4",C_lru,learned,next_use,0,next_use,spearman,True,600.0,215619.0,51001.0,40000.0,15305.0,0.19065664815419797,1.0,24695.0,0.1870419113180806,1.0,0.6396651819816431,340364.0,38789.0,0.2571597295625048,0.205404704799504,39911.0,89.0,0.212226182591558,39943.0,0.8117,1.0,0.32965766976188476,seed,,,,,,,,,,,,,,,,,,,,,,,,,,,,,,,,,,,,,,,,,,,,,,,,,,,,,,,,,,,,,,,,
toolagent_trace,0.01,4.0,"l1=0.01,l2x4",C_lru,learned,next_use,1,binary,auc,False,600.0,215629.0,51005.0,40000.0,15544.0,0.18997683993823983,1.0,24456.0,0.18944226365718025,1.0,0.6712704472884071,275281.0,38893.0,0.25690034196384953,0.6349166753867287,39923.0,77.0,0.6390844622687615,39951.0,0.81035,1.0,0.32936854555872574,seed,,,,,,,,,,,,,,,,,,,,,,,,,,,,,,,,,,,,,,,,,,,,,,,,,,,,,,,,,,,,,,,,
toolagent_trace,0.01,4.0,"l1=0.01,l2x4",C_lru,learned,next_use,1,next_use,spearman,True,600.0,215629.0,51005.0,40000.0,15544.0,0.18997683993823983,1.0,24456.0,0.18944226365718025,1.0,0.6389701682702869,341415.0,38893.0,0.25690034196384953,0.20430915065418642,39923.0,77.0,0.21126468269054408,39951.0,0.81045,1.0,0.32930520715341005,seed,,,,,,,,,,,,,,,,,,,,,,,,,,,,,,,,,,,,,,,,,,,,,,,,,,,,,,,,,,,,,,,,
toolagent_trace,0.01,4.0,"l1=0.01,l2x4",C_lru,learned,next_use,2,binary,auc,False,600.0,215558.0,51001.0,40000.0,15147.0,0.1840628507295174,1.0,24853.0,0.1897960004828391,1.0,0.6726443058007405,273603.0,38816.0,0.25725135897568013,0.6351634034151514,39902.0,98.0,0.6393664006130672,39936.0,0.812375,1.0,0.32945599396596426,seed,,,,,,,,,,,,,,,,,,,,,,,,,,,,,,,,,,,,,,,,,,,,,,,,,,,,,,,,,,,,,,,,
toolagent_trace,0.01,4.0,"l1=0.01,l2x4",C_lru,learned,next_use,2,next_use,spearman,True,600.0,215558.0,51001.0,40000.0,15147.0,0.1840628507295174,1.0,24853.0,0.1897960004828391,1.0,0.6400400105910388,339910.0,38816.0,0.25725135897568013,0.20483208452641613,39902.0,98.0,0.2118491852802742,39936.0,0.812525,1.0,0.3293897020694857,seed,,,,,,,,,,,,,,,,,,,,,,,,,,,,,,,,,,,,,,,,,,,,,,,,,,,,,,,,,,,,,,,,
toolagent_trace,0.01,4.0,"l1=0.01,l2x4",C_lru,learned,next_use,3,binary,auc,False,600.0,215691.0,51058.0,40000.0,15399.0,0.18767452431976103,1.0,24601.0,0.18613064509572783,1.0,0.6720223388546951,273604.0,38808.0,0.2559121186353329,0.6337789769437829,39928.0,72.0,0.6379767024046825,39956.0,0.813275,1.0,0.3288794475020919,seed,,,,,,,,,,,,,,,,,,,,,,,,,,,,,,,,,,,,,,,,,,,,,,,,,,,,,,,,,,,,,,,,
toolagent_trace,0.01,4.0,"l1=0.01,l2x4",C_lru,learned,next_use,3,next_use,spearman,True,600.0,215691.0,51058.0,40000.0,15399.0,0.18767452431976103,1.0,24601.0,0.18613064509572783,1.0,0.6392361806676643,339452.0,38808.0,0.2559121186353329,0.2027935129181102,39928.0,72.0,0.2097772872510393,39956.0,0.8134,1.0,0.32881168165372243,seed,,,,,,,,,,,,,,,,,,,,,,,,,,,,,,,,,,,,,,,,,,,,,,,,,,,,,,,,,,,,,,,,
toolagent_trace,0.01,4.0,"l1=0.01,l2x4",C_lru,learned,next_use,4,binary,auc,False,600.0,215607.0,50991.0,40000.0,15193.0,0.1867307312578161,1.0,24807.0,0.18688273471197644,1.0,0.6723669854661027,274049.0,38824.0,0.25613666804038737,0.6351076353827652,39913.0,87.0,0.6390950814077754,39938.0,0.813175,1.0,0.3295684890339764,seed,,,,,,,,,,,,,,,,,,,,,,,,,,,,,,,,,,,,,,,,,,,,,,,,,,,,,,,,,,,,,,,,
toolagent_trace,0.01,4.0,"l1=0.01,l2x4",C_lru,learned,next_use,4,next_use,spearman,True,600.0,215607.0,50991.0,40000.0,15193.0,0.1867307312578161,1.0,24807.0,0.18688273471197644,1.0,0.6399907077681294,340069.0,38824.0,0.25613666804038737,0.20455440201550476,39913.0,87.0,0.21142621585973595,39938.0,0.813275,1.0,0.3294992516469659,seed,,,,,,,,,,,,,,,,,,,,,,,,,,,,,,,,,,,,,,,,,,,,,,,,,,,,,,,,,,,,,,,,
toolagent_trace,0.01,4.0,"l1=0.01,l2x4",C_union,learned,next_use,0,binary,auc,False,600.0,211315.0,50059.0,40000.0,3165.0,0.022432859399684046,1.0,36835.0,0.1898466132754174,1.0,0.7121165190952752,280881.0,38794.0,0.45231704645048204,0.6758000451322143,39961.0,39.0,0.6796631949455589,39975.0,0.8234,1.0,0.36238534813212847,seed,,,,,,,,,,,,,,,,,,,,,,,,,,,,,,,,,,,,,,,,,,,,,,,,,,,,,,,,,,,,,,,,
toolagent_trace,0.01,4.0,"l1=0.01,l2x4",C_union,learned,next_use,0,next_use,spearman,True,600.0,211315.0,50059.0,40000.0,3165.0,0.022432859399684046,1.0,36835.0,0.1898466132754174,1.0,0.667253287757387,354573.0,38794.0,0.45231704645048204,0.26867382860584044,39961.0,39.0,0.2752620263751204,39975.0,0.823425,1.0,0.36231758088610094,seed,,,,,,,,,,,,,,,,,,,,,,,,,,,,,,,,,,,,,,,,,,,,,,,,,,,,,,,,,,,,,,,,
toolagent_trace,0.01,4.0,"l1=0.01,l2x4",C_union,learned,next_use,1,binary,auc,False,600.0,211385.0,50055.0,40000.0,3164.0,0.021807838179519597,1.0,36836.0,0.19062873276142903,1.0,0.713482308860472,281836.0,38763.0,0.4503094123261873,0.676079227913365,39966.0,34.0,0.6801126155087271,39984.0,0.822725,1.0,0.36203652821382426,seed,,,,,,,,,,,,,,,,,,,,,,,,,,,,,,,,,,,,,,,,,,,,,,,,,,,,,,,,,,,,,,,,
toolagent_trace,0.01,4.0,"l1=0.01,l2x4",C_union,learned,next_use,1,next_use,spearman,True,600.0,211385.0,50055.0,40000.0,3164.0,0.021807838179519597,1.0,36836.0,0.19062873276142903,1.0,0.6703014626531757,354903.0,38763.0,0.4503094123261873,0.26971722417279553,39966.0,34.0,0.2767942134423861,39984.0,0.82275,1.0,0.36196139153135926,seed,,,,,,,,,,,,,,,,,,,,,,,,,,,,,,,,,,,,,,,,,,,,,,,,,,,,,,,,,,,,,,,,
toolagent_trace,0.01,4.0,"l1=0.01,l2x4",C_union,learned,next_use,2,binary,auc,False,600.0,211390.0,50113.0,40000.0,3145.0,0.026391096979332274,1.0,36855.0,0.19183285849952517,1.0,0.7121486354342608,281225.0,38717.0,0.4518396311697704,0.6763539854851467,39947.0,53.0,0.6803298771207759,39963.0,0.821175,1.0,0.36136121535190663,seed,,,,,,,,,,,,,,,,,,,,,,,,,,,,,,,,,,,,,,,,,,,,,,,,,,,,,,,,,,,,,,,,
toolagent_trace,0.01,4.0,"l1=0.01,l2x4",C_union,learned,next_use,2,next_use,spearman,True,600.0,211390.0,50113.0,40000.0,3145.0,0.026391096979332274,1.0,36855.0,0.19183285849952517,1.0,0.6684149282902058,354066.0,38717.0,0.4518396311697704,0.2701760775284444,39947.0,53.0,0.2770004734379832,39963.0,0.821175,1.0,0.3612978605221322,seed,,,,,,,,,,,,,,,,,,,,,,,,,,,,,,,,,,,,,,,,,,,,,,,,,,,,,,,,,,,,,,,,
toolagent_trace,0.01,4.0,"l1=0.01,l2x4",C_union,learned,next_use,3,binary,auc,False,600.0,211406.0,50132.0,40000.0,3159.0,0.025324469768914212,1.0,36841.0,0.19136288374365518,1.0,0.7104933784813942,282035.0,38750.0,0.4517016129032258,0.6757593503931388,39953.0,47.0,0.6793821620885251,39969.0,0.82175,1.0,0.3630791896869245,seed,,,,,,,,,,,,,,,,,,,,,,,,,,,,,,,,,,,,,,,,,,,,,,,,,,,,,,,,,,,,,,,,
toolagent_trace,0.01,4.0,"l1=0.01,l2x4",C_union,learned,next_use,3,next_use,spearman,True,600.0,211406.0,50132.0,40000.0,3159.0,0.025324469768914212,1.0,36841.0,0.19136288374365518,1.0,0.6676203752627852,355804.0,38750.0,0.4517016129032258,0.2688853132801967,39953.0,47.0,0.275465820225223,39969.0,0.821775,1.0,0.3629893186003683,seed,,,,,,,,,,,,,,,,,,,,,,,,,,,,,,,,,,,,,,,,,,,,,,,,,,,,,,,,,,,,,,,,
toolagent_trace,0.01,4.0,"l1=0.01,l2x4",C_union,learned,next_use,4,binary,auc,False,600.0,211314.0,50100.0,40000.0,3156.0,0.02091254752851711,1.0,36844.0,0.18977309738356313,1.0,0.7120538801740679,281959.0,38789.0,0.45324302637345637,0.6760496483187329,39970.0,30.0,0.6800727864934669,39987.0,0.82355,1.0,0.36225984805292955,seed,,,,,,,,,,,,,,,,,,,,,,,,,,,,,,,,,,,,,,,,,,,,,,,,,,,,,,,,,,,,,,,,
toolagent_trace,0.01,4.0,"l1=0.01,l2x4",C_union,learned,next_use,4,next_use,spearman,True,600.0,211314.0,50100.0,40000.0,3156.0,0.02091254752851711,1.0,36844.0,0.18977309738356313,1.0,0.6689323149884817,355086.0,38789.0,0.45324302637345637,0.2691856834607448,39969.0,31.0,0.27614269608693,39986.0,0.823575,1.0,0.3621876606721676,seed,,,,,,,,,,,,,,,,,,,,,,,,,,,,,,,,,,,,,,,,,,,,,,,,,,,,,,,,,,,,,,,,
toolagent_trace,0.02,4.0,"l1=0.02,l2x4",lfu_s,sampled,,0,binary,auc,False,600.0,194552.0,49556.0,40000.0,14142.0,0.21036628482534295,1.0,25858.0,0.15066903859540567,1.0,0.518100328659837,228808.0,37842.0,0.20938292769938163,0.6567272190270341,36919.0,3081.0,0.6333359162222234,37852.0,0.828225,1.0,0.15992222376305984,seed,,,,,,,,,,,,,,,,,,,,,,,,,,,,,,,,,,,,,,,,,,,,,,,,,,,,,,,,,,,,,,,,
toolagent_trace,0.02,4.0,"l1=0.02,l2x4",lfu_s,sampled,,0,next_use,spearman,False,600.0,194552.0,49556.0,40000.0,14142.0,0.21036628482534295,1.0,25858.0,0.15066903859540567,1.0,0.5144728268458042,257828.0,37842.0,0.20938292769938163,0.18785988914974347,36918.0,3082.0,0.16296317096140317,37851.0,0.828225,1.0,0.1599089463326262,seed,,,,,,,,,,,,,,,,,,,,,,,,,,,,,,,,,,,,,,,,,,,,,,,,,,,,,,,,,,,,,,,,
toolagent_trace,0.02,4.0,"l1=0.02,l2x4",lfu_s,sampled,,1,binary,auc,False,600.0,194645.0,49616.0,40000.0,14111.0,0.2118914322160017,1.0,25889.0,0.15462165398431765,1.0,0.5149771741164489,229783.0,37899.0,0.20993380432201378,0.6544547744094082,36846.0,3154.0,0.6306136313764599,37787.0,0.825175,1.0,0.15993680474524966,seed,,,,,,,,,,,,,,,,,,,,,,,,,,,,,,,,,,,,,,,,,,,,,,,,,,,,,,,,,,,,,,,,
toolagent_trace,0.02,4.0,"l1=0.02,l2x4",lfu_s,sampled,,1,next_use,spearman,False,600.0,194645.0,49616.0,40000.0,14111.0,0.2118914322160017,1.0,25889.0,0.15462165398431765,1.0,0.5103320306466064,258952.0,37899.0,0.20993380432201378,0.18570129783176456,36845.0,3155.0,0.16019623002694522,37786.0,0.825175,1.0,0.1599279538692342,seed,,,,,,,,,,,,,,,,,,,,,,,,,,,,,,,,,,,,,,,,,,,,,,,,,,,,,,,,,,,,,,,,
toolagent_trace,0.02,4.0,"l1=0.02,l2x4",lfu_s,sampled,,2,binary,auc,False,600.0,194572.0,49629.0,40000.0,14263.0,0.21257799901843932,1.0,25737.0,0.15332012278043283,1.0,0.5167536589204218,228756.0,37870.0,0.20790285846316345,0.6612004790033285,36915.0,3085.0,0.636590812765533,37892.0,0.82555,1.0,0.15950846032425095,seed,,,,,,,,,,,,,,,,,,,,,,,,,,,,,,,,,,,,,,,,,,,,,,,,,,,,,,,,,,,,,,,,
toolagent_trace,0.02,4.0,"l1=0.02,l2x4",lfu_s,sampled,,2,next_use,spearman,False,600.0,194572.0,49629.0,40000.0,14263.0,0.21257799901843932,1.0,25737.0,0.15332012278043283,1.0,0.5132525117681528,257687.0,37870.0,0.20790285846316345,0.19364516182275132,36912.0,3088.0,0.1674945603742173,37891.0,0.82555,1.0,0.15949223302403115,seed,,,,,,,,,,,,,,,,,,,,,,,,,,,,,,,,,,,,,,,,,,,,,,,,,,,,,,,,,,,,,,,,
toolagent_trace,0.02,4.0,"l1=0.02,l2x4",lfu_s,sampled,,3,binary,auc,False,600.0,194630.0,49562.0,40000.0,13917.0,0.21843788172738376,1.0,26083.0,0.14936932101368708,1.0,0.516189003827726,228334.0,37790.0,0.20917488092087855,0.6554022591412636,36833.0,3167.0,0.6318571024146309,37840.0,0.8266,1.0,0.15926466899777217,seed,,,,,,,,,,,,,,,,,,,,,,,,,,,,,,,,,,,,,,,,,,,,,,,,,,,,,,,,,,,,,,,,
toolagent_trace,0.02,4.0,"l1=0.02,l2x4",lfu_s,sampled,,3,next_use,spearman,False,600.0,194630.0,49562.0,40000.0,13917.0,0.21843788172738376,1.0,26083.0,0.14936932101368708,1.0,0.512943945228926,257070.0,37790.0,0.20917488092087855,0.18675395282501533,36833.0,3167.0,0.16158341944915744,37840.0,0.8266,1.0,0.15924696439900263,seed,,,,,,,,,,,,,,,,,,,,,,,,,,,,,,,,,,,,,,,,,,,,,,,,,,,,,,,,,,,,,,,,
toolagent_trace,0.02,4.0,"l1=0.02,l2x4",lfu_s,sampled,,4,binary,auc,False,600.0,194578.0,49608.0,40000.0,14171.0,0.21409921671018275,1.0,25829.0,0.15110921832049248,1.0,0.5176518275089567,229438.0,37864.0,0.2094098285970843,0.6553734497385196,36820.0,3180.0,0.6320124725110347,37815.0,0.826575,1.0,0.1594110323014646,seed,,,,,,,,,,,,,,,,,,,,,,,,,,,,,,,,,,,,,,,,,,,,,,,,,,,,,,,,,,,,,,,,
toolagent_trace,0.02,4.0,"l1=0.02,l2x4",lfu_s,sampled,,4,next_use,spearman,False,600.0,194578.0,49608.0,40000.0,14171.0,0.21409921671018275,1.0,25829.0,0.15110921832049248,1.0,0.5138310471885064,258368.0,37864.0,0.2094098285970843,0.18643469926591755,36819.0,3181.0,0.16148661986176774,37815.0,0.826575,1.0,0.15939480485761157,seed,,,,,,,,,,,,,,,,,,,,,,,,,,,,,,,,,,,,,,,,,,,,,,,,,,,,,,,,,,,,,,,,
toolagent_trace,0.02,4.0,"l1=0.02,l2x4",lru_2hit_s,sampled,,0,binary,auc,False,600.0,24959.0,8800.0,8800.0,0.0,nan,nan,8800.0,0.003409090909090909,1.0,0.8686686529716168,76524.0,8791.0,0.9970566488454101,0.8373923730347933,8234.0,566.0,0.8450870117716928,8558.0,0.9965909090909091,1.0,0.18525847143210486,seed,,,,,,,,,,,,,,,,,,,,,,,,,,,,,,,,,,,,,,,,,,,,,,,,,,,,,,,,,,,,,,,,
toolagent_trace,0.02,4.0,"l1=0.02,l2x4",lru_2hit_s,sampled,,0,next_use,spearman,False,600.0,24959.0,8800.0,8800.0,0.0,nan,nan,8800.0,0.003409090909090909,1.0,0.8147794216845797,88948.0,8791.0,0.9970566488454101,0.4197143730683699,8233.0,567.0,0.44544576501194666,8558.0,0.9965909090909091,1.0,0.18522504696138137,seed,,,,,,,,,,,,,,,,,,,,,,,,,,,,,,,,,,,,,,,,,,,,,,,,,,,,,,,,,,,,,,,,
toolagent_trace,0.02,4.0,"l1=0.02,l2x4",lru_2hit_s,sampled,,1,binary,auc,False,600.0,24951.0,8793.0,8793.0,0.0,nan,nan,8793.0,0.002843170703969066,1.0,0.8693186293816463,76170.0,8783.0,0.996851161334396,0.8350056352276102,8285.0,508.0,0.8419790702011695,8593.0,0.9971568292960309,1.0,0.18602939700677723,seed,,,,,,,,,,,,,,,,,,,,,,,,,,,,,,,,,,,,,,,,,,,,,,,,,,,,,,,,,,,,,,,,
toolagent_trace,0.02,4.0,"l1=0.02,l2x4",lru_2hit_s,sampled,,1,next_use,spearman,False,600.0,24951.0,8793.0,8793.0,0.0,nan,nan,8793.0,0.002843170703969066,1.0,0.815451175681918,88757.0,8783.0,0.996851161334396,0.4172875903894041,8284.0,509.0,0.4425849808647931,8593.0,0.9971568292960309,1.0,0.18596249439690643,seed,,,,,,,,,,,,,,,,,,,,,,,,,,,,,,,,,,,,,,,,,,,,,,,,,,,,,,,,,,,,,,,,
toolagent_trace,0.02,4.0,"l1=0.02,l2x4",lru_2hit_s,sampled,,2,binary,auc,False,600.0,24943.0,8792.0,8792.0,0.0,nan,nan,8792.0,0.002843494085532302,1.0,0.8690707697159226,76106.0,8782.0,0.9970607492598497,0.8352663023128192,8290.0,502.0,0.8422976499144275,8574.0,0.9971565059144677,1.0,0.18711442985801652,seed,,,,,,,,,,,,,,,,,,,,,,,,,,,,,,,,,,,,,,,,,,,,,,,,,,,,,,,,,,,,,,,,
toolagent_trace,0.02,4.0,"l1=0.02,l2x4",lru_2hit_s,sampled,,2,next_use,spearman,False,600.0,24943.0,8792.0,8792.0,0.0,nan,nan,8792.0,0.002843494085532302,1.0,0.8141992257832193,88864.0,8782.0,0.9970607492598497,0.41754702461006077,8290.0,502.0,0.4435315797049425,8574.0,0.9971565059144677,1.0,0.18706090168212292,seed,,,,,,,,,,,,,,,,,,,,,,,,,,,,,,,,,,,,,,,,,,,,,,,,,,,,,,,,,,,,,,,,
toolagent_trace,0.02,4.0,"l1=0.02,l2x4",lru_2hit_s,sampled,,3,binary,auc,False,600.0,24948.0,8796.0,8796.0,0.0,nan,nan,8796.0,0.0032969531605275123,1.0,0.8666461530403813,76372.0,8784.0,0.9969653631602914,0.8372960934272301,8321.0,475.0,0.8436052043540986,8591.0,0.9967030468394725,1.0,0.1882156233279829,seed,,,,,,,,,,,,,,,,,,,,,,,,,,,,,,,,,,,,,,,,,,,,,,,,,,,,,,,,,,,,,,,,
toolagent_trace,0.02,4.0,"l1=0.02,l2x4",lru_2hit_s,sampled,,3,next_use,spearman,False,600.0,24948.0,8796.0,8796.0,0.0,nan,nan,8796.0,0.0032969531605275123,1.0,0.8116887491578711,89060.0,8784.0,0.9969653631602914,0.4212212780826041,8320.0,476.0,0.44638667155193434,8591.0,0.9967030468394725,1.0,0.1881286784376672,seed,,,,,,,,,,,,,,,,,,,,,,,,,,,,,,,,,,,,,,,,,,,,,,,,,,,,,,,,,,,,,,,,
toolagent_trace,0.02,4.0,"l1=0.02,l2x4",lru_2hit_s,sampled,,4,binary,auc,False,600.0,24947.0,8790.0,8790.0,0.0,nan,nan,8790.0,0.002389078498293515,1.0,0.8670269277685235,76241.0,8776.0,0.9968237237921604,0.8372472119123906,8288.0,502.0,0.8439307576772608,8579.0,0.9976109215017065,1.0,0.18844702039942174,seed,,,,,,,,,,,,,,,,,,,,,,,,,,,,,,,,,,,,,,,,,,,,,,,,,,,,,,,,,,,,,,,,
toolagent_trace,0.02,4.0,"l1=0.02,l2x4",lru_2hit_s,sampled,,4,next_use,spearman,False,600.0,24947.0,8790.0,8790.0,0.0,nan,nan,8790.0,0.002389078498293515,1.0,0.813030286003259,88985.0,8776.0,0.9968237237921604,0.4226314474243139,8286.0,504.0,0.44737978969838643,8578.0,0.9976109215017065,1.0,0.1883533222680302,seed,,,,,,,,,,,,,,,,,,,,,,,,,,,,,,,,,,,,,,,,,,,,,,,,,,,,,,,,,,,,,,,,
toolagent_trace,0.02,4.0,"l1=0.02,l2x4",lru_s,sampled,,0,binary,auc,False,600.0,183978.0,46140.0,40000.0,0.0,nan,nan,40000.0,0.1038,1.0,0.6856018432942006,232627.0,37258.0,0.9950849481990445,0.6067579188555031,38265.0,1735.0,0.6179148120463115,38782.0,0.8962,1.0,0.19097448830430944,seed,,,,,,,,,,,,,,,,,,,,,,,,,,,,,,,,,,,,,,,,,,,,,,,,,,,,,,,,,,,,,,,,
toolagent_trace,0.02,4.0,"l1=0.02,l2x4",lru_s,sampled,,0,next_use,spearman,False,600.0,183978.0,46140.0,40000.0,0.0,nan,nan,40000.0,0.1038,1.0,0.6649941639537442,268161.0,37258.0,0.9950849481990445,0.14046505445296625,38265.0,1735.0,0.156933768768866,38782.0,0.8962,1.0,0.19097301176213496,seed,,,,,,,,,,,,,,,,,,,,,,,,,,,,,,,,,,,,,,,,,,,,,,,,,,,,,,,,,,,,,,,,
toolagent_trace,0.02,4.0,"l1=0.02,l2x4",lru_s,sampled,,1,binary,auc,False,600.0,184083.0,46173.0,40000.0,0.0,nan,nan,40000.0,0.1042,1.0,0.687639095551944,233203.0,37262.0,0.994944581611293,0.6085911247995512,38268.0,1732.0,0.6200453914551967,38764.0,0.8958,1.0,0.18970501814659615,seed,,,,,,,,,,,,,,,,,,,,,,,,,,,,,,,,,,,,,,,,,,,,,,,,,,,,,,,,,,,,,,,,
toolagent_trace,0.02,4.0,"l1=0.02,l2x4",lru_s,sampled,,1,next_use,spearman,False,600.0,184083.0,46173.0,40000.0,0.0,nan,nan,40000.0,0.1042,1.0,0.6669364312752905,268135.0,37262.0,0.994944581611293,0.14156974473919592,38268.0,1732.0,0.1585973883269828,38764.0,0.895875,1.0,0.18969911201278086,seed,,,,,,,,,,,,,,,,,,,,,,,,,,,,,,,,,,,,,,,,,,,,,,,,,,,,,,,,,,,,,,,,
toolagent_trace,0.02,4.0,"l1=0.02,l2x4",lru_s,sampled,,2,binary,auc,False,600.0,184035.0,46154.0,40000.0,0.0,nan,nan,40000.0,0.10465,1.0,0.6848184322134039,232723.0,37292.0,0.9950592620401159,0.6082983547523145,38298.0,1702.0,0.6193060983338456,38819.0,0.89535,1.0,0.1909427543806807,seed,,,,,,,,,,,,,,,,,,,,,,,,,,,,,,,,,,,,,,,,,,,,,,,,,,,,,,,,,,,,,,,,
toolagent_trace,0.02,4.0,"l1=0.02,l2x4",lru_s,sampled,,2,next_use,spearman,False,600.0,184035.0,46154.0,40000.0,0.0,nan,nan,40000.0,0.10465,1.0,0.6646383334452929,267954.0,37292.0,0.9950592620401159,0.14187665796321922,38298.0,1702.0,0.15811281799087132,38819.0,0.895375,1.0,0.19093980144457634,seed,,,,,,,,,,,,,,,,,,,,,,,,,,,,,,,,,,,,,,,,,,,,,,,,,,,,,,,,,,,,,,,,
toolagent_trace,0.02,4.0,"l1=0.02,l2x4",lru_s,sampled,,3,binary,auc,False,600.0,184102.0,46145.0,40000.0,0.0,nan,nan,40000.0,0.105875,1.0,0.6863797215170397,233982.0,37314.0,0.9950127633059977,0.6080494684551796,38270.0,1730.0,0.6190656376170689,38809.0,0.894125,1.0,0.19121116646046,seed,,,,,,,,,,,,,,,,,,,,,,,,,,,,,,,,,,,,,,,,,,,,,,,,,,,,,,,,,,,,,,,,
toolagent_trace,0.02,4.0,"l1=0.02,l2x4",lru_s,sampled,,3,next_use,spearman,False,600.0,184102.0,46145.0,40000.0,0.0,nan,nan,40000.0,0.105875,1.0,0.6661965296464694,269425.0,37314.0,0.9950127633059977,0.1419283787738051,38270.0,1730.0,0.15840013625140606,38809.0,0.894125,1.0,0.19120969004036534,seed,,,,,,,,,,,,,,,,,,,,,,,,,,,,,,,,,,,,,,,,,,,,,,,,,,,,,,,,,,,,,,,,
toolagent_trace,0.02,4.0,"l1=0.02,l2x4",lru_s,sampled,,4,binary,auc,False,600.0,184000.0,46147.0,40000.0,0.0,nan,nan,40000.0,0.103925,1.0,0.6843081079220869,232464.0,37283.0,0.9949214454308934,0.6085145510132295,38307.0,1693.0,0.618895526389435,38784.0,0.896075,1.0,0.19106931666674049,seed,,,,,,,,,,,,,,,,,,,,,,,,,,,,,,,,,,,,,,,,,,,,,,,,,,,,,,,,,,,,,,,,
toolagent_trace,0.02,4.0,"l1=0.02,l2x4",lru_s,sampled,,4,next_use,spearman,False,600.0,184000.0,46147.0,40000.0,0.0,nan,nan,40000.0,0.103925,1.0,0.6642831538541962,267812.0,37283.0,0.9949214454308934,0.14215006091333726,38307.0,1693.0,0.15812111316173175,38784.0,0.896075,1.0,0.19106636369139635,seed,,,,,,,,,,,,,,,,,,,,,,,,,,,,,,,,,,,,,,,,,,,,,,,,,,,,,,,,,,,,,,,,
toolagent_trace,0.02,4.0,"l1=0.02,l2x4",A_none,learned,binary,0,binary,auc,True,600.0,181145.0,45094.0,40000.0,2212.0,0.0045207956600361665,1.0,37788.0,0.09071662961786811,1.0,0.7432539274022525,242845.0,38141.0,0.7578893120264283,0.7038167065527681,39145.0,855.0,0.7091261823617191,39410.0,0.91405,1.0,0.22039664317597668,seed,,,,,,,,,,,,,,,,,,,,,,,,,,,,,,,,,,,,,,,,,,,,,,,,,,,,,,,,,,,,,,,,
toolagent_trace,0.02,4.0,"l1=0.02,l2x4",A_none,learned,binary,0,next_use,spearman,False,600.0,181145.0,45094.0,40000.0,2212.0,0.0045207956600361665,1.0,37788.0,0.09071662961786811,1.0,0.714192836458714,284552.0,38141.0,0.7578893120264283,0.28031433917977616,39145.0,855.0,0.29026823297221666,39410.0,0.91405,1.0,0.2203759985017865,seed,,,,,,,,,,,,,,,,,,,,,,,,,,,,,,,,,,,,,,,,,,,,,,,,,,,,,,,,,,,,,,,,
toolagent_trace,0.02,4.0,"l1=0.02,l2x4",A_none,learned,binary,1,binary,auc,True,600.0,181170.0,45118.0,40000.0,2160.0,0.004629629629629629,1.0,37840.0,0.09149048625792812,1.0,0.741493515548738,243814.0,38107.0,0.75891404466371,0.7006585966020977,39107.0,893.0,0.7060255838520841,39374.0,0.9132,1.0,0.22076899368388764,seed,,,,,,,,,,,,,,,,,,,,,,,,,,,,,,,,,,,,,,,,,,,,,,,,,,,,,,,,,,,,,,,,
toolagent_trace,0.02,4.0,"l1=0.02,l2x4",A_none,learned,binary,1,next_use,spearman,False,600.0,181170.0,45118.0,40000.0,2160.0,0.004629629629629629,1.0,37840.0,0.09149048625792812,1.0,0.7137634936211973,285320.0,38107.0,0.75891404466371,0.27693215681654726,39107.0,893.0,0.28735184907563255,39374.0,0.9132,1.0,0.2207571961357131,seed,,,,,,,,,,,,,,,,,,,,,,,,,,,,,,,,,,,,,,,,,,,,,,,,,,,,,,,,,,,,,,,,
toolagent_trace,0.02,4.0,"l1=0.02,l2x4",A_none,learned,binary,2,binary,auc,True,600.0,181184.0,45101.0,40000.0,2205.0,0.005442176870748299,1.0,37795.0,0.09099087180844027,1.0,0.7435537747646943,243088.0,38149.0,0.7579564667488008,0.7014915318030496,39129.0,871.0,0.7070917620465317,39368.0,0.913725,1.0,0.22001654503656276,seed,,,,,,,,,,,,,,,,,,,,,,,,,,,,,,,,,,,,,,,,,,,,,,,,,,,,,,,,,,,,,,,,
toolagent_trace,0.02,4.0,"l1=0.02,l2x4",A_none,learned,binary,2,next_use,spearman,False,600.0,181184.0,45101.0,40000.0,2205.0,0.005442176870748299,1.0,37795.0,0.09099087180844027,1.0,0.714386318614159,284708.0,38149.0,0.7579564667488008,0.2776447843171236,39129.0,871.0,0.28823996619201814,39368.0,0.913725,1.0,0.22000327361686,seed,,,,,,,,,,,,,,,,,,,,,,,,,,,,,,,,,,,,,,,,,,,,,,,,,,,,,,,,,,,,,,,,
toolagent_trace,0.02,4.0,"l1=0.02,l2x4",A_none,learned,binary,3,binary,auc,True,600.0,181277.0,45127.0,40000.0,2222.0,0.0049504950495049506,1.0,37778.0,0.09179946000317646,1.0,0.7435119684132598,243140.0,38146.0,0.7577875137629109,0.7015162325014325,39092.0,908.0,0.7070890073223702,39370.0,0.913025,1.0,0.22097453940596862,seed,,,,,,,,,,,,,,,,,,,,,,,,,,,,,,,,,,,,,,,,,,,,,,,,,,,,,,,,,,,,,,,,
toolagent_trace,0.02,4.0,"l1=0.02,l2x4",A_none,learned,binary,3,next_use,spearman,False,600.0,181277.0,45127.0,40000.0,2222.0,0.0049504950495049506,1.0,37778.0,0.09179946000317646,1.0,0.7146378866250711,284966.0,38146.0,0.7577875137629109,0.278436132999808,39091.0,909.0,0.28878038834812597,39369.0,0.913025,1.0,0.2209701155798309,seed,,,,,,,,,,,,,,,,,,,,,,,,,,,,,,,,,,,,,,,,,,,,,,,,,,,,,,,,,,,,,,,,
toolagent_trace,0.02,4.0,"l1=0.02,l2x4",A_none,learned,binary,4,binary,auc,True,600.0,181241.0,45126.0,40000.0,2141.0,0.004670714619336758,1.0,37859.0,0.0922633983993238,1.0,0.7435159870154543,242134.0,38080.0,0.7592313878676471,0.7020451110414357,39129.0,871.0,0.7069397465779045,39368.0,0.912425,1.0,0.22107568428504012,seed,,,,,,,,,,,,,,,,,,,,,,,,,,,,,,,,,,,,,,,,,,,,,,,,,,,,,,,,,,,,,,,,
toolagent_trace,0.02,4.0,"l1=0.02,l2x4",A_none,learned,binary,4,next_use,spearman,False,600.0,181241.0,45126.0,40000.0,2141.0,0.004670714619336758,1.0,37859.0,0.0922633983993238,1.0,0.714337449369937,284416.0,38080.0,0.7592313878676471,0.2789642091980855,39129.0,871.0,0.2889267041027025,39368.0,0.912425,1.0,0.22105798725814063,seed,,,,,,,,,,,,,,,,,,,,,,,,,,,,,,,,,,,,,,,,,,,,,,,,,,,,,,,,,,,,,,,,
toolagent_trace,0.02,4.0,"l1=0.02,l2x4",B,learned,binary,0,binary,auc,True,600.0,203633.0,51889.0,40000.0,22550.0,0.21707317073170732,1.0,17450.0,0.19593123209169055,1.0,0.3968214457107233,222963.0,38978.0,0.12600136615526708,0.5887821261608774,34021.0,5979.0,0.5504404227434236,35806.0,0.79215,1.0,0.1246770882119892,seed,,,,,,,,,,,,,,,,,,,,,,,,,,,,,,,,,,,,,,,,,,,,,,,,,,,,,,,,,,,,,,,,
toolagent_trace,0.02,4.0,"l1=0.02,l2x4",B,learned,binary,0,next_use,spearman,False,600.0,203633.0,51889.0,40000.0,22550.0,0.21707317073170732,1.0,17450.0,0.19593123209169055,1.0,0.4042670477746019,244900.0,38978.0,0.12600136615526708,0.09800589107612648,34019.0,5981.0,0.0572703565988781,35804.0,0.79215,1.0,0.12466677859960117,seed,,,,,,,,,,,,,,,,,,,,,,,,,,,,,,,,,,,,,,,,,,,,,,,,,,,,,,,,,,,,,,,,
toolagent_trace,0.02,4.0,"l1=0.02,l2x4",B,learned,binary,1,binary,auc,True,600.0,203776.0,51952.0,40000.0,22780.0,0.21874451273046533,1.0,17220.0,0.20005807200929152,1.0,0.4005881249665077,223932.0,39016.0,0.12750538240721754,0.5884548297686303,34267.0,5733.0,0.550505046811408,36062.0,0.7893,1.0,0.12615903012594695,seed,,,,,,,,,,,,,,,,,,,,,,,,,,,,,,,,,,,,,,,,,,,,,,,,,,,,,,,,,,,,,,,,
toolagent_trace,0.02,4.0,"l1=0.02,l2x4",B,learned,binary,1,next_use,spearman,False,600.0,203776.0,51952.0,40000.0,22780.0,0.21874451273046533,1.0,17220.0,0.20005807200929152,1.0,0.40795406538411544,246176.0,39016.0,0.12750538240721754,0.09782144781436238,34265.0,5735.0,0.05777582995618648,36061.0,0.7893,1.0,0.1261384120550915,seed,,,,,,,,,,,,,,,,,,,,,,,,,,,,,,,,,,,,,,,,,,,,,,,,,,,,,,,,,,,,,,,,
toolagent_trace,0.02,4.0,"l1=0.02,l2x4",B,learned,binary,2,binary,auc,True,600.0,203729.0,51906.0,40000.0,23002.0,0.2191548560994696,1.0,16998.0,0.19761148370396517,1.0,0.3984742284705914,222707.0,39021.0,0.1252042169600984,0.5883331790379573,34118.0,5882.0,0.5513979063524784,35881.0,0.79,1.0,0.1251360414479081,seed,,,,,,,,,,,,,,,,,,,,,,,,,,,,,,,,,,,,,,,,,,,,,,,,,,,,,,,,,,,,,,,,
toolagent_trace,0.02,4.0,"l1=0.02,l2x4",B,learned,binary,2,next_use,spearman,False,600.0,203729.0,51906.0,40000.0,23002.0,0.2191548560994696,1.0,16998.0,0.19761148370396517,1.0,0.40632290275002964,244761.0,39021.0,0.1252042169600984,0.09774927149837173,34115.0,5885.0,0.058074900362675645,35880.0,0.79,1.0,0.12512573248839137,seed,,,,,,,,,,,,,,,,,,,,,,,,,,,,,,,,,,,,,,,,,,,,,,,,,,,,,,,,,,,,,,,,
toolagent_trace,0.02,4.0,"l1=0.02,l2x4",B,learned,binary,3,binary,auc,True,600.0,203751.0,51872.0,40000.0,22780.0,0.21527655838454784,1.0,17220.0,0.1948315911730546,1.0,0.40038553528718807,224104.0,39069.0,0.12622699582789423,0.5891037488665266,34161.0,5839.0,0.5521261229153678,35960.0,0.793525,1.0,0.12547620344913404,seed,,,,,,,,,,,,,,,,,,,,,,,,,,,,,,,,,,,,,,,,,,,,,,,,,,,,,,,,,,,,,,,,
toolagent_trace,0.02,4.0,"l1=0.02,l2x4",B,learned,binary,3,next_use,spearman,False,600.0,203751.0,51872.0,40000.0,22780.0,0.21527655838454784,1.0,17220.0,0.1948315911730546,1.0,0.40706026700468845,246138.0,39069.0,0.12622699582789423,0.09741927582209585,34160.0,5840.0,0.05779264705313129,35960.0,0.793525,1.0,0.12546442261390228,seed,,,,,,,,,,,,,,,,,,,,,,,,,,,,,,,,,,,,,,,,,,,,,,,,,,,,,,,,,,,,,,,,
toolagent_trace,0.02,4.0,"l1=0.02,l2x4",B,learned,binary,4,binary,auc,True,600.0,203835.0,51920.0,40000.0,23007.0,0.21649932629199808,1.0,16993.0,0.20137703760371917,1.0,0.39813478678490855,223835.0,39064.0,0.12498640052221995,0.5857690973582906,34173.0,5827.0,0.5481186784837919,35958.0,0.789925,1.0,0.12538140734893913,seed,,,,,,,,,,,,,,,,,,,,,,,,,,,,,,,,,,,,,,,,,,,,,,,,,,,,,,,,,,,,,,,,
toolagent_trace,0.02,4.0,"l1=0.02,l2x4",B,learned,binary,4,next_use,spearman,False,600.0,203835.0,51920.0,40000.0,23007.0,0.21649932629199808,1.0,16993.0,0.20137703760371917,1.0,0.4050062593483775,246032.0,39064.0,0.12498640052221995,0.09462618117795564,34171.0,5829.0,0.05456281665010919,35956.0,0.789925,1.0,0.12536520858122358,seed,,,,,,,,,,,,,,,,,,,,,,,,,,,,,,,,,,,,,,,,,,,,,,,,,,,,,,,,,,,,,,,,
toolagent_trace,0.02,4.0,"l1=0.02,l2x4",C_lru,learned,binary,0,binary,auc,True,600.0,183683.0,45611.0,40000.0,2799.0,0.00857449088960343,1.0,37201.0,0.10217467272385151,1.0,0.7350269938802823,241351.0,38528.0,0.5495248585444352,0.7176180098526812,38755.0,1245.0,0.7200203720792276,39151.0,0.904375,1.0,0.20403284757592907,seed,,,,,,,,,,,,,,,,,,,,,,,,,,,,,,,,,,,,,,,,,,,,,,,,,,,,,,,,,,,,,,,,
toolagent_trace,0.02,4.0,"l1=0.02,l2x4",C_lru,learned,binary,0,next_use,spearman,False,600.0,183683.0,45611.0,40000.0,2799.0,0.00857449088960343,1.0,37201.0,0.10217467272385151,1.0,0.7023085204937529,279573.0,38528.0,0.5495248585444352,0.2869532235822157,38755.0,1245.0,0.2931056200574489,39151.0,0.904375,1.0,0.2040195835691379,seed,,,,,,,,,,,,,,,,,,,,,,,,,,,,,,,,,,,,,,,,,,,,,,,,,,,,,,,,,,,,,,,,
toolagent_trace,0.02,4.0,"l1=0.02,l2x4",C_lru,learned,binary,1,binary,auc,True,600.0,183643.0,45617.0,40000.0,2761.0,0.006881564650488953,1.0,37239.0,0.10314455275383334,1.0,0.7312769284514165,240452.0,38462.0,0.5491719099370808,0.7151040258957474,38811.0,1189.0,0.7176070625079123,39183.0,0.9035,1.0,0.20387287718398378,seed,,,,,,,,,,,,,,,,,,,,,,,,,,,,,,,,,,,,,,,,,,,,,,,,,,,,,,,,,,,,,,,,
toolagent_trace,0.02,4.0,"l1=0.02,l2x4",C_lru,learned,binary,1,next_use,spearman,False,600.0,183643.0,45617.0,40000.0,2761.0,0.006881564650488953,1.0,37239.0,0.10314455275383334,1.0,0.698879330755268,278762.0,38462.0,0.5491719099370808,0.2835402778199595,38811.0,1189.0,0.28952774047636226,39183.0,0.9035,1.0,0.20386255973068498,seed,,,,,,,,,,,,,,,,,,,,,,,,,,,,,,,,,,,,,,,,,,,,,,,,,,,,,,,,,,,,,,,,
toolagent_trace,0.02,4.0,"l1=0.02,l2x4",C_lru,learned,binary,2,binary,auc,True,600.0,183669.0,45644.0,40000.0,2712.0,0.008112094395280236,1.0,37288.0,0.10469856254022741,1.0,0.7320308861685849,240496.0,38448.0,0.550044865792759,0.7158613036952138,38708.0,1292.0,0.717786590884834,39102.0,0.90185,1.0,0.2032521283871424,seed,,,,,,,,,,,,,,,,,,,,,,,,,,,,,,,,,,,,,,,,,,,,,,,,,,,,,,,,,,,,,,,,
toolagent_trace,0.02,4.0,"l1=0.02,l2x4",C_lru,learned,binary,2,next_use,spearman,False,600.0,183669.0,45644.0,40000.0,2712.0,0.008112094395280236,1.0,37288.0,0.10469856254022741,1.0,0.7006245934572218,278261.0,38448.0,0.550044865792759,0.28446051871149564,38708.0,1292.0,0.2902356646486708,39102.0,0.90185,1.0,0.20323738886399548,seed,,,,,,,,,,,,,,,,,,,,,,,,,,,,,,,,,,,,,,,,,,,,,,,,,,,,,,,,,,,,,,,,
toolagent_trace,0.02,4.0,"l1=0.02,l2x4",C_lru,learned,binary,3,binary,auc,True,600.0,183697.0,45574.0,40000.0,2680.0,0.0070895522388059705,1.0,37320.0,0.10289389067524116,1.0,0.7318621222313576,240822.0,38471.0,0.5503756076005303,0.7163204301022675,38781.0,1219.0,0.7180961130389989,39154.0,0.903525,1.0,0.20384953815269924,seed,,,,,,,,,,,,,,,,,,,,,,,,,,,,,,,,,,,,,,,,,,,,,,,,,,,,,,,,,,,,,,,,
toolagent_trace,0.02,4.0,"l1=0.02,l2x4",C_lru,learned,binary,3,next_use,spearman,False,600.0,183697.0,45574.0,40000.0,2680.0,0.0070895522388059705,1.0,37320.0,0.10289389067524116,1.0,0.6997545990291436,279135.0,38471.0,0.5503756076005303,0.2850781752912705,38781.0,1219.0,0.2906933075434322,39154.0,0.903525,1.0,0.20383627303156657,seed,,,,,,,,,,,,,,,,,,,,,,,,,,,,,,,,,,,,,,,,,,,,,,,,,,,,,,,,,,,,,,,,
toolagent_trace,0.02,4.0,"l1=0.02,l2x4",C_lru,learned,binary,4,binary,auc,True,600.0,183663.0,45612.0,40000.0,2644.0,0.00680786686838124,1.0,37356.0,0.10233965092622337,1.0,0.733266774824244,240390.0,38412.0,0.5508402322190982,0.7164371878601612,38756.0,1244.0,0.7190018893779473,39113.0,0.903975,1.0,0.20307718613467923,seed,,,,,,,,,,,,,,,,,,,,,,,,,,,,,,,,,,,,,,,,,,,,,,,,,,,,,,,,,,,,,,,,
toolagent_trace,0.02,4.0,"l1=0.02,l2x4",C_lru,learned,binary,4,next_use,spearman,False,600.0,183663.0,45612.0,40000.0,2644.0,0.00680786686838124,1.0,37356.0,0.10233965092622337,1.0,0.7011076870029955,278418.0,38412.0,0.5508402322190982,0.2846746485583689,38755.0,1245.0,0.291014994185288,39112.0,0.903975,1.0,0.20306686792096837,seed,,,,,,,,,,,,,,,,,,,,,,,,,,,,,,,,,,,,,,,,,,,,,,,,,,,,,,,,,,,,,,,,
toolagent_trace,0.02,4.0,"l1=0.02,l2x4",C_union,learned,binary,0,binary,auc,True,600.0,180519.0,44893.0,40000.0,2269.0,0.00617011899515205,1.0,37731.0,0.08589753783361162,1.0,0.7514873214293026,244231.0,38166.0,0.7283208549494314,0.7127874980783019,39163.0,837.0,0.7179858951657222,39424.0,0.918625,1.0,0.22217421693213757,seed,,,,,,,,,,,,,,,,,,,,,,,,,,,,,,,,,,,,,,,,,,,,,,,,,,,,,,,,,,,,,,,,
toolagent_trace,0.02,4.0,"l1=0.02,l2x4",C_union,learned,binary,0,next_use,spearman,False,600.0,180519.0,44893.0,40000.0,2269.0,0.00617011899515205,1.0,37731.0,0.08589753783361162,1.0,0.7184429036722255,286148.0,38166.0,0.7283208549494314,0.29265306682791464,39160.0,840.0,0.3023503856403259,39423.0,0.918625,1.0,0.22215947127989313,seed,,,,,,,,,,,,,,,,,,,,,,,,,,,,,,,,,,,,,,,,,,,,,,,,,,,,,,,,,,,,,,,,
toolagent_trace,0.02,4.0,"l1=0.02,l2x4",C_union,learned,binary,1,binary,auc,True,600.0,180474.0,44866.0,40000.0,2278.0,0.006145741878841089,1.0,37722.0,0.08650124595726631,1.0,0.7509936732720329,244044.0,38181.0,0.7281615856054058,0.7132475689017108,39119.0,881.0,0.7182165597512132,39390.0,0.918075,1.0,0.22177707721095105,seed,,,,,,,,,,,,,,,,,,,,,,,,,,,,,,,,,,,,,,,,,,,,,,,,,,,,,,,,,,,,,,,,
toolagent_trace,0.02,4.0,"l1=0.02,l2x4",C_union,learned,binary,1,next_use,spearman,False,600.0,180474.0,44866.0,40000.0,2278.0,0.006145741878841089,1.0,37722.0,0.08650124595726631,1.0,0.7175401222907835,285876.0,38181.0,0.7281615856054058,0.29240450622945086,39119.0,881.0,0.30193251405328125,39390.0,0.918075,1.0,0.22176380641746082,seed,,,,,,,,,,,,,,,,,,,,,,,,,,,,,,,,,,,,,,,,,,,,,,,,,,,,,,,,,,,,,,,,
toolagent_trace,0.02,4.0,"l1=0.02,l2x4",C_union,learned,binary,2,binary,auc,True,600.0,180521.0,44888.0,40000.0,2328.0,0.005154639175257732,1.0,37672.0,0.08701422807390104,1.0,0.7498844112749129,244401.0,38183.0,0.7282519380352513,0.7126769249297605,39144.0,856.0,0.7176606258738584,39420.0,0.91775,1.0,0.22158473450381386,seed,,,,,,,,,,,,,,,,,,,,,,,,,,,,,,,,,,,,,,,,,,,,,,,,,,,,,,,,,,,,,,,,
toolagent_trace,0.02,4.0,"l1=0.02,l2x4",C_union,learned,binary,2,next_use,spearman,False,600.0,180521.0,44888.0,40000.0,2328.0,0.005154639175257732,1.0,37672.0,0.08701422807390104,1.0,0.7173189591285988,286068.0,38183.0,0.7282519380352513,0.2915551176992316,39143.0,857.0,0.3010886367232055,39419.0,0.91775,1.0,0.22156409110815223,seed,,,,,,,,,,,,,,,,,,,,,,,,,,,,,,,,,,,,,,,,,,,,,,,,,,,,,,,,,,,,,,,,
toolagent_trace,0.02,4.0,"l1=0.02,l2x4",C_union,learned,binary,3,binary,auc,True,600.0,180543.0,44895.0,40000.0,2302.0,0.005647263249348393,1.0,37698.0,0.0865563159849329,1.0,0.7524397738446411,244080.0,38150.0,0.7281585845347314,0.7129209382684488,39131.0,869.0,0.7180992442127262,39395.0,0.9181,1.0,0.22139202241392023,seed,,,,,,,,,,,,,,,,,,,,,,,,,,,,,,,,,,,,,,,,,,,,,,,,,,,,,,,,,,,,,,,,
toolagent_trace,0.02,4.0,"l1=0.02,l2x4",C_union,learned,binary,3,next_use,spearman,False,600.0,180543.0,44895.0,40000.0,2302.0,0.005647263249348393,1.0,37698.0,0.0865563159849329,1.0,0.7195482143794509,285755.0,38150.0,0.7281585845347314,0.2917148139561426,39130.0,870.0,0.3017021115594011,39394.0,0.9181,1.0,0.22137727641377278,seed,,,,,,,,,,,,,,,,,,,,,,,,,,,,,,,,,,,,,,,,,,,,,,,,,,,,,,,,,,,,,,,,
toolagent_trace,0.02,4.0,"l1=0.02,l2x4",C_union,learned,binary,4,binary,auc,True,600.0,180498.0,44868.0,40000.0,2347.0,0.0038346825734980826,1.0,37653.0,0.08684566966775556,1.0,0.7534610263238759,244075.0,38225.0,0.7272522890778287,0.7144262416074135,39111.0,889.0,0.7194244538039789,39363.0,0.918025,1.0,0.22121124995392386,seed,,,,,,,,,,,,,,,,,,,,,,,,,,,,,,,,,,,,,,,,,,,,,,,,,,,,,,,,,,,,,,,,
toolagent_trace,0.02,4.0,"l1=0.02,l2x4",C_union,learned,binary,4,next_use,spearman,False,600.0,180498.0,44868.0,40000.0,2347.0,0.0038346825734980826,1.0,37653.0,0.08684566966775556,1.0,0.7194893233586891,286326.0,38225.0,0.7272522890778287,0.29382089337675327,39111.0,889.0,0.3035482900941416,39363.0,0.918025,1.0,0.22119355671053118,seed,,,,,,,,,,,,,,,,,,,,,,,,,,,,,,,,,,,,,,,,,,,,,,,,,,,,,,,,,,,,,,,,
toolagent_trace,0.02,4.0,"l1=0.02,l2x4",A_none,learned,next_use,0,binary,auc,False,600.0,180768.0,44755.0,40000.0,13.0,0.0,nan,39987.0,0.08335208942906444,1.0,0.7425545056926313,239608.0,37222.0,0.7749701117618613,0.714107596066391,39173.0,827.0,0.7177809468826877,39420.0,0.916675,1.0,0.22150195947562246,seed,,,,,,,,,,,,,,,,,,,,,,,,,,,,,,,,,,,,,,,,,,,,,,,,,,,,,,,,,,,,,,,,
toolagent_trace,0.02,4.0,"l1=0.02,l2x4",A_none,learned,next_use,0,next_use,spearman,True,600.0,180768.0,44755.0,40000.0,13.0,0.0,nan,39987.0,0.08335208942906444,1.0,0.7112564569607104,281092.0,37222.0,0.7749701117618613,0.2918815646841809,39173.0,827.0,0.300117342097773,39420.0,0.916675,1.0,0.2214768569243173,seed,,,,,,,,,,,,,,,,,,,,,,,,,,,,,,,,,,,,,,,,,,,,,,,,,,,,,,,,,,,,,,,,
toolagent_trace,0.02,4.0,"l1=0.02,l2x4",A_none,learned,next_use,1,binary,auc,False,600.0,180777.0,44708.0,40000.0,15.0,0.0,nan,39985.0,0.08205577091409279,1.0,0.7417803227485684,240125.0,37208.0,0.7754943493334767,0.7137965145136268,39137.0,863.0,0.7176062525094863,39412.0,0.917975,1.0,0.2219037577819518,seed,,,,,,,,,,,,,,,,,,,,,,,,,,,,,,,,,,,,,,,,,,,,,,,,,,,,,,,,,,,,,,,,
toolagent_trace,0.02,4.0,"l1=0.02,l2x4",A_none,learned,next_use,1,next_use,spearman,True,600.0,180777.0,44708.0,40000.0,15.0,0.0,nan,39985.0,0.08205577091409279,1.0,0.7100953502979032,281803.0,37208.0,0.7754943493334767,0.29171537973920003,39137.0,863.0,0.2997533248933353,39412.0,0.917975,1.0,0.22188899127003817,seed,,,,,,,,,,,,,,,,,,,,,,,,,,,,,,,,,,,,,,,,,,,,,,,,,,,,,,,,,,,,,,,,
toolagent_trace,0.02,4.0,"l1=0.02,l2x4",A_none,learned,next_use,2,binary,auc,False,600.0,180867.0,44715.0,40000.0,18.0,0.0,nan,39982.0,0.08231204041818818,1.0,0.7435675923227445,240190.0,37219.0,0.7757790040033317,0.7151022390951067,39152.0,848.0,0.718768268363493,39420.0,0.917725,1.0,0.22209802146720634,seed,,,,,,,,,,,,,,,,,,,,,,,,,,,,,,,,,,,,,,,,,,,,,,,,,,,,,,,,,,,,,,,,
toolagent_trace,0.02,4.0,"l1=0.02,l2x4",A_none,learned,next_use,2,next_use,spearman,True,600.0,180867.0,44715.0,40000.0,18.0,0.0,nan,39982.0,0.08231204041818818,1.0,0.710953825412875,281865.0,37219.0,0.7757790040033317,0.2934099977663471,39151.0,849.0,0.3014298048538079,39419.0,0.917725,1.0,0.22208473182234995,seed,,,,,,,,,,,,,,,,,,,,,,,,,,,,,,,,,,,,,,,,,,,,,,,,,,,,,,,,,,,,,,,,
toolagent_trace,0.02,4.0,"l1=0.02,l2x4",A_none,learned,next_use,3,binary,auc,False,600.0,180765.0,44727.0,40000.0,18.0,0.0,nan,39982.0,0.08196188284728127,1.0,0.7422111369489661,239958.0,37215.0,0.7765920999596937,0.7146762839062579,39146.0,854.0,0.7181322786868561,39405.0,0.918075,1.0,0.22108488441632274,seed,,,,,,,,,,,,,,,,,,,,,,,,,,,,,,,,,,,,,,,,,,,,,,,,,,,,,,,,,,,,,,,,
toolagent_trace,0.02,4.0,"l1=0.02,l2x4",A_none,learned,next_use,3,next_use,spearman,True,600.0,180765.0,44727.0,40000.0,18.0,0.0,nan,39982.0,0.08196188284728127,1.0,0.7103923644165329,281524.0,37215.0,0.7765920999596937,0.29224968279500213,39145.0,855.0,0.3001714389798899,39404.0,0.918075,1.0,0.2210686414211144,seed,,,,,,,,,,,,,,,,,,,,,,,,,,,,,,,,,,,,,,,,,,,,,,,,,,,,,,,,,,,,,,,,
toolagent_trace,0.02,4.0,"l1=0.02,l2x4",A_none,learned,next_use,4,binary,auc,False,600.0,180824.0,44741.0,40000.0,21.0,0.0,nan,39979.0,0.08229320393206434,1.0,0.7425086861835652,240612.0,37219.0,0.7757084755098202,0.7144806882730627,39182.0,818.0,0.7177802785328917,39416.0,0.91775,1.0,0.22238891702684066,seed,,,,,,,,,,,,,,,,,,,,,,,,,,,,,,,,,,,,,,,,,,,,,,,,,,,,,,,,,,,,,,,,
toolagent_trace,0.02,4.0,"l1=0.02,l2x4",A_none,learned,next_use,4,next_use,spearman,True,600.0,180824.0,44741.0,40000.0,21.0,0.0,nan,39979.0,0.08229320393206434,1.0,0.7101233239031679,282427.0,37219.0,0.7757084755098202,0.2922037194802084,39182.0,818.0,0.3001701792348118,39416.0,0.91775,1.0,0.22236824424595295,seed,,,,,,,,,,,,,,,,,,,,,,,,,,,,,,,,,,,,,,,,,,,,,,,,,,,,,,,,,,,,,,,,
toolagent_trace,0.02,4.0,"l1=0.02,l2x4",B,learned,next_use,0,binary,auc,False,600.0,206789.0,52345.0,40000.0,24076.0,0.22794484133577006,1.0,15924.0,0.20183371012308465,1.0,0.3557496334560442,220301.0,39055.0,0.10276453078991166,0.5860834282384283,33125.0,6875.0,0.5384678058257555,35146.0,0.78245,1.0,0.1169139465875371,seed,,,,,,,,,,,,,,,,,,,,,,,,,,,,,,,,,,,,,,,,,,,,,,,,,,,,,,,,,,,,,,,,
toolagent_trace,0.02,4.0,"l1=0.02,l2x4",B,learned,next_use,0,next_use,spearman,True,600.0,206789.0,52345.0,40000.0,24076.0,0.22794484133577006,1.0,15924.0,0.20183371012308465,1.0,0.366836592671993,240693.0,39055.0,0.10276453078991166,0.09189444673627693,33123.0,6877.0,0.04175841709952072,35144.0,0.78245,1.0,0.1169006928746567,seed,,,,,,,,,,,,,,,,,,,,,,,,,,,,,,,,,,,,,,,,,,,,,,,,,,,,,,,,,,,,,,,,
toolagent_trace,0.02,4.0,"l1=0.02,l2x4",B,learned,next_use,1,binary,auc,False,600.0,206830.0,52413.0,40000.0,23969.0,0.22883724811214484,1.0,16031.0,0.2024826897885347,1.0,0.35554126580897893,220049.0,39060.0,0.10344742063492063,0.5855534959572103,33054.0,6946.0,0.5384340649760536,35194.0,0.781725,1.0,0.11599564103319294,seed,,,,,,,,,,,,,,,,,,,,,,,,,,,,,,,,,,,,,,,,,,,,,,,,,,,,,,,,,,,,,,,,
toolagent_trace,0.02,4.0,"l1=0.02,l2x4",B,learned,next_use,1,next_use,spearman,True,600.0,206830.0,52413.0,40000.0,23969.0,0.22883724811214484,1.0,16031.0,0.2024826897885347,1.0,0.36656146034151804,240163.0,39060.0,0.10344742063492063,0.09231101832235009,33052.0,6948.0,0.04214961297071257,35193.0,0.781725,1.0,0.11598238741790122,seed,,,,,,,,,,,,,,,,,,,,,,,,,,,,,,,,,,,,,,,,,,,,,,,,,,,,,,,,,,,,,,,,
toolagent_trace,0.02,4.0,"l1=0.02,l2x4",B,learned,next_use,2,binary,auc,False,600.0,206774.0,52401.0,40000.0,23925.0,0.22950888192267502,1.0,16075.0,0.2050388802488336,1.0,0.35444420278034544,220692.0,39081.0,0.10327029119009237,0.5845271114883542,33155.0,6845.0,0.5371665726965218,35218.0,0.780325,1.0,0.11674748667684709,seed,,,,,,,,,,,,,,,,,,,,,,,,,,,,,,,,,,,,,,,,,,,,,,,,,,,,,,,,,,,,,,,,
toolagent_trace,0.02,4.0,"l1=0.02,l2x4",B,learned,next_use,2,next_use,spearman,True,600.0,206774.0,52401.0,40000.0,23925.0,0.22950888192267502,1.0,16075.0,0.2050388802488336,1.0,0.3655934052713024,241041.0,39081.0,0.10327029119009237,0.0912352074997252,33153.0,6847.0,0.04103231340522816,35217.0,0.78035,1.0,0.1167298157362671,seed,,,,,,,,,,,,,,,,,,,,,,,,,,,,,,,,,,,,,,,,,,,,,,,,,,,,,,,,,,,,,,,,
toolagent_trace,0.02,4.0,"l1=0.02,l2x4",B,learned,next_use,3,binary,auc,False,600.0,206837.0,52387.0,40000.0,23828.0,0.22989759946281685,1.0,16172.0,0.200408112787534,1.0,0.3542296967266895,219472.0,38988.0,0.10273754103826818,0.5814689323524487,33025.0,6975.0,0.5338722886075631,35126.0,0.782025,1.0,0.1157884969984742,seed,,,,,,,,,,,,,,,,,,,,,,,,,,,,,,,,,,,,,,,,,,,,,,,,,,,,,,,,,,,,,,,,
toolagent_trace,0.02,4.0,"l1=0.02,l2x4",B,learned,next_use,3,next_use,spearman,True,600.0,206837.0,52387.0,40000.0,23828.0,0.22989759946281685,1.0,16172.0,0.200408112787534,1.0,0.36526058842953096,239247.0,38988.0,0.10273754103826818,0.0870622637217368,33025.0,6975.0,0.03722088464662504,35126.0,0.782025,1.0,0.11578113309808126,seed,,,,,,,,,,,,,,,,,,,,,,,,,,,,,,,,,,,,,,,,,,,,,,,,,,,,,,,,,,,,,,,,
toolagent_trace,0.02,4.0,"l1=0.02,l2x4",B,learned,next_use,4,binary,auc,False,600.0,206851.0,52427.0,40000.0,24102.0,0.2296489917849141,1.0,15898.0,0.20354761605233362,1.0,0.35722954269636875,220007.0,39094.0,0.10348694812503198,0.5817770579495962,32984.0,7016.0,0.5347481103150469,35134.0,0.780725,1.0,0.11604726297095837,seed,,,,,,,,,,,,,,,,,,,,,,,,,,,,,,,,,,,,,,,,,,,,,,,,,,,,,,,,,,,,,,,,
toolagent_trace,0.02,4.0,"l1=0.02,l2x4",B,learned,next_use,4,next_use,spearman,True,600.0,206851.0,52427.0,40000.0,24102.0,0.2296489917849141,1.0,15898.0,0.20354761605233362,1.0,0.3675460938509573,239891.0,39094.0,0.10348694812503198,0.08843095582964278,32980.0,7020.0,0.03891430387026575,35132.0,0.780725,1.0,0.11602959236865588,seed,,,,,,,,,,,,,,,,,,,,,,,,,,,,,,,,,,,,,,,,,,,,,,,,,,,,,,,,,,,,,,,,
toolagent_trace,0.02,4.0,"l1=0.02,l2x4",C_lru,learned,next_use,0,binary,auc,False,600.0,180119.0,44609.0,40000.0,675.0,0.005925925925925926,1.0,39325.0,0.0789574062301335,1.0,0.7475693650628702,240575.0,37402.0,0.6927904924870327,0.7135522799845357,39114.0,886.0,0.7176139449311904,39380.0,0.922275,1.0,0.2214873885816694,seed,,,,,,,,,,,,,,,,,,,,,,,,,,,,,,,,,,,,,,,,,,,,,,,,,,,,,,,,,,,,,,,,
toolagent_trace,0.02,4.0,"l1=0.02,l2x4",C_lru,learned,next_use,0,next_use,spearman,True,600.0,180119.0,44609.0,40000.0,675.0,0.005925925925925926,1.0,39325.0,0.0789574062301335,1.0,0.7147694892187301,282156.0,37402.0,0.6927904924870327,0.2919427012952549,39113.0,887.0,0.3007248696374402,39379.0,0.922275,1.0,0.22147557875530335,seed,,,,,,,,,,,,,,,,,,,,,,,,,,,,,,,,,,,,,,,,,,,,,,,,,,,,,,,,,,,,,,,,
toolagent_trace,0.02,4.0,"l1=0.02,l2x4",C_lru,learned,next_use,1,binary,auc,False,600.0,180142.0,44610.0,40000.0,690.0,0.002898550724637681,1.0,39310.0,0.07883490206054439,1.0,0.7479364407131528,240846.0,37418.0,0.6921668715591427,0.7124021369049361,39119.0,881.0,0.716861226527633,39378.0,0.922475,1.0,0.22212725377831707,seed,,,,,,,,,,,,,,,,,,,,,,,,,,,,,,,,,,,,,,,,,,,,,,,,,,,,,,,,,,,,,,,,
toolagent_trace,0.02,4.0,"l1=0.02,l2x4",C_lru,learned,next_use,1,next_use,spearman,True,600.0,180142.0,44610.0,40000.0,690.0,0.002898550724637681,1.0,39310.0,0.07883490206054439,1.0,0.7135013960006087,282593.0,37418.0,0.6921668715591427,0.2904459370474487,39119.0,881.0,0.2993772696441931,39378.0,0.922475,1.0,0.22210806326374558,seed,,,,,,,,,,,,,,,,,,,,,,,,,,,,,,,,,,,,,,,,,,,,,,,,,,,,,,,,,,,,,,,,
toolagent_trace,0.02,4.0,"l1=0.02,l2x4",C_lru,learned,next_use,2,binary,auc,False,600.0,180106.0,44603.0,40000.0,679.0,0.0,nan,39321.0,0.07815162381424684,1.0,0.748856025625026,240390.0,37404.0,0.6920641843118384,0.713273553636739,39120.0,880.0,0.7177252413605869,39401.0,0.923175,1.0,0.22222484662033293,seed,,,,,,,,,,,,,,,,,,,,,,,,,,,,,,,,,,,,,,,,,,,,,,,,,,,,,,,,,,,,,,,,
toolagent_trace,0.02,4.0,"l1=0.02,l2x4",C_lru,learned,next_use,2,next_use,spearman,True,600.0,180106.0,44603.0,40000.0,679.0,0.0,nan,39321.0,0.07815162381424684,1.0,0.7149841980697552,282244.0,37404.0,0.6920641843118384,0.291567998529472,39120.0,880.0,0.3004031265704029,39401.0,0.923175,1.0,0.22219975081339938,seed,,,,,,,,,,,,,,,,,,,,,,,,,,,,,,,,,,,,,,,,,,,,,,,,,,,,,,,,,,,,,,,,
toolagent_trace,0.02,4.0,"l1=0.02,l2x4",C_lru,learned,next_use,3,binary,auc,False,600.0,180086.0,44581.0,40000.0,707.0,0.004243281471004243,1.0,39293.0,0.07861451149059628,1.0,0.7483195251021587,240557.0,37473.0,0.6908782656846263,0.713554649667277,39159.0,841.0,0.717772764135755,39428.0,0.9227,1.0,0.2218937138454226,seed,,,,,,,,,,,,,,,,,,,,,,,,,,,,,,,,,,,,,,,,,,,,,,,,,,,,,,,,,,,,,,,,
toolagent_trace,0.02,4.0,"l1=0.02,l2x4",C_lru,learned,next_use,3,next_use,spearman,True,600.0,180086.0,44581.0,40000.0,707.0,0.004243281471004243,1.0,39293.0,0.07861451149059628,1.0,0.7144124427635004,282381.0,37473.0,0.6908782656846263,0.2911743772061463,39159.0,841.0,0.29994360709260526,39428.0,0.9227,1.0,0.22187452488881476,seed,,,,,,,,,,,,,,,,,,,,,,,,,,,,,,,,,,,,,,,,,,,,,,,,,,,,,,,,,,,,,,,,
toolagent_trace,0.02,4.0,"l1=0.02,l2x4",C_lru,learned,next_use,4,binary,auc,False,600.0,180078.0,44563.0,40000.0,670.0,0.008955223880597015,1.0,39330.0,0.07833714721586575,1.0,0.7480030587902817,240618.0,37379.0,0.6918699336525856,0.7132325720788751,39144.0,856.0,0.7175174157934092,39385.0,0.922825,1.0,0.2215775806453994,seed,,,,,,,,,,,,,,,,,,,,,,,,,,,,,,,,,,,,,,,,,,,,,,,,,,,,,,,,,,,,,,,,
toolagent_trace,0.02,4.0,"l1=0.02,l2x4",C_lru,learned,next_use,4,next_use,spearman,True,600.0,180078.0,44563.0,40000.0,670.0,0.008955223880597015,1.0,39330.0,0.07833714721586575,1.0,0.7138994510810054,282191.0,37379.0,0.6918699336525856,0.2910948805714426,39144.0,856.0,0.29999141358498643,39385.0,0.922825,1.0,0.22156429413961756,seed,,,,,,,,,,,,,,,,,,,,,,,,,,,,,,,,,,,,,,,,,,,,,,,,,,,,,,,,,,,,,,,,
toolagent_trace,0.02,4.0,"l1=0.02,l2x4",C_union,learned,next_use,0,binary,auc,False,600.0,180264.0,44617.0,40000.0,414.0,0.004830917874396135,1.0,39586.0,0.07818420653766484,1.0,0.7543468781794398,240805.0,37320.0,0.722320471596999,0.725264524010305,39108.0,892.0,0.7288666565394678,39371.0,0.922575,1.0,0.22268056457804286,seed,,,,,,,,,,,,,,,,,,,,,,,,,,,,,,,,,,,,,,,,,,,,,,,,,,,,,,,,,,,,,,,,
toolagent_trace,0.02,4.0,"l1=0.02,l2x4",C_union,learned,next_use,0,next_use,spearman,True,600.0,180264.0,44617.0,40000.0,414.0,0.004830917874396135,1.0,39586.0,0.07818420653766484,1.0,0.719437000162635,282842.0,37320.0,0.722320471596999,0.3086542823116271,39107.0,893.0,0.31661605966624573,39370.0,0.922575,1.0,0.22266432410086812,seed,,,,,,,,,,,,,,,,,,,,,,,,,,,,,,,,,,,,,,,,,,,,,,,,,,,,,,,,,,,,,,,,
toolagent_trace,0.02,4.0,"l1=0.02,l2x4",C_union,learned,next_use,1,binary,auc,False,600.0,180309.0,44658.0,40000.0,460.0,0.002173913043478261,1.0,39540.0,0.0774405665149216,1.0,0.7534940441011213,240266.0,37303.0,0.7218521298555076,0.7247250781068062,39183.0,817.0,0.7282194303401869,39414.0,0.923425,1.0,0.2227481644109062,seed,,,,,,,,,,,,,,,,,,,,,,,,,,,,,,,,,,,,,,,,,,,,,,,,,,,,,,,,,,,,,,,,
toolagent_trace,0.02,4.0,"l1=0.02,l2x4",C_union,learned,next_use,1,next_use,spearman,True,600.0,180309.0,44658.0,40000.0,460.0,0.002173913043478261,1.0,39540.0,0.0774405665149216,1.0,0.7187250925450327,282295.0,37303.0,0.7218521298555076,0.30751411327699485,39183.0,817.0,0.3155313975274275,39414.0,0.923425,1.0,0.22272749419388368,seed,,,,,,,,,,,,,,,,,,,,,,,,,,,,,,,,,,,,,,,,,,,,,,,,,,,,,,,,,,,,,,,,
toolagent_trace,0.02,4.0,"l1=0.02,l2x4",C_union,learned,next_use,2,binary,auc,False,600.0,180284.0,44625.0,40000.0,450.0,0.0044444444444444444,1.0,39550.0,0.07737041719342605,1.0,0.7524402481299033,241164.0,37358.0,0.7203769942181059,0.7238601658520093,39163.0,837.0,0.727546933541055,39423.0,0.92345,1.0,0.22344609497488774,seed,,,,,,,,,,,,,,,,,,,,,,,,,,,,,,,,,,,,,,,,,,,,,,,,,,,,,,,,,,,,,,,,
toolagent_trace,0.02,4.0,"l1=0.02,l2x4",C_union,learned,next_use,2,next_use,spearman,True,600.0,180284.0,44625.0,40000.0,450.0,0.0044444444444444444,1.0,39550.0,0.07737041719342605,1.0,0.7177973045517475,283144.0,37358.0,0.7203769942181059,0.3072839632692877,39163.0,837.0,0.3152127862817455,39423.0,0.92345,1.0,0.22343576070556487,seed,,,,,,,,,,,,,,,,,,,,,,,,,,,,,,,,,,,,,,,,,,,,,,,,,,,,,,,,,,,,,,,,
toolagent_trace,0.02,4.0,"l1=0.02,l2x4",C_union,learned,next_use,3,binary,auc,False,600.0,180331.0,44653.0,40000.0,479.0,0.0020876826722338203,1.0,39521.0,0.07737658460059209,1.0,0.7543528559895465,240302.0,37350.0,0.7206375502008032,0.7237106831588392,39086.0,914.0,0.7277659011974456,39354.0,0.923525,1.0,0.22203144607662212,seed,,,,,,,,,,,,,,,,,,,,,,,,,,,,,,,,,,,,,,,,,,,,,,,,,,,,,,,,,,,,,,,,
toolagent_trace,0.02,4.0,"l1=0.02,l2x4",C_union,learned,next_use,3,next_use,spearman,True,600.0,180331.0,44653.0,40000.0,479.0,0.0020876826722338203,1.0,39521.0,0.07737658460059209,1.0,0.7200251732879505,282045.0,37350.0,0.7206375502008032,0.30681887017582316,39085.0,915.0,0.31519985749873053,39353.0,0.923525,1.0,0.22201225363549126,seed,,,,,,,,,,,,,,,,,,,,,,,,,,,,,,,,,,,,,,,,,,,,,,,,,,,,,,,,,,,,,,,,
toolagent_trace,0.02,4.0,"l1=0.02,l2x4",C_union,learned,next_use,4,binary,auc,False,600.0,180267.0,44622.0,40000.0,495.0,0.00404040404040404,1.0,39505.0,0.07809138083786862,1.0,0.7546965332891274,241295.0,37346.0,0.7210954653778182,0.7225316530328936,39146.0,854.0,0.7265553009039653,39407.0,0.922825,1.0,0.22171829463819082,seed,,,,,,,,,,,,,,,,,,,,,,,,,,,,,,,,,,,,,,,,,,,,,,,,,,,,,,,,,,,,,,,,
toolagent_trace,0.02,4.0,"l1=0.02,l2x4",C_union,learned,next_use,4,next_use,spearman,True,600.0,180267.0,44622.0,40000.0,495.0,0.00404040404040404,1.0,39505.0,0.07809138083786862,1.0,0.7197549418296262,282790.0,37346.0,0.7210954653778182,0.30457395873267407,39146.0,854.0,0.31305391228290735,39407.0,0.922825,1.0,0.2216961493830332,seed,,,,,,,,,,,,,,,,,,,,,,,,,,,,,,,,,,,,,,,,,,,,,,,,,,,,,,,,,,,,,,,,
conversation_trace,0.0025,1.0,"l1=0.0025,l2x1",A_none,learned,binary,,binary,auc,,,,,,,,,,,,,,,,,,,,,,,,aggregate,5,268819.0,25.553864678361276,31.724227108000594,61294.6,7.536577472566709,9.356396708135026,40000.0,0.0,0.0,32328.8,38.04865306420189,47.23606883558368,0.2736200083713221,0.001737882752292175,0.002157520508726811,0.9962686201055305,0.0011536247379026713,0.001432184667300937,7671.2,38.04865306420189,47.23606883558368,0.45099398403306834,0.005623370101446991,0.006981216831820719,0.9958946618906946,0.0006953950040880013,0.0008633085177968267,0.8160604360425368,0.0010355387480763193,0.0012855850508954986,353501.2,504.7511267941856,626.6308278996812,39487.4,17.227884373886425,21.387814459640328,0.05151208490891479,0.00035711039958048844,0.0004433400411842037,0.5325394861880148,0.0009681618760453434,0.0012019390264275298,39857.2,20.38872237291979,25.311884019961845,142.8,20.38872237291979,25.311884019961845,0.575837747047517,0.000849019625784792,0.0010540280997243538,39952.8,11.256109452204166,13.974065258184531,0.693545,0.000904744439054465,0.001123208501748436,1.0,0.0,0.0,0.6507946986728139,0.0014359509268367608,0.0017826827328192092
conversation_trace,0.0025,1.0,"l1=0.0025,l2x1",A_none,learned,binary,,next_use,spearman,,,,,,,,,,,,,,,,,,,,,,,,aggregate,5,268819.0,25.553864678361276,31.724227108000594,61294.6,7.536577472566709,9.356396708135026,40000.0,0.0,0.0,32328.8,38.04865306420189,47.23606883558368,0.2736200083713221,0.001737882752292175,0.002157520508726811,0.9962686201055305,0.0011536247379026713,0.001432184667300937,7671.2,38.04865306420189,47.23606883558368,0.45099398403306834,0.005623370101446991,0.006981216831820719,0.9958946618906946,0.0006953950040880013,0.0008633085177968267,0.7626436567537251,0.0010106178914533269,0.0012546466810956774,487622.4,900.1121041292579,1117.4576203433219,39487.4,17.227884373886425,21.387814459640328,0.05151208490891479,0.00035711039958048844,0.0004433400411842037,0.0469596739684265,0.0021793587993409608,0.002705597543476773,40000.0,0.0,0.0,0.0,0.0,0.0,0.1106737283662248,0.0016903391425524838,0.002098496784061269,40000.0,0.0,0.0,0.6930449999999999,0.0009262491565448626,0.0011499058545811941,1.0,0.0,0.0,0.650541272710021,0.00144149905015891,0.0017895705334126006
conversation_trace,0.0025,1.0,"l1=0.0025,l2x1",A_none,learned,next_use,,binary,auc,,,,,,,,,,,,,,,,,,,,,,,,aggregate,5,267862.8,16.48332490731163,20.463469985317737,61237.2,9.47100839404126,11.757924878140699,40000.0,0.0,0.0,33015.2,76.98506348636728,95.5742573072896,0.2743586531671482,0.0005348693685570903,0.0006640215691361387,0.9947230047605586,0.0009004652795827072,0.001117896075286839,6984.8,76.98506348636728,95.5742573072896,0.4519088680756166,0.0035099133181422733,0.004357434330801272,0.9954990776642637,0.0016691502440880864,0.002072191509477025,0.8169492697381356,0.0007268961241709013,0.0009024160539853765,352654.8,451.6472074528968,560.7041738020504,39487.2,13.498148021117563,16.757477538102204,0.04018043646953312,0.0002096822392249187,0.00026031314877073274,0.4363792604568702,0.00236967331216898,0.002941866338936785,39827.4,8.532291603080617,10.592540892533764,172.6,8.532291603080617,10.592540892533764,0.4950974278467245,0.001768071907452161,0.002194999286459599,39938.0,5.958187643906492,7.396881072452091,0.69619,0.0004346694146130086,0.0005396268392139367,1.0,0.0,0.0,0.6497470402160967,0.001122621040397822,0.0013936946638039528
conversation_trace,0.0025,1.0,"l1=0.0025,l2x1",A_none,learned,next_use,,next_use,spearman,,,,,,,,,,,,,,,,,,,,,,,,aggregate,5,267862.8,16.48332490731163,20.463469985317737,61237.2,9.47100839404126,11.757924878140699,40000.0,0.0,0.0,33015.2,76.98506348636728,95.5742573072896,0.2743586531671482,0.0005348693685570903,0.0006640215691361387,0.9947230047605586,0.0009004652795827072,0.001117896075286839,6984.8,76.98506348636728,95.5742573072896,0.4519088680756166,0.0035099133181422733,0.004357434330801272,0.9954990776642637,0.0016691502440880864,0.002072191509477025,0.7564400541483872,0.0007262506902992973,0.0009016147704619765,486352.8,694.8058721686224,862.5771311732301,39487.2,13.498148021117563,16.757477538102204,0.04018043646953312,0.0002096822392249187,0.00026031314877073274,-0.02221078184164193,0.0047515377714228,0.005898867559571289,40000.0,0.0,0.0,0.0,0.0,0.0,0.046428514500598636,0.004017058696830503,0.00498703753848759,40000.0,0.0,0.0,0.695195,0.00044525273721785706,0.0005527656631882907,1.0,0.0,0.0,0.6493399684263628,0.0011713365495523223,0.0014541732605074847
conversation_trace,0.0025,1.0,"l1=0.0025,l2x1",B,learned,binary,,binary,auc,,,,,,,,,,,,,,,,,,,,,,,,aggregate,5,269038.6,19.15202339179858,23.77656559219602,61593.4,12.641202474448386,15.693609685473891,40000.0,0.0,0.0,33224.2,53.52289229852961,66.44679433531763,0.27804952609177364,0.0015841304705760328,0.0019666424413608777,0.999978376040653,4.8352643042472766e-05,6.0028111147133945e-05,6775.8,53.522892298529605,66.44679433531762,0.47611431901220913,0.0043238595381469,0.0053679200268842995,0.9997524292707393,0.00025731554523823844,0.00031944822821533255,0.715302170411744,0.0011433831593455992,0.0014194701065807296,325647.8,749.91646201427,930.9949963503778,39498.4,9.154233993076646,11.36466056510268,0.03702738807993769,0.000379491990479829,0.0004711260016119542,0.3516967290871366,0.001200866202414134,0.00149083328925851,39993.2,3.1144823004794877,3.866520585746311,6.8,3.1144823004794873,3.866520585746311,0.3960298823868519,0.0009012754511243345,0.0011189018748520526,39998.2,1.3038404810405297,1.6186722460090552,0.688425,0.0010444795354624939,0.001296684724981334,1.0,0.0,0.0,0.5290381768154613,0.0011184080406711453,0.0013884643723463862
conversation_trace,0.0025,1.0,"l1=0.0025,l2x1",B,learned,binary,,next_use,spearman,,,,,,,,,,,,,,,,,,,,,,,,aggregate,5,269038.6,19.15202339179858,23.77656559219602,61593.4,12.641202474448386,15.693609685473891,40000.0,0.0,0.0,33224.2,53.52289229852961,66.44679433531763,0.27804952609177364,0.0015841304705760328,0.0019666424413608777,0.999978376040653,4.8352643042472766e-05,6.0028111147133945e-05,6775.8,53.522892298529605,66.44679433531762,0.47611431901220913,0.0043238595381469,0.0053679200268842995,0.9997524292707393,0.00025731554523823844,0.00031944822821533255,0.6862759474051054,0.0012684681005201404,0.0015747586757094644,434007.0,889.3989543506334,1104.1576204843218,39498.4,9.154233993076646,11.36466056510268,0.03702738807993769,0.000379491990479829,0.0004711260016119542,-0.20969970342511143,0.0016403788572652458,0.002036472841429415,39999.0,0.7071067811865476,0.877848278462742,1.0,0.7071067811865476,0.877848278462742,-0.14265475600612737,0.0012823331389379272,0.0015919716348122607,39999.2,0.8366600265340756,1.038684090568446,0.688925,0.001069024087661246,0.001327155926031277,1.0,0.0,0.0,0.5288821794447364,0.001119148218130022,0.0013893832767117801
conversation_trace,0.0025,1.0,"l1=0.0025,l2x1",B,learned,next_use,,binary,auc,,,,,,,,,,,,,,,,,,,,,,,,aggregate,5,268798.6,16.2265215003093,20.144657558767285,61613.0,8.0,9.931719528863065,40000.0,0.0,0.0,31591.8,17.683325479106017,21.95322862450988,0.2579084499466377,0.0008925939585587016,0.0011081241061953308,0.9945738711219729,0.001061943479144246,0.001318365598795712,8408.2,17.683325479106017,21.95322862450988,0.5165715044941217,0.005089276686821474,0.006318158582286544,0.9935523290731691,0.0011562543703979916,0.0014354492638518751,0.8122441868448318,0.00086218887121595,0.0010703772562279815,351926.0,367.5445551222328,456.2936794793458,39491.4,11.414902540100814,14.171201309698482,0.07038168402175035,0.00039847081021895784,0.000494687540941689,0.40719693613492725,0.002238052537667319,0.0027784637618715065,39784.4,20.415680248279752,25.345351277107994,215.6,20.415680248279752,25.345351277107994,0.4701625971235914,0.0017837222753757428,0.002214428669552166,39927.8,12.214745187681975,15.1641779150734,0.6895249999999999,0.0013195643220396756,0.0016381928433490496,1.0,0.0,0.0,0.6461312165511901,0.0014526352058849689,0.0018033956803252206
conversation_trace,0.0025,1.0,"l1=0.0025,l2x1",B,learned,next_use,,next_use,spearman,,,,,,,,,,,,,,,,,,,,,,,,aggregate,5,268798.6,16.2265215003093,20.144657558767285,61613.0,8.0,9.931719528863065,40000.0,0.0,0.0,31591.8,17.683325479106017,21.95322862450988,0.2579084499466377,0.0008925939585587016,0.0011081241061953308,0.9945738711219729,0.001061943479144246,0.001318365598795712,8408.2,17.683325479106017,21.95322862450988,0.5165715044941217,0.005089276686821474,0.006318158582286544,0.9935523290731691,0.0011562543703979916,0.0014354492638518751,0.7493069368215778,0.0008385337704894607,0.0010410102779976696,484573.0,609.3574484651845,756.4959088724802,39491.4,11.414902540100814,14.171201309698482,0.07038168402175035,0.00039847081021895784,0.000494687540941689,-0.06227333362831511,0.0019294169755410956,0.002395303531912676,40000.0,0.0,0.0,0.0,0.0,0.0,0.008400351206948736,0.0016212275604300332,0.0020126971778317484,40000.0,0.0,0.0,0.68853,0.0011940477377391586,0.0014823684044123456,1.0,0.0,0.0,0.6456408500106733,0.0014100144668518309,0.0017504835270514712
conversation_trace,0.0025,1.0,"l1=0.0025,l2x1",C_lru,learned,binary,,binary,auc,,,,,,,,,,,,,,,,,,,,,,,,aggregate,5,269096.6,13.794926603646719,17.12591774358384,61555.4,13.649175799292792,16.94497322984017,40000.0,0.0,0.0,33798.0,53.211840787554046,66.06063478956283,0.285919705707152,0.0023397576131601564,0.0029047270474285946,0.9999584619415114,5.688215278805217e-05,7.06171984611088e-05,6202.0,53.211840787554046,66.06063478956283,0.4448946754663005,0.00794964203959181,0.009869201886510599,0.9999253731343284,0.00016687074458951963,0.00020716417910445658,0.6833546074939736,0.0018116732044910564,0.0022491287681202193,317410.2,648.3762025244295,804.9363240827437,39505.4,21.686401268998047,26.922906874258583,0.026185672849946745,0.00021888028543161513,0.00027173220066303676,0.3726489847283598,0.0037439823862392414,0.004648022872641451,39997.2,2.280350850198276,2.8309756339467143,2.8,2.2803508501982757,2.8309756339467134,0.4091648042022416,0.0031598258436836197,0.003922813004939852,39999.2,0.8366600265340756,1.038684090568446,0.689445,0.002270145920420084,0.0028183065714006204,1.0,0.0,0.0,0.49412878327247245,0.0015424561352444322,0.0019149052151027218
conversation_trace,0.0025,1.0,"l1=0.0025,l2x1",C_lru,learned,binary,,next_use,spearman,,,,,,,,,,,,,,,,,,,,,,,,aggregate,5,269096.6,13.794926603646719,17.12591774358384,61555.4,13.649175799292792,16.94497322984017,40000.0,0.0,0.0,33798.0,53.211840787554046,66.06063478956283,0.285919705707152,0.0023397576131601564,0.0029047270474285946,0.9999584619415114,5.688215278805217e-05,7.06171984611088e-05,6202.0,53.211840787554046,66.06063478956283,0.4448946754663005,0.00794964203959181,0.009869201886510599,0.9999253731343284,0.00016687074458951963,0.00020716417910445658,0.6680898800656445,0.001128899682521856,0.001401489377878704,418839.2,1278.8706736804938,1587.6731055853531,39505.4,21.686401268998047,26.922906874258583,0.026185672849946745,0.00021888028543161513,0.00027173220066303676,-0.19430902564069114,0.005250391410244027,0.006518176862911936,39999.0,1.4142135623730951,1.755696556925484,1.0,1.4142135623730951,1.755696556925484,-0.13414644168644024,0.004486096076093148,0.005569331000911285,39999.8,0.4472135954999579,0.5551999999999999,0.68997,0.0022262917598553787,0.002763863168537823,1.0,0.0,0.0,0.49398485516869367,0.0015378590486916526,0.0019091980933162076
conversation_trace,0.0025,1.0,"l1=0.0025,l2x1",C_lru,learned,next_use,,binary,auc,,,,,,,,,,,,,,,,,,,,,,,,aggregate,5,268449.4,21.279097725232617,26.4172538042848,61490.6,7.162401831787993,8.891870768291675,40000.0,0.0,0.0,32292.8,48.617897938927804,60.35741580154007,0.2645119020041326,0.0013082234668960631,0.0016241135692860716,0.9945443462174879,0.0004960114220079326,0.0006157807908119154,7707.2,48.6178979389278,60.35741580154007,0.5029834917512552,0.0016978354885834736,0.002107803234845156,0.9936510597664011,0.0010840862271025552,0.0013458550440857409,0.8141604404102729,0.0009085053381074602,0.0011278775260697754,352963.4,448.4777586458441,556.7694142254583,39496.6,6.58027355054484,8.169178915900911,0.05802760956318975,0.0005456267539691893,0.000677376485983245,0.4541214016842957,0.0009336991078693557,0.0011591547079635126,39769.0,21.083168642308014,26.174014716890486,231.0,21.083168642308014,26.174014716890486,0.5109884411292825,0.0008325003129798176,0.0010335199520257836,39928.8,7.596051605933177,9.430231759612273,0.6913199999999999,0.001369580227661001,0.0017002858366756857,1.0,0.0,0.0,0.6472173726738415,0.0008013897572359206,0.000994897287771353
conversation_trace,0.0025,1.0,"l1=0.0025,l2x1",C_lru,learned,next_use,,next_use,spearman,,,,,,,,,,,,,,,,,,,,,,,,aggregate,5,268449.4,21.279097725232617,26.4172538042848,61490.6,7.162401831787993,8.891870768291675,40000.0,0.0,0.0,32292.8,48.617897938927804,60.35741580154007,0.2645119020041326,0.0013082234668960631,0.0016241135692860716,0.9945443462174879,0.0004960114220079326,0.0006157807908119154,7707.2,48.6178979389278,60.35741580154007,0.5029834917512552,0.0016978354885834736,0.002107803234845156,0.9936510597664011,0.0010840862271025552,0.0013458550440857409,0.7566320275055232,0.0011660886177910937,0.001447658137212593,486108.6,356.589820381906,442.69376036009356,39496.6,6.58027355054484,8.169178915900911,0.05802760956318975,0.0005456267539691893,0.000677376485983245,-0.017150205342014543,0.0006242547109526947,0.0007749903379692057,40000.0,0.0,0.0,0.0,0.0,0.0,0.05113095889575535,0.0008131022865241876,0.0010094379822544357,40000.0,0.0,0.0,0.690335,0.0012590422947621814,0.0015630568683192654,1.0,0.0,0.0,0.6467414318970993,0.0007750640541037749,0.0009622148502827799
conversation_trace,0.0025,1.0,"l1=0.0025,l2x1",C_union,learned,binary,,binary,auc,,,,,,,,,,,,,,,,,,,,,,,,aggregate,5,269865.6,17.11139970896595,21.24320283196486,62286.0,3.7416573867739413,4.645136467317187,40000.0,0.0,0.0,34781.2,98.46928455107206,122.24616454613206,0.300335354282959,0.0023873699559345163,0.0029638361017469738,1.0,0.0,0.0,5218.8,98.46928455107206,122.24616454613206,0.44793708154406947,0.004653552740720464,0.005777222579200959,1.0,0.0,0.0,0.5959723989225022,0.001818294249326266,0.002257348563156635,297041.4,663.8699420820316,824.1712585501631,39521.6,17.242389625571047,21.405822221068732,0.022886423168283827,0.00035822919230255545,0.00044472898312501654,0.23025046288693202,0.0007933549814371436,0.0009849223953075092,39974.2,2.7748873851023212,3.444925404127061,25.8,2.7748873851023212,3.444925404127061,0.27165105817716395,0.0008329515226388241,0.0010340801129985293,39982.2,2.2803508501982757,2.8309756339467134,0.680405,0.0021385158404837877,0.002654892441964481,1.0,0.0,0.0,0.40868780002130034,0.000986834249554755,0.0012251201235067358
conversation_trace,0.0025,1.0,"l1=0.0025,l2x1",C_union,learned,binary,,next_use,spearman,,,,,,,,,,,,,,,,,,,,,,,,aggregate,5,269865.6,17.11139970896595,21.24320283196486,62286.0,3.7416573867739413,4.645136467317187,40000.0,0.0,0.0,34781.2,98.46928455107206,122.24616454613206,0.300335354282959,0.0023873699559345163,0.0029638361017469738,1.0,0.0,0.0,5218.8,98.46928455107206,122.24616454613206,0.44793708154406947,0.004653552740720464,0.005777222579200959,1.0,0.0,0.0,0.5535440348196052,0.002015202949295853,0.0025018038107680086,380742.2,1098.6130802061298,1363.889622918453,39521.6,17.242389625571047,21.405822221068732,0.022886423168283827,0.00035822919230255545,0.00044472898312501654,-0.4426624797303057,0.000784566301138356,0.0009740115568379588,39974.2,2.7748873851023212,3.444925404127061,25.8,2.7748873851023212,3.444925404127061,-0.3792573736459237,0.0009644905309470547,0.0011973811802012961,39982.2,2.2803508501982757,2.8309756339467134,0.6810050000000001,0.002114414812660978,0.0026249718608777964,1.0,0.0,0.0,0.40855299934817957,0.000979767098488508,0.0012163465032244772
conversation_trace,0.0025,1.0,"l1=0.0025,l2x1",C_union,learned,next_use,,binary,auc,,,,,,,,,,,,,,,,,,,,,,,,aggregate,5,268959.4,14.518953130305228,18.024771292862493,61836.4,7.021395872616783,8.71681681349333,40000.0,0.0,0.0,33391.4,68.13075663751283,84.58194577662537,0.28427086081053116,0.0009841424295200518,0.00122177832330588,0.9998102309342434,0.0001732374156326152,0.0002150681779960265,6608.6,68.13075663751285,84.5819457766254,0.47106690503003473,0.00694466290638281,0.008621555526086636,0.9999362041467303,0.000142651864593302,0.0001770972886762534,0.6944337086224583,0.004283105489788078,0.005317325304638607,318484.0,1027.5772477045218,1275.7011273052947,39502.2,8.25832912882503,10.252426085566283,0.041470187614038714,0.0003377421455307643,0.00041929503281100037,0.34937617027326306,0.0038902911525254278,0.004829660076562499,39993.0,2.23606797749979,2.776,7.0,2.23606797749979,2.776,0.39071291218430443,0.0028273598081825554,0.003510068077756152,39996.6,1.51657508881031,1.882774803315574,0.68492,0.0015594870951694446,0.0019360485547630384,1.0,0.0,0.0,0.5064725600906032,0.004661985930765459,0.005787692088983521
conversation_trace,0.0025,1.0,"l1=0.0025,l2x1",C_union,learned,next_use,,next_use,spearman,,,,,,,,,,,,,,,,,,,,,,,,aggregate,5,268959.4,14.518953130305228,18.024771292862493,61836.4,7.021395872616783,8.71681681349333,40000.0,0.0,0.0,33391.4,68.13075663751283,84.58194577662537,0.28427086081053116,0.0009841424295200518,0.00122177832330588,0.9998102309342434,0.0001732374156326152,0.0002150681779960265,6608.6,68.13075663751285,84.5819457766254,0.47106690503003473,0.00694466290638281,0.008621555526086636,0.9999362041467303,0.000142651864593302,0.0001770972886762534,0.6518280281188227,0.002743886414354855,0.0034064387858037705,423068.6,1947.363679439462,2417.5837356109423,39502.2,8.25832912882503,10.252426085566283,0.041470187614038714,0.0003377421455307643,0.00041929503281100037,-0.208172430606984,0.004482003841225858,0.005564250634792766,39998.0,1.5811388300841898,1.9629284245738559,2.0,1.5811388300841898,1.9629284245738559,-0.14926782825146087,0.0037082738726343578,0.004603692004901914,39998.6,1.1401754250991378,1.4154878169733567,0.68544,0.0015340510095821448,0.0019044705462673858,1.0,0.0,0.0,0.5063256877942107,0.004649373719323454,0.005772034470648431
conversation_trace,0.0025,1.0,"l1=0.0025,l2x1",lfu_s,sampled,,,binary,auc,,,,,,,,,,,,,,,,,,,,,,,,aggregate,5,269528.6,17.35799527595281,21.54934258301167,61637.8,5.890670590009257,7.313061017111782,40000.0,0.0,0.0,35763.4,44.936622035929666,55.78724082942262,0.2940209967577771,0.0016120248410060908,0.002001272324304071,0.8806269759714814,0.0033824835500643187,0.004199234741278983,4236.6,44.93662203592967,55.78724082942263,0.48008576624484106,0.0037684352593090782,0.004678380257267015,0.8996032978874045,0.004187269850636484,0.005198348718523238,0.9032561474552742,0.0008430914143488185,0.0010466684330631179,387454.4,535.4785709998114,664.7778726108143,39525.6,13.939153489362258,17.30497036576486,0.025020991418224725,0.00013529757816196228,0.00016796719990487972,0.32496734388440407,0.0056814901285088815,0.007053370807794298,35498.8,113.20865691279974,140.54457858715148,4501.2,113.20865691279974,140.54457858715148,0.4836966014110312,0.0030977557152789834,0.0038457551166354315,38540.6,42.80537349445744,53.14137048439755,0.72276,0.0017234231923703423,0.002139569472020007,1.0,0.0,0.0,0.7909991928694232,0.001449235297959166,0.0017991748138323413
conversation_trace,0.0025,1.0,"l1=0.0025,l2x1",lfu_s,sampled,,,next_use,spearman,,,,,,,,,,,,,,,,,,,,,,,,aggregate,5,269528.6,17.35799527595281,21.54934258301167,61637.8,5.890670590009257,7.313061017111782,40000.0,0.0,0.0,35763.4,44.936622035929666,55.78724082942262,0.2940209967577771,0.0016120248410060908,0.002001272324304071,0.8806269759714814,0.0033824835500643187,0.004199234741278983,4236.6,44.93662203592967,55.78724082942263,0.48008576624484106,0.0037684352593090782,0.004678380257267015,0.8996032978874045,0.004187269850636484,0.005198348718523238,0.7681629523185286,0.0008096117127702403,0.0010051045573145586,553497.2,761.1712685066351,944.9674440296025,39525.6,13.939153489362258,17.30497036576486,0.025020991418224725,0.00013529757816196228,0.00016796719990487972,-0.09744249786348455,0.006153212336126457,0.007638997390493532,40000.0,0.0,0.0,0.0,0.0,0.0,-0.005274240495710825,0.0053152248685197885,0.006598665328372075,40000.0,0.0,0.0,0.68911,0.001504638660941553,0.0018679561465944493,1.0,0.0,0.0,0.7822683938723017,0.0011497528824409402,0.0014273778944881607
conversation_trace,0.0025,1.0,"l1=0.0025,l2x1",lru_2hit_s,sampled,,,binary,auc,,,,,,,,,,,,,,,,,,,,,,,,aggregate,5,91050.4,12.680693987317888,15.74263701417269,22074.0,5.338539126015656,6.627609161681156,22074.0,5.338539126015656,6.627609161681156,0.4,0.5477225575051662,0.6799783525966102,0.5,0.7071067811865476,6.353,1.0,0.0,nan,22073.6,5.128352561983234,6.366669911342977,0.525677701931053,0.00018869908667647892,0.0002342633005279262,0.9955701664281744,0.0009058445215739561,0.00112457421562871,0.5034653575823059,0.0006969732065740656,0.0008652678008532448,167176.4,236.14042432417202,293.1600579767988,22058.8,4.324349662087931,5.3685284985738875,0.9217605169299345,0.00018228703017173067,0.00022630295717687853,0.5017109516727389,0.001131808447339022,0.0014051005074211434,21981.8,12.336936410632909,15.315874034478083,92.2,9.418067742376884,11.692200915139972,0.5022359321826464,0.0010626281003829497,0.0013192155320615004,22006.4,12.953763931769021,16.081643776679048,0.4766513350769677,0.0005741178097560657,0.0007127471328778009,1.0,0.0,0.0,0.5282079686601712,0.0007287490979773648,0.0009047164560028922
conversation_trace,0.0025,1.0,"l1=0.0025,l2x1",lru_2hit_s,sampled,,,next_use,spearman,,,,,,,,,,,,,,,,,,,,,,,,aggregate,5,91050.4,12.680693987317888,15.74263701417269,22074.0,5.338539126015656,6.627609161681156,22074.0,5.338539126015656,6.627609161681156,0.4,0.5477225575051662,0.6799783525966102,0.5,0.7071067811865476,6.353,1.0,0.0,nan,22073.6,5.128352561983234,6.366669911342977,0.525677701931053,0.00018869908667647892,0.0002342633005279262,0.9955701664281744,0.0009058445215739561,0.00112457421562871,0.4966082760901177,0.0006839869341529413,0.0008491457989267428,258494.8,125.19065460328898,155.4198086443295,22058.8,4.324349662087931,5.3685284985738875,0.9217605169299345,0.00018228703017173067,0.00022630295717687853,-0.004646970479026495,0.0018249662765336034,0.002265631651020663,22045.6,2.7018512172212596,3.3542535622698533,28.4,5.029910535983717,6.244457587332946,-0.00471024168647168,0.0017425833339930598,0.0021633561161112725,22057.4,5.683308895353129,7.05562874306748,0.47524692807184865,0.00021473819558499404,0.0002665899413355377,1.0,0.0,0.0,0.5274601823445958,0.0006778534883171355,0.0008415313409534058
conversation_trace,0.0025,1.0,"l1=0.0025,l2x1",lru_s,sampled,,,binary,auc,,,,,,,,,,,,,,,,,,,,,,,,aggregate,5,274684.2,9.984988733093294,12.396013449492543,62663.0,1.5811388300841898,1.9629284245738559,40000.0,0.0,0.0,1010.0,17.161002301730512,21.304782711870118,0.18514677146015085,0.004038151540555812,0.005013223564480828,1.0,0.0,0.0,38990.0,17.161002301730512,21.304782711870118,0.3262013453191571,0.0016299158985011847,0.0020234834449435754,0.999842477248189,0.00012441899420881318,0.0001544618193181463,0.5055010981880055,0.0007885640865728988,0.0009789746672970152,260508.0,613.7878297913702,761.9960719646788,39140.4,13.427583550289308,16.669874221481095,0.8377489445819567,0.00028643222243537734,0.00035559556215713584,0.4970020547400603,0.000924393761320892,0.0011476024464587358,39259.4,24.845522735495024,30.844845419615904,740.6,24.845522735495024,30.844845419615904,0.4980304237338671,0.0009311121906167784,0.0011559431408888908,39390.4,29.921564130238917,37.1465728508028,0.67741,0.0015508666931751671,0.0019253466279088862,1.0,0.0,0.0,0.32261812876078855,0.0007296311377007983,0.0009058114773961991
conversation_trace,0.0025,1.0,"l1=0.0025,l2x1",lru_s,sampled,,,next_use,spearman,,,,,,,,,,,,,,,,,,,,,,,,aggregate,5,274684.2,9.984988733093294,12.396013449492543,62663.0,1.5811388300841898,1.9629284245738559,40000.0,0.0,0.0,1010.0,17.161002301730512,21.304782711870118,0.18514677146015085,0.004038151540555812,0.005013223564480828,1.0,0.0,0.0,38990.0,17.161002301730512,21.304782711870118,0.3262013453191571,0.0016299158985011847,0.0020234834449435754,0.999842477248189,0.00012441899420881318,0.0001544618193181463,0.501929513833992,0.0009515386356396599,0.0011813018562562658,322283.6,591.8934025650227,734.8149081575305,39140.4,13.427583550289308,16.669874221481095,0.8377489445819567,0.00028643222243537734,0.00035559556215713584,-0.00977871277607078,0.001959773162671011,0.0024329896739801763,37977.4,25.774017925034507,31.997539645416488,2022.6,25.774017925034503,31.997539645416484,-0.008082203925253393,0.0018677934388866156,0.0023188000716090626,38413.0,29.941609843159736,37.17145890061351,0.678365,0.0015734714805169085,0.0019534096788948576,1.0,0.0,0.0,0.3221322209058549,0.00077319758638962,0.0009598976960519469
conversation_trace,0.01,4.0,"l1=0.01,l2x4",A_none,learned,binary,,binary,auc,,,,,,,,,,,,,,,,,,,,,,,,aggregate,5,217120.2,57.04121317082939,70.81466634984591,50875.6,17.515707236649053,21.745136453009437,40000.0,0.0,0.0,1515.4,15.469324484281788,19.204624009857625,0.009513299859928437,0.0017311788620362884,0.002149197864005093,1.0,0.0,0.0,38484.6,15.46932448428179,19.204624009857625,0.18787796965228826,0.0008206544461376088,0.0010188137236441489,1.0,0.0,0.0,0.6854827486162294,0.0011214456792695993,0.0013922354941701231,280731.2,349.81666626963334,434.28512698898635,39461.8,23.252956801232827,28.867730645826658,0.6134868192283881,0.0009508040570275529,0.0011803899026628473,0.6665906662771725,0.001238356558781756,0.0015373762523185534,39934.0,10.41633332799983,12.931512641605389,66.0,10.41633332799983,12.931512641605389,0.6687349960640072,0.001150919980980216,0.0014288268064074896,39955.6,8.384509526501834,10.409074625537084,0.81888,0.0006998660586140889,0.0008688591752407461,1.0,0.0,0.0,0.33927088059817156,0.00018350135844605369,0.00022781050315644658
conversation_trace,0.01,4.0,"l1=0.01,l2x4",A_none,learned,binary,,next_use,spearman,,,,,,,,,,,,,,,,,,,,,,,,aggregate,5,217120.2,57.04121317082939,70.81466634984591,50875.6,17.515707236649053,21.745136453009437,40000.0,0.0,0.0,1515.4,15.469324484281788,19.204624009857625,0.009513299859928437,0.0017311788620362884,0.002149197864005093,1.0,0.0,0.0,38484.6,15.46932448428179,19.204624009857625,0.18787796965228826,0.0008206544461376088,0.0010188137236441489,1.0,0.0,0.0,0.6554651784881005,0.0007560799084349221,0.0009386466989980141,349636.8,404.0961519242667,501.67120545058185,39461.8,23.252956801232827,28.867730645826658,0.6134868192283881,0.0009508040570275529,0.0011803899026628473,0.2682649317898762,0.0018243082897936042,0.0022648147835512395,39934.0,10.41633332799983,12.931512641605389,66.0,10.41633332799983,12.931512641605389,0.2716917203403587,0.001670415262940268,0.002073761986031849,39955.6,8.384509526501834,10.409074625537084,0.81897,0.0007259476565152373,0.0009012385646430948,1.0,0.0,0.0,0.3391914059510249,0.00018451489967111676,0.00022906877905372992
conversation_trace,0.01,4.0,"l1=0.01,l2x4",A_none,learned,next_use,,binary,auc,,,,,,,,,,,,,,,,,,,,,,,,aggregate,5,217193.0,55.731499172371095,69.18870233788172,50960.4,25.02598649404255,31.068884848993207,40000.0,0.0,0.0,503.0,27.613402542968153,34.28107116179423,0.022614730785537194,0.0016686964395441282,0.0020716281270455853,1.0,0.0,0.0,39497.0,27.613402542968153,34.28107116179423,0.185755938429995,0.0008523235712533515,0.0010581298321909027,1.0,0.0,0.0,0.6938407607683436,0.0011137116011510177,0.0013826339073341144,279177.4,555.1583557868872,689.2096354725171,39032.8,23.14519388555646,28.733946764062882,0.5467329803046764,0.0006973163289760302,0.0008656937752857927,0.677139578389916,0.0007234668758842527,0.0008981587624631479,39938.0,7.905694150420948,9.814642122869278,62.0,7.905694150420948,9.814642122869278,0.6790007765309244,0.0006255714224726136,0.000776624989158738,39958.2,9.782637681116478,12.144801712667027,0.8162949999999999,0.000838600023849272,0.0010410925292211057,1.0,0.0,0.0,0.3438334559912274,0.00036354145389254155,0.00045132396964697827
conversation_trace,0.01,4.0,"l1=0.01,l2x4",A_none,learned,next_use,,next_use,spearman,,,,,,,,,,,,,,,,,,,,,,,,aggregate,5,217193.0,55.731499172371095,69.18870233788172,50960.4,25.02598649404255,31.068884848993207,40000.0,0.0,0.0,503.0,27.613402542968153,34.28107116179423,0.022614730785537194,0.0016686964395441282,0.0020716281270455853,1.0,0.0,0.0,39497.0,27.613402542968153,34.28107116179423,0.185755938429995,0.0008523235712533515,0.0010581298321909027,1.0,0.0,0.0,0.6585680585455129,0.0008984585398815628,0.001115404778301939,349190.8,641.5241226953201,796.429707201232,39032.8,23.14519388555646,28.733946764062882,0.5467329803046764,0.0006973163289760302,0.0008656937752857927,0.2742704628049958,0.0011693407835166513,0.0014516955869435454,39938.0,7.905694150420948,9.814642122869278,62.0,7.905694150420948,9.814642122869278,0.27790170677774956,0.0010015838596045023,0.0012434312472785097,39958.2,9.782637681116478,12.144801712667027,0.81633,0.0008458353858759658,0.0010500749775134695,1.0,0.0,0.0,0.3437477461182671,0.0003606877526674637,0.0004477811996236476
conversation_trace,0.01,4.0,"l1=0.01,l2x4",B,learned,binary,,binary,auc,,,,,,,,,,,,,,,,,,,,,,,,aggregate,5,219359.0,44.35651023243375,55.06705236345958,51154.8,23.252956801232827,28.867730645826658,40000.0,0.0,0.0,1983.6,44.40495467850406,55.12719444484726,0.04213272743873992,0.002591606456517793,0.0032173885569156714,1.0,0.0,0.0,38016.4,44.40495467850407,55.12719444484727,0.19357996246388545,0.0011637873729282327,0.0014448012223944463,1.0,0.0,0.0,0.6917734493162397,0.0004895576294482415,0.000607768633611876,281264.2,491.03940778719584,609.6082094701809,39453.0,21.435951110226018,26.611981782648204,0.46982290714329056,0.0011001413757894618,0.0013657869483048098,0.6554147342268114,0.0006726591176408603,0.0008350827118676912,39942.4,9.939818911831342,12.33993669999972,57.6,9.939818911831342,12.33993669999972,0.659567640440304,0.0005728288704881542,0.0007111469599654715,39962.2,7.8230428862431785,9.712033476054332,0.8139299999999998,0.001013410084812638,0.0012581130912600565,1.0,0.0,0.0,0.34203661023320775,0.0005719147156550574,0.0007100120687894376
conversation_trace,0.01,4.0,"l1=0.01,l2x4",B,learned,binary,,next_use,spearman,,,,,,,,,,,,,,,,,,,,,,,,aggregate,5,219359.0,44.35651023243375,55.06705236345958,51154.8,23.252956801232827,28.867730645826658,40000.0,0.0,0.0,1983.6,44.40495467850406,55.12719444484726,0.04213272743873992,0.002591606456517793,0.0032173885569156714,1.0,0.0,0.0,38016.4,44.40495467850407,55.12719444484727,0.19357996246388545,0.0011637873729282327,0.0014448012223944463,1.0,0.0,0.0,0.6558137794606903,0.0004858965061646215,0.0006032234774101879,350857.6,462.3065000624586,573.9373118738317,39453.0,21.435951110226018,26.611981782648204,0.46982290714329056,0.0011001413757894618,0.0013657869483048098,0.2413632190370527,0.0012508809580940416,0.0015529248549731917,39942.4,9.939818911831342,12.33993669999972,57.6,9.939818911831342,12.33993669999972,0.2481638743807446,0.0011232426000621148,0.0013944663083359787,39962.2,7.8230428862431785,9.712033476054332,0.8139850000000001,0.0010486002574861281,0.001301800456905727,1.0,0.0,0.0,0.3419503640431338,0.0005639440054557958,0.0007001167115213233
conversation_trace,0.01,4.0,"l1=0.01,l2x4",B,learned,next_use,,binary,auc,,,,,,,,,,,,,,,,,,,,,,,,aggregate,5,217507.4,56.50486704700755,70.148811440822,50731.8,32.057760370930474,39.79858559094783,40000.0,0.0,0.0,3.4,2.7928480087537886,3.4672228887107908,0.0,0.0,0.0,nan,nan,nan,39996.6,2.792848008753788,3.4672228887107903,0.1768399970877334,0.0009510586242221594,0.0011807059389101074,1.0,0.0,0.0,0.6293616927054616,0.0005414537832140099,0.0006721958890904213,276659.0,299.01254154299284,371.2135872771901,38916.8,4.658325879540846,5.783148263705504,0.7782850176764553,0.0005928177116139756,0.0007359624054365542,0.6332301282189554,0.0011485680286314115,0.0014259069400232925,39938.8,9.011104260855047,11.186970020519405,61.2,9.011104260855047,11.186970020519405,0.6327388953463517,0.001005739988125525,0.001248590935128098,39959.8,9.833615815151617,12.20808927883475,0.8231750000000002,0.0009590033889408245,0.001190569085773681,1.0,0.0,0.0,0.3363605081408795,0.0003531881767455183,0.00043847073904337543
conversation_trace,0.01,4.0,"l1=0.01,l2x4",B,learned,next_use,,next_use,spearman,,,,,,,,,,,,,,,,,,,,,,,,aggregate,5,217507.4,56.50486704700755,70.148811440822,50731.8,32.057760370930474,39.79858559094783,40000.0,0.0,0.0,3.4,2.7928480087537886,3.4672228887107908,0.0,0.0,0.0,nan,nan,nan,39996.6,2.792848008753788,3.4672228887107903,0.1768399970877334,0.0009510586242221594,0.0011807059389101074,1.0,0.0,0.0,0.6062416809048592,0.0004723199285148505,0.0005863686322377685,344840.4,453.2579839340947,562.7038963314187,38916.8,4.658325879540846,5.783148263705504,0.7782850176764553,0.0005928177116139756,0.0007359624054365542,0.20563392032067754,0.0017541070261295401,0.0021776623758908336,39938.8,9.011104260855047,11.186970020519405,61.2,9.011104260855047,11.186970020519405,0.20556573400046213,0.0015701882000784307,0.001949333601338662,39959.8,9.833615815151617,12.20808927883475,0.8231950000000001,0.0009654014708917572,0.001198512080206099,1.0,0.0,0.0,0.336290985635762,0.00035548116297224713,0.0004413174010543026
conversation_trace,0.01,4.0,"l1=0.01,l2x4",C_lru,learned,binary,,binary,auc,,,,,,,,,,,,,,,,,,,,,,,,aggregate,5,223578.6,42.84040149204954,53.18485651536535,52688.8,39.366229181876186,48.87179339291735,40000.0,0.0,0.0,18684.6,135.9330717669545,168.7561429357758,0.20240332415588128,0.002300803877673692,0.0028563673504969594,1.0,0.0,0.0,21315.4,135.9330717669545,168.7561429357758,0.21606352942897217,0.0010967614965873775,0.0013615909467702423,1.0,0.0,0.0,0.6389060044727328,0.00128025787899307,0.001589395272347035,272810.2,746.584690440408,926.8587187496483,39496.2,9.5236547606473,11.82328349655881,0.21476167255832873,0.0006522434392356597,0.0008097373628787014,0.633673709387672,0.0010044699916016008,0.001247014278968317,39858.4,9.964938534682489,12.37112183110327,141.6,9.96493853468249,12.371121831103274,0.6340864737948084,0.0010287667368037937,0.0012771778363198708,39909.8,9.833615815151616,12.208089278834748,0.79032,0.0007515400854246088,0.0009330106678918753,1.0,0.0,0.0,0.30504423598347474,0.0005981671482446194,0.0007426035434681768
conversation_trace,0.01,4.0,"l1=0.01,l2x4",C_lru,learned,binary,,next_use,spearman,,,,,,,,,,,,,,,,,,,,,,,,aggregate,5,223578.6,42.84040149204954,53.18485651536535,52688.8,39.366229181876186,48.87179339291735,40000.0,0.0,0.0,18684.6,135.9330717669545,168.7561429357758,0.20240332415588128,0.002300803877673692,0.0028563673504969594,1.0,0.0,0.0,21315.4,135.9330717669545,168.7561429357758,0.21606352942897217,0.0010967614965873775,0.0013615909467702423,1.0,0.0,0.0,0.6130928328586873,0.0013332187349493797,0.0016551443182678581,333939.2,699.3155224932449,868.1757039479048,39496.2,9.5236547606473,11.82328349655881,0.21476167255832873,0.0006522434392356597,0.0008097373628787014,0.1989657081618053,0.0014161408714833581,0.0017580892436165536,39858.0,9.874208829065749,12.258484082463049,142.0,9.874208829065749,12.258484082463049,0.20024002363222237,0.001434914822157261,0.0017813964451842924,39909.6,9.787747442593725,12.15114530239845,0.790465,0.0008134801780006921,0.0010099071212740596,1.0,0.0,0.0,0.3049588786264871,0.0005926823855794541,0.0007357944029090766
conversation_trace,0.01,4.0,"l1=0.01,l2x4",C_lru,learned,next_use,,binary,auc,,,,,,,,,,,,,,,,,,,,,,,,aggregate,5,220635.8,26.864474683120086,33.35130348037389,51588.0,39.36368885152915,48.86863966185267,40000.0,0.0,0.0,16447.6,63.01428409495739,78.23002449290169,0.19028557603322446,0.00195334229543009,0.0024250059777596537,1.0,0.0,0.0,23552.4,63.01428409495739,78.23002449290169,0.19287207137721224,0.001128496544541912,0.0014009888962101744,1.0,0.0,0.0,0.6623632829169441,0.0007622363821006072,0.0009462897452148162,277816.2,83.37385681375187,103.50572023922155,39466.2,12.049896265113654,14.959523757125424,0.23321440965288884,0.0008576936518431881,0.0010647965989741088,0.6277088572944405,0.0013722546998227252,0.0017036061001004354,39908.0,12.569805089976535,15.60497233576529,92.0,12.569805089976535,15.60497233576529,0.6315944275457045,0.0013636216474353668,0.0016928884682267822,39936.4,5.770615218501403,7.164016482393098,0.80819,0.0010750872057651694,0.0013346830745910947,1.0,0.0,0.0,0.32529565780303504,0.000706709563605367,0.0008773551467617148
conversation_trace,0.01,4.0,"l1=0.01,l2x4",C_lru,learned,next_use,,next_use,spearman,,,,,,,,,,,,,,,,,,,,,,,,aggregate,5,220635.8,26.864474683120086,33.35130348037389,51588.0,39.36368885152915,48.86863966185267,40000.0,0.0,0.0,16447.6,63.01428409495739,78.23002449290169,0.19028557603322446,0.00195334229543009,0.0024250059777596537,1.0,0.0,0.0,23552.4,63.01428409495739,78.23002449290169,0.19287207137721224,0.001128496544541912,0.0014009888962101744,1.0,0.0,0.0,0.633435286885174,0.0007599897393474627,0.0009435006170015932,343482.4,302.8668024066025,375.99851701324565,39466.2,12.049896265113654,14.959523757125424,0.23321440965288884,0.0008576936518431881,0.0010647965989741088,0.1936551514882651,0.001999951520040731,0.0024828696960459877,39908.0,12.569805089976535,15.60497233576529,92.0,12.569805089976535,15.60497233576529,0.2005569007011614,0.0019794092324490094,0.0024573671661907094,39936.4,5.770615218501403,7.164016482393098,0.808365,0.0010753778405750865,0.0013350438875182724,1.0,0.0,0.0,0.32522766327802943,0.0007123338384612173,0.0008843374868144075
conversation_trace,0.01,4.0,"l1=0.01,l2x4",C_union,learned,binary,,binary,auc,,,,,,,,,,,,,,,,,,,,,,,,aggregate,5,217599.4,37.138928363645604,46.10667751378318,51107.2,29.869717106126064,37.08220658806592,40000.0,0.0,0.0,1524.0,29.80771712157776,37.005235780899966,0.008531014191549238,0.0012232087340487076,0.0015185707589784269,1.0,0.0,0.0,38476.0,29.80771712157776,37.005235780899966,0.19380840643094785,0.0015296749144941466,0.0018990377776366817,1.0,0.0,0.0,0.6946422870465332,0.0014527057663909807,0.0018034832787196609,282509.2,310.4781795875517,385.44777493694266,39466.4,8.414273587185052,10.446025663380308,0.5679037679113504,0.001421774165088223,0.0017650827801299607,0.6767336207407134,0.0008919101107402087,0.0011072751331036186,39943.6,9.20869154657707,11.432267708551962,56.4,9.20869154657707,11.432267708551962,0.6786522148600509,0.0009891107662698237,0.0012279463391963398,39961.4,3.7815340802378077,4.694641984219883,0.81325,0.001590499135491751,0.001974548915575406,1.0,0.0,0.0,0.34533804944780694,0.0009207896551573464,0.0011431280750126632
conversation_trace,0.01,4.0,"l1=0.01,l2x4",C_union,learned,binary,,next_use,spearman,,,,,,,,,,,,,,,,,,,,,,,,aggregate,5,217599.4,37.138928363645604,46.10667751378318,51107.2,29.869717106126064,37.08220658806592,40000.0,0.0,0.0,1524.0,29.80771712157776,37.005235780899966,0.008531014191549238,0.0012232087340487076,0.0015185707589784269,1.0,0.0,0.0,38476.0,29.80771712157776,37.005235780899966,0.19380840643094785,0.0015296749144941466,0.0018990377776366817,1.0,0.0,0.0,0.6579281404815743,0.001197750240251073,0.0014869649314752512,352902.0,347.60466049810094,431.53899937410057,39466.4,8.414273587185052,10.446025663380308,0.5679037679113504,0.001421774165088223,0.0017650827801299607,0.27585886678460825,0.001397092561354445,0.0017344414344041578,39943.6,9.20869154657707,11.432267708551962,56.4,9.20869154657707,11.432267708551962,0.27917042656762175,0.0014708507811568787,0.0018260096784074083,39961.4,3.7815340802378077,4.694641984219883,0.81328,0.0015964217801069953,0.001981901671223873,1.0,0.0,0.0,0.34526240188743185,0.0009190055520293297,0.0011409131735279094
conversation_trace,0.01,4.0,"l1=0.01,l2x4",C_union,learned,next_use,,binary,auc,,,,,,,,,,,,,,,,,,,,,,,,aggregate,5,216688.6,27.208454568387378,33.77834244837955,50719.4,7.956129712366434,9.877256104809673,40000.0,0.0,0.0,2389.8,37.02971779530598,45.971096421991064,0.06929553492266348,0.0018460691894928195,0.0022918301776147804,1.0,0.0,0.0,37610.2,37.02971779530598,45.971096421991064,0.1864710156798285,0.0010106867201222954,0.0012547321294751447,1.0,0.0,0.0,0.706021528218965,0.0008697788479986993,0.0010797999463075878,284013.4,468.73371971728255,581.9164797440951,39440.6,9.289779329994873,11.532935348817315,0.4487652946180608,0.0011767443604509072,0.0014608868681462192,0.6782893393938811,0.0005981463563355362,0.0007425777310419913,39951.6,6.18869937870632,7.6830533097200355,48.4,6.18869937870632,7.6830533097200355,0.6814080741880211,0.0006180634746186767,0.0007673041351184091,39967.2,6.016643582596529,7.469452070935323,0.82053,0.0009050897745527779,0.0011236372236625115,1.0,0.0,0.0,0.3531125415689116,0.0004647131883573609,0.0005769251310161276
conversation_trace,0.01,4.0,"l1=0.01,l2x4",C_union,learned,next_use,,next_use,spearman,,,,,,,,,,,,,,,,,,,,,,,,aggregate,5,216688.6,27.208454568387378,33.77834244837955,50719.4,7.956129712366434,9.877256104809673,40000.0,0.0,0.0,2389.8,37.02971779530598,45.971096421991064,0.06929553492266348,0.0018460691894928195,0.0022918301776147804,1.0,0.0,0.0,37610.2,37.02971779530598,45.971096421991064,0.1864710156798285,0.0010106867201222954,0.0012547321294751447,1.0,0.0,0.0,0.6671091329740528,0.0006074648127081791,0.0007541462679338709,356409.8,660.7228617204039,820.2642686143532,39440.6,9.289779329994873,11.532935348817315,0.4487652946180608,0.0011767443604509072,0.0014608868681462192,0.27839468346441976,0.0012581215389157047,0.0015619137822165444,39951.6,6.18869937870632,7.6830533097200355,48.4,6.18869937870632,7.6830533097200355,0.28371623470479596,0.0011894150121145083,0.00147661703796757,39967.2,6.016643582596529,7.469452070935323,0.820555,0.0008958934088383297,0.0011122202580424176,1.0,0.0,0.0,0.35302894338039587,0.0004620218416371854,0.000573583918418664
conversation_trace,0.01,4.0,"l1=0.01,l2x4",lfu_s,sampled,,,binary,auc,,,,,,,,,,,,,,,,,,,,,,,,aggregate,5,227602.0,57.043842787806646,70.81793092713171,54523.0,23.0,28.553693645481314,40000.0,0.0,0.0,22171.0,34.36568055487916,42.66378758619538,0.2356487806132749,0.0019543752564397197,0.0024262883626386404,1.0,0.0,0.0,17829.0,34.36568055487916,42.66378758619538,0.2379594717350928,0.002235241763278588,0.0027749742840105333,1.0,0.0,0.0,0.5499467546754698,0.0017534209350079783,0.002176810617817009,259196.2,461.8551721048494,573.3770040375181,39280.0,9.219544457292887,11.445741216714625,0.13671468394817726,0.0007453871136579471,0.0009253719691599382,0.6810126116920083,0.0018445088506685956,0.002289893071668257,39490.2,14.342245291445828,17.80539470609961,509.8,14.342245291445828,17.80539470609961,0.6635225060119074,0.0013103469976849399,0.0016267498583118253,39655.0,14.713938969562161,18.266839376312475,0.76332,0.0012149331257316415,0.0015082968813864488,1.0,0.0,0.0,0.24932163225846113,0.0006955968087872501,0.0008635590512558949
conversation_trace,0.01,4.0,"l1=0.01,l2x4",lfu_s,sampled,,,next_use,spearman,,,,,,,,,,,,,,,,,,,,,,,,aggregate,5,227602.0,57.043842787806646,70.81793092713171,54523.0,23.0,28.553693645481314,40000.0,0.0,0.0,22171.0,34.36568055487916,42.66378758619538,0.2356487806132749,0.0019543752564397197,0.0024262883626386404,1.0,0.0,0.0,17829.0,34.36568055487916,42.66378758619538,0.2379594717350928,0.002235241763278588,0.0027749742840105333,1.0,0.0,0.0,0.5402039545485608,0.0012104577390751028,0.0015027408457544537,308213.0,516.895540704309,641.7076919994024,39280.0,9.219544457292887,11.445741216714625,0.13671468394817726,0.0007453871136579471,0.0009253719691599382,0.2508094666400968,0.00264170400481136,0.0032795829067575936,39489.6,14.926486525636232,18.530709715496595,510.4,14.926486525636232,18.530709715496595,0.2284994356588276,0.0020589893029535405,0.0025561630337329784,39654.4,14.976648490233053,18.592984035920644,0.76349,0.0012689316372445285,0.0015753341403017083,1.0,0.0,0.0,0.249250085880588,0.000688056394561597,0.0008541978913533154
conversation_trace,0.01,4.0,"l1=0.01,l2x4",lru_2hit_s,sampled,,,binary,auc,,,,,,,,,,,,,,,,,,,,,,,,aggregate,5,42268.8,42.162779794505965,52.343612934530995,11927.0,9.1104335791443,11.310283886799658,11927.0,9.1104335791443,11.310283886799658,0.0,0.0,0.0,nan,nan,nan,nan,nan,nan,11927.0,9.1104335791443,11.310283886799658,0.15926880961674988,0.0004735406502416832,0.0005878841154644799,1.0,0.0,0.0,0.7035999795966689,0.0005162494111388995,0.0006409055447965332,97966.8,203.81290440008945,253.02657535808365,11919.0,8.74642784226795,10.85838352610553,0.994259701107733,0.00014868914966072885,0.00018459236642693794,0.6612413200565712,0.0009032741845460037,0.0011213832323216757,11905.0,14.747881203752625,18.30897747008281,22.0,7.245688373094719,8.995268089390109,0.6670736624738465,0.000803692773972279,0.0009977564023083264,11916.6,11.104053313993049,13.785292893515173,0.8407311903832501,0.0004735406502417036,0.0005878841154645051,1.0,0.0,0.0,0.34678212980067863,0.0005852737457488145,0.0007265968362980421
conversation_trace,0.01,4.0,"l1=0.01,l2x4",lru_2hit_s,sampled,,,next_use,spearman,,,,,,,,,,,,,,,,,,,,,,,,aggregate,5,42268.8,42.162779794505965,52.343612934530995,11927.0,9.1104335791443,11.310283886799658,11927.0,9.1104335791443,11.310283886799658,0.0,0.0,0.0,nan,nan,nan,nan,nan,nan,11927.0,9.1104335791443,11.310283886799658,0.15926880961674988,0.0004735406502416832,0.0005878841154644799,1.0,0.0,0.0,0.6508131222328248,0.0005964717748554081,0.0007404987968433837,131986.0,134.02798215298176,166.3910409703599,11919.0,8.74642784226795,10.85838352610553,0.994259701107733,0.00014868914966072885,0.00018459236642693794,0.2565955696743797,0.0018587588207007832,0.002307583909875056,11905.0,14.747881203752625,18.30897747008281,22.0,7.245688373094719,8.995268089390109,0.26670621620716395,0.0016169265133032422,0.0020073575786137845,11916.6,11.104053313993049,13.785292893515173,0.8407982088985259,0.00045912466842005405,0.0005699871794412788,1.0,0.0,0.0,0.346693354573921,0.0006006811080687147,0.0007457245364531448
conversation_trace,0.01,4.0,"l1=0.01,l2x4",lru_s,sampled,,,binary,auc,,,,,,,,,,,,,,,,,,,,,,,,aggregate,5,222722.0,47.62877281643944,59.129451639601726,52493.4,32.26143208228674,40.051436880092076,40000.0,0.0,0.0,0.0,0.0,0.0,nan,nan,nan,nan,nan,nan,40000.0,0.0,0.0,0.20744,0.0011702830854113887,0.0014528654217098014,1.0,0.0,0.0,0.5713882582674475,0.0020281206841344457,0.0025178407256886493,261509.8,519.8424761406094,645.3662090272778,38951.0,20.087309426600665,24.93769041431062,0.9900650995646844,7.08845597219593e-05,8.800069576068042e-05,0.5560069291905387,0.001502462376417944,0.001865254365656513,39641.0,32.657311585615865,40.54290740437839,359.0,32.657311585615865,40.54290740437839,0.5581237123062612,0.0013793020879916435,0.001712355185438526,39754.4,20.63492185592182,25.61753204662775,0.79256,0.0011702830854113722,0.0014528654217097808,1.0,0.0,0.0,0.2717795571581846,0.00045055050384306013,0.0005593426547196516
conversation_trace,0.01,4.0,"l1=0.01,l2x4",lru_s,sampled,,,next_use,spearman,,,,,,,,,,,,,,,,,,,,,,,,aggregate,5,222722.0,47.62877281643944,59.129451639601726,52493.4,32.26143208228674,40.051436880092076,40000.0,0.0,0.0,0.0,0.0,0.0,nan,nan,nan,nan,nan,nan,40000.0,0.0,0.0,0.20744,0.0011702830854113887,0.0014528654217098014,1.0,0.0,0.0,0.5602650584012772,0.0015670838539939389,0.0019454796645097,315473.2,540.5933776878884,671.127725794606,38951.0,20.087309426600665,24.93769041431062,0.9900650995646844,7.08845597219593e-05,8.800069576068042e-05,0.08580548396797226,0.00198294140889263,0.002461752239411272,39640.8,32.614413991362774,40.4896515450553,359.2,32.614413991362774,40.4896515450553,0.0888925986002352,0.0018045390629400752,0.002240271981499775,39754.2,20.620378270051205,25.59947669465139,0.79258,0.0011707903313574275,0.0014534951497683277,1.0,0.0,0.0,0.27170296842918124,0.00045697080075518976,0.0005673132282475638
conversation_trace,0.02,4.0,"l1=0.02,l2x4",A_none,learned,binary,,binary,auc,,,,,,,,,,,,,,,,,,,,,,,,aggregate,5,186712.2,60.37135082139541,74.94891549208701,45907.4,26.61390613946025,33.04023141807575,40000.0,0.0,0.0,1411.8,25.820534463871965,32.05528829756488,0.0052405249764067696,0.0003576964661514546,0.0004440676222852134,1.0,0.0,0.0,38588.2,25.82053446387197,32.05528829756488,0.10273055704865539,0.0012728946647940793,0.0015802541000651202,1.0,0.0,0.0,0.7270336317732856,0.0005679260301381885,0.0007050602555591399,246368.8,335.67797068023395,416.73243210175036,39273.6,8.35463942968217,10.371991947547972,0.7707152321853327,0.0008360656176826905,0.001037946152818767,0.6914247918857128,0.00046160024189675566,0.0005730605171217403,39133.6,31.92647803939545,39.635603178960196,866.4,31.92647803939545,39.635603178960196,0.696038427425191,0.0005053477935927955,0.0006273715688116786,39389.0,29.129023327259016,36.162661229505765,0.9007099999999999,0.0012518236696915238,0.0015540951983710417,1.0,0.0,0.0,0.22269082745087912,0.0004006955425445719,0.0004974494681272882
conversation_trace,0.02,4.0,"l1=0.02,l2x4",A_none,learned,binary,,next_use,spearman,,,,,,,,,,,,,,,,,,,,,,,,aggregate,5,186712.2,60.37135082139541,74.94891549208701,45907.4,26.61390613946025,33.04023141807575,40000.0,0.0,0.0,1411.8,25.820534463871965,32.05528829756488,0.0052405249764067696,0.0003576964661514546,0.0004440676222852134,1.0,0.0,0.0,38588.2,25.82053446387197,32.05528829756488,0.10273055704865539,0.0012728946647940793,0.0015802541000651202,1.0,0.0,0.0,0.7018944113465173,0.0004824078139639967,0.0005988923883527958,288116.2,625.6793907425752,776.7590279806473,39273.6,8.35463942968217,10.371991947547972,0.7707152321853327,0.0008360656176826905,0.001037946152818767,0.26735557747849903,0.0006699081423165141,0.0008316674724486626,39133.4,32.33109957919773,40.137926635041815,866.6,32.33109957919773,40.137926635041815,0.2762014486107619,0.0006944245897577356,0.000862103782427453,39389.0,29.129023327259016,36.162661229505765,0.90076,0.0012563090782128326,0.001559663675796793,1.0,0.0,0.0,0.22266256199698184,0.00039782009453675896,0.00049387970023561
conversation_trace,0.02,4.0,"l1=0.02,l2x4",A_none,learned,next_use,,binary,auc,,,,,,,,,,,,,,,,,,,,,,,,aggregate,5,186139.6,17.444196742756603,21.656358681920654,45565.2,24.159884105682295,29.993649098434155,40000.0,0.0,0.0,8.6,2.073644135332772,2.574356494349607,0.0,0.0,0.0,nan,nan,nan,39991.4,2.073644135332772,2.574356494349607,0.09704586557056841,0.001246691789279802,0.0015477241487579308,1.0,0.0,0.0,0.7256785243111372,0.0011359356391482658,0.0014102242713575474,244810.4,387.9952319294659,481.6824777574538,38797.8,6.760177512462229,8.392523377387755,0.7754319088539188,0.0004041929627725977,0.0005017913927247038,0.6999524685753599,0.0005184449032529818,0.0006436311712846452,39183.0,20.724381776062707,25.728593401116974,817.0,20.724381776062707,25.728593401116974,0.7033042118984147,0.0006673267882176939,0.0008284628118343921,39430.6,18.528356645962965,23.002305192306267,0.902975,0.0012463697284513982,0.0015473243215305631,1.0,0.0,0.0,0.22327444128332688,0.00031402950873189554,0.0003898566255639802
conversation_trace,0.02,4.0,"l1=0.02,l2x4",A_none,learned,next_use,,next_use,spearman,,,,,,,,,,,,,,,,,,,,,,,,aggregate,5,186139.6,17.444196742756603,21.656358681920654,45565.2,24.159884105682295,29.993649098434155,40000.0,0.0,0.0,8.6,2.073644135332772,2.574356494349607,0.0,0.0,0.0,nan,nan,nan,39991.4,2.073644135332772,2.574356494349607,0.09704586557056841,0.001246691789279802,0.0015477241487579308,1.0,0.0,0.0,0.6980070069880913,0.0009290664472445796,0.0011534034222138022,286529.2,422.8672368486355,524.9748492907445,38797.8,6.760177512462229,8.392523377387755,0.7754319088539188,0.0004041929627725977,0.0005017913927247038,0.2770282743214375,0.0003741852645766365,0.0004645378874510717,39182.2,21.51046257057249,26.7044851483791,817.8,21.510462570572486,26.704485148379096,0.2840523922200225,0.00048591563293087423,0.0006032472226199275,39430.2,19.05780679931455,23.659598995756454,0.9030050000000001,0.001262735126620012,0.0015676413896041684,1.0,0.0,0.0,0.22323967392635638,0.00031734860612953893,0.0003939771686192768
conversation_trace,0.02,4.0,"l1=0.02,l2x4",B,learned,binary,,binary,auc,,,,,,,,,,,,,,,,,,,,,,,,aggregate,5,207280.2,68.72190334965993,85.3158336948072,51751.0,28.53944638566067,35.43072212642581,40000.0,0.0,0.0,28933.8,81.89444425600556,101.66908141534476,0.23197061611032965,0.0014522449493949367,0.0018029111905748056,1.0,0.0,0.0,11066.2,81.89444425600556,101.66908141534476,0.13494024662228093,0.0032728064658984787,0.004063074486444154,1.0,0.0,0.0,0.390474028026048,0.00112364345572025,0.0013949639565819984,228563.8,624.6800781199926,775.5184163945044,39527.4,17.78482499211055,22.079236711444533,0.09270554997468676,0.0004949320429790583,0.0006144407795894008,0.6774466450916293,0.002207826996843199,0.0027409398126123368,35567.4,39.29758262285353,48.78657109656303,4432.6,39.29758262285353,48.78657109656303,0.6245381095974463,0.0017296746795047373,0.002147330474127145,36952.4,22.72223580548358,28.208859136094105,0.794875,0.0007681145747868684,0.0009535873153518861,1.0,0.0,0.0,0.14014711307709288,0.00047543068586656124,0.0005902305284302109
conversation_trace,0.02,4.0,"l1=0.02,l2x4",B,learned,binary,,next_use,spearman,,,,,,,,,,,,,,,,,,,,,,,,aggregate,5,207280.2,68.72190334965993,85.3158336948072,51751.0,28.53944638566067,35.43072212642581,40000.0,0.0,0.0,28933.8,81.89444425600556,101.66908141534476,0.23197061611032965,0.0014522449493949367,0.0018029111905748056,1.0,0.0,0.0,11066.2,81.89444425600556,101.66908141534476,0.13494024662228093,0.0032728064658984787,0.004063074486444154,1.0,0.0,0.0,0.40034483815481403,0.00099070254571187,0.0012299224775676166,253655.2,696.5878982583605,864.7894540877795,39527.4,17.78482499211055,22.079236711444533,0.09270554997468676,0.0004949320429790583,0.0006144407795894008,0.20662952534680157,0.0023559750781504797,0.0029248604616477257,35565.0,39.96248240537617,49.61202086591514,4435.0,39.96248240537617,49.61202086591514,0.14894363268656718,0.0018902588746367232,0.002346690122479533,36950.6,23.071627597549334,28.642616796654597,0.79488,0.0007694153624668642,0.000955202197652426,1.0,0.0,0.0,0.14012415603497658,0.00047678945801246246,0.0005919173964123013
conversation_trace,0.02,4.0,"l1=0.02,l2x4",B,learned,next_use,,binary,auc,,,,,,,,,,,,,,,,,,,,,,,,aggregate,5,212280.0,82.06095295571457,101.87579612842295,53208.2,23.84743172754668,29.605750425213,40000.0,0.0,0.0,30596.2,45.80611312914467,56.86668353825461,0.2422975581788994,0.0013255252364606203,0.0016455931096195967,1.0,0.0,0.0,9403.8,45.80611312914467,56.86668353825461,0.17390749153414287,0.002519788242551318,0.003128228762143308,1.0,0.0,0.0,0.3079137312999991,0.0008073721154988838,0.0010023241758199688,219960.2,638.1560937576322,792.2484173544556,39559.0,9.772410142846033,12.13210458247043,0.06450457896336777,0.0002684308723399367,0.00033324751712103724,0.6334776290795466,0.002277604502475502,0.0028275661395327986,32890.8,143.02692054295233,177.5629074886982,7109.2,143.02692054295233,177.5629074886982,0.5646623468180915,0.002367609310389123,0.002939303953088708,35041.8,151.29507592780408,187.82753252662397,0.77378,0.0007058682596632026,0.0008763106974127017,1.0,0.0,0.0,0.1147962161251785,0.0006836629943945937,0.0008487436390737233
conversation_trace,0.02,4.0,"l1=0.02,l2x4",B,learned,next_use,,next_use,spearman,,,,,,,,,,,,,,,,,,,,,,,,aggregate,5,212280.0,82.06095295571457,101.87579612842295,53208.2,23.84743172754668,29.605750425213,40000.0,0.0,0.0,30596.2,45.80611312914467,56.86668353825461,0.2422975581788994,0.0013255252364606203,0.0016455931096195967,1.0,0.0,0.0,9403.8,45.80611312914467,56.86668353825461,0.17390749153414287,0.002519788242551318,0.003128228762143308,1.0,0.0,0.0,0.32290795761107693,0.0010841359782391518,0.0013459168083776057,239683.6,651.5998004910683,808.9383079425525,39559.0,9.772410142846033,12.13210458247043,0.06450457896336777,0.0002684308723399367,0.00033324751712103724,0.14470855965233453,0.0024516623174540954,0.0030436528145545644,32889.2,143.87390312353384,178.6144066682192,7110.8,143.87390312353384,178.6144066682192,0.07292741716176768,0.0025197588455682022,0.0031281922668193957,35040.6,152.25570596861058,189.02012104366028,0.773785,0.0007164583030435128,0.0008894578649941686,1.0,0.0,0.0,0.11477944051904446,0.0006861721789242793,0.0008518587036980982
conversation_trace,0.02,4.0,"l1=0.02,l2x4",C_lru,learned,binary,,binary,auc,,,,,,,,,,,,,,,,,,,,,,,,aggregate,5,188499.4,44.342981406306,55.050256800127634,46340.8,30.433534135883725,37.78216566370964,40000.0,0.0,0.0,1653.6,13.612494260788505,16.899434385801197,0.010400289021140844,0.0016634957158285586,0.0020651716108843173,1.0,0.0,0.0,38346.4,13.612494260788505,16.899434385801197,0.11131691028777517,0.000546899438924376,0.0006789564797361848,1.0,0.0,0.0,0.7172358582143706,0.0012977297900278418,0.00161108603735086,244919.4,252.417907447154,313.3679826034561,39377.0,24.20743687382041,30.052684192930254,0.5414190828203409,0.0006566286244879012,0.0008151814166296225,0.6996246419413545,0.0007984046340335368,0.0009911913619707056,38951.8,26.80858071588274,33.2819130796293,1048.2,26.80858071588274,33.2819130796293,0.702105693837497,0.0007237725141738359,0.0008985382016843256,39266.8,20.141995928904365,25.005581789672476,0.892855,0.0005245235933682955,0.0006511776519506663,1.0,0.0,0.0,0.21191680431553772,0.0006122127230841708,0.0007600406322091868
conversation_trace,0.02,4.0,"l1=0.02,l2x4",C_lru,learned,binary,,next_use,spearman,,,,,,,,,,,,,,,,,,,,,,,,aggregate,5,188499.4,44.342981406306,55.050256800127634,46340.8,30.433534135883725,37.78216566370964,40000.0,0.0,0.0,1653.6,13.612494260788505,16.899434385801197,0.010400289021140844,0.0016634957158285586,0.0020651716108843173,1.0,0.0,0.0,38346.4,13.612494260788505,16.899434385801197,0.11131691028777517,0.000546899438924376,0.0006789564797361848,1.0,0.0,0.0,0.6872877763556946,0.001215329678957558,0.0015087891883137073,284770.2,406.9726035005305,505.242219237308,39377.0,24.20743687382041,30.052684192930254,0.5414190828203409,0.0006566286244879012,0.0008151814166296225,0.2679388433367455,0.001265503748301299,0.0015710785363566774,38951.4,26.85702887513807,33.342059770806,1048.6,26.857028875138067,33.342059770805996,0.273591690737758,0.0010923382659534463,0.0013560996610117824,39266.4,20.21880312976018,25.1009352367596,0.892855,0.0005245235933682955,0.0006511776519506663,1.0,0.0,0.0,0.21188559934743956,0.000613320655844942,0.0007614160918887891
conversation_trace,0.02,4.0,"l1=0.02,l2x4",C_lru,learned,next_use,,binary,auc,,,,,,,,,,,,,,,,,,,,,,,,aggregate,5,185891.2,34.002941049268074,42.21345920722441,45518.2,20.42547429069886,25.357510237403037,40000.0,0.0,0.0,614.2,21.8105479069188,27.07703057279361,0.005201041411191263,0.0017236798269796788,0.002139888074890173,1.0,0.0,0.0,39385.8,21.8105479069188,27.07703057279361,0.09488699179986927,0.0005572714510508927,0.0006918329691600011,1.0,0.0,0.0,0.7302209489237514,0.0006248840829723098,0.0007757716812664721,246750.4,351.46166220514004,436.32733177118286,38972.0,19.078784028338912,23.685641490151788,0.6801047308480364,0.00044377703304850877,0.000550933628198598,0.6979436846283598,0.0007222793786579409,0.000896684526289019,39230.8,24.560130292814005,30.490540707570275,769.2,24.560130292814,30.49054070757027,0.7019804061668271,0.0007660550361614658,0.0009510304703535915,39462.0,20.676073128135332,25.668619908362814,0.90649,0.0005605800567269547,0.0006959404871107825,1.0,0.0,0.0,0.2267719435568706,0.00017544921072162252,0.0002178140440559437
conversation_trace,0.02,4.0,"l1=0.02,l2x4",C_lru,learned,next_use,,next_use,spearman,,,,,,,,,,,,,,,,,,,,,,,,aggregate,5,185891.2,34.002941049268074,42.21345920722441,45518.2,20.42547429069886,25.357510237403037,40000.0,0.0,0.0,614.2,21.8105479069188,27.07703057279361,0.005201041411191263,0.0017236798269796788,0.002139888074890173,1.0,0.0,0.0,39385.8,21.8105479069188,27.07703057279361,0.09488699179986927,0.0005572714510508927,0.0006918329691600011,1.0,0.0,0.0,0.7003415178492962,0.00029357885675521144,0.0003644678581121282,289480.6,491.9921747345175,610.7910362323271,38972.0,19.078784028338912,23.685641490151788,0.6801047308480364,0.00044377703304850877,0.000550933628198598,0.27523623917641177,0.0007056432126958649,0.0008760313094926493,39230.2,24.742675683927157,30.717164410798077,769.8,24.74267568392715,30.717164410798073,0.2831673584578896,0.0006997093044339287,0.0008686645704217051,39461.6,20.839865642561136,25.87196257263836,0.9064949999999999,0.0005646901805414939,0.0007010430617301457,1.0,0.0,0.0,0.22674219267651274,0.00016699199327542793,0.00020731470509716715
conversation_trace,0.02,4.0,"l1=0.02,l2x4",C_union,learned,binary,,binary,auc,,,,,,,,,,,,,,,,,,,,,,,,aggregate,5,186261.0,18.734993995195193,23.258838216901545,45770.6,20.54993917265937,25.512029024756146,40000.0,0.0,0.0,895.4,22.678183348760545,28.154169555502783,0.006935206353435433,0.0014830924969132919,0.0018412073393380033,1.0,0.0,0.0,39104.6,22.678183348760545,28.154169555502783,0.09789114333541094,0.0006261693662334881,0.0007773673153746178,1.0,0.0,0.0,0.7318111198989729,0.0010115812036285447,0.0012558425993885527,245927.4,150.35059028816616,186.65498671763368,39061.8,7.049822692805827,8.752107714145204,0.7488674443682862,0.0008486461325437524,0.0010535644209598623,0.7010343271460973,0.0008268635326331982,0.0010265220868447297,39176.6,17.30028901492689,21.477702283065568,823.4,17.30028901492689,21.477702283065568,0.7050556024138931,0.0006960407313735111,0.0008641101655833038,39421.0,19.026297590440446,23.620481417617206,0.904145,0.0006318128678651604,0.0007843735247954241,1.0,0.0,0.0,0.22439901480973495,0.0004923068116449947,0.0006111816469258631
conversation_trace,0.02,4.0,"l1=0.02,l2x4",C_union,learned,binary,,next_use,spearman,,,,,,,,,,,,,,,,,,,,,,,,aggregate,5,186261.0,18.734993995195193,23.258838216901545,45770.6,20.54993917265937,25.512029024756146,40000.0,0.0,0.0,895.4,22.678183348760545,28.154169555502783,0.006935206353435433,0.0014830924969132919,0.0018412073393380033,1.0,0.0,0.0,39104.6,22.678183348760545,28.154169555502783,0.09789114333541094,0.0006261693662334881,0.0007773673153746178,1.0,0.0,0.0,0.7026922968078378,0.0008484835635582354,0.0010533625972638315,288074.0,215.05929414931128,266.9885739457776,39061.8,7.049822692805827,8.752107714145204,0.7488674443682862,0.0008486461325437524,0.0010535644209598623,0.27978497104281264,0.0009432717099886905,0.001171038757889842,39176.2,16.769019053003667,20.818149251074168,823.8,16.769019053003667,20.818149251074168,0.28760237628697494,0.0008959067899885232,0.0011122368702712545,39420.8,18.686893802876924,23.199123514477865,0.904145,0.0006318128678651604,0.0007843735247954241,1.0,0.0,0.0,0.22437074055752423,0.0004841723213126673,0.0006010829623644975
conversation_trace,0.02,4.0,"l1=0.02,l2x4",C_union,learned,next_use,,binary,auc,,,,,,,,,,,,,,,,,,,,,,,,aggregate,5,186079.0,30.54504869860253,37.92060708374801,45605.4,21.44294755857972,26.6206676279916,40000.0,0.0,0.0,65.2,7.496665925596525,9.306847921826163,0.0,0.0,0.0,nan,nan,nan,39934.8,7.496665925596525,9.306847921826163,0.09577114839754768,0.0007050371924149143,0.0008752789565602488,1.0,0.0,0.0,0.7377566061310391,0.0004929880420802907,0.0006120273706280986,244971.6,502.63187324323155,623.9998489148534,38789.6,9.071934744033381,11.26248893273596,0.716499783920316,0.0004915055401634462,0.0006101868964732111,0.7098110730464388,0.0012465284682437682,0.0015475213914175495,39202.0,29.487285395573462,36.60743102704695,798.0,29.487285395573462,36.60743102704695,0.7134386252308325,0.0010836305162769551,0.001345289295072475,39440.6,20.875823337056673,25.916602789717633,0.9043849999999999,0.0006970025107558872,0.0008653041809676041,1.0,0.0,0.0,0.22508801005935827,0.00036617168460212547,0.00045458930885995197
conversation_trace,0.02,4.0,"l1=0.02,l2x4",C_union,learned,next_use,,next_use,spearman,,,,,,,,,,,,,,,,,,,,,,,,aggregate,5,186079.0,30.54504869860253,37.92060708374801,45605.4,21.44294755857972,26.6206676279916,40000.0,0.0,0.0,65.2,7.496665925596525,9.306847921826163,0.0,0.0,0.0,nan,nan,nan,39934.8,7.496665925596525,9.306847921826163,0.09577114839754768,0.0007050371924149143,0.0008752789565602488,1.0,0.0,0.0,0.7064991571297183,0.0006032462356740414,0.000748909052444626,287184.2,514.7865577110575,639.0894635518879,38789.6,9.071934744033381,11.26248893273596,0.716499783920316,0.0004915055401634462,0.0006101868964732111,0.29088385768212155,0.0013302724597337714,0.0016514866208808252,39201.4,29.610808837314796,36.7607810493738,798.6,29.610808837314796,36.7607810493738,0.29820990773317463,0.0012081769230885067,0.0014999092926699764,39440.2,20.861447696648476,25.898755936144884,0.9043849999999999,0.0006970025107558872,0.0008653041809676041,1.0,0.0,0.0,0.2250544209128972,0.0003636752758021737,0.0004514901048561387
conversation_trace,0.02,4.0,"l1=0.02,l2x4",lfu_s,sampled,,,binary,auc,,,,,,,,,,,,,,,,,,,,,,,,aggregate,5,199905.0,23.021728866442675,28.580669271379907,50472.6,16.531787562148264,20.523634672250427,40000.0,0.0,0.0,16798.6,51.76195514081747,64.26065259052385,0.2066955252561326,0.0012181353748307255,0.0015122723613756556,1.0,0.0,0.0,23201.4,51.76195514081747,64.26065259052385,0.1652329945931384,0.002519268125930662,0.0031275830555934766,1.0,0.0,0.0,0.518677759701419,0.0008106256121867543,0.0010063632778939708,231575.0,499.94149657734954,620.6598406057861,39156.4,12.054044964243332,14.96467422164612,0.19960702649136347,0.00028947647133540424,0.0003593748904385254,0.6575034286335141,0.0010377001695558849,0.001288268379885337,36960.6,68.08670942261786,84.52726270357982,3039.4,68.08670942261786,84.52726270357982,0.6338897480639571,0.0008411144129835699,0.0010442140551796392,37902.8,47.47315030625206,58.936251749156895,0.817355,0.0012955934933458163,0.0016084338999163203,1.0,0.0,0.0,0.16056125733860682,0.0007060773311963287,0.0008765702523912613
conversation_trace,0.02,4.0,"l1=0.02,l2x4",lfu_s,sampled,,,next_use,spearman,,,,,,,,,,,,,,,,,,,,,,,,aggregate,5,199905.0,23.021728866442675,28.580669271379907,50472.6,16.531787562148264,20.523634672250427,40000.0,0.0,0.0,16798.6,51.76195514081747,64.26065259052385,0.2066955252561326,0.0012181353748307255,0.0015122723613756556,1.0,0.0,0.0,23201.4,51.76195514081747,64.26065259052385,0.1652329945931384,0.002519268125930662,0.0031275830555934766,1.0,0.0,0.0,0.5153400062784229,0.0011055614541783533,0.0013725157856026749,260766.4,487.52671721660545,605.2473272778327,39156.4,12.054044964243332,14.96467422164612,0.19960702649136347,0.00028947647133540424,0.0003593748904385254,0.19027929571329755,0.0012719245105874525,0.0015790496876301248,36960.2,67.74363438729871,84.10134707506175,3039.8,67.74363438729871,84.10134707506175,0.1648522956482835,0.001118817277888491,0.0013889724260043176,37902.4,47.19427931434063,58.590043189606874,0.8173600000000001,0.0013039123820257484,0.0016187615085614352,1.0,0.0,0.0,0.16054123253018576,0.0007099185029146835,0.000881338932412374
conversation_trace,0.02,4.0,"l1=0.02,l2x4",lru_2hit_s,sampled,,,binary,auc,,,,,,,,,,,,,,,,,,,,,,,,aggregate,5,29359.2,7.293833011524188,9.055037970102608,10058.8,4.658325879540846,5.783148263705504,10058.8,4.658325879540846,5.783148263705504,0.0,0.0,0.0,nan,nan,nan,nan,nan,nan,10058.8,4.658325879540846,5.783148263705504,0.01680100420649242,0.0006860363664794219,0.0008516900973092416,1.0,0.0,0.0,0.8472876022244538,0.0005911456328433579,0.0007338865782640615,84527.2,134.95258426573386,167.53890207781592,10054.2,5.449770637375485,6.765699183380827,0.9971386556112668,0.0001316956821193845,0.00016349557224650416,0.7980688354797103,0.001704869524005753,0.002116535743216427,9579.0,13.076696830622021,16.234260660713808,479.8,14.498275759551547,17.999101061997507,0.8080404191499643,0.0011750370960945452,0.0014587673593025926,9833.8,11.670475568716128,14.488486264617158,0.9831989957935076,0.0006860363664794321,0.0008516900973092543,1.0,0.0,0.0,0.19637886328166615,0.0008597180024794001,0.0010673097593174754
conversation_trace,0.02,4.0,"l1=0.02,l2x4",lru_2hit_s,sampled,,,next_use,spearman,,,,,,,,,,,,,,,,,,,,,,,,aggregate,5,29359.2,7.293833011524188,9.055037970102608,10058.8,4.658325879540846,5.783148263705504,10058.8,4.658325879540846,5.783148263705504,0.0,0.0,0.0,nan,nan,nan,nan,nan,nan,10058.8,4.658325879540846,5.783148263705504,0.01680100420649242,0.0006860363664794219,0.0008516900973092416,1.0,0.0,0.0,0.7975811844900628,0.0006720321079163546,0.0008343043012769836,99455.2,51.76581883830295,64.26544923549513,10054.2,5.449770637375485,6.765699183380827,0.9971386556112668,0.0001316956821193845,0.00016349557224650416,0.3820125095124024,0.002866263229570931,0.003558365311498966,9578.8,12.988456413292536,16.124713276210525,480.0,14.300349646075091,17.75338273118675,0.40868104382808135,0.002061033308926072,0.0025587005954872915,9833.8,11.670475568716128,14.488486264617158,0.9831989957935076,0.0006860363664794321,0.0008516900973092543,1.0,0.0,0.0,0.19633909954113227,0.0008737688727846175,0.0010847534221934566
conversation_trace,0.02,4.0,"l1=0.02,l2x4",lru_s,sampled,,,binary,auc,,,,,,,,,,,,,,,,,,,,,,,,aggregate,5,190264.0,45.238258145070084,56.161711483892645,47012.8,19.485892332659542,24.19105217719973,40000.0,0.0,0.0,0.0,0.0,0.0,nan,nan,nan,nan,nan,nan,40000.0,0.0,0.0,0.11822999999999999,0.0010343174077622407,0.0012840687997144084,1.0,0.0,0.0,0.6564113209231959,0.0017567238795585115,0.0021809111076789194,239036.0,621.6972735986543,771.8153691550849,38832.4,15.12613632095123,18.778567936879533,0.9951208748006233,9.09329228223645e-05,0.00011289003567643441,0.5992966788721181,0.0013649550000226023,0.0016945437787179705,38578.6,33.01969109486035,40.9927888604813,1421.4,33.01969109486035,40.9927888604813,0.6073047150445394,0.0010343246441559214,0.001284077783443463,39004.4,18.256505689753446,22.664811760965495,0.88177,0.0010343174077622407,0.0012840687997144084,1.0,0.0,0.0,0.19964780421312706,0.0008037154082247152,0.0009977845019391942
conversation_trace,0.02,4.0,"l1=0.02,l2x4",lru_s,sampled,,,next_use,spearman,,,,,,,,,,,,,,,,,,,,,,,,aggregate,5,190264.0,45.238258145070084,56.161711483892645,47012.8,19.485892332659542,24.19105217719973,40000.0,0.0,0.0,0.0,0.0,0.0,nan,nan,nan,nan,nan,nan,40000.0,0.0,0.0,0.11822999999999999,0.0010343174077622407,0.0012840687997144084,1.0,0.0,0.0,0.6405349212624871,0.0017628539517125133,0.002188521377344574,276072.6,600.738961613112,745.7963596002329,38832.4,15.12613632095123,18.778567936879533,0.9951208748006233,9.09329228223645e-05,0.00011289003567643441,0.13308947262024268,0.001994926993007322,0.002476631921888361,38578.2,33.30465432938766,41.34656072565165,1421.8,33.30465432938766,41.34656072565165,0.14551234859603424,0.0014599050594436432,0.0018124209486453033,39004.0,18.681541692269406,23.192479056797698,0.88179,0.0010448684127678438,0.0012971675025223186,1.0,0.0,0.0,0.1996351353863595,0.0008046923198368541,0.0009989973034562258
toolagent_trace,0.0025,1.0,"l1=0.0025,l2x1",A_none,learned,binary,,binary,auc,,,,,,,,,,,,,,,,,,,,,,,,aggregate,5,263450.8,15.896540504147437,19.734997720800475,60518.4,6.107372593840988,7.5820889575367,40000.0,0.0,0.0,30999.2,91.29457815226489,113.33901808927057,0.2719259465704472,0.001447121556038351,0.0017965506773430994,0.9960613199397734,0.00017742145542685905,0.00022026251671278046,9000.8,91.29457815226489,113.33901808927057,0.4240577329989996,0.005893010575815845,0.0073159660274533505,0.9948619894077956,0.0005682707789405643,0.0007054882491107785,0.8193789039279789,0.0014832799381459558,0.0018414400410568736,350497.2,725.0811678701909,900.1628493684017,39131.0,30.83018001893599,38.274587621553806,0.05386996036330992,0.00024523125999212033,0.00030444601174392966,0.5380084639031719,0.0012963514362396558,0.001609374859446384,39847.2,9.833615815151616,12.208089278834748,152.8,9.833615815151616,12.208089278834748,0.5806041375963218,0.000732129875196417,0.0009089135723940415,39947.2,2.4899799195977463,3.0912227742432274,0.6951700000000001,0.0009795407086997353,0.0012160654482386909,1.0,0.0,0.0,0.6541680035651838,0.0017474471644643704,0.002169394391120897
toolagent_trace,0.0025,1.0,"l1=0.0025,l2x1",A_none,learned,binary,,next_use,spearman,,,,,,,,,,,,,,,,,,,,,,,,aggregate,5,263450.8,15.896540504147437,19.734997720800475,60518.4,6.107372593840988,7.5820889575367,40000.0,0.0,0.0,30999.2,91.29457815226489,113.33901808927057,0.2719259465704472,0.001447121556038351,0.0017965506773430994,0.9960613199397734,0.00017742145542685905,0.00022026251671278046,9000.8,91.29457815226489,113.33901808927057,0.4240577329989996,0.005893010575815845,0.0073159660274533505,0.9948619894077956,0.0005682707789405643,0.0007054882491107785,0.7635762159488471,0.0012775948054042736,0.0015860891598509538,484352.4,970.582969147924,1204.944728633542,39131.0,30.83018001893599,38.274587621553806,0.05386996036330992,0.00024523125999212033,0.00030444601174392966,0.05866417035165985,0.0042194538091419355,0.005238303974673826,40000.0,0.0,0.0,0.0,0.0,0.0,0.12085252250335968,0.0032570006258669745,0.004043452090180282,40000.0,0.0,0.0,0.69465,0.0009700193297043304,0.0012042449900248947,1.0,0.0,0.0,0.653872332078334,0.0017380679879994193,0.002157750472363196
toolagent_trace,0.0025,1.0,"l1=0.0025,l2x1",A_none,learned,next_use,,binary,auc,,,,,,,,,,,,,,,,,,,,,,,,aggregate,5,262695.4,7.368853370776216,9.14817311598332,60515.0,11.135528725660043,13.824368513606686,40000.0,0.0,0.0,31548.0,78.16009211867653,97.03301415909948,0.27483646707437515,0.0014284597667324067,0.0017733827201814277,0.9911693607872862,0.0011999378747772048,0.0014896808030434008,8452.0,78.16009211867653,97.03301415909948,0.42155507798317177,0.0034373216819493014,0.0042673143594500395,0.9884398217468284,0.0009696356405107569,0.0012037686533427914,0.8343084741913236,0.0010250319243605627,0.001272541197609986,354889.4,793.7092036760063,985.3621497984179,39156.0,25.475478405713993,31.62691329864487,0.04573016229684413,0.0006674615830294879,0.0008286301548674777,0.4457910513470626,0.002012426949362554,0.0024983575041743,39670.0,29.154759474226502,36.1946117536851,330.0,29.154759474226502,36.1946117536851,0.5098910894557864,0.0015202854973142027,0.0018873811453903456,39882.2,12.93058390019569,16.052866580146983,0.697105,0.0007696184119419153,0.0009554542764570125,1.0,0.0,0.0,0.6751473544786597,0.001591484175611565,0.0019757718083497394
toolagent_trace,0.0025,1.0,"l1=0.0025,l2x1",A_none,learned,next_use,,next_use,spearman,,,,,,,,,,,,,,,,,,,,,,,,aggregate,5,262695.4,7.368853370776216,9.14817311598332,60515.0,11.135528725660043,13.824368513606686,40000.0,0.0,0.0,31548.0,78.16009211867653,97.03301415909948,0.27483646707437515,0.0014284597667324067,0.0017733827201814277,0.9911693607872862,0.0011999378747772048,0.0014896808030434008,8452.0,78.16009211867653,97.03301415909948,0.42155507798317177,0.0034373216819493014,0.0042673143594500395,0.9884398217468284,0.0009696356405107569,0.0012037686533427914,0.758121084672373,0.0012959663920667883,0.001608896840604991,494017.8,1143.559443142332,1419.6889567340588,39156.0,25.475478405713993,31.62691329864487,0.04573016229684413,0.0006674615830294879,0.0008286301548674777,0.007235331568853698,0.004224305861806606,0.005244327627949424,40000.0,0.0,0.0,0.0,0.0,0.0,0.07422898501818267,0.003830072726721609,0.004754901012118351,40000.0,0.0,0.0,0.6951450000000001,0.0008447262870303306,0.0010486980701803902,1.0,0.0,0.0,0.6743557842751107,0.0016293886119621345,0.002022828837191427
toolagent_trace,0.0025,1.0,"l1=0.0025,l2x1",B,learned,binary,,binary,auc,,,,,,,,,,,,,,,,,,,,,,,,aggregate,5,264024.4,6.985699678629191,8.672501240126747,60931.8,4.868264577855235,6.0437797974446426,40000.0,0.0,0.0,31729.4,87.00172412084717,108.00959031197183,0.27092078145017845,0.0014127000513305295,0.0017538175860281591,0.9998139912356692,6.332986890719953e-05,7.862181197324643e-05,8270.6,87.00172412084717,108.00959031197183,0.45951950249829754,0.003316581027663836,0.004117419070188207,0.9995779578618382,0.00035326891262772985,0.0004385709698106305,0.727619920084223,0.0012343892387364035,0.0015324509635720937,324486.4,566.5110766790001,703.3036404462583,39141.2,21.867784524272228,27.1480878265855,0.04649185349826739,0.0002510960877901991,0.0003117269898408794,0.34632675968089444,0.0014859349722055474,0.0018447361727593036,39988.6,3.2093613071762426,3.9843095462074727,11.4,3.2093613071762426,3.9843095462074727,0.39346385856873095,0.0014099917789736635,0.0017504553608461385,39996.2,1.4832396974191324,1.8413900836053174,0.6901599999999999,0.0012100619818835882,0.0015022495270759972,1.0,0.0,0.0,0.5394692712365533,0.0010929998204573046,0.0013569209577349545
toolagent_trace,0.0025,1.0,"l1=0.0025,l2x1",B,learned,binary,,next_use,spearman,,,,,,,,,,,,,,,,,,,,,,,,aggregate,5,264024.4,6.985699678629191,8.672501240126747,60931.8,4.868264577855235,6.0437797974446426,40000.0,0.0,0.0,31729.4,87.00172412084717,108.00959031197183,0.27092078145017845,0.0014127000513305295,0.0017538175860281591,0.9998139912356692,6.332986890719953e-05,7.862181197324643e-05,8270.6,87.00172412084717,108.00959031197183,0.45951950249829754,0.003316581027663836,0.004117419070188207,0.9995779578618382,0.00035326891262772985,0.0004385709698106305,0.6882764253514904,0.001186515949071945,0.001473017952838166,434002.6,449.4733584985878,558.0054165380118,39141.2,21.867784524272228,27.1480878265855,0.04649185349826739,0.0002510960877901991,0.0003117269898408794,-0.20138317003797185,0.001601708698953657,0.001988465195618486,39999.2,0.4472135954999579,0.5551999999999999,0.8,0.44721359549995804,0.5552000000000001,-0.13484862093969804,0.0014180200494519114,0.0017604221771826145,39999.4,0.5477225575051661,0.6799783525966101,0.69072,0.0012228808200311398,0.0015181636652219187,1.0,0.0,0.0,0.5392978781950181,0.0010884374550233513,0.001351256941000179
toolagent_trace,0.0025,1.0,"l1=0.0025,l2x1",B,learned,next_use,,binary,auc,,,,,,,,,,,,,,,,,,,,,,,,aggregate,5,263332.8,18.886503117305757,23.446931480259842,60820.6,9.91463564635635,12.308672558809905,40000.0,0.0,0.0,31396.0,63.51377803280167,78.85012870503128,0.2695363055202299,0.0017977763203752824,0.002231876273699847,0.9988890019840635,0.0001357540416676291,0.00016853388334406026,8604.0,63.51377803280167,78.85012870503128,0.4595167656759956,0.005550979613147066,0.006891346578526683,0.9989867903848246,0.0005073747606083683,0.0006298879772982941,0.7644830700478263,0.0009937314906776071,0.0012336828065511243,331780.2,352.30342036375407,437.3723450139937,39153.4,27.564469884254986,34.220322981526635,0.06100945910685762,0.0004827463383230702,0.0005993126544762966,0.37011981587740256,0.0009702994472629627,0.0012045927461533255,39965.4,4.827007354458868,5.992560401030597,34.6,4.8270073544588685,5.992560401030598,0.4217187289762738,0.0006627568829572899,0.000822789434669416,39986.4,3.2093613071762426,3.9843095462074727,0.689935,0.0013412447576784897,0.0016651083441025832,1.0,0.0,0.0,0.5826948568683268,0.0009528162909191999,0.001182888020492636
toolagent_trace,0.0025,1.0,"l1=0.0025,l2x1",B,learned,next_use,,next_use,spearman,,,,,,,,,,,,,,,,,,,,,,,,aggregate,5,263332.8,18.886503117305757,23.446931480259842,60820.6,9.91463564635635,12.308672558809905,40000.0,0.0,0.0,31396.0,63.51377803280167,78.85012870503128,0.2695363055202299,0.0017977763203752824,0.002231876273699847,0.9988890019840635,0.0001357540416676291,0.00016853388334406026,8604.0,63.51377803280167,78.85012870503128,0.4595167656759956,0.005550979613147066,0.006891346578526683,0.9989867903848246,0.0005073747606083683,0.0006298879772982941,0.7171635507041734,0.0007985709498490271,0.0009913978372247886,451868.4,819.2254268514863,1017.0396463002609,39153.4,27.564469884254986,34.220322981526635,0.06100945910685762,0.0004827463383230702,0.0005993126544762966,-0.15370109061691356,0.0016187950461415428,0.0020096772966238436,39999.8,0.4472135954999579,0.5551999999999999,0.2,0.44721359549995804,0.5552000000000001,-0.08378723738688672,0.001466632079809424,0.0018207723085875388,39999.8,0.4472135954999579,0.5551999999999999,0.69035,0.00129445934659995,0.001607025896493256,1.0,0.0,0.0,0.5824477844974485,0.0009421418364684327,0.0011696360595265557
toolagent_trace,0.0025,1.0,"l1=0.0025,l2x1",C_lru,learned,binary,,binary,auc,,,,,,,,,,,,,,,,,,,,,,,,aggregate,5,264087.8,13.590437814875576,16.872052081474855,60881.2,7.259476565152615,9.012385646431248,40000.0,0.0,0.0,32448.6,74.76830879456884,92.82223407438542,0.28348623190025923,0.001873125788107422,0.0023254199962204378,0.9999349858590888,5.935413447818925e-05,7.368607706447459e-05,7551.4,74.76830879456884,92.82223407438542,0.4251736560739898,0.004240300532187182,0.0052641844504714855,1.0,0.0,0.0,0.6932945155281576,0.0029599100867249285,0.003674624601500593,316677.8,660.4658961672434,819.9452548890321,39143.8,22.753021777337622,28.247078840828834,0.03302915994608502,0.0001590485535397235,0.00019745320315348684,0.3842787474611827,0.0035814110995664775,0.004446196319806416,39995.6,1.816590212458495,2.255233061126942,4.4,1.816590212458495,2.255233061126942,0.42079817124404323,0.002795894925573698,0.0034710055291211806,39998.6,0.8944271909999159,1.1103999999999998,0.689775,0.0010402824135781472,0.001291474145308361,1.0,0.0,0.0,0.5031750337401114,0.0030669958222177157,0.00380756778780764
toolagent_trace,0.0025,1.0,"l1=0.0025,l2x1",C_lru,learned,binary,,next_use,spearman,,,,,,,,,,,,,,,,,,,,,,,,aggregate,5,264087.8,13.590437814875576,16.872052081474855,60881.2,7.259476565152615,9.012385646431248,40000.0,0.0,0.0,32448.6,74.76830879456884,92.82223407438542,0.28348623190025923,0.001873125788107422,0.0023254199962204378,0.9999349858590888,5.935413447818925e-05,7.368607706447459e-05,7551.4,74.76830879456884,92.82223407438542,0.4251736560739898,0.004240300532187182,0.0052641844504714855,1.0,0.0,0.0,0.6685316013308001,0.002002219583945378,0.002485685417867799,419338.0,1270.2045110926035,1576.9143685585466,39143.8,22.753021777337622,28.247078840828834,0.03302915994608502,0.0001590485535397235,0.00019745320315348684,-0.16295133292563388,0.004155423158408254,0.005158812166631636,39999.0,0.7071067811865476,0.877848278462742,1.0,0.7071067811865476,0.877848278462742,-0.10626786630720564,0.003332228808893693,0.0041368452419912,39999.2,0.8366600265340756,1.038684090568446,0.6904100000000002,0.0010100433159028204,0.0012539333656937058,1.0,0.0,0.0,0.5030015800146213,0.0030667494245128005,0.003807261893695418
toolagent_trace,0.0025,1.0,"l1=0.0025,l2x1",C_lru,learned,next_use,,binary,auc,,,,,,,,,,,,,,,,,,,,,,,,aggregate,5,263066.2,13.0843417870369,16.24375160607918,60757.2,4.868264577855235,6.0437797974446426,40000.0,0.0,0.0,31476.6,69.66204131375997,86.48298201704195,0.2685616747729005,0.0015293230890485701,0.0018986009986806092,0.999006190515092,0.00038145325139783725,0.00047356083828202657,8523.4,69.66204131375997,86.48298201704195,0.4599123005600857,0.005263955041822704,0.006535015635990967,0.9988763898430963,0.00034781215488215416,0.0004317965963773794,0.7735357404931142,0.0012973204507830333,0.0016105778570294107,334530.4,795.2611520752162,987.2888393264454,39169.8,23.252956801232827,28.867730645826658,0.05947908989703425,0.0008599640226511371,0.0010676151847354922,0.3988884845077858,0.001037664662494759,0.0012882242991137873,39957.4,6.730527468185536,8.355713886915947,42.6,6.730527468185536,8.355713886915947,0.44866758758474495,0.000794310770682995,0.0009861089741473215,39987.2,2.949576240750525,3.6617954940165616,0.69099,0.0006399707024544443,0.0007945011904333774,1.0,0.0,0.0,0.5911396245281585,0.001449460428326068,0.0017994543052900292
toolagent_trace,0.0025,1.0,"l1=0.0025,l2x1",C_lru,learned,next_use,,next_use,spearman,,,,,,,,,,,,,,,,,,,,,,,,aggregate,5,263066.2,13.0843417870369,16.24375160607918,60757.2,4.868264577855235,6.0437797974446426,40000.0,0.0,0.0,31476.6,69.66204131375997,86.48298201704195,0.2685616747729005,0.0015293230890485701,0.0018986009986806092,0.999006190515092,0.00038145325139783725,0.00047356083828202657,8523.4,69.66204131375997,86.48298201704195,0.4599123005600857,0.005263955041822704,0.006535015635990967,0.9988763898430963,0.00034781215488215416,0.0004317965963773794,0.727241623022788,0.001561011646979503,0.0019379412323861282,455949.0,709.8422359933227,881.2442497033384,39169.8,23.252956801232827,28.867730645826658,0.05947908989703425,0.0008599640226511371,0.0010676151847354922,-0.11183186353914916,0.0021222067974657095,0.0026346453368345166,40000.0,0.0,0.0,0.0,0.0,0.0,-0.04369712397324887,0.0018981521931935746,0.00235648940073686,40000.0,0.0,0.0,0.6914049999999999,0.000603738353924951,0.0007495200000000096,1.0,0.0,0.0,0.5908819564569618,0.0014759958561608327,0.0018323971086441875
toolagent_trace,0.0025,1.0,"l1=0.0025,l2x1",C_union,learned,binary,,binary,auc,,,,,,,,,,,,,,,,,,,,,,,,aggregate,5,264697.8,24.087341073684325,29.903589467487002,61571.4,15.646085772486357,19.424066952108664,40000.0,0.0,0.0,34551.6,116.31122043895851,144.39630243243764,0.3080244414589825,0.0018982994816620607,0.002356672254206715,1.0,0.0,0.0,5448.4,116.31122043895851,144.39630243243764,0.39036507708798496,0.0052098368981734625,0.006467829857972594,1.0,0.0,0.0,0.5738354443992029,0.0043352444583394335,0.005382054006160641,288531.6,950.9557297792574,1180.5781990666098,39148.0,36.345563690772494,45.12174308689769,0.02172141380259094,0.00030463377420610543,0.00037819215055425484,0.22597606353314478,0.0038494950381318957,0.0047790131308095025,39941.4,8.080841540334768,10.032081466973837,58.6,8.08084154033477,10.03208146697384,0.2650172579060136,0.003073134227160039,0.003815188402337858,39960.6,6.308724118235001,7.8320598159104975,0.680775,0.0014092329473866562,0.0017495132980346636,1.0,0.0,0.0,0.3873941624165155,0.003304735447984574,0.004102713198309303
toolagent_trace,0.0025,1.0,"l1=0.0025,l2x1",C_union,learned,binary,,next_use,spearman,,,,,,,,,,,,,,,,,,,,,,,,aggregate,5,264697.8,24.087341073684325,29.903589467487002,61571.4,15.646085772486357,19.424066952108664,40000.0,0.0,0.0,34551.6,116.31122043895851,144.39630243243764,0.3080244414589825,0.0018982994816620607,0.002356672254206715,1.0,0.0,0.0,5448.4,116.31122043895851,144.39630243243764,0.39036507708798496,0.0052098368981734625,0.006467829857972594,1.0,0.0,0.0,0.534267290405124,0.0029892962559915147,0.0037111065003985217,367932.8,1612.3708320358564,2001.701860037463,39148.0,36.345563690772494,45.12174308689769,0.02172141380259094,0.00030463377420610543,0.00037819215055425484,-0.43418870337070337,0.006679734802954535,0.008292656573766228,39941.4,8.080841540334768,10.032081466973837,58.6,8.08084154033477,10.03208146697384,-0.3759845508328245,0.005401990354242053,0.006706381636994462,39960.6,6.308724118235001,7.8320598159104975,0.681505,0.0014295322661626037,0.0017747141906233757,1.0,0.0,0.0,0.3872357289997077,0.003287248854668603,0.0040810042057681135
toolagent_trace,0.0025,1.0,"l1=0.0025,l2x1",C_union,learned,next_use,,binary,auc,,,,,,,,,,,,,,,,,,,,,,,,aggregate,5,263480.0,9.460443964212251,11.74480950888519,61061.0,8.093207028119323,10.047432786538062,40000.0,0.0,0.0,32405.4,88.74288703890582,110.17118303149873,0.2876668945526145,0.0006588719147730946,0.0008179663828714181,0.9999141100974551,8.9834422133668e-05,0.00011152628558363484,7594.6,88.74288703890583,110.17118303149876,0.4250583435424485,0.00363521147276665,0.004512987596952949,0.9996921271430542,0.0002157563163717757,0.0002678539025981403,0.6686269731955591,0.004387914658876302,0.005447442213568286,308808.4,1104.931355333896,1371.7335399778485,39204.0,28.24889378365107,35.07001125748322,0.043346873561103685,0.00037906756592427426,0.00047059909340608775,0.3465023467827321,0.0022210593969582268,0.0027573673734418553,39986.8,3.8340579025361627,4.759848468176271,13.2,3.8340579025361627,4.759848468176271,0.3840041417649387,0.001957418915699861,0.0024300669589027843,39991.4,3.9115214431215892,4.856016738027166,0.6862900000000001,0.0009171286714523457,0.0011385830920929375,1.0,0.0,0.0,0.47682029912919316,0.005016523358915986,0.006227837876342954
toolagent_trace,0.0025,1.0,"l1=0.0025,l2x1",C_union,learned,next_use,,next_use,spearman,,,,,,,,,,,,,,,,,,,,,,,,aggregate,5,263480.0,9.460443964212251,11.74480950888519,61061.0,8.093207028119323,10.047432786538062,40000.0,0.0,0.0,32405.4,88.74288703890582,110.17118303149873,0.2876668945526145,0.0006588719147730946,0.0008179663828714181,0.9999141100974551,8.9834422133668e-05,0.00011152628558363484,7594.6,88.74288703890583,110.17118303149876,0.4250583435424485,0.00363521147276665,0.004512987596952949,0.9996921271430542,0.0002157563163717757,0.0002678539025981403,0.6343031341229435,0.0029654947256370053,0.003681557734918683,406882.0,2223.8482412251064,2760.8296258253963,39204.0,28.24889378365107,35.07001125748322,0.043346873561103685,0.00037906756592427426,0.00047059909340608775,-0.21734883554587556,0.0026876847046880016,0.0033366663336220482,39991.4,3.646916505762094,4.527518985051304,8.6,3.646916505762094,4.527518985051304,-0.16207180128523252,0.0026285332491656115,0.0032632318753754983,39993.2,3.271085446759225,4.060937901519795,0.6870050000000001,0.0009061249913781224,0.0011249224090576217,1.0,0.0,0.0,0.4766306650690361,0.005010878311999588,0.006220829748505337
toolagent_trace,0.0025,1.0,"l1=0.0025,l2x1",lfu_s,sampled,,,binary,auc,,,,,,,,,,,,,,,,,,,,,,,,aggregate,5,264335.4,8.677557259966655,10.772883112704786,60890.6,6.387487769068525,7.92984212705398,40000.0,0.0,0.0,34805.6,72.98835523561274,90.61248413414123,0.28846034554690864,0.0027002306688076664,0.003352241708229009,0.8882168526171406,0.002060657828145354,0.00255823444926197,5194.4,72.98835523561276,90.61248413414124,0.4623063285276497,0.005541469342944071,0.006879539911489201,0.891816266625062,0.003480325885218003,0.004320702570128409,0.9009530156612456,0.0006648788786469338,0.000825423817923291,381142.4,1338.0173018313328,1661.1015708193643,39162.4,37.07155243579638,46.02303266148375,0.03056422756841794,0.00021876159913011216,0.00027158485578073106,0.343855134023755,0.0037692488160423207,0.004679390259428938,36021.0,56.90342696182718,70.6436096020015,3979.0,56.90342696182718,70.6436096020015,0.48777361199770286,0.0027611403551190032,0.003427858948358413,38617.8,22.862633269157776,28.38315766506609,0.7235250000000001,0.001439075223885112,0.0017865614380703442,1.0,0.0,0.0,0.7839744743426683,0.0006582186192277029,0.0008171553393556322
toolagent_trace,0.0025,1.0,"l1=0.0025,l2x1",lfu_s,sampled,,,next_use,spearman,,,,,,,,,,,,,,,,,,,,,,,,aggregate,5,264335.4,8.677557259966655,10.772883112704786,60890.6,6.387487769068525,7.92984212705398,40000.0,0.0,0.0,34805.6,72.98835523561274,90.61248413414123,0.28846034554690864,0.0027002306688076664,0.003352241708229009,0.8882168526171406,0.002060657828145354,0.00255823444926197,5194.4,72.98835523561276,90.61248413414124,0.4623063285276497,0.005541469342944071,0.006879539911489201,0.891816266625062,0.003480325885218003,0.004320702570128409,0.7672184248245052,0.001200677470290572,0.0014905989849438468,544583.0,850.8325334635483,1056.278761048995,39162.4,37.07155243579638,46.02303266148375,0.03056422756841794,0.00021876159913011216,0.00027158485578073106,-0.08933664400144352,0.004904302520976911,0.0060885196403798435,40000.0,0.0,0.0,0.0,0.0,0.0,0.00075740644737436,0.00437664268366867,0.005433448451530973,40000.0,0.0,0.0,0.691695,0.001701598513163432,0.002112474897933702,1.0,0.0,0.0,0.7754236434200251,0.0007109426463368762,0.0008826103705656925
toolagent_trace,0.0025,1.0,"l1=0.0025,l2x1",lru_2hit_s,sampled,,,binary,auc,,,,,,,,,,,,,,,,,,,,,,,,aggregate,5,84986.2,7.120393247567159,8.83971858375593,20387.2,4.324349662087931,5.3685284985738875,20387.2,4.324349662087931,5.3685284985738875,1.4,0.8944271909999159,1.1103999999999998,0.5,0.408248290463863,0.649523030128006,1.0,0.0,0.0,20385.8,5.167204273105526,6.414902948603354,0.5597327273300511,0.00015318679900812852,0.0001901760404091314,0.9931994936923332,0.0006492712169389614,0.0008060474531001712,0.5058597992167826,0.001035947468444725,0.001286092462903591,151581.8,243.0096705894644,301.6879863869955,20354.0,4.949747468305833,6.144937949239194,0.9229122650917938,0.00016168288159886142,0.00020072362908228332,0.5009663412130525,0.0009082355904695276,0.0011275426438343355,20267.0,10.770329614269007,13.370986620290962,120.2,11.077003204838391,13.751711131346525,0.5018096295890626,0.0008028751930506006,0.000996741404257544,20304.2,6.610597552415364,8.206825101097255,0.44408255045573936,0.0002751561255405337,0.00034159668318965193,1.0,0.0,0.0,0.5623830620716487,0.0009755559787104705,0.0012111185456572377
toolagent_trace,0.0025,1.0,"l1=0.0025,l2x1",lru_2hit_s,sampled,,,next_use,spearman,,,,,,,,,,,,,,,,,,,,,,,,aggregate,5,84986.2,7.120393247567159,8.83971858375593,20387.2,4.324349662087931,5.3685284985738875,20387.2,4.324349662087931,5.3685284985738875,1.4,0.8944271909999159,1.1103999999999998,0.5,0.408248290463863,0.649523030128006,1.0,0.0,0.0,20385.8,5.167204273105526,6.414902948603354,0.5597327273300511,0.00015318679900812852,0.0001901760404091314,0.9931994936923332,0.0006492712169389614,0.0008060474531001712,0.49819586305565744,0.000497688784907399,0.000617863178045118,247496.0,95.90099061010788,119.05771765996525,20354.0,4.949747468305833,6.144937949239194,0.9229122650917938,0.00016168288159886142,0.00020072362908228332,-0.010084585698411698,0.0009886637987443982,0.0012273914446837102,20372.0,7.905694150420948,9.814642122869278,15.2,5.310367218940701,6.592634726723451,-0.008900233490029774,0.0008325979083797118,0.0010336411132931655,20380.4,4.505552130427524,5.593485010259703,0.44058038394992804,0.00013989003329950662,0.00017366857195175178,1.0,0.0,0.0,0.56116362252718,0.0009659758502348432,0.001199225152023437
toolagent_trace,0.0025,1.0,"l1=0.0025,l2x1",lru_s,sampled,,,binary,auc,,,,,,,,,,,,,,,,,,,,,,,,aggregate,5,269262.0,16.046806535881213,19.921547731037364,61846.2,3.271085446759225,4.060937901519795,40000.0,0.0,0.0,941.8,17.569860557215584,21.812365901937365,0.17636861495302686,0.006967070018354359,0.008649373170030792,1.0,0.0,0.0,39058.2,17.569860557215588,21.812365901937365,0.32439298727574223,0.0008416518985095356,0.0010448813246164786,0.9999367984740347,6.620618643037505e-05,8.21926593377631e-05,0.5116876534188044,0.0018057858481156748,0.002241819821584375,253939.2,203.9845582390981,253.23967758121947,37975.4,26.40643860879388,32.78266775233522,0.8364472444092034,0.000392766982333494,0.0004876064385917721,0.4848724678851724,0.0011526186997014053,0.0014309357061446498,39248.8,24.933912649241396,30.95457839867957,751.2,24.933912649241393,30.95457839867957,0.48799734023508573,0.0010357332460334324,0.001285826513290372,39393.8,24.242524621004307,30.096244400921517,0.67911,0.0008639661451700607,0.001072583679532754,1.0,0.0,0.0,0.3153102628676174,0.0006218997010675757,0.000772066675760868
toolagent_trace,0.0025,1.0,"l1=0.0025,l2x1",lru_s,sampled,,,next_use,spearman,,,,,,,,,,,,,,,,,,,,,,,,aggregate,5,269262.0,16.046806535881213,19.921547731037364,61846.2,3.271085446759225,4.060937901519795,40000.0,0.0,0.0,941.8,17.569860557215584,21.812365901937365,0.17636861495302686,0.006967070018354359,0.008649373170030792,1.0,0.0,0.0,39058.2,17.569860557215588,21.812365901937365,0.32439298727574223,0.0008416518985095356,0.0010448813246164786,0.9999367984740347,6.620618643037505e-05,8.21926593377631e-05,0.5064187012859055,0.001277560287027219,0.0015860463064960165,313868.2,338.9862829083206,420.8395857471585,37975.4,26.40643860879388,32.78266775233522,0.8364472444092034,0.000392766982333494,0.0004876064385917721,-0.029873247358246813,0.001990571031170496,0.0024712241479831376,38065.4,32.7765159832463,40.69089548486246,1934.6,32.7765159832463,40.69089548486246,-0.024333042411935617,0.0017657216685062972,0.0021920815472050836,38463.2,34.73758771129625,43.12549728223432,0.679915,0.0008173126696681032,0.0010146650253162386,1.0,0.0,0.0,0.3148642295688742,0.0006357348047633344,0.0007892424719557445
toolagent_trace,0.01,4.0,"l1=0.01,l2x4",A_none,learned,binary,,binary,auc,,,,,,,,,,,,,,,,,,,,,,,,aggregate,5,211218.0,27.703790354390136,34.39328446077809,49963.6,25.422431040323428,31.561056854294343,40000.0,0.0,0.0,2808.0,60.06662967072483,74.57061486671542,0.008623459979181607,0.000819724055679896,0.0010176586765093573,1.0,0.0,0.0,37192.0,60.06662967072483,74.57061486671542,0.18543296015792068,0.0007843203004150485,0.0009737061555644855,1.0,0.0,0.0,0.6956665763424065,0.0012536616538714022,0.0015563769912926716,277454.4,541.2543764257247,671.9483325537462,38765.0,40.367065783878814,50.114296946081154,0.6032030029268931,0.0008313754812035358,0.0010321235128108856,0.6665947469801303,0.0005860743252147273,0.0007275907276375438,39941.8,7.19027120489902,8.926469617939668,58.2,7.19027120489902,8.926469617939668,0.6698458898059995,0.0006218363469989094,0.0007719880239057422,39960.8,6.058052492344384,7.520859780636785,0.82698,0.0005988008851028883,0.0007433903055596054,1.0,0.0,0.0,0.3428977782558693,0.0009896299942689529,0.0012285909425537003
toolagent_trace,0.01,4.0,"l1=0.01,l2x4",A_none,learned,binary,,next_use,spearman,,,,,,,,,,,,,,,,,,,,,,,,aggregate,5,211218.0,27.703790354390136,34.39328446077809,49963.6,25.422431040323428,31.561056854294343,40000.0,0.0,0.0,2808.0,60.06662967072483,74.57061486671542,0.008623459979181607,0.000819724055679896,0.0010176586765093573,1.0,0.0,0.0,37192.0,60.06662967072483,74.57061486671542,0.18543296015792068,0.0007843203004150485,0.0009737061555644855,1.0,0.0,0.0,0.6614960267496662,0.0007933783379771147,0.000984951391633029,346820.4,793.3207421970006,984.8798884912615,38765.0,40.367065783878814,50.114296946081154,0.6032030029268931,0.0008313754812035358,0.0010321235128108856,0.2657629984606241,0.0007587242907161295,0.00094192960689102,39941.4,6.877499545619759,8.538174568372327,58.6,6.87749954561976,8.538174568372328,0.2708690465115758,0.0005526385398238755,0.0006860813722963941,39960.8,6.058052492344384,7.520859780636785,0.827055,0.0005786298471389055,0.0007183486691015647,1.0,0.0,0.0,0.34283472260755976,0.0009943001824780835,0.0012343888174837113
toolagent_trace,0.01,4.0,"l1=0.01,l2x4",A_none,learned,next_use,,binary,auc,,,,,,,,,,,,,,,,,,,,,,,,aggregate,5,211544.0,40.98170323449234,50.87734779250978,50145.2,17.93599732381782,22.266911861324637,40000.0,0.0,0.0,848.8,23.99374918598592,29.787398420137325,0.01738857779786901,0.00370139793430494,0.0045951557685287225,1.0,0.0,0.0,39151.2,23.99374918598592,29.787398420137325,0.18089911865134295,0.0009733287234848975,0.0012083534863797892,1.0,0.0,0.0,0.6980919370941685,0.0012343710976249033,0.0015324284420181738,273048.6,576.8741630546475,716.1690488632973,37701.8,9.884331034521253,12.271050445662748,0.5478754631692097,0.000549246770411689,0.0006818706094828425,0.6771522097899968,0.0003879679677501542,0.0004816486302346902,39952.0,7.0710678118654755,8.778482784627421,48.0,7.0710678118654755,8.778482784627421,0.6794182826930982,0.0004813705327154947,0.0005976046400487119,39969.4,7.893034904268446,9.798926112590092,0.82257,0.0009147062369963217,0.001135575724643652,1.0,0.0,0.0,0.35326068015676937,0.0005225700390070322,0.0006487523827006094
toolagent_trace,0.01,4.0,"l1=0.01,l2x4",A_none,learned,next_use,,next_use,spearman,,,,,,,,,,,,,,,,,,,,,,,,aggregate,5,211544.0,40.98170323449234,50.87734779250978,50145.2,17.93599732381782,22.266911861324637,40000.0,0.0,0.0,848.8,23.99374918598592,29.787398420137325,0.01738857779786901,0.00370139793430494,0.0045951557685287225,1.0,0.0,0.0,39151.2,23.99374918598592,29.787398420137325,0.18089911865134295,0.0009733287234848975,0.0012083534863797892,1.0,0.0,0.0,0.6592019088095507,0.0007815114014352947,0.0009702190059580073,344011.8,544.7418654739142,676.2779279395713,37701.8,9.884331034521253,12.271050445662748,0.5478754631692097,0.000549246770411689,0.0006818706094828425,0.2726242971842149,0.0005327411915482063,0.0006613795119911373,39952.0,7.0710678118654755,8.778482784627421,48.0,7.0710678118654755,8.778482784627421,0.2769652628021333,0.0005523837338682702,0.0006857650396357247,39969.4,7.893034904268446,9.798926112590092,0.82257,0.0009147062369963217,0.001135575724643652,1.0,0.0,0.0,0.3531745065808736,0.0005167994960621994,0.0006415884559434421
toolagent_trace,0.01,4.0,"l1=0.01,l2x4",B,learned,binary,,binary,auc,,,,,,,,,,,,,,,,,,,,,,,,aggregate,5,215530.4,45.21946483540025,56.138380248810165,50996.2,12.557866060760482,15.590150449562694,40000.0,0.0,0.0,3589.4,51.95478803729258,64.50004787098999,0.04492715263619041,0.003846793189743177,0.004775658880758719,1.0,0.0,0.0,36410.6,51.95478803729257,64.50004787098997,0.2055893684272608,0.0010354418724971325,0.0012854647832602887,1.0,0.0,0.0,0.6936105616642491,0.0007919558719783823,0.0009831854499656846,275276.6,716.5426016644091,889.5625187765949,38826.0,53.10837975310488,65.93219154252344,0.41617947426305213,0.0007179093665004918,0.0008912593094033307,0.6474291710823066,0.0004989306673907846,0.0006194049316092173,39927.6,10.853570840972107,13.474327684897675,72.4,10.85357084097211,13.474327684897677,0.6527122917364979,0.0005180737000141918,0.0006431703354776616,39950.8,6.978538528947161,8.663610923858482,0.8088249999999999,0.0010904414243782452,0.0013537447986973342,1.0,0.0,0.0,0.33339147841728656,0.0008486975159418549,0.0010536282116471616
toolagent_trace,0.01,4.0,"l1=0.01,l2x4",B,learned,binary,,next_use,spearman,,,,,,,,,,,,,,,,,,,,,,,,aggregate,5,215530.4,45.21946483540025,56.138380248810165,50996.2,12.557866060760482,15.590150449562694,40000.0,0.0,0.0,3589.4,51.95478803729258,64.50004787098999,0.04492715263619041,0.003846793189743177,0.004775658880758719,1.0,0.0,0.0,36410.6,51.95478803729257,64.50004787098997,0.2055893684272608,0.0010354418724971325,0.0012854647832602887,1.0,0.0,0.0,0.6553300261233652,0.0005506159542006522,0.0006835704031547736,342371.4,682.2391809329041,846.9760245783582,38826.0,53.10837975310488,65.93219154252344,0.41617947426305213,0.0007179093665004918,0.0008912593094033307,0.22428854070999446,0.0006953430628445516,0.0008632440345640863,39927.6,10.853570840972107,13.474327684897675,72.4,10.85357084097211,13.474327684897677,0.23267611388472717,0.0006816610988379846,0.0008462583559244335,39950.8,6.978538528947161,8.663610923858482,0.80883,0.0010861917418209534,0.001348468966791619,1.0,0.0,0.0,0.3333136970326885,0.0008558423324453924,0.0010624982508469524
toolagent_trace,0.01,4.0,"l1=0.01,l2x4",B,learned,next_use,,binary,auc,,,,,,,,,,,,,,,,,,,,,,,,aggregate,5,211802.6,69.99142804658297,86.89190409790777,50022.0,26.086394921491163,32.385344734926,40000.0,0.0,0.0,0.6,0.5477225575051662,0.6799783525966102,0.0,0.0,0.0,nan,nan,nan,39999.4,0.5477225575051661,0.6799783525966101,0.1721875815645391,0.0007619649985995334,0.000945952832112638,1.0,0.0,0.0,0.6208559078845909,0.0015789191518698318,0.0019601727718901894,268022.8,173.47968180740938,215.3689429584498,37499.2,19.664689166117018,24.41302217751829,0.8159459035341226,0.0004937010461319975,0.0006129125401611606,0.6193947213055114,0.0017855219131561555,0.0022166628567632414,39928.2,10.059821071967432,12.48891517466589,71.8,10.059821071967434,12.488915174665893,0.6195083372394781,0.001672675222894826,0.002076567647083741,39951.8,5.449770637375485,6.765699183380827,0.827815,0.0007623155514614602,0.0009463880312007252,1.0,0.0,0.0,0.33256542471365036,0.0008149690601801267,0.0010117555163012678
toolagent_trace,0.01,4.0,"l1=0.01,l2x4",B,learned,next_use,,next_use,spearman,,,,,,,,,,,,,,,,,,,,,,,,aggregate,5,211802.6,69.99142804658297,86.89190409790777,50022.0,26.086394921491163,32.385344734926,40000.0,0.0,0.0,0.6,0.5477225575051662,0.6799783525966102,0.0,0.0,0.0,nan,nan,nan,39999.4,0.5477225575051661,0.6799783525966101,0.1721875815645391,0.0007619649985995334,0.000945952832112638,1.0,0.0,0.0,0.598538646909397,0.0013016630126513496,0.0016159689953435174,334708.6,323.93178294202625,402.1499518330942,37499.2,19.664689166117018,24.41302217751829,0.8159459035341226,0.0004937010461319975,0.0006129125401611606,0.18307274674821417,0.00238282282164155,0.0029581909939397468,39928.0,9.874208829065749,12.258484082463049,72.0,9.874208829065749,12.258484082463049,0.18383545979198607,0.0021602679323083555,0.002681896901360441,39951.8,5.449770637375485,6.765699183380827,0.82782,0.0007686026281506005,0.0009541932164923494,1.0,0.0,0.0,0.3325054985797035,0.000820310670793851,0.0010183869386072562
toolagent_trace,0.01,4.0,"l1=0.01,l2x4",C_lru,learned,binary,,binary,auc,,,,,,,,,,,,,,,,,,,,,,,,aggregate,5,218769.6,53.76616036132764,66.74880310657262,52286.8,18.579558659989747,23.06587069763463,40000.0,0.0,0.0,17258.8,122.79128633579828,152.441077059433,0.19664336822691103,0.0020771175799501294,0.002578668654066936,1.0,0.0,0.0,22741.2,122.79128633579828,152.441077059433,0.21722793313528524,0.001108010187475928,0.0013755558021417375,1.0,0.0,0.0,0.6400899833005566,0.001009685473241474,0.0012534891165752117,267819.4,449.05378297036987,557.4845282295823,38938.2,33.74462920228937,41.89277410532752,0.22659939066063153,0.000673677492106785,0.0008363469880640562,0.6495634761156233,0.0007209408527441888,0.0008950227932943314,39838.6,8.532291603080617,10.592540892533764,161.4,8.532291603080617,10.592540892533764,0.6483241137621759,0.000531518273171182,0.0006598613017002252,39887.8,6.3796551630946325,7.92011822133988,0.79165,0.0009173671565954253,0.0011388791630370459,1.0,0.0,0.0,0.2973422352558902,0.0007142517307434161,0.0008867184828435788
toolagent_trace,0.01,4.0,"l1=0.01,l2x4",C_lru,learned,binary,,next_use,spearman,,,,,,,,,,,,,,,,,,,,,,,,aggregate,5,218769.6,53.76616036132764,66.74880310657262,52286.8,18.579558659989747,23.06587069763463,40000.0,0.0,0.0,17258.8,122.79128633579828,152.441077059433,0.19664336822691103,0.0020771175799501294,0.002578668654066936,1.0,0.0,0.0,22741.2,122.79128633579828,152.441077059433,0.21722793313528524,0.001108010187475928,0.0013755558021417375,1.0,0.0,0.0,0.6128158735403636,0.000581970484624949,0.0007224959534214385,327176.6,528.2705746111552,655.8293977986654,38938.2,33.74462920228937,41.89277410532752,0.22659939066063153,0.000673677492106785,0.0008363469880640562,0.21754633693490194,0.0015708466091949676,0.0019501509931737484,39838.4,8.820430828479978,10.950255639025052,161.6,8.82043082847998,10.950255639025055,0.2166257281698952,0.0012640598064387024,0.0015692859331572658,39887.6,6.387487769068525,7.92984212705398,0.791815,0.0009348462440423137,0.0011605788373049166,1.0,0.0,0.0,0.29726358302805134,0.0007157298805002686,0.0008885535539444183
toolagent_trace,0.01,4.0,"l1=0.01,l2x4",C_lru,learned,next_use,,binary,auc,,,,,,,,,,,,,,,,,,,,,,,,aggregate,5,215620.8,47.782842108857444,59.32072326463999,51011.2,26.668333281253254,33.10780080645647,40000.0,0.0,0.0,15317.6,160.2117349010365,198.89725203370705,0.1878203188799065,0.0026468080289476525,0.0032859193737813696,1.0,0.0,0.0,24682.4,160.21173490103652,198.89725203370708,0.18785871105316085,0.00164822880413017,0.0020462182752517782,1.0,0.0,0.0,0.6721726024542061,0.0005581228860130684,0.0006928899958151757,274045.8,714.5213082896828,887.0531539161786,38826.0,39.642149285829596,49.21433852852235,0.25667204343555095,0.0006102616216047646,0.0007576184081259603,0.6349201390761858,0.0006903258113245011,0.0008570152927012233,39915.4,10.261578825892242,12.739390352760212,84.6,10.261578825892242,12.739390352760212,0.6390236076154919,0.0006223475774031728,0.0007726226985294636,39944.8,8.526429498916883,10.585263295733364,0.8121499999999999,0.0012183492931010969,0.0015125379334085841,1.0,0.0,0.0,0.329400466640681,0.0003210501555584187,0.000398572512463009
toolagent_trace,0.01,4.0,"l1=0.01,l2x4",C_lru,learned,next_use,,next_use,spearman,,,,,,,,,,,,,,,,,,,,,,,,aggregate,5,215620.8,47.782842108857444,59.32072326463999,51011.2,26.668333281253254,33.10780080645647,40000.0,0.0,0.0,15317.6,160.2117349010365,198.89725203370705,0.1878203188799065,0.0026468080289476525,0.0032859193737813696,1.0,0.0,0.0,24682.4,160.21173490103652,198.89725203370708,0.18785871105316085,0.00164822880413017,0.0020462182752517782,1.0,0.0,0.0,0.6395804498557525,0.000468415425842278,0.0005815213290573077,340242.0,734.0071525537064,911.2441464178521,38826.0,39.642149285829596,49.21433852852235,0.25667204343555095,0.0006102616216047646,0.0007576184081259603,0.20437877098274432,0.0009755472498233879,0.0012111077090499495,39915.4,10.261578825892242,12.739390352760212,84.6,10.261578825892242,12.739390352760212,0.2113087107346303,0.0009347287242737158,0.0011604329406323152,39944.8,8.526429498916883,10.585263295733364,0.81227,0.0012236472122307154,0.0015191151142688304,1.0,0.0,0.0,0.3293327024570938,0.000319691260012452,0.00039688549128406365
toolagent_trace,0.01,4.0,"l1=0.01,l2x4",C_union,learned,binary,,binary,auc,,,,,,,,,,,,,,,,,,,,,,,,aggregate,5,211649.4,61.569472955353454,76.43634211656128,50214.4,22.952124084711638,28.494257375127358,40000.0,0.0,0.0,2958.0,42.49117555446072,52.7513047573233,0.010071250457789128,0.0008786491654822305,0.0010908121344798878,1.0,0.0,0.0,37042.0,42.49117555446072,52.7513047573233,0.19211743666049386,0.0005077037903947956,0.000630296456242724,1.0,0.0,0.0,0.7037614509968222,0.0007947258984341966,0.0009866243406965196,280083.2,730.3449185145331,906.6976112520865,38767.2,35.23776383370545,43.746448402584626,0.549510433021134,0.0013635003217667607,0.0016927378466627511,0.6755019610647048,0.0006437122045080294,0.0007991461340599863,39952.0,1.224744871391589,1.520477819634341,48.0,1.224744871391589,1.520477819634341,0.6785543479921141,0.000596793497445943,0.0007408982041602953,39965.6,2.6076809620810595,3.2373444920181105,0.821345,0.0003734969879396736,0.00046368341613649863,1.0,0.0,0.0,0.3555587004666664,0.0007166573714678571,0.0008897050014638735
toolagent_trace,0.01,4.0,"l1=0.01,l2x4",C_union,learned,binary,,next_use,spearman,,,,,,,,,,,,,,,,,,,,,,,,aggregate,5,211649.4,61.569472955353454,76.43634211656128,50214.4,22.952124084711638,28.494257375127358,40000.0,0.0,0.0,2958.0,42.49117555446072,52.7513047573233,0.010071250457789128,0.0008786491654822305,0.0010908121344798878,1.0,0.0,0.0,37042.0,42.49117555446072,52.7513047573233,0.19211743666049386,0.0005077037903947956,0.000630296456242724,1.0,0.0,0.0,0.6620092827063466,0.0008997359368339673,0.0011169906218342271,352304.0,889.9036464696613,1104.7841780561484,38767.2,35.23776383370545,43.746448402584626,0.549510433021134,0.0013635003217667607,0.0016927378466627511,0.2713589401823101,0.0008146069035086414,0.0010113059114904305,39951.6,1.6733200530681511,2.077368181136892,48.4,1.6733200530681511,2.077368181136892,0.27638637483724593,0.0008531939703333302,0.0010592104021334688,39965.4,2.5099800796022267,3.116052271705338,0.82136,0.00037358064725037627,0.0004637872762377332,1.0,0.0,0.0,0.35548061798108116,0.0007157142513210879,0.0008885341508664071
toolagent_trace,0.01,4.0,"l1=0.01,l2x4",C_union,learned,next_use,,binary,auc,,,,,,,,,,,,,,,,,,,,,,,,aggregate,5,211362.0,44.05110668303352,54.68790456398928,50091.8,33.774250546829315,41.929547966082346,40000.0,0.0,0.0,3157.8,8.043631020876083,9.985885911625468,0.023373762371193447,0.0023613853437479105,0.0029315771167090178,1.0,0.0,0.0,36842.2,8.04363102087608,9.985885911625466,0.19068883713271795,0.000910309915751744,0.0011301178459486607,1.0,0.0,0.0,0.7120589444090941,0.0010592860810921313,0.001315066532279443,281587.2,507.5846727394357,630.1485758497276,38762.6,31.309742892588563,38.86994811625042,0.4518821458446244,0.0010664221386548548,0.001323925697561292,0.6760084514485195,0.00024061628634975034,0.00029871668376279034,39959.4,9.396807968666806,11.665807651423023,40.6,9.396807968666806,11.665807651423023,0.6799121272314108,0.00038188750094220224,0.0004740999438670478,39975.6,10.039920318408907,12.464209086821352,0.8225199999999999,0.001034317407762255,0.0012840687997144264,1.0,0.0,0.0,0.36222442588754267,0.0006201229345780394,0.0007698608824555733
toolagent_trace,0.01,4.0,"l1=0.01,l2x4",C_union,learned,next_use,,next_use,spearman,,,,,,,,,,,,,,,,,,,,,,,,aggregate,5,211362.0,44.05110668303352,54.68790456398928,50091.8,33.774250546829315,41.929547966082346,40000.0,0.0,0.0,3157.8,8.043631020876083,9.985885911625468,0.023373762371193447,0.0023613853437479105,0.0029315771167090178,1.0,0.0,0.0,36842.2,8.04363102087608,9.985885911625466,0.19068883713271795,0.000910309915751744,0.0011301178459486607,1.0,0.0,0.0,0.6685044737904071,0.001200763523352787,0.001490705816803662,354886.4,642.9193573069642,798.1618420562085,38762.6,31.309742892588563,38.86994811625042,0.4518821458446244,0.0010664221386548548,0.001323925697561292,0.26932762540960437,0.0006154055556142167,0.0007640044218580677,39959.2,9.121403400793103,11.323902535786853,40.8,9.121403400793103,11.323902535786853,0.27613304591352855,0.000773552081741636,0.0009603377896032606,39975.4,9.762171889492624,12.119394149873992,0.82254,0.0010424730212336187,0.0012941937079123515,1.0,0.0,0.0,0.3621507624424257,0.0006114878024397295,0.0007591406686440277
toolagent_trace,0.01,4.0,"l1=0.01,l2x4",lfu_s,sampled,,,binary,auc,,,,,,,,,,,,,,,,,,,,,,,,aggregate,5,222439.2,42.874234687047185,53.22685924080059,53777.6,23.136551169091735,28.723217134575997,40000.0,0.0,0.0,19773.4,107.46534325074293,133.414456029922,0.24314456629229592,0.0010358576229367298,0.001285980922855299,1.0,0.0,0.0,20226.6,107.46534325074293,133.414456029922,0.226760965605522,0.0014730173055416144,0.0018286993424751128,1.0,0.0,0.0,0.5446104743643565,0.0014872862086586897,0.0018464136854430269,254162.6,223.1766116778369,277.06593907328266,38219.0,20.639767440550294,25.62354767006317,0.14187186992857775,0.0006407320163796576,0.0007954463349807068,0.6820639834774245,0.001956879643838082,0.00242939747179266,39508.0,16.015617378046965,19.882827485043464,492.0,16.015617378046965,19.882827485043464,0.6644571525407763,0.0017303559602926035,0.0021481762603403312,39664.2,22.241852440837746,27.612480030594856,0.7651399999999999,0.00033100226585325835,0.0004109277084840912,1.0,0.0,0.0,0.2507650184067103,0.0007571283374512893,0.0009399482868650744
toolagent_trace,0.01,4.0,"l1=0.01,l2x4",lfu_s,sampled,,,next_use,spearman,,,,,,,,,,,,,,,,,,,,,,,,aggregate,5,222439.2,42.874234687047185,53.22685924080059,53777.6,23.136551169091735,28.723217134575997,40000.0,0.0,0.0,19773.4,107.46534325074293,133.414456029922,0.24314456629229592,0.0010358576229367298,0.001285980922855299,1.0,0.0,0.0,20226.6,107.46534325074293,133.414456029922,0.226760965605522,0.0014730173055416144,0.0018286993424751128,1.0,0.0,0.0,0.5350437842149798,0.0014126079922367333,0.0017537032978907012,303500.8,374.5119490750596,464.94345480266736,38219.0,20.639767440550294,25.62354767006317,0.14187186992857775,0.0006407320163796576,0.0007954463349807068,0.25000418857087936,0.0032203369822984586,0.003997935462076694,39507.6,16.11831256676703,20.010319961459885,492.4,16.11831256676703,20.010319961459885,0.2275059825538789,0.002833007343389496,0.003517079294719241,39663.8,22.387496510329154,27.79329203674872,0.7652849999999999,0.0003586432768085596,0.00044524305452187666,1.0,0.0,0.0,0.25068687242091225,0.0007565925371761311,0.0009392831096080294
toolagent_trace,0.01,4.0,"l1=0.01,l2x4",lru_2hit_s,sampled,,,binary,auc,,,,,,,,,,,,,,,,,,,,,,,,aggregate,5,35957.2,23.700210969525145,29.422981015525938,10087.2,10.329569206893384,12.823798027105697,10087.2,10.329569206893384,12.823798027105697,0.0,0.0,0.0,nan,nan,nan,nan,nan,nan,10087.2,10.329569206893384,12.823798027105697,0.1331778660953998,0.0012017822145486974,0.0014919704862091999,1.0,0.0,0.0,0.738002524394636,0.0014554068850588999,0.0018068366228476548,85128.0,278.98835101129225,346.35425675801935,10063.6,10.549881515922348,13.097308034859681,0.9946652151746468,9.295049246259557e-05,0.00011539477765102494,0.6847341144637136,0.001315830592851881,0.0016335575494628113,10067.6,14.808781178746615,18.384582653952194,19.6,4.722287581247038,5.862554473947341,0.6921055896272068,0.0010841331225958488,0.0013459132631965607,10079.4,13.538833036861043,16.807986558776154,0.8668221339046003,0.0012017822145487024,0.0014919704862092062,1.0,0.0,0.0,0.35326608249396535,0.0010047198777456232,0.0012473245038553897
toolagent_trace,0.01,4.0,"l1=0.01,l2x4",lru_2hit_s,sampled,,,next_use,spearman,,,,,,,,,,,,,,,,,,,,,,,,aggregate,5,35957.2,23.700210969525145,29.422981015525938,10087.2,10.329569206893384,12.823798027105697,10087.2,10.329569206893384,12.823798027105697,0.0,0.0,0.0,nan,nan,nan,nan,nan,nan,10087.2,10.329569206893384,12.823798027105697,0.1331778660953998,0.0012017822145486974,0.0014919704862091999,1.0,0.0,0.0,0.6684800747694337,0.001327135457718174,0.0016475921428582764,116657.8,207.49987951803732,257.6038257057531,10063.6,10.549881515922348,13.097308034859681,0.9946652151746468,9.295049246259557e-05,0.00011539477765102494,0.2883881691661237,0.002133399827613902,0.002648541091348261,10067.4,15.192103211866355,18.860463519224545,19.8,5.118593556827891,6.354554448582528,0.300986731008022,0.0017430583533396538,0.002163945835976417,10079.4,13.538833036861043,16.807986558776154,0.8668221339046003,0.0012017822145487024,0.0014919704862092062,1.0,0.0,0.0,0.35321942035182935,0.000999321125533647,0.0012406221422584923
toolagent_trace,0.01,4.0,"l1=0.01,l2x4",lru_s,sampled,,,binary,auc,,,,,,,,,,,,,,,,,,,,,,,,aggregate,5,216459.4,30.204304329019067,37.497584895030236,51567.0,19.53202498462461,24.248324247254693,40000.0,0.0,0.0,0.0,0.0,0.0,nan,nan,nan,nan,nan,nan,40000.0,0.0,0.0,0.19641000000000003,0.0008641469782392279,0.0010728081774483182,1.0,0.0,0.0,0.5885189420733841,0.0009237103757498463,0.0011467540472310234,253920.0,297.53319142576345,369.37702597102594,37528.2,23.220680437919988,28.827660672347314,0.990034809503776,7.264147166687209e-05,9.01818403449033e-05,0.5602522396569275,0.0008486496535058977,0.0010535687921109248,39615.4,20.513410247932935,25.466679645371908,384.6,20.513410247932935,25.466679645371908,0.5639492678942535,0.0006744506816979683,0.0008373068758343398,39735.0,16.896745248715803,20.97671684511187,0.80359,0.0008641469782392537,0.0010728081774483502,1.0,0.0,0.0,0.26734798148720434,0.0005094565132258656,0.0006324724001889767
toolagent_trace,0.01,4.0,"l1=0.01,l2x4",lru_s,sampled,,,next_use,spearman,,,,,,,,,,,,,,,,,,,,,,,,aggregate,5,216459.4,30.204304329019067,37.497584895030236,51567.0,19.53202498462461,24.248324247254693,40000.0,0.0,0.0,0.0,0.0,0.0,nan,nan,nan,nan,nan,nan,40000.0,0.0,0.0,0.19641000000000003,0.0008641469782392279,0.0010728081774483182,1.0,0.0,0.0,0.5728242931457417,0.0008810686456997934,0.0010938158343456962,306597.0,227.65214692596246,282.62215917652316,37528.2,23.220680437919988,28.827660672347314,0.990034809503776,7.264147166687209e-05,9.01818403449033e-05,0.09054396108159957,0.001222795218528199,0.0015180573939571117,39615.4,20.513410247932935,25.466679645371908,384.6,20.513410247932935,25.466679645371908,0.095776515891047,0.0009515438242898912,0.0011813082977836196,39735.0,16.896745248715803,20.97671684511187,0.80359,0.0008641469782392537,0.0010728081774483502,1.0,0.0,0.0,0.26730104611703126,0.0005110625811061674,0.0006344662771554108
toolagent_trace,0.02,4.0,"l1=0.02,l2x4",A_none,learned,binary,,binary,auc,,,,,,,,,,,,,,,,,,,,,,,,aggregate,5,181203.4,54.15994830130472,67.23767702828526,45113.2,14.956603892595403,18.56809937069489,40000.0,0.0,0.0,2188.0,35.40480193420096,43.953820348179065,0.004842762365851161,0.0003706725744480055,0.00046017700580740055,1.0,0.0,0.0,37812.0,35.40480193420096,43.953820348179065,0.09145216921734736,0.0006192708763290344,0.0007688030820116518,1.0,0.0,0.0,0.7430658346288797,0.0008870349883200297,0.0011012228395353577,243004.2,604.9447908693818,751.0177491701777,38124.6,30.08820366854758,37.35344999541542,0.7583557450138994,0.0006667680491894226,0.0008277691569195646,0.7019056357001567,0.0011779079521963246,0.0014623314265039171,39120.4,20.851858430365386,25.88685119824348,879.6,20.851858430365386,25.88685119824348,0.7072544564321219,0.001136482615007472,0.0014109033227103843,39378.0,18.05547008526779,22.41523310608212,0.9132849999999999,0.0006311200361262491,0.0007835133984814789,1.0,0.0,0.0,0.22064648111748716,0.00043763152070934577,0.0005433041900843813
toolagent_trace,0.02,4.0,"l1=0.02,l2x4",A_none,learned,binary,,next_use,spearman,,,,,,,,,,,,,,,,,,,,,,,,aggregate,5,181203.4,54.15994830130472,67.23767702828526,45113.2,14.956603892595403,18.56809937069489,40000.0,0.0,0.0,2188.0,35.40480193420096,43.953820348179065,0.004842762365851161,0.0003706725744480055,0.00046017700580740055,1.0,0.0,0.0,37812.0,35.40480193420096,43.953820348179065,0.09145216921734736,0.0006192708763290344,0.0007688030820116518,1.0,0.0,0.0,0.7142635969378157,0.00032238096030005366,0.0004002246598932089,284792.4,358.84927197919745,445.4987903042611,38124.6,30.08820366854758,37.35344999541542,0.7583557450138994,0.0006667680491894226,0.0008277691569195646,0.27845832450226815,0.0012934679846397965,0.0016057951553757773,39120.2,21.194338866782328,26.312028653070442,879.8,21.194338866782324,26.312028653070435,0.28871342813813916,0.0010660032993304635,0.001323405723224103,39377.8,18.171406109599772,22.559163615701706,0.9132849999999999,0.0006311200361262491,0.0007835133984814789,1.0,0.0,0.0,0.22063291421846626,0.0004394003910975985,0.0005455001806567609
toolagent_trace,0.02,4.0,"l1=0.02,l2x4",A_none,learned,next_use,,binary,auc,,,,,,,,,,,,,,,,,,,,,,,,aggregate,5,180800.2,44.2797922307682,54.971809654039944,44729.2,19.110206696946005,23.724651631583544,40000.0,0.0,0.0,17.0,3.082207001484488,3.826451933580245,0.0,0.0,0.0,nan,nan,nan,39983.0,3.082207001484488,3.826451933580245,0.08239499750813821,0.0005558623362762638,0.0006900836025693023,1.0,0.0,0.0,0.742524448779295,0.0006597704491587853,0.0008190818818096331,240098.6,365.0641039598388,453.21428632310335,37216.6,5.412947441089743,6.719984476172545,0.7757088081136367,0.0005866849510981582,0.0007283487982639562,0.714432664370889,0.0005050601766098152,0.0006270145024108412,39158.0,18.854707634964804,23.407458503647934,842.0,18.854707634964804,23.407458503647934,0.7180136049950829,0.0004631704134232844,0.0005750098300234516,39414.6,6.308724118235001,7.8320598159104975,0.9176399999999999,0.0005594640292279581,0.000694554978097466,1.0,0.0,0.0,0.2217955080335888,0.0005114986070636785,0.0006350075880950739
toolagent_trace,0.02,4.0,"l1=0.02,l2x4",A_none,learned,next_use,,next_use,spearman,,,,,,,,,,,,,,,,,,,,,,,,aggregate,5,180800.2,44.2797922307682,54.971809654039944,44729.2,19.110206696946005,23.724651631583544,40000.0,0.0,0.0,17.0,3.082207001484488,3.826451933580245,0.0,0.0,0.0,nan,nan,nan,39983.0,3.082207001484488,3.826451933580245,0.08239499750813821,0.0005558623362762638,0.0006900836025693023,1.0,0.0,0.0,0.7105642641982378,0.000518349998809349,0.0006435133507451198,281742.2,489.4126071118315,607.5885934655455,37216.6,5.412947441089743,6.719984476172545,0.7757088081136367,0.0005866849510981582,0.0007283487982639562,0.2922920688929877,0.0006634099885206491,0.0008236002423291691,39157.6,19.099738218101315,23.711655382111132,842.4,19.099738218101315,23.711655382111132,0.30032841801192356,0.0006399257845910802,0.0007944454264807813,39414.2,6.496152707564686,8.064745838524608,0.9176399999999999,0.0005594640292279581,0.000694554978097466,1.0,0.0,0.0,0.22177749313675457,0.0005120222660358269,0.0006356576923500927
toolagent_trace,0.02,4.0,"l1=0.02,l2x4",B,learned,binary,,binary,auc,,,,,,,,,,,,,,,,,,,,,,,,aggregate,5,203744.8,73.98783683822631,91.8533055030683,51907.8,30.581039877675842,37.965288870756666,40000.0,0.0,0.0,22823.8,189.81622691434995,235.65019096754403,0.21734968484763764,0.0016048061512668355,0.0019923105740720505,1.0,0.0,0.0,17176.2,189.81622691434995,235.65019096754403,0.1979618833163442,0.0027432799269259387,0.0034056858529235485,1.0,0.0,0.0,0.3988808242439838,0.0015923224420017496,0.001976812486684463,223508.2,628.5989977720295,780.3836177495269,39029.6,37.607180165494995,46.68799570938979,0.12598487237453942,0.0009971478685371008,0.001237924119889263,0.5880885962384566,0.0013309340151841456,0.0016523079187790637,34148.0,89.42035562443263,111.01223652913221,5852.0,89.42035562443263,111.01223652913221,0.550517635461294,0.0015102337227720884,0.0018749022197003897,35933.4,95.95207136899131,119.12113263128418,0.79098,0.0017847793981330144,0.002215741050393766,1.0,0.0,0.0,0.12536595411678347,0.0005405458685615656,0.0006710687448798935
toolagent_trace,0.02,4.0,"l1=0.02,l2x4",B,learned,binary,,next_use,spearman,,,,,,,,,,,,,,,,,,,,,,,,aggregate,5,203744.8,73.98783683822631,91.8533055030683,51907.8,30.581039877675842,37.965288870756666,40000.0,0.0,0.0,22823.8,189.81622691434995,235.65019096754403,0.21734968484763764,0.0016048061512668355,0.0019923105740720505,1.0,0.0,0.0,17176.2,189.81622691434995,235.65019096754403,0.1979618833163442,0.0027432799269259387,0.0034056858529235485,1.0,0.0,0.0,0.40612210845236263,0.001496904753158455,0.0018583547712239714,245601.4,707.4169915968939,878.2333938115537,39029.6,37.607180165494995,46.68799570938979,0.12598487237453942,0.0009971478685371008,0.001237924119889263,0.09712441347778242,0.0014125699623948253,0.0017536560851752563,34146.0,89.54328562209453,111.16484981143994,5854.0,89.54328562209453,111.16484981143994,0.05709531012419614,0.0014450906142959316,0.0017940293343724535,35932.2,96.29226344831656,119.5434691710091,0.79098,0.0017847793981330144,0.002215741050393766,1.0,0.0,0.0,0.12535211086764197,0.0005366522440192798,0.0006662349465168084
toolagent_trace,0.02,4.0,"l1=0.02,l2x4",B,learned,next_use,,binary,auc,,,,,,,,,,,,,,,,,,,,,,,,aggregate,5,206816.2,32.995454232363585,40.96269964540911,52394.6,31.413372948475306,38.99860119747886,40000.0,0.0,0.0,23980.0,112.19402836158437,139.2849528125705,0.22916751252366416,0.0007882546700684268,0.0009785905375545132,1.0,0.0,0.0,16020.0,112.19402836158437,139.2849528125705,0.2026622018000641,0.0017487209000069035,0.002170975689141195,1.0,0.0,0.0,0.3554388682936854,0.0012005238872632514,0.0014904083169998794,220104.2,446.2092558430405,553.9531475269727,39055.6,40.954853192265254,50.844014406417585,0.10314134635564495,0.00036564925908884983,0.00045394073590088006,0.5838820051972075,0.002139511063503082,0.002656127976451518,33068.6,70.56415520645025,87.60292478770327,6931.4,70.56415520645025,87.60292478770327,0.5365377684841882,0.002122736358890418,0.002635302768777455,35163.6,40.25916044827562,49.98033625497131,0.78145,0.0008940777371123578,0.0011099661652500628,1.0,0.0,0.0,0.11629856685340194,0.0004988261660771191,0.0006192751968920018
toolagent_trace,0.02,4.0,"l1=0.02,l2x4",B,learned,next_use,,next_use,spearman,,,,,,,,,,,,,,,,,,,,,,,,aggregate,5,206816.2,32.995454232363585,40.96269964540911,52394.6,31.413372948475306,38.99860119747886,40000.0,0.0,0.0,23980.0,112.19402836158437,139.2849528125705,0.22916751252366416,0.0007882546700684268,0.0009785905375545132,1.0,0.0,0.0,16020.0,112.19402836158437,139.2849528125705,0.2026622018000641,0.0017487209000069035,0.002170975689141195,1.0,0.0,0.0,0.3663596281130604,0.0009315200018423374,0.0011564494242280125,240207.0,699.132319378814,867.9482637042371,39055.6,40.954853192265254,50.844014406417585,0.10314134635564495,0.00036564925908884983,0.00045394073590088006,0.09018677842194636,0.0023115598004830734,0.0028697204515740686,33066.6,70.86818750327964,87.98037022518147,6933.4,70.86818750327964,87.98037022518147,0.04021510639847045,0.0020886240690060785,0.0025929535568251384,35162.4,40.327410033375564,50.06506572211805,0.781455,0.0008862491184762821,0.001100247209676071,1.0,0.0,0.0,0.11628472429911244,0.0004968972889142848,0.0006168805635186393
toolagent_trace,0.02,4.0,"l1=0.02,l2x4",C_lru,learned,binary,,binary,auc,,,,,,,,,,,,,,,,,,,,,,,,aggregate,5,183671.0,20.445048300260872,25.38181068403119,45611.6,24.965976848503246,30.994384977927854,40000.0,0.0,0.0,2719.2,61.965312877447815,76.92776350213231,0.007493113808511966,0.0007998329576365666,0.0009929645756484242,1.0,0.0,0.0,37280.8,61.965312877447815,76.92776350213231,0.10305026592387534,0.0010027290370511995,0.0012448529449299317,1.0,0.0,0.0,0.732692741111177,0.0014925444608031968,0.0018529416211319376,240702.2,399.3372008716443,495.7631345623028,38464.2,42.15684997719825,52.33625127423629,0.5499914948187807,0.0006633654828807765,0.0008235449901375855,0.7162681914812142,0.000918441270081834,0.0011402126372731935,38762.2,37.95655411124672,47.121731214377085,1237.8,37.95655411124672,47.121731214377085,0.718502405577784,0.0010040928593279472,0.001246546082472416,39140.6,32.92871087668025,40.87984010927635,0.9034449999999999,0.0009616717215349421,0.0011938817271404936,1.0,0.0,0.0,0.2036169154868867,0.00042338121105566526,0.0005256129302494057
toolagent_trace,0.02,4.0,"l1=0.02,l2x4",C_lru,learned,binary,,next_use,spearman,,,,,,,,,,,,,,,,,,,,,,,,aggregate,5,183671.0,20.445048300260872,25.38181068403119,45611.6,24.965976848503246,30.994384977927854,40000.0,0.0,0.0,2719.2,61.965312877447815,76.92776350213231,0.007493113808511966,0.0007998329576365666,0.0009929645756484242,1.0,0.0,0.0,37280.8,61.965312877447815,76.92776350213231,0.10305026592387534,0.0010027290370511995,0.0012448529449299317,1.0,0.0,0.0,0.7005349461476763,0.0013068701773228364,0.0016224335077257438,278829.8,534.6033108763918,663.6912678532391,38464.2,42.15684997719825,52.33625127423629,0.5499914948187807,0.0006633654828807765,0.0008235449901375855,0.2849413687926621,0.0012581422922347853,0.0015619395467345947,38762.0,38.0,47.17566776209956,1238.0,38.0,47.17566776209956,0.29091546538224045,0.001345729081304433,0.0016706754746687736,39140.4,33.14060952969936,41.14290485806757,0.9034449999999999,0.0009616717215349421,0.0011938817271404936,1.0,0.0,0.0,0.20360453462327066,0.00042320998473558547,0.0005254003587760318
toolagent_trace,0.02,4.0,"l1=0.02,l2x4",C_lru,learned,next_use,,binary,auc,,,,,,,,,,,,,,,,,,,,,,,,aggregate,5,180106.2,25.7332469774026,31.94692394331573,44593.2,20.547505931377657,25.509008241011642,40000.0,0.0,0.0,684.2,14.720733677368122,18.275274767838646,0.0044045964004329734,0.0033435504902388623,0.004150900712455623,1.0,0.0,0.0,39315.8,14.720733677368122,18.275274767838646,0.07857911816227735,0.0003358129349391827,0.00041689998549753783,1.0,0.0,0.0,0.7481368830586979,0.0004823605733881777,0.0005988337408341188,240597.2,163.84047119072872,203.40220091788584,37415.2,35.20937375188602,43.71120311133062,0.6919539495390452,0.0006930811675839138,0.0008604359708975463,0.7132030384544726,0.0004724637576684955,0.000586547191089528,39131.2,19.40876090841453,24.095296218141826,868.8,19.40876090841453,24.095296218141826,0.7174981185497149,0.00036960605758064156,0.000458852962507468,39394.4,20.839865642561133,25.871962572638353,0.92269,0.0003435112807463487,0.0004264572119216593,1.0,0.0,0.0,0.22186215669422832,0.0003256727521760503,0.0004043113041006825
toolagent_trace,0.02,4.0,"l1=0.02,l2x4",C_lru,learned,next_use,,next_use,spearman,,,,,,,,,,,,,,,,,,,,,,,,aggregate,5,180106.2,25.7332469774026,31.94692394331573,44593.2,20.547505931377657,25.509008241011642,40000.0,0.0,0.0,684.2,14.720733677368122,18.275274767838646,0.0044045964004329734,0.0033435504902388623,0.004150900712455623,1.0,0.0,0.0,39315.8,14.720733677368122,18.275274767838646,0.07857911816227735,0.0003358129349391827,0.00041689998549753783,1.0,0.0,0.0,0.7143133954267199,0.0006120663969886426,0.0007598589734916193,282313.0,178.40823972003088,221.48757481718923,37415.2,35.20937375188602,43.71120311133062,0.6919539495390452,0.0006930811675839138,0.0008604359708975463,0.29124517892995294,0.0005606112760513994,0.0006959792448075657,39131.0,19.63415391607186,24.375113735119264,869.0,19.63415391607186,24.375113735119264,0.3000880573059256,0.0005099567530643623,0.0006330934304106157,39394.2,21.016660058153864,26.091446641380386,0.92269,0.0003435112807463487,0.0004264572119216593,1.0,0.0,0.0,0.22184444237217615,0.00032061987646660016,0.0003980383360556245
toolagent_trace,0.02,4.0,"l1=0.02,l2x4",C_union,learned,binary,,binary,auc,,,,,,,,,,,,,,,,,,,,,,,,aggregate,5,180511.0,26.105554964413226,32.409131256483874,44882.0,13.946325680981353,17.313874390210874,40000.0,0.0,0.0,2304.8,32.88920795641026,40.83079861868978,0.0053904891744194685,0.0009644067648096473,0.0011972771874784527,1.0,0.0,0.0,37695.2,32.88920795641026,40.83079861868978,0.08656299950349348,0.0004272607659526945,0.0005304292616411709,1.0,0.0,0.0,0.751653241228953,0.001367300184760816,0.001697455243350884,244166.2,150.0089997300162,186.230914015477,38181.0,27.955321496988727,34.70555155591105,0.7280290504405298,0.00043946888893603767,0.0005455852183217249,0.7132118343571271,0.0007118412454062388,0.0008837259498064184,39133.6,20.63492185592182,25.61753204662775,866.4,20.63492185592182,25.61753204662775,0.7182773557614998,0.0006738988853926696,0.0008366218400666786,39398.4,24.785076154815425,30.769803108892333,0.9181149999999999,0.0003175098423671553,0.0003941773377555137,1.0,0.0,0.0,0.22162786020294933,0.00037142118250692996,0.0004611063764671861
toolagent_trace,0.02,4.0,"l1=0.02,l2x4",C_union,learned,binary,,next_use,spearman,,,,,,,,,,,,,,,,,,,,,,,,aggregate,5,180511.0,26.105554964413226,32.409131256483874,44882.0,13.946325680981353,17.313874390210874,40000.0,0.0,0.0,2304.8,32.88920795641026,40.83079861868978,0.0053904891744194685,0.0009644067648096473,0.0011972771874784527,1.0,0.0,0.0,37695.2,32.88920795641026,40.83079861868978,0.08656299950349348,0.0004272607659526945,0.0005304292616411709,1.0,0.0,0.0,0.7184679045659496,0.0010478366113232343,0.0013008524169670827,286034.6,224.843945882472,279.1358760334472,38181.0,27.955321496988727,34.70555155591105,0.7280290504405298,0.00043946888893603767,0.0005455852183217249,0.29242967961789856,0.0009030369222589335,0.001121088679510431,39132.6,19.47562579225633,24.178306627222675,867.4,19.47562579225633,24.178306627222675,0.30212438761407107,0.0009173992885091859,0.0011389190536814702,39397.8,24.345430782797827,30.223998793012147,0.9181149999999999,0.0003175098423671553,0.0003941773377555137,1.0,0.0,0.0,0.22161164038596204,0.00037257702372454974,0.00046254131281634847
toolagent_trace,0.02,4.0,"l1=0.02,l2x4",C_union,learned,next_use,,binary,auc,,,,,,,,,,,,,,,,,,,,,,,,aggregate,5,180291.0,28.626910416599273,35.539305654444064,44635.0,19.013153341831543,23.604163293792045,40000.0,0.0,0.0,459.6,30.826936273330826,38.270560625107116,0.00351547241499134,0.0012949231730445905,0.0016076017207630356,1.0,0.0,0.0,39540.4,30.82693627333083,38.27056062510712,0.07769263113689465,0.0004086231487550767,0.0005072913133045391,1.0,0.0,0.0,0.7538661119378277,0.0009123017107174602,0.0011325905895684725,240766.4,475.6735224920555,590.5320015871789,37335.4,23.03909720453473,28.602231454206503,0.7212565222498467,0.0008169106293483809,0.0010141659063543915,0.7240184208321707,0.0010467047384114866,0.0012994472364293583,39137.2,39.7328579389905,49.326950141276726,862.8,39.7328579389905,49.326950141276726,0.7277908445044241,0.0008555320082572631,0.001062112994247012,39393.8,29.743906939069053,36.926017676429716,0.92316,0.0004306971093471631,0.0005346953614910113,1.0,0.0,0.0,0.22252491293572993,0.0006739413222144521,0.0008366745238931337
toolagent_trace,0.02,4.0,"l1=0.02,l2x4",C_union,learned,next_use,,next_use,spearman,,,,,,,,,,,,,,,,,,,,,,,,aggregate,5,180291.0,28.626910416599273,35.539305654444064,44635.0,19.013153341831543,23.604163293792045,40000.0,0.0,0.0,459.6,30.826936273330826,38.270560625107116,0.00351547241499134,0.0012949231730445905,0.0016076017207630356,1.0,0.0,0.0,39540.4,30.82693627333083,38.27056062510712,0.07769263113689465,0.0004086231487550767,0.0005072913133045391,1.0,0.0,0.0,0.7191479024753984,0.0008978531780709679,0.0011146532428373999,282623.2,444.1167639258847,551.3553921722721,37335.4,23.03909720453473,28.602231454206503,0.7212565222498467,0.0008169106293483809,0.0010141659063543915,0.30696903755328137,0.0014996073190080487,0.0018617099119772776,39136.8,40.23928428786974,49.95566069866357,863.2,40.23928428786974,49.95566069866357,0.31512280265141135,0.001293358819621494,0.0016056596308327592,39393.4,30.270447634615515,37.579699490017205,0.92316,0.0004306971093471631,0.0005346953614910113,1.0,0.0,0.0,0.22250719640376823,0.0006779044006734251,0.0008415945468588085
toolagent_trace,0.02,4.0,"l1=0.02,l2x4",lfu_s,sampled,,,binary,auc,,,,,,,,,,,,,,,,,,,,,,,,aggregate,5,194595.4,39.97249054037039,49.624445614636336,49594.2,33.06357512429653,41.047269344500855,40000.0,0.0,0.0,14120.8,127.29964650382969,158.03804814993126,0.2134745628994701,0.0030820548466310503,0.0038262630386640827,1.0,0.0,0.0,25879.2,127.29964650382969,158.03804814993126,0.15181787093886714,0.002117508027402433,0.0026288119785346314,1.0,0.0,0.0,0.5167343986066781,0.0012342107837109478,0.0015322294179144261,229023.8,579.235875960735,719.1010326371669,37853.0,40.66939881532551,50.48963280516109,0.20916086000050432,0.0007568861874947779,0.0009396476661835745,0.6566316362639109,0.002679393075777061,0.0033263725670244384,36866.6,46.93932253452323,58.273523285965815,3133.4,46.93932253452322,58.2735232859658,0.6328819870579763,0.0022865542521752907,0.002838676940016777,37837.2,39.50569579187285,49.04493629968338,0.8264250000000001,0.0011854587719528624,0.001471705504508284,1.0,0.0,0.0,0.15960863802635944,0.0003055436535044221,0.0003793217338037548
toolagent_trace,0.02,4.0,"l1=0.02,l2x4",lfu_s,sampled,,,next_use,spearman,,,,,,,,,,,,,,,,,,,,,,,,aggregate,5,194595.4,39.97249054037039,49.624445614636336,49594.2,33.06357512429653,41.047269344500855,40000.0,0.0,0.0,14120.8,127.29964650382969,158.03804814993126,0.2134745628994701,0.0030820548466310503,0.0038262630386640827,1.0,0.0,0.0,25879.2,127.29964650382969,158.03804814993126,0.15181787093886714,0.002117508027402433,0.0026288119785346314,1.0,0.0,0.0,0.512966472335599,0.001584235038347247,0.00196677225858281,257981.0,712.8071267881656,884.9250576793494,37853.0,40.66939881532551,50.48963280516109,0.20916086000050432,0.0007568861874947779,0.0009396476661835745,0.18807900017903845,0.003207144739586317,0.003981557755254985,36865.4,46.252567496302305,57.42094098288533,3134.6,46.2525674963023,57.42094098288531,0.16274480013469816,0.002829970867382869,0.003513309616212498,37836.6,39.38654592624238,48.897015918765426,0.8264250000000001,0.0011854587719528624,0.001471705504508284,1.0,0.0,0.0,0.15959418049650115,0.0003087009664808527,0.00038324142717209835
toolagent_trace,0.02,4.0,"l1=0.02,l2x4",lru_2hit_s,sampled,,,binary,auc,,,,,,,,,,,,,,,,,,,,,,,,aggregate,5,24949.6,5.9833101206606365,7.428069746576159,8794.2,3.8987177379235853,4.840121386907563,8794.2,3.8987177379235853,4.840121386907563,0.0,0.0,0.0,nan,nan,nan,nan,nan,nan,8794.2,3.8987177379235853,4.840121386907563,0.002956357471482661,0.0004087565933949587,0.0005074569801465313,1.0,0.0,0.0,0.8681462265756181,0.0012252844698052946,0.0015211477121472338,76282.6,167.22978203657385,207.60991150751929,8783.2,5.357238094391549,6.650823275354713,0.9969515292784216,0.00011133111705736817,0.0001382136786811004,0.8364415231829687,0.001196500980545777,0.0014854140193487876,8283.6,31.309742892588567,38.86994811625042,510.6,33.50820794969495,41.59926540889874,0.8433799387837297,0.0012651112796032414,0.0015705913002275567,8579.0,14.19506956657839,17.622681203494544,0.9970436425285174,0.0004087565933949521,0.0005074569801465232,1.0,0.0,0.0,0.18701298840486064,0.0013746682085350906,0.0017066023865518953
toolagent_trace,0.02,4.0,"l1=0.02,l2x4",lru_2hit_s,sampled,,,next_use,spearman,,,,,,,,,,,,,,,,,,,,,,,,aggregate,5,24949.6,5.9833101206606365,7.428069746576159,8794.2,3.8987177379235853,4.840121386907563,8794.2,3.8987177379235853,4.840121386907563,0.0,0.0,0.0,nan,nan,nan,nan,nan,nan,8794.2,3.8987177379235853,4.840121386907563,0.002956357471482661,0.0004087565933949587,0.0005074569801465313,1.0,0.0,0.0,0.8138297716621693,0.0014908418083918876,0.0018508278378564047,88922.8,116.48476295207026,144.61174937825763,8783.2,5.357238094391549,6.650823275354713,0.9969515292784216,0.00011133111705736817,0.0001382136786811004,0.4196803427149506,0.0023108964010706183,0.002868896864461554,8282.6,31.333687941255818,38.89967505468394,511.6,33.515667977827924,41.60852677228551,0.44506575736640064,0.0019844343575398616,0.0024636056828156844,8578.8,14.20211251891774,17.631424781905743,0.9970436425285174,0.0004087565933949521,0.0005074569801465232,1.0,0.0,0.0,0.18694608874922164,0.0013529088330922654,0.001679588884799224
toolagent_trace,0.02,4.0,"l1=0.02,l2x4",lru_s,sampled,,,binary,auc,,,,,,,,,,,,,,,,,,,,,,,,aggregate,5,184039.6,52.82329031781341,65.57826300352883,46151.8,12.872451204024818,15.980696875918769,40000.0,0.0,0.0,0.0,0.0,0.0,nan,nan,nan,nan,nan,nan,40000.0,0.0,0.0,0.10449000000000001,0.0008401264785733134,0.0010429875692451918,1.0,0.0,0.0,0.685749440099735,0.0013166293461716568,0.0016345491737059065,232999.8,614.1430615092871,762.437079688442,37281.8,22.91724241700995,28.450953007588335,0.9950046001174689,7.075892281251128e-05,8.784472194229156e-05,0.6080422835751556,0.0007482446167566951,0.0009289194590761411,38281.6,19.424211695716252,24.11447782888943,1718.4,19.424211695716252,24.11447782888943,0.6190454931683715,0.0007695854841485261,0.0009554133977559316,38791.6,22.165288177689007,27.51742818215394,0.89551,0.0008401264785733336,0.0010429875692452167,1.0,0.0,0.0,0.19078054879175738,0.0006102269697639031,0.000757575389080386
toolagent_trace,0.02,4.0,"l1=0.02,l2x4",lru_s,sampled,,,next_use,spearman,,,,,,,,,,,,,,,,,,,,,,,,aggregate,5,184039.6,52.82329031781341,65.57826300352883,46151.8,12.872451204024818,15.980696875918769,40000.0,0.0,0.0,0.0,0.0,0.0,nan,nan,nan,nan,nan,nan,40000.0,0.0,0.0,0.10449000000000001,0.0008401264785733134,0.0010429875692451918,1.0,0.0,0.0,0.6654097224349986,0.001116556320017088,0.0013861655260736488,268297.4,646.1418574895145,802.1624630555583,37281.8,22.91724241700995,28.450953007588335,0.9950046001174689,7.075892281251128e-05,8.784472194229156e-05,0.14159797936850477,0.000666321171969573,0.0008272143745181416,38281.6,19.424211695716252,24.11447782888943,1718.4,19.424211695716252,24.11447782888943,0.15803304489997155,0.0006472571631678511,0.0008035470759538318,38791.6,22.165288177689007,27.51742818215394,0.8955299999999999,0.0008460200943240161,0.0010503042865760504,1.0,0.0,0.0,0.1907775957902508,0.0006119063809812908,0.0007596603192284761
