trace,l1_fraction,l2_multiplier,cell,arm,kind,arm_target,label_target,own_target,metric,seed,horizon_seconds,l2_decisions,decisions_offered,decisions_in_window,decisions_kept,rows,prevalence,within_decision_micro,within_decision_macro,decisions_scored,decisions_constant_label,decisions_constant_label_share,evicted_lowest_label_rate,evicted_positive_rate_when_avoidable,victim_matches_argmin_rate
conversation_trace,0.0025,1.0,"l1=0.0025,l2x1",A_none,learned,binary,binary,True,auc,0,600.0,268810,268810.0,61296.0,40000.0,679478.0,0.650328634628347,0.5735767512153429,0.5748252076823908,39969.0,31.0,0.000775,0.694425,0.3058120043033351,1.0
conversation_trace,0.0025,1.0,"l1=0.0025,l2x1",A_none,learned,binary,count,False,spearman,0,600.0,268810,268810.0,61296.0,40000.0,679478.0,0.6501299526989837,nan,0.14455312495756056,40000.0,0.0,0.0,0.694075,nan,1.0
conversation_trace,0.0025,1.0,"l1=0.0025,l2x1",A_none,learned,binary,next_use,False,spearman,0,600.0,268810,268810.0,61296.0,40000.0,679478.0,0.6501049334930638,nan,0.10902921977328071,40000.0,0.0,0.0,0.69425,nan,1.0
conversation_trace,0.0025,1.0,"l1=0.0025,l2x1",A_none,learned,count,binary,False,auc,0,600.0,268504,268504.0,61606.0,40000.0,679500.0,0.7150831493745401,0.4912485278515436,0.4937101097011128,39805.0,195.0,0.004875,0.694925,0.30656952644140184,1.0
conversation_trace,0.0025,1.0,"l1=0.0025,l2x1",A_none,learned,count,count,True,spearman,0,600.0,268504,268504.0,61606.0,40000.0,679500.0,0.7129477557027226,nan,0.03319290965126312,40000.0,0.0,0.0,0.692525,nan,1.0
conversation_trace,0.0025,1.0,"l1=0.0025,l2x1",A_none,learned,count,next_use,False,spearman,0,600.0,268504,268504.0,61606.0,40000.0,679500.0,0.7135570272259014,nan,0.02393111529966105,40000.0,0.0,0.0,0.69115,nan,1.0
conversation_trace,0.0025,1.0,"l1=0.0025,l2x1",A_none,learned,next_use,binary,False,auc,0,600.0,267872,267872.0,61246.0,40000.0,679483.0,0.6478293055161056,0.49726397784771453,0.4981431829662551,39928.0,72.0,0.0018,0.696275,0.3042726908435183,1.0
conversation_trace,0.0025,1.0,"l1=0.0025,l2x1",A_none,learned,next_use,count,False,spearman,0,600.0,267872,267872.0,61246.0,40000.0,679483.0,0.6472818304505042,nan,0.08627743739500723,40000.0,0.0,0.0,0.695625,nan,1.0
conversation_trace,0.0025,1.0,"l1=0.0025,l2x1",A_none,learned,next_use,next_use,True,spearman,0,600.0,267872,267872.0,61246.0,40000.0,679483.0,0.6473392270299625,nan,0.05233041503744082,40000.0,0.0,0.0,0.695025,nan,1.0
conversation_trace,0.0025,1.0,"l1=0.0025,l2x1",A_pd,learned,binary,binary,True,auc,0,600.0,272093,272093.0,62068.0,40000.0,679514.0,0.6070529819841828,0.6115507952169751,0.6164897716880212,39874.0,126.0,0.00315,0.687725,0.31326177458995835,1.0
conversation_trace,0.0025,1.0,"l1=0.0025,l2x1",A_pd,learned,binary,count,False,spearman,0,600.0,272093,272093.0,62068.0,40000.0,679514.0,0.6057285059616138,nan,0.21501226827289452,40000.0,0.0,0.0,0.68655,nan,1.0
conversation_trace,0.0025,1.0,"l1=0.0025,l2x1",A_pd,learned,binary,next_use,False,spearman,0,600.0,272093,272093.0,62068.0,40000.0,679514.0,0.6061479233687607,nan,0.17841956071069098,40000.0,0.0,0.0,0.685425,nan,1.0
conversation_trace,0.0025,1.0,"l1=0.0025,l2x1",A_pd,learned,count,binary,False,auc,0,600.0,269252,269252.0,61664.0,40000.0,679399.0,0.7222501063439893,0.6939955179255702,0.708404475547562,38945.0,1055.0,0.026375,0.7156,0.29209674934524726,1.0
conversation_trace,0.0025,1.0,"l1=0.0025,l2x1",A_pd,learned,count,count,True,spearman,0,600.0,269252,269252.0,61664.0,40000.0,679399.0,0.7143283990703548,nan,0.35325150600761535,39999.0,1.0,2.5e-05,0.7034,nan,1.0
conversation_trace,0.0025,1.0,"l1=0.0025,l2x1",A_pd,learned,count,next_use,False,spearman,0,600.0,269252,269252.0,61664.0,40000.0,679399.0,0.7172368519824138,nan,0.26017561827159036,39999.0,1.0,2.5e-05,0.6943,nan,1.0
conversation_trace,0.0025,1.0,"l1=0.0025,l2x1",A_pd,learned,next_use,binary,False,auc,0,600.0,269126,269126.0,61524.0,40000.0,679459.0,0.7265574523260417,0.6813510689990282,0.6913946919969179,39354.0,646.0,0.01615,0.707525,0.29727600752147176,1.0
conversation_trace,0.0025,1.0,"l1=0.0025,l2x1",A_pd,learned,next_use,count,False,spearman,0,600.0,269126,269126.0,61524.0,40000.0,679459.0,0.7216461920439644,nan,0.29207625590064545,40000.0,0.0,0.0,0.6995,nan,1.0
conversation_trace,0.0025,1.0,"l1=0.0025,l2x1",A_pd,learned,next_use,next_use,True,spearman,0,600.0,269126,269126.0,61524.0,40000.0,679459.0,0.7236610303197102,nan,0.23952412707103668,40000.0,0.0,0.0,0.694425,nan,1.0
conversation_trace,0.0025,1.0,"l1=0.0025,l2x1",B,learned,binary,binary,True,auc,0,600.0,269028,269028.0,61582.0,40000.0,679493.0,0.5292122214651218,0.3950017197926709,0.39526174996346947,39998.0,2.0,5e-05,0.688975,0.3110327758193955,1.0
conversation_trace,0.0025,1.0,"l1=0.0025,l2x1",B,learned,binary,count,False,spearman,0,600.0,269028,269028.0,61582.0,40000.0,679493.0,0.529206334723095,nan,-0.13110367845781917,39999.0,1.0,2.5e-05,0.68895,nan,1.0
conversation_trace,0.0025,1.0,"l1=0.0025,l2x1",B,learned,binary,next_use,False,spearman,0,600.0,269028,269028.0,61582.0,40000.0,679493.0,0.5290429776318519,nan,-0.14354562753479141,39999.0,1.0,2.5e-05,0.68945,nan,1.0
conversation_trace,0.0025,1.0,"l1=0.0025,l2x1",B,learned,count,binary,False,auc,0,600.0,268672,268672.0,61603.0,40000.0,679483.0,0.5978236394435181,0.42472763673840785,0.42459944276360784,39991.0,9.0,0.000225,0.687225,0.3128453902127979,1.0
conversation_trace,0.0025,1.0,"l1=0.0025,l2x1",B,learned,count,count,True,spearman,0,600.0,268672,268672.0,61603.0,40000.0,679483.0,0.5977044311631049,nan,-0.044811457025381786,40000.0,0.0,0.0,0.68715,nan,1.0
conversation_trace,0.0025,1.0,"l1=0.0025,l2x1",B,learned,count,next_use,False,spearman,0,600.0,268672,268672.0,61603.0,40000.0,679483.0,0.5976440911693155,nan,-0.06480942077446862,40000.0,0.0,0.0,0.68755,nan,1.0
conversation_trace,0.0025,1.0,"l1=0.0025,l2x1",B,learned,next_use,binary,False,auc,0,600.0,268783,268783.0,61619.0,40000.0,679508.0,0.6451564955820976,0.4689808245768054,0.47091411860133536,39937.0,63.0,0.001575,0.6893,0.31119012444600247,1.0
conversation_trace,0.0025,1.0,"l1=0.0025,l2x1",B,learned,next_use,count,False,spearman,0,600.0,268783,268783.0,61619.0,40000.0,679508.0,0.6446163989239273,nan,0.057730748610768635,40000.0,0.0,0.0,0.688625,nan,1.0
conversation_trace,0.0025,1.0,"l1=0.0025,l2x1",B,learned,next_use,next_use,True,spearman,0,600.0,268783,268783.0,61619.0,40000.0,679508.0,0.644738546124549,nan,0.008932070731037613,40000.0,0.0,0.0,0.688475,nan,1.0
conversation_trace,0.0025,1.0,"l1=0.0025,l2x1",C_lfu,learned,binary,binary,True,auc,0,600.0,270142,270142.0,62385.0,40000.0,679540.0,0.3931571357094505,0.2419668648841712,0.24119054607605214,39953.0,47.0,0.001175,0.68005,0.31995,1.0
conversation_trace,0.0025,1.0,"l1=0.0025,l2x1",C_lfu,learned,binary,count,False,spearman,0,600.0,270142,270142.0,62385.0,40000.0,679540.0,0.3931571357094505,nan,-0.41093119245278803,39953.0,47.0,0.001175,0.68005,nan,1.0
conversation_trace,0.0025,1.0,"l1=0.0025,l2x1",C_lfu,learned,binary,next_use,False,spearman,0,600.0,270142,270142.0,62385.0,40000.0,679540.0,0.3930438237631339,nan,-0.4238640040659367,39953.0,47.0,0.001175,0.6806,nan,1.0
conversation_trace,0.0025,1.0,"l1=0.0025,l2x1",C_lfu,learned,count,binary,False,auc,0,600.0,269201,269201.0,62150.0,40000.0,679573.0,0.3644980009505969,0.30536899130721346,0.3025155421595321,39962.0,38.0,0.00095,0.68325,0.31675,1.0
conversation_trace,0.0025,1.0,"l1=0.0025,l2x1",C_lfu,learned,count,count,True,spearman,0,600.0,269201,269201.0,62150.0,40000.0,679573.0,0.3644980009505969,nan,-0.2938327856508758,39962.0,38.0,0.00095,0.68325,nan,1.0
conversation_trace,0.0025,1.0,"l1=0.0025,l2x1",C_lfu,learned,count,next_use,False,spearman,0,600.0,269201,269201.0,62150.0,40000.0,679573.0,0.3644391404602596,nan,-0.31496151886769186,39962.0,38.0,0.00095,0.683775,nan,1.0
conversation_trace,0.0025,1.0,"l1=0.0025,l2x1",C_lfu,learned,next_use,binary,False,auc,0,600.0,268902,268902.0,61957.0,40000.0,679584.0,0.4366524226585676,0.3395650331366749,0.33978945613809347,39976.0,24.0,0.0006,0.681575,0.318425,1.0
conversation_trace,0.0025,1.0,"l1=0.0025,l2x1",C_lfu,learned,next_use,count,False,spearman,0,600.0,268902,268902.0,61957.0,40000.0,679584.0,0.4366524226585676,nan,-0.2389235107057508,39976.0,24.0,0.0006,0.681575,nan,1.0
conversation_trace,0.0025,1.0,"l1=0.0025,l2x1",C_lfu,learned,next_use,next_use,True,spearman,0,600.0,268902,268902.0,61957.0,40000.0,679584.0,0.4365096882798889,nan,-0.24374999452290141,39976.0,24.0,0.0006,0.6822,nan,1.0
conversation_trace,0.0025,1.0,"l1=0.0025,l2x1",C_lru,learned,binary,binary,True,auc,0,600.0,269089,269089.0,61550.0,40000.0,679488.0,0.4919351040783649,0.41364842794864826,0.41375009623189307,40000.0,0.0,0.0,0.690575,0.309425,1.0
conversation_trace,0.0025,1.0,"l1=0.0025,l2x1",C_lru,learned,binary,count,False,spearman,0,600.0,269089,269089.0,61550.0,40000.0,679488.0,0.4919351040783649,nan,-0.10967390051612735,40000.0,0.0,0.0,0.690575,nan,1.0
conversation_trace,0.0025,1.0,"l1=0.0025,l2x1",C_lru,learned,binary,next_use,False,spearman,0,600.0,269089,269089.0,61550.0,40000.0,679488.0,0.4917997080154469,nan,-0.12738740227860698,40000.0,0.0,0.0,0.691075,nan,1.0
conversation_trace,0.0025,1.0,"l1=0.0025,l2x1",C_lru,learned,count,binary,False,auc,0,600.0,268565,268565.0,61536.0,40000.0,679493.0,0.5930068448092917,0.4444934015761927,0.4455566567882757,39987.0,13.0,0.000325,0.69,0.3100930279083725,1.0
conversation_trace,0.0025,1.0,"l1=0.0025,l2x1",C_lru,learned,count,count,True,spearman,0,600.0,268565,268565.0,61536.0,40000.0,679493.0,0.5929023551383164,nan,-0.01849611197414875,39999.0,1.0,2.5e-05,0.68985,nan,1.0
conversation_trace,0.0025,1.0,"l1=0.0025,l2x1",C_lru,learned,count,next_use,False,spearman,0,600.0,268565,268565.0,61536.0,40000.0,679493.0,0.5928111106369013,nan,-0.03167716271482271,39999.0,1.0,2.5e-05,0.69015,nan,1.0
conversation_trace,0.0025,1.0,"l1=0.0025,l2x1",C_lru,learned,next_use,binary,False,auc,0,600.0,268462,268462.0,61481.0,40000.0,679491.0,0.6479114513658017,0.5100491886328214,0.5114388598837973,39916.0,84.0,0.0021,0.693175,0.30747068844573605,1.0
conversation_trace,0.0025,1.0,"l1=0.0025,l2x1",C_lru,learned,next_use,count,False,spearman,0,600.0,268462,268462.0,61481.0,40000.0,679491.0,0.6472889265641487,nan,0.11476665857618475,40000.0,0.0,0.0,0.69245,nan,1.0
conversation_trace,0.0025,1.0,"l1=0.0025,l2x1",C_lru,learned,next_use,next_use,True,spearman,0,600.0,268462,268462.0,61481.0,40000.0,679491.0,0.6473477941576857,nan,0.05203400073531975,40000.0,0.0,0.0,0.6918,nan,1.0
conversation_trace,0.0025,1.0,"l1=0.0025,l2x1",C_union,learned,binary,binary,True,auc,0,600.0,269859,269859.0,62285.0,40000.0,679525.0,0.40932121702659946,0.27254059450405166,0.2711223668886144,39983.0,17.0,0.000425,0.6778,0.3222,1.0
conversation_trace,0.0025,1.0,"l1=0.0025,l2x1",C_union,learned,binary,count,False,spearman,0,600.0,269859,269859.0,62285.0,40000.0,679525.0,0.40932121702659946,nan,-0.36405227788956973,39983.0,17.0,0.000425,0.6778,nan,1.0
conversation_trace,0.0025,1.0,"l1=0.0025,l2x1",C_union,learned,binary,next_use,False,spearman,0,600.0,269859,269859.0,62285.0,40000.0,679525.0,0.4091814134873625,nan,-0.3800326686463986,39983.0,17.0,0.000425,0.678375,nan,1.0
conversation_trace,0.0025,1.0,"l1=0.0025,l2x1",C_union,learned,count,binary,False,auc,0,600.0,269315,269315.0,62159.0,40000.0,679506.0,0.4070074436428817,0.2945648329971997,0.29349315813914834,39983.0,17.0,0.000425,0.68205,0.31795,1.0
conversation_trace,0.0025,1.0,"l1=0.0025,l2x1",C_union,learned,count,count,True,spearman,0,600.0,269315,269315.0,62159.0,40000.0,679506.0,0.4070074436428817,nan,-0.3166368679196058,39983.0,17.0,0.000425,0.68205,nan,1.0
conversation_trace,0.0025,1.0,"l1=0.0025,l2x1",C_union,learned,count,next_use,False,spearman,0,600.0,269315,269315.0,62159.0,40000.0,679506.0,0.40691178591506183,nan,-0.3355675557431885,39983.0,17.0,0.000425,0.682475,nan,1.0
conversation_trace,0.0025,1.0,"l1=0.0025,l2x1",C_union,learned,next_use,binary,False,auc,0,600.0,268937,268937.0,61830.0,40000.0,679496.0,0.51329956320567,0.38842496122917003,0.3878457191130646,39996.0,4.0,0.0001,0.686225,0.3137985348901168,1.0
conversation_trace,0.0025,1.0,"l1=0.0025,l2x1",C_union,learned,next_use,count,False,spearman,0,600.0,268937,268937.0,61830.0,40000.0,679496.0,0.5132524694773773,nan,-0.13795300851952072,39999.0,1.0,2.5e-05,0.6862,nan,1.0
conversation_trace,0.0025,1.0,"l1=0.0025,l2x1",C_union,learned,next_use,next_use,True,spearman,0,600.0,268937,268937.0,61830.0,40000.0,679496.0,0.5131259050825906,nan,-0.15053759221325022,39999.0,1.0,2.5e-05,0.6867,nan,1.0
conversation_trace,0.0025,1.0,"l1=0.0025,l2x1",lfu_s,sampled,,binary,False,auc,0,600.0,269505,269505.0,61636.0,40000.0,679504.0,0.7923897431067367,0.4342963803735091,0.4832268447067672,38479.0,1521.0,0.038025,0.72455,0.2863380025468437,1.0
conversation_trace,0.0025,1.0,"l1=0.0025,l2x1",lfu_s,sampled,,count,False,spearman,0,600.0,269505,269505.0,61636.0,40000.0,679504.0,0.7702809696484495,nan,-0.05284626390261908,39998.0,2.0,5e-05,0.7062,nan,1.0
conversation_trace,0.0025,1.0,"l1=0.0025,l2x1",lfu_s,sampled,,next_use,False,spearman,0,600.0,269505,269505.0,61636.0,40000.0,679504.0,0.7832154041771645,nan,-0.010466756312848872,40000.0,0.0,0.0,0.689275,nan,1.0
conversation_trace,0.0025,1.0,"l1=0.0025,l2x1",lru_2hit_s,sampled,,binary,False,auc,0,600.0,91057,91057.0,22078.0,22078.0,375310.0,0.5284431536596413,0.5005087738042544,0.5010320713690709,22003.0,75.0,0.0033970468339523507,0.4769906694446961,0.5244821947674418,1.0
conversation_trace,0.0025,1.0,"l1=0.0025,l2x1",lru_2hit_s,sampled,,count,False,spearman,0,600.0,91057,91057.0,22078.0,22078.0,375310.0,0.5269377314753138,nan,-0.005399206366674168,22064.0,13.0,0.0005888214512184075,0.47522420509104085,nan,1.0
conversation_trace,0.0025,1.0,"l1=0.0025,l2x1",lru_2hit_s,sampled,,next_use,False,spearman,0,600.0,91057,91057.0,22078.0,22078.0,375310.0,0.5276091764141643,nan,-0.005342625588029302,22064.0,13.0,0.0005888214512184075,0.47526949904882687,nan,1.0
conversation_trace,0.0025,1.0,"l1=0.0025,l2x1",lru_s,sampled,,binary,False,auc,0,600.0,274687,274687.0,62664.0,40000.0,679144.0,0.32329226202395955,0.49712004118097275,0.4986107690314787,39420.0,580.0,0.0145,0.67755,0.32248224822482247,1.0
conversation_trace,0.0025,1.0,"l1=0.0025,l2x1",lru_s,sampled,,count,False,spearman,0,600.0,274687,274687.0,62664.0,40000.0,679144.0,0.3232039155171805,nan,-0.0064239787615408255,38414.0,577.0,0.014425,0.677525,nan,1.0
conversation_trace,0.0025,1.0,"l1=0.0025,l2x1",lru_s,sampled,,next_use,False,spearman,0,600.0,274687,274687.0,62664.0,40000.0,679144.0,0.32282402553803025,nan,-0.006967251118292095,38415.0,576.0,0.0144,0.678375,nan,1.0
conversation_trace,0.0025,4.0,"l1=0.0025,l2x4",A_none,learned,binary,binary,True,auc,0,600.0,255417,255417.0,58138.0,40000.0,679590.0,0.5491649376830148,0.6157675335360909,0.6162434916841938,39993.0,7.0,0.000175,0.72225,0.27779861475758255,1.0
conversation_trace,0.0025,4.0,"l1=0.0025,l2x4",A_none,learned,binary,count,False,spearman,0,600.0,255417,255417.0,58138.0,40000.0,679590.0,0.5491001927632837,nan,0.24884828766903555,40000.0,0.0,0.0,0.722175,nan,1.0
conversation_trace,0.0025,4.0,"l1=0.0025,l2x4",A_none,learned,binary,next_use,False,spearman,0,600.0,255417,255417.0,58138.0,40000.0,679590.0,0.5490413337453465,nan,0.21464057858994764,40000.0,0.0,0.0,0.722225,nan,1.0
conversation_trace,0.0025,4.0,"l1=0.0025,l2x4",A_none,learned,count,binary,False,auc,0,600.0,255562,255562.0,58531.0,40000.0,679621.0,0.5937250320399163,0.6224299322756106,0.622571542670797,39992.0,8.0,0.0002,0.7197,0.28035607121424283,1.0
conversation_trace,0.0025,4.0,"l1=0.0025,l2x4",A_none,learned,count,count,True,spearman,0,600.0,255562,255562.0,58531.0,40000.0,679621.0,0.5936514616234637,nan,0.23069844583957802,40000.0,0.0,0.0,0.719575,nan,1.0
conversation_trace,0.0025,4.0,"l1=0.0025,l2x4",A_none,learned,count,next_use,False,spearman,0,600.0,255562,255562.0,58531.0,40000.0,679621.0,0.5936190906402244,nan,0.152631426150929,40000.0,0.0,0.0,0.719825,nan,1.0
conversation_trace,0.0025,4.0,"l1=0.0025,l2x4",A_none,learned,next_use,binary,False,auc,0,600.0,254491,254491.0,58355.0,40000.0,679597.0,0.5662870789600307,0.6096482246501931,0.6093779726584999,39997.0,3.0,7.5e-05,0.7237,0.2763207240543041,1.0
conversation_trace,0.0025,4.0,"l1=0.0025,l2x4",A_none,learned,next_use,count,False,spearman,0,600.0,254491,254491.0,58355.0,40000.0,679597.0,0.5662635355953602,nan,0.22837065861768233,40000.0,0.0,0.0,0.723675,nan,1.0
conversation_trace,0.0025,4.0,"l1=0.0025,l2x4",A_none,learned,next_use,next_use,True,spearman,0,600.0,254491,254491.0,58355.0,40000.0,679597.0,0.5661855481998891,nan,0.17692424913402585,40000.0,0.0,0.0,0.724025,nan,1.0
conversation_trace,0.0025,4.0,"l1=0.0025,l2x4",A_pd,learned,binary,binary,True,auc,0,600.0,257935,257935.0,59050.0,40000.0,679626.0,0.5367967087780632,0.6189752942890037,0.6191071513046135,39995.0,5.0,0.000125,0.709525,0.2905040504050405,1.0
conversation_trace,0.0025,4.0,"l1=0.0025,l2x4",A_pd,learned,binary,count,False,spearman,0,600.0,257935,257935.0,59050.0,40000.0,679626.0,0.536764338032977,nan,0.23395510476731035,39999.0,1.0,2.5e-05,0.709475,nan,1.0
conversation_trace,0.0025,4.0,"l1=0.0025,l2x4",A_pd,learned,binary,next_use,False,spearman,0,600.0,257935,257935.0,59050.0,40000.0,679626.0,0.5364376877871064,nan,0.18825655230900054,39999.0,1.0,2.5e-05,0.70975,nan,1.0
conversation_trace,0.0025,4.0,"l1=0.0025,l2x4",A_pd,learned,count,binary,False,auc,0,600.0,255865,255865.0,58653.0,40000.0,679481.0,0.6042935711226657,0.6788328940248224,0.678546229689591,39989.0,11.0,0.000275,0.7146,0.28547850658931206,1.0
conversation_trace,0.0025,4.0,"l1=0.0025,l2x4",A_pd,learned,count,count,True,spearman,0,600.0,255865,255865.0,58653.0,40000.0,679481.0,0.6041831927603568,nan,0.35127759436355577,40000.0,0.0,0.0,0.71455,nan,1.0
conversation_trace,0.0025,4.0,"l1=0.0025,l2x4",A_pd,learned,count,next_use,False,spearman,0,600.0,255865,255865.0,58653.0,40000.0,679481.0,0.6041007769164995,nan,0.2619415428742347,40000.0,0.0,0.0,0.714775,nan,1.0
conversation_trace,0.0025,4.0,"l1=0.0025,l2x4",A_pd,learned,next_use,binary,False,auc,0,600.0,255948,255948.0,58519.0,40000.0,679553.0,0.5761772812422283,0.6694323253512449,0.6695371998524897,39989.0,11.0,0.000275,0.71945,0.2806271724724299,1.0
conversation_trace,0.0025,4.0,"l1=0.0025,l2x4",A_pd,learned,next_use,count,False,spearman,0,600.0,255948,255948.0,58519.0,40000.0,679553.0,0.5760654430191611,nan,0.3427081174145074,40000.0,0.0,0.0,0.719375,nan,1.0
conversation_trace,0.0025,4.0,"l1=0.0025,l2x4",A_pd,learned,next_use,next_use,True,spearman,0,600.0,255948,255948.0,58519.0,40000.0,679553.0,0.5759138727957938,nan,0.27403627580789036,40000.0,0.0,0.0,0.71925,nan,1.0
conversation_trace,0.0025,4.0,"l1=0.0025,l2x4",B,learned,binary,binary,True,auc,0,600.0,255644,255644.0,58410.0,40000.0,679608.0,0.548788419206366,0.5293574198267593,0.5294790642882267,39998.0,2.0,5e-05,0.722875,0.2771388569428471,1.0
conversation_trace,0.0025,4.0,"l1=0.0025,l2x4",B,learned,binary,count,False,spearman,0,600.0,255644,255644.0,58410.0,40000.0,679608.0,0.5487692905321891,nan,0.10547057807594765,40000.0,0.0,0.0,0.722875,nan,1.0
conversation_trace,0.0025,4.0,"l1=0.0025,l2x4",B,learned,binary,next_use,False,spearman,0,600.0,255644,255644.0,58410.0,40000.0,679608.0,0.5486854186531059,nan,0.07126971236169286,40000.0,0.0,0.0,0.72325,nan,1.0
conversation_trace,0.0025,4.0,"l1=0.0025,l2x4",B,learned,count,binary,False,auc,0,600.0,256080,256080.0,58583.0,40000.0,679586.0,0.538907511337785,0.5528035583016182,0.5529959483297786,39996.0,4.0,0.0001,0.720725,0.27930293029302933,1.0
conversation_trace,0.0025,4.0,"l1=0.0025,l2x4",B,learned,count,count,True,spearman,0,600.0,256080,256080.0,58583.0,40000.0,679586.0,0.5388721957191585,nan,0.1313704345809554,40000.0,0.0,0.0,0.720675,nan,1.0
conversation_trace,0.0025,4.0,"l1=0.0025,l2x4",B,learned,count,next_use,False,spearman,0,600.0,256080,256080.0,58583.0,40000.0,679586.0,0.5387942070613579,nan,0.08638387582387978,40000.0,0.0,0.0,0.72075,nan,1.0
conversation_trace,0.0025,4.0,"l1=0.0025,l2x4",B,learned,next_use,binary,False,auc,0,600.0,256786,256786.0,58608.0,40000.0,679599.0,0.5438515948375439,0.612704804677747,0.6129457214740385,39998.0,2.0,5e-05,0.717225,0.28278913945697287,1.0
conversation_trace,0.0025,4.0,"l1=0.0025,l2x4",B,learned,next_use,count,False,spearman,0,600.0,256786,256786.0,58608.0,40000.0,679599.0,0.5438265800861979,nan,0.23306206351716383,40000.0,0.0,0.0,0.7172,nan,1.0
conversation_trace,0.0025,4.0,"l1=0.0025,l2x4",B,learned,next_use,next_use,True,spearman,0,600.0,256786,256786.0,58608.0,40000.0,679599.0,0.5436558911946604,nan,0.18291841709903237,40000.0,0.0,0.0,0.717225,nan,1.0
conversation_trace,0.0025,4.0,"l1=0.0025,l2x4",C_lfu,learned,binary,binary,True,auc,0,600.0,258177,258177.0,59356.0,40000.0,679569.0,0.5318768219268389,0.58014914879538,0.5805426131025425,39995.0,5.0,0.000125,0.70935,0.29067906790679066,1.0
conversation_trace,0.0025,4.0,"l1=0.0025,l2x4",C_lfu,learned,binary,count,False,spearman,0,600.0,258177,258177.0,59356.0,40000.0,679569.0,0.5318326762992426,nan,0.14854289011625552,39999.0,1.0,2.5e-05,0.709275,nan,1.0
conversation_trace,0.0025,4.0,"l1=0.0025,l2x4",C_lfu,learned,binary,next_use,False,spearman,0,600.0,258177,258177.0,59356.0,40000.0,679569.0,0.5317355559185307,nan,0.10433264861100755,39999.0,1.0,2.5e-05,0.7099,nan,1.0
conversation_trace,0.0025,4.0,"l1=0.0025,l2x4",C_lfu,learned,count,binary,False,auc,0,600.0,257100,257100.0,59029.0,40000.0,679534.0,0.551026144387183,0.536963824337575,0.5371884861998183,39997.0,3.0,7.5e-05,0.7163,0.28371418570928547,1.0
conversation_trace,0.0025,4.0,"l1=0.0025,l2x4",C_lfu,learned,count,count,True,spearman,0,600.0,257100,257100.0,59029.0,40000.0,679534.0,0.5510099568233525,nan,0.07704449867237483,39999.0,1.0,2.5e-05,0.71625,nan,1.0
conversation_trace,0.0025,4.0,"l1=0.0025,l2x4",C_lfu,learned,count,next_use,False,spearman,0,600.0,257100,257100.0,59029.0,40000.0,679534.0,0.5509466781647423,nan,0.024077881304448826,39999.0,1.0,2.5e-05,0.7167,nan,1.0
conversation_trace,0.0025,4.0,"l1=0.0025,l2x4",C_lfu,learned,next_use,binary,False,auc,0,600.0,255909,255909.0,58562.0,40000.0,679533.0,0.5475127771572535,0.5581363657266083,0.5585253814844472,39997.0,3.0,7.5e-05,0.721975,0.27804585343900795,1.0
conversation_trace,0.0025,4.0,"l1=0.0025,l2x4",C_lfu,learned,next_use,count,False,spearman,0,600.0,255909,255909.0,58562.0,40000.0,679533.0,0.5474907031740917,nan,0.12311133719181117,40000.0,0.0,0.0,0.7219,nan,1.0
conversation_trace,0.0025,4.0,"l1=0.0025,l2x4",C_lfu,learned,next_use,next_use,True,spearman,0,600.0,255909,255909.0,58562.0,40000.0,679533.0,0.5473847480549142,nan,0.08259498593789992,40000.0,0.0,0.0,0.722375,nan,1.0
conversation_trace,0.0025,4.0,"l1=0.0025,l2x4",C_lru,learned,binary,binary,True,auc,0,600.0,255937,255937.0,58529.0,40000.0,679605.0,0.5408641784566035,0.517045822126478,0.5172681617607771,39998.0,2.0,5e-05,0.721075,0.2789389469473474,1.0
conversation_trace,0.0025,4.0,"l1=0.0025,l2x4",C_lru,learned,binary,count,False,spearman,0,600.0,255937,255937.0,58529.0,40000.0,679605.0,0.5408509354698685,nan,0.06951760564810588,40000.0,0.0,0.0,0.72105,nan,1.0
conversation_trace,0.0025,4.0,"l1=0.0025,l2x4",C_lru,learned,binary,next_use,False,spearman,0,600.0,255937,255937.0,58529.0,40000.0,679605.0,0.5407788347643117,nan,0.04127103410354747,40000.0,0.0,0.0,0.721575,nan,1.0
conversation_trace,0.0025,4.0,"l1=0.0025,l2x4",C_lru,learned,count,binary,False,auc,0,600.0,256190,256190.0,58718.0,40000.0,679570.0,0.5282634607178068,0.5300528370948392,0.5303219309852785,39996.0,4.0,0.0001,0.7154,0.2846284628462846,1.0
conversation_trace,0.0025,4.0,"l1=0.0025,l2x4",C_lru,learned,count,count,True,spearman,0,600.0,256190,256190.0,58718.0,40000.0,679570.0,0.5282193151551716,nan,0.08891809088106113,40000.0,0.0,0.0,0.715375,nan,1.0
conversation_trace,0.0025,4.0,"l1=0.0025,l2x4",C_lru,learned,count,next_use,False,spearman,0,600.0,256190,256190.0,58718.0,40000.0,679570.0,0.5281560398487278,nan,0.04526874735848491,40000.0,0.0,0.0,0.71545,nan,1.0
conversation_trace,0.0025,4.0,"l1=0.0025,l2x4",C_lru,learned,next_use,binary,False,auc,0,600.0,256062,256062.0,58655.0,40000.0,679602.0,0.5309769541584634,0.5724823193449792,0.572652828752505,39997.0,3.0,7.5e-05,0.718675,0.28133906695334765,1.0
conversation_trace,0.0025,4.0,"l1=0.0025,l2x4",C_lru,learned,next_use,count,False,spearman,0,600.0,256062,256062.0,58655.0,40000.0,679602.0,0.5309489966186092,nan,0.1572339274855962,39999.0,1.0,2.5e-05,0.71865,nan,1.0
conversation_trace,0.0025,4.0,"l1=0.0025,l2x4",C_lru,learned,next_use,next_use,True,spearman,0,600.0,256062,256062.0,58655.0,40000.0,679602.0,0.5308665954485126,nan,0.11043212012541194,39999.0,1.0,2.5e-05,0.71865,nan,1.0
conversation_trace,0.0025,4.0,"l1=0.0025,l2x4",C_union,learned,binary,binary,True,auc,0,600.0,256419,256419.0,58735.0,40000.0,679598.0,0.5579151204094185,0.5819757784319666,0.5823211451389895,39996.0,4.0,0.0001,0.71595,0.2840784078407841,1.0
conversation_trace,0.0025,4.0,"l1=0.0025,l2x4",C_union,learned,binary,count,False,spearman,0,600.0,256419,256419.0,58735.0,40000.0,679598.0,0.5578724481237437,nan,0.16215608032613477,40000.0,0.0,0.0,0.7159,nan,1.0
conversation_trace,0.0025,4.0,"l1=0.0025,l2x4",C_union,learned,binary,next_use,False,spearman,0,600.0,256419,256419.0,58735.0,40000.0,679598.0,0.5577841606361408,nan,0.11598593691067777,40000.0,0.0,0.0,0.716,nan,1.0
conversation_trace,0.0025,4.0,"l1=0.0025,l2x4",C_union,learned,count,binary,False,auc,0,600.0,256294,256294.0,58763.0,40000.0,679574.0,0.5531185713402809,0.5209242904458294,0.5212606026291272,39997.0,3.0,7.5e-05,0.71795,0.28206410320516023,1.0
conversation_trace,0.0025,4.0,"l1=0.0025,l2x4",C_union,learned,count,count,True,spearman,0,600.0,256294,256294.0,58763.0,40000.0,679574.0,0.553105327749443,nan,0.05389331635738991,39999.0,1.0,2.5e-05,0.71795,nan,1.0
conversation_trace,0.0025,4.0,"l1=0.0025,l2x4",C_union,learned,count,next_use,False,spearman,0,600.0,256294,256294.0,58763.0,40000.0,679574.0,0.5530391097952541,nan,0.006332485362219381,39999.0,1.0,2.5e-05,0.718175,nan,1.0
conversation_trace,0.0025,4.0,"l1=0.0025,l2x4",C_union,learned,next_use,binary,False,auc,0,600.0,255643,255643.0,58532.0,40000.0,679572.0,0.5450062686514453,0.5398888540423389,0.5402434962348637,39994.0,6.0,0.00015,0.7209,0.27913489186148266,1.0
conversation_trace,0.0025,4.0,"l1=0.0025,l2x4",C_union,learned,next_use,count,False,spearman,0,600.0,255643,255643.0,58532.0,40000.0,679572.0,0.5449518226177653,nan,0.10483563977506721,39999.0,1.0,2.5e-05,0.720825,nan,1.0
conversation_trace,0.0025,4.0,"l1=0.0025,l2x4",C_union,learned,next_use,next_use,True,spearman,0,600.0,255643,255643.0,58532.0,40000.0,679572.0,0.5448885474975426,nan,0.07265116759702299,39999.0,1.0,2.5e-05,0.720875,nan,1.0
conversation_trace,0.0025,4.0,"l1=0.0025,l2x4",lfu_s,sampled,,binary,False,auc,0,600.0,257039,257039.0,58970.0,40000.0,679492.0,0.5453471122544489,0.7129041237833732,0.7127628377135018,40000.0,0.0,0.0,0.717925,0.282075,1.0
conversation_trace,0.0025,4.0,"l1=0.0025,l2x4",lfu_s,sampled,,count,False,spearman,0,600.0,257039,257039.0,58970.0,40000.0,679492.0,0.5453471122544489,nan,0.3247496438998118,40000.0,0.0,0.0,0.717925,nan,1.0
conversation_trace,0.0025,4.0,"l1=0.0025,l2x4",lfu_s,sampled,,next_use,False,spearman,0,600.0,257039,257039.0,58970.0,40000.0,679492.0,0.5452426224296975,nan,0.2862080300895128,40000.0,0.0,0.0,0.7183,nan,1.0
conversation_trace,0.0025,4.0,"l1=0.0025,l2x4",lru_2hit_s,sampled,,binary,False,auc,0,600.0,77623,77623.0,19167.0,19167.0,325828.0,0.5172851934149306,0.5162204516482947,0.5165952189243345,19165.0,2.0,0.00010434601137371524,0.5237126310846768,0.4763122195554628,1.0
conversation_trace,0.0025,4.0,"l1=0.0025,l2x4",lru_2hit_s,sampled,,count,False,spearman,0,600.0,77623,77623.0,19167.0,19167.0,325828.0,0.5172637096873197,nan,0.027082951261664143,19166.0,1.0,5.217300568685762e-05,0.5237126310846768,nan,1.0
conversation_trace,0.0025,4.0,"l1=0.0025,l2x4",lru_2hit_s,sampled,,next_use,False,spearman,0,600.0,77623,77623.0,19167.0,19167.0,325828.0,0.5169261082534343,nan,0.017476615492770513,19166.0,1.0,5.217300568685762e-05,0.52366045807899,nan,1.0
conversation_trace,0.0025,4.0,"l1=0.0025,l2x4",lru_s,sampled,,binary,False,auc,0,600.0,269559,269559.0,61740.0,40000.0,679116.0,0.3207625795887595,0.5040645463110304,0.5040229443590271,39820.0,180.0,0.0045,0.6836,0.3164,1.0
conversation_trace,0.0025,4.0,"l1=0.0025,l2x4",lru_s,sampled,,count,False,spearman,0,600.0,269559,269559.0,61740.0,40000.0,679116.0,0.3207625795887595,nan,0.008402625394209782,39820.0,180.0,0.0045,0.6836,nan,1.0
conversation_trace,0.0025,4.0,"l1=0.0025,l2x4",lru_s,sampled,,next_use,False,spearman,0,600.0,269559,269559.0,61740.0,40000.0,679116.0,0.32027959877252193,nan,0.0009964657636418578,39818.0,182.0,0.00455,0.6838,nan,1.0
conversation_trace,0.01,1.0,"l1=0.01,l2x1",A_none,learned,binary,binary,True,auc,0,600.0,250485,250485.0,57221.0,40000.0,679634.0,0.5191573699962039,0.6105238639386235,0.6106722304043107,39998.0,2.0,5e-05,0.730225,0.2697884894244712,1.0
conversation_trace,0.01,1.0,"l1=0.01,l2x1",A_none,learned,binary,count,False,spearman,0,600.0,250485,250485.0,57221.0,40000.0,679634.0,0.5191367706736273,nan,0.24081121833391753,40000.0,0.0,0.0,0.730225,nan,1.0
conversation_trace,0.01,1.0,"l1=0.01,l2x1",A_none,learned,binary,next_use,False,spearman,0,600.0,250485,250485.0,57221.0,40000.0,679634.0,0.5190308313003764,nan,0.20743109605050908,40000.0,0.0,0.0,0.7303,nan,1.0
conversation_trace,0.01,1.0,"l1=0.01,l2x1",A_none,learned,count,binary,False,auc,0,600.0,250479,250479.0,57587.0,40000.0,679629.0,0.567828918424611,0.6161138628318,0.6161651450130841,39993.0,7.0,0.000175,0.727125,0.27292276148325956,1.0
conversation_trace,0.01,1.0,"l1=0.01,l2x1",A_none,learned,count,count,True,spearman,0,600.0,250479,250479.0,57587.0,40000.0,679629.0,0.5677715341752633,nan,0.21640635666587751,40000.0,0.0,0.0,0.727,nan,1.0
conversation_trace,0.01,1.0,"l1=0.01,l2x1",A_none,learned,count,next_use,False,spearman,0,600.0,250479,250479.0,57587.0,40000.0,679629.0,0.5677465205281117,nan,0.13940990253641788,40000.0,0.0,0.0,0.72725,nan,1.0
conversation_trace,0.01,1.0,"l1=0.01,l2x1",A_none,learned,next_use,binary,False,auc,0,600.0,249937,249937.0,57370.0,40000.0,679609.0,0.5428327170475965,0.6045296304449489,0.604513534876225,39998.0,2.0,5e-05,0.730475,0.2695384769238462,1.0
conversation_trace,0.01,1.0,"l1=0.01,l2x1",A_none,learned,next_use,count,False,spearman,0,600.0,249937,249937.0,57370.0,40000.0,679609.0,0.5428091740986362,nan,0.2173061848888723,40000.0,0.0,0.0,0.730475,nan,1.0
conversation_trace,0.01,1.0,"l1=0.01,l2x1",A_none,learned,next_use,next_use,True,spearman,0,600.0,249937,249937.0,57370.0,40000.0,679609.0,0.5427532595948553,nan,0.1593318543980249,40000.0,0.0,0.0,0.730675,nan,1.0
conversation_trace,0.01,1.0,"l1=0.01,l2x1",A_pd,learned,binary,binary,True,auc,0,600.0,251874,251874.0,57898.0,40000.0,679590.0,0.4971306228755573,0.6310886743750754,0.6313265066762985,39997.0,3.0,7.5e-05,0.71885,0.2811710878315874,1.0
conversation_trace,0.01,1.0,"l1=0.01,l2x1",A_pd,learned,binary,count,False,spearman,0,600.0,251874,251874.0,57898.0,40000.0,679590.0,0.49710413631748557,nan,0.2531325295108264,40000.0,0.0,0.0,0.7188,nan,1.0
conversation_trace,0.01,1.0,"l1=0.01,l2x1",A_pd,learned,binary,next_use,False,spearman,0,600.0,251874,251874.0,57898.0,40000.0,679590.0,0.4970026045115437,nan,0.21487024380079228,40000.0,0.0,0.0,0.7189,nan,1.0
conversation_trace,0.01,1.0,"l1=0.01,l2x1",A_pd,learned,count,binary,False,auc,0,600.0,250298,250298.0,57450.0,40000.0,679575.0,0.5676091674943898,0.6927889185555492,0.6923912334803656,39994.0,6.0,0.00015,0.725675,0.27436615492323846,1.0
conversation_trace,0.01,1.0,"l1=0.01,l2x1",A_pd,learned,count,count,True,spearman,0,600.0,250298,250298.0,57450.0,40000.0,679575.0,0.56755030717728,nan,0.3719782410476502,40000.0,0.0,0.0,0.725625,nan,1.0
conversation_trace,0.01,1.0,"l1=0.01,l2x1",A_pd,learned,count,next_use,False,spearman,0,600.0,250298,250298.0,57450.0,40000.0,679575.0,0.5674679027333259,nan,0.29221677485074377,40000.0,0.0,0.0,0.7256,nan,1.0
conversation_trace,0.01,1.0,"l1=0.01,l2x1",A_pd,learned,next_use,binary,False,auc,0,600.0,250556,250556.0,57336.0,40000.0,679587.0,0.5652653744112233,0.661073740322376,0.6604770089954998,39993.0,7.0,0.000175,0.728825,0.271222463931188,1.0
conversation_trace,0.01,1.0,"l1=0.01,l2x1",A_pd,learned,next_use,count,False,spearman,0,600.0,250556,250556.0,57336.0,40000.0,679587.0,0.5652006292056794,nan,0.31953548842764345,40000.0,0.0,0.0,0.728675,nan,1.0
conversation_trace,0.01,1.0,"l1=0.01,l2x1",A_pd,learned,next_use,next_use,True,spearman,0,600.0,250556,250556.0,57336.0,40000.0,679587.0,0.5651417699279121,nan,0.26244136676510244,40000.0,0.0,0.0,0.728825,nan,1.0
conversation_trace,0.01,1.0,"l1=0.01,l2x1",B,learned,binary,binary,True,auc,0,600.0,250909,250909.0,57588.0,40000.0,679619.0,0.5425319186191087,0.5638447095309712,0.5641045047452083,39999.0,1.0,2.5e-05,0.726,0.274,1.0
conversation_trace,0.01,1.0,"l1=0.01,l2x1",B,learned,binary,count,False,spearman,0,600.0,250909,250909.0,57588.0,40000.0,679619.0,0.5425319186191087,nan,0.1540623214074648,39999.0,1.0,2.5e-05,0.726,nan,1.0
conversation_trace,0.01,1.0,"l1=0.01,l2x1",B,learned,binary,next_use,False,spearman,0,600.0,250909,250909.0,57588.0,40000.0,679619.0,0.5424053771304216,nan,0.09962106222595282,39999.0,1.0,2.5e-05,0.726175,nan,1.0
conversation_trace,0.01,1.0,"l1=0.01,l2x1",B,learned,count,binary,False,auc,0,600.0,251973,251973.0,58045.0,40000.0,679570.0,0.4944582603705284,0.5272260187003477,0.5270930108667158,39997.0,3.0,7.5e-05,0.7219,0.2781,1.0
conversation_trace,0.01,1.0,"l1=0.01,l2x1",B,learned,count,count,True,spearman,0,600.0,251973,251973.0,58045.0,40000.0,679570.0,0.4944582603705284,nan,0.07505154906297676,39997.0,3.0,7.5e-05,0.7219,nan,1.0
conversation_trace,0.01,1.0,"l1=0.01,l2x1",B,learned,count,next_use,False,spearman,0,600.0,251973,251973.0,58045.0,40000.0,679570.0,0.49439645658283915,nan,0.029124420841882707,39997.0,3.0,7.5e-05,0.722025,nan,1.0
conversation_trace,0.01,1.0,"l1=0.01,l2x1",B,learned,next_use,binary,False,auc,0,600.0,252331,252331.0,57930.0,40000.0,679530.0,0.49662119406060073,0.6221635477390665,0.6221174876143888,39996.0,4.0,0.0001,0.721625,0.27838891944597227,1.0
conversation_trace,0.01,1.0,"l1=0.01,l2x1",B,learned,next_use,count,False,spearman,0,600.0,252331,252331.0,57930.0,40000.0,679530.0,0.49659617676923756,nan,0.24100591668241128,39998.0,2.0,5e-05,0.721575,nan,1.0
conversation_trace,0.01,1.0,"l1=0.01,l2x1",B,learned,next_use,next_use,True,spearman,0,600.0,252331,252331.0,57930.0,40000.0,679530.0,0.4964593174694274,nan,0.1870575618789657,39998.0,2.0,5e-05,0.721725,nan,1.0
conversation_trace,0.01,1.0,"l1=0.01,l2x1",C_lfu,learned,binary,binary,True,auc,0,600.0,253059,253059.0,58255.0,40000.0,679596.0,0.5061256982089359,0.596224773768862,0.5961452362013582,39991.0,9.0,0.000225,0.721225,0.27878893944697236,1.0
conversation_trace,0.01,1.0,"l1=0.01,l2x1",C_lfu,learned,binary,count,False,spearman,0,600.0,253059,253059.0,58255.0,40000.0,679596.0,0.5061080406594506,nan,0.17914023183408703,39993.0,7.0,0.000175,0.7212,nan,1.0
conversation_trace,0.01,1.0,"l1=0.01,l2x1",C_lfu,learned,binary,next_use,False,spearman,0,600.0,253059,253059.0,58255.0,40000.0,679596.0,0.5060226958369384,nan,0.12819798565290394,39993.0,7.0,0.000175,0.721475,nan,1.0
conversation_trace,0.01,1.0,"l1=0.01,l2x1",C_lfu,learned,count,binary,False,auc,0,600.0,252705,252705.0,58252.0,40000.0,679531.0,0.5287749933409955,0.577496940478398,0.5775490364198832,39999.0,1.0,2.5e-05,0.718875,0.2811320283007075,1.0
conversation_trace,0.01,1.0,"l1=0.01,l2x1",C_lfu,learned,count,count,True,spearman,0,600.0,252705,252705.0,58252.0,40000.0,679531.0,0.5287661637217433,nan,0.1403023329014241,40000.0,0.0,0.0,0.718875,nan,1.0
conversation_trace,0.01,1.0,"l1=0.01,l2x1",C_lfu,learned,count,next_use,False,spearman,0,600.0,252705,252705.0,58252.0,40000.0,679531.0,0.5287220156254828,nan,0.08695918869600065,40000.0,0.0,0.0,0.71895,nan,1.0
conversation_trace,0.01,1.0,"l1=0.01,l2x1",C_lfu,learned,next_use,binary,False,auc,0,600.0,251691,251691.0,57932.0,40000.0,679574.0,0.5179759672971597,0.5758706699421914,0.5758950789349987,39999.0,1.0,2.5e-05,0.72355,0.27645,1.0
conversation_trace,0.01,1.0,"l1=0.01,l2x1",C_lfu,learned,next_use,count,False,spearman,0,600.0,251691,251691.0,57932.0,40000.0,679574.0,0.5179759672971597,nan,0.15042030063361717,39999.0,1.0,2.5e-05,0.72355,nan,1.0
conversation_trace,0.01,1.0,"l1=0.01,l2x1",C_lfu,learned,next_use,next_use,True,spearman,0,600.0,251691,251691.0,57932.0,40000.0,679574.0,0.517880319141109,nan,0.10472365526789675,39999.0,1.0,2.5e-05,0.723775,nan,1.0
conversation_trace,0.01,1.0,"l1=0.01,l2x1",C_lru,learned,binary,binary,True,auc,0,600.0,251918,251918.0,57800.0,40000.0,679619.0,0.5095811035300661,0.5128536805862779,0.5130093123437879,39999.0,1.0,2.5e-05,0.725875,0.274125,1.0
conversation_trace,0.01,1.0,"l1=0.01,l2x1",C_lru,learned,binary,count,False,spearman,0,600.0,251918,251918.0,57800.0,40000.0,679619.0,0.5095811035300661,nan,0.04625538696409139,39999.0,1.0,2.5e-05,0.725875,nan,1.0
conversation_trace,0.01,1.0,"l1=0.01,l2x1",C_lru,learned,binary,next_use,False,spearman,0,600.0,251918,251918.0,57800.0,40000.0,679619.0,0.5095031186591311,nan,0.020752187656911916,39999.0,1.0,2.5e-05,0.726025,nan,1.0
conversation_trace,0.01,1.0,"l1=0.01,l2x1",C_lru,learned,count,binary,False,auc,0,600.0,251835,251835.0,57995.0,40000.0,679619.0,0.5061365264949921,0.48185121084897037,0.4818175258113002,39996.0,4.0,0.0001,0.7206,0.2794209565717429,1.0
conversation_trace,0.01,1.0,"l1=0.01,l2x1",C_lru,learned,count,count,True,spearman,0,600.0,251835,251835.0,57995.0,40000.0,679619.0,0.5060997411785133,nan,-0.006550210313998276,39999.0,1.0,2.5e-05,0.720575,nan,1.0
conversation_trace,0.01,1.0,"l1=0.01,l2x1",C_lru,learned,count,next_use,False,spearman,0,600.0,251835,251835.0,57995.0,40000.0,679619.0,0.5060673701000119,nan,-0.05012898807090817,39999.0,1.0,2.5e-05,0.7207,nan,1.0
conversation_trace,0.01,1.0,"l1=0.01,l2x1",C_lru,learned,next_use,binary,False,auc,0,600.0,251773,251773.0,57907.0,40000.0,679626.0,0.4943101058523364,0.5150300815985767,0.5150054297946276,39999.0,1.0,2.5e-05,0.721375,0.278625,1.0
conversation_trace,0.01,1.0,"l1=0.01,l2x1",C_lru,learned,next_use,count,False,spearman,0,600.0,251773,251773.0,57907.0,40000.0,679626.0,0.4943101058523364,nan,0.0557244797900055,39999.0,1.0,2.5e-05,0.721375,nan,1.0
conversation_trace,0.01,1.0,"l1=0.01,l2x1",C_lru,learned,next_use,next_use,True,spearman,0,600.0,251773,251773.0,57907.0,40000.0,679626.0,0.4942321217846286,nan,0.0094301622046043,39999.0,1.0,2.5e-05,0.721525,nan,1.0
conversation_trace,0.01,1.0,"l1=0.01,l2x1",C_union,learned,binary,binary,True,auc,0,600.0,251127,251127.0,57697.0,40000.0,679629.0,0.5368649660329385,0.608979520503686,0.6090364545008446,39996.0,4.0,0.0001,0.725275,0.27473873693684686,1.0
conversation_trace,0.01,1.0,"l1=0.01,l2x1",C_union,learned,binary,count,False,spearman,0,600.0,251127,251127.0,57697.0,40000.0,679629.0,0.5368355382127602,nan,0.2106645049662316,39998.0,2.0,5e-05,0.725275,nan,1.0
conversation_trace,0.01,1.0,"l1=0.01,l2x1",C_union,learned,binary,next_use,False,spearman,0,600.0,251127,251127.0,57697.0,40000.0,679629.0,0.5367501975342429,nan,0.15285347319064743,39998.0,2.0,5e-05,0.725425,nan,1.0
conversation_trace,0.01,1.0,"l1=0.01,l2x1",C_union,learned,count,binary,False,auc,0,600.0,251458,251458.0,57894.0,40000.0,679589.0,0.5427780614459622,0.5582470535581083,0.5584661670794484,40000.0,0.0,0.0,0.7244,0.2756,1.0
conversation_trace,0.01,1.0,"l1=0.01,l2x1",C_union,learned,count,count,True,spearman,0,600.0,251458,251458.0,57894.0,40000.0,679589.0,0.5427780614459622,nan,0.11474324323650405,40000.0,0.0,0.0,0.7244,nan,1.0
conversation_trace,0.01,1.0,"l1=0.01,l2x1",C_union,learned,count,next_use,False,spearman,0,600.0,251458,251458.0,57894.0,40000.0,679589.0,0.5427324456399383,nan,0.05886676791999648,40000.0,0.0,0.0,0.724525,nan,1.0
conversation_trace,0.01,1.0,"l1=0.01,l2x1",C_union,learned,next_use,binary,False,auc,0,600.0,250256,250256.0,57433.0,40000.0,679589.0,0.5293478852659476,0.5595409743818226,0.5596643048279265,39997.0,3.0,7.5e-05,0.73,0.27002025151886394,1.0
conversation_trace,0.01,1.0,"l1=0.01,l2x1",C_union,learned,next_use,count,False,spearman,0,600.0,250256,250256.0,57433.0,40000.0,679589.0,0.5293213986689014,nan,0.12925083594400272,40000.0,0.0,0.0,0.73,nan,1.0
conversation_trace,0.01,1.0,"l1=0.01,l2x1",C_union,learned,next_use,next_use,True,spearman,0,600.0,250256,250256.0,57433.0,40000.0,679589.0,0.5292625395643543,nan,0.0842380235368651,40000.0,0.0,0.0,0.73015,nan,1.0
conversation_trace,0.01,1.0,"l1=0.01,l2x1",lfu_s,sampled,,binary,False,auc,0,600.0,252486,252486.0,58209.0,40000.0,679453.0,0.5118985419153348,0.7134463174542176,0.7134240036334464,39999.0,1.0,2.5e-05,0.725425,0.27458186454661365,1.0
conversation_trace,0.01,1.0,"l1=0.01,l2x1",lfu_s,sampled,,count,False,spearman,0,600.0,252486,252486.0,58209.0,40000.0,679453.0,0.5118911830546042,nan,0.3373396946807488,40000.0,0.0,0.0,0.7254,nan,1.0
conversation_trace,0.01,1.0,"l1=0.01,l2x1",lfu_s,sampled,,next_use,False,spearman,0,600.0,252486,252486.0,58209.0,40000.0,679453.0,0.5118028767258368,nan,0.2954429118958524,40000.0,0.0,0.0,0.7256,nan,1.0
conversation_trace,0.01,1.0,"l1=0.01,l2x1",lru_2hit_s,sampled,,binary,False,auc,0,600.0,72050,72050.0,18073.0,18073.0,307230.0,0.49951502131953257,0.5363253230973806,0.5362001317520521,18071.0,2.0,0.00011066231394898467,0.5567974326343164,0.44320256736568364,1.0
conversation_trace,0.01,1.0,"l1=0.01,l2x1",lru_2hit_s,sampled,,count,False,spearman,0,600.0,72050,72050.0,18073.0,18073.0,307230.0,0.49951502131953257,nan,0.05505930831727835,18071.0,2.0,0.00011066231394898467,0.5567974326343164,nan,1.0
conversation_trace,0.01,1.0,"l1=0.01,l2x1",lru_2hit_s,sampled,,next_use,False,spearman,0,600.0,72050,72050.0,18073.0,18073.0,307230.0,0.49940760993392574,nan,0.05915411412908777,18071.0,2.0,0.00011066231394898467,0.5568527637912909,nan,1.0
conversation_trace,0.01,1.0,"l1=0.01,l2x1",lru_s,sampled,,binary,False,auc,0,600.0,261708,261708.0,60142.0,40000.0,679088.0,0.3149105859623495,0.5052487056067321,0.5051237065034377,39736.0,264.0,0.0066,0.69285,0.30715,1.0
conversation_trace,0.01,1.0,"l1=0.01,l2x1",lru_s,sampled,,count,False,spearman,0,600.0,261708,261708.0,60142.0,40000.0,679088.0,0.3149105859623495,nan,0.009440876456530143,39736.0,264.0,0.0066,0.69285,nan,1.0
conversation_trace,0.01,1.0,"l1=0.01,l2x1",lru_s,sampled,,next_use,False,spearman,0,600.0,261708,261708.0,60142.0,40000.0,679088.0,0.3146882289187852,nan,0.005431029459311166,39736.0,264.0,0.0066,0.6929,nan,1.0
conversation_trace,0.01,4.0,"l1=0.01,l2x4",A_none,learned,binary,binary,True,auc,0,600.0,217127,217127.0,50897.0,40000.0,679471.0,0.339175623389372,0.6696859388006773,0.6694574727691046,39960.0,40.0,0.001,0.8177,0.1823,1.0
conversation_trace,0.01,4.0,"l1=0.01,l2x4",A_none,learned,binary,count,False,spearman,0,600.0,217127,217127.0,50897.0,40000.0,679471.0,0.339175623389372,nan,0.2944195486524565,39960.0,40.0,0.001,0.8177,nan,1.0
conversation_trace,0.01,4.0,"l1=0.01,l2x4",A_none,learned,binary,next_use,False,spearman,0,600.0,217127,217127.0,50897.0,40000.0,679471.0,0.33909320633257345,nan,0.2724648141441877,39960.0,40.0,0.001,0.817725,nan,1.0
conversation_trace,0.01,4.0,"l1=0.01,l2x4",A_none,learned,count,binary,False,auc,0,600.0,218009,218009.0,51140.0,40000.0,679202.0,0.3381306297684636,0.6821254181085987,0.6822626780377455,39957.0,43.0,0.001075,0.809675,0.190325,1.0
conversation_trace,0.01,4.0,"l1=0.01,l2x4",A_none,learned,count,count,True,spearman,0,600.0,218009,218009.0,51140.0,40000.0,679202.0,0.3381306297684636,nan,0.3121084178499038,39957.0,43.0,0.001075,0.809675,nan,1.0
conversation_trace,0.01,4.0,"l1=0.01,l2x4",A_none,learned,count,next_use,False,spearman,0,600.0,218009,218009.0,51140.0,40000.0,679202.0,0.3380658478626388,nan,0.2783318382134427,39957.0,43.0,0.001075,0.809675,nan,1.0
conversation_trace,0.01,4.0,"l1=0.01,l2x4",A_none,learned,next_use,binary,False,auc,0,600.0,217109,217109.0,50920.0,40000.0,679016.0,0.3437709862506922,0.6793991328240265,0.6793620343022618,39964.0,36.0,0.0009,0.816925,0.183075,1.0
conversation_trace,0.01,4.0,"l1=0.01,l2x4",A_none,learned,next_use,count,False,spearman,0,600.0,217109,217109.0,50920.0,40000.0,679016.0,0.3437709862506922,nan,0.308703278394056,39964.0,36.0,0.0009,0.816925,nan,1.0
conversation_trace,0.01,4.0,"l1=0.01,l2x4",A_none,learned,next_use,next_use,True,spearman,0,600.0,217109,217109.0,50920.0,40000.0,679016.0,0.34370176844139166,nan,0.2788843515155128,39964.0,36.0,0.0009,0.81695,nan,1.0
conversation_trace,0.01,4.0,"l1=0.01,l2x4",A_pd,learned,binary,binary,True,auc,0,600.0,216889,216889.0,50700.0,40000.0,679467.0,0.3357190268254382,0.6658615340691226,0.6653991445531672,39956.0,44.0,0.0011,0.822275,0.177725,1.0
conversation_trace,0.01,4.0,"l1=0.01,l2x4",A_pd,learned,binary,count,False,spearman,0,600.0,216889,216889.0,50700.0,40000.0,679467.0,0.3357190268254382,nan,0.28325547549205715,39956.0,44.0,0.0011,0.822275,nan,1.0
conversation_trace,0.01,4.0,"l1=0.01,l2x4",A_pd,learned,binary,next_use,False,spearman,0,600.0,216889,216889.0,50700.0,40000.0,679467.0,0.33564543973438005,nan,0.2638711243932947,39956.0,44.0,0.0011,0.822275,nan,1.0
conversation_trace,0.01,4.0,"l1=0.01,l2x4",A_pd,learned,count,binary,False,auc,0,600.0,215786,215786.0,50599.0,40000.0,678923.0,0.345516354579238,0.6921584321615945,0.692180593135715,39954.0,46.0,0.00115,0.8261,0.1739,1.0
conversation_trace,0.01,4.0,"l1=0.01,l2x4",A_pd,learned,count,count,True,spearman,0,600.0,215786,215786.0,50599.0,40000.0,678923.0,0.345516354579238,nan,0.3271453706943131,39954.0,46.0,0.00115,0.8261,nan,1.0
conversation_trace,0.01,4.0,"l1=0.01,l2x4",A_pd,learned,count,next_use,False,spearman,0,600.0,215786,215786.0,50599.0,40000.0,678923.0,0.34544270852511993,nan,0.29456750310685254,39954.0,46.0,0.00115,0.826125,nan,1.0
conversation_trace,0.01,4.0,"l1=0.01,l2x4",A_pd,learned,next_use,binary,False,auc,0,600.0,217341,217341.0,51051.0,40000.0,679189.0,0.35104219885775534,0.6855675350779746,0.6849384239971701,39958.0,42.0,0.00105,0.813475,0.186525,1.0
conversation_trace,0.01,4.0,"l1=0.01,l2x4",A_pd,learned,next_use,count,False,spearman,0,600.0,217341,217341.0,51051.0,40000.0,679189.0,0.35104219885775534,nan,0.3225849945543782,39958.0,42.0,0.00105,0.813475,nan,1.0
conversation_trace,0.01,4.0,"l1=0.01,l2x4",A_pd,learned,next_use,next_use,True,spearman,0,600.0,217341,217341.0,51051.0,40000.0,679189.0,0.3509435517948612,nan,0.28883215854973954,39958.0,42.0,0.00105,0.813525,nan,1.0
conversation_trace,0.01,4.0,"l1=0.01,l2x4",B,learned,binary,binary,True,auc,0,600.0,219379,219379.0,51154.0,40000.0,679471.0,0.34125371060722237,0.6592613615827192,0.6597007768734979,39964.0,36.0,0.0009,0.81235,0.18765,1.0
conversation_trace,0.01,4.0,"l1=0.01,l2x4",B,learned,binary,count,False,spearman,0,600.0,219379,219379.0,51154.0,40000.0,679471.0,0.34125371060722237,nan,0.2772579243932605,39964.0,36.0,0.0009,0.81235,nan,1.0
conversation_trace,0.01,4.0,"l1=0.01,l2x4",B,learned,binary,next_use,False,spearman,0,600.0,219379,219379.0,51154.0,40000.0,679471.0,0.3411904260814663,nan,0.24760126298632493,39964.0,36.0,0.0009,0.81235,nan,1.0
conversation_trace,0.01,4.0,"l1=0.01,l2x4",B,learned,count,binary,False,auc,0,600.0,220577,220577.0,51306.0,40000.0,679005.0,0.3287000832099911,0.649466368056722,0.6495714712473444,39940.0,60.0,0.0015,0.809575,0.190425,1.0
conversation_trace,0.01,4.0,"l1=0.01,l2x4",B,learned,count,count,True,spearman,0,600.0,220577,220577.0,51306.0,40000.0,679005.0,0.3287000832099911,nan,0.2565672131591308,39940.0,60.0,0.0015,0.809575,nan,1.0
conversation_trace,0.01,4.0,"l1=0.01,l2x4",B,learned,count,next_use,False,spearman,0,600.0,220577,220577.0,51306.0,40000.0,679005.0,0.3286220278201191,nan,0.22980031837785853,39940.0,60.0,0.0015,0.809675,nan,1.0
conversation_trace,0.01,4.0,"l1=0.01,l2x4",B,learned,next_use,binary,False,auc,0,600.0,217432,217432.0,50743.0,40000.0,678920.0,0.33655953573322334,0.6329864357713846,0.632758037705309,39951.0,49.0,0.001225,0.8238,0.1762,1.0
conversation_trace,0.01,4.0,"l1=0.01,l2x4",B,learned,next_use,count,False,spearman,0,600.0,217432,217432.0,50743.0,40000.0,678920.0,0.33655953573322334,nan,0.22483061763341175,39951.0,49.0,0.001225,0.8238,nan,1.0
conversation_trace,0.01,4.0,"l1=0.01,l2x4",B,learned,next_use,next_use,True,spearman,0,600.0,217432,217432.0,50743.0,40000.0,678920.0,0.33649619984681556,nan,0.20567595481906614,39951.0,49.0,0.001225,0.823825,nan,1.0
conversation_trace,0.01,4.0,"l1=0.01,l2x4",C_lfu,learned,binary,binary,True,auc,0,600.0,218189,218189.0,51270.0,40000.0,679247.0,0.34177405273781114,0.6850979276920803,0.6840974752569962,39954.0,46.0,0.00115,0.809325,0.190675,1.0
conversation_trace,0.01,4.0,"l1=0.01,l2x4",C_lfu,learned,binary,count,False,spearman,0,600.0,218189,218189.0,51270.0,40000.0,679247.0,0.34177405273781114,nan,0.3177803673104439,39954.0,46.0,0.00115,0.809325,nan,1.0
conversation_trace,0.01,4.0,"l1=0.01,l2x4",C_lfu,learned,binary,next_use,False,spearman,0,600.0,218189,218189.0,51270.0,40000.0,679247.0,0.3416989695942713,nan,0.285406407042573,39954.0,46.0,0.00115,0.809425,nan,1.0
conversation_trace,0.01,4.0,"l1=0.01,l2x4",C_lfu,learned,count,binary,False,auc,0,600.0,218851,218851.0,51561.0,40000.0,679185.0,0.34458505414577767,0.6977471824410892,0.6978180127360278,39954.0,46.0,0.00115,0.801975,0.198025,1.0
conversation_trace,0.01,4.0,"l1=0.01,l2x4",C_lfu,learned,count,count,True,spearman,0,600.0,218851,218851.0,51561.0,40000.0,679185.0,0.34458505414577767,nan,0.3354149329999981,39954.0,46.0,0.00115,0.801975,nan,1.0
conversation_trace,0.01,4.0,"l1=0.01,l2x4",C_lfu,learned,count,next_use,False,spearman,0,600.0,218851,218851.0,51561.0,40000.0,679185.0,0.3444878788548039,nan,0.301998009110578,39954.0,46.0,0.00115,0.802125,nan,1.0
conversation_trace,0.01,4.0,"l1=0.01,l2x4",C_lfu,learned,next_use,binary,False,auc,0,600.0,217374,217374.0,51048.0,40000.0,679404.0,0.35290637087800486,0.6890164321985595,0.6885043516134955,39969.0,31.0,0.000775,0.81555,0.18445,1.0
conversation_trace,0.01,4.0,"l1=0.01,l2x4",C_lfu,learned,next_use,count,False,spearman,0,600.0,217374,217374.0,51048.0,40000.0,679404.0,0.35290637087800486,nan,0.3275641087839992,39969.0,31.0,0.000775,0.81555,nan,1.0
conversation_trace,0.01,4.0,"l1=0.01,l2x4",C_lfu,learned,next_use,next_use,True,spearman,0,600.0,217374,217374.0,51048.0,40000.0,679404.0,0.3528239456935785,nan,0.2923442723179512,39969.0,31.0,0.000775,0.81555,nan,1.0
conversation_trace,0.01,4.0,"l1=0.01,l2x4",C_lru,learned,binary,binary,True,auc,0,600.0,223606,223606.0,52687.0,40000.0,679502.0,0.3047467115622912,0.6328494713695672,0.6331198785154524,39893.0,107.0,0.002675,0.79105,0.20895,1.0
conversation_trace,0.01,4.0,"l1=0.01,l2x4",C_lru,learned,binary,count,False,spearman,0,600.0,223606,223606.0,52687.0,40000.0,679502.0,0.3047467115622912,nan,0.2228990728915918,39893.0,107.0,0.002675,0.79105,nan,1.0
conversation_trace,0.01,4.0,"l1=0.01,l2x4",C_lru,learned,binary,next_use,False,spearman,0,600.0,223606,223606.0,52687.0,40000.0,679502.0,0.3046657699315087,nan,0.19910097188368756,39893.0,107.0,0.002675,0.7912,nan,1.0
conversation_trace,0.01,4.0,"l1=0.01,l2x4",C_lru,learned,count,binary,False,auc,0,600.0,222612,222612.0,52253.0,40000.0,679507.0,0.31184520542098904,0.6233141193525256,0.6235482516758344,39929.0,71.0,0.001775,0.7953,0.2047,1.0
conversation_trace,0.01,4.0,"l1=0.01,l2x4",C_lru,learned,count,count,True,spearman,0,600.0,222612,222612.0,52253.0,40000.0,679507.0,0.31184520542098904,nan,0.21014577953012983,39929.0,71.0,0.001775,0.7953,nan,1.0
conversation_trace,0.01,4.0,"l1=0.01,l2x4",C_lru,learned,count,next_use,False,spearman,0,600.0,222612,222612.0,52253.0,40000.0,679507.0,0.31176426438579735,nan,0.18392500600400258,39929.0,71.0,0.001775,0.79545,nan,1.0
conversation_trace,0.01,4.0,"l1=0.01,l2x4",C_lru,learned,next_use,binary,False,auc,0,600.0,220610,220610.0,51600.0,40000.0,679455.0,0.3262085053461966,0.6302585327134596,0.6304584398491705,39930.0,70.0,0.00175,0.8097,0.1903,1.0
conversation_trace,0.01,4.0,"l1=0.01,l2x4",C_lru,learned,next_use,count,False,spearman,0,600.0,220610,220610.0,51600.0,40000.0,679455.0,0.3262085053461966,nan,0.2263902578872081,39930.0,70.0,0.00175,0.8097,nan,1.0
conversation_trace,0.01,4.0,"l1=0.01,l2x4",C_lru,learned,next_use,next_use,True,spearman,0,600.0,220610,220610.0,51600.0,40000.0,679455.0,0.3261555217048958,nan,0.19962894932762756,39930.0,70.0,0.00175,0.80985,nan,1.0
conversation_trace,0.01,4.0,"l1=0.01,l2x4",C_union,learned,binary,binary,True,auc,0,600.0,217583,217583.0,51092.0,40000.0,679464.0,0.3440653220774022,0.6787386245970539,0.6777624693674774,39963.0,37.0,0.000925,0.81195,0.18805,1.0
conversation_trace,0.01,4.0,"l1=0.01,l2x4",C_union,learned,binary,count,False,spearman,0,600.0,217583,217583.0,51092.0,40000.0,679464.0,0.3440653220774022,nan,0.3082173566696956,39963.0,37.0,0.000925,0.81195,nan,1.0
conversation_trace,0.01,4.0,"l1=0.01,l2x4",C_union,learned,binary,next_use,False,spearman,0,600.0,217583,217583.0,51092.0,40000.0,679464.0,0.34399467815807755,nan,0.27785081617741175,39963.0,37.0,0.000925,0.811975,nan,1.0
conversation_trace,0.01,4.0,"l1=0.01,l2x4",C_union,learned,count,binary,False,auc,0,600.0,218500,218500.0,51496.0,40000.0,679425.0,0.3440247267910365,0.6916552926296651,0.6927185764456247,39948.0,52.0,0.0013,0.80405,0.19595,1.0
conversation_trace,0.01,4.0,"l1=0.01,l2x4",C_union,learned,count,count,True,spearman,0,600.0,218500,218500.0,51496.0,40000.0,679425.0,0.3440247267910365,nan,0.3276829517490789,39948.0,52.0,0.0013,0.80405,nan,1.0
conversation_trace,0.01,4.0,"l1=0.01,l2x4",C_union,learned,count,next_use,False,spearman,0,600.0,218500,218500.0,51496.0,40000.0,679425.0,0.34390109283585385,nan,0.29477318222121357,39948.0,52.0,0.0013,0.804075,nan,1.0
conversation_trace,0.01,4.0,"l1=0.01,l2x4",C_union,learned,next_use,binary,False,auc,0,600.0,216664,216664.0,50719.0,40000.0,679435.0,0.3528696637647457,0.6822457834757489,0.6819701499612639,39964.0,36.0,0.0009,0.821675,0.178325,1.0
conversation_trace,0.01,4.0,"l1=0.01,l2x4",C_union,learned,next_use,count,False,spearman,0,600.0,216664,216664.0,50719.0,40000.0,679435.0,0.3528696637647457,nan,0.3181801873853668,39964.0,36.0,0.0009,0.821675,nan,1.0
conversation_trace,0.01,4.0,"l1=0.01,l2x4",C_union,learned,next_use,next_use,True,spearman,0,600.0,216664,216664.0,50719.0,40000.0,679435.0,0.35279754501902316,nan,0.285075970869452,39964.0,36.0,0.0009,0.8217,nan,1.0
conversation_trace,0.01,4.0,"l1=0.01,l2x4",lfu_s,sampled,,binary,False,auc,0,600.0,227554,227554.0,54540.0,40000.0,679281.0,0.24842738130464417,0.6642550238165386,0.6654526751774557,39632.0,368.0,0.0092,0.761975,0.238025,1.0
conversation_trace,0.01,4.0,"l1=0.01,l2x4",lfu_s,sampled,,count,False,spearman,0,600.0,227554,227554.0,54540.0,40000.0,679281.0,0.24842738130464417,nan,0.2499796000253748,39632.0,368.0,0.0092,0.761975,nan,1.0
conversation_trace,0.01,4.0,"l1=0.01,l2x4",lfu_s,sampled,,next_use,False,spearman,0,600.0,227554,227554.0,54540.0,40000.0,679281.0,0.2483670233673546,nan,0.23143090135340816,39632.0,368.0,0.0092,0.762025,nan,1.0
conversation_trace,0.01,4.0,"l1=0.01,l2x4",lru_2hit_s,sampled,,binary,False,auc,0,600.0,42205,42205.0,11924.0,11924.0,202701.0,0.3459627727539578,0.6684004694070654,0.6666912818655835,11919.0,5.0,0.0004193223750419322,0.8400704461590071,0.15992955384099294,1.0
conversation_trace,0.01,4.0,"l1=0.01,l2x4",lru_2hit_s,sampled,,count,False,spearman,0,600.0,42205,42205.0,11924.0,11924.0,202701.0,0.3459627727539578,nan,0.27245472419559186,11919.0,5.0,0.0004193223750419322,0.8400704461590071,nan,1.0
conversation_trace,0.01,4.0,"l1=0.01,l2x4",lru_2hit_s,sampled,,next_use,False,spearman,0,600.0,42205,42205.0,11924.0,11924.0,202701.0,0.3458443717593894,nan,0.2655069900993003,11919.0,5.0,0.0004193223750419322,0.8400704461590071,nan,1.0
conversation_trace,0.01,4.0,"l1=0.01,l2x4",lru_s,sampled,,binary,False,auc,0,600.0,222704,222704.0,52501.0,40000.0,678979.0,0.2712234104442111,0.5587524936414491,0.5590140081980937,39756.0,244.0,0.0061,0.79245,0.20755,1.0
conversation_trace,0.01,4.0,"l1=0.01,l2x4",lru_s,sampled,,count,False,spearman,0,600.0,222704,222704.0,52501.0,40000.0,678979.0,0.2712234104442111,nan,0.08682612092466525,39756.0,244.0,0.0061,0.79245,nan,1.0
conversation_trace,0.01,4.0,"l1=0.01,l2x4",lru_s,sampled,,next_use,False,spearman,0,600.0,222704,222704.0,52501.0,40000.0,678979.0,0.27114387926577993,nan,0.090038588392484,39755.0,245.0,0.006125,0.79245,nan,1.0
conversation_trace,0.02,1.0,"l1=0.02,l2x1",A_none,learned,binary,binary,True,auc,0,600.0,226888,226888.0,52705.0,40000.0,679488.0,0.3993845365922577,0.6286758101767881,0.6290586509579954,39986.0,14.0,0.00035,0.788475,0.211525,1.0
conversation_trace,0.02,1.0,"l1=0.02,l2x1",A_none,learned,binary,count,False,spearman,0,600.0,226888,226888.0,52705.0,40000.0,679488.0,0.3993845365922577,nan,0.24458509559693778,39986.0,14.0,0.00035,0.788475,nan,1.0
conversation_trace,0.02,1.0,"l1=0.02,l2x1",A_none,learned,binary,next_use,False,spearman,0,600.0,226888,226888.0,52705.0,40000.0,679488.0,0.3993668762362249,nan,0.2234103219862132,39986.0,14.0,0.00035,0.7885,nan,1.0
conversation_trace,0.02,1.0,"l1=0.02,l2x1",A_none,learned,count,binary,False,auc,0,600.0,227557,227557.0,52928.0,40000.0,679535.0,0.4073049953276873,0.6675449209897598,0.6683376377175457,39986.0,14.0,0.00035,0.785575,0.214425,1.0
conversation_trace,0.02,1.0,"l1=0.02,l2x1",A_none,learned,count,count,True,spearman,0,600.0,227557,227557.0,52928.0,40000.0,679535.0,0.4073049953276873,nan,0.2921227128320175,39986.0,14.0,0.00035,0.785575,nan,1.0
conversation_trace,0.02,1.0,"l1=0.02,l2x1",A_none,learned,count,next_use,False,spearman,0,600.0,227557,227557.0,52928.0,40000.0,679535.0,0.4072902793822246,nan,0.250042525875525,39986.0,14.0,0.00035,0.7856,nan,1.0
conversation_trace,0.02,1.0,"l1=0.02,l2x1",A_none,learned,next_use,binary,False,auc,0,600.0,227028,227028.0,52940.0,40000.0,679474.0,0.4150166157939818,0.6429579902597875,0.6434026075061334,39990.0,10.0,0.00025,0.784725,0.215275,1.0
conversation_trace,0.02,1.0,"l1=0.02,l2x1",A_none,learned,next_use,count,False,spearman,0,600.0,227028,227028.0,52940.0,40000.0,679474.0,0.4150166157939818,nan,0.26060954762473393,39990.0,10.0,0.00025,0.784725,nan,1.0
conversation_trace,0.02,1.0,"l1=0.02,l2x1",A_none,learned,next_use,next_use,True,spearman,0,600.0,227028,227028.0,52940.0,40000.0,679474.0,0.41497687917418474,nan,0.22042039556687987,39990.0,10.0,0.00025,0.7849,nan,1.0
conversation_trace,0.02,1.0,"l1=0.02,l2x1",A_pd,learned,binary,binary,True,auc,0,600.0,227601,227601.0,52882.0,40000.0,679526.0,0.38521410512622034,0.6583209904375731,0.6578047826744766,39966.0,34.0,0.00085,0.7867,0.2133,1.0
conversation_trace,0.02,1.0,"l1=0.02,l2x1",A_pd,learned,binary,count,False,spearman,0,600.0,227601,227601.0,52882.0,40000.0,679526.0,0.38521410512622034,nan,0.28188399934124975,39966.0,34.0,0.00085,0.7867,nan,1.0
conversation_trace,0.02,1.0,"l1=0.02,l2x1",A_pd,learned,binary,next_use,False,spearman,0,600.0,227601,227601.0,52882.0,40000.0,679526.0,0.3851832012314466,nan,0.2606935062875578,39966.0,34.0,0.00085,0.786725,nan,1.0
conversation_trace,0.02,1.0,"l1=0.02,l2x1",A_pd,learned,count,binary,False,auc,0,600.0,226878,226878.0,52864.0,40000.0,679115.0,0.4074714886285828,0.689482401991197,0.6892103316521394,39986.0,14.0,0.00035,0.7909,0.2091,1.0
conversation_trace,0.02,1.0,"l1=0.02,l2x1",A_pd,learned,count,count,True,spearman,0,600.0,226878,226878.0,52864.0,40000.0,679115.0,0.4074714886285828,nan,0.34243765712151963,39986.0,14.0,0.00035,0.7909,nan,1.0
conversation_trace,0.02,1.0,"l1=0.02,l2x1",A_pd,learned,count,next_use,False,spearman,0,600.0,226878,226878.0,52864.0,40000.0,679115.0,0.4074390935261333,nan,0.2990242087684201,39986.0,14.0,0.00035,0.791025,nan,1.0
conversation_trace,0.02,1.0,"l1=0.02,l2x1",A_pd,learned,next_use,binary,False,auc,0,600.0,227238,227238.0,52940.0,40000.0,679361.0,0.42302987660463287,0.6701146409936826,0.6700520624586241,39993.0,7.0,0.000175,0.787625,0.2123803095077377,1.0
conversation_trace,0.02,1.0,"l1=0.02,l2x1",A_pd,learned,next_use,count,False,spearman,0,600.0,227238,227238.0,52940.0,40000.0,679361.0,0.4230195728044442,nan,0.31229760354253905,39994.0,6.0,0.00015,0.787625,nan,1.0
conversation_trace,0.02,1.0,"l1=0.02,l2x1",A_pd,learned,next_use,next_use,True,spearman,0,600.0,227238,227238.0,52940.0,40000.0,679361.0,0.4229960212611557,nan,0.27228955751186495,39994.0,6.0,0.00015,0.7876,nan,1.0
conversation_trace,0.02,1.0,"l1=0.02,l2x1",B,learned,binary,binary,True,auc,0,600.0,238422,238422.0,56105.0,40000.0,679586.0,0.23713260720497478,0.5544968743698326,0.5536672319757769,39585.0,415.0,0.010375,0.739575,0.260425,1.0
conversation_trace,0.02,1.0,"l1=0.02,l2x1",B,learned,binary,count,False,spearman,0,600.0,238422,238422.0,56105.0,40000.0,679586.0,0.23713260720497478,nan,0.07648525838949143,39585.0,415.0,0.010375,0.739575,nan,1.0
conversation_trace,0.02,1.0,"l1=0.02,l2x1",B,learned,binary,next_use,False,spearman,0,600.0,238422,238422.0,56105.0,40000.0,679586.0,0.2371090634592237,nan,0.07338831418911329,39585.0,415.0,0.010375,0.739575,nan,1.0
conversation_trace,0.02,1.0,"l1=0.02,l2x1",B,learned,count,binary,False,auc,0,600.0,241125,241125.0,56331.0,40000.0,679576.0,0.23354709407042037,0.5941310867653944,0.5934210396175512,39518.0,482.0,0.01205,0.73445,0.26555,1.0
conversation_trace,0.02,1.0,"l1=0.02,l2x1",B,learned,count,count,True,spearman,0,600.0,241125,241125.0,56331.0,40000.0,679576.0,0.23354709407042037,nan,0.13126100074730473,39518.0,482.0,0.01205,0.73445,nan,1.0
conversation_trace,0.02,1.0,"l1=0.02,l2x1",B,learned,count,next_use,False,spearman,0,600.0,241125,241125.0,56331.0,40000.0,679576.0,0.23353090750703379,nan,0.12256328123892084,39518.0,482.0,0.01205,0.734475,nan,1.0
conversation_trace,0.02,1.0,"l1=0.02,l2x1",B,learned,next_use,binary,False,auc,0,600.0,240840,240840.0,56705.0,40000.0,679746.0,0.21005934569677498,0.4957683563638947,0.4954505036418893,39231.0,769.0,0.019225,0.7307,0.2693,1.0
conversation_trace,0.02,1.0,"l1=0.02,l2x1",B,learned,next_use,count,False,spearman,0,600.0,240840,240840.0,56705.0,40000.0,679746.0,0.21005934569677498,nan,-0.011825762242723038,39231.0,769.0,0.019225,0.7307,nan,1.0
conversation_trace,0.02,1.0,"l1=0.02,l2x1",B,learned,next_use,next_use,True,spearman,0,600.0,240840,240840.0,56705.0,40000.0,679746.0,0.21003433635505026,nan,-0.01370558373947629,39231.0,769.0,0.019225,0.7307,nan,1.0
conversation_trace,0.02,1.0,"l1=0.02,l2x1",C_lfu,learned,binary,binary,True,auc,0,600.0,227651,227651.0,53265.0,40000.0,679556.0,0.4113009082400862,0.6552384661330416,0.6549729736474709,39982.0,18.0,0.00045,0.781025,0.218975,1.0
conversation_trace,0.02,1.0,"l1=0.02,l2x1",C_lfu,learned,binary,count,False,spearman,0,600.0,227651,227651.0,53265.0,40000.0,679556.0,0.4113009082400862,nan,0.2774973921418404,39982.0,18.0,0.00045,0.781025,nan,1.0
conversation_trace,0.02,1.0,"l1=0.02,l2x1",C_lfu,learned,binary,next_use,False,spearman,0,600.0,227651,227651.0,53265.0,40000.0,679556.0,0.41128619274938344,nan,0.2422644133134312,39982.0,18.0,0.00045,0.781025,nan,1.0
conversation_trace,0.02,1.0,"l1=0.02,l2x1",C_lfu,learned,count,binary,False,auc,0,600.0,227636,227636.0,53196.0,40000.0,679502.0,0.42410324031423013,0.6626629843794394,0.6633905834578782,39992.0,8.0,0.0002,0.781725,0.218275,1.0
conversation_trace,0.02,1.0,"l1=0.02,l2x1",C_lfu,learned,count,count,True,spearman,0,600.0,227636,227636.0,53196.0,40000.0,679502.0,0.42410324031423013,nan,0.2929574090252302,39992.0,8.0,0.0002,0.781725,nan,1.0
conversation_trace,0.02,1.0,"l1=0.02,l2x1",C_lfu,learned,count,next_use,False,spearman,0,600.0,227636,227636.0,53196.0,40000.0,679502.0,0.4240870519880736,nan,0.24297975428729165,39992.0,8.0,0.0002,0.781775,nan,1.0
conversation_trace,0.02,1.0,"l1=0.02,l2x1",C_lfu,learned,next_use,binary,False,auc,0,600.0,226872,226872.0,53189.0,40000.0,679525.0,0.4164673853059122,0.6482083609948083,0.6483007395393151,39991.0,9.0,0.000225,0.7835,0.2165,1.0
conversation_trace,0.02,1.0,"l1=0.02,l2x1",C_lfu,learned,next_use,count,False,spearman,0,600.0,226872,226872.0,53189.0,40000.0,679525.0,0.4164673853059122,nan,0.26709561628844375,39991.0,9.0,0.000225,0.7835,nan,1.0
conversation_trace,0.02,1.0,"l1=0.02,l2x1",C_lfu,learned,next_use,next_use,True,spearman,0,600.0,226872,226872.0,53189.0,40000.0,679525.0,0.41642618005224236,nan,0.2287713608091756,39991.0,9.0,0.000225,0.78355,nan,1.0
conversation_trace,0.02,1.0,"l1=0.02,l2x1",C_lru,learned,binary,binary,True,auc,0,600.0,231862,231862.0,53934.0,40000.0,679530.0,0.3681220843818522,0.6103343664062159,0.6107793866654885,39982.0,18.0,0.00045,0.769925,0.230075,1.0
conversation_trace,0.02,1.0,"l1=0.02,l2x1",C_lru,learned,binary,count,False,spearman,0,600.0,231862,231862.0,53934.0,40000.0,679530.0,0.3681220843818522,nan,0.19173122377497342,39982.0,18.0,0.00045,0.769925,nan,1.0
conversation_trace,0.02,1.0,"l1=0.02,l2x1",C_lru,learned,binary,next_use,False,spearman,0,600.0,231862,231862.0,53934.0,40000.0,679530.0,0.3680794078259974,nan,0.16760614828585715,39982.0,18.0,0.00045,0.769925,nan,1.0
conversation_trace,0.02,1.0,"l1=0.02,l2x1",C_lru,learned,count,binary,False,auc,0,600.0,232250,232250.0,53859.0,40000.0,679619.0,0.36656715012381935,0.6048034066296308,0.6052624190932625,39977.0,23.0,0.000575,0.7701,0.2299,1.0
conversation_trace,0.02,1.0,"l1=0.02,l2x1",C_lru,learned,count,count,True,spearman,0,600.0,232250,232250.0,53859.0,40000.0,679619.0,0.36656715012381935,nan,0.17946197372387857,39977.0,23.0,0.000575,0.7701,nan,1.0
conversation_trace,0.02,1.0,"l1=0.02,l2x1",C_lru,learned,count,next_use,False,spearman,0,600.0,232250,232250.0,53859.0,40000.0,679619.0,0.36653183621999974,nan,0.151091957525958,39977.0,23.0,0.000575,0.770125,nan,1.0
conversation_trace,0.02,1.0,"l1=0.02,l2x1",C_lru,learned,next_use,binary,False,auc,0,600.0,230992,230992.0,53591.0,40000.0,679636.0,0.37834370162851877,0.6083930540242558,0.6088591265243447,39985.0,15.0,0.000375,0.773325,0.226675,1.0
conversation_trace,0.02,1.0,"l1=0.02,l2x1",C_lru,learned,next_use,count,False,spearman,0,600.0,230992,230992.0,53591.0,40000.0,679636.0,0.37834370162851877,nan,0.19059236306247146,39985.0,15.0,0.000375,0.773325,nan,1.0
conversation_trace,0.02,1.0,"l1=0.02,l2x1",C_lru,learned,next_use,next_use,True,spearman,0,600.0,230992,230992.0,53591.0,40000.0,679636.0,0.3782819038426452,nan,0.15890921719507925,39985.0,15.0,0.000375,0.773325,nan,1.0
conversation_trace,0.02,1.0,"l1=0.02,l2x1",C_union,learned,binary,binary,True,auc,0,600.0,227061,227061.0,53106.0,40000.0,679550.0,0.4133617835332205,0.6567698283751011,0.656798131307454,39983.0,17.0,0.000425,0.7846,0.2154,1.0
conversation_trace,0.02,1.0,"l1=0.02,l2x1",C_union,learned,binary,count,False,spearman,0,600.0,227061,227061.0,53106.0,40000.0,679550.0,0.4133617835332205,nan,0.28641584797255365,39983.0,17.0,0.000425,0.7846,nan,1.0
conversation_trace,0.02,1.0,"l1=0.02,l2x1",C_union,learned,binary,next_use,False,spearman,0,600.0,227061,227061.0,53106.0,40000.0,679550.0,0.4133323522919579,nan,0.25133593612417676,39983.0,17.0,0.000425,0.784625,nan,1.0
conversation_trace,0.02,1.0,"l1=0.02,l2x1",C_union,learned,count,binary,False,auc,0,600.0,226812,226812.0,52882.0,40000.0,679543.0,0.42681331424207153,0.6619221015818673,0.66242578661326,39991.0,9.0,0.000225,0.786475,0.213525,1.0
conversation_trace,0.02,1.0,"l1=0.02,l2x1",C_union,learned,count,count,True,spearman,0,600.0,226812,226812.0,52882.0,40000.0,679543.0,0.42681331424207153,nan,0.29342316105085736,39991.0,9.0,0.000225,0.786475,nan,1.0
conversation_trace,0.02,1.0,"l1=0.02,l2x1",C_union,learned,count,next_use,False,spearman,0,600.0,226812,226812.0,52882.0,40000.0,679543.0,0.426798598469854,nan,0.24458118021715053,39991.0,9.0,0.000225,0.786475,nan,1.0
conversation_trace,0.02,1.0,"l1=0.02,l2x1",C_union,learned,next_use,binary,False,auc,0,600.0,226395,226395.0,52925.0,40000.0,679513.0,0.4177535970614249,0.6455512650258899,0.6460550304937198,39989.0,11.0,0.000275,0.786975,0.213025,1.0
conversation_trace,0.02,1.0,"l1=0.02,l2x1",C_union,learned,next_use,count,False,spearman,0,600.0,226395,226395.0,52925.0,40000.0,679513.0,0.4177535970614249,nan,0.2707528224840701,39989.0,11.0,0.000275,0.786975,nan,1.0
conversation_trace,0.02,1.0,"l1=0.02,l2x1",C_union,learned,next_use,next_use,True,spearman,0,600.0,226395,226395.0,52925.0,40000.0,679513.0,0.41771091943789157,nan,0.23313766511325135,39989.0,11.0,0.000275,0.7871,nan,1.0
conversation_trace,0.02,1.0,"l1=0.02,l2x1",lfu_s,sampled,,binary,False,auc,0,600.0,234014,234014.0,54969.0,40000.0,679363.0,0.3181288942730175,0.6851226655373365,0.6852365063119574,39919.0,81.0,0.002025,0.754775,0.245225,1.0
conversation_trace,0.02,1.0,"l1=0.02,l2x1",lfu_s,sampled,,count,False,spearman,0,600.0,234014,234014.0,54969.0,40000.0,679363.0,0.3181288942730175,nan,0.30058915900528976,39919.0,81.0,0.002025,0.754775,nan,1.0
conversation_trace,0.02,1.0,"l1=0.02,l2x1",lfu_s,sampled,,next_use,False,spearman,0,600.0,234014,234014.0,54969.0,40000.0,679363.0,0.3180597118182768,nan,0.2725959625642778,39919.0,81.0,0.002025,0.754775,nan,1.0
conversation_trace,0.02,1.0,"l1=0.02,l2x1",lru_2hit_s,sampled,,binary,False,auc,0,600.0,53808,53808.0,14053.0,14053.0,238893.0,0.40835855382953873,0.592316581099616,0.5929180739160793,14038.0,15.0,0.0010673877463886715,0.7111648758272255,0.2888351241727745,1.0
conversation_trace,0.02,1.0,"l1=0.02,l2x1",lru_2hit_s,sampled,,count,False,spearman,0,600.0,53808,53808.0,14053.0,14053.0,238893.0,0.40835855382953873,nan,0.14712110926195401,14038.0,15.0,0.0010673877463886715,0.7111648758272255,nan,1.0
conversation_trace,0.02,1.0,"l1=0.02,l2x1",lru_2hit_s,sampled,,next_use,False,spearman,0,600.0,53808,53808.0,14053.0,14053.0,238893.0,0.40833343798269517,nan,0.15021697157380812,14038.0,15.0,0.0010673877463886715,0.7111648758272255,nan,1.0
conversation_trace,0.02,1.0,"l1=0.02,l2x1",lru_s,sampled,,binary,False,auc,0,600.0,233333,233333.0,54421.0,40000.0,678966.0,0.27158355499391723,0.5344338064744146,0.5343258576339764,39672.0,328.0,0.0082,0.7637,0.2363,1.0
conversation_trace,0.02,1.0,"l1=0.02,l2x1",lru_s,sampled,,count,False,spearman,0,600.0,233333,233333.0,54421.0,40000.0,678966.0,0.27158355499391723,nan,0.051002575919377235,39672.0,328.0,0.0082,0.7637,nan,1.0
conversation_trace,0.02,1.0,"l1=0.02,l2x1",lru_s,sampled,,next_use,False,spearman,0,600.0,233333,233333.0,54421.0,40000.0,678966.0,0.27157177237151786,nan,0.052844622150192276,39672.0,328.0,0.0082,0.7637,nan,1.0
conversation_trace,0.02,4.0,"l1=0.02,l2x4",A_none,learned,binary,binary,True,auc,0,600.0,186623,186623.0,45869.0,40000.0,679284.0,0.22287879590863321,0.6960590154012061,0.6952698310972958,39405.0,595.0,0.014875,0.901775,0.098225,1.0
conversation_trace,0.02,4.0,"l1=0.02,l2x4",A_none,learned,binary,count,False,spearman,0,600.0,186623,186623.0,45869.0,40000.0,679284.0,0.22287879590863321,nan,0.28218287072423337,39405.0,595.0,0.014875,0.901775,nan,1.0
conversation_trace,0.02,4.0,"l1=0.02,l2x4",A_none,learned,binary,next_use,False,spearman,0,600.0,186623,186623.0,45869.0,40000.0,679284.0,0.22284493672749542,nan,0.275229024601662,39405.0,595.0,0.014875,0.901825,nan,1.0
conversation_trace,0.02,4.0,"l1=0.02,l2x4",A_none,learned,count,binary,False,auc,0,600.0,186801,186801.0,45723.0,40000.0,678805.0,0.2224305949425829,0.699079314284737,0.6989808775797496,39383.0,617.0,0.015425,0.900625,0.099375,1.0
conversation_trace,0.02,4.0,"l1=0.02,l2x4",A_none,learned,count,count,True,spearman,0,600.0,186801,186801.0,45723.0,40000.0,678805.0,0.2224305949425829,nan,0.2876597234291736,39383.0,617.0,0.015425,0.900625,nan,1.0
conversation_trace,0.02,4.0,"l1=0.02,l2x4",A_none,learned,count,next_use,False,spearman,0,600.0,186801,186801.0,45723.0,40000.0,678805.0,0.22239376551439663,nan,0.27756518649103207,39382.0,618.0,0.01545,0.900625,nan,1.0
conversation_trace,0.02,4.0,"l1=0.02,l2x4",A_none,learned,next_use,binary,False,auc,0,600.0,186162,186162.0,45542.0,40000.0,678788.0,0.22289138876939485,0.7042937839247488,0.7043406993768488,39437.0,563.0,0.014075,0.904725,0.095275,1.0
conversation_trace,0.02,4.0,"l1=0.02,l2x4",A_none,learned,next_use,count,False,spearman,0,600.0,186162,186162.0,45542.0,40000.0,678788.0,0.22289138876939485,nan,0.2946144892859947,39437.0,563.0,0.014075,0.904725,nan,1.0
conversation_trace,0.02,4.0,"l1=0.02,l2x4",A_none,learned,next_use,next_use,True,spearman,0,600.0,186162,186162.0,45542.0,40000.0,678788.0,0.22285161199078357,nan,0.2846600961958645,39437.0,563.0,0.014075,0.904775,nan,1.0
conversation_trace,0.02,4.0,"l1=0.02,l2x4",A_pd,learned,binary,binary,True,auc,0,600.0,187698,187698.0,46222.0,40000.0,679129.0,0.21732248217937977,0.6965638967747676,0.6959437228907985,39325.0,675.0,0.016875,0.895275,0.104725,1.0
conversation_trace,0.02,4.0,"l1=0.02,l2x4",A_pd,learned,binary,count,False,spearman,0,600.0,187698,187698.0,46222.0,40000.0,679129.0,0.21732248217937977,nan,0.27993813889481756,39325.0,675.0,0.016875,0.895275,nan,1.0
conversation_trace,0.02,4.0,"l1=0.02,l2x4",A_pd,learned,binary,next_use,False,spearman,0,600.0,187698,187698.0,46222.0,40000.0,679129.0,0.21730186753915678,nan,0.27371111099189227,39325.0,675.0,0.016875,0.8953,nan,1.0
conversation_trace,0.02,4.0,"l1=0.02,l2x4",A_pd,learned,count,binary,False,auc,0,600.0,186223,186223.0,45673.0,40000.0,678819.0,0.22507767166210726,0.7106404507179543,0.7093439875319278,39472.0,528.0,0.0132,0.904825,0.095175,1.0
conversation_trace,0.02,4.0,"l1=0.02,l2x4",A_pd,learned,count,count,True,spearman,0,600.0,186223,186223.0,45673.0,40000.0,678819.0,0.22507767166210726,nan,0.3025026969341335,39472.0,528.0,0.0132,0.904825,nan,1.0
conversation_trace,0.02,4.0,"l1=0.02,l2x4",A_pd,learned,count,next_use,False,spearman,0,600.0,186223,186223.0,45673.0,40000.0,678819.0,0.22505115502070508,nan,0.29348633556858933,39472.0,528.0,0.0132,0.9049,nan,1.0
conversation_trace,0.02,4.0,"l1=0.02,l2x4",A_pd,learned,next_use,binary,False,auc,0,600.0,185795,185795.0,45571.0,40000.0,678794.0,0.22458654613918214,0.7075256807288248,0.7064813190396962,39506.0,494.0,0.01235,0.907,0.093,1.0
conversation_trace,0.02,4.0,"l1=0.02,l2x4",A_pd,learned,next_use,count,False,spearman,0,600.0,185795,185795.0,45571.0,40000.0,678794.0,0.22458654613918214,nan,0.2991264019504389,39506.0,494.0,0.01235,0.907,nan,1.0
conversation_trace,0.02,4.0,"l1=0.02,l2x4",A_pd,learned,next_use,next_use,True,spearman,0,600.0,185795,185795.0,45571.0,40000.0,678794.0,0.2245438233101648,nan,0.2901132683730243,39506.0,494.0,0.01235,0.907,nan,1.0
conversation_trace,0.02,4.0,"l1=0.02,l2x4",B,learned,binary,binary,True,auc,0,600.0,207355,207355.0,51713.0,40000.0,679500.0,0.14049300956585725,0.6260939422163754,0.6235680745556733,36952.0,3048.0,0.0762,0.79545,0.20455,1.0
conversation_trace,0.02,4.0,"l1=0.02,l2x4",B,learned,binary,count,False,spearman,0,600.0,207355,207355.0,51713.0,40000.0,679500.0,0.14049300956585725,nan,0.15392127404940043,36952.0,3048.0,0.0762,0.79545,nan,1.0
conversation_trace,0.02,4.0,"l1=0.02,l2x4",B,learned,binary,next_use,False,spearman,0,600.0,207355,207355.0,51713.0,40000.0,679500.0,0.14047829286239882,nan,0.1476869342574784,36951.0,3049.0,0.076225,0.79545,nan,1.0
conversation_trace,0.02,4.0,"l1=0.02,l2x4",B,learned,count,binary,False,auc,0,600.0,219286,219286.0,54266.0,40000.0,679569.0,0.10355681321543508,0.6293582860164498,0.6235407140479272,33827.0,6173.0,0.154325,0.761275,0.238725,1.0
conversation_trace,0.02,4.0,"l1=0.02,l2x4",B,learned,count,count,True,spearman,0,600.0,219286,219286.0,54266.0,40000.0,679569.0,0.10355681321543508,nan,0.14107134099550628,33827.0,6173.0,0.154325,0.761275,nan,1.0
conversation_trace,0.02,4.0,"l1=0.02,l2x4",B,learned,count,next_use,False,spearman,0,600.0,219286,219286.0,54266.0,40000.0,679569.0,0.10354798408991582,nan,0.1363536316784181,33825.0,6175.0,0.154375,0.761275,nan,1.0
conversation_trace,0.02,4.0,"l1=0.02,l2x4",B,learned,next_use,binary,False,auc,0,600.0,212233,212233.0,53206.0,40000.0,679553.0,0.11562306398470759,0.5699954080747792,0.5666339451428198,35241.0,4759.0,0.118975,0.773425,0.226575,1.0
conversation_trace,0.02,4.0,"l1=0.02,l2x4",B,learned,next_use,count,False,spearman,0,600.0,212233,212233.0,53206.0,40000.0,679553.0,0.11562306398470759,nan,0.07937029444993378,35241.0,4759.0,0.118975,0.773425,nan,1.0
conversation_trace,0.02,4.0,"l1=0.02,l2x4",B,learned,next_use,next_use,True,spearman,0,600.0,212233,212233.0,53206.0,40000.0,679553.0,0.1156112915401742,nan,0.07519129147944424,35240.0,4760.0,0.119,0.773425,nan,1.0
conversation_trace,0.02,4.0,"l1=0.02,l2x4",C_lfu,learned,binary,binary,True,auc,0,600.0,186842,186842.0,45897.0,40000.0,678811.0,0.22245956532819885,0.7051072834740367,0.7041351699043287,39388.0,612.0,0.0153,0.9041,0.0959,1.0
conversation_trace,0.02,4.0,"l1=0.02,l2x4",C_lfu,learned,binary,count,False,spearman,0,600.0,186842,186842.0,45897.0,40000.0,678811.0,0.22245956532819885,nan,0.29325079755322486,39388.0,612.0,0.0153,0.9041,nan,1.0
conversation_trace,0.02,4.0,"l1=0.02,l2x4",C_lfu,learned,binary,next_use,False,spearman,0,600.0,186842,186842.0,45897.0,40000.0,678811.0,0.22243010204607763,nan,0.2854246859632304,39388.0,612.0,0.0153,0.9041,nan,1.0
conversation_trace,0.02,4.0,"l1=0.02,l2x4",C_lfu,learned,count,binary,False,auc,0,600.0,187060,187060.0,45830.0,40000.0,678966.0,0.2225840469184024,0.7067551410680708,0.7064218234691377,39412.0,588.0,0.0147,0.9026,0.0974,1.0
conversation_trace,0.02,4.0,"l1=0.02,l2x4",C_lfu,learned,count,count,True,spearman,0,600.0,187060,187060.0,45830.0,40000.0,678966.0,0.2225840469184024,nan,0.29696777616031356,39412.0,588.0,0.0147,0.9026,nan,1.0
conversation_trace,0.02,4.0,"l1=0.02,l2x4",C_lfu,learned,count,next_use,False,spearman,0,600.0,187060,187060.0,45830.0,40000.0,678966.0,0.22255606319020393,nan,0.28628278119619216,39412.0,588.0,0.0147,0.9026,nan,1.0
conversation_trace,0.02,4.0,"l1=0.02,l2x4",C_lfu,learned,next_use,binary,False,auc,0,600.0,186310,186310.0,45660.0,40000.0,678753.0,0.22551797192793255,0.7134604844955499,0.7133341668849033,39417.0,583.0,0.014575,0.904525,0.095475,1.0
conversation_trace,0.02,4.0,"l1=0.02,l2x4",C_lfu,learned,next_use,count,False,spearman,0,600.0,186310,186310.0,45660.0,40000.0,678753.0,0.22551797192793255,nan,0.30869095433192895,39417.0,583.0,0.014575,0.904525,nan,1.0
conversation_trace,0.02,4.0,"l1=0.02,l2x4",C_lfu,learned,next_use,next_use,True,spearman,0,600.0,186310,186310.0,45660.0,40000.0,678753.0,0.22548555954817143,nan,0.29834256757693034,39417.0,583.0,0.014575,0.904525,nan,1.0
conversation_trace,0.02,4.0,"l1=0.02,l2x4",C_lru,learned,binary,binary,True,auc,0,600.0,188577,188577.0,46371.0,40000.0,679406.0,0.21251946553312748,0.703574247223264,0.703350844626164,39298.0,702.0,0.01755,0.89195,0.10805,1.0
conversation_trace,0.02,4.0,"l1=0.02,l2x4",C_lru,learned,binary,count,False,spearman,0,600.0,188577,188577.0,46371.0,40000.0,679406.0,0.21251946553312748,nan,0.2893385830366831,39298.0,702.0,0.01755,0.89195,nan,1.0
conversation_trace,0.02,4.0,"l1=0.02,l2x4",C_lru,learned,binary,next_use,False,spearman,0,600.0,188577,188577.0,46371.0,40000.0,679406.0,0.21248561243203623,nan,0.27526952386333164,39298.0,702.0,0.01755,0.89195,nan,1.0
conversation_trace,0.02,4.0,"l1=0.02,l2x4",C_lru,learned,count,binary,False,auc,0,600.0,188420,188420.0,46101.0,40000.0,679348.0,0.2151430489233795,0.6829676732666512,0.6823449891192533,39317.0,683.0,0.017075,0.895925,0.104075,1.0
conversation_trace,0.02,4.0,"l1=0.02,l2x4",C_lru,learned,count,count,True,spearman,0,600.0,188420,188420.0,46101.0,40000.0,679348.0,0.2151430489233795,nan,0.2632765709623742,39317.0,683.0,0.017075,0.895925,nan,1.0
conversation_trace,0.02,4.0,"l1=0.02,l2x4",C_lru,learned,count,next_use,False,spearman,0,600.0,188420,188420.0,46101.0,40000.0,679348.0,0.2151136089309161,nan,0.24926219420380544,39317.0,683.0,0.017075,0.89595,nan,1.0
conversation_trace,0.02,4.0,"l1=0.02,l2x4",C_lru,learned,next_use,binary,False,auc,0,600.0,185927,185927.0,45545.0,40000.0,678977.0,0.22686040911547814,0.7026152559931854,0.7017098484372144,39498.0,502.0,0.01255,0.9073,0.0927,1.0
conversation_trace,0.02,4.0,"l1=0.02,l2x4",C_lru,learned,next_use,count,False,spearman,0,600.0,185927,185927.0,45545.0,40000.0,678977.0,0.22686040911547814,nan,0.29541581331272293,39498.0,502.0,0.01255,0.9073,nan,1.0
conversation_trace,0.02,4.0,"l1=0.02,l2x4",C_lru,learned,next_use,next_use,True,spearman,0,600.0,185927,185927.0,45545.0,40000.0,678977.0,0.2268265346248842,nan,0.28306580024275596,39498.0,502.0,0.01255,0.9073,nan,1.0
conversation_trace,0.02,4.0,"l1=0.02,l2x4",C_union,learned,binary,binary,True,auc,0,600.0,186276,186276.0,45785.0,40000.0,679052.0,0.22430240983017502,0.7055363755066265,0.7045990006726129,39416.0,584.0,0.0146,0.903675,0.096325,1.0
conversation_trace,0.02,4.0,"l1=0.02,l2x4",C_union,learned,binary,count,False,spearman,0,600.0,186276,186276.0,45785.0,40000.0,679052.0,0.22430240983017502,nan,0.2954804491443916,39416.0,584.0,0.0146,0.903675,nan,1.0
conversation_trace,0.02,4.0,"l1=0.02,l2x4",C_union,learned,binary,next_use,False,spearman,0,600.0,186276,186276.0,45785.0,40000.0,679052.0,0.22428326549365882,nan,0.2868500260439396,39416.0,584.0,0.0146,0.903675,nan,1.0
conversation_trace,0.02,4.0,"l1=0.02,l2x4",C_union,learned,count,binary,False,auc,0,600.0,186817,186817.0,45786.0,40000.0,679179.0,0.22317386138263992,0.7055823178616929,0.7053399300697261,39432.0,568.0,0.0142,0.9031,0.0969,1.0
conversation_trace,0.02,4.0,"l1=0.02,l2x4",C_union,learned,count,count,True,spearman,0,600.0,186817,186817.0,45786.0,40000.0,679179.0,0.22317386138263992,nan,0.296079845074565,39432.0,568.0,0.0142,0.9031,nan,1.0
conversation_trace,0.02,4.0,"l1=0.02,l2x4",C_union,learned,count,next_use,False,spearman,0,600.0,186817,186817.0,45786.0,40000.0,679179.0,0.22314294169872742,nan,0.2851623858714445,39432.0,568.0,0.0142,0.9031,nan,1.0
conversation_trace,0.02,4.0,"l1=0.02,l2x4",C_union,learned,next_use,binary,False,auc,0,600.0,186091,186091.0,45626.0,40000.0,678800.0,0.22462728344136712,0.7144073108405316,0.7139722503892394,39430.0,570.0,0.01425,0.90365,0.09635,1.0
conversation_trace,0.02,4.0,"l1=0.02,l2x4",C_union,learned,next_use,count,False,spearman,0,600.0,186091,186091.0,45626.0,40000.0,678800.0,0.22462728344136712,nan,0.31015296897705674,39430.0,570.0,0.01425,0.90365,nan,1.0
conversation_trace,0.02,4.0,"l1=0.02,l2x4",C_union,learned,next_use,next_use,True,spearman,0,600.0,186091,186091.0,45626.0,40000.0,678800.0,0.22459192692987626,nan,0.29864863986866286,39430.0,570.0,0.01425,0.90365,nan,1.0
conversation_trace,0.02,4.0,"l1=0.02,l2x4",lfu_s,sampled,,binary,False,auc,0,600.0,199868,199868.0,50455.0,40000.0,679156.0,0.16049479059303018,0.6338587419623088,0.63391914485096,37930.0,2070.0,0.05175,0.817375,0.182625,1.0
conversation_trace,0.02,4.0,"l1=0.02,l2x4",lfu_s,sampled,,count,False,spearman,0,600.0,199868,199868.0,50455.0,40000.0,679156.0,0.16049479059303018,nan,0.17519493502341021,37930.0,2070.0,0.05175,0.817375,nan,1.0
conversation_trace,0.02,4.0,"l1=0.02,l2x4",lfu_s,sampled,,next_use,False,spearman,0,600.0,199868,199868.0,50455.0,40000.0,679156.0,0.16047859401963613,nan,0.16480615501096985,37928.0,2072.0,0.0518,0.817375,nan,1.0
conversation_trace,0.02,4.0,"l1=0.02,l2x4",lru_2hit_s,sampled,,binary,False,auc,0,600.0,29369,29369.0,10057.0,10057.0,170965.0,0.19573012020004094,0.8086826146099103,0.808013135610092,9824.0,233.0,0.02316794272645918,0.9829969175698519,0.017003082430148156,1.0
conversation_trace,0.02,4.0,"l1=0.02,l2x4",lru_2hit_s,sampled,,count,False,spearman,0,600.0,29369,29369.0,10057.0,10057.0,170965.0,0.19573012020004094,nan,0.41347802303948794,9824.0,233.0,0.02316794272645918,0.9829969175698519,nan,1.0
conversation_trace,0.02,4.0,"l1=0.02,l2x4",lru_2hit_s,sampled,,next_use,False,spearman,0,600.0,29369,29369.0,10057.0,10057.0,170965.0,0.19568332699675373,nan,0.4083011004010079,9824.0,233.0,0.02316794272645918,0.9829969175698519,nan,1.0
conversation_trace,0.02,4.0,"l1=0.02,l2x4",lru_s,sampled,,binary,False,auc,0,600.0,190277,190277.0,46991.0,40000.0,678832.0,0.2008258302496052,0.609434353439836,0.6084914338226342,39020.0,980.0,0.0245,0.8809,0.1191,1.0
conversation_trace,0.02,4.0,"l1=0.02,l2x4",lru_s,sampled,,count,False,spearman,0,600.0,190277,190277.0,46991.0,40000.0,678832.0,0.2008258302496052,nan,0.14703130668150013,39020.0,980.0,0.0245,0.8809,nan,1.0
conversation_trace,0.02,4.0,"l1=0.02,l2x4",lru_s,sampled,,next_use,False,spearman,0,600.0,190277,190277.0,46991.0,40000.0,678832.0,0.20081404530134112,nan,0.1478226694474375,39020.0,980.0,0.0245,0.880925,nan,1.0
synthetic_trace,0.0025,1.0,"l1=0.0025,l2x1",A_none,learned,binary,binary,True,auc,0,300.0,120102,120102.0,15397.0,15397.0,261627.0,0.633332951109786,0.45048738323531007,0.43686681499222313,15313.0,84.0,0.005455608235370527,0.311229460284471,0.6925488147325801,1.0
synthetic_trace,0.0025,1.0,"l1=0.0025,l2x1",A_none,learned,binary,count,False,spearman,0,300.0,120102,120102.0,15397.0,15397.0,261627.0,0.6302789849671478,nan,-0.053806039457155286,15396.0,1.0,6.494771708774437e-05,0.3072676495421186,nan,1.0
synthetic_trace,0.0025,1.0,"l1=0.0025,l2x1",A_none,learned,binary,next_use,False,spearman,0,300.0,120102,120102.0,15397.0,15397.0,261627.0,0.6327710824953082,nan,-0.08244169717932771,15397.0,0.0,0.0,0.305903747483276,nan,1.0
synthetic_trace,0.0025,1.0,"l1=0.0025,l2x1",A_none,learned,count,binary,False,auc,0,300.0,119491,119491.0,15357.0,15357.0,260933.0,0.6796495652140587,0.6446983871715969,0.6630123720113588,14436.0,921.0,0.05997265090838054,0.36654294458553105,0.6718696042544374,1.0
synthetic_trace,0.0025,1.0,"l1=0.0025,l2x1",A_none,learned,count,count,True,spearman,0,300.0,119491,119491.0,15357.0,15357.0,260933.0,0.6678610984428953,nan,0.3559448419140886,15305.0,52.0,0.0033860780100280004,0.3526730481213779,nan,1.0
synthetic_trace,0.0025,1.0,"l1=0.0025,l2x1",A_none,learned,count,next_use,False,spearman,0,300.0,119491,119491.0,15357.0,15357.0,260933.0,0.6717701478923709,nan,0.3079575798668382,15305.0,52.0,0.0033860780100280004,0.3444032037507326,nan,1.0
synthetic_trace,0.0025,1.0,"l1=0.0025,l2x1",A_none,learned,next_use,binary,False,auc,0,300.0,119685,119685.0,15356.0,15356.0,260849.0,0.9009081882621747,0.6759601969398227,0.6977706720271902,11046.0,4310.0,0.2806720500130242,0.5912998176608492,0.5681694731124389,1.0
synthetic_trace,0.0025,1.0,"l1=0.0025,l2x1",A_none,learned,next_use,count,False,spearman,0,300.0,119685,119685.0,15356.0,15356.0,260849.0,0.8549582325406653,nan,0.46781587502766003,15350.0,6.0,0.00039072675175827037,0.42654337066944514,nan,1.0
synthetic_trace,0.0025,1.0,"l1=0.0025,l2x1",A_none,learned,next_use,next_use,True,spearman,0,300.0,119685,119685.0,15356.0,15356.0,260849.0,0.8521136749613761,nan,0.2536804356248838,15355.0,1.0,6.512112529304507e-05,0.3680646001562907,nan,1.0
synthetic_trace,0.0025,1.0,"l1=0.0025,l2x1",A_pd,learned,binary,binary,True,auc,0,300.0,119927,119927.0,15415.0,15415.0,261931.0,0.8979960371242808,0.6584601001669449,0.6321291139111938,12087.0,3328.0,0.21589361012001299,0.5208563087901394,0.6110697443534375,1.0
synthetic_trace,0.0025,1.0,"l1=0.0025,l2x1",A_pd,learned,binary,count,False,spearman,0,300.0,119927,119927.0,15415.0,15415.0,261931.0,0.8387208845077521,nan,-0.024031554471048513,15386.0,29.0,0.0018812844631852091,0.3837171586117418,nan,1.0
synthetic_trace,0.0025,1.0,"l1=0.0025,l2x1",A_pd,learned,binary,next_use,False,spearman,0,300.0,119927,119927.0,15415.0,15415.0,261931.0,0.8361896835426124,nan,-0.16674520465889742,15414.0,1.0,6.487187804086928e-05,0.33610120012974376,nan,1.0
synthetic_trace,0.0025,1.0,"l1=0.0025,l2x1",A_pd,learned,count,binary,False,auc,0,300.0,119969,119969.0,15413.0,15413.0,261835.0,0.8315313078847366,0.5285168891642307,0.5353351124469952,12150.0,3263.0,0.21170440537208848,0.5158632323363395,0.612945621816987,1.0
synthetic_trace,0.0025,1.0,"l1=0.0025,l2x1",A_pd,learned,count,count,True,spearman,0,300.0,119969,119969.0,15413.0,15413.0,261835.0,0.7823247465006589,nan,0.011926744631803786,15361.0,52.0,0.003373775384415753,0.3935638746512684,nan,1.0
synthetic_trace,0.0025,1.0,"l1=0.0025,l2x1",A_pd,learned,count,next_use,False,spearman,0,300.0,119969,119969.0,15413.0,15413.0,261835.0,0.7764011686749289,nan,-0.1637676206429323,15386.0,27.0,0.0017517679880620256,0.33893466554207485,nan,1.0
synthetic_trace,0.0025,1.0,"l1=0.0025,l2x1",A_pd,learned,next_use,binary,False,auc,0,300.0,119783,119783.0,15419.0,15419.0,261921.0,0.6625967371841127,0.44785005803840977,0.4486665726915029,15047.0,372.0,0.024126078215189053,0.3265451715416045,0.6900584795321637,1.0
synthetic_trace,0.0025,1.0,"l1=0.0025,l2x1",A_pd,learned,next_use,count,False,spearman,0,300.0,119783,119783.0,15419.0,15419.0,261921.0,0.6494706419111106,nan,-0.10655054801635726,15418.0,1.0,6.485504896556197e-05,0.30760749724366043,nan,1.0
synthetic_trace,0.0025,1.0,"l1=0.0025,l2x1",A_pd,learned,next_use,next_use,True,spearman,0,300.0,119783,119783.0,15419.0,15419.0,261921.0,0.6520095754063248,nan,-0.12043687568259642,15418.0,1.0,6.485504896556197e-05,0.3065049614112459,nan,1.0
synthetic_trace,0.0025,1.0,"l1=0.0025,l2x1",B,learned,binary,binary,True,auc,0,300.0,119522,119522.0,15403.0,15403.0,261721.0,0.7316264266146011,0.5024304174406171,0.5143480020341102,11989.0,3414.0,0.22164513406479258,0.5195091865221061,0.6118045796478466,1.0
synthetic_trace,0.0025,1.0,"l1=0.0025,l2x1",B,learned,binary,count,False,spearman,0,300.0,119522,119522.0,15403.0,15403.0,261721.0,0.6504865868615816,nan,-0.011388830165370446,15245.0,158.0,0.010257741998312017,0.3941439979224826,nan,1.0
synthetic_trace,0.0025,1.0,"l1=0.0025,l2x1",B,learned,binary,next_use,False,spearman,0,300.0,119522,119522.0,15403.0,15403.0,261721.0,0.6810725925699505,nan,0.014997217904801487,15295.0,108.0,0.007011621112770239,0.34395896903200673,nan,1.0
synthetic_trace,0.0025,1.0,"l1=0.0025,l2x1",B,learned,count,binary,False,auc,0,300.0,119374,119374.0,15108.0,15108.0,256699.0,0.7881877218064738,0.49230030223112736,0.5006487843206047,12879.0,2229.0,0.14753772835583798,0.45909451945988883,0.634472049689441,1.0
synthetic_trace,0.0025,1.0,"l1=0.0025,l2x1",B,learned,count,count,True,spearman,0,300.0,119374,119374.0,15108.0,15108.0,256699.0,0.766746267028699,nan,0.007924878055929771,15094.0,14.0,0.0009266613714588298,0.39409584326184804,nan,1.0
synthetic_trace,0.0025,1.0,"l1=0.0025,l2x1",B,learned,count,next_use,False,spearman,0,300.0,119374,119374.0,15108.0,15108.0,256699.0,0.7710119634279837,nan,0.039267423264642644,15096.0,12.0,0.0007942811755361397,0.38688112258406143,nan,1.0
synthetic_trace,0.0025,1.0,"l1=0.0025,l2x1",B,learned,next_use,binary,False,auc,0,300.0,119339,119339.0,15388.0,15388.0,261371.0,0.816762379912079,0.6835794233640262,0.6389172690925043,11267.0,4121.0,0.2678060826618144,0.5779828437743696,0.576373480074554,1.0
synthetic_trace,0.0025,1.0,"l1=0.0025,l2x1",B,learned,next_use,count,False,spearman,0,300.0,119339,119339.0,15388.0,15388.0,261371.0,0.7784949363165768,nan,0.1987612718130119,15387.0,1.0,6.498570314530803e-05,0.3899792045749935,nan,1.0
synthetic_trace,0.0025,1.0,"l1=0.0025,l2x1",B,learned,next_use,next_use,True,spearman,0,300.0,119339,119339.0,15388.0,15388.0,261371.0,0.7262091050652139,nan,-0.11764636426793428,15387.0,1.0,6.498570314530803e-05,0.37503249285157264,nan,1.0
synthetic_trace,0.0025,1.0,"l1=0.0025,l2x1",C_lfu,learned,binary,binary,True,auc,0,300.0,119857,119857.0,15430.0,15430.0,262161.0,0.4188914445703213,0.23625590380087774,0.22536144098812086,14882.0,548.0,0.0355152300712897,0.3053791315618924,0.69538701096477,1.0
synthetic_trace,0.0025,1.0,"l1=0.0025,l2x1",C_lfu,learned,binary,count,False,spearman,0,300.0,119857,119857.0,15430.0,15430.0,262161.0,0.4187808255232472,nan,-0.4154463545294303,14899.0,531.0,0.03441348023331173,0.3049254698639015,nan,1.0
synthetic_trace,0.0025,1.0,"l1=0.0025,l2x1",C_lfu,learned,binary,next_use,False,spearman,0,300.0,119857,119857.0,15430.0,15430.0,262161.0,0.41878845442304535,nan,-0.375886453896601,14899.0,531.0,0.03441348023331173,0.3051198963058976,nan,1.0
synthetic_trace,0.0025,1.0,"l1=0.0025,l2x1",C_lfu,learned,count,binary,False,auc,0,300.0,119119,119119.0,15285.0,15285.0,259678.0,0.6221782361231988,0.3901510878679853,0.40625718950540635,13670.0,1615.0,0.10565914295060516,0.39692508995747466,0.6656076250992852,1.0
synthetic_trace,0.0025,1.0,"l1=0.0025,l2x1",C_lfu,learned,count,count,True,spearman,0,300.0,119119,119119.0,15285.0,15285.0,259678.0,0.6102634801561935,nan,0.008388306746959215,15094.0,191.0,0.01249591102387962,0.3733071638861629,nan,1.0
synthetic_trace,0.0025,1.0,"l1=0.0025,l2x1",C_lfu,learned,count,next_use,False,spearman,0,300.0,119119,119119.0,15285.0,15285.0,259678.0,0.6120040973821425,nan,-0.08440244425083739,15098.0,187.0,0.012234216552175336,0.35799803729146223,nan,1.0
synthetic_trace,0.0025,1.0,"l1=0.0025,l2x1",C_lfu,learned,next_use,binary,False,auc,0,300.0,119288,119288.0,15214.0,15214.0,258454.0,0.7873625480743188,0.5681157014996148,0.5950110173736289,10645.0,4569.0,0.3003154988826081,0.604114631260681,0.5649033952354154,1.0
synthetic_trace,0.0025,1.0,"l1=0.0025,l2x1",C_lfu,learned,next_use,count,False,spearman,0,300.0,119288,119288.0,15214.0,15214.0,258454.0,0.7049416917517237,nan,0.2001014783023703,15126.0,88.0,0.005784146181148942,0.4530695412120415,nan,1.0
synthetic_trace,0.0025,1.0,"l1=0.0025,l2x1",C_lfu,learned,next_use,next_use,True,spearman,0,300.0,119288,119288.0,15214.0,15214.0,258454.0,0.7181316597924582,nan,0.10926966132077086,15175.0,39.0,0.0025634284211910083,0.4067306428289733,nan,1.0
synthetic_trace,0.0025,1.0,"l1=0.0025,l2x1",C_lru,learned,binary,binary,True,auc,0,300.0,119395,119395.0,15330.0,15330.0,260485.0,0.7456667370481985,0.5650880203163989,0.5632645431331211,11114.0,4216.0,0.27501630789302023,0.579191128506197,0.5756223788703488,1.0
synthetic_trace,0.0025,1.0,"l1=0.0025,l2x1",C_lru,learned,binary,count,False,spearman,0,300.0,119395,119395.0,15330.0,15330.0,260485.0,0.6648559418008715,nan,0.0008635346931380321,15201.0,129.0,0.008414872798434442,0.43313763861709065,nan,1.0
synthetic_trace,0.0025,1.0,"l1=0.0025,l2x1",C_lru,learned,binary,next_use,False,spearman,0,300.0,119395,119395.0,15330.0,15330.0,260485.0,0.6885463654337102,nan,-0.005882897847003864,15233.0,97.0,0.006327462491846053,0.37123287671232874,nan,1.0
synthetic_trace,0.0025,1.0,"l1=0.0025,l2x1",C_lru,learned,count,binary,False,auc,0,300.0,119158,119158.0,14964.0,14964.0,254260.0,0.8715016125226146,0.5921798876448072,0.5931359163719917,10449.0,4515.0,0.3017241379310345,0.6192862870890137,0.5451674641148325,1.0
synthetic_trace,0.0025,1.0,"l1=0.0025,l2x1",C_lru,learned,count,count,True,spearman,0,300.0,119158,119158.0,14964.0,14964.0,254260.0,0.8097498623456305,nan,0.03598610916451165,14943.0,21.0,0.0014033680834001604,0.4520850040096231,nan,1.0
synthetic_trace,0.0025,1.0,"l1=0.0025,l2x1",C_lru,learned,count,next_use,False,spearman,0,300.0,119158,119158.0,14964.0,14964.0,254260.0,0.8224101313615984,nan,0.07974129692787141,14949.0,15.0,0.0010024057738572574,0.40898155573376105,nan,1.0
synthetic_trace,0.0025,1.0,"l1=0.0025,l2x1",C_lru,learned,next_use,binary,False,auc,0,300.0,119812,119812.0,15400.0,15400.0,261558.0,0.7860512773457512,0.5966010609804565,0.5794603430628292,13736.0,1664.0,0.10805194805194805,0.4176623376623377,0.6528829353523588,1.0
synthetic_trace,0.0025,1.0,"l1=0.0025,l2x1",C_lru,learned,next_use,count,False,spearman,0,300.0,119812,119812.0,15400.0,15400.0,261558.0,0.773537800411381,nan,0.20500280175506605,15397.0,3.0,0.0001948051948051948,0.36175324675324677,nan,1.0
synthetic_trace,0.0025,1.0,"l1=0.0025,l2x1",C_lru,learned,next_use,next_use,True,spearman,0,300.0,119812,119812.0,15400.0,15400.0,261558.0,0.7498031029446623,nan,-0.08887529922575357,15398.0,2.0,0.00012987012987012987,0.33506493506493507,nan,1.0
synthetic_trace,0.0025,1.0,"l1=0.0025,l2x1",C_union,learned,binary,binary,True,auc,0,300.0,119730,119730.0,15425.0,15425.0,262096.0,0.41740049447530675,0.2168557532749464,0.217621759710383,15123.0,302.0,0.019578606158833063,0.30547811993517016,0.6951979234263466,1.0
synthetic_trace,0.0025,1.0,"l1=0.0025,l2x1",C_union,learned,binary,count,False,spearman,0,300.0,119730,119730.0,15425.0,15425.0,262096.0,0.4172631402234296,nan,-0.44225759867176473,15138.0,287.0,0.01860615883306321,0.30515397082658025,nan,1.0
synthetic_trace,0.0025,1.0,"l1=0.0025,l2x1",C_union,learned,binary,next_use,False,spearman,0,300.0,119730,119730.0,15425.0,15425.0,262096.0,0.4173280019534827,nan,-0.399014224062859,15138.0,287.0,0.01860615883306321,0.30508914100486223,nan,1.0
synthetic_trace,0.0025,1.0,"l1=0.0025,l2x1",C_union,learned,count,binary,False,auc,0,300.0,119238,119238.0,15300.0,15300.0,259959.0,0.5450359479764116,0.31269321034160547,0.34332393648731124,13632.0,1668.0,0.10901960784313726,0.39941176470588236,0.6650984365952519,1.0
synthetic_trace,0.0025,1.0,"l1=0.0025,l2x1",C_union,learned,count,count,True,spearman,0,300.0,119238,119238.0,15300.0,15300.0,259959.0,0.5310529737381664,nan,-0.1390636690303058,15088.0,212.0,0.013856209150326797,0.3813725490196078,nan,1.0
synthetic_trace,0.0025,1.0,"l1=0.0025,l2x1",C_union,learned,count,next_use,False,spearman,0,300.0,119238,119238.0,15300.0,15300.0,259959.0,0.5318261725887544,nan,-0.18352551215045948,15097.0,203.0,0.013267973856209151,0.36549019607843136,nan,1.0
synthetic_trace,0.0025,1.0,"l1=0.0025,l2x1",C_union,learned,next_use,binary,False,auc,0,300.0,119298,119298.0,15212.0,15212.0,258441.0,0.8290248064355114,0.5927205830532529,0.5863967039766643,11068.0,4144.0,0.27241651327899025,0.5742834604259794,0.5825312584330304,1.0
synthetic_trace,0.0025,1.0,"l1=0.0025,l2x1",C_union,learned,next_use,count,False,spearman,0,300.0,119298,119298.0,15212.0,15212.0,258441.0,0.7689724153675307,nan,0.25314838193888206,15138.0,74.0,0.004864580594267683,0.45444386011043914,nan,1.0
synthetic_trace,0.0025,1.0,"l1=0.0025,l2x1",C_union,learned,next_use,next_use,True,spearman,0,300.0,119298,119298.0,15212.0,15212.0,258441.0,0.7777055498160121,nan,0.13327094705901543,15148.0,64.0,0.004207204838285564,0.39574020510123586,nan,1.0
synthetic_trace,0.0025,1.0,"l1=0.0025,l2x1",lfu_s,sampled,,binary,False,auc,0,300.0,119137,119137.0,15400.0,15400.0,261673.0,0.9228693827792703,0.5591938304434084,0.7075013816685791,7850.0,7550.0,0.4902597402597403,0.7965584415584416,0.39910828025477707,1.0
synthetic_trace,0.0025,1.0,"l1=0.0025,l2x1",lfu_s,sampled,,count,False,spearman,0,300.0,119137,119137.0,15400.0,15400.0,261673.0,0.7577166922074497,nan,0.13504213260066472,15337.0,63.0,0.004090909090909091,0.5811038961038961,nan,1.0
synthetic_trace,0.0025,1.0,"l1=0.0025,l2x1",lfu_s,sampled,,next_use,False,spearman,0,300.0,119137,119137.0,15400.0,15400.0,261673.0,0.7062478742552728,nan,0.07173391038245226,15387.0,13.0,0.0008441558441558442,0.4081168831168831,nan,1.0
synthetic_trace,0.0025,1.0,"l1=0.0025,l2x1",lru_2hit_s,sampled,,binary,False,auc,0,300.0,75399,75399.0,11855.0,11855.0,201530.0,0.7930729916141518,0.497681833792365,0.5054074615721598,5715.0,6140.0,0.5179249261914803,0.7099114297764656,0.583079009833842,1.0
synthetic_trace,0.0025,1.0,"l1=0.0025,l2x1",lru_2hit_s,sampled,,count,False,spearman,0,300.0,75399,75399.0,11855.0,11855.0,201530.0,0.5250384558130303,nan,-0.029525948426804897,10683.0,1169.0,0.0986081822016027,0.46933783213833824,nan,1.0
synthetic_trace,0.0025,1.0,"l1=0.0025,l2x1",lru_2hit_s,sampled,,next_use,False,spearman,0,300.0,75399,75399.0,11855.0,11855.0,201530.0,0.5658512380290776,nan,0.022497436000328143,10892.0,960.0,0.08097849008857022,0.43340362716153524,nan,1.0
synthetic_trace,0.0025,1.0,"l1=0.0025,l2x1",lru_s,sampled,,binary,False,auc,0,300.0,119384,119384.0,15382.0,15382.0,261250.0,0.6903043062200956,0.4895489040619292,0.4857615585231733,11693.0,3689.0,0.23982577038096475,0.5185281497854636,0.6107033891316896,1.0
synthetic_trace,0.0025,1.0,"l1=0.0025,l2x1",lru_s,sampled,,count,False,spearman,0,300.0,119384,119384.0,15382.0,15382.0,261250.0,0.564466985645933,nan,-0.024424912517226442,13951.0,1292.0,0.08399427902743467,0.4315433623716032,nan,1.0
synthetic_trace,0.0025,1.0,"l1=0.0025,l2x1",lru_s,sampled,,next_use,False,spearman,0,300.0,119384,119384.0,15382.0,15382.0,261250.0,0.5780631578947368,nan,0.030789953190225778,14123.0,1122.0,0.07294240020803537,0.4258223898062671,nan,1.0
synthetic_trace,0.0025,4.0,"l1=0.0025,l2x4",A_none,learned,binary,binary,True,auc,0,300.0,117928,117928.0,15372.0,15372.0,261058.0,0.5072206176405243,0.6083144613393724,0.6070204308233887,15366.0,6.0,0.00039032006245121,0.30562060889929743,0.694469746258946,1.0
synthetic_trace,0.0025,4.0,"l1=0.0025,l2x4",A_none,learned,binary,count,False,spearman,0,300.0,117928,117928.0,15372.0,15372.0,261058.0,0.5071708202774863,nan,0.20763718174299334,15368.0,4.0,0.00026021337496747333,0.3055555555555556,nan,1.0
synthetic_trace,0.0025,4.0,"l1=0.0025,l2x4",A_none,learned,binary,next_use,False,spearman,0,300.0,117928,117928.0,15372.0,15372.0,261058.0,0.5071631591447111,nan,0.08634177436462286,15368.0,4.0,0.00026021337496747333,0.3054905022118137,nan,1.0
synthetic_trace,0.0025,4.0,"l1=0.0025,l2x4",A_none,learned,count,binary,False,auc,0,300.0,117580,117580.0,15200.0,15200.0,258154.0,0.551701697436414,0.5037157353572906,0.503262572090913,15198.0,2.0,0.00013157894736842105,0.30664473684210525,0.6934465061192262,1.0
synthetic_trace,0.0025,4.0,"l1=0.0025,l2x4",A_none,learned,count,count,True,spearman,0,300.0,117580,117580.0,15200.0,15200.0,258154.0,0.5516087296729859,nan,0.14891023890147678,15200.0,0.0,0.0,0.30657894736842106,nan,1.0
synthetic_trace,0.0025,4.0,"l1=0.0025,l2x4",A_none,learned,count,next_use,False,spearman,0,300.0,117580,117580.0,15200.0,15200.0,258154.0,0.5516707081819379,nan,0.09104440327323199,15200.0,0.0,0.0,0.3065131578947368,nan,1.0
synthetic_trace,0.0025,4.0,"l1=0.0025,l2x4",A_none,learned,next_use,binary,False,auc,0,300.0,117520,117520.0,15165.0,15165.0,257593.0,0.6708761495848101,0.5585681167569208,0.557543163973087,15128.0,37.0,0.0024398285525881963,0.3130234091658424,0.6886567953463776,1.0
synthetic_trace,0.0025,4.0,"l1=0.0025,l2x4",A_none,learned,next_use,count,False,spearman,0,300.0,117520,117520.0,15165.0,15165.0,257593.0,0.6699211546897625,nan,0.31503948534896314,15165.0,0.0,0.0,0.31144081767227166,nan,1.0
synthetic_trace,0.0025,4.0,"l1=0.0025,l2x4",A_none,learned,next_use,next_use,True,spearman,0,300.0,117520,117520.0,15165.0,15165.0,257593.0,0.6703248923689696,nan,0.263261900720765,15165.0,0.0,0.0,0.31064952192548634,nan,1.0
synthetic_trace,0.0025,4.0,"l1=0.0025,l2x4",A_pd,learned,binary,binary,True,auc,0,300.0,117662,117662.0,15253.0,15253.0,259025.0,0.6897982820191101,0.5733911443527103,0.5755038779213544,14973.0,280.0,0.018357044515832952,0.32498524880351404,0.6876377479463034,1.0
synthetic_trace,0.0025,4.0,"l1=0.0025,l2x4",A_pd,learned,binary,count,False,spearman,0,300.0,117662,117662.0,15253.0,15253.0,259025.0,0.6848991410095551,nan,0.15256238021932816,15253.0,0.0,0.0,0.3150855569396184,nan,1.0
synthetic_trace,0.0025,4.0,"l1=0.0025,l2x4",A_pd,learned,binary,next_use,False,spearman,0,300.0,117662,117662.0,15253.0,15253.0,259025.0,0.6879104333558537,nan,-0.00047987587085640744,15253.0,0.0,0.0,0.3094473218383269,nan,1.0
synthetic_trace,0.0025,4.0,"l1=0.0025,l2x4",A_pd,learned,count,binary,False,auc,0,300.0,117077,117077.0,15273.0,15273.0,259407.0,0.8524365186752864,0.671368719175741,0.6646282780764657,13684.0,1589.0,0.10403980881293787,0.4098736332089308,0.6586524408067816,1.0
synthetic_trace,0.0025,4.0,"l1=0.0025,l2x4",A_pd,learned,count,count,True,spearman,0,300.0,117077,117077.0,15273.0,15273.0,259407.0,0.8356867779204108,nan,0.08966242780762926,15273.0,0.0,0.0,0.34243436129116744,nan,1.0
synthetic_trace,0.0025,4.0,"l1=0.0025,l2x4",A_pd,learned,count,next_use,False,spearman,0,300.0,117077,117077.0,15273.0,15273.0,259407.0,0.8419009510152,nan,-0.09715416815011961,15273.0,0.0,0.0,0.3259346559287632,nan,1.0
synthetic_trace,0.0025,4.0,"l1=0.0025,l2x4",A_pd,learned,next_use,binary,False,auc,0,300.0,116360,116360.0,15078.0,15078.0,256128.0,0.8054136994002998,0.5720950258572152,0.5678265985159824,14532.0,546.0,0.036211699164345405,0.3442101074413052,0.6804293971924029,1.0
synthetic_trace,0.0025,4.0,"l1=0.0025,l2x4",A_pd,learned,next_use,count,False,spearman,0,300.0,116360,116360.0,15078.0,15078.0,256128.0,0.7963713455772113,nan,0.05925974910664843,15078.0,0.0,0.0,0.3177477118981297,nan,1.0
synthetic_trace,0.0025,4.0,"l1=0.0025,l2x4",A_pd,learned,next_use,next_use,True,spearman,0,300.0,116360,116360.0,15078.0,15078.0,256128.0,0.80090813968016,nan,-0.07850216709073736,15078.0,0.0,0.0,0.30899323517707916,nan,1.0
synthetic_trace,0.0025,4.0,"l1=0.0025,l2x4",B,learned,binary,binary,True,auc,0,300.0,115706,115706.0,15055.0,15055.0,255647.0,0.7259893525056035,0.5266383710864038,0.5336309650301202,14205.0,850.0,0.05645964795748921,0.3744271006310196,0.6630059838085182,1.0
synthetic_trace,0.0025,4.0,"l1=0.0025,l2x4",B,learned,binary,count,False,spearman,0,300.0,115706,115706.0,15055.0,15055.0,255647.0,0.7137263492237342,nan,0.025160514321352277,15055.0,0.0,0.0,0.3315177681833278,nan,1.0
synthetic_trace,0.0025,4.0,"l1=0.0025,l2x4",B,learned,binary,next_use,False,spearman,0,300.0,115706,115706.0,15055.0,15055.0,255647.0,0.7192652368304733,nan,0.04762085245192638,15055.0,0.0,0.0,0.32527399535038193,nan,1.0
synthetic_trace,0.0025,4.0,"l1=0.0025,l2x4",B,learned,count,binary,False,auc,0,300.0,115854,115854.0,14742.0,14742.0,250355.0,0.6376225759421621,0.45379309732430856,0.4597573018348773,14726.0,16.0,0.001085334418667752,0.31610364943698277,0.6846394132826293,1.0
synthetic_trace,0.0025,4.0,"l1=0.0025,l2x4",B,learned,count,count,True,spearman,0,300.0,115854,115854.0,14742.0,14742.0,250355.0,0.637398893571129,nan,-0.07115382466790725,14742.0,0.0,0.0,0.31542531542531543,nan,1.0
synthetic_trace,0.0025,4.0,"l1=0.0025,l2x4",B,learned,count,next_use,False,spearman,0,300.0,115854,115854.0,14742.0,14742.0,250355.0,0.6374747858041581,nan,-0.08063506274793404,14742.0,0.0,0.0,0.31515398182064847,nan,1.0
synthetic_trace,0.0025,4.0,"l1=0.0025,l2x4",B,learned,next_use,binary,False,auc,0,300.0,116207,116207.0,15026.0,15026.0,255334.0,0.7001613572810514,0.48243090749715367,0.460096458378045,14852.0,174.0,0.011579928124584055,0.3348196459470252,0.6729733369243199,1.0
synthetic_trace,0.0025,4.0,"l1=0.0025,l2x4",B,learned,next_use,count,False,spearman,0,300.0,116207,116207.0,15026.0,15026.0,255334.0,0.6986731105140718,nan,0.06486501085329058,15026.0,0.0,0.0,0.3259017702648742,nan,1.0
synthetic_trace,0.0025,4.0,"l1=0.0025,l2x4",B,learned,next_use,next_use,True,spearman,0,300.0,116207,116207.0,15026.0,15026.0,255334.0,0.6989864256229096,nan,-0.10134232399101457,15026.0,0.0,0.0,0.324437641421536,nan,1.0
synthetic_trace,0.0025,4.0,"l1=0.0025,l2x4",C_lfu,learned,binary,binary,True,auc,0,300.0,117003,117003.0,15393.0,15393.0,261420.0,0.5506120419248719,0.5298945469401624,0.5354038168034114,15354.0,39.0,0.002533619177548236,0.30254011563697786,0.6992314706265468,1.0
synthetic_trace,0.0025,4.0,"l1=0.0025,l2x4",C_lfu,learned,binary,count,False,spearman,0,300.0,117003,117003.0,15393.0,15393.0,261420.0,0.5492846760003061,nan,-0.05389242049484132,15393.0,0.0,0.0,0.30046124861950235,nan,1.0
synthetic_trace,0.0025,4.0,"l1=0.0025,l2x4",C_lfu,learned,binary,next_use,False,spearman,0,300.0,117003,117003.0,15393.0,15393.0,261420.0,0.5500459031443654,nan,0.006649195715588625,15393.0,0.0,0.0,0.3000064964594296,nan,1.0
synthetic_trace,0.0025,4.0,"l1=0.0025,l2x4",C_lfu,learned,count,binary,False,auc,0,300.0,116486,116486.0,15177.0,15177.0,257802.0,0.5631686332922166,0.5636762748585022,0.5604297845412274,15158.0,19.0,0.0012518943137642484,0.30651643934901496,0.6943528169943264,1.0
synthetic_trace,0.0025,4.0,"l1=0.0025,l2x4",C_lfu,learned,count,count,True,spearman,0,300.0,116486,116486.0,15177.0,15177.0,257802.0,0.5628156492191682,nan,0.29952363519668185,15177.0,0.0,0.0,0.305396323384068,nan,1.0
synthetic_trace,0.0025,4.0,"l1=0.0025,l2x4",C_lfu,learned,count,next_use,False,spearman,0,300.0,116486,116486.0,15177.0,15177.0,257802.0,0.5630406280789133,nan,0.16995309887474574,15177.0,0.0,0.0,0.30533043420965933,nan,1.0
synthetic_trace,0.0025,4.0,"l1=0.0025,l2x4",C_lfu,learned,next_use,binary,False,auc,0,300.0,116648,116648.0,15178.0,15178.0,257827.0,0.6426324628529984,0.43022682581108423,0.42962503868339136,15070.0,108.0,0.007115561997628146,0.30972460139675845,0.695222295952223,1.0
synthetic_trace,0.0025,4.0,"l1=0.0025,l2x4",C_lfu,learned,next_use,count,False,spearman,0,300.0,116648,116648.0,15178.0,15178.0,257827.0,0.6409957064232994,nan,-0.07606580863026488,15178.0,0.0,0.0,0.30445381473184874,nan,1.0
synthetic_trace,0.0025,4.0,"l1=0.0025,l2x4",C_lfu,learned,next_use,next_use,True,spearman,0,300.0,116648,116648.0,15178.0,15178.0,257827.0,0.6420235274040345,nan,-0.1509292102376695,15178.0,0.0,0.0,0.3035314270654895,nan,1.0
synthetic_trace,0.0025,4.0,"l1=0.0025,l2x4",C_lru,learned,binary,binary,True,auc,0,300.0,117953,117953.0,15357.0,15357.0,260761.0,0.42351808744405794,0.455411615483096,0.4566012093909954,15354.0,3.0,0.0001953506544246923,0.3053330728657941,0.6946669271342059,1.0
synthetic_trace,0.0025,4.0,"l1=0.0025,l2x4",C_lru,learned,binary,count,False,spearman,0,300.0,117953,117953.0,15357.0,15357.0,260761.0,0.42351808744405794,nan,-0.1049507792052886,15354.0,3.0,0.0001953506544246923,0.3053330728657941,nan,1.0
synthetic_trace,0.0025,4.0,"l1=0.0025,l2x4",C_lru,learned,binary,next_use,False,spearman,0,300.0,117953,117953.0,15357.0,15357.0,260761.0,0.42351808744405794,nan,-0.14391122171214482,15354.0,3.0,0.0001953506544246923,0.3053330728657941,nan,1.0
synthetic_trace,0.0025,4.0,"l1=0.0025,l2x4",C_lru,learned,count,binary,False,auc,0,300.0,116500,116500.0,14929.0,14929.0,253504.0,0.6435914226205504,0.5157547857585993,0.5128580491835033,14918.0,11.0,0.0007368209525085405,0.3152923839507,0.6852124949725165,1.0
synthetic_trace,0.0025,4.0,"l1=0.0025,l2x4",C_lru,learned,count,count,True,spearman,0,300.0,116500,116500.0,14929.0,14929.0,253504.0,0.6433744635193133,nan,-0.05705401704900134,14929.0,0.0,0.0,0.31462254672114676,nan,1.0
synthetic_trace,0.0025,4.0,"l1=0.0025,l2x4",C_lru,learned,count,next_use,False,spearman,0,300.0,116500,116500.0,14929.0,14929.0,253504.0,0.6434928048472608,nan,-0.11890476651749961,14929.0,0.0,0.0,0.31455556299819143,nan,1.0
synthetic_trace,0.0025,4.0,"l1=0.0025,l2x4",C_lru,learned,next_use,binary,False,auc,0,300.0,116079,116079.0,14929.0,14929.0,253674.0,0.7455553190315128,0.46791572591861486,0.43771483638386177,14503.0,426.0,0.02853506597896711,0.3545448456025186,0.664414259118803,1.0
synthetic_trace,0.0025,4.0,"l1=0.0025,l2x4",C_lru,learned,next_use,count,False,spearman,0,300.0,116079,116079.0,14929.0,14929.0,253674.0,0.7415777730472969,nan,0.09317478675735325,14929.0,0.0,0.0,0.3349186147766093,nan,1.0
synthetic_trace,0.0025,4.0,"l1=0.0025,l2x4",C_lru,learned,next_use,next_use,True,spearman,0,300.0,116079,116079.0,14929.0,14929.0,253674.0,0.7428392346081979,nan,-0.13396825684407004,14929.0,0.0,0.0,0.33076562395337933,nan,1.0
synthetic_trace,0.0025,4.0,"l1=0.0025,l2x4",C_union,learned,binary,binary,True,auc,0,300.0,117283,117283.0,15390.0,15390.0,261372.0,0.45528212662412193,0.41113478571700346,0.41164207664942914,15386.0,4.0,0.0002599090318388564,0.3019493177387914,0.6981414088900442,1.0
synthetic_trace,0.0025,4.0,"l1=0.0025,l2x4",C_union,learned,binary,count,False,spearman,0,300.0,117283,117283.0,15390.0,15390.0,261372.0,0.45520943329813446,nan,-0.16128610835664084,15388.0,2.0,0.0001299545159194282,0.301819363222872,nan,1.0
synthetic_trace,0.0025,4.0,"l1=0.0025,l2x4",C_union,learned,binary,next_use,False,spearman,0,300.0,117283,117283.0,15390.0,15390.0,261372.0,0.45522856312076276,nan,-0.1598706106735884,15388.0,2.0,0.0001299545159194282,0.301819363222872,nan,1.0
synthetic_trace,0.0025,4.0,"l1=0.0025,l2x4",C_union,learned,count,binary,False,auc,0,300.0,116658,116658.0,15218.0,15218.0,258518.0,0.5707842393953225,0.6014565094706732,0.6001115228893098,15196.0,22.0,0.0014456564594559074,0.30733342094887633,0.6936693866807054,1.0
synthetic_trace,0.0025,4.0,"l1=0.0025,l2x4",C_union,learned,count,count,True,spearman,0,300.0,116658,116658.0,15218.0,15218.0,258518.0,0.5704438375664364,nan,0.3422652328422239,15218.0,0.0,0.0,0.3060848994611644,nan,1.0
synthetic_trace,0.0025,4.0,"l1=0.0025,l2x4",C_union,learned,count,next_use,False,spearman,0,300.0,116658,116658.0,15218.0,15218.0,258518.0,0.5706643251146922,nan,0.2467259880517306,15218.0,0.0,0.0,0.3059534761466684,nan,1.0
synthetic_trace,0.0025,4.0,"l1=0.0025,l2x4",C_union,learned,next_use,binary,False,auc,0,300.0,117076,117076.0,15123.0,15123.0,256901.0,0.6404256892732998,0.4961935755613224,0.4958964038673913,15084.0,39.0,0.002578853402102757,0.30959465714474643,0.6921904004242906,1.0
synthetic_trace,0.0025,4.0,"l1=0.0025,l2x4",C_union,learned,next_use,count,False,spearman,0,300.0,117076,117076.0,15123.0,15123.0,256901.0,0.639837914215982,nan,0.08527090400230555,15123.0,0.0,0.0,0.30780929709713684,nan,1.0
synthetic_trace,0.0025,4.0,"l1=0.0025,l2x4",C_union,learned,next_use,next_use,True,spearman,0,300.0,117076,117076.0,15123.0,15123.0,256901.0,0.640199921370489,nan,-0.023302917044918978,15123.0,0.0,0.0,0.30721417708126697,nan,1.0
synthetic_trace,0.0025,4.0,"l1=0.0025,l2x4",lfu_s,sampled,,binary,False,auc,0,300.0,114869,114869.0,15021.0,15021.0,255062.0,0.8789274764567047,0.5973925517551755,0.5906417470601169,12918.0,2103.0,0.14000399440782904,0.4546967578723121,0.6340764824276204,1.0
synthetic_trace,0.0025,4.0,"l1=0.0025,l2x4",lfu_s,sampled,,count,False,spearman,0,300.0,114869,114869.0,15021.0,15021.0,255062.0,0.8333385608205064,nan,0.24656324453305042,15021.0,0.0,0.0,0.3613607616004261,nan,1.0
synthetic_trace,0.0025,4.0,"l1=0.0025,l2x4",lfu_s,sampled,,next_use,False,spearman,0,300.0,114869,114869.0,15021.0,15021.0,255062.0,0.8556037355623338,nan,0.009952995300120811,15021.0,0.0,0.0,0.3177551428000799,nan,1.0
synthetic_trace,0.0025,4.0,"l1=0.0025,l2x4",lru_2hit_s,sampled,,binary,False,auc,0,300.0,71486,71486.0,11527.0,11527.0,195943.0,0.7918068009574213,0.5069303299356633,0.5181279701887828,9667.0,1860.0,0.161360284549319,0.37164917151036697,0.7492500258611772,1.0
synthetic_trace,0.0025,4.0,"l1=0.0025,l2x4",lru_2hit_s,sampled,,count,False,spearman,0,300.0,71486,71486.0,11527.0,11527.0,195943.0,0.7498098936935742,nan,0.014057407942713419,11520.0,7.0,0.0006072698880888349,0.27205690986379805,nan,1.0
synthetic_trace,0.0025,4.0,"l1=0.0025,l2x4",lru_2hit_s,sampled,,next_use,False,spearman,0,300.0,71486,71486.0,11527.0,11527.0,195943.0,0.759919976727926,nan,-0.01229921873794627,11522.0,5.0,0.0004337642057777392,0.23197709724993493,nan,1.0
synthetic_trace,0.0025,4.0,"l1=0.0025,l2x4",lru_s,sampled,,binary,False,auc,0,300.0,115528,115528.0,15103.0,15103.0,256490.0,0.695095325353815,0.5036192221195676,0.5042777111795537,14308.0,795.0,0.05263854863272197,0.36224591140832946,0.6731898238747553,1.0
synthetic_trace,0.0025,4.0,"l1=0.0025,l2x4",lru_s,sampled,,count,False,spearman,0,300.0,115528,115528.0,15103.0,15103.0,256490.0,0.6834574447346875,nan,-0.0021458951578844287,15099.0,3.0,0.00019863603257630935,0.32609415347944115,nan,1.0
synthetic_trace,0.0025,4.0,"l1=0.0025,l2x4",lru_s,sampled,,next_use,False,spearman,0,300.0,115528,115528.0,15103.0,15103.0,256490.0,0.6829778938750048,nan,-0.004499004070196564,15099.0,3.0,0.00019863603257630935,0.3168906839700722,nan,1.0
synthetic_trace,0.01,1.0,"l1=0.01,l2x1",A_none,learned,binary,binary,True,auc,0,300.0,114051,114051.0,15117.0,15117.0,256711.0,0.5273790371273533,0.5805470361762683,0.5788644563693363,15113.0,4.0,0.0002646027650988953,0.3098498379308064,0.6903328260438033,1.0
synthetic_trace,0.01,1.0,"l1=0.01,l2x1",A_none,learned,binary,count,False,spearman,0,300.0,114051,114051.0,15117.0,15117.0,256711.0,0.5273322919547663,nan,0.1847797415525162,15117.0,0.0,0.0,0.3096513858569822,nan,1.0
synthetic_trace,0.01,1.0,"l1=0.01,l2x1",A_none,learned,binary,next_use,False,spearman,0,300.0,114051,114051.0,15117.0,15117.0,256711.0,0.5272621741958856,nan,0.034729979886018836,15117.0,0.0,0.0,0.30958523516570746,nan,1.0
synthetic_trace,0.01,1.0,"l1=0.01,l2x1",A_none,learned,count,binary,False,auc,0,300.0,113793,113793.0,14904.0,14904.0,253131.0,0.5563680465845748,0.4956992078311035,0.49606680638117334,14897.0,7.0,0.0004696725711218465,0.31105743424584004,0.6892662952272269,1.0
synthetic_trace,0.01,1.0,"l1=0.01,l2x1",A_none,learned,count,count,True,spearman,0,300.0,113793,113793.0,14904.0,14904.0,253131.0,0.5561231141187765,nan,0.14117793984146193,14904.0,0.0,0.0,0.31072195383789586,nan,1.0
synthetic_trace,0.01,1.0,"l1=0.01,l2x1",A_none,learned,count,next_use,False,spearman,0,300.0,113793,113793.0,14904.0,14904.0,253131.0,0.5562692834935271,nan,0.06360428316285548,14904.0,0.0,0.0,0.3105877616747182,nan,1.0
synthetic_trace,0.01,1.0,"l1=0.01,l2x1",A_none,learned,next_use,binary,False,auc,0,300.0,113813,113813.0,14924.0,14924.0,253569.0,0.6709968489839058,0.556671704457756,0.5542810876621512,14884.0,40.0,0.002680246582685607,0.32062449745376576,0.681201289975813,1.0
synthetic_trace,0.01,1.0,"l1=0.01,l2x1",A_none,learned,next_use,count,False,spearman,0,300.0,113813,113813.0,14924.0,14924.0,253569.0,0.6705038865160962,nan,0.31747072001808685,14924.0,0.0,0.0,0.31874832484588583,nan,1.0
synthetic_trace,0.01,1.0,"l1=0.01,l2x1",A_none,learned,next_use,next_use,True,spearman,0,300.0,113813,113813.0,14924.0,14924.0,253569.0,0.6704486747197015,nan,0.27510266750463697,14924.0,0.0,0.0,0.31807826320021443,nan,1.0
synthetic_trace,0.01,1.0,"l1=0.01,l2x1",A_pd,learned,binary,binary,True,auc,0,300.0,114258,114258.0,15080.0,15080.0,256080.0,0.793939393939394,0.5338332175674476,0.5283007016136854,14343.0,737.0,0.04887267904509284,0.3577586206896552,0.6752422784633619,1.0
synthetic_trace,0.01,1.0,"l1=0.01,l2x1",A_pd,learned,binary,count,False,spearman,0,300.0,114258,114258.0,15080.0,15080.0,256080.0,0.7867814745392065,nan,0.08880126035982018,15080.0,0.0,0.0,0.32427055702917773,nan,1.0
synthetic_trace,0.01,1.0,"l1=0.01,l2x1",A_pd,learned,binary,next_use,False,spearman,0,300.0,114258,114258.0,15080.0,15080.0,256080.0,0.7892572633552015,nan,-0.07772409811351197,15080.0,0.0,0.0,0.3163793103448276,nan,1.0
synthetic_trace,0.01,1.0,"l1=0.01,l2x1",A_pd,learned,count,binary,False,auc,0,300.0,113289,113289.0,15020.0,15020.0,255112.0,0.838639499513939,0.660280746589457,0.6655574540544312,13729.0,1291.0,0.08595206391478029,0.3948735019973369,0.6620292810838372,1.0
synthetic_trace,0.01,1.0,"l1=0.01,l2x1",A_pd,learned,count,count,True,spearman,0,300.0,113289,113289.0,15020.0,15020.0,255112.0,0.8255824892596193,nan,0.11348429668672459,15020.0,0.0,0.0,0.340878828229028,nan,1.0
synthetic_trace,0.01,1.0,"l1=0.01,l2x1",A_pd,learned,count,next_use,False,spearman,0,300.0,113289,113289.0,15020.0,15020.0,255112.0,0.8302235880711217,nan,-0.11281111914585587,15020.0,0.0,0.0,0.32503328894806927,nan,1.0
synthetic_trace,0.01,1.0,"l1=0.01,l2x1",A_pd,learned,next_use,binary,False,auc,0,300.0,113123,113123.0,14844.0,14844.0,252153.0,0.7861100205034245,0.6255630235802258,0.6241287755497978,14512.0,332.0,0.022365939099973052,0.3358259229318243,0.6793687982359427,1.0
synthetic_trace,0.01,1.0,"l1=0.01,l2x1",A_pd,learned,next_use,count,False,spearman,0,300.0,113123,113123.0,14844.0,14844.0,252153.0,0.7810535666837198,nan,0.14255242395107937,14844.0,0.0,0.0,0.3208703853408785,nan,1.0
synthetic_trace,0.01,1.0,"l1=0.01,l2x1",A_pd,learned,next_use,next_use,True,spearman,0,300.0,113123,113123.0,14844.0,14844.0,252153.0,0.7833934159022499,nan,-0.0188926430242758,14844.0,0.0,0.0,0.3138641875505255,nan,1.0
synthetic_trace,0.01,1.0,"l1=0.01,l2x1",B,learned,binary,binary,True,auc,0,300.0,114675,114675.0,15077.0,15077.0,256011.0,0.4393756518274605,0.33115755249994533,0.3325778378385413,15077.0,0.0,0.0,0.30854944617629504,0.691450553823705,1.0
synthetic_trace,0.01,1.0,"l1=0.01,l2x1",B,learned,binary,count,False,spearman,0,300.0,114675,114675.0,15077.0,15077.0,256011.0,0.4393756518274605,nan,-0.30568561779159154,15077.0,0.0,0.0,0.30854944617629504,nan,1.0
synthetic_trace,0.01,1.0,"l1=0.01,l2x1",B,learned,binary,next_use,False,spearman,0,300.0,114675,114675.0,15077.0,15077.0,256011.0,0.4393756518274605,nan,-0.3213108171766876,15077.0,0.0,0.0,0.30854944617629504,nan,1.0
synthetic_trace,0.01,1.0,"l1=0.01,l2x1",B,learned,count,binary,False,auc,0,300.0,113823,113823.0,14986.0,14986.0,254484.0,0.5772190000157181,0.48673396421846526,0.4853455442798659,14984.0,2.0,0.00013345789403443215,0.31215801414653677,0.6879337960491191,1.0
synthetic_trace,0.01,1.0,"l1=0.01,l2x1",B,learned,count,count,True,spearman,0,300.0,113823,113823.0,14986.0,14986.0,254484.0,0.577148268653432,nan,-0.012661807719174153,14986.0,0.0,0.0,0.31209128519951956,nan,1.0
synthetic_trace,0.01,1.0,"l1=0.01,l2x1",B,learned,count,next_use,False,spearman,0,300.0,113823,113823.0,14986.0,14986.0,254484.0,0.5772032819352101,nan,-0.09171703893583853,14986.0,0.0,0.0,0.31209128519951956,nan,1.0
synthetic_trace,0.01,1.0,"l1=0.01,l2x1",B,learned,next_use,binary,False,auc,0,300.0,112504,112504.0,14850.0,14850.0,252324.0,0.6684976458838636,0.4920031865429473,0.4796361812469471,14762.0,88.0,0.005925925925925926,0.3294949494949495,0.6745020999864517,1.0
synthetic_trace,0.01,1.0,"l1=0.01,l2x1",B,learned,next_use,count,False,spearman,0,300.0,112504,112504.0,14850.0,14850.0,252324.0,0.6677961668331194,nan,0.004368342259496015,14850.0,0.0,0.0,0.32545454545454544,nan,1.0
synthetic_trace,0.01,1.0,"l1=0.01,l2x1",B,learned,next_use,next_use,True,spearman,0,300.0,112504,112504.0,14850.0,14850.0,252324.0,0.6679784721231432,nan,-0.10556307486212461,14850.0,0.0,0.0,0.3246464646464646,nan,1.0
synthetic_trace,0.01,1.0,"l1=0.01,l2x1",C_lfu,learned,binary,binary,True,auc,0,300.0,113327,113327.0,15130.0,15130.0,256959.0,0.5907596153471955,0.4916150577379809,0.4971249485527931,15108.0,22.0,0.0014540647719762062,0.3085922009253139,0.6924146147736299,1.0
synthetic_trace,0.01,1.0,"l1=0.01,l2x1",C_lfu,learned,binary,count,False,spearman,0,300.0,113327,113327.0,15130.0,15130.0,256959.0,0.5902264563607423,nan,-0.10271149726566237,15130.0,0.0,0.0,0.3073364177131527,nan,1.0
synthetic_trace,0.01,1.0,"l1=0.01,l2x1",C_lfu,learned,binary,next_use,False,spearman,0,300.0,113327,113327.0,15130.0,15130.0,256959.0,0.5903665565323651,nan,0.0007386123476053366,15130.0,0.0,0.0,0.30713813615333774,nan,1.0
synthetic_trace,0.01,1.0,"l1=0.01,l2x1",C_lfu,learned,count,binary,False,auc,0,300.0,112690,112690.0,14847.0,14847.0,252172.0,0.5736362482749869,0.5533597252334802,0.5490433608691884,14833.0,14.0,0.000942951438000943,0.3142722435508857,0.686374974718533,1.0
synthetic_trace,0.01,1.0,"l1=0.01,l2x1",C_lfu,learned,count,count,True,spearman,0,300.0,112690,112690.0,14847.0,14847.0,252172.0,0.573358659962248,nan,0.3029658240591937,14847.0,0.0,0.0,0.3136660604835994,nan,1.0
synthetic_trace,0.01,1.0,"l1=0.01,l2x1",C_lfu,learned,count,next_use,False,spearman,0,300.0,112690,112690.0,14847.0,14847.0,252172.0,0.573560902875815,nan,0.158562100932818,14847.0,0.0,0.0,0.3133966457870277,nan,1.0
synthetic_trace,0.01,1.0,"l1=0.01,l2x1",C_lfu,learned,next_use,binary,False,auc,0,300.0,112993,112993.0,14934.0,14934.0,253670.0,0.6419639689360193,0.43297605030286107,0.43087334627698065,14851.0,83.0,0.005557787598767912,0.3144502477567966,0.6893811864520908,1.0
synthetic_trace,0.01,1.0,"l1=0.01,l2x1",C_lfu,learned,next_use,count,False,spearman,0,300.0,112993,112993.0,14934.0,14934.0,253670.0,0.6401151101825207,nan,-0.07218897174517011,14934.0,0.0,0.0,0.310365608678184,nan,1.0
synthetic_trace,0.01,1.0,"l1=0.01,l2x1",C_lfu,learned,next_use,next_use,True,spearman,0,300.0,112993,112993.0,14934.0,14934.0,253670.0,0.6413884180234163,nan,-0.13666377261971055,14934.0,0.0,0.0,0.3095620731217356,nan,1.0
synthetic_trace,0.01,1.0,"l1=0.01,l2x1",C_lru,learned,binary,binary,True,auc,0,300.0,114555,114555.0,15080.0,15080.0,256056.0,0.4191231605586278,0.40366686912397964,0.4061904891810454,15076.0,4.0,0.0002652519893899204,0.3064986737400531,0.693501326259947,1.0
synthetic_trace,0.01,1.0,"l1=0.01,l2x1",C_lru,learned,binary,count,False,spearman,0,300.0,114555,114555.0,15080.0,15080.0,256056.0,0.4191231605586278,nan,-0.20042498527228642,15076.0,4.0,0.0002652519893899204,0.3064986737400531,nan,1.0
synthetic_trace,0.01,1.0,"l1=0.01,l2x1",C_lru,learned,binary,next_use,False,spearman,0,300.0,114555,114555.0,15080.0,15080.0,256056.0,0.4191231605586278,nan,-0.216146264651019,15076.0,4.0,0.0002652519893899204,0.3064986737400531,nan,1.0
synthetic_trace,0.01,1.0,"l1=0.01,l2x1",C_lru,learned,count,binary,False,auc,0,300.0,113212,113212.0,14980.0,14980.0,254368.0,0.5874481066800855,0.5356841743850831,0.5345394910913519,14980.0,0.0,0.0,0.3116154873164219,0.6883845126835781,1.0
synthetic_trace,0.01,1.0,"l1=0.01,l2x1",C_lru,learned,count,count,True,spearman,0,300.0,113212,113212.0,14980.0,14980.0,254368.0,0.5874481066800855,nan,0.03958594911773862,14980.0,0.0,0.0,0.3116154873164219,nan,1.0
synthetic_trace,0.01,1.0,"l1=0.01,l2x1",C_lru,learned,count,next_use,False,spearman,0,300.0,113212,113212.0,14980.0,14980.0,254368.0,0.5874481066800855,nan,-0.030556234513709993,14980.0,0.0,0.0,0.3116154873164219,nan,1.0
synthetic_trace,0.01,1.0,"l1=0.01,l2x1",C_lru,learned,next_use,binary,False,auc,0,300.0,112277,112277.0,14825.0,14825.0,251910.0,0.6614544877138661,0.4938708657864714,0.48412398161140285,14757.0,68.0,0.0045868465430016865,0.3284991568296796,0.6745951074066545,1.0
synthetic_trace,0.01,1.0,"l1=0.01,l2x1",C_lru,learned,next_use,count,False,spearman,0,300.0,112277,112277.0,14825.0,14825.0,251910.0,0.6608987336747251,nan,0.01751119971465318,14825.0,0.0,0.0,0.32499156829679593,nan,1.0
synthetic_trace,0.01,1.0,"l1=0.01,l2x1",C_lru,learned,next_use,next_use,True,spearman,0,300.0,112277,112277.0,14825.0,14825.0,251910.0,0.6610257631693859,nan,-0.0960286058388628,14825.0,0.0,0.0,0.3243170320404722,nan,1.0
synthetic_trace,0.01,1.0,"l1=0.01,l2x1",C_union,learned,binary,binary,True,auc,0,300.0,113476,113476.0,15125.0,15125.0,256857.0,0.47368380071401595,0.4352445876186739,0.4353182603860558,15119.0,6.0,0.00039669421487603304,0.3068429752066116,0.6934321052979694,1.0
synthetic_trace,0.01,1.0,"l1=0.01,l2x1",C_union,learned,binary,count,False,spearman,0,300.0,113476,113476.0,15125.0,15125.0,256857.0,0.47345410091996715,nan,-0.10253934943549435,15125.0,0.0,0.0,0.3065785123966942,nan,1.0
synthetic_trace,0.01,1.0,"l1=0.01,l2x1",C_union,learned,binary,next_use,False,spearman,0,300.0,113476,113476.0,15125.0,15125.0,256857.0,0.4735670042085674,nan,-0.13956548949718917,15125.0,0.0,0.0,0.30644628099173554,nan,1.0
synthetic_trace,0.01,1.0,"l1=0.01,l2x1",C_union,learned,count,binary,False,auc,0,300.0,112895,112895.0,14886.0,14886.0,252855.0,0.5647149552114848,0.6019235347331333,0.5975494544183101,14851.0,35.0,0.0023512024721214562,0.31566572618567784,0.6859470742710928,1.0
synthetic_trace,0.01,1.0,"l1=0.01,l2x1",C_union,learned,count,count,True,spearman,0,300.0,112895,112895.0,14886.0,14886.0,252855.0,0.5639912202645785,nan,0.3510576201793061,14886.0,0.0,0.0,0.3137847642079806,nan,1.0
synthetic_trace,0.01,1.0,"l1=0.01,l2x1",C_union,learned,count,next_use,False,spearman,0,300.0,112895,112895.0,14886.0,14886.0,252855.0,0.5644816199007336,nan,0.2505604829305858,14886.0,0.0,0.0,0.3135832325675131,nan,1.0
synthetic_trace,0.01,1.0,"l1=0.01,l2x1",C_union,learned,next_use,binary,False,auc,0,300.0,113463,113463.0,14927.0,14927.0,253573.0,0.5852831334566377,0.4988400472781789,0.49875251824158096,14926.0,1.0,6.699269779594024e-05,0.30950626381724394,0.6905399973201125,1.0
synthetic_trace,0.01,1.0,"l1=0.01,l2x1",C_union,learned,next_use,count,False,spearman,0,300.0,113463,113463.0,14927.0,14927.0,253573.0,0.5852634152689759,nan,0.09926195265142476,14927.0,0.0,0.0,0.30950626381724394,nan,1.0
synthetic_trace,0.01,1.0,"l1=0.01,l2x1",C_union,learned,next_use,next_use,True,spearman,0,300.0,113463,113463.0,14927.0,14927.0,253573.0,0.5852791898191053,nan,0.021430725222570012,14927.0,0.0,0.0,0.30943927111944797,nan,1.0
synthetic_trace,0.01,1.0,"l1=0.01,l2x1",lfu_s,sampled,,binary,False,auc,0,300.0,111100,111100.0,14763.0,14763.0,250680.0,0.8734362533907771,0.5954452817342019,0.5886260832520376,12836.0,1927.0,0.13052902526586738,0.44841834315518525,0.6343876597070739,1.0
synthetic_trace,0.01,1.0,"l1=0.01,l2x1",lfu_s,sampled,,count,False,spearman,0,300.0,111100,111100.0,14763.0,14763.0,250680.0,0.8276208712302537,nan,0.23242755384491612,14763.0,0.0,0.0,0.3627988891146786,nan,1.0
synthetic_trace,0.01,1.0,"l1=0.01,l2x1",lfu_s,sampled,,next_use,False,spearman,0,300.0,111100,111100.0,14763.0,14763.0,250680.0,0.8510052656773576,nan,0.0008291558722014787,14763.0,0.0,0.0,0.32195353247984826,nan,1.0
synthetic_trace,0.01,1.0,"l1=0.01,l2x1",lru_2hit_s,sampled,,binary,False,auc,0,300.0,67839,67839.0,11502.0,11502.0,195518.0,0.7880604343334118,0.5041444997425777,0.512586252318441,9727.0,1775.0,0.15432098765432098,0.3684576595374717,0.7467872931016758,1.0
synthetic_trace,0.01,1.0,"l1=0.01,l2x1",lru_2hit_s,sampled,,count,False,spearman,0,300.0,67839,67839.0,11502.0,11502.0,195518.0,0.7483147331703475,nan,0.017726064860739976,11492.0,10.0,0.000869414014953921,0.27064858285515564,nan,1.0
synthetic_trace,0.01,1.0,"l1=0.01,l2x1",lru_2hit_s,sampled,,next_use,False,spearman,0,300.0,67839,67839.0,11502.0,11502.0,195518.0,0.7561503288699761,nan,-0.027827176950111936,11493.0,9.0,0.000782472613458529,0.23387237002260478,nan,1.0
synthetic_trace,0.01,1.0,"l1=0.01,l2x1",lru_s,sampled,,binary,False,auc,0,300.0,111769,111769.0,14981.0,14981.0,254417.0,0.6875012282984234,0.5037818610166076,0.5058741988768731,14209.0,772.0,0.05153194045791336,0.37173753420999933,0.6623970722781336,1.0
synthetic_trace,0.01,1.0,"l1=0.01,l2x1",lru_s,sampled,,count,False,spearman,0,300.0,111769,111769.0,14981.0,14981.0,254417.0,0.6764131327702159,nan,0.007629258969304581,14974.0,7.0,0.00046725852746812627,0.3363593885588412,nan,1.0
synthetic_trace,0.01,1.0,"l1=0.01,l2x1",lru_s,sampled,,next_use,False,spearman,0,300.0,111769,111769.0,14981.0,14981.0,254417.0,0.6749077302224301,nan,-0.010522634684118647,14974.0,7.0,0.00046725852746812627,0.3271477204458981,nan,1.0
synthetic_trace,0.01,4.0,"l1=0.01,l2x4",A_none,learned,binary,binary,True,auc,0,300.0,107449,107449.0,14752.0,14752.0,250639.0,0.4922737482993469,0.48632266879244,0.48620205624921403,14751.0,1.0,6.778741865509762e-05,0.31195770065075923,0.6880422993492408,1.0
synthetic_trace,0.01,4.0,"l1=0.01,l2x4",A_none,learned,binary,count,False,spearman,0,300.0,107449,107449.0,14752.0,14752.0,250639.0,0.4922737482993469,nan,-0.060273495142860206,14751.0,1.0,6.778741865509762e-05,0.31195770065075923,nan,1.0
synthetic_trace,0.01,4.0,"l1=0.01,l2x4",A_none,learned,binary,next_use,False,spearman,0,300.0,107449,107449.0,14752.0,14752.0,250639.0,0.4922737482993469,nan,-0.14151210434974557,14751.0,1.0,6.778741865509762e-05,0.31195770065075923,nan,1.0
synthetic_trace,0.01,4.0,"l1=0.01,l2x4",A_none,learned,count,binary,False,auc,0,300.0,107215,107215.0,14640.0,14640.0,248704.0,0.4511387030365414,0.5161284084906822,0.5160655346285469,14640.0,0.0,0.0,0.319672131147541,0.680327868852459,1.0
synthetic_trace,0.01,4.0,"l1=0.01,l2x4",A_none,learned,count,count,True,spearman,0,300.0,107215,107215.0,14640.0,14640.0,248704.0,0.4511387030365414,nan,0.059957410928584254,14640.0,0.0,0.0,0.319672131147541,nan,1.0
synthetic_trace,0.01,4.0,"l1=0.01,l2x4",A_none,learned,count,next_use,False,spearman,0,300.0,107215,107215.0,14640.0,14640.0,248704.0,0.4511387030365414,nan,0.08677171956889508,14640.0,0.0,0.0,0.319672131147541,nan,1.0
synthetic_trace,0.01,4.0,"l1=0.01,l2x4",A_none,learned,next_use,binary,False,auc,0,300.0,106873,106873.0,14514.0,14514.0,246552.0,0.5178948051526656,0.4387975588804802,0.4386645813268385,14514.0,0.0,0.0,0.3194846355243213,0.6805153644756786,1.0
synthetic_trace,0.01,4.0,"l1=0.01,l2x4",A_none,learned,next_use,count,False,spearman,0,300.0,106873,106873.0,14514.0,14514.0,246552.0,0.5178948051526656,nan,-0.03766353885345514,14514.0,0.0,0.0,0.3194846355243213,nan,1.0
synthetic_trace,0.01,4.0,"l1=0.01,l2x4",A_none,learned,next_use,next_use,True,spearman,0,300.0,106873,106873.0,14514.0,14514.0,246552.0,0.5178948051526656,nan,-0.11894139223085592,14514.0,0.0,0.0,0.3194846355243213,nan,1.0
synthetic_trace,0.01,4.0,"l1=0.01,l2x4",A_pd,learned,binary,binary,True,auc,0,300.0,104861,104861.0,13992.0,13992.0,237697.0,0.7284694379819686,0.5661289309310995,0.567417532199396,13899.0,93.0,0.0066466552315608916,0.3231132075471698,0.6814159292035398,1.0
synthetic_trace,0.01,4.0,"l1=0.01,l2x4",A_pd,learned,binary,count,False,spearman,0,300.0,104861,104861.0,13992.0,13992.0,237697.0,0.7273125028923377,nan,0.15060730194158362,13992.0,0.0,0.0,0.3187535734705546,nan,1.0
synthetic_trace,0.01,4.0,"l1=0.01,l2x4",A_pd,learned,binary,next_use,False,spearman,0,300.0,104861,104861.0,13992.0,13992.0,237697.0,0.7279730076525998,nan,0.031130773031917004,13992.0,0.0,0.0,0.3168238993710692,nan,1.0
synthetic_trace,0.01,4.0,"l1=0.01,l2x4",A_pd,learned,count,binary,False,auc,0,300.0,104227,104227.0,13965.0,13965.0,237220.0,0.7586923530899586,0.5924593402175752,0.5920801797697728,13796.0,169.0,0.012101682778374508,0.33118510562119585,0.6770078283560452,1.0
synthetic_trace,0.01,4.0,"l1=0.01,l2x4",A_pd,learned,count,count,True,spearman,0,300.0,104227,104227.0,13965.0,13965.0,237220.0,0.7565466655425344,nan,0.16714016349873131,13965.0,0.0,0.0,0.3233082706766917,nan,1.0
synthetic_trace,0.01,4.0,"l1=0.01,l2x4",A_pd,learned,count,next_use,False,spearman,0,300.0,104227,104227.0,13965.0,13965.0,237220.0,0.7577522974454093,nan,0.021709164531116855,13965.0,0.0,0.0,0.3197278911564626,nan,1.0
synthetic_trace,0.01,4.0,"l1=0.01,l2x4",A_pd,learned,next_use,binary,False,auc,0,300.0,103464,103464.0,13810.0,13810.0,234600.0,0.7467007672634272,0.6304761824093015,0.6307235596753565,13705.0,105.0,0.007603186097031137,0.33736422881969585,0.6677125136811383,1.0
synthetic_trace,0.01,4.0,"l1=0.01,l2x4",A_pd,learned,next_use,count,False,spearman,0,300.0,103464,103464.0,13810.0,13810.0,234600.0,0.7453367433930094,nan,0.23050947371220562,13810.0,0.0,0.0,0.3322954380883418,nan,1.0
synthetic_trace,0.01,4.0,"l1=0.01,l2x4",A_pd,learned,next_use,next_use,True,spearman,0,300.0,103464,103464.0,13810.0,13810.0,234600.0,0.7461125319693095,nan,0.08975098610845436,13810.0,0.0,0.0,0.33041274438812457,nan,1.0
synthetic_trace,0.01,4.0,"l1=0.01,l2x4",B,learned,binary,binary,True,auc,0,300.0,109309,109309.0,14452.0,14452.0,245538.0,0.4387589700983147,0.47650322539247536,0.4764908663525637,14452.0,0.0,0.0,0.3222391364517022,0.6777608635482978,1.0
synthetic_trace,0.01,4.0,"l1=0.01,l2x4",B,learned,binary,count,False,spearman,0,300.0,109309,109309.0,14452.0,14452.0,245538.0,0.4387589700983147,nan,-0.06344765574638606,14452.0,0.0,0.0,0.3222391364517022,nan,1.0
synthetic_trace,0.01,4.0,"l1=0.01,l2x4",B,learned,binary,next_use,False,spearman,0,300.0,109309,109309.0,14452.0,14452.0,245538.0,0.4387589700983147,nan,-0.05656428686625384,14452.0,0.0,0.0,0.3222391364517022,nan,1.0
synthetic_trace,0.01,4.0,"l1=0.01,l2x4",B,learned,count,binary,False,auc,0,300.0,107257,107257.0,14126.0,14126.0,239975.0,0.5913407646629857,0.43295887268698013,0.4326493729476031,14125.0,1.0,7.079144839303412e-05,0.3323658502052952,0.6676814159292035,1.0
synthetic_trace,0.01,4.0,"l1=0.01,l2x4",B,learned,count,count,True,spearman,0,300.0,107257,107257.0,14126.0,14126.0,239975.0,0.5913032607563288,nan,-0.10043038803413647,14126.0,0.0,0.0,0.3322950587569022,nan,1.0
synthetic_trace,0.01,4.0,"l1=0.01,l2x4",B,learned,count,next_use,False,spearman,0,300.0,107257,107257.0,14126.0,14126.0,239975.0,0.5913282633607667,nan,-0.12229841246173657,14126.0,0.0,0.0,0.3322950587569022,nan,1.0
synthetic_trace,0.01,4.0,"l1=0.01,l2x4",B,learned,next_use,binary,False,auc,0,300.0,103630,103630.0,13741.0,13741.0,233392.0,0.7101271680263248,0.5165388499755661,0.5154315331232934,13702.0,39.0,0.002838221381267739,0.3436431118550324,0.6582250766311487,1.0
synthetic_trace,0.01,4.0,"l1=0.01,l2x4",B,learned,next_use,count,False,spearman,0,300.0,103630,103630.0,13741.0,13741.0,233392.0,0.7093473640913142,nan,0.07151380546047878,13741.0,0.0,0.0,0.34145986463867256,nan,1.0
synthetic_trace,0.01,4.0,"l1=0.01,l2x4",B,learned,next_use,next_use,True,spearman,0,300.0,103630,103630.0,13741.0,13741.0,233392.0,0.7099129361760471,nan,0.009847187751431544,13741.0,0.0,0.0,0.3409504402881886,nan,1.0
synthetic_trace,0.01,4.0,"l1=0.01,l2x4",C_lfu,learned,binary,binary,True,auc,0,300.0,107341,107341.0,14736.0,14736.0,250377.0,0.4932162299252727,0.5301160480878087,0.5302191025464387,14736.0,0.0,0.0,0.31745385450597174,0.6825461454940283,1.0
synthetic_trace,0.01,4.0,"l1=0.01,l2x4",C_lfu,learned,binary,count,False,spearman,0,300.0,107341,107341.0,14736.0,14736.0,250377.0,0.4932162299252727,nan,0.03257165138244646,14736.0,0.0,0.0,0.31745385450597174,nan,1.0
synthetic_trace,0.01,4.0,"l1=0.01,l2x4",C_lfu,learned,binary,next_use,False,spearman,0,300.0,107341,107341.0,14736.0,14736.0,250377.0,0.4932162299252727,nan,-0.08293142090340568,14736.0,0.0,0.0,0.31745385450597174,nan,1.0
synthetic_trace,0.01,4.0,"l1=0.01,l2x4",C_lfu,learned,count,binary,False,auc,0,300.0,105755,105755.0,14523.0,14523.0,246729.0,0.5613851634789587,0.5277683821818125,0.5280084116337475,14519.0,4.0,0.00027542518763340907,0.3305102251600909,0.6696742199876025,1.0
synthetic_trace,0.01,4.0,"l1=0.01,l2x4",C_lfu,learned,count,count,True,spearman,0,300.0,105755,105755.0,14523.0,14523.0,246729.0,0.5612676256135274,nan,0.11985584245342859,14523.0,0.0,0.0,0.3303725125662742,nan,1.0
synthetic_trace,0.01,4.0,"l1=0.01,l2x4",C_lfu,learned,count,next_use,False,spearman,0,300.0,105755,105755.0,14523.0,14523.0,246729.0,0.5613689513595889,nan,0.1381954530193068,14523.0,0.0,0.0,0.33023479997245747,nan,1.0
synthetic_trace,0.01,4.0,"l1=0.01,l2x4",C_lfu,learned,next_use,binary,False,auc,0,300.0,106150,106150.0,14006.0,14006.0,237926.0,0.7384564948765583,0.5497950592666445,0.549896754040893,13918.0,88.0,0.006283021562187634,0.33378552049121807,0.6704267854576808,1.0
synthetic_trace,0.01,4.0,"l1=0.01,l2x4",C_lfu,learned,next_use,count,False,spearman,0,300.0,106150,106150.0,14006.0,14006.0,237926.0,0.7369938552322991,nan,0.1487018912226535,14006.0,0.0,0.0,0.32900185634727974,nan,1.0
synthetic_trace,0.01,4.0,"l1=0.01,l2x4",C_lfu,learned,next_use,next_use,True,spearman,0,300.0,106150,106150.0,14006.0,14006.0,237926.0,0.7379353244286039,nan,-0.025672861148054966,14006.0,0.0,0.0,0.3277166928459232,nan,1.0
synthetic_trace,0.01,4.0,"l1=0.01,l2x4",C_lru,learned,binary,binary,True,auc,0,300.0,107296,107296.0,14388.0,14388.0,244438.0,0.5671417701012118,0.42439351086137705,0.4248859755786101,14388.0,0.0,0.0,0.3126216291353906,0.6873783708646094,1.0
synthetic_trace,0.01,4.0,"l1=0.01,l2x4",C_lru,learned,binary,count,False,spearman,0,300.0,107296,107296.0,14388.0,14388.0,244438.0,0.5671417701012118,nan,-0.1676159352711108,14388.0,0.0,0.0,0.3126216291353906,nan,1.0
synthetic_trace,0.01,4.0,"l1=0.01,l2x4",C_lru,learned,binary,next_use,False,spearman,0,300.0,107296,107296.0,14388.0,14388.0,244438.0,0.5671417701012118,nan,-0.12375734693116494,14388.0,0.0,0.0,0.3126216291353906,nan,1.0
synthetic_trace,0.01,4.0,"l1=0.01,l2x4",C_lru,learned,count,binary,False,auc,0,300.0,103818,103818.0,13943.0,13943.0,236831.0,0.627008288610866,0.4880498399167975,0.487644941976936,13937.0,6.0,0.0004303234598006168,0.3320662698128093,0.66822128148095,1.0
synthetic_trace,0.01,4.0,"l1=0.01,l2x4",C_lru,learned,count,count,True,spearman,0,300.0,103818,103818.0,13943.0,13943.0,236831.0,0.626826724541973,nan,-0.015449212339702555,13943.0,0.0,0.0,0.3317076669296421,nan,1.0
synthetic_trace,0.01,4.0,"l1=0.01,l2x4",C_lru,learned,count,next_use,False,spearman,0,300.0,103818,103818.0,13943.0,13943.0,236831.0,0.6269745092492115,nan,-0.0306473088600771,13943.0,0.0,0.0,0.3316359463530087,nan,1.0
synthetic_trace,0.01,4.0,"l1=0.01,l2x4",C_lru,learned,next_use,binary,False,auc,0,300.0,102136,102136.0,13907.0,13907.0,236233.0,0.6553572108892491,0.5592720899183042,0.5588162700858295,13900.0,7.0,0.0005033436398935787,0.3496800172574962,0.6506474820143885,1.0
synthetic_trace,0.01,4.0,"l1=0.01,l2x4",C_lru,learned,next_use,count,False,spearman,0,300.0,102136,102136.0,13907.0,13907.0,236233.0,0.6552979473655247,nan,0.14787328222021998,13907.0,0.0,0.0,0.34924857985187313,nan,1.0
synthetic_trace,0.01,4.0,"l1=0.01,l2x4",C_lru,learned,next_use,next_use,True,spearman,0,300.0,102136,102136.0,13907.0,13907.0,236233.0,0.6553275791273869,nan,0.02518015483564155,13907.0,0.0,0.0,0.34917667361760263,nan,1.0
synthetic_trace,0.01,4.0,"l1=0.01,l2x4",C_union,learned,binary,binary,True,auc,0,300.0,107317,107317.0,14609.0,14609.0,248208.0,0.5078240830271386,0.4858406007751938,0.4857398177010659,14609.0,0.0,0.0,0.31384762817441303,0.686152371825587,1.0
synthetic_trace,0.01,4.0,"l1=0.01,l2x4",C_union,learned,binary,count,False,spearman,0,300.0,107317,107317.0,14609.0,14609.0,248208.0,0.5078240830271386,nan,-0.05071173641541771,14609.0,0.0,0.0,0.31384762817441303,nan,1.0
synthetic_trace,0.01,4.0,"l1=0.01,l2x4",C_union,learned,binary,next_use,False,spearman,0,300.0,107317,107317.0,14609.0,14609.0,248208.0,0.5078240830271386,nan,-0.10544235184546927,14609.0,0.0,0.0,0.31384762817441303,nan,1.0
synthetic_trace,0.01,4.0,"l1=0.01,l2x4",C_union,learned,count,binary,False,auc,0,300.0,106259,106259.0,14518.0,14518.0,246629.0,0.5731726601494552,0.48101228995482187,0.4814560781082329,14514.0,4.0,0.00027552004408320705,0.3206364513018322,0.679550778558633,1.0
synthetic_trace,0.01,4.0,"l1=0.01,l2x4",C_union,learned,count,count,True,spearman,0,300.0,106259,106259.0,14518.0,14518.0,246629.0,0.5730875120119694,nan,0.030683512969963966,14518.0,0.0,0.0,0.3204298112687698,nan,1.0
synthetic_trace,0.01,4.0,"l1=0.01,l2x4",C_union,learned,count,next_use,False,spearman,0,300.0,106259,106259.0,14518.0,14518.0,246629.0,0.5731483321101736,nan,0.08169837555771259,14518.0,0.0,0.0,0.320360931257749,nan,1.0
synthetic_trace,0.01,4.0,"l1=0.01,l2x4",C_union,learned,next_use,binary,False,auc,0,300.0,106596,106596.0,14215.0,14215.0,241451.0,0.6845778232436395,0.5674690911015573,0.5668450550862297,14192.0,23.0,0.001618009145269082,0.3316918747801618,0.669391206313416,1.0
synthetic_trace,0.01,4.0,"l1=0.01,l2x4",C_union,learned,next_use,count,False,spearman,0,300.0,106596,106596.0,14215.0,14215.0,241451.0,0.684196793552315,nan,0.16205085071050185,14215.0,0.0,0.0,0.33014421385860004,nan,1.0
synthetic_trace,0.01,4.0,"l1=0.01,l2x4",C_union,learned,next_use,next_use,True,spearman,0,300.0,106596,106596.0,14215.0,14215.0,241451.0,0.6844411495500122,nan,0.031989366731306465,14215.0,0.0,0.0,0.33014421385860004,nan,1.0
synthetic_trace,0.01,4.0,"l1=0.01,l2x4",lfu_s,sampled,,binary,False,auc,0,300.0,101040,101040.0,13755.0,13755.0,233663.0,0.7592002156952534,0.6085488758690083,0.6067960154749352,13585.0,170.0,0.012359142130134497,0.36175936023264266,0.6462274567537726,1.0
synthetic_trace,0.01,4.0,"l1=0.01,l2x4",lfu_s,sampled,,count,False,spearman,0,300.0,101040,101040.0,13755.0,13755.0,233663.0,0.7550917346777196,nan,0.18416514769452588,13755.0,0.0,0.0,0.35259905488913124,nan,1.0
synthetic_trace,0.01,4.0,"l1=0.01,l2x4",lfu_s,sampled,,next_use,False,spearman,0,300.0,101040,101040.0,13755.0,13755.0,233663.0,0.7581602564376901,nan,0.06030620650637285,13755.0,0.0,0.0,0.35019992729916394,nan,1.0
synthetic_trace,0.01,4.0,"l1=0.01,l2x4",lru_2hit_s,sampled,,binary,False,auc,0,300.0,56717,56717.0,9862.0,9862.0,167640.0,0.7776485325697924,0.5248310003940205,0.5255314459400072,9613.0,249.0,0.025248428310687486,0.25785844656256335,0.7613648184749818,1.0
synthetic_trace,0.01,4.0,"l1=0.01,l2x4",lru_2hit_s,sampled,,count,False,spearman,0,300.0,56717,56717.0,9862.0,9862.0,167640.0,0.770860176568838,nan,0.04537136212885406,9862.0,0.0,0.0,0.2397079699858041,nan,1.0
synthetic_trace,0.01,4.0,"l1=0.01,l2x4",lru_2hit_s,sampled,,next_use,False,spearman,0,300.0,56717,56717.0,9862.0,9862.0,167640.0,0.7757158196134574,nan,0.04836338627124246,9862.0,0.0,0.0,0.23402960859866154,nan,1.0
synthetic_trace,0.01,4.0,"l1=0.01,l2x4",lru_s,sampled,,binary,False,auc,0,300.0,101134,101134.0,13656.0,13656.0,231878.0,0.6706673336840925,0.5292838545039228,0.5305787981378088,13631.0,25.0,0.001830697129466901,0.3624780316344464,0.6386912185459614,1.0
synthetic_trace,0.01,4.0,"l1=0.01,l2x4",lru_s,sampled,,count,False,spearman,0,300.0,101134,101134.0,13656.0,13656.0,231878.0,0.6702403850300589,nan,0.048664145370298104,13656.0,0.0,0.0,0.3612331575864089,nan,1.0
synthetic_trace,0.01,4.0,"l1=0.01,l2x4",lru_s,sampled,,next_use,False,spearman,0,300.0,101134,101134.0,13656.0,13656.0,231878.0,0.6705163922407473,nan,0.0472104664341012,13656.0,0.0,0.0,0.36086701816051553,nan,1.0
synthetic_trace,0.02,1.0,"l1=0.02,l2x1",A_none,learned,binary,binary,True,auc,0,300.0,106763,106763.0,14817.0,14817.0,251663.0,0.518367817279457,0.5135921565777681,0.513488372228923,14816.0,1.0,6.74900452183303e-05,0.32624687858540863,0.6737531214145913,1.0
synthetic_trace,0.02,1.0,"l1=0.02,l2x1",A_none,learned,binary,count,False,spearman,0,300.0,106763,106763.0,14817.0,14817.0,251663.0,0.518367817279457,nan,0.05196664404534579,14816.0,1.0,6.74900452183303e-05,0.32624687858540863,nan,1.0
synthetic_trace,0.02,1.0,"l1=0.02,l2x1",A_none,learned,binary,next_use,False,spearman,0,300.0,106763,106763.0,14817.0,14817.0,251663.0,0.518367817279457,nan,-0.12269531832732128,14816.0,1.0,6.74900452183303e-05,0.32624687858540863,nan,1.0
synthetic_trace,0.02,1.0,"l1=0.02,l2x1",A_none,learned,count,binary,False,auc,0,300.0,106540,106540.0,14533.0,14533.0,246883.0,0.5700635523709612,0.4304855549607887,0.43119593371184906,14530.0,3.0,0.00020642675290717677,0.32952590655748987,0.6706125258086717,1.0
synthetic_trace,0.02,1.0,"l1=0.02,l2x1",A_none,learned,count,count,True,spearman,0,300.0,106540,106540.0,14533.0,14533.0,246883.0,0.5699703908329047,nan,-0.01435080942091237,14533.0,0.0,0.0,0.32931947980458265,nan,1.0
synthetic_trace,0.02,1.0,"l1=0.02,l2x1",A_none,learned,count,next_use,False,spearman,0,300.0,106540,106540.0,14533.0,14533.0,246883.0,0.5700351988593787,nan,0.014440063689720969,14533.0,0.0,0.0,0.32931947980458265,nan,1.0
synthetic_trace,0.02,1.0,"l1=0.02,l2x1",A_none,learned,next_use,binary,False,auc,0,300.0,106416,106416.0,14657.0,14657.0,248976.0,0.5044863761969025,0.5084826965120123,0.5081734364843672,14656.0,1.0,6.822678583611926e-05,0.32851197380091424,0.6715338427947598,1.0
synthetic_trace,0.02,1.0,"l1=0.02,l2x1",A_none,learned,next_use,count,False,spearman,0,300.0,106416,106416.0,14657.0,14657.0,248976.0,0.5044783432941328,nan,0.11729537411927254,14657.0,0.0,0.0,0.3284437470150781,nan,1.0
synthetic_trace,0.02,1.0,"l1=0.02,l2x1",A_none,learned,next_use,next_use,True,spearman,0,300.0,106416,106416.0,14657.0,14657.0,248976.0,0.5044823597455177,nan,0.08632269710249378,14657.0,0.0,0.0,0.32851197380091424,nan,1.0
synthetic_trace,0.02,1.0,"l1=0.02,l2x1",A_pd,learned,binary,binary,True,auc,0,300.0,105504,105504.0,14355.0,14355.0,243799.0,0.7591827694125078,0.5408877207804285,0.5371727188113407,14040.0,315.0,0.0219435736677116,0.3523510971786834,0.6621794871794872,1.0
synthetic_trace,0.02,1.0,"l1=0.02,l2x1",A_pd,learned,binary,count,False,spearman,0,300.0,105504,105504.0,14355.0,14355.0,243799.0,0.7563853830409477,nan,0.10023820282963818,14355.0,0.0,0.0,0.33807035876001396,nan,1.0
synthetic_trace,0.02,1.0,"l1=0.02,l2x1",A_pd,learned,binary,next_use,False,spearman,0,300.0,105504,105504.0,14355.0,14355.0,243799.0,0.7575461753329588,nan,-0.08783332945540981,14355.0,0.0,0.0,0.3340996168582375,nan,1.0
synthetic_trace,0.02,1.0,"l1=0.02,l2x1",A_pd,learned,count,binary,False,auc,0,300.0,105458,105458.0,14383.0,14383.0,244315.0,0.802918363587991,0.678619853350257,0.6752619629093555,13548.0,835.0,0.05805464784815407,0.3835083084196621,0.6544877472689696,1.0
synthetic_trace,0.02,1.0,"l1=0.02,l2x1",A_pd,learned,count,count,True,spearman,0,300.0,105458,105458.0,14383.0,14383.0,244315.0,0.7951824488877064,nan,0.22620852969432725,14383.0,0.0,0.0,0.344712507821734,nan,1.0
synthetic_trace,0.02,1.0,"l1=0.02,l2x1",A_pd,learned,count,next_use,False,spearman,0,300.0,105458,105458.0,14383.0,14383.0,244315.0,0.7983832347584061,nan,0.06317430753737135,14383.0,0.0,0.0,0.3331711047764722,nan,1.0
synthetic_trace,0.02,1.0,"l1=0.02,l2x1",A_pd,learned,next_use,binary,False,auc,0,300.0,105126,105126.0,14299.0,14299.0,242905.0,0.6898993433646899,0.6585354422386234,0.659434831297326,14244.0,55.0,0.003846422826771103,0.3344289810476257,0.6681409716371806,1.0
synthetic_trace,0.02,1.0,"l1=0.02,l2x1",A_pd,learned,next_use,count,False,spearman,0,300.0,105126,105126.0,14299.0,14299.0,242905.0,0.6892118317860892,nan,0.19570990412354297,14299.0,0.0,0.0,0.33156164766766905,nan,1.0
synthetic_trace,0.02,1.0,"l1=0.02,l2x1",A_pd,learned,next_use,next_use,True,spearman,0,300.0,105126,105126.0,14299.0,14299.0,242905.0,0.6895452954858895,nan,0.07657246017854834,14299.0,0.0,0.0,0.3307224281418281,nan,1.0
synthetic_trace,0.02,1.0,"l1=0.02,l2x1",B,learned,binary,binary,True,auc,0,300.0,107655,107655.0,14663.0,14663.0,249030.0,0.4661727502710517,0.3378131042151261,0.3379508455249692,14663.0,0.0,0.0,0.3212166678033145,0.6787833321966855,1.0
synthetic_trace,0.02,1.0,"l1=0.02,l2x1",B,learned,binary,count,False,spearman,0,300.0,107655,107655.0,14663.0,14663.0,249030.0,0.4661727502710517,nan,-0.282785255641998,14663.0,0.0,0.0,0.3212166678033145,nan,1.0
synthetic_trace,0.02,1.0,"l1=0.02,l2x1",B,learned,binary,next_use,False,spearman,0,300.0,107655,107655.0,14663.0,14663.0,249030.0,0.4661727502710517,nan,-0.26508251053062565,14663.0,0.0,0.0,0.3212166678033145,nan,1.0
synthetic_trace,0.02,1.0,"l1=0.02,l2x1",B,learned,count,binary,False,auc,0,300.0,106427,106427.0,14566.0,14566.0,247364.0,0.5916827024142559,0.3659245598133508,0.3652600831816846,14565.0,1.0,6.86530275985171e-05,0.327406288617328,0.6726398901476142,1.0
synthetic_trace,0.02,1.0,"l1=0.02,l2x1",B,learned,count,count,True,spearman,0,300.0,106427,106427.0,14566.0,14566.0,247364.0,0.5916503614107146,nan,-0.13467083058722107,14566.0,0.0,0.0,0.3273376355897295,nan,1.0
synthetic_trace,0.02,1.0,"l1=0.02,l2x1",B,learned,count,next_use,False,spearman,0,300.0,106427,106427.0,14566.0,14566.0,247364.0,0.5916786597888133,nan,-0.20744808175441593,14566.0,0.0,0.0,0.3273376355897295,nan,1.0
synthetic_trace,0.02,1.0,"l1=0.02,l2x1",B,learned,next_use,binary,False,auc,0,300.0,105385,105385.0,14295.0,14295.0,242791.0,0.6726649669880679,0.4747612439322875,0.47347096985110887,14278.0,17.0,0.0011892270024484086,0.3391395592864638,0.6616472895363497,1.0
synthetic_trace,0.02,1.0,"l1=0.02,l2x1",B,learned,next_use,count,False,spearman,0,300.0,105385,105385.0,14295.0,14295.0,242791.0,0.6724466722407338,nan,-0.039158936991803554,14295.0,0.0,0.0,0.3384400139909059,nan,1.0
synthetic_trace,0.02,1.0,"l1=0.02,l2x1",B,learned,next_use,next_use,True,spearman,0,300.0,105385,105385.0,14295.0,14295.0,242791.0,0.6725619977676273,nan,-0.05058443623262239,14295.0,0.0,0.0,0.33802028681357116,nan,1.0
synthetic_trace,0.02,1.0,"l1=0.02,l2x1",C_lfu,learned,binary,binary,True,auc,0,300.0,106428,106428.0,14803.0,14803.0,251441.0,0.521951471717023,0.5678161544901963,0.5682887487699013,14803.0,0.0,0.0,0.32648787407957847,0.6735121259204215,1.0
synthetic_trace,0.02,1.0,"l1=0.02,l2x1",C_lfu,learned,binary,count,False,spearman,0,300.0,106428,106428.0,14803.0,14803.0,251441.0,0.521951471717023,nan,0.1056542828805119,14803.0,0.0,0.0,0.32648787407957847,nan,1.0
synthetic_trace,0.02,1.0,"l1=0.02,l2x1",C_lfu,learned,binary,next_use,False,spearman,0,300.0,106428,106428.0,14803.0,14803.0,251441.0,0.521951471717023,nan,-0.05707936963669811,14803.0,0.0,0.0,0.32648787407957847,nan,1.0
synthetic_trace,0.02,1.0,"l1=0.02,l2x1",C_lfu,learned,count,binary,False,auc,0,300.0,105660,105660.0,14552.0,14552.0,247182.0,0.5368271152430193,0.5313229658376595,0.5309164901886192,14551.0,1.0,6.871907641561298e-05,0.3319818581638263,0.668064050580716,1.0
synthetic_trace,0.02,1.0,"l1=0.02,l2x1",C_lfu,learned,count,count,True,spearman,0,300.0,105660,105660.0,14552.0,14552.0,247182.0,0.5367866592227589,nan,0.19624310535120829,14552.0,0.0,0.0,0.33191313908741066,nan,1.0
synthetic_trace,0.02,1.0,"l1=0.02,l2x1",C_lfu,learned,count,next_use,False,spearman,0,300.0,105660,105660.0,14552.0,14552.0,247182.0,0.5368190240389672,nan,0.0889427470758318,14552.0,0.0,0.0,0.33191313908741066,nan,1.0
synthetic_trace,0.02,1.0,"l1=0.02,l2x1",C_lfu,learned,next_use,binary,False,auc,0,300.0,105779,105779.0,14381.0,14381.0,244289.0,0.6734769064509659,0.5162087681288892,0.5153331062327143,14350.0,31.0,0.0021556220012516514,0.3348863083234824,0.6665505226480837,1.0
synthetic_trace,0.02,1.0,"l1=0.02,l2x1",C_lfu,learned,next_use,count,False,spearman,0,300.0,105779,105779.0,14381.0,14381.0,244289.0,0.6728342250367393,nan,0.031697546097916536,14381.0,0.0,0.0,0.332939294902997,nan,1.0
synthetic_trace,0.02,1.0,"l1=0.02,l2x1",C_lfu,learned,next_use,next_use,True,spearman,0,300.0,105779,105779.0,14381.0,14381.0,244289.0,0.673268137329147,nan,-0.08539709818053383,14381.0,0.0,0.0,0.332939294902997,nan,1.0
synthetic_trace,0.02,1.0,"l1=0.02,l2x1",C_lru,learned,binary,binary,True,auc,0,300.0,107666,107666.0,14666.0,14666.0,249097.0,0.4581990148416079,0.4077547321583122,0.4071664251734837,14663.0,3.0,0.0002045547524887495,0.3181508250375017,0.6818491749624983,1.0
synthetic_trace,0.02,1.0,"l1=0.02,l2x1",C_lru,learned,binary,count,False,spearman,0,300.0,107666,107666.0,14666.0,14666.0,249097.0,0.4581990148416079,nan,-0.15894972644125757,14663.0,3.0,0.0002045547524887495,0.3181508250375017,nan,1.0
synthetic_trace,0.02,1.0,"l1=0.02,l2x1",C_lru,learned,binary,next_use,False,spearman,0,300.0,107666,107666.0,14666.0,14666.0,249097.0,0.4581990148416079,nan,-0.13369712753444787,14663.0,3.0,0.0002045547524887495,0.3181508250375017,nan,1.0
synthetic_trace,0.02,1.0,"l1=0.02,l2x1",C_lru,learned,count,binary,False,auc,0,300.0,105466,105466.0,14479.0,14479.0,245950.0,0.5298515958528156,0.5072645795218615,0.5070702732968325,14478.0,1.0,6.906554320049727e-05,0.32709441259755506,0.6729055874024449,1.0
synthetic_trace,0.02,1.0,"l1=0.02,l2x1",C_lru,learned,count,count,True,spearman,0,300.0,105466,105466.0,14479.0,14479.0,245950.0,0.5298515958528156,nan,0.049057686902221724,14478.0,1.0,6.906554320049727e-05,0.32709441259755506,nan,1.0
synthetic_trace,0.02,1.0,"l1=0.02,l2x1",C_lru,learned,count,next_use,False,spearman,0,300.0,105466,105466.0,14479.0,14479.0,245950.0,0.5298515958528156,nan,-0.030909680596277092,14478.0,1.0,6.906554320049727e-05,0.32709441259755506,nan,1.0
synthetic_trace,0.02,1.0,"l1=0.02,l2x1",C_lru,learned,next_use,binary,False,auc,0,300.0,106278,106278.0,14613.0,14613.0,248278.0,0.40154987554273835,0.6074214762332045,0.6067141677671708,14610.0,3.0,0.00020529665366454526,0.3260110860192979,0.6739889139807022,1.0
synthetic_trace,0.02,1.0,"l1=0.02,l2x1",C_lru,learned,next_use,count,False,spearman,0,300.0,106278,106278.0,14613.0,14613.0,248278.0,0.40154987554273835,nan,0.1926280488605595,14610.0,3.0,0.00020529665366454526,0.3260110860192979,nan,1.0
synthetic_trace,0.02,1.0,"l1=0.02,l2x1",C_lru,learned,next_use,next_use,True,spearman,0,300.0,106278,106278.0,14613.0,14613.0,248278.0,0.40154987554273835,nan,0.1369275688432008,14610.0,3.0,0.00020529665366454526,0.3260110860192979,nan,1.0
synthetic_trace,0.02,1.0,"l1=0.02,l2x1",C_union,learned,binary,binary,True,auc,0,300.0,106733,106733.0,14773.0,14773.0,250915.0,0.5260865233246318,0.5137770331155666,0.5142936272372152,14773.0,0.0,0.0,0.32491707845393625,0.6750829215460638,1.0
synthetic_trace,0.02,1.0,"l1=0.02,l2x1",C_union,learned,binary,count,False,spearman,0,300.0,106733,106733.0,14773.0,14773.0,250915.0,0.5260865233246318,nan,0.06072205640554857,14773.0,0.0,0.0,0.32491707845393625,nan,1.0
synthetic_trace,0.02,1.0,"l1=0.02,l2x1",C_union,learned,binary,next_use,False,spearman,0,300.0,106733,106733.0,14773.0,14773.0,250915.0,0.5260865233246318,nan,-0.14388290405438658,14773.0,0.0,0.0,0.32491707845393625,nan,1.0
synthetic_trace,0.02,1.0,"l1=0.02,l2x1",C_union,learned,count,binary,False,auc,0,300.0,105395,105395.0,14424.0,14424.0,244997.0,0.5764560382372029,0.508365462320695,0.5083739699617984,14423.0,1.0,6.932889628397117e-05,0.3329173599556295,0.6671288913540873,1.0
synthetic_trace,0.02,1.0,"l1=0.02,l2x1",C_union,learned,count,count,True,spearman,0,300.0,105395,105395.0,14424.0,14424.0,244997.0,0.5764111397282415,nan,0.18292922220134172,14424.0,0.0,0.0,0.3329173599556295,nan,1.0
synthetic_trace,0.02,1.0,"l1=0.02,l2x1",C_union,learned,count,next_use,False,spearman,0,300.0,105395,105395.0,14424.0,14424.0,244997.0,0.5764478748719372,nan,0.08705596898780796,14424.0,0.0,0.0,0.3328480310593455,nan,1.0
synthetic_trace,0.02,1.0,"l1=0.02,l2x1",C_union,learned,next_use,binary,False,auc,0,300.0,106110,106110.0,14465.0,14465.0,245725.0,0.6208769966425882,0.5276560925663575,0.5279106384016635,14457.0,8.0,0.000553059108192188,0.33307984790874523,0.6672892024624749,1.0
synthetic_trace,0.02,1.0,"l1=0.02,l2x1",C_union,learned,next_use,count,False,spearman,0,300.0,106110,106110.0,14465.0,14465.0,245725.0,0.6207223522230135,nan,0.10882036502887563,14465.0,0.0,0.0,0.33280331835464916,nan,1.0
synthetic_trace,0.02,1.0,"l1=0.02,l2x1",C_union,learned,next_use,next_use,True,spearman,0,300.0,106110,106110.0,14465.0,14465.0,245725.0,0.620795604842812,nan,0.053120164347286926,14465.0,0.0,0.0,0.3325267888005531,nan,1.0
synthetic_trace,0.02,1.0,"l1=0.02,l2x1",lfu_s,sampled,,binary,False,auc,0,300.0,103574,103574.0,14269.0,14269.0,242346.0,0.7960230414366237,0.6496980641787264,0.6300086031383155,13661.0,608.0,0.0426098535286285,0.38636204359100146,0.6409486860405534,1.0
synthetic_trace,0.02,1.0,"l1=0.02,l2x1",lfu_s,sampled,,count,False,spearman,0,300.0,103574,103574.0,14269.0,14269.0,242346.0,0.7829013063966395,nan,0.2939842868814951,14269.0,0.0,0.0,0.3559464573551055,nan,1.0
synthetic_trace,0.02,1.0,"l1=0.02,l2x1",lfu_s,sampled,,next_use,False,spearman,0,300.0,103574,103574.0,14269.0,14269.0,242346.0,0.7912571282381389,nan,0.04926536749057941,14269.0,0.0,0.0,0.3461349779241713,nan,1.0
synthetic_trace,0.02,1.0,"l1=0.02,l2x1",lru_2hit_s,sampled,,binary,False,auc,0,300.0,60595,60595.0,10569.0,10569.0,179657.0,0.777286718580406,0.5147841253250556,0.5204828756476428,10090.0,479.0,0.045321222442993664,0.27996972277415083,0.7542120911793855,1.0
synthetic_trace,0.02,1.0,"l1=0.02,l2x1",lru_2hit_s,sampled,,count,False,spearman,0,300.0,60595,60595.0,10569.0,10569.0,179657.0,0.7661488280445515,nan,0.00945918059559236,10569.0,0.0,0.0,0.2452455293783707,nan,1.0
synthetic_trace,0.02,1.0,"l1=0.02,l2x1",lru_2hit_s,sampled,,next_use,False,spearman,0,300.0,60595,60595.0,10569.0,10569.0,179657.0,0.7727502963981364,nan,0.01116965945854272,10569.0,0.0,0.0,0.23937931687009179,nan,1.0
synthetic_trace,0.02,1.0,"l1=0.02,l2x1",lru_s,sampled,,binary,False,auc,0,300.0,104447,104447.0,14187.0,14187.0,240906.0,0.6696968942243032,0.5180230443288733,0.5212058232412027,14076.0,111.0,0.007824064284203848,0.35567773313596956,0.6494032395566922,1.0
synthetic_trace,0.02,1.0,"l1=0.02,l2x1",lru_s,sampled,,count,False,spearman,0,300.0,104447,104447.0,14187.0,14187.0,240906.0,0.6678621537031041,nan,0.015710200412204906,14187.0,0.0,0.0,0.35010925495171635,nan,1.0
synthetic_trace,0.02,1.0,"l1=0.02,l2x1",lru_s,sampled,,next_use,False,spearman,0,300.0,104447,104447.0,14187.0,14187.0,240906.0,0.668783674960358,nan,0.01122197993953275,14187.0,0.0,0.0,0.3488404877704941,nan,1.0
synthetic_trace,0.02,4.0,"l1=0.02,l2x4",A_none,learned,binary,binary,True,auc,0,300.0,93722,93722.0,13104.0,13104.0,222571.0,0.5578399701668232,0.4230127020096607,0.4224724648274011,13102.0,2.0,0.00015262515262515263,0.3342490842490842,0.6658525415967028,1.0
synthetic_trace,0.02,4.0,"l1=0.02,l2x4",A_none,learned,binary,count,False,spearman,0,300.0,93722,93722.0,13104.0,13104.0,222571.0,0.557795040683647,nan,-0.1509280329832162,13104.0,0.0,0.0,0.3340964590964591,nan,1.0
synthetic_trace,0.02,4.0,"l1=0.02,l2x4",A_none,learned,binary,next_use,False,spearman,0,300.0,93722,93722.0,13104.0,13104.0,222571.0,0.557830984270188,nan,-0.22263053789639486,13104.0,0.0,0.0,0.3340964590964591,nan,1.0
synthetic_trace,0.02,4.0,"l1=0.02,l2x4",A_none,learned,count,binary,False,auc,0,300.0,94479,94479.0,13515.0,13515.0,229535.0,0.5297362058073932,0.39345093969791306,0.3933141643574496,13515.0,0.0,0.0,0.33525712171661115,0.6647428782833888,1.0
synthetic_trace,0.02,4.0,"l1=0.02,l2x4",A_none,learned,count,count,True,spearman,0,300.0,94479,94479.0,13515.0,13515.0,229535.0,0.5297362058073932,nan,-0.16427649292207352,13515.0,0.0,0.0,0.33525712171661115,nan,1.0
synthetic_trace,0.02,4.0,"l1=0.02,l2x4",A_none,learned,count,next_use,False,spearman,0,300.0,94479,94479.0,13515.0,13515.0,229535.0,0.5297362058073932,nan,-0.18041200812292768,13515.0,0.0,0.0,0.33525712171661115,nan,1.0
synthetic_trace,0.02,4.0,"l1=0.02,l2x4",A_none,learned,next_use,binary,False,auc,0,300.0,93254,93254.0,12851.0,12851.0,218257.0,0.587069372345446,0.4353173773358934,0.4345351392463522,12849.0,2.0,0.00015562991206909967,0.34946696755116335,0.6506342906062729,1.0
synthetic_trace,0.02,4.0,"l1=0.02,l2x4",A_none,learned,next_use,count,False,spearman,0,300.0,93254,93254.0,12851.0,12851.0,218257.0,0.5870189730455381,nan,-0.04820623392493702,12851.0,0.0,0.0,0.34938915259512876,nan,1.0
synthetic_trace,0.02,4.0,"l1=0.02,l2x4",A_none,learned,next_use,next_use,True,spearman,0,300.0,93254,93254.0,12851.0,12851.0,218257.0,0.5870602088363718,nan,-0.16166095191213647,12851.0,0.0,0.0,0.3493113376390942,nan,1.0
synthetic_trace,0.02,4.0,"l1=0.02,l2x4",A_pd,learned,binary,binary,True,auc,0,300.0,90234,90234.0,12614.0,12614.0,214225.0,0.693121717820049,0.536628733997155,0.5373858271093418,12573.0,41.0,0.003250356746472174,0.356112256223244,0.6459874333890082,1.0
synthetic_trace,0.02,4.0,"l1=0.02,l2x4",A_pd,learned,binary,count,False,spearman,0,300.0,90234,90234.0,12614.0,12614.0,214225.0,0.6923981794841871,nan,0.10267106174314083,12614.0,0.0,0.0,0.3533375614396702,nan,1.0
synthetic_trace,0.02,4.0,"l1=0.02,l2x4",A_pd,learned,binary,next_use,False,spearman,0,300.0,90234,90234.0,12614.0,12614.0,214225.0,0.6929023223246586,nan,0.019443881648840713,12614.0,0.0,0.0,0.3528618994767718,nan,1.0
synthetic_trace,0.02,4.0,"l1=0.02,l2x4",A_pd,learned,count,binary,False,auc,0,300.0,88943,88943.0,12476.0,12476.0,211875.0,0.7025274336283186,0.5214787712131628,0.5212044067434598,12435.0,41.0,0.003286309714652132,0.35500160307790957,0.647125050261359,1.0
synthetic_trace,0.02,4.0,"l1=0.02,l2x4",A_pd,learned,count,count,True,spearman,0,300.0,88943,88943.0,12476.0,12476.0,211875.0,0.7017533923303835,nan,0.11448097052068357,12476.0,0.0,0.0,0.3521962167361334,nan,1.0
synthetic_trace,0.02,4.0,"l1=0.02,l2x4",A_pd,learned,count,next_use,False,spearman,0,300.0,88943,88943.0,12476.0,12476.0,211875.0,0.7023103244837758,nan,-0.014604454841285346,12476.0,0.0,0.0,0.3517954472587368,nan,1.0
synthetic_trace,0.02,4.0,"l1=0.02,l2x4",A_pd,learned,next_use,binary,False,auc,0,300.0,91696,91696.0,12788.0,12788.0,217204.0,0.6052558884735088,0.6203959612822759,0.6213205432593537,12782.0,6.0,0.00046918986549890525,0.34141382546137006,0.658895321545924,1.0
synthetic_trace,0.02,4.0,"l1=0.02,l2x4",A_pd,learned,next_use,count,False,spearman,0,300.0,91696,91696.0,12788.0,12788.0,217204.0,0.6051546012043977,nan,0.22893598474615018,12788.0,0.0,0.0,0.3410228339067876,nan,1.0
synthetic_trace,0.02,4.0,"l1=0.02,l2x4",A_pd,learned,next_use,next_use,True,spearman,0,300.0,91696,91696.0,12788.0,12788.0,217204.0,0.6052282646728421,nan,0.1486801228081748,12788.0,0.0,0.0,0.3409446355958711,nan,1.0
synthetic_trace,0.02,4.0,"l1=0.02,l2x4",B,learned,binary,binary,True,auc,0,300.0,96757,96757.0,13489.0,13489.0,229128.0,0.44533186690408855,0.5415388289456663,0.5413721794754934,13488.0,1.0,7.413447994662318e-05,0.35080435910742086,0.6491956408925791,1.0
synthetic_trace,0.02,4.0,"l1=0.02,l2x4",B,learned,binary,count,False,spearman,0,300.0,96757,96757.0,13489.0,13489.0,229128.0,0.44533186690408855,nan,0.036480687300433114,13488.0,1.0,7.413447994662318e-05,0.35080435910742086,nan,1.0
synthetic_trace,0.02,4.0,"l1=0.02,l2x4",B,learned,binary,next_use,False,spearman,0,300.0,96757,96757.0,13489.0,13489.0,229128.0,0.44533186690408855,nan,0.035664618471967315,13488.0,1.0,7.413447994662318e-05,0.35080435910742086,nan,1.0
synthetic_trace,0.02,4.0,"l1=0.02,l2x4",B,learned,count,binary,False,auc,0,300.0,93450,93450.0,13114.0,13114.0,222741.0,0.5675560404236311,0.5469224622157993,0.5451307785776458,13111.0,3.0,0.00022876315388134817,0.4070459051395455,0.5930445393532642,1.0
synthetic_trace,0.02,4.0,"l1=0.02,l2x4",B,learned,count,count,True,spearman,0,300.0,93450,93450.0,13114.0,13114.0,222741.0,0.5675111452314572,nan,0.05585108753203526,13113.0,1.0,7.625438462711606e-05,0.4068933963702913,nan,1.0
synthetic_trace,0.02,4.0,"l1=0.02,l2x4",B,learned,count,next_use,False,spearman,0,300.0,93450,93450.0,13114.0,13114.0,222741.0,0.5675470613851963,nan,0.06652777809458238,13113.0,1.0,7.625438462711606e-05,0.4068933963702913,nan,1.0
synthetic_trace,0.02,4.0,"l1=0.02,l2x4",B,learned,next_use,binary,False,auc,0,300.0,92296,92296.0,12965.0,12965.0,220222.0,0.5770631453714887,0.6439208876070737,0.6430005054100691,12958.0,7.0,0.0005399151561897417,0.41396066332433473,0.5863559191233215,1.0
synthetic_trace,0.02,4.0,"l1=0.02,l2x4",B,learned,next_use,count,False,spearman,0,300.0,92296,92296.0,12965.0,12965.0,220222.0,0.5769677870512483,nan,0.231060327132435,12965.0,0.0,0.0,0.4135750096413421,nan,1.0
synthetic_trace,0.02,4.0,"l1=0.02,l2x4",B,learned,next_use,next_use,True,spearman,0,300.0,92296,92296.0,12965.0,12965.0,220222.0,0.5770313592647419,nan,0.2101456079015829,12965.0,0.0,0.0,0.413420748168145,nan,1.0
synthetic_trace,0.02,4.0,"l1=0.02,l2x4",C_lfu,learned,binary,binary,True,auc,0,300.0,94162,94162.0,13260.0,13260.0,225216.0,0.5464887041773231,0.43687800262456844,0.43679315836619526,13257.0,3.0,0.00022624434389140272,0.33318250377073905,0.6669683940559704,1.0
synthetic_trace,0.02,4.0,"l1=0.02,l2x4",C_lfu,learned,binary,count,False,spearman,0,300.0,94162,94162.0,13260.0,13260.0,225216.0,0.546404340721796,nan,-0.12446565069695112,13260.0,0.0,0.0,0.33295625942684764,nan,1.0
synthetic_trace,0.02,4.0,"l1=0.02,l2x4",C_lfu,learned,binary,next_use,False,spearman,0,300.0,94162,94162.0,13260.0,13260.0,225216.0,0.5464709434498437,nan,-0.19589620329183105,13260.0,0.0,0.0,0.33295625942684764,nan,1.0
synthetic_trace,0.02,4.0,"l1=0.02,l2x4",C_lfu,learned,count,binary,False,auc,0,300.0,93138,93138.0,13433.0,13433.0,228152.0,0.5750859076405204,0.4112364974139545,0.41102700706363215,13430.0,3.0,0.00022333060373706543,0.34050472716444574,0.6596425912137007,1.0
synthetic_trace,0.02,4.0,"l1=0.02,l2x4",C_lfu,learned,count,count,True,spearman,0,300.0,93138,93138.0,13433.0,13433.0,228152.0,0.5750157789543813,nan,-0.14087881498937194,13433.0,0.0,0.0,0.34043028362986677,nan,1.0
synthetic_trace,0.02,4.0,"l1=0.02,l2x4",C_lfu,learned,count,next_use,False,spearman,0,300.0,93138,93138.0,13433.0,13433.0,228152.0,0.5750727585118692,nan,-0.160370684200629,13433.0,0.0,0.0,0.34035584009528774,nan,1.0
synthetic_trace,0.02,4.0,"l1=0.02,l2x4",C_lfu,learned,next_use,binary,False,auc,0,300.0,92456,92456.0,12665.0,12665.0,215100.0,0.6626685262668526,0.5530725599413044,0.5534289759052511,12645.0,20.0,0.0015791551519936833,0.3620213185945519,0.6389877421905892,1.0
synthetic_trace,0.02,4.0,"l1=0.02,l2x4",C_lfu,learned,next_use,count,False,spearman,0,300.0,92456,92456.0,12665.0,12665.0,215100.0,0.662278010227801,nan,0.11803842217378108,12665.0,0.0,0.0,0.360757994472957,nan,1.0
synthetic_trace,0.02,4.0,"l1=0.02,l2x4",C_lfu,learned,next_use,next_use,True,spearman,0,300.0,92456,92456.0,12665.0,12665.0,215100.0,0.6625476522547652,nan,0.05107447104870619,12665.0,0.0,0.0,0.3605211212001579,nan,1.0
synthetic_trace,0.02,4.0,"l1=0.02,l2x4",C_lru,learned,binary,binary,True,auc,0,300.0,93355,93355.0,13070.0,13070.0,221987.0,0.6032335226837607,0.444611065250968,0.44498003834697536,13069.0,1.0,7.651109410864575e-05,0.33588370313695487,0.664167113015533,1.0
synthetic_trace,0.02,4.0,"l1=0.02,l2x4",C_lru,learned,binary,count,False,spearman,0,300.0,93355,93355.0,13070.0,13070.0,221987.0,0.6032155036105717,nan,-0.10675919034512216,13070.0,0.0,0.0,0.3358071920428462,nan,1.0
synthetic_trace,0.02,4.0,"l1=0.02,l2x4",C_lru,learned,binary,next_use,False,spearman,0,300.0,93355,93355.0,13070.0,13070.0,221987.0,0.6032290179154636,nan,-0.14218270023370072,13070.0,0.0,0.0,0.3358071920428462,nan,1.0
synthetic_trace,0.02,4.0,"l1=0.02,l2x4",C_lru,learned,count,binary,False,auc,0,300.0,90258,90258.0,12504.0,12504.0,212356.0,0.6899546045320123,0.5222510998101118,0.5218874930462533,12474.0,30.0,0.0023992322456813818,0.3531669865642994,0.6483886483886484,1.0
synthetic_trace,0.02,4.0,"l1=0.02,l2x4",C_lru,learned,count,count,True,spearman,0,300.0,90258,90258.0,12504.0,12504.0,212356.0,0.6892906251765902,nan,0.07151432901174735,12504.0,0.0,0.0,0.35116762635956494,nan,1.0
synthetic_trace,0.02,4.0,"l1=0.02,l2x4",C_lru,learned,count,next_use,False,spearman,0,300.0,90258,90258.0,12504.0,12504.0,212356.0,0.6897850778880747,nan,0.0033915932612414634,12504.0,0.0,0.0,0.35076775431861806,nan,1.0
synthetic_trace,0.02,4.0,"l1=0.02,l2x4",C_lru,learned,next_use,binary,False,auc,0,300.0,95319,95319.0,12726.0,12726.0,216156.0,0.5636022132163807,0.6346023081427196,0.635305196014325,12726.0,0.0,0.0,0.34197705484834195,0.658022945151658,1.0
synthetic_trace,0.02,4.0,"l1=0.02,l2x4",C_lru,learned,next_use,count,False,spearman,0,300.0,95319,95319.0,12726.0,12726.0,216156.0,0.5636022132163807,nan,0.2600255818159695,12726.0,0.0,0.0,0.34197705484834195,nan,1.0
synthetic_trace,0.02,4.0,"l1=0.02,l2x4",C_lru,learned,next_use,next_use,True,spearman,0,300.0,95319,95319.0,12726.0,12726.0,216156.0,0.5636022132163807,nan,0.19389187498892227,12726.0,0.0,0.0,0.34197705484834195,nan,1.0
synthetic_trace,0.02,4.0,"l1=0.02,l2x4",C_union,learned,binary,binary,True,auc,0,300.0,94084,94084.0,13194.0,13194.0,224095.0,0.5796336375198019,0.4241698300961928,0.42352461949312553,13193.0,1.0,7.579202667879339e-05,0.3278763074124602,0.6721746380656408,1.0
synthetic_trace,0.02,4.0,"l1=0.02,l2x4",C_union,learned,binary,count,False,spearman,0,300.0,94084,94084.0,13194.0,13194.0,224095.0,0.579615787947076,nan,-0.1395423271115712,13194.0,0.0,0.0,0.3278005153857814,nan,1.0
synthetic_trace,0.02,4.0,"l1=0.02,l2x4",C_union,learned,binary,next_use,False,spearman,0,300.0,94084,94084.0,13194.0,13194.0,224095.0,0.5796291751266204,nan,-0.20398414889496433,13194.0,0.0,0.0,0.3278005153857814,nan,1.0
synthetic_trace,0.02,4.0,"l1=0.02,l2x4",C_union,learned,count,binary,False,auc,0,300.0,92379,92379.0,13043.0,13043.0,221526.0,0.6130431642335437,0.46582396779945406,0.46561894612076743,13040.0,3.0,0.0002300084336425669,0.347849421145442,0.6523006134969325,1.0
synthetic_trace,0.02,4.0,"l1=0.02,l2x4",C_union,learned,count,count,True,spearman,0,300.0,92379,92379.0,13043.0,13043.0,221526.0,0.6129844803770212,nan,-0.05422102024757521,13043.0,0.0,0.0,0.3476960821896803,nan,1.0
synthetic_trace,0.02,4.0,"l1=0.02,l2x4",C_union,learned,count,next_use,False,spearman,0,300.0,92379,92379.0,13043.0,13043.0,221526.0,0.613025107662306,nan,-0.08231402440671329,13043.0,0.0,0.0,0.3476194127117994,nan,1.0
synthetic_trace,0.02,4.0,"l1=0.02,l2x4",C_union,learned,next_use,binary,False,auc,0,300.0,93047,93047.0,12679.0,12679.0,215346.0,0.6733442924410019,0.6183682958908477,0.6204846580994843,12655.0,24.0,0.001892893761337645,0.35168388674185663,0.6495456341367049,1.0
synthetic_trace,0.02,4.0,"l1=0.02,l2x4",C_union,learned,next_use,count,False,spearman,0,300.0,93047,93047.0,12679.0,12679.0,215346.0,0.6729820846451756,nan,0.20774046037048333,12679.0,0.0,0.0,0.3501853458474643,nan,1.0
synthetic_trace,0.02,4.0,"l1=0.02,l2x4",C_union,learned,next_use,next_use,True,spearman,0,300.0,93047,93047.0,12679.0,12679.0,215346.0,0.6732003380606094,nan,0.14012117773188731,12679.0,0.0,0.0,0.34986986355390803,nan,1.0
synthetic_trace,0.02,4.0,"l1=0.02,l2x4",lfu_s,sampled,,binary,False,auc,0,300.0,88342,88342.0,12716.0,12716.0,215965.0,0.70050239622161,0.5935922494995142,0.5922168002073783,12670.0,46.0,0.003617489776659327,0.3961937716262976,0.6059984214680347,1.0
synthetic_trace,0.02,4.0,"l1=0.02,l2x4",lfu_s,sampled,,count,False,spearman,0,300.0,88342,88342.0,12716.0,12716.0,215965.0,0.6993077582015604,nan,0.1487095712980907,12716.0,0.0,0.0,0.3936772569990563,nan,1.0
synthetic_trace,0.02,4.0,"l1=0.02,l2x4",lfu_s,sampled,,next_use,False,spearman,0,300.0,88342,88342.0,12716.0,12716.0,215965.0,0.7002523557057857,nan,0.07749455753654902,12716.0,0.0,0.0,0.39273356401384085,nan,1.0
synthetic_trace,0.02,4.0,"l1=0.02,l2x4",lru_2hit_s,sampled,,binary,False,auc,0,300.0,42408,42408.0,8821.0,8821.0,149942.0,0.7683370903415988,0.5152065790471856,0.5139736792890985,8671.0,150.0,0.01700487473075615,0.26516267996825754,0.7475493022719409,1.0
synthetic_trace,0.02,4.0,"l1=0.02,l2x4",lru_2hit_s,sampled,,count,False,spearman,0,300.0,42408,42408.0,8821.0,8821.0,149942.0,0.7637086340051487,nan,0.04557599962802257,8821.0,0.0,0.0,0.25382609681442014,nan,1.0
synthetic_trace,0.02,4.0,"l1=0.02,l2x4",lru_2hit_s,sampled,,next_use,False,spearman,0,300.0,42408,42408.0,8821.0,8821.0,149942.0,0.7671566338984407,nan,0.040158252989494034,8821.0,0.0,0.0,0.24929146355288517,nan,1.0
synthetic_trace,0.02,4.0,"l1=0.02,l2x4",lru_s,sampled,,binary,False,auc,0,300.0,87001,87001.0,12406.0,12406.0,210626.0,0.645613551983136,0.5303051061536634,0.5305557312327599,12391.0,15.0,0.0012090923746574237,0.3946477510881831,0.6060850617383585,1.0
synthetic_trace,0.02,4.0,"l1=0.02,l2x4",lru_s,sampled,,count,False,spearman,0,300.0,87001,87001.0,12406.0,12406.0,210626.0,0.6452622183396162,nan,0.04810326808670215,12406.0,0.0,0.0,0.3938416895050782,nan,1.0
synthetic_trace,0.02,4.0,"l1=0.02,l2x4",lru_s,sampled,,next_use,False,spearman,0,300.0,87001,87001.0,12406.0,12406.0,210626.0,0.6455375879521047,nan,0.05322576652232632,12406.0,0.0,0.0,0.3935192648718362,nan,1.0
toolagent_trace,0.0025,1.0,"l1=0.0025,l2x1",A_none,learned,binary,binary,True,auc,0,600.0,263438,263438.0,60529.0,40000.0,679113.0,0.6536644122553978,0.5792204098366054,0.5807617718074073,39947.0,53.0,0.001325,0.69345,0.30695671765088745,1.0
toolagent_trace,0.0025,1.0,"l1=0.0025,l2x1",A_none,learned,binary,count,False,spearman,0,600.0,263438,263438.0,60529.0,40000.0,679113.0,0.6533448778038412,nan,0.1567374695354277,40000.0,0.0,0.0,0.69295,nan,1.0
toolagent_trace,0.0025,1.0,"l1=0.0025,l2x1",A_none,learned,binary,next_use,False,spearman,0,600.0,263438,263438.0,60529.0,40000.0,679113.0,0.6533492953308212,nan,0.1245529468066442,40000.0,0.0,0.0,0.69295,nan,1.0
toolagent_trace,0.0025,1.0,"l1=0.0025,l2x1",A_none,learned,count,binary,False,auc,0,600.0,263171,263171.0,60773.0,40000.0,679143.0,0.7415860871716266,0.5085342912815993,0.5224245217440043,39616.0,384.0,0.0096,0.69985,0.3030593699515347,1.0
toolagent_trace,0.0025,1.0,"l1=0.0025,l2x1",A_none,learned,count,count,True,spearman,0,600.0,263171,263171.0,60773.0,40000.0,679143.0,0.7376016538490421,nan,0.06654572838458354,40000.0,0.0,0.0,0.695375,nan,1.0
toolagent_trace,0.0025,1.0,"l1=0.0025,l2x1",A_none,learned,count,next_use,False,spearman,0,600.0,263171,263171.0,60773.0,40000.0,679143.0,0.7387987507785547,nan,0.049139071296227244,40000.0,0.0,0.0,0.691975,nan,1.0
toolagent_trace,0.0025,1.0,"l1=0.0025,l2x1",A_none,learned,next_use,binary,False,auc,0,600.0,262694,262694.0,60531.0,40000.0,679119.0,0.6725095307302549,0.5088057721695549,0.5106065741617689,39886.0,114.0,0.00285,0.696825,0.30404151832723264,1.0
toolagent_trace,0.0025,1.0,"l1=0.0025,l2x1",A_none,learned,next_use,count,False,spearman,0,600.0,262694,262694.0,60531.0,40000.0,679119.0,0.6715200134291633,nan,0.11697778086058075,40000.0,0.0,0.0,0.69545,nan,1.0
toolagent_trace,0.0025,1.0,"l1=0.0025,l2x1",A_none,learned,next_use,next_use,True,spearman,0,600.0,262694,262694.0,60531.0,40000.0,679119.0,0.6716834604833616,nan,0.07359280483971495,40000.0,0.0,0.0,0.69485,nan,1.0
toolagent_trace,0.0025,1.0,"l1=0.0025,l2x1",A_pd,learned,binary,binary,True,auc,0,600.0,265760,265760.0,61189.0,40000.0,679214.0,0.6732031436336707,0.6346685459351001,0.6398987015033585,39688.0,312.0,0.0078,0.69445,0.30795202580124975,1.0
toolagent_trace,0.0025,1.0,"l1=0.0025,l2x1",A_pd,learned,binary,count,False,spearman,0,600.0,265760,265760.0,61189.0,40000.0,679214.0,0.6701996719737815,nan,0.2394775850516202,40000.0,0.0,0.0,0.69105,nan,1.0
toolagent_trace,0.0025,1.0,"l1=0.0025,l2x1",A_pd,learned,binary,next_use,False,spearman,0,600.0,265760,265760.0,61189.0,40000.0,679214.0,0.6715497619307023,nan,0.2099242202841174,40000.0,0.0,0.0,0.688675,nan,1.0
toolagent_trace,0.0025,1.0,"l1=0.0025,l2x1",A_pd,learned,count,binary,False,auc,0,600.0,263014,263014.0,60710.0,40000.0,679056.0,0.7472609033717396,0.6445807758182096,0.6600370814014417,39087.0,913.0,0.022825,0.713475,0.2932176938624095,1.0
toolagent_trace,0.0025,1.0,"l1=0.0025,l2x1",A_pd,learned,count,count,True,spearman,0,600.0,263014,263014.0,60710.0,40000.0,679056.0,0.736596098112674,nan,0.2510781549992704,40000.0,0.0,0.0,0.703175,nan,1.0
toolagent_trace,0.0025,1.0,"l1=0.0025,l2x1",A_pd,learned,count,next_use,False,spearman,0,600.0,263014,263014.0,60710.0,40000.0,679056.0,0.7410228316957659,nan,0.22619429836890223,40000.0,0.0,0.0,0.6931,nan,1.0
toolagent_trace,0.0025,1.0,"l1=0.0025,l2x1",A_pd,learned,next_use,binary,False,auc,0,600.0,263195,263195.0,60658.0,40000.0,679180.0,0.7650078035277835,0.7014774260480667,0.7176856988337023,38880.0,1120.0,0.028,0.720675,0.28737139917695476,1.0
toolagent_trace,0.0025,1.0,"l1=0.0025,l2x1",A_pd,learned,next_use,count,False,spearman,0,600.0,263195,263195.0,60658.0,40000.0,679180.0,0.7550605141494154,nan,0.3325009671998752,40000.0,0.0,0.0,0.708275,nan,1.0
toolagent_trace,0.0025,1.0,"l1=0.0025,l2x1",A_pd,learned,next_use,next_use,True,spearman,0,600.0,263195,263195.0,60658.0,40000.0,679180.0,0.7587870667569716,nan,0.2778241843466766,40000.0,0.0,0.0,0.6972,nan,1.0
toolagent_trace,0.0025,1.0,"l1=0.0025,l2x1",B,learned,binary,binary,True,auc,0,600.0,264019,264019.0,60937.0,40000.0,679173.0,0.5392204931585914,0.3936316908523905,0.39380985071499436,39996.0,4.0,0.0001,0.6908,0.3092309230923092,1.0
toolagent_trace,0.0025,1.0,"l1=0.0025,l2x1",B,learned,binary,count,False,spearman,0,600.0,264019,264019.0,60937.0,40000.0,679173.0,0.5391939903382496,nan,-0.121020023285687,40000.0,0.0,0.0,0.69075,nan,1.0
toolagent_trace,0.0025,1.0,"l1=0.0025,l2x1",B,learned,binary,next_use,False,spearman,0,600.0,264019,264019.0,60937.0,40000.0,679173.0,0.5390511695841854,nan,-0.13348448081789024,40000.0,0.0,0.0,0.6914,nan,1.0
toolagent_trace,0.0025,1.0,"l1=0.0025,l2x1",B,learned,count,binary,False,auc,0,600.0,263635,263635.0,60883.0,40000.0,679212.0,0.5942268393373498,0.4333159014145165,0.4327049230881858,39984.0,16.0,0.0004,0.68925,0.31087434973989597,1.0
toolagent_trace,0.0025,1.0,"l1=0.0025,l2x1",B,learned,count,count,True,spearman,0,600.0,263635,263635.0,60883.0,40000.0,679212.0,0.5940354410699458,nan,-0.0386485434738699,40000.0,0.0,0.0,0.68905,nan,1.0
toolagent_trace,0.0025,1.0,"l1=0.0025,l2x1",B,learned,count,next_use,False,spearman,0,600.0,263635,263635.0,60883.0,40000.0,679212.0,0.5940001060051943,nan,-0.058160281987496544,40000.0,0.0,0.0,0.68965,nan,1.0
toolagent_trace,0.0025,1.0,"l1=0.0025,l2x1",B,learned,next_use,binary,False,auc,0,600.0,263313,263313.0,60831.0,40000.0,679118.0,0.5813172379468664,0.42306342919526774,0.42240607236793026,39982.0,18.0,0.00045,0.69165,0.30848110446939947,1.0
toolagent_trace,0.0025,1.0,"l1=0.0025,l2x1",B,learned,next_use,count,False,spearman,0,600.0,263313,263313.0,60831.0,40000.0,679118.0,0.581180295618729,nan,-0.05810668025266437,39999.0,1.0,2.5e-05,0.691525,nan,1.0
toolagent_trace,0.0025,1.0,"l1=0.0025,l2x1",B,learned,next_use,next_use,True,spearman,0,600.0,263313,263313.0,60831.0,40000.0,679118.0,0.58107869324624,nan,-0.08499978123168817,39999.0,1.0,2.5e-05,0.691925,nan,1.0
toolagent_trace,0.0025,1.0,"l1=0.0025,l2x1",C_lfu,learned,binary,binary,True,auc,0,600.0,265027,265027.0,61655.0,40000.0,679173.0,0.379700017521309,0.24517327346326778,0.24395467194000803,39962.0,38.0,0.00095,0.68115,0.31885,1.0
toolagent_trace,0.0025,1.0,"l1=0.0025,l2x1",C_lfu,learned,binary,count,False,spearman,0,600.0,265027,265027.0,61655.0,40000.0,679173.0,0.379700017521309,nan,-0.4075296042932995,39962.0,38.0,0.00095,0.68115,nan,1.0
toolagent_trace,0.0025,1.0,"l1=0.0025,l2x1",C_lfu,learned,binary,next_use,False,spearman,0,600.0,265027,265027.0,61655.0,40000.0,679173.0,0.37956455866178423,nan,-0.4184601317451797,39962.0,38.0,0.00095,0.68185,nan,1.0
toolagent_trace,0.0025,1.0,"l1=0.0025,l2x1",C_lfu,learned,count,binary,False,auc,0,600.0,264064,264064.0,61437.0,40000.0,679001.0,0.3609700132989495,0.2843801249440546,0.281247132393477,39934.0,66.0,0.00165,0.683425,0.316575,1.0
toolagent_trace,0.0025,1.0,"l1=0.0025,l2x1",C_lfu,learned,count,count,True,spearman,0,600.0,264064,264064.0,61437.0,40000.0,679001.0,0.3609700132989495,nan,-0.32763843935876347,39934.0,66.0,0.00165,0.683425,nan,1.0
toolagent_trace,0.0025,1.0,"l1=0.0025,l2x1",C_lfu,learned,count,next_use,False,spearman,0,600.0,264064,264064.0,61437.0,40000.0,679001.0,0.36088164818608515,nan,-0.34661369122755326,39934.0,66.0,0.00165,0.684125,nan,1.0
toolagent_trace,0.0025,1.0,"l1=0.0025,l2x1",C_lfu,learned,next_use,binary,False,auc,0,600.0,263611,263611.0,61200.0,40000.0,679178.0,0.4127666090479963,0.3605664835431961,0.360533358549512,39976.0,24.0,0.0006,0.683425,0.3165829145728643,1.0
toolagent_trace,0.0025,1.0,"l1=0.0025,l2x1",C_lfu,learned,next_use,count,False,spearman,0,600.0,263611,263611.0,61200.0,40000.0,679178.0,0.41274746826310627,nan,-0.2046182549035298,39977.0,23.0,0.000575,0.683425,nan,1.0
toolagent_trace,0.0025,1.0,"l1=0.0025,l2x1",C_lfu,learned,next_use,next_use,True,spearman,0,600.0,263611,263611.0,61200.0,40000.0,679178.0,0.41259728672012347,nan,-0.21112452187076292,39977.0,23.0,0.000575,0.684175,nan,1.0
toolagent_trace,0.0025,1.0,"l1=0.0025,l2x1",C_lru,learned,binary,binary,True,auc,0,600.0,264090,264090.0,60878.0,40000.0,679141.0,0.5084570067187815,0.41683511228568176,0.41698735100393464,39998.0,2.0,5e-05,0.68895,0.3110577764444111,1.0
toolagent_trace,0.0025,1.0,"l1=0.0025,l2x1",C_lru,learned,binary,count,False,spearman,0,600.0,264090,264090.0,60878.0,40000.0,679141.0,0.5084525893739297,nan,-0.10206848884977511,39999.0,1.0,2.5e-05,0.68895,nan,1.0
toolagent_trace,0.0025,1.0,"l1=0.0025,l2x1",C_lru,learned,binary,next_use,False,spearman,0,600.0,264090,264090.0,60878.0,40000.0,679141.0,0.5082906200626969,nan,-0.10983413775651657,39999.0,1.0,2.5e-05,0.689625,nan,1.0
toolagent_trace,0.0025,1.0,"l1=0.0025,l2x1",C_lru,learned,count,binary,False,auc,0,600.0,263136,263136.0,60789.0,40000.0,679167.0,0.6446750210183946,0.45720087363954387,0.45891987683199637,39952.0,48.0,0.0012,0.6915,0.3088706447737285,1.0
toolagent_trace,0.0025,1.0,"l1=0.0025,l2x1",C_lru,learned,count,count,True,spearman,0,600.0,263136,263136.0,60789.0,40000.0,679167.0,0.6441906040782311,nan,0.006297625513155668,40000.0,0.0,0.0,0.690875,nan,1.0
toolagent_trace,0.0025,1.0,"l1=0.0025,l2x1",C_lru,learned,count,next_use,False,spearman,0,600.0,263136,263136.0,60789.0,40000.0,679167.0,0.6442215243084544,nan,-0.013947004613124397,40000.0,0.0,0.0,0.69115,nan,1.0
toolagent_trace,0.0025,1.0,"l1=0.0025,l2x1",C_lru,learned,next_use,binary,False,auc,0,600.0,263053,263053.0,60752.0,40000.0,679164.0,0.589162558675077,0.448810934633231,0.44848008149938307,39984.0,16.0,0.0004,0.690425,0.30969887955182074,1.0
toolagent_trace,0.0025,1.0,"l1=0.0025,l2x1",C_lru,learned,next_use,count,False,spearman,0,600.0,263053,263053.0,60752.0,40000.0,679164.0,0.5889917604584459,nan,-0.006318783208840574,40000.0,0.0,0.0,0.690225,nan,1.0
toolagent_trace,0.0025,1.0,"l1=0.0025,l2x1",C_lru,learned,next_use,next_use,True,spearman,0,600.0,263053,263053.0,60752.0,40000.0,679164.0,0.5888666065928112,nan,-0.045010615709254305,40000.0,0.0,0.0,0.69075,nan,1.0
toolagent_trace,0.0025,1.0,"l1=0.0025,l2x1",C_union,learned,binary,binary,True,auc,0,600.0,264682,264682.0,61566.0,40000.0,679159.0,0.3899558129981345,0.26409443637406954,0.2629581749270985,39966.0,34.0,0.00085,0.6808,0.3192,1.0
toolagent_trace,0.0025,1.0,"l1=0.0025,l2x1",C_union,learned,binary,count,False,spearman,0,600.0,264682,264682.0,61566.0,40000.0,679159.0,0.3899558129981345,nan,-0.3690787242808757,39966.0,34.0,0.00085,0.6808,nan,1.0
toolagent_trace,0.0025,1.0,"l1=0.0025,l2x1",C_union,learned,binary,next_use,False,spearman,0,600.0,264682,264682.0,61566.0,40000.0,679159.0,0.3897879583425972,nan,-0.3801099196808146,39966.0,34.0,0.00085,0.6815,nan,1.0
toolagent_trace,0.0025,1.0,"l1=0.0025,l2x1",C_union,learned,count,binary,False,auc,0,600.0,264050,264050.0,61402.0,40000.0,679158.0,0.39923405157562747,0.2836594964121477,0.28118430341803424,39976.0,24.0,0.0006,0.6838,0.3162,1.0
toolagent_trace,0.0025,1.0,"l1=0.0025,l2x1",C_union,learned,count,count,True,spearman,0,600.0,264050,264050.0,61402.0,40000.0,679158.0,0.39923405157562747,nan,-0.33555385658687636,39976.0,24.0,0.0006,0.6838,nan,1.0
toolagent_trace,0.0025,1.0,"l1=0.0025,l2x1",C_union,learned,count,next_use,False,spearman,0,600.0,264050,264050.0,61402.0,40000.0,679158.0,0.3991206758957415,nan,-0.35548461695850797,39976.0,24.0,0.0006,0.68435,nan,1.0
toolagent_trace,0.0025,1.0,"l1=0.0025,l2x1",C_union,learned,next_use,binary,False,auc,0,600.0,263469,263469.0,61067.0,40000.0,679183.0,0.4774928112158284,0.3830837142773212,0.3823848749695055,39990.0,10.0,0.00025,0.685975,0.31404070203510176,1.0
toolagent_trace,0.0025,1.0,"l1=0.0025,l2x1",C_union,learned,next_use,count,False,spearman,0,600.0,263469,263469.0,61067.0,40000.0,679183.0,0.4774633640712444,nan,-0.15139475344972714,39992.0,8.0,0.0002,0.68595,nan,1.0
toolagent_trace,0.0025,1.0,"l1=0.0025,l2x1",C_union,learned,next_use,next_use,True,spearman,0,600.0,263469,263469.0,61067.0,40000.0,679183.0,0.4772645958453024,nan,-0.1637649742881884,39992.0,8.0,0.0002,0.686675,nan,1.0
toolagent_trace,0.0025,1.0,"l1=0.0025,l2x1",lfu_s,sampled,,binary,False,auc,0,600.0,264333,264333.0,60900.0,40000.0,679175.0,0.7835800787720396,0.4448971211628062,0.4895447382856823,38614.0,1386.0,0.03465,0.7254,0.2844564147718444,1.0
toolagent_trace,0.0025,1.0,"l1=0.0025,l2x1",lfu_s,sampled,,count,False,spearman,0,600.0,264333,264333.0,60900.0,40000.0,679175.0,0.762956528140759,nan,-0.027489225680445352,39997.0,3.0,7.5e-05,0.708225,nan,1.0
toolagent_trace,0.0025,1.0,"l1=0.0025,l2x1",lfu_s,sampled,,next_use,False,spearman,0,600.0,264333,264333.0,60900.0,40000.0,679175.0,0.7750064416387529,nan,0.006496914568897808,40000.0,0.0,0.0,0.693325,nan,1.0
toolagent_trace,0.0025,1.0,"l1=0.0025,l2x1",lru_2hit_s,sampled,,binary,False,auc,0,600.0,84981,84981.0,20383.0,20383.0,346477.0,0.5613590512501552,0.501240186368776,0.5019980403337084,20300.0,83.0,0.0040720208016484325,0.4442918118039543,0.5578428958384635,1.0
toolagent_trace,0.0025,1.0,"l1=0.0025,l2x1",lru_2hit_s,sampled,,count,False,spearman,0,600.0,84981,84981.0,20383.0,20383.0,346477.0,0.5592376983176373,nan,-0.0035175916169396726,20376.0,5.0,0.00024530245793062845,0.4425746945984399,nan,1.0
toolagent_trace,0.0025,1.0,"l1=0.0025,l2x1",lru_2hit_s,sampled,,next_use,False,spearman,0,600.0,84981,84981.0,20383.0,20383.0,346477.0,0.560236321602877,nan,-0.008642568708752262,20376.0,5.0,0.00024530245793062845,0.440661335426581,nan,1.0
toolagent_trace,0.0025,1.0,"l1=0.0025,l2x1",lru_s,sampled,,binary,False,auc,0,600.0,269246,269246.0,61846.0,40000.0,677943.0,0.31601329315296417,0.4868192451489323,0.488129478405133,39413.0,587.0,0.014675,0.679475,0.3205330133253331,1.0
toolagent_trace,0.0025,1.0,"l1=0.0025,l2x1",lru_s,sampled,,count,False,spearman,0,600.0,269246,269246.0,61846.0,40000.0,677943.0,0.3159911673990291,nan,-0.022873172878218523,38499.0,586.0,0.01465,0.67945,nan,1.0
toolagent_trace,0.0025,1.0,"l1=0.0025,l2x1",lru_s,sampled,,next_use,False,spearman,0,600.0,269246,269246.0,61846.0,40000.0,677943.0,0.3155870036271486,nan,-0.024562327890616086,38499.0,586.0,0.01465,0.680175,nan,1.0
toolagent_trace,0.0025,4.0,"l1=0.0025,l2x4",A_none,learned,binary,binary,True,auc,0,600.0,250393,250393.0,57442.0,40000.0,679069.0,0.5562910396439832,0.6167288703812943,0.6170219966957853,39999.0,1.0,2.5e-05,0.725225,0.27478186954673867,1.0
toolagent_trace,0.0025,4.0,"l1=0.0025,l2x4",A_none,learned,binary,count,False,spearman,0,600.0,250393,250393.0,57442.0,40000.0,679069.0,0.5562807314131554,nan,0.24821550486989527,40000.0,0.0,0.0,0.725225,nan,1.0
toolagent_trace,0.0025,4.0,"l1=0.0025,l2x4",A_none,learned,binary,next_use,False,spearman,0,600.0,250393,250393.0,57442.0,40000.0,679069.0,0.5561585052476258,nan,0.2174428165001636,40000.0,0.0,0.0,0.725325,nan,1.0
toolagent_trace,0.0025,4.0,"l1=0.0025,l2x4",A_none,learned,count,binary,False,auc,0,600.0,250569,250569.0,57829.0,40000.0,679042.0,0.6025047051581492,0.6630143810795052,0.6632613028460949,39992.0,8.0,0.0002,0.720825,0.2792308461692338,1.0
toolagent_trace,0.0025,4.0,"l1=0.0025,l2x4",A_none,learned,count,count,True,spearman,0,600.0,250569,250569.0,57829.0,40000.0,679042.0,0.6024295993473158,nan,0.27805591644060307,40000.0,0.0,0.0,0.720725,nan,1.0
toolagent_trace,0.0025,4.0,"l1=0.0025,l2x4",A_none,learned,count,next_use,False,spearman,0,600.0,250569,250569.0,57829.0,40000.0,679042.0,0.6024001460881654,nan,0.20538062056724576,40000.0,0.0,0.0,0.720825,nan,1.0
toolagent_trace,0.0025,4.0,"l1=0.0025,l2x4",A_none,learned,next_use,binary,False,auc,0,600.0,249685,249685.0,57668.0,40000.0,679165.0,0.579249519630723,0.6302533078408431,0.6297219164244929,39996.0,4.0,0.0001,0.722,0.27802780278027805,1.0
toolagent_trace,0.0025,4.0,"l1=0.0025,l2x4",A_none,learned,next_use,count,False,spearman,0,600.0,249685,249685.0,57668.0,40000.0,679165.0,0.5792200717056974,nan,0.2570847077502528,40000.0,0.0,0.0,0.721925,nan,1.0
toolagent_trace,0.0025,4.0,"l1=0.0025,l2x4",A_none,learned,next_use,next_use,True,spearman,0,600.0,249685,249685.0,57668.0,40000.0,679165.0,0.5791390899118771,nan,0.19669791670606881,40000.0,0.0,0.0,0.7224,nan,1.0
toolagent_trace,0.0025,4.0,"l1=0.0025,l2x4",A_pd,learned,binary,binary,True,auc,0,600.0,251733,251733.0,57839.0,40000.0,679114.0,0.5684862924339654,0.6335669890385424,0.6336173244301057,39990.0,10.0,0.00025,0.715275,0.28479619904976244,1.0
toolagent_trace,0.0025,4.0,"l1=0.0025,l2x4",A_pd,learned,binary,count,False,spearman,0,600.0,251733,251733.0,57839.0,40000.0,679114.0,0.5683832169562106,nan,0.26251177886730825,40000.0,0.0,0.0,0.715175,nan,1.0
toolagent_trace,0.0025,4.0,"l1=0.0025,l2x4",A_pd,learned,binary,next_use,False,spearman,0,600.0,251733,251733.0,57839.0,40000.0,679114.0,0.5682315487532285,nan,0.21415569247966568,40000.0,0.0,0.0,0.715275,nan,1.0
toolagent_trace,0.0025,4.0,"l1=0.0025,l2x4",A_pd,learned,count,binary,False,auc,0,600.0,250324,250324.0,57629.0,40000.0,679094.0,0.6236470945112164,0.683121551942014,0.6831113197943319,39983.0,17.0,0.000425,0.725125,0.2749918715454068,1.0
toolagent_trace,0.0025,4.0,"l1=0.0025,l2x4",A_pd,learned,count,count,True,spearman,0,600.0,250324,250324.0,57629.0,40000.0,679094.0,0.6234968943916454,nan,0.3215762552424026,40000.0,0.0,0.0,0.724925,nan,1.0
toolagent_trace,0.0025,4.0,"l1=0.0025,l2x4",A_pd,learned,count,next_use,False,spearman,0,600.0,250324,250324.0,57629.0,40000.0,679094.0,0.6235072022429885,nan,0.22953123008077442,40000.0,0.0,0.0,0.725,nan,1.0
toolagent_trace,0.0025,4.0,"l1=0.0025,l2x4",A_pd,learned,next_use,binary,False,auc,0,600.0,249886,249886.0,57548.0,40000.0,679102.0,0.6073550070534324,0.6697102594044411,0.6697362820107399,39987.0,13.0,0.000325,0.7253,0.2747893065246205,1.0
toolagent_trace,0.0025,4.0,"l1=0.0025,l2x4",A_pd,learned,next_use,count,False,spearman,0,600.0,249886,249886.0,57548.0,40000.0,679102.0,0.6072298417616205,nan,0.33523161321613554,40000.0,0.0,0.0,0.725175,nan,1.0
toolagent_trace,0.0025,4.0,"l1=0.0025,l2x4",A_pd,learned,next_use,next_use,True,spearman,0,600.0,249886,249886.0,57548.0,40000.0,679102.0,0.6071694679149818,nan,0.2455750140335795,40000.0,0.0,0.0,0.725625,nan,1.0
toolagent_trace,0.0025,4.0,"l1=0.0025,l2x4",B,learned,binary,binary,True,auc,0,600.0,251466,251466.0,58043.0,40000.0,679088.0,0.533216608156822,0.5338666675587164,0.5339200336502613,39999.0,1.0,2.5e-05,0.7175,0.2825070626765669,1.0
toolagent_trace,0.0025,4.0,"l1=0.0025,l2x4",B,learned,binary,count,False,spearman,0,600.0,251466,251466.0,58043.0,40000.0,679088.0,0.5332107179040124,nan,0.09340701560101622,40000.0,0.0,0.0,0.717475,nan,1.0
toolagent_trace,0.0025,4.0,"l1=0.0025,l2x4",B,learned,binary,next_use,False,spearman,0,600.0,251466,251466.0,58043.0,40000.0,679088.0,0.5331061659166412,nan,0.054350377218751626,40000.0,0.0,0.0,0.71775,nan,1.0
toolagent_trace,0.0025,4.0,"l1=0.0025,l2x4",B,learned,count,binary,False,auc,0,600.0,252578,252578.0,58367.0,40000.0,679144.0,0.52894378806262,0.5679959393831353,0.5679948934516464,39997.0,3.0,7.5e-05,0.711925,0.2880966072455434,1.0
toolagent_trace,0.0025,4.0,"l1=0.0025,l2x4",B,learned,count,count,True,spearman,0,600.0,252578,252578.0,58367.0,40000.0,679144.0,0.5289202289941456,nan,0.1481958446051152,40000.0,0.0,0.0,0.711875,nan,1.0
toolagent_trace,0.0025,4.0,"l1=0.0025,l2x4",B,learned,count,next_use,False,spearman,0,600.0,252578,252578.0,58367.0,40000.0,679144.0,0.5287877092339769,nan,0.09454921596943174,40000.0,0.0,0.0,0.7119,nan,1.0
toolagent_trace,0.0025,4.0,"l1=0.0025,l2x4",B,learned,next_use,binary,False,auc,0,600.0,250756,250756.0,57782.0,40000.0,679142.0,0.5474731352206166,0.5781769416954031,0.578329490371108,39998.0,2.0,5e-05,0.719625,0.28038901945097255,1.0
toolagent_trace,0.0025,4.0,"l1=0.0025,l2x4",B,learned,next_use,count,False,spearman,0,600.0,250756,250756.0,57782.0,40000.0,679142.0,0.5474481036366474,nan,0.18543562739948224,40000.0,0.0,0.0,0.7196,nan,1.0
toolagent_trace,0.0025,4.0,"l1=0.0025,l2x4",B,learned,next_use,next_use,True,spearman,0,600.0,250756,250756.0,57782.0,40000.0,679142.0,0.5473244181629173,nan,0.1400660341639486,40000.0,0.0,0.0,0.719675,nan,1.0
toolagent_trace,0.0025,4.0,"l1=0.0025,l2x4",C_lfu,learned,binary,binary,True,auc,0,600.0,252383,252383.0,58401.0,40000.0,679104.0,0.5645718476109698,0.5785504692942387,0.5790517273426429,39994.0,6.0,0.00015,0.713475,0.28656798519777965,1.0
toolagent_trace,0.0025,4.0,"l1=0.0025,l2x4",C_lfu,learned,binary,count,False,spearman,0,600.0,252383,252383.0,58401.0,40000.0,679104.0,0.5645114739421355,nan,0.14920262187500244,40000.0,0.0,0.0,0.7134,nan,1.0
toolagent_trace,0.0025,4.0,"l1=0.0025,l2x4",C_lfu,learned,binary,next_use,False,spearman,0,600.0,252383,252383.0,58401.0,40000.0,679104.0,0.5644319574026954,nan,0.09902194230561538,40000.0,0.0,0.0,0.713825,nan,1.0
toolagent_trace,0.0025,4.0,"l1=0.0025,l2x4",C_lfu,learned,count,binary,False,auc,0,600.0,251795,251795.0,58226.0,40000.0,679035.0,0.5575102903384951,0.5321279276689038,0.532199346282239,39996.0,4.0,0.0001,0.715475,0.28455345534553456,1.0
toolagent_trace,0.0025,4.0,"l1=0.0025,l2x4",C_lfu,learned,count,count,True,spearman,0,600.0,251795,251795.0,58226.0,40000.0,679035.0,0.5574646373161913,nan,0.07123668047502134,40000.0,0.0,0.0,0.7154,nan,1.0
toolagent_trace,0.0025,4.0,"l1=0.0025,l2x4",C_lfu,learned,count,next_use,False,spearman,0,600.0,251795,251795.0,58226.0,40000.0,679035.0,0.5574013121562217,nan,0.021222708563559362,40000.0,0.0,0.0,0.7161,nan,1.0
toolagent_trace,0.0025,4.0,"l1=0.0025,l2x4",C_lfu,learned,next_use,binary,False,auc,0,600.0,250875,250875.0,57839.0,40000.0,679163.0,0.5556515887938536,0.5581049878120484,0.5582975291385976,39996.0,4.0,0.0001,0.7231,0.2769276927692769,1.0
toolagent_trace,0.0025,4.0,"l1=0.0025,l2x4",C_lfu,learned,next_use,count,False,spearman,0,600.0,250875,250875.0,57839.0,40000.0,679163.0,0.5556118339779994,nan,0.12475640587630243,40000.0,0.0,0.0,0.723075,nan,1.0
toolagent_trace,0.0025,4.0,"l1=0.0025,l2x4",C_lfu,learned,next_use,next_use,True,spearman,0,600.0,250875,250875.0,57839.0,40000.0,679163.0,0.5555382139486397,nan,0.08325900642128607,40000.0,0.0,0.0,0.7235,nan,1.0
toolagent_trace,0.0025,4.0,"l1=0.0025,l2x4",C_lru,learned,binary,binary,True,auc,0,600.0,251704,251704.0,58084.0,40000.0,679112.0,0.5392762902142798,0.5233774134102392,0.5233552152930935,39998.0,2.0,5e-05,0.71745,0.2825641282064103,1.0
toolagent_trace,0.0025,4.0,"l1=0.0025,l2x4",C_lru,learned,binary,count,False,spearman,0,600.0,251704,251704.0,58084.0,40000.0,679112.0,0.5392512575245321,nan,0.06840139918282118,40000.0,0.0,0.0,0.71745,nan,1.0
toolagent_trace,0.0025,4.0,"l1=0.0025,l2x4",C_lru,learned,binary,next_use,False,spearman,0,600.0,251704,251704.0,58084.0,40000.0,679112.0,0.5391319841204396,nan,0.03157322804547044,40000.0,0.0,0.0,0.718025,nan,1.0
toolagent_trace,0.0025,4.0,"l1=0.0025,l2x4",C_lru,learned,count,binary,False,auc,0,600.0,251570,251570.0,58173.0,40000.0,679157.0,0.5347629487732586,0.5628088763159357,0.5627773077395255,39999.0,1.0,2.5e-05,0.71385,0.28615,1.0
toolagent_trace,0.0025,4.0,"l1=0.0025,l2x4",C_lru,learned,count,count,True,spearman,0,600.0,251570,251570.0,58173.0,40000.0,679157.0,0.5347629487732586,nan,0.13796709653043704,39999.0,1.0,2.5e-05,0.71385,nan,1.0
toolagent_trace,0.0025,4.0,"l1=0.0025,l2x4",C_lru,learned,count,next_use,False,spearman,0,600.0,251570,251570.0,58173.0,40000.0,679157.0,0.5346260143089153,nan,0.08522616804372005,39999.0,1.0,2.5e-05,0.714075,nan,1.0
toolagent_trace,0.0025,4.0,"l1=0.0025,l2x4",C_lru,learned,next_use,binary,False,auc,0,600.0,250894,250894.0,58011.0,40000.0,679119.0,0.5415118705263732,0.5411773033527868,0.5410818189705631,39999.0,1.0,2.5e-05,0.71725,0.28275706892672314,1.0
toolagent_trace,0.0025,4.0,"l1=0.0025,l2x4",C_lru,learned,next_use,count,False,spearman,0,600.0,250894,250894.0,58011.0,40000.0,679119.0,0.5415030355504705,nan,0.11280345630956676,40000.0,0.0,0.0,0.71725,nan,1.0
toolagent_trace,0.0025,4.0,"l1=0.0025,l2x4",C_lru,learned,next_use,next_use,True,spearman,0,600.0,250894,250894.0,58011.0,40000.0,679119.0,0.5414470807030873,nan,0.06040336186133002,40000.0,0.0,0.0,0.7175,nan,1.0
toolagent_trace,0.0025,4.0,"l1=0.0025,l2x4",C_union,learned,binary,binary,True,auc,0,600.0,251657,251657.0,58123.0,40000.0,679006.0,0.5619317060526711,0.5744157022789322,0.5747337546318774,39993.0,7.0,0.000175,0.718975,0.281074187982897,1.0
toolagent_trace,0.0025,4.0,"l1=0.0025,l2x4",C_union,learned,binary,count,False,spearman,0,600.0,251657,251657.0,58123.0,40000.0,679006.0,0.5618551235187907,nan,0.151723287814851,40000.0,0.0,0.0,0.71885,nan,1.0
toolagent_trace,0.0025,4.0,"l1=0.0025,l2x4",C_union,learned,binary,next_use,False,spearman,0,600.0,251657,251657.0,58123.0,40000.0,679006.0,0.5617608680924764,nan,0.10149163999627028,40000.0,0.0,0.0,0.7196,nan,1.0
toolagent_trace,0.0025,4.0,"l1=0.0025,l2x4",C_union,learned,count,binary,False,auc,0,600.0,251479,251479.0,58078.0,40000.0,679187.0,0.546803752133065,0.5272369223734638,0.527266259461025,40000.0,0.0,0.0,0.715925,0.284075,1.0
toolagent_trace,0.0025,4.0,"l1=0.0025,l2x4",C_union,learned,count,count,True,spearman,0,600.0,251479,251479.0,58078.0,40000.0,679187.0,0.546803752133065,nan,0.06374237796206544,40000.0,0.0,0.0,0.715925,nan,1.0
toolagent_trace,0.0025,4.0,"l1=0.0025,l2x4",C_union,learned,count,next_use,False,spearman,0,600.0,251479,251479.0,58078.0,40000.0,679187.0,0.5466800748542007,nan,0.01619208579687462,40000.0,0.0,0.0,0.71645,nan,1.0
toolagent_trace,0.0025,4.0,"l1=0.0025,l2x4",C_union,learned,next_use,binary,False,auc,0,600.0,250659,250659.0,57839.0,40000.0,679114.0,0.5485618025839549,0.5452297993301624,0.5450651057948402,39994.0,6.0,0.00015,0.721675,0.278366755013252,1.0
toolagent_trace,0.0025,4.0,"l1=0.0025,l2x4",C_union,learned,next_use,count,False,spearman,0,600.0,250659,250659.0,57839.0,40000.0,679114.0,0.5484940672700018,nan,0.1124309700048888,40000.0,0.0,0.0,0.721575,nan,1.0
toolagent_trace,0.0025,4.0,"l1=0.0025,l2x4",C_union,learned,next_use,next_use,True,spearman,0,600.0,250659,250659.0,57839.0,40000.0,679114.0,0.5484366395038242,nan,0.07971666643713754,40000.0,0.0,0.0,0.72185,nan,1.0
toolagent_trace,0.0025,4.0,"l1=0.0025,l2x4",lfu_s,sampled,,binary,False,auc,0,600.0,251950,251950.0,58215.0,40000.0,678752.0,0.5610473339305078,0.7088723776551581,0.7087865362081279,39995.0,5.0,0.000125,0.72055,0.27948493561695215,1.0
toolagent_trace,0.0025,4.0,"l1=0.0025,l2x4",lfu_s,sampled,,count,False,spearman,0,600.0,251950,251950.0,58215.0,40000.0,678752.0,0.5610075550421951,nan,0.3171853238525304,40000.0,0.0,0.0,0.720525,nan,1.0
toolagent_trace,0.0025,4.0,"l1=0.0025,l2x4",lfu_s,sampled,,next_use,False,spearman,0,600.0,251950,251950.0,58215.0,40000.0,678752.0,0.5609368370185281,nan,0.27175242059027555,40000.0,0.0,0.0,0.72085,nan,1.0
toolagent_trace,0.0025,4.0,"l1=0.0025,l2x4",lru_2hit_s,sampled,,binary,False,auc,0,600.0,70887,70887.0,17312.0,17312.0,294271.0,0.5470297786733996,0.5204781753157294,0.5205116307664509,17310.0,2.0,0.0001155268022181146,0.49774722735674676,0.502310803004044,1.0
toolagent_trace,0.0025,4.0,"l1=0.0025,l2x4",lru_2hit_s,sampled,,count,False,spearman,0,600.0,70887,70887.0,17312.0,17312.0,294271.0,0.5469550176537953,nan,0.03370400291319214,17312.0,0.0,0.0,0.49774722735674676,nan,1.0
toolagent_trace,0.0025,4.0,"l1=0.0025,l2x4",lru_2hit_s,sampled,,next_use,False,spearman,0,600.0,70887,70887.0,17312.0,17312.0,294271.0,0.5466933540851799,nan,0.02143202513118727,17312.0,0.0,0.0,0.49763170055452866,nan,1.0
toolagent_trace,0.0025,4.0,"l1=0.0025,l2x4",lru_s,sampled,,binary,False,auc,0,600.0,264044,264044.0,60966.0,40000.0,677931.0,0.32029070805140936,0.4994576587021877,0.49901646522667664,39812.0,188.0,0.0047,0.6835,0.3165,1.0
toolagent_trace,0.0025,4.0,"l1=0.0025,l2x4",lru_s,sampled,,count,False,spearman,0,600.0,264044,264044.0,60966.0,40000.0,677931.0,0.32029070805140936,nan,0.0006183125250332163,39812.0,188.0,0.0047,0.6835,nan,1.0
toolagent_trace,0.0025,4.0,"l1=0.0025,l2x4",lru_s,sampled,,next_use,False,spearman,0,600.0,264044,264044.0,60966.0,40000.0,677931.0,0.31991603865290125,nan,-0.005922677170422702,39810.0,190.0,0.00475,0.683725,nan,1.0
toolagent_trace,0.01,1.0,"l1=0.01,l2x1",A_none,learned,binary,binary,True,auc,0,600.0,245466,245466.0,56465.0,40000.0,679058.0,0.525287972455961,0.6112522597442857,0.6114285863179503,39996.0,4.0,0.0001,0.73415,0.2658765876587659,1.0
toolagent_trace,0.01,1.0,"l1=0.01,l2x1",A_none,learned,binary,count,False,spearman,0,600.0,245466,245466.0,56465.0,40000.0,679058.0,0.5252570472625313,nan,0.24085955339785206,40000.0,0.0,0.0,0.734125,nan,1.0
toolagent_trace,0.01,1.0,"l1=0.01,l2x1",A_none,learned,binary,next_use,False,spearman,0,600.0,245466,245466.0,56465.0,40000.0,679058.0,0.5251495453996566,nan,0.20878008882227395,40000.0,0.0,0.0,0.734125,nan,1.0
toolagent_trace,0.01,1.0,"l1=0.01,l2x1",A_none,learned,count,binary,False,auc,0,600.0,245566,245566.0,56881.0,40000.0,679122.0,0.5762528676732604,0.6533397370652453,0.6535112378891287,39997.0,3.0,7.5e-05,0.72925,0.270770307773083,1.0
toolagent_trace,0.01,1.0,"l1=0.01,l2x1",A_none,learned,count,count,True,spearman,0,600.0,245566,245566.0,56881.0,40000.0,679122.0,0.5762307803310746,nan,0.266079815392539,40000.0,0.0,0.0,0.72925,nan,1.0
toolagent_trace,0.01,1.0,"l1=0.01,l2x1",A_none,learned,count,next_use,False,spearman,0,600.0,245566,245566.0,56881.0,40000.0,679122.0,0.5761895506256608,nan,0.19027117545081257,40000.0,0.0,0.0,0.7294,nan,1.0
toolagent_trace,0.01,1.0,"l1=0.01,l2x1",A_none,learned,next_use,binary,False,auc,0,600.0,244910,244910.0,56730.0,40000.0,679049.0,0.5588727764859385,0.6205993608976188,0.6204438834780776,39996.0,4.0,0.0001,0.73225,0.26777677767776775,1.0
toolagent_trace,0.01,1.0,"l1=0.01,l2x1",A_none,learned,next_use,count,False,spearman,0,600.0,244910,244910.0,56730.0,40000.0,679049.0,0.5588374329393019,nan,0.24539219050171024,40000.0,0.0,0.0,0.732225,nan,1.0
toolagent_trace,0.01,1.0,"l1=0.01,l2x1",A_none,learned,next_use,next_use,True,spearman,0,600.0,244910,244910.0,56730.0,40000.0,679049.0,0.5588065073359949,nan,0.17414154663760736,40000.0,0.0,0.0,0.732425,nan,1.0
toolagent_trace,0.01,1.0,"l1=0.01,l2x1",A_pd,learned,binary,binary,True,auc,0,600.0,245224,245224.0,56611.0,40000.0,679019.0,0.5442793206081126,0.6269471730248201,0.6272090956556127,39994.0,6.0,0.00015,0.730875,0.26915191519151915,1.0
toolagent_trace,0.01,1.0,"l1=0.01,l2x1",A_pd,learned,binary,count,False,spearman,0,600.0,245224,245224.0,56611.0,40000.0,679019.0,0.5442439754999492,nan,0.25149888364043527,39998.0,2.0,5e-05,0.7308,nan,1.0
toolagent_trace,0.01,1.0,"l1=0.01,l2x1",A_pd,learned,binary,next_use,False,spearman,0,600.0,245224,245224.0,56611.0,40000.0,679019.0,0.544117322195697,nan,0.21234685394820757,39998.0,2.0,5e-05,0.730975,nan,1.0
toolagent_trace,0.01,1.0,"l1=0.01,l2x1",A_pd,learned,count,binary,False,auc,0,600.0,244674,244674.0,56518.0,40000.0,679150.0,0.603410145034234,0.6774654539283685,0.6765475594680243,39987.0,13.0,0.000325,0.73285,0.2672368519768925,1.0
toolagent_trace,0.01,1.0,"l1=0.01,l2x1",A_pd,learned,count,count,True,spearman,0,600.0,244674,244674.0,56518.0,40000.0,679150.0,0.6032923507325333,nan,0.3160952951556461,40000.0,0.0,0.0,0.732775,nan,1.0
toolagent_trace,0.01,1.0,"l1=0.01,l2x1",A_pd,learned,count,next_use,False,spearman,0,600.0,244674,244674.0,56518.0,40000.0,679150.0,0.6032982404476184,nan,0.21938225275530504,40000.0,0.0,0.0,0.73275,nan,1.0
toolagent_trace,0.01,1.0,"l1=0.01,l2x1",A_pd,learned,next_use,binary,False,auc,0,600.0,244892,244892.0,56564.0,40000.0,679050.0,0.5917649657609896,0.6712108534544585,0.6708107018529884,39989.0,11.0,0.000275,0.7354,0.2646727850158794,1.0
toolagent_trace,0.01,1.0,"l1=0.01,l2x1",A_pd,learned,next_use,count,False,spearman,0,600.0,244892,244892.0,56564.0,40000.0,679050.0,0.5916677711508725,nan,0.3354763627571728,40000.0,0.0,0.0,0.735275,nan,1.0
toolagent_trace,0.01,1.0,"l1=0.01,l2x1",A_pd,learned,next_use,next_use,True,spearman,0,600.0,244892,244892.0,56564.0,40000.0,679050.0,0.5916265370738532,nan,0.26658097680503384,40000.0,0.0,0.0,0.735175,nan,1.0
toolagent_trace,0.01,1.0,"l1=0.01,l2x1",B,learned,binary,binary,True,auc,0,600.0,246314,246314.0,57070.0,40000.0,679061.0,0.5339682296583076,0.5460390689445821,0.5461124292079405,39994.0,6.0,0.00015,0.7256,0.27444116617492625,1.0
toolagent_trace,0.01,1.0,"l1=0.01,l2x1",B,learned,binary,count,False,spearman,0,600.0,246314,246314.0,57070.0,40000.0,679061.0,0.5339122700317055,nan,0.11672970119256788,40000.0,0.0,0.0,0.725525,nan,1.0
toolagent_trace,0.01,1.0,"l1=0.01,l2x1",B,learned,binary,next_use,False,spearman,0,600.0,246314,246314.0,57070.0,40000.0,679061.0,0.5338283305918025,nan,0.06415450751039266,40000.0,0.0,0.0,0.72565,nan,1.0
toolagent_trace,0.01,1.0,"l1=0.01,l2x1",B,learned,count,binary,False,auc,0,600.0,246983,246983.0,57418.0,40000.0,679260.0,0.48525748608780145,0.49012486368107167,0.4901336525714245,39999.0,1.0,2.5e-05,0.72215,0.2778569464236606,1.0
toolagent_trace,0.01,1.0,"l1=0.01,l2x1",B,learned,count,count,True,spearman,0,600.0,246983,246983.0,57418.0,40000.0,679260.0,0.48524423637487857,nan,0.008651865971646888,40000.0,0.0,0.0,0.72215,nan,1.0
toolagent_trace,0.01,1.0,"l1=0.01,l2x1",B,learned,count,next_use,False,spearman,0,600.0,246983,246983.0,57418.0,40000.0,679260.0,0.4852074316167594,nan,-0.034834798621977706,40000.0,0.0,0.0,0.7223,nan,1.0
toolagent_trace,0.01,1.0,"l1=0.01,l2x1",B,learned,next_use,binary,False,auc,0,600.0,248480,248480.0,57618.0,40000.0,678798.0,0.47631106750461844,0.6427284720392056,0.6425628728930796,39992.0,8.0,0.0002,0.718425,0.2815961197089782,1.0
toolagent_trace,0.01,1.0,"l1=0.01,l2x1",B,learned,next_use,count,False,spearman,0,600.0,248480,248480.0,57618.0,40000.0,678798.0,0.4762668717350375,nan,0.27503722552847376,39995.0,5.0,0.000125,0.7184,nan,1.0
toolagent_trace,0.01,1.0,"l1=0.01,l2x1",B,learned,next_use,next_use,True,spearman,0,600.0,248480,248480.0,57618.0,40000.0,678798.0,0.4761357576186141,nan,0.2213739818507137,39995.0,5.0,0.000125,0.71845,nan,1.0
toolagent_trace,0.01,1.0,"l1=0.01,l2x1",C_lfu,learned,binary,binary,True,auc,0,600.0,246816,246816.0,57249.0,40000.0,679116.0,0.5437053463620354,0.6012039137110191,0.6017056055152491,39998.0,2.0,5e-05,0.7289,0.2711135556777839,1.0
toolagent_trace,0.01,1.0,"l1=0.01,l2x1",C_lfu,learned,binary,count,False,spearman,0,600.0,246816,246816.0,57249.0,40000.0,679116.0,0.5436773688147533,nan,0.18583284137858597,40000.0,0.0,0.0,0.728875,nan,1.0
toolagent_trace,0.01,1.0,"l1=0.01,l2x1",C_lfu,learned,binary,next_use,False,spearman,0,600.0,246816,246816.0,57249.0,40000.0,679116.0,0.5436066886953039,nan,0.13120863589216192,40000.0,0.0,0.0,0.729075,nan,1.0
toolagent_trace,0.01,1.0,"l1=0.01,l2x1",C_lfu,learned,count,binary,False,auc,0,600.0,246874,246874.0,57379.0,40000.0,679014.0,0.5477368655138186,0.5606035484266975,0.5608843569068924,39998.0,2.0,5e-05,0.726475,0.2735386769338467,1.0
toolagent_trace,0.01,1.0,"l1=0.01,l2x1",C_lfu,learned,count,count,True,spearman,0,600.0,246874,246874.0,57379.0,40000.0,679014.0,0.5477250837243415,nan,0.1147217444723637,40000.0,0.0,0.0,0.726425,nan,1.0
toolagent_trace,0.01,1.0,"l1=0.01,l2x1",C_lfu,learned,count,next_use,False,spearman,0,600.0,246874,246874.0,57379.0,40000.0,679014.0,0.5476779565664331,nan,0.059752152757484404,40000.0,0.0,0.0,0.7266,nan,1.0
toolagent_trace,0.01,1.0,"l1=0.01,l2x1",C_lfu,learned,next_use,binary,False,auc,0,600.0,246177,246177.0,57098.0,40000.0,679147.0,0.53614754979408,0.5662486076158257,0.5662621927438994,39994.0,6.0,0.00015,0.727275,0.27275909488686084,1.0
toolagent_trace,0.01,1.0,"l1=0.01,l2x1",C_lfu,learned,next_use,count,False,spearman,0,600.0,246177,246177.0,57098.0,40000.0,679147.0,0.5360945421241646,nan,0.13652108695860432,39999.0,1.0,2.5e-05,0.727225,nan,1.0
toolagent_trace,0.01,1.0,"l1=0.01,l2x1",C_lfu,learned,next_use,next_use,True,spearman,0,600.0,246177,246177.0,57098.0,40000.0,679147.0,0.5360223927956687,nan,0.08610824892425657,39999.0,1.0,2.5e-05,0.7274,nan,1.0
toolagent_trace,0.01,1.0,"l1=0.01,l2x1",C_lru,learned,binary,binary,True,auc,0,600.0,247377,247377.0,57338.0,40000.0,679123.0,0.49717650558146315,0.5103506218713673,0.5102500744978526,39999.0,1.0,2.5e-05,0.72095,0.27905,1.0
toolagent_trace,0.01,1.0,"l1=0.01,l2x1",C_lru,learned,binary,count,False,spearman,0,600.0,247377,247377.0,57338.0,40000.0,679123.0,0.49717650558146315,nan,0.04019559763155514,39999.0,1.0,2.5e-05,0.72095,nan,1.0
toolagent_trace,0.01,1.0,"l1=0.01,l2x1",C_lru,learned,binary,next_use,False,spearman,0,600.0,247377,247377.0,57338.0,40000.0,679123.0,0.4970911013174344,nan,0.007933495434622516,39999.0,1.0,2.5e-05,0.721175,nan,1.0
toolagent_trace,0.01,1.0,"l1=0.01,l2x1",C_lru,learned,count,binary,False,auc,0,600.0,246999,246999.0,57432.0,40000.0,679205.0,0.4918573920981147,0.46608651495008724,0.4661592113800661,39998.0,2.0,5e-05,0.719775,0.2802390119505975,1.0
toolagent_trace,0.01,1.0,"l1=0.01,l2x1",C_lru,learned,count,count,True,spearman,0,600.0,246999,246999.0,57432.0,40000.0,679205.0,0.49184266900273116,nan,-0.03201234857380706,40000.0,0.0,0.0,0.719725,nan,1.0
toolagent_trace,0.01,1.0,"l1=0.01,l2x1",C_lru,learned,count,next_use,False,spearman,0,600.0,246999,246999.0,57432.0,40000.0,679205.0,0.4917940827879653,nan,-0.07395754674734631,40000.0,0.0,0.0,0.7199,nan,1.0
toolagent_trace,0.01,1.0,"l1=0.01,l2x1",C_lru,learned,next_use,binary,False,auc,0,600.0,246877,246877.0,57329.0,40000.0,679130.0,0.4834935873838588,0.5257243538091931,0.5256853261123681,39999.0,1.0,2.5e-05,0.7216,0.2784,1.0
toolagent_trace,0.01,1.0,"l1=0.01,l2x1",C_lru,learned,next_use,count,False,spearman,0,600.0,246877,246877.0,57329.0,40000.0,679130.0,0.4834935873838588,nan,0.06657839702384562,39999.0,1.0,2.5e-05,0.7216,nan,1.0
toolagent_trace,0.01,1.0,"l1=0.01,l2x1",C_lru,learned,next_use,next_use,True,spearman,0,600.0,246877,246877.0,57329.0,40000.0,679130.0,0.4834302710821198,nan,0.024843188647451275,39999.0,1.0,2.5e-05,0.72175,nan,1.0
toolagent_trace,0.01,1.0,"l1=0.01,l2x1",C_union,learned,binary,binary,True,auc,0,600.0,245985,245985.0,56947.0,40000.0,679044.0,0.5451914750737802,0.599910994030898,0.6001696150460619,39998.0,2.0,5e-05,0.73095,0.2690567264181605,1.0
toolagent_trace,0.01,1.0,"l1=0.01,l2x1",C_union,learned,binary,count,False,spearman,0,600.0,245985,245985.0,56947.0,40000.0,679044.0,0.5451738031703395,nan,0.19594561218777698,39999.0,1.0,2.5e-05,0.73095,nan,1.0
toolagent_trace,0.01,1.0,"l1=0.01,l2x1",C_union,learned,binary,next_use,False,spearman,0,600.0,245985,245985.0,56947.0,40000.0,679044.0,0.5450942796048562,nan,0.13660363406323062,39999.0,1.0,2.5e-05,0.73115,nan,1.0
toolagent_trace,0.01,1.0,"l1=0.01,l2x1",C_union,learned,count,binary,False,auc,0,600.0,246538,246538.0,57151.0,40000.0,679106.0,0.5413985445571089,0.5628706327781076,0.5631417622936731,39998.0,2.0,5e-05,0.7261,0.2739068476711918,1.0
toolagent_trace,0.01,1.0,"l1=0.01,l2x1",C_union,learned,count,count,True,spearman,0,600.0,246538,246538.0,57151.0,40000.0,679106.0,0.5413911819362515,nan,0.12012121193419154,39999.0,1.0,2.5e-05,0.726075,nan,1.0
toolagent_trace,0.01,1.0,"l1=0.01,l2x1",C_union,learned,count,next_use,False,spearman,0,600.0,246538,246538.0,57151.0,40000.0,679106.0,0.5413396435902496,nan,0.06691459354204031,39999.0,1.0,2.5e-05,0.72635,nan,1.0
toolagent_trace,0.01,1.0,"l1=0.01,l2x1",C_union,learned,next_use,binary,False,auc,0,600.0,245389,245389.0,56786.0,40000.0,679135.0,0.5321813777820316,0.5722408856373515,0.5722854177451908,39998.0,2.0,5e-05,0.7326,0.26741337066853343,1.0
toolagent_trace,0.01,1.0,"l1=0.01,l2x1",C_union,learned,next_use,count,False,spearman,0,600.0,245389,245389.0,56786.0,40000.0,679135.0,0.5321578184013488,nan,0.15145718852250303,40000.0,0.0,0.0,0.732575,nan,1.0
toolagent_trace,0.01,1.0,"l1=0.01,l2x1",C_union,learned,next_use,next_use,True,spearman,0,600.0,245389,245389.0,56786.0,40000.0,679135.0,0.5321018648722272,nan,0.10325339843630067,40000.0,0.0,0.0,0.7328,nan,1.0
toolagent_trace,0.01,1.0,"l1=0.01,l2x1",lfu_s,sampled,,binary,False,auc,0,600.0,247109,247109.0,57386.0,40000.0,678665.0,0.5296471749685043,0.7084934714173019,0.7084290554182436,39997.0,3.0,7.5e-05,0.725575,0.2744455834187564,1.0
toolagent_trace,0.01,1.0,"l1=0.01,l2x1",lfu_s,sampled,,count,False,spearman,0,600.0,247109,247109.0,57386.0,40000.0,678665.0,0.5296162318669742,nan,0.32357541822050595,40000.0,0.0,0.0,0.725575,nan,1.0
toolagent_trace,0.01,1.0,"l1=0.01,l2x1",lfu_s,sampled,,next_use,False,spearman,0,600.0,247109,247109.0,57386.0,40000.0,678665.0,0.5295160351572573,nan,0.2779499477690974,40000.0,0.0,0.0,0.72565,nan,1.0
toolagent_trace,0.01,1.0,"l1=0.01,l2x1",lru_2hit_s,sampled,,binary,False,auc,0,600.0,65584,65584.0,16212.0,16212.0,275570.0,0.5315418949813114,0.5405477309027209,0.5401850473195322,16210.0,2.0,0.0001233654083395016,0.5364544781643227,0.4635741163407563,1.0
toolagent_trace,0.01,1.0,"l1=0.01,l2x1",lru_2hit_s,sampled,,count,False,spearman,0,600.0,65584,65584.0,16212.0,16212.0,275570.0,0.5315128642450194,nan,0.05997874918755278,16211.0,1.0,6.16827041697508e-05,0.5364544781643227,nan,1.0
toolagent_trace,0.01,1.0,"l1=0.01,l2x1",lru_2hit_s,sampled,,next_use,False,spearman,0,600.0,65584,65584.0,16212.0,16212.0,275570.0,0.5314439162463258,nan,0.062351782486458514,16211.0,1.0,6.16827041697508e-05,0.536392795460153,nan,1.0
toolagent_trace,0.01,1.0,"l1=0.01,l2x1",lru_s,sampled,,binary,False,auc,0,600.0,256014,256014.0,59390.0,40000.0,677878.0,0.3144017065017599,0.5021795499010774,0.5025357132018379,39780.0,220.0,0.0055,0.695,0.305,1.0
toolagent_trace,0.01,1.0,"l1=0.01,l2x1",lru_s,sampled,,count,False,spearman,0,600.0,256014,256014.0,59390.0,40000.0,677878.0,0.3144017065017599,nan,0.005270436340909605,39780.0,220.0,0.0055,0.695,nan,1.0
toolagent_trace,0.01,1.0,"l1=0.01,l2x1",lru_s,sampled,,next_use,False,spearman,0,600.0,256014,256014.0,59390.0,40000.0,677878.0,0.3142114067723101,nan,0.0001253444454186787,39780.0,220.0,0.0055,0.695,nan,1.0
toolagent_trace,0.01,4.0,"l1=0.01,l2x4",A_none,learned,binary,binary,True,auc,0,600.0,211264,211264.0,49983.0,40000.0,678798.0,0.34261739132996855,0.6705532923627322,0.6700302660878008,39952.0,48.0,0.0012,0.82695,0.17305,1.0
toolagent_trace,0.01,4.0,"l1=0.01,l2x4",A_none,learned,binary,count,False,spearman,0,600.0,211264,211264.0,49983.0,40000.0,678798.0,0.34261739132996855,nan,0.29651837765975037,39952.0,48.0,0.0012,0.82695,nan,1.0
toolagent_trace,0.01,4.0,"l1=0.01,l2x4",A_none,learned,binary,next_use,False,spearman,0,600.0,211264,211264.0,49983.0,40000.0,678798.0,0.3425466780986391,nan,0.2715693690030385,39952.0,48.0,0.0012,0.82705,nan,1.0
toolagent_trace,0.01,4.0,"l1=0.01,l2x4",A_none,learned,count,binary,False,auc,0,600.0,212989,212989.0,50429.0,40000.0,677861.0,0.3434155379937775,0.6828809355854858,0.6828705497212177,39968.0,32.0,0.0008,0.8173,0.1827,1.0
toolagent_trace,0.01,4.0,"l1=0.01,l2x4",A_none,learned,count,count,True,spearman,0,600.0,212989,212989.0,50429.0,40000.0,677861.0,0.3434155379937775,nan,0.3148391911658984,39968.0,32.0,0.0008,0.8173,nan,1.0
toolagent_trace,0.01,4.0,"l1=0.01,l2x4",A_none,learned,count,next_use,False,spearman,0,600.0,212989,212989.0,50429.0,40000.0,677861.0,0.3433491527023977,nan,0.2794997803442471,39968.0,32.0,0.0008,0.8174,nan,1.0
toolagent_trace,0.01,4.0,"l1=0.01,l2x4",A_none,learned,next_use,binary,False,auc,0,600.0,211564,211564.0,50156.0,40000.0,677716.0,0.35344598622431816,0.6790090941421532,0.6785968526832998,39971.0,29.0,0.000725,0.82235,0.17765,1.0
toolagent_trace,0.01,4.0,"l1=0.01,l2x4",A_none,learned,next_use,count,False,spearman,0,600.0,211564,211564.0,50156.0,40000.0,677716.0,0.35344598622431816,nan,0.3112491236544042,39971.0,29.0,0.000725,0.82235,nan,1.0
toolagent_trace,0.01,4.0,"l1=0.01,l2x4",A_none,learned,next_use,next_use,True,spearman,0,600.0,211564,211564.0,50156.0,40000.0,677716.0,0.3533589291089483,nan,0.2762374225471089,39971.0,29.0,0.000725,0.82235,nan,1.0
toolagent_trace,0.01,4.0,"l1=0.01,l2x4",A_pd,learned,binary,binary,True,auc,0,600.0,210795,210795.0,49811.0,40000.0,678827.0,0.345777348278722,0.6748581494271443,0.6744330189699381,39964.0,36.0,0.0009,0.832575,0.167425,1.0
toolagent_trace,0.01,4.0,"l1=0.01,l2x4",A_pd,learned,binary,count,False,spearman,0,600.0,210795,210795.0,49811.0,40000.0,678827.0,0.345777348278722,nan,0.30269646933626326,39964.0,36.0,0.0009,0.832575,nan,1.0
toolagent_trace,0.01,4.0,"l1=0.01,l2x4",A_pd,learned,binary,next_use,False,spearman,0,600.0,210795,210795.0,49811.0,40000.0,678827.0,0.345737573785368,nan,0.2756124422688033,39964.0,36.0,0.0009,0.832625,nan,1.0
toolagent_trace,0.01,4.0,"l1=0.01,l2x4",A_pd,learned,count,binary,False,auc,0,600.0,211862,211862.0,49929.0,40000.0,677718.0,0.34877633469968333,0.7072081744368479,0.7071432654747872,39964.0,36.0,0.0009,0.825275,0.174725,1.0
toolagent_trace,0.01,4.0,"l1=0.01,l2x4",A_pd,learned,count,count,True,spearman,0,600.0,211862,211862.0,49929.0,40000.0,677718.0,0.34877633469968333,nan,0.35535068041403006,39964.0,36.0,0.0009,0.825275,nan,1.0
toolagent_trace,0.01,4.0,"l1=0.01,l2x4",A_pd,learned,count,next_use,False,spearman,0,600.0,211862,211862.0,49929.0,40000.0,677718.0,0.3487114109408338,nan,0.3189841402160305,39964.0,36.0,0.0009,0.8253,nan,1.0
toolagent_trace,0.01,4.0,"l1=0.01,l2x4",A_pd,learned,next_use,binary,False,auc,0,600.0,212027,212027.0,50372.0,40000.0,678568.0,0.35424600040084414,0.6978643172791946,0.6974406429208455,39961.0,39.0,0.000975,0.821125,0.178875,1.0
toolagent_trace,0.01,4.0,"l1=0.01,l2x4",A_pd,learned,next_use,count,False,spearman,0,600.0,212027,212027.0,50372.0,40000.0,678568.0,0.35424600040084414,nan,0.34085679913603606,39961.0,39.0,0.000975,0.821125,nan,1.0
toolagent_trace,0.01,4.0,"l1=0.01,l2x4",A_pd,learned,next_use,next_use,True,spearman,0,600.0,212027,212027.0,50372.0,40000.0,678568.0,0.3541811579679561,nan,0.3034870464337574,39961.0,39.0,0.000975,0.821175,nan,1.0
toolagent_trace,0.01,4.0,"l1=0.01,l2x4",B,learned,binary,binary,True,auc,0,600.0,215507,215507.0,51001.0,40000.0,678846.0,0.33244358808919844,0.653309109005723,0.6532488426258763,39950.0,50.0,0.00125,0.80915,0.19085,1.0
toolagent_trace,0.01,4.0,"l1=0.01,l2x4",B,learned,binary,count,False,spearman,0,600.0,215507,215507.0,51001.0,40000.0,678846.0,0.33244358808919844,nan,0.2641798801998299,39950.0,50.0,0.00125,0.80915,nan,1.0
toolagent_trace,0.01,4.0,"l1=0.01,l2x4",B,learned,binary,next_use,False,spearman,0,600.0,215507,215507.0,51001.0,40000.0,678846.0,0.332358148976351,nan,0.23327421491280378,39950.0,50.0,0.00125,0.80915,nan,1.0
toolagent_trace,0.01,4.0,"l1=0.01,l2x4",B,learned,count,binary,False,auc,0,600.0,217610,217610.0,51265.0,40000.0,678165.0,0.32137311716175265,0.6330966517980299,0.6332394206092156,39937.0,63.0,0.001575,0.802925,0.197075,1.0
toolagent_trace,0.01,4.0,"l1=0.01,l2x4",B,learned,count,count,True,spearman,0,600.0,217610,217610.0,51265.0,40000.0,678165.0,0.32137311716175265,nan,0.22840958544275416,39937.0,63.0,0.001575,0.802925,nan,1.0
toolagent_trace,0.01,4.0,"l1=0.01,l2x4",B,learned,count,next_use,False,spearman,0,600.0,217610,217610.0,51265.0,40000.0,678165.0,0.32127727028083136,nan,0.20027337023124425,39937.0,63.0,0.001575,0.803,nan,1.0
toolagent_trace,0.01,4.0,"l1=0.01,l2x4",B,learned,next_use,binary,False,auc,0,600.0,211721,211721.0,50004.0,40000.0,677484.0,0.33328462369591016,0.6201487473751324,0.6197719477095839,39954.0,46.0,0.00115,0.828575,0.171425,1.0
toolagent_trace,0.01,4.0,"l1=0.01,l2x4",B,learned,next_use,count,False,spearman,0,600.0,211721,211721.0,50004.0,40000.0,677484.0,0.33328462369591016,nan,0.19974099748256177,39954.0,46.0,0.00115,0.828575,nan,1.0
toolagent_trace,0.01,4.0,"l1=0.01,l2x4",B,learned,next_use,next_use,True,spearman,0,600.0,211721,211721.0,50004.0,40000.0,677484.0,0.3332196775126793,nan,0.1838079925100817,39954.0,46.0,0.00115,0.8286,nan,1.0
toolagent_trace,0.01,4.0,"l1=0.01,l2x4",C_lfu,learned,binary,binary,True,auc,0,600.0,211481,211481.0,50201.0,40000.0,678676.0,0.3511336779258438,0.6887712336189654,0.6878472072165309,39968.0,32.0,0.0008,0.822925,0.177075,1.0
toolagent_trace,0.01,4.0,"l1=0.01,l2x4",C_lfu,learned,binary,count,False,spearman,0,600.0,211481,211481.0,50201.0,40000.0,678676.0,0.3511336779258438,nan,0.3248141075125557,39968.0,32.0,0.0008,0.822925,nan,1.0
toolagent_trace,0.01,4.0,"l1=0.01,l2x4",C_lfu,learned,binary,next_use,False,spearman,0,600.0,211481,211481.0,50201.0,40000.0,678676.0,0.35105853161154954,nan,0.2895030166850406,39968.0,32.0,0.0008,0.822975,nan,1.0
toolagent_trace,0.01,4.0,"l1=0.01,l2x4",C_lfu,learned,count,binary,False,auc,0,600.0,212484,212484.0,50507.0,40000.0,678480.0,0.35169054356797547,0.7039556077094693,0.7038851628413303,39966.0,34.0,0.00085,0.815175,0.184825,1.0
toolagent_trace,0.01,4.0,"l1=0.01,l2x4",C_lfu,learned,count,count,True,spearman,0,600.0,212484,212484.0,50507.0,40000.0,678480.0,0.35169054356797547,nan,0.34513799301440384,39966.0,34.0,0.00085,0.815175,nan,1.0
toolagent_trace,0.01,4.0,"l1=0.01,l2x4",C_lfu,learned,count,next_use,False,spearman,0,600.0,212484,212484.0,50507.0,40000.0,678480.0,0.3516168494281335,nan,0.30855953762557614,39966.0,34.0,0.00085,0.8152,nan,1.0
toolagent_trace,0.01,4.0,"l1=0.01,l2x4",C_lfu,learned,next_use,binary,False,auc,0,600.0,211207,211207.0,50082.0,40000.0,678733.0,0.35912649009256953,0.6900735175766161,0.689644345901852,39968.0,32.0,0.0008,0.82335,0.17665,1.0
toolagent_trace,0.01,4.0,"l1=0.01,l2x4",C_lfu,learned,next_use,count,False,spearman,0,600.0,211207,211207.0,50082.0,40000.0,678733.0,0.35912649009256953,nan,0.3282317535187986,39968.0,32.0,0.0008,0.82335,nan,1.0
toolagent_trace,0.01,4.0,"l1=0.01,l2x4",C_lfu,learned,next_use,next_use,True,spearman,0,600.0,211207,211207.0,50082.0,40000.0,678733.0,0.35906166342287765,nan,0.28954154459145826,39968.0,32.0,0.0008,0.82335,nan,1.0
toolagent_trace,0.01,4.0,"l1=0.01,l2x4",C_lru,learned,binary,binary,True,auc,0,600.0,218710,218710.0,52264.0,40000.0,678970.0,0.29812951971368395,0.6472315137791248,0.6481230984077236,39877.0,123.0,0.003075,0.79255,0.20745,1.0
toolagent_trace,0.01,4.0,"l1=0.01,l2x4",C_lru,learned,binary,count,False,spearman,0,600.0,218710,218710.0,52264.0,40000.0,678970.0,0.29812951971368395,nan,0.24211275258803344,39877.0,123.0,0.003075,0.79255,nan,1.0
toolagent_trace,0.01,4.0,"l1=0.01,l2x4",C_lru,learned,binary,next_use,False,spearman,0,600.0,218710,218710.0,52264.0,40000.0,678970.0,0.2980544059384067,nan,0.21647508313951278,39877.0,123.0,0.003075,0.792775,nan,1.0
toolagent_trace,0.01,4.0,"l1=0.01,l2x4",C_lru,learned,count,binary,False,auc,0,600.0,216659,216659.0,51327.0,40000.0,678841.0,0.3237974724567314,0.6286818845034079,0.6289468841301582,39947.0,53.0,0.001325,0.804025,0.195975,1.0
toolagent_trace,0.01,4.0,"l1=0.01,l2x4",C_lru,learned,count,count,True,spearman,0,600.0,216659,216659.0,51327.0,40000.0,678841.0,0.3237974724567314,nan,0.22265115041061,39947.0,53.0,0.001325,0.804025,nan,1.0
toolagent_trace,0.01,4.0,"l1=0.01,l2x4",C_lru,learned,count,next_use,False,spearman,0,600.0,216659,216659.0,51327.0,40000.0,678841.0,0.32373118300161596,nan,0.1915019781219657,39947.0,53.0,0.001325,0.8042,nan,1.0
toolagent_trace,0.01,4.0,"l1=0.01,l2x4",C_lru,learned,next_use,binary,False,auc,0,600.0,215619,215619.0,51001.0,40000.0,678789.0,0.3297298571426467,0.6396058710752114,0.6395953913831733,39943.0,57.0,0.001425,0.811575,0.188425,1.0
toolagent_trace,0.01,4.0,"l1=0.01,l2x4",C_lru,learned,next_use,count,False,spearman,0,600.0,215619,215619.0,51001.0,40000.0,678789.0,0.3297298571426467,nan,0.24129087635696903,39943.0,57.0,0.001425,0.811575,nan,1.0
toolagent_trace,0.01,4.0,"l1=0.01,l2x4",C_lru,learned,next_use,next_use,True,spearman,0,600.0,215619,215619.0,51001.0,40000.0,678789.0,0.32965766976188476,nan,0.212226182591558,39943.0,57.0,0.001425,0.8117,nan,1.0
toolagent_trace,0.01,4.0,"l1=0.01,l2x4",C_union,learned,binary,binary,True,auc,0,600.0,211596,211596.0,50186.0,40000.0,678753.0,0.35593212847678024,0.6789245689018943,0.6779683365961611,39963.0,37.0,0.000925,0.821075,0.178925,1.0
toolagent_trace,0.01,4.0,"l1=0.01,l2x4",C_union,learned,binary,count,False,spearman,0,600.0,211596,211596.0,50186.0,40000.0,678753.0,0.35593212847678024,nan,0.31201259947774096,39963.0,37.0,0.000925,0.821075,nan,1.0
toolagent_trace,0.01,4.0,"l1=0.01,l2x4",C_union,learned,binary,next_use,False,spearman,0,600.0,211596,211596.0,50186.0,40000.0,678753.0,0.3558687770072471,nan,0.27575531366115574,39963.0,37.0,0.000925,0.821075,nan,1.0
toolagent_trace,0.01,4.0,"l1=0.01,l2x4",C_union,learned,count,binary,False,auc,0,600.0,212279,212279.0,50446.0,40000.0,678722.0,0.35296189014058776,0.6977750502120063,0.6981374686397536,39963.0,37.0,0.000925,0.8153,0.1847,1.0
toolagent_trace,0.01,4.0,"l1=0.01,l2x4",C_union,learned,count,count,True,spearman,0,600.0,212279,212279.0,50446.0,40000.0,678722.0,0.35296189014058776,nan,0.3374565457653219,39963.0,37.0,0.000925,0.8153,nan,1.0
toolagent_trace,0.01,4.0,"l1=0.01,l2x4",C_union,learned,count,next_use,False,spearman,0,600.0,212279,212279.0,50446.0,40000.0,678722.0,0.3528926423484136,nan,0.29999261711049496,39963.0,37.0,0.000925,0.815325,nan,1.0
toolagent_trace,0.01,4.0,"l1=0.01,l2x4",C_union,learned,next_use,binary,False,auc,0,600.0,211315,211315.0,50059.0,40000.0,678794.0,0.36238534813212847,0.680321484805732,0.6796631949455589,39975.0,25.0,0.000625,0.8234,0.1766,1.0
toolagent_trace,0.01,4.0,"l1=0.01,l2x4",C_union,learned,next_use,count,False,spearman,0,600.0,211315,211315.0,50059.0,40000.0,678794.0,0.36238534813212847,nan,0.31488422616797085,39975.0,25.0,0.000625,0.8234,nan,1.0
toolagent_trace,0.01,4.0,"l1=0.01,l2x4",C_union,learned,next_use,next_use,True,spearman,0,600.0,211315,211315.0,50059.0,40000.0,678794.0,0.36231758088610094,nan,0.2752620263751204,39975.0,25.0,0.000625,0.823425,nan,1.0
toolagent_trace,0.01,4.0,"l1=0.01,l2x4",lfu_s,sampled,,binary,False,auc,0,600.0,222449,222449.0,53770.0,40000.0,678192.0,0.2504541486776606,0.6649823777355205,0.666427314735917,39639.0,361.0,0.009025,0.765275,0.234725,1.0
toolagent_trace,0.01,4.0,"l1=0.01,l2x4",lfu_s,sampled,,count,False,spearman,0,600.0,222449,222449.0,53770.0,40000.0,678192.0,0.2504541486776606,nan,0.25203061962899637,39639.0,361.0,0.009025,0.765275,nan,1.0
toolagent_trace,0.01,4.0,"l1=0.01,l2x4",lfu_s,sampled,,next_use,False,spearman,0,600.0,222449,222449.0,53770.0,40000.0,678192.0,0.2503612546299573,nan,0.23049534540917,39638.0,362.0,0.00905,0.76545,nan,1.0
toolagent_trace,0.01,4.0,"l1=0.01,l2x4",lru_2hit_s,sampled,,binary,False,auc,0,600.0,35939,35939.0,10083.0,10083.0,171386.0,0.3518432077299196,0.6932026811485956,0.6910594659873219,10071.0,12.0,0.0011901219875037191,0.8676981057225033,0.13230189427749678,1.0
toolagent_trace,0.01,4.0,"l1=0.01,l2x4",lru_2hit_s,sampled,,count,False,spearman,0,600.0,35939,35939.0,10083.0,10083.0,171386.0,0.3518432077299196,nan,0.3101646542046431,10071.0,12.0,0.0011901219875037191,0.8676981057225033,nan,1.0
toolagent_trace,0.01,4.0,"l1=0.01,l2x4",lru_2hit_s,sampled,,next_use,False,spearman,0,600.0,35939,35939.0,10083.0,10083.0,171386.0,0.35180819903609395,nan,0.2994561389139523,10071.0,12.0,0.0011901219875037191,0.8676981057225033,nan,1.0
toolagent_trace,0.01,4.0,"l1=0.01,l2x4",lru_s,sampled,,binary,False,auc,0,600.0,216422,216422.0,51577.0,40000.0,677505.0,0.2671345598925469,0.5629352320864911,0.5630712935320819,39741.0,259.0,0.006475,0.80305,0.19695,1.0
toolagent_trace,0.01,4.0,"l1=0.01,l2x4",lru_s,sampled,,count,False,spearman,0,600.0,216422,216422.0,51577.0,40000.0,677505.0,0.2671345598925469,nan,0.09123008933832406,39741.0,259.0,0.006475,0.80305,nan,1.0
toolagent_trace,0.01,4.0,"l1=0.01,l2x4",lru_s,sampled,,next_use,False,spearman,0,600.0,216422,216422.0,51577.0,40000.0,677505.0,0.26708880377266586,nan,0.09445412136540299,39741.0,259.0,0.006475,0.80305,nan,1.0
toolagent_trace,0.02,1.0,"l1=0.02,l2x1",A_none,learned,binary,binary,True,auc,0,600.0,221618,221618.0,51974.0,40000.0,678950.0,0.4000751159879225,0.6354160838508738,0.6356606051556429,39977.0,23.0,0.000575,0.792725,0.207275,1.0
toolagent_trace,0.02,1.0,"l1=0.02,l2x1",A_none,learned,binary,count,False,spearman,0,600.0,221618,221618.0,51974.0,40000.0,678950.0,0.4000751159879225,nan,0.2536732836012601,39977.0,23.0,0.000575,0.792725,nan,1.0
toolagent_trace,0.02,1.0,"l1=0.02,l2x1",A_none,learned,binary,next_use,False,spearman,0,600.0,221618,221618.0,51974.0,40000.0,678950.0,0.400072170262906,nan,0.23027698051713633,39977.0,23.0,0.000575,0.792725,nan,1.0
toolagent_trace,0.02,1.0,"l1=0.02,l2x1",A_none,learned,count,binary,False,auc,0,600.0,222748,222748.0,52314.0,40000.0,678641.0,0.40681744840055345,0.6762486646327008,0.6771538493167831,39994.0,6.0,0.00015,0.789025,0.210975,1.0
toolagent_trace,0.02,1.0,"l1=0.02,l2x1",A_none,learned,count,count,True,spearman,0,600.0,222748,222748.0,52314.0,40000.0,678641.0,0.40681744840055345,nan,0.3036549415713333,39994.0,6.0,0.00015,0.789025,nan,1.0
toolagent_trace,0.02,1.0,"l1=0.02,l2x1",A_none,learned,count,next_use,False,spearman,0,600.0,222748,222748.0,52314.0,40000.0,678641.0,0.40681008073488045,nan,0.26113109015109215,39994.0,6.0,0.00015,0.789025,nan,1.0
toolagent_trace,0.02,1.0,"l1=0.02,l2x1",A_none,learned,next_use,binary,False,auc,0,600.0,221806,221806.0,52191.0,40000.0,678665.0,0.41850544819609087,0.6541767099142963,0.6545974327406013,39990.0,10.0,0.00025,0.789375,0.210625,1.0
toolagent_trace,0.02,1.0,"l1=0.02,l2x1",A_none,learned,next_use,count,False,spearman,0,600.0,221806,221806.0,52191.0,40000.0,678665.0,0.41850544819609087,nan,0.2763938581511609,39990.0,10.0,0.00025,0.789375,nan,1.0
toolagent_trace,0.02,1.0,"l1=0.02,l2x1",A_none,learned,next_use,next_use,True,spearman,0,600.0,221806,221806.0,52191.0,40000.0,678665.0,0.4184921868668636,nan,0.23131294037422087,39990.0,10.0,0.00025,0.7894,nan,1.0
toolagent_trace,0.02,1.0,"l1=0.02,l2x1",A_pd,learned,binary,binary,True,auc,0,600.0,221623,221623.0,51982.0,40000.0,678953.0,0.4144616784961551,0.6478680085929374,0.6477534514126515,39978.0,22.0,0.00055,0.7925,0.20750518762969075,1.0
toolagent_trace,0.02,1.0,"l1=0.02,l2x1",A_pd,learned,binary,count,False,spearman,0,600.0,221623,221623.0,51982.0,40000.0,678953.0,0.41445284136015303,nan,0.2691207224919827,39979.0,21.0,0.000525,0.792475,nan,1.0
toolagent_trace,0.02,1.0,"l1=0.02,l2x1",A_pd,learned,binary,next_use,False,spearman,0,600.0,221623,221623.0,51982.0,40000.0,678953.0,0.4144498956481524,nan,0.24225296601859114,39979.0,21.0,0.000525,0.7925,nan,1.0
toolagent_trace,0.02,1.0,"l1=0.02,l2x1",A_pd,learned,count,binary,False,auc,0,600.0,222235,222235.0,51918.0,40000.0,677963.0,0.420635049405351,0.7036467996843803,0.7042512606587882,39993.0,7.0,0.000175,0.79605,0.20395,1.0
toolagent_trace,0.02,1.0,"l1=0.02,l2x1",A_pd,learned,count,count,True,spearman,0,600.0,222235,222235.0,51918.0,40000.0,677963.0,0.420635049405351,nan,0.35963103369550486,39993.0,7.0,0.000175,0.79605,nan,1.0
toolagent_trace,0.02,1.0,"l1=0.02,l2x1",A_pd,learned,count,next_use,False,spearman,0,600.0,222235,222235.0,51918.0,40000.0,677963.0,0.4206055492703879,nan,0.30592537919774354,39993.0,7.0,0.000175,0.796175,nan,1.0
toolagent_trace,0.02,1.0,"l1=0.02,l2x1",A_pd,learned,next_use,binary,False,auc,0,600.0,221471,221471.0,51968.0,40000.0,678760.0,0.4319273380871,0.6808752876302695,0.6813787060547188,39990.0,10.0,0.00025,0.795475,0.204525,1.0
toolagent_trace,0.02,1.0,"l1=0.02,l2x1",A_pd,learned,next_use,count,False,spearman,0,600.0,221471,221471.0,51968.0,40000.0,678760.0,0.4319273380871,nan,0.3277063640944488,39990.0,10.0,0.00025,0.795475,nan,1.0
toolagent_trace,0.02,1.0,"l1=0.02,l2x1",A_pd,learned,next_use,next_use,True,spearman,0,600.0,221471,221471.0,51968.0,40000.0,678760.0,0.4318949260416053,nan,0.2805481599812883,39990.0,10.0,0.00025,0.795575,nan,1.0
toolagent_trace,0.02,1.0,"l1=0.02,l2x1",B,learned,binary,binary,True,auc,0,600.0,234579,234579.0,56096.0,40000.0,679250.0,0.20742583732057415,0.4585923381153485,0.45939725650591995,39199.0,801.0,0.020025,0.73075,0.26925,1.0
toolagent_trace,0.02,1.0,"l1=0.02,l2x1",B,learned,binary,count,False,spearman,0,600.0,234579,234579.0,56096.0,40000.0,679250.0,0.20742583732057415,nan,-0.05699399455073339,39199.0,801.0,0.020025,0.73075,nan,1.0
toolagent_trace,0.02,1.0,"l1=0.02,l2x1",B,learned,binary,next_use,False,spearman,0,600.0,234579,234579.0,56096.0,40000.0,679250.0,0.20741405962458595,nan,-0.06018081381811625,39199.0,801.0,0.020025,0.730775,nan,1.0
toolagent_trace,0.02,1.0,"l1=0.02,l2x1",B,learned,count,binary,False,auc,0,600.0,236879,236879.0,56181.0,40000.0,679290.0,0.20559702041837802,0.49183919625230954,0.49096246808959315,39177.0,823.0,0.020575,0.730375,0.269625,1.0
toolagent_trace,0.02,1.0,"l1=0.02,l2x1",B,learned,count,count,True,spearman,0,600.0,236879,236879.0,56181.0,40000.0,679290.0,0.20559702041837802,nan,-0.01777075006116614,39177.0,823.0,0.020575,0.730375,nan,1.0
toolagent_trace,0.02,1.0,"l1=0.02,l2x1",B,learned,count,next_use,False,spearman,0,600.0,236879,236879.0,56181.0,40000.0,679290.0,0.2055926040424561,nan,-0.024134716407774173,39177.0,823.0,0.020575,0.730375,nan,1.0
toolagent_trace,0.02,1.0,"l1=0.02,l2x1",B,learned,next_use,binary,False,auc,0,600.0,234894,234894.0,55693.0,40000.0,679225.0,0.22761088004711252,0.48275875638686033,0.4831271919454282,39486.0,514.0,0.01285,0.734275,0.265725,1.0
toolagent_trace,0.02,1.0,"l1=0.02,l2x1",B,learned,next_use,count,False,spearman,0,600.0,234894,234894.0,55693.0,40000.0,679225.0,0.22761088004711252,nan,-0.029455322729737242,39486.0,514.0,0.01285,0.734275,nan,1.0
toolagent_trace,0.02,1.0,"l1=0.02,l2x1",B,learned,next_use,next_use,True,spearman,0,600.0,234894,234894.0,55693.0,40000.0,679225.0,0.2275991019176267,nan,-0.0342084142842619,39486.0,514.0,0.01285,0.734275,nan,1.0
toolagent_trace,0.02,1.0,"l1=0.02,l2x1",C_lfu,learned,binary,binary,True,auc,0,600.0,221270,221270.0,52281.0,40000.0,679014.0,0.4248586921624591,0.6646869166159985,0.6643088222663658,39988.0,12.0,0.0003,0.79005,0.20995524888122202,1.0
toolagent_trace,0.02,1.0,"l1=0.02,l2x1",C_lfu,learned,binary,count,False,spearman,0,600.0,221270,221270.0,52281.0,40000.0,679014.0,0.42484101947824343,nan,0.29513865797543865,39989.0,11.0,0.000275,0.790025,nan,1.0
toolagent_trace,0.02,1.0,"l1=0.02,l2x1",C_lfu,learned,binary,next_use,False,spearman,0,600.0,221270,221270.0,52281.0,40000.0,679014.0,0.4248498558203513,nan,0.25407114012187837,39989.0,11.0,0.000275,0.79005,nan,1.0
toolagent_trace,0.02,1.0,"l1=0.02,l2x1",C_lfu,learned,count,binary,False,auc,0,600.0,221588,221588.0,52318.0,40000.0,678976.0,0.4363497384296352,0.6671492494052004,0.6675996834606682,39992.0,8.0,0.0002,0.789275,0.210725,1.0
toolagent_trace,0.02,1.0,"l1=0.02,l2x1",C_lfu,learned,count,count,True,spearman,0,600.0,221588,221588.0,52318.0,40000.0,678976.0,0.4363497384296352,nan,0.29915592442815153,39992.0,8.0,0.0002,0.789275,nan,1.0
toolagent_trace,0.02,1.0,"l1=0.02,l2x1",C_lfu,learned,count,next_use,False,spearman,0,600.0,221588,221588.0,52318.0,40000.0,678976.0,0.43634384720520314,nan,0.24243004029621704,39992.0,8.0,0.0002,0.789275,nan,1.0
toolagent_trace,0.02,1.0,"l1=0.02,l2x1",C_lfu,learned,next_use,binary,False,auc,0,600.0,221202,221202.0,52337.0,40000.0,678992.0,0.4241832009802766,0.6474492738887005,0.6474370772111332,39985.0,15.0,0.000375,0.788475,0.211525,1.0
toolagent_trace,0.02,1.0,"l1=0.02,l2x1",C_lfu,learned,next_use,count,False,spearman,0,600.0,221202,221202.0,52337.0,40000.0,678992.0,0.4241832009802766,nan,0.2659532628574643,39985.0,15.0,0.000375,0.788475,nan,1.0
toolagent_trace,0.02,1.0,"l1=0.02,l2x1",C_lfu,learned,next_use,next_use,True,spearman,0,600.0,221202,221202.0,52337.0,40000.0,678992.0,0.4241743643518628,nan,0.2221331885795188,39985.0,15.0,0.000375,0.7885,nan,1.0
toolagent_trace,0.02,1.0,"l1=0.02,l2x1",C_lru,learned,binary,binary,True,auc,0,600.0,229530,229530.0,54113.0,40000.0,679029.0,0.3260950563230731,0.5936753818119329,0.5940834472511718,39936.0,64.0,0.0016,0.76225,0.23775,1.0
toolagent_trace,0.02,1.0,"l1=0.02,l2x1",C_lru,learned,binary,count,False,spearman,0,600.0,229530,229530.0,54113.0,40000.0,679029.0,0.3260950563230731,nan,0.1479240082296145,39936.0,64.0,0.0016,0.76225,nan,1.0
toolagent_trace,0.02,1.0,"l1=0.02,l2x1",C_lru,learned,binary,next_use,False,spearman,0,600.0,229530,229530.0,54113.0,40000.0,679029.0,0.32605676635313074,nan,0.13431055494768776,39936.0,64.0,0.0016,0.76225,nan,1.0
toolagent_trace,0.02,1.0,"l1=0.02,l2x1",C_lru,learned,count,binary,False,auc,0,600.0,228454,228454.0,53443.0,40000.0,679082.0,0.35506315879378336,0.6024243008422198,0.6025548714067421,39971.0,29.0,0.000725,0.7671,0.2329,1.0
toolagent_trace,0.02,1.0,"l1=0.02,l2x1",C_lru,learned,count,count,True,spearman,0,600.0,228454,228454.0,53443.0,40000.0,679082.0,0.35506315879378336,nan,0.1686622153621355,39971.0,29.0,0.000725,0.7671,nan,1.0
toolagent_trace,0.02,1.0,"l1=0.02,l2x1",C_lru,learned,count,next_use,False,spearman,0,600.0,228454,228454.0,53443.0,40000.0,679082.0,0.3550307621170934,nan,0.14464529082987845,39971.0,29.0,0.000725,0.7671,nan,1.0
toolagent_trace,0.02,1.0,"l1=0.02,l2x1",C_lru,learned,next_use,binary,False,auc,0,600.0,226997,226997.0,53259.0,40000.0,679067.0,0.3692816761821735,0.5769695788141233,0.5771046897566331,39982.0,18.0,0.00045,0.771925,0.228075,1.0
toolagent_trace,0.02,1.0,"l1=0.02,l2x1",C_lru,learned,next_use,count,False,spearman,0,600.0,226997,226997.0,53259.0,40000.0,679067.0,0.3692816761821735,nan,0.1345930341304044,39982.0,18.0,0.00045,0.771925,nan,1.0
toolagent_trace,0.02,1.0,"l1=0.02,l2x1",C_lru,learned,next_use,next_use,True,spearman,0,600.0,226997,226997.0,53259.0,40000.0,679067.0,0.36922129922378794,nan,0.1085341843574726,39982.0,18.0,0.00045,0.771925,nan,1.0
toolagent_trace,0.02,1.0,"l1=0.02,l2x1",C_union,learned,binary,binary,True,auc,0,600.0,221015,221015.0,52163.0,40000.0,678951.0,0.42420439766640006,0.66194546503623,0.6617564257586763,39990.0,10.0,0.00025,0.791825,0.208175,1.0
toolagent_trace,0.02,1.0,"l1=0.02,l2x1",C_union,learned,binary,count,False,spearman,0,600.0,221015,221015.0,52163.0,40000.0,678951.0,0.42420439766640006,nan,0.29618631219157004,39990.0,10.0,0.00025,0.791825,nan,1.0
toolagent_trace,0.02,1.0,"l1=0.02,l2x1",C_union,learned,binary,next_use,False,spearman,0,600.0,221015,221015.0,52163.0,40000.0,678951.0,0.42419703336470527,nan,0.25515689873743347,39990.0,10.0,0.00025,0.791825,nan,1.0
toolagent_trace,0.02,1.0,"l1=0.02,l2x1",C_union,learned,count,binary,False,auc,0,600.0,221233,221233.0,52044.0,40000.0,678968.0,0.43597489130562855,0.6625220051325816,0.6628743591231872,39995.0,5.0,0.000125,0.79105,0.20895,1.0
toolagent_trace,0.02,1.0,"l1=0.02,l2x1",C_union,learned,count,count,True,spearman,0,600.0,221233,221233.0,52044.0,40000.0,678968.0,0.43597489130562855,nan,0.29280412180359605,39995.0,5.0,0.000125,0.79105,nan,1.0
toolagent_trace,0.02,1.0,"l1=0.02,l2x1",C_union,learned,count,next_use,False,spearman,0,600.0,221233,221233.0,52044.0,40000.0,678968.0,0.43596900001178257,nan,0.23842185228060403,39995.0,5.0,0.000125,0.79105,nan,1.0
toolagent_trace,0.02,1.0,"l1=0.02,l2x1",C_union,learned,next_use,binary,False,auc,0,600.0,220962,220962.0,52149.0,40000.0,678989.0,0.42068575485022586,0.6496147813779121,0.6501985131916442,39990.0,10.0,0.00025,0.79015,0.20985,1.0
toolagent_trace,0.02,1.0,"l1=0.02,l2x1",C_union,learned,next_use,count,False,spearman,0,600.0,220962,220962.0,52149.0,40000.0,678989.0,0.42068575485022586,nan,0.2760373378608049,39990.0,10.0,0.00025,0.79015,nan,1.0
toolagent_trace,0.02,1.0,"l1=0.02,l2x1",C_union,learned,next_use,next_use,True,spearman,0,600.0,220962,220962.0,52149.0,40000.0,678989.0,0.4206695542932212,nan,0.23290592409533536,39990.0,10.0,0.00025,0.790225,nan,1.0
toolagent_trace,0.02,1.0,"l1=0.02,l2x1",lfu_s,sampled,,binary,False,auc,0,600.0,228564,228564.0,54247.0,40000.0,678417.0,0.32022635045996783,0.6919676786476034,0.6929680112626749,39943.0,57.0,0.001425,0.75615,0.24385,1.0
toolagent_trace,0.02,1.0,"l1=0.02,l2x1",lfu_s,sampled,,count,False,spearman,0,600.0,228564,228564.0,54247.0,40000.0,678417.0,0.32022635045996783,nan,0.3108085745170166,39943.0,57.0,0.001425,0.75615,nan,1.0
toolagent_trace,0.02,1.0,"l1=0.02,l2x1",lfu_s,sampled,,next_use,False,spearman,0,600.0,228564,228564.0,54247.0,40000.0,678417.0,0.3201585455553148,nan,0.2821358293153635,39943.0,57.0,0.001425,0.7562,nan,1.0
toolagent_trace,0.02,1.0,"l1=0.02,l2x1",lru_2hit_s,sampled,,binary,False,auc,0,600.0,47288,47288.0,12267.0,12267.0,208511.0,0.4237138568229014,0.6060419944292339,0.6060841267805619,12262.0,5.0,0.00040759761962990136,0.7141925491155132,0.28580745088448684,1.0
toolagent_trace,0.02,1.0,"l1=0.02,l2x1",lru_2hit_s,sampled,,count,False,spearman,0,600.0,47288,47288.0,12267.0,12267.0,208511.0,0.4237138568229014,nan,0.16947337708619267,12262.0,5.0,0.00040759761962990136,0.7141925491155132,nan,1.0
toolagent_trace,0.02,1.0,"l1=0.02,l2x1",lru_2hit_s,sampled,,next_use,False,spearman,0,600.0,47288,47288.0,12267.0,12267.0,208511.0,0.4237138568229014,nan,0.1731944858510806,12262.0,5.0,0.00040759761962990136,0.7141925491155132,nan,1.0
toolagent_trace,0.02,1.0,"l1=0.02,l2x1",lru_s,sampled,,binary,False,auc,0,600.0,226964,226964.0,53534.0,40000.0,677670.0,0.26601443180309,0.5381567555011192,0.5373116823392537,39681.0,319.0,0.007975,0.771125,0.228875,1.0
toolagent_trace,0.02,1.0,"l1=0.02,l2x1",lru_s,sampled,,count,False,spearman,0,600.0,226964,226964.0,53534.0,40000.0,677670.0,0.26601443180309,nan,0.05514390329437958,39681.0,319.0,0.007975,0.771125,nan,1.0
toolagent_trace,0.02,1.0,"l1=0.02,l2x1",lru_s,sampled,,next_use,False,spearman,0,600.0,226964,226964.0,53534.0,40000.0,677670.0,0.26600410229167587,nan,0.05697930428245815,39681.0,319.0,0.007975,0.771125,nan,1.0
toolagent_trace,0.02,4.0,"l1=0.02,l2x4",A_none,learned,binary,binary,True,auc,0,600.0,181145,181145.0,45094.0,40000.0,678141.0,0.22039664317597668,0.7087702563605107,0.7091261823617191,39410.0,590.0,0.01475,0.91405,0.08595,1.0
toolagent_trace,0.02,4.0,"l1=0.02,l2x4",A_none,learned,binary,count,False,spearman,0,600.0,181145,181145.0,45094.0,40000.0,678141.0,0.22039664317597668,nan,0.2975553694065195,39410.0,590.0,0.01475,0.91405,nan,1.0
toolagent_trace,0.02,4.0,"l1=0.02,l2x4",A_none,learned,binary,next_use,False,spearman,0,600.0,181145,181145.0,45094.0,40000.0,678141.0,0.2203759985017865,nan,0.29026823297221666,39410.0,590.0,0.01475,0.91405,nan,1.0
toolagent_trace,0.02,4.0,"l1=0.02,l2x4",A_none,learned,count,binary,False,auc,0,600.0,184316,184316.0,45757.0,40000.0,677215.0,0.2125824147427331,0.7055880830996263,0.7042975860567121,39283.0,717.0,0.017925,0.899325,0.100675,1.0
toolagent_trace,0.02,4.0,"l1=0.02,l2x4",A_none,learned,count,count,True,spearman,0,600.0,184316,184316.0,45757.0,40000.0,677215.0,0.2125824147427331,nan,0.289636778858539,39283.0,717.0,0.017925,0.899325,nan,1.0
toolagent_trace,0.02,4.0,"l1=0.02,l2x4",A_none,learned,count,next_use,False,spearman,0,600.0,184316,184316.0,45757.0,40000.0,677215.0,0.21255731193195662,nan,0.2786921931043879,39283.0,717.0,0.017925,0.899325,nan,1.0
toolagent_trace,0.02,4.0,"l1=0.02,l2x4",A_none,learned,next_use,binary,False,auc,0,600.0,180768,180768.0,44755.0,40000.0,677222.0,0.22150195947562246,0.71786829557108,0.7177809468826877,39420.0,580.0,0.0145,0.916675,0.083325,1.0
toolagent_trace,0.02,4.0,"l1=0.02,l2x4",A_none,learned,next_use,count,False,spearman,0,600.0,180768,180768.0,44755.0,40000.0,677222.0,0.22150195947562246,nan,0.31133274755045115,39420.0,580.0,0.0145,0.916675,nan,1.0
toolagent_trace,0.02,4.0,"l1=0.02,l2x4",A_none,learned,next_use,next_use,True,spearman,0,600.0,180768,180768.0,44755.0,40000.0,677222.0,0.2214768569243173,nan,0.300117342097773,39420.0,580.0,0.0145,0.916675,nan,1.0
toolagent_trace,0.02,4.0,"l1=0.02,l2x4",A_pd,learned,binary,binary,True,auc,0,600.0,181894,181894.0,45415.0,40000.0,678372.0,0.21669673866256273,0.7078200086422182,0.7072267856828157,39328.0,672.0,0.0168,0.90835,0.09165,1.0
toolagent_trace,0.02,4.0,"l1=0.02,l2x4",A_pd,learned,binary,count,False,spearman,0,600.0,181894,181894.0,45415.0,40000.0,678372.0,0.21669673866256273,nan,0.29376439764111256,39328.0,672.0,0.0168,0.90835,nan,1.0
toolagent_trace,0.02,4.0,"l1=0.02,l2x4",A_pd,learned,binary,next_use,False,spearman,0,600.0,181894,181894.0,45415.0,40000.0,678372.0,0.21669084219277918,nan,0.28698019529819674,39328.0,672.0,0.0168,0.90835,nan,1.0
toolagent_trace,0.02,4.0,"l1=0.02,l2x4",A_pd,learned,count,binary,False,auc,0,600.0,180826,180826.0,44837.0,40000.0,677212.0,0.22263929168414026,0.7226119650973329,0.7218502193854307,39405.0,595.0,0.014875,0.917575,0.082425,1.0
toolagent_trace,0.02,4.0,"l1=0.02,l2x4",A_pd,learned,count,count,True,spearman,0,600.0,180826,180826.0,44837.0,40000.0,677212.0,0.22263929168414026,nan,0.3186531561299085,39405.0,595.0,0.014875,0.917575,nan,1.0
toolagent_trace,0.02,4.0,"l1=0.02,l2x4",A_pd,learned,count,next_use,False,spearman,0,600.0,180826,180826.0,44837.0,40000.0,677212.0,0.22262304861697665,nan,0.3086544602641135,39405.0,595.0,0.014875,0.917575,nan,1.0
toolagent_trace,0.02,4.0,"l1=0.02,l2x4",A_pd,learned,next_use,binary,False,auc,0,600.0,180015,180015.0,44561.0,40000.0,677208.0,0.22320025752796777,0.7202225650596386,0.7191421501773787,39446.0,554.0,0.01385,0.92235,0.07765,1.0
toolagent_trace,0.02,4.0,"l1=0.02,l2x4",A_pd,learned,next_use,count,False,spearman,0,600.0,180015,180015.0,44561.0,40000.0,677208.0,0.22320025752796777,nan,0.3149309846656026,39446.0,554.0,0.01385,0.92235,nan,1.0
toolagent_trace,0.02,4.0,"l1=0.02,l2x4",A_pd,learned,next_use,next_use,True,spearman,0,600.0,180015,180015.0,44561.0,40000.0,677208.0,0.2231840143648628,nan,0.3049958853643682,39445.0,555.0,0.013875,0.92235,nan,1.0
toolagent_trace,0.02,4.0,"l1=0.02,l2x4",B,learned,binary,binary,True,auc,0,600.0,203633,203633.0,51889.0,40000.0,678978.0,0.1246770882119892,0.5525076079003884,0.5504404227434236,35806.0,4194.0,0.10485,0.79215,0.20785,1.0
toolagent_trace,0.02,4.0,"l1=0.02,l2x4",B,learned,binary,count,False,spearman,0,600.0,203633,203633.0,51889.0,40000.0,678978.0,0.1246770882119892,nan,0.06262918826615023,35806.0,4194.0,0.10485,0.79215,nan,1.0
toolagent_trace,0.02,4.0,"l1=0.02,l2x4",B,learned,binary,next_use,False,spearman,0,600.0,203633,203633.0,51889.0,40000.0,678978.0,0.12466677859960117,nan,0.0572703565988781,35804.0,4196.0,0.1049,0.79215,nan,1.0
toolagent_trace,0.02,4.0,"l1=0.02,l2x4",B,learned,count,binary,False,auc,0,600.0,215393,215393.0,54285.0,40000.0,679183.0,0.09040715094459079,0.47489297535776487,0.46947704103371274,32278.0,7722.0,0.19305,0.755775,0.244225,1.0
toolagent_trace,0.02,4.0,"l1=0.02,l2x4",B,learned,count,count,True,spearman,0,600.0,215393,215393.0,54285.0,40000.0,679183.0,0.09040715094459079,nan,-0.028463026912686054,32278.0,7722.0,0.19305,0.755775,nan,1.0
toolagent_trace,0.02,4.0,"l1=0.02,l2x4",B,learned,count,next_use,False,spearman,0,600.0,215393,215393.0,54285.0,40000.0,679183.0,0.09040420623013239,nan,-0.03141180471785571,32278.0,7722.0,0.19305,0.755775,nan,1.0
toolagent_trace,0.02,4.0,"l1=0.02,l2x4",B,learned,next_use,binary,False,auc,0,600.0,206789,206789.0,52345.0,40000.0,679055.0,0.1169139465875371,0.5392721469273504,0.5384678058257555,35146.0,4854.0,0.12135,0.78245,0.21755,1.0
toolagent_trace,0.02,4.0,"l1=0.02,l2x4",B,learned,next_use,count,False,spearman,0,600.0,206789,206789.0,52345.0,40000.0,679055.0,0.1169139465875371,nan,0.04622482281702439,35146.0,4854.0,0.12135,0.78245,nan,1.0
toolagent_trace,0.02,4.0,"l1=0.02,l2x4",B,learned,next_use,next_use,True,spearman,0,600.0,206789,206789.0,52345.0,40000.0,679055.0,0.1169006928746567,nan,0.04175841709952072,35144.0,4856.0,0.1214,0.78245,nan,1.0
toolagent_trace,0.02,4.0,"l1=0.02,l2x4",C_lfu,learned,binary,binary,True,auc,0,600.0,180759,180759.0,44963.0,40000.0,677476.0,0.22091557486907284,0.7203272212593067,0.7197239197979393,39390.0,610.0,0.01525,0.919,0.081,1.0
toolagent_trace,0.02,4.0,"l1=0.02,l2x4",C_lfu,learned,binary,count,False,spearman,0,600.0,180759,180759.0,44963.0,40000.0,677476.0,0.22091557486907284,nan,0.3122243353217037,39390.0,610.0,0.01525,0.919,nan,1.0
toolagent_trace,0.02,4.0,"l1=0.02,l2x4",C_lfu,learned,binary,next_use,False,spearman,0,600.0,180759,180759.0,44963.0,40000.0,677476.0,0.2209081945338285,nan,0.30374855889107705,39390.0,610.0,0.01525,0.919,nan,1.0
toolagent_trace,0.02,4.0,"l1=0.02,l2x4",C_lfu,learned,count,binary,False,auc,0,600.0,181191,181191.0,44833.0,40000.0,677835.0,0.21986176576895558,0.7242344277485113,0.7229834450196028,39383.0,617.0,0.015425,0.91995,0.08005,1.0
toolagent_trace,0.02,4.0,"l1=0.02,l2x4",C_lfu,learned,count,count,True,spearman,0,600.0,181191,181191.0,44833.0,40000.0,677835.0,0.21986176576895558,nan,0.31717394353696626,39383.0,617.0,0.015425,0.91995,nan,1.0
toolagent_trace,0.02,4.0,"l1=0.02,l2x4",C_lfu,learned,count,next_use,False,spearman,0,600.0,181191,181191.0,44833.0,40000.0,677835.0,0.2198366859191396,nan,0.3064066208079377,39383.0,617.0,0.015425,0.91995,nan,1.0
toolagent_trace,0.02,4.0,"l1=0.02,l2x4",C_lfu,learned,next_use,binary,False,auc,0,600.0,180396,180396.0,44643.0,40000.0,677240.0,0.2216274880396905,0.7315566673908415,0.7307922033318288,39416.0,584.0,0.0146,0.92245,0.07755,1.0
toolagent_trace,0.02,4.0,"l1=0.02,l2x4",C_lfu,learned,next_use,count,False,spearman,0,600.0,180396,180396.0,44643.0,40000.0,677240.0,0.2216274880396905,nan,0.32898819052578837,39416.0,584.0,0.0146,0.92245,nan,1.0
toolagent_trace,0.02,4.0,"l1=0.02,l2x4",C_lfu,learned,next_use,next_use,True,spearman,0,600.0,180396,180396.0,44643.0,40000.0,677240.0,0.22160533931841,nan,0.31888094970560055,39416.0,584.0,0.0146,0.92245,nan,1.0
toolagent_trace,0.02,4.0,"l1=0.02,l2x4",C_lru,learned,binary,binary,True,auc,0,600.0,183683,183683.0,45611.0,40000.0,678528.0,0.20403284757592907,0.7204892022366389,0.7200203720792276,39151.0,849.0,0.021225,0.904375,0.095625,1.0
toolagent_trace,0.02,4.0,"l1=0.02,l2x4",C_lru,learned,binary,count,False,spearman,0,600.0,183683,183683.0,45611.0,40000.0,678528.0,0.20403284757592907,nan,0.30626854344950577,39151.0,849.0,0.021225,0.904375,nan,1.0
toolagent_trace,0.02,4.0,"l1=0.02,l2x4",C_lru,learned,binary,next_use,False,spearman,0,600.0,183683,183683.0,45611.0,40000.0,678528.0,0.2040195835691379,nan,0.2931056200574489,39151.0,849.0,0.021225,0.904375,nan,1.0
toolagent_trace,0.02,4.0,"l1=0.02,l2x4",C_lru,learned,count,binary,False,auc,0,600.0,183412,183412.0,45328.0,40000.0,678439.0,0.20858470695228312,0.7074944394090126,0.7070068633743261,39188.0,812.0,0.0203,0.90785,0.09215,1.0
toolagent_trace,0.02,4.0,"l1=0.02,l2x4",C_lru,learned,count,count,True,spearman,0,600.0,183412,183412.0,45328.0,40000.0,678439.0,0.20858470695228312,nan,0.2914757357622056,39188.0,812.0,0.0203,0.90785,nan,1.0
toolagent_trace,0.02,4.0,"l1=0.02,l2x4",C_lru,learned,count,next_use,False,spearman,0,600.0,183412,183412.0,45328.0,40000.0,678439.0,0.20855522751492764,nan,0.27820878532243193,39188.0,812.0,0.0203,0.90785,nan,1.0
toolagent_trace,0.02,4.0,"l1=0.02,l2x4",C_lru,learned,next_use,binary,False,auc,0,600.0,180119,180119.0,44609.0,40000.0,677402.0,0.2214873885816694,0.7180877937719223,0.7176139449311904,39380.0,620.0,0.0155,0.922275,0.077725,1.0
toolagent_trace,0.02,4.0,"l1=0.02,l2x4",C_lru,learned,next_use,count,False,spearman,0,600.0,180119,180119.0,44609.0,40000.0,677402.0,0.2214873885816694,nan,0.3121651680840915,39380.0,620.0,0.0155,0.922275,nan,1.0
toolagent_trace,0.02,4.0,"l1=0.02,l2x4",C_lru,learned,next_use,next_use,True,spearman,0,600.0,180119,180119.0,44609.0,40000.0,677402.0,0.22147557875530335,nan,0.3007248696374402,39379.0,621.0,0.015525,0.922275,nan,1.0
toolagent_trace,0.02,4.0,"l1=0.02,l2x4",C_union,learned,binary,binary,True,auc,0,600.0,180519,180519.0,44893.0,40000.0,678166.0,0.22217421693213757,0.718409325235568,0.7179858951657222,39424.0,576.0,0.0144,0.918625,0.081375,1.0
toolagent_trace,0.02,4.0,"l1=0.02,l2x4",C_union,learned,binary,count,False,spearman,0,600.0,180519,180519.0,44893.0,40000.0,678166.0,0.22217421693213757,nan,0.31075848258107064,39424.0,576.0,0.0144,0.918625,nan,1.0
toolagent_trace,0.02,4.0,"l1=0.02,l2x4",C_union,learned,binary,next_use,False,spearman,0,600.0,180519,180519.0,44893.0,40000.0,678166.0,0.22215947127989313,nan,0.3023503856403259,39423.0,577.0,0.014425,0.918625,nan,1.0
toolagent_trace,0.02,4.0,"l1=0.02,l2x4",C_union,learned,count,binary,False,auc,0,600.0,180900,180900.0,44769.0,40000.0,678234.0,0.21999192019273583,0.7218426797245092,0.7208974945050098,39399.0,601.0,0.015025,0.9196,0.0804,1.0
toolagent_trace,0.02,4.0,"l1=0.02,l2x4",C_union,learned,count,count,True,spearman,0,600.0,180900,180900.0,44769.0,40000.0,678234.0,0.21999192019273583,nan,0.31462234046137744,39399.0,601.0,0.015025,0.9196,nan,1.0
toolagent_trace,0.02,4.0,"l1=0.02,l2x4",C_union,learned,count,next_use,False,spearman,0,600.0,180900,180900.0,44769.0,40000.0,678234.0,0.21997717601889613,nan,0.3036858470484291,39398.0,602.0,0.01505,0.9196,nan,1.0
toolagent_trace,0.02,4.0,"l1=0.02,l2x4",C_union,learned,next_use,binary,False,auc,0,600.0,180264,180264.0,44617.0,40000.0,677320.0,0.22268056457804286,0.7294093383046198,0.7288666565394678,39371.0,629.0,0.015725,0.922575,0.077425,1.0
toolagent_trace,0.02,4.0,"l1=0.02,l2x4",C_union,learned,next_use,count,False,spearman,0,600.0,180264,180264.0,44617.0,40000.0,677320.0,0.22268056457804286,nan,0.32704911438356377,39371.0,629.0,0.015725,0.922575,nan,1.0
toolagent_trace,0.02,4.0,"l1=0.02,l2x4",C_union,learned,next_use,next_use,True,spearman,0,600.0,180264,180264.0,44617.0,40000.0,677320.0,0.22266432410086812,nan,0.31661605966624573,39370.0,630.0,0.01575,0.922575,nan,1.0
toolagent_trace,0.02,4.0,"l1=0.02,l2x4",lfu_s,sampled,,binary,False,auc,0,600.0,194552,194552.0,49556.0,40000.0,677842.0,0.15992222376305984,0.6332732314219961,0.6333359162222234,37852.0,2148.0,0.0537,0.828225,0.171775,1.0
toolagent_trace,0.02,4.0,"l1=0.02,l2x4",lfu_s,sampled,,count,False,spearman,0,600.0,194552,194552.0,49556.0,40000.0,677842.0,0.15992222376305984,nan,0.17452085361442807,37852.0,2148.0,0.0537,0.828225,nan,1.0
toolagent_trace,0.02,4.0,"l1=0.02,l2x4",lfu_s,sampled,,next_use,False,spearman,0,600.0,194552,194552.0,49556.0,40000.0,677842.0,0.1599089463326262,nan,0.16296317096140317,37851.0,2149.0,0.053725,0.828225,nan,1.0
toolagent_trace,0.02,4.0,"l1=0.02,l2x4",lru_2hit_s,sampled,,binary,False,auc,0,600.0,24959,24959.0,8800.0,8800.0,149591.0,0.18525847143210486,0.8440013381662146,0.8450870117716928,8558.0,242.0,0.0275,0.9965909090909091,0.003409090909090909,1.0
toolagent_trace,0.02,4.0,"l1=0.02,l2x4",lru_2hit_s,sampled,,count,False,spearman,0,600.0,24959,24959.0,8800.0,8800.0,149591.0,0.18525847143210486,nan,0.44993799084540087,8558.0,242.0,0.0275,0.9965909090909091,nan,1.0
toolagent_trace,0.02,4.0,"l1=0.02,l2x4",lru_2hit_s,sampled,,next_use,False,spearman,0,600.0,24959,24959.0,8800.0,8800.0,149591.0,0.18522504696138137,nan,0.44544576501194666,8558.0,242.0,0.0275,0.9965909090909091,nan,1.0
toolagent_trace,0.02,4.0,"l1=0.02,l2x4",lru_s,sampled,,binary,False,auc,0,600.0,183978,183978.0,46140.0,40000.0,677258.0,0.19097448830430944,0.6183546155005769,0.6179148120463115,38782.0,1218.0,0.03045,0.8962,0.1038,1.0
toolagent_trace,0.02,4.0,"l1=0.02,l2x4",lru_s,sampled,,count,False,spearman,0,600.0,183978,183978.0,46140.0,40000.0,677258.0,0.19097448830430944,nan,0.15563591648257946,38782.0,1218.0,0.03045,0.8962,nan,1.0
toolagent_trace,0.02,4.0,"l1=0.02,l2x4",lru_s,sampled,,next_use,False,spearman,0,600.0,183978,183978.0,46140.0,40000.0,677258.0,0.19097301176213496,nan,0.156933768768866,38782.0,1218.0,0.03045,0.8962,nan,1.0
