trace,l1_fraction,l2_multiplier,cell,eligibility,width,mechanism,arm,family,arm_parameter,seed,variant,order,role,published_arm,l1_capacity_bytes,l2_capacity_bytes,requested_tokens,measured_requests,l1_avoided_tokens,l2_avoided_tokens,avoided_prefill_tokens,extra_avoided_tokens,l2_present_unusable_tokens,l2_present_unusable_blocks,l2_admissions,l2_rejections,l2_evictions,l2_decisions,l1_evictions,seconds,worker_peak_rss_mib,worker_pss_mib_end,counters_sha256,attribution_measured_requests,fully_served_requests,beyond_prefix_tokens,beyond_prefix_blocks,l2_hit_tokens,l2_hit_blocks_checked,downstream_absent_tokens,downstream_absent_blocks,unexplained_states,unexplained_after_promotion,root_rejected_tokens,root_rejected_blocks,unusable_after_rejected_tokens,unusable_after_rejected_blocks,absent_rejected_tokens,absent_rejected_blocks,downstream_rejected_tokens,downstream_rejected_blocks,root_evicted_tokens,root_evicted_blocks,unusable_after_evicted_tokens,unusable_after_evicted_blocks,absent_evicted_tokens,absent_evicted_blocks,downstream_evicted_tokens,downstream_evicted_blocks,root_compulsory_tokens,root_compulsory_blocks,unusable_after_compulsory_tokens,unusable_after_compulsory_blocks,absent_compulsory_tokens,absent_compulsory_blocks,downstream_compulsory_tokens,downstream_compulsory_blocks,root_unexplained_tokens,root_unexplained_blocks,unusable_after_unexplained_tokens,unusable_after_unexplained_blocks,absent_unexplained_tokens,absent_unexplained_blocks,downstream_unexplained_tokens,downstream_unexplained_blocks,root_loss_tokens,unusable_tokens,decision_loss_tokens,absent_loss_tokens,perblock_decision_loss_tokens,removal_rejections,removal_rejections_window,removal_promotions,resident_evictions,resident_evictions_window,evictions_with_orphans,evictions_with_orphans_window,share_evictions_with_orphans,share_evictions_with_orphans_window,orphaned_blocks,orphaned_blocks_window,orphaned_bytes,orphaned_bytes_window,orphaned_blocks_per_eviction,extra_fraction_of_input,extra_points,present_unusable_points,absent_rejected_points,absent_evicted_points,absent_compulsory_points,unusable_after_rejected_points,unusable_after_evicted_points,perblock_decision_loss_points,absent_rejected_share_of_decision_absent,absent_evicted_share_of_decision_absent,stat_decisions_seen,stat_rejections_seen,stat_evictions_seen,overridden_decisions_seen,decision_sha256,m1_pairs,m1_concordant,m1_tied,m1,stat_decisions,single_candidate_decisions,overridden_decisions,m2_agree,m2,m3_excess_sum,m3,m4_count,m4,m4_victim_at_horizon,stat_decisions_admission,single_candidate_decisions_admission,overridden_decisions_admission,m2_agree_admission,m2_admission,m3_excess_sum_admission,m3_admission,m4_count_admission,m4_admission,m4_victim_at_horizon_admission,stat_decisions_resident,single_candidate_decisions_resident,overridden_decisions_resident,m2_agree_resident,m2_resident,m3_excess_sum_resident,m3_resident,m4_count_resident,m4_resident,m4_victim_at_horizon_resident,class_horizon_seconds,class_decisions_seen,class_rejections_seen,class_resident_evictions_seen,class_violations_seen,class_overridden_seen,class_overridden_outside_admission_seen,class_decisions,class_rejections,class_resident_evictions,class_violations,class_overridden,class_overridden_outside_admission,class_m4_count_resident,reference_source,reference_avoided_prefill_tokens,reproduces_reference
conversation_trace,0.0025,1.0,"l1=0.0025,l2x1",all,16,all16,evict_binary_60_learned,class_order,60.0,0,main,learned,new,,464360509,464360509,58742117,5183,2662942,2311548,4974490,2311548,1198535,2345,133519,142313,115907,258220,275832,102.15957951545715,1259.7421875,926.6005859375,95c45af9768a2ce61aa8da8244da9fdfebdaa66fb9f38322fb9780fc81a1b016,5183,8,56079175,111981,2311548,4517,49996628,99944,0,0,482954,947,710480,1391,7813344,15274,7330390,14327,545120,1066,488055,954,9717120,18986,9172000,17920,1544390,3162,0,0,35038628,70859,33494238,67697,0,0,0,0,0,0,0,0,2572464,1198535,2226609,52569092,18728999,142313,57343,17170,115907,47770,40722,16543,0.3513333966024485,0.34630521247644963,111499,44394,116545712128,46375874560,0.9619695100382203,0.03935077790948528,3.9350777909485286,2.0403333437914744,13.301093659937383,16.54199830761973,59.64822139454048,1.2094899473915794,0.8308433963998948,31.883425311348585,0.4457009238317936,0.5542990761682064,258220,142313,115907,29824,4fe3347ac31c15c8552ac5fdac5a8dca2bb89ef3b83314abbcbe924abdb9e44d,13128326,9386286,371,0.7149785509592007,105113,0,13038,7902,0.07517623890479769,35921.5074368957,0.34174181535010606,23267,0.2213522589974599,15,103718,0,13038,7767,0.07488574789332614,35427.694063012175,0.3415771039068645,22906,0.22084884012418288,15,1395,0,0,135,0.0967741935483871,493.8133738832952,0.35398808163677076,361,0.25878136200716845,0,60.0,258220,142313,115907,0,29824,0,105113,57343,47770,0,13038,0,0,,,
conversation_trace,0.0025,1.0,"l1=0.0025,l2x1",all,16,all16,evict_binary_60_learned,class_order,60.0,1,main,learned,new,,464360509,464360509,58742117,5183,2662942,2281606,4944548,2281606,1267040,2477,136543,139289,118683,257972,275832,101.62258815765381,1256.5859375,940.0693359375,c010afc9c4ee0f55c7cba4fa237ccff8df174c2de14e077de3650267ff89df6d,5183,7,56079175,111981,2281606,4459,49959769,99869,0,0,466012,915,772448,1511,7684126,15021,7218114,14106,563373,1103,494592,966,9807775,19165,9244402,18062,1541375,3158,0,0,35038628,70859,33497253,67701,0,0,0,0,0,0,0,0,2570760,1267040,2296425,52530529,18758941,139289,56827,17418,118683,48212,41936,16826,0.3533446239141242,0.34900024890068865,114126,44678,119290894336,46681145344,0.9616035995045625,0.03884105845214942,3.884105845214942,2.156953247020362,13.081118612051384,16.696325398010426,59.64822139454048,1.3149815489285142,0.8419716980918478,31.93439725708217,0.4392962205765971,0.5607037794234029,257972,139289,118683,30530,b329f06aa6992fce9ae2135ff750235a33ac7d9ed72a2668723e65678fc2ef87,13119076,9395471,418,0.7161845849509524,105039,0,13226,8333,0.07933243842763164,35409.618026224955,0.33710924538718906,23011,0.2190710117194566,16,103653,0,13226,8185,0.07896539415164057,34931.206249763956,0.3370014013078633,22650,0.21851755376110676,16,1386,0,0,148,0.10678210678210678,478.4117764604779,0.3451744418906767,361,0.26046176046176045,0,60.0,257972,139289,118683,0,30530,0,105039,56827,48212,0,13226,0,0,,,
conversation_trace,0.0025,1.0,"l1=0.0025,l2x1",all,16,all16,evict_binary_60_learned,class_order,60.0,2,main,learned,new,,464360509,464360509,58742117,5183,2662942,2336279,4999221,2336279,1207907,2363,135172,140660,117501,258161,275832,102.02306032180786,1245.83203125,890.8515625,ff3fd95ee47df607c0977590aae2aac222d63e73ff9ec9f2f68c80b624e0afbd,5183,8,56079175,111981,2336279,4565,49962599,99878,0,0,472830,927,704099,1379,7524366,14709,7051536,13782,556069,1088,503808,984,9971995,19485,9415926,18397,1543491,3160,0,0,35038628,70859,33495137,67699,0,0,0,0,0,0,0,0,2572390,1207907,2236806,52534989,18704268,140660,56239,17229,117501,48808,41249,17005,0.3510523314695194,0.34840599901655467,112791,45500,117941370880,47581802496,0.9599152347639595,0.039771787591516325,3.977178759151632,2.056287824968923,12.809150204784073,16.975886313392486,59.64822139454048,1.1986272132480347,0.8576606117208885,31.84132434314548,0.43005319791927016,0.5699468020807298,258161,140660,117501,30314,80059c571b13faf2c1081957c89d604a223b76427d029ea9a332050b748b7704,13126351,9378876,421,0.7145235183791748,105047,0,13346,8005,0.07620398488295715,35549.332664176174,0.33841359262212317,23055,0.21947318819195216,16,103677,0,13346,7849,0.07570628008140667,35019.49720625397,0.33777498583344395,22659,0.21855377759773142,16,1370,0,0,156,0.11386861313868613,529.8354579217697,0.3867412101618757,396,0.28905109489051095,0,60.0,258161,140660,117501,0,30314,0,105047,56239,48808,0,13346,0,0,,,
conversation_trace,0.0025,1.0,"l1=0.0025,l2x1",all,16,all16,evict_binary_60_learned,class_order,60.0,3,main,learned,new,,464360509,464360509,58742117,5183,2662942,2314138,4977080,2314138,1227616,2400,133768,142064,116088,258152,275832,102.21693778038025,1276.8359375,936.0234375,a00c09ab94b117e61beaff47976418acff1529092952c6e084eb2f5977c3091e,5183,9,56079175,111981,2314138,4523,49965996,99884,0,0,463107,909,708448,1386,7604414,14867,7141307,13958,566195,1107,519168,1014,9894379,19332,9328184,18225,1542123,3158,0,0,35038628,70859,33496505,67701,0,0,0,0,0,0,0,0,2571425,1227616,2256918,52537421,18726409,142064,57430,17238,116088,47622,40840,16689,0.3518020811797946,0.3504472722691193,111200,44725,116254361600,46739382272,0.9578940114395975,0.03939486893194537,3.939486893194537,2.089839560940577,12.94542040423909,16.843756243922908,59.64822139454048,1.206030759837954,0.8838088011026228,31.879016209102577,0.43456791562709496,0.565432084372905,258152,142064,116088,29797,c2f625dcc031ef7005d2e3d2b7c0e7f0c2e46320a228a7fdc3778c287d522772,13118582,9397007,468,0.7163305454812113,105052,0,13010,7674,0.07304953737196816,35594.68428261416,0.3388291920440749,23159,0.22045272817271447,14,103678,0,13010,7533,0.07265765157506897,35122.689073821486,0.3387670390422412,22807,0.21997916626478134,14,1374,0,0,141,0.10262008733624454,471.9952087924516,0.3435190748125557,352,0.2561863173216885,0,60.0,258152,142064,116088,0,29797,0,105052,57430,47622,0,13010,0,0,,,
conversation_trace,0.0025,1.0,"l1=0.0025,l2x1",all,16,all16,evict_binary_60_learned,class_order,60.0,4,main,learned,new,,464360509,464360509,58742117,5183,2662942,2336437,4999379,2336437,1208167,2363,133688,142144,115947,258091,275832,108.10250043869019,1256.95703125,994.853515625,cfe9de0303a4e2e294f9e2b681249a84f86d12964d6accb1937f5f67529ef030,5183,7,56079175,111981,2336437,4565,49962754,99877,0,0,474321,931,738151,1445,7746544,15144,7272223,14213,554562,1085,470016,918,9749399,19050,9194837,17965,1542934,3160,0,0,35038628,70859,33495694,67699,0,0,0,0,0,0,0,0,2571817,1208167,2237050,52534571,18704110,142144,57587,17299,115947,47461,40829,16505,0.35213502721070833,0.34775921282737404,111226,44169,116242913280,46143780864,0.9592831207361985,0.039774477314121995,3.9774477314121994,2.0567304375496036,13.187376273824112,16.5969486595112,59.64822139454048,1.2565958424685306,0.8001345950810728,31.841055370884913,0.4427623020948342,0.5572376979051658,258091,142144,115947,29722,c54c77397ae51b547b39240db6e72bf91afe1a8c15f9ad97d8e24118a048cd3b,13117039,9373035,392,0.7145843661820324,105048,0,12991,7847,0.07469918513441474,35634.85155750126,0.33922446460190825,23162,0.2204896809077755,10,103715,0,12991,7722,0.0744540326857253,35155.011389950276,0.3389578304965557,22802,0.2198524803548185,10,1333,0,0,125,0.09377344336084022,479.8401675507265,0.359970118192593,360,0.2700675168792198,0,60.0,258091,142144,115947,0,29722,0,105048,57587,47461,0,12991,0,0,,,
conversation_trace,0.0025,1.0,"l1=0.0025,l2x1",all,16,all16,evict_binary_60_recency,class_order,60.0,0,main,recency,new,,464360509,464360509,58742117,5183,2662942,2975533,5638475,2975533,944128,1844,244514,31318,224864,256182,275832,58.364248514175415,1273.75,982.181640625,995edfcf98cf9ec1104842993530095e085c55eb96c9b418e55bc2d31c357439,5183,19,56079175,111981,2975533,5820,49605197,99153,0,0,99070,197,242176,473,1374040,2693,1274970,2496,829044,1620,701952,1371,15746846,30765,14917802,29145,1626203,3347,0,0,35038628,70859,33412425,67512,0,0,0,0,0,0,0,0,2554317,944128,1872242,52159514,18065014,31318,12773,19204,224864,91544,102470,41396,0.4556976661448698,0.4521978502141047,401545,155930,416899915776,161803589632,1.785723815283905,0.05065416692421895,5.065416692421896,1.6072420406639414,2.339105347531142,26.806739021680134,59.64822139454048,0.4122697859186791,1.1949722547452621,30.753086409875216,0.08025519240067365,0.9197448075993263,256182,31318,224864,79021,208c8f006456829d0b94b1aa8483a9b99eb8e47f02236c703612a158decde5c5,11958518,8378055,834993,0.7355051436975719,104317,0,33842,58174,0.557665577039217,33160.33956635429,0.31788049470704,22647,0.21709788433333013,36,103024,0,33842,57189,0.5551036651653983,32758.300993832385,0.31796766766804224,22367,0.21710475229072837,35,1293,0,0,985,0.7617942768754834,402.03857252188516,0.31093470419325997,280,0.21655065738592422,1,60.0,256182,31318,224864,0,79021,0,104317,12773,91544,0,33842,0,0,,,
conversation_trace,0.0025,1.0,"l1=0.0025,l2x1",all,16,all16,evict_binary_60_recency,class_order,60.0,1,main,recency,new,,464360509,464360509,58742117,5183,2662942,2899636,5562578,2899636,1031677,2016,244922,30910,225287,256197,275832,58.657902002334595,1258.12890625,1007.0615234375,23d5608b28057758f92b4514184e606dd7993272f599145069e2ce00f3c5eb28,5183,16,56079175,111981,2899636,5670,49593021,99128,0,0,98863,198,237568,464,1356290,2659,1257427,2461,824916,1613,794109,1552,15752944,30777,14928028,29164,1631062,3356,0,0,35038628,70859,33407566,67503,0,0,0,0,0,0,0,0,2554841,1031677,1955456,52147862,18140911,30910,12519,19191,225287,91778,102524,41397,0.45508174018030334,0.4510558085815773,402569,155828,417710284800,161460658176,1.7869162446124276,0.04936212973053048,4.936212973053048,1.7562816130715888,2.308888527119307,26.817119989053168,59.64822139454048,0.4044253291041588,1.35185628396743,30.882290129244065,0.07927239758366739,0.9207276024163326,256197,30910,225287,78724,0fd289a14a2634f30fe00c4649c55ef7410e27d6629dbd02f318179330c5173b,11976528,8361708,839543,0.7332241447604848,104297,0,33551,58410,0.5600352838528433,33220.96550817654,0.31852273323467156,22647,0.21713951503878348,38,102899,0,33551,57337,0.557216299478129,32804.19794473729,0.31879996836448643,22351,0.21721299526720375,37,1398,0,0,1073,0.7675250357653791,416.7675634392404,0.29811699816826925,296,0.2117310443490701,1,60.0,256197,30910,225287,0,78724,0,104297,12519,91778,0,33551,0,0,,,
conversation_trace,0.0025,1.0,"l1=0.0025,l2x1",all,16,all16,evict_binary_60_recency,class_order,60.0,2,main,recency,new,,464360509,464360509,58742117,5183,2662942,3008716,5671658,3008716,928323,1814,245531,30301,225856,256157,275832,58.666478872299194,1256.125,940.0546875,ac934574cc141ac84356e19a637fbe60e5f9db27aa4f28b83fdbc243580850bc,5183,17,56079175,111981,3008716,5884,49586435,99117,0,0,97570,194,283203,554,1355098,2656,1257528,2462,826401,1615,645120,1260,15748410,30768,14922009,29153,1631730,3357,0,0,35038628,70859,33406898,67502,0,0,0,0,0,0,0,0,2555701,928323,1852294,52142136,18031831,30301,12544,19230,225856,91737,103141,41568,0.45666707990932276,0.45312142319892734,402641,154651,417777911808,160344301568,1.7827332459620289,0.05121905974209271,5.121905974209271,1.5803363028268116,2.3068593186724953,26.809401506588536,59.64822139454048,0.4821123487939667,1.098223954032845,30.69659712808784,0.07922924349788359,0.9207707565021164,256157,30301,225856,78375,732a08aaf1b935290032c1e61bb9bc3fe8e55e4ffc64b777a9c122cd070622ef,11971026,8358950,825524,0.7327452133175553,104281,0,33829,58430,0.5603130004507053,33286.44439590545,0.3191995128154261,22669,0.21738379954162312,35,102924,0,33829,57391,0.5576056119078154,32880.3109483949,0.3194620394504188,22376,0.217403132408379,34,1357,0,0,1039,0.765659543109801,406.13344751052404,0.29928772845285484,293,0.2159174649963154,1,60.0,256157,30301,225856,0,78375,0,104281,12544,91737,0,33829,0,0,,,
conversation_trace,0.0025,1.0,"l1=0.0025,l2x1",all,16,all16,evict_binary_60_recency,class_order,60.0,3,main,recency,new,,464360509,464360509,58742117,5183,2662942,2995534,5658476,2995534,958394,1872,245845,29987,226124,256111,275832,58.294153928756714,1276.828125,914.7265625,20b9b508fa648f7414b86fe924bc988999a08c783a72fc19d81f702b9fe28c35,5183,18,56079175,111981,2995534,5859,49572487,99085,0,0,89610,179,294400,575,1277809,2506,1188199,2327,828368,1619,663994,1297,15808810,30885,14980442,29266,1634782,3367,0,0,35038628,70859,33403846,67492,0,0,0,0,0,0,0,0,2552760,958394,1876372,52125247,18045013,29987,12148,19275,226124,92102,103530,41895,0.4578461375174683,0.4548761156109531,405297,157034,420498419712,162785839104,1.792366135394739,0.05099465516368775,5.099465516368775,1.631527852494659,2.175285919640928,26.91222381379275,59.64822139454048,0.5011736298165761,1.130354222678083,30.719037585928337,0.07478419223838256,0.9252158077616175,256111,29987,226124,78285,8fda5940aa0aa90f627db9bc78e0732399cb41ab3f6d3c3babc3980f4836273b,11966257,8357786,833392,0.7332687238791545,104250,0,33615,58399,0.5601822541966427,33252.104210125566,0.31896502839448987,22727,0.21800479616306953,30,102854,0,33615,57345,0.5575378692126703,32823.029061107765,0.31912253350484926,22406,0.21784276741789332,30,1396,0,0,1054,0.7550143266475645,429.0751490177996,0.3073604219325212,321,0.22994269340974213,0,60.0,256111,29987,226124,0,78285,0,104250,12148,92102,0,33615,0,0,,,
conversation_trace,0.0025,1.0,"l1=0.0025,l2x1",all,16,all16,evict_binary_60_recency,class_order,60.0,4,main,recency,new,,464360509,464360509,58742117,5183,2662942,2884696,5547638,2884696,1027776,2009,245666,30166,226079,256245,275832,58.50543451309204,1276.8359375,1003.1533203125,221d3f4cb99509790524b3cddea388b3508c297dab45baef7b208b15717c0169,5183,18,56079175,111981,2884696,5642,49610900,99165,0,0,96772,193,283209,554,1264279,2478,1167507,2285,827950,1618,744567,1455,15863796,30993,15035846,29375,1631081,3354,0,0,35038628,70859,33407547,67505,0,0,0,0,0,0,0,0,2555803,1027776,1952498,52166703,18155851,30166,12100,19140,226079,92229,103259,41782,0.45673857368442006,0.4530245367509135,405215,156688,420393377792,162304006144,1.7923601926760115,0.0491077977322472,4.9107797732247205,1.7496407220053032,2.152253041884752,27.00582956518234,59.64822139454048,0.4821225629304439,1.2675181590748594,30.907723329072393,0.0738132568896388,0.9261867431103612,256245,30166,226079,78354,d3f68f0dd34edb9e9c34ab8164b21eb50942c6a49359907fddd90280320829b6,11959573,8355798,835735,0.733610263510244,104329,0,33544,58587,0.5615600647950234,33372.65891559407,0.3198790261154048,22661,0.21720710444842756,35,102916,0,33544,57510,0.5588052392242217,32915.28832625568,0.31982673565097436,22350,0.21716739865521395,35,1413,0,0,1077,0.7622080679405521,457.37058933829627,0.3236876074581007,311,0.22009907997169142,0,60.0,256245,30166,226079,0,78354,0,104329,12100,92229,0,33544,0,0,,,
conversation_trace,0.0025,4.0,"l1=0.0025,l2x4",all,16,all16,evict_binary_150_learned,class_order,150.0,0,main,learned,new,,464360509,1857442038,58742117,5183,2662942,6998969,9661911,6998969,2440324,4769,173620,102212,127450,229662,275832,97.35921120643616,1257.2578125,908.6220703125,a0ada4ad5f979e1edc951d3f002daf6ec724d2bd6c1e851ca2b3325488832c02,5183,14,56079175,111981,6998969,13676,44089002,88367,0,0,480956,945,1597445,3122,5451400,10661,4970444,9716,367708,720,842879,1647,6149854,12016,5782146,11296,1702216,3504,0,0,35038628,70859,33336412,67355,0,0,0,0,0,0,0,0,2550880,2440324,3288988,46639882,14041578,102212,42027,44399,127450,51504,48784,19538,0.38276971361318163,0.37934917676296986,167131,66206,174451326976,69081417728,1.3113456257355827,0.11914737427661996,11.914737427661995,4.154300397447371,9.280223932004358,10.469241345183388,59.64822139454048,2.7194202074807756,1.434880189966596,23.903765674635117,0.469897478324326,0.5301025216756741,229662,102212,127450,37311,2e22108138792fec957eb382eed6b4923921839f93dbad29a1d60a066e3e3c8e,12359488,8606238,162,0.69633297107453,93531,0,15571,5604,0.0599159636911826,18870.560744982966,0.20175728630061654,14668,0.15682500988976916,3,92329,0,15571,5469,0.05923382685830021,18737.879104742435,0.20294684340502372,14501,0.15705791246520595,3,1202,0,0,135,0.11231281198003328,132.6816402405176,0.11038406010026422,167,0.1389351081530782,0,150.0,229662,102212,127450,0,37311,0,93531,42027,51504,0,15571,0,0,,,
conversation_trace,0.0025,4.0,"l1=0.0025,l2x4",all,16,all16,evict_binary_150_learned,class_order,150.0,1,main,learned,new,,464360509,1857442038,58742117,5183,2662942,6896830,9559772,6896830,2565655,5015,173475,102357,127311,229668,275832,97.674800157547,1259.7421875,888.5498046875,85e5c92d60d036d9e4e97248b917e24a9ee3e173cc740b9e31f013e1f25b0f62,5183,16,56079175,111981,6896830,13476,44064380,88323,0,0,485673,953,1759767,3441,5455719,10669,4970046,9716,360677,706,805888,1574,6122343,11962,5761666,11256,1705960,3508,0,0,35038628,70859,33332668,67351,0,0,0,0,0,0,0,0,2552310,2565655,3412005,46616690,14143717,102357,41897,44392,127311,51589,48661,19604,0.3822214891093464,0.3800034891158968,165985,66080,173192144896,68924215296,1.3037757931364926,0.1174086048005386,11.74086048005386,4.3676583872522,9.28757640791189,10.422407827079164,59.64822139454048,2.9957500510238675,1.3719083362283317,24.077642622243253,0.4712117623830309,0.528788237616969,229668,102357,127311,37511,54ee17470f577ae74d61090c47756776e3e63bd2fdb41e7ae83017b164495933,12353125,8591418,167,0.6954921527953453,93486,0,15595,5436,0.05814774404723702,18877.075732604648,0.20192409272623332,14683,0.15706095030271913,8,92307,0,15595,5307,0.057492931196983975,18739.9004485069,0.20301711082048926,14511,0.15720367902759272,8,1179,0,0,129,0.10941475826972011,137.17528409774653,0.11634884147391562,172,0.1458863443596268,0,150.0,229668,102357,127311,0,37511,0,93486,41897,51589,0,15595,0,0,,,
conversation_trace,0.0025,4.0,"l1=0.0025,l2x4",all,16,all16,evict_binary_150_learned,class_order,150.0,2,main,learned,new,,464360509,1857442038,58742117,5183,2662942,6864508,9527450,6864508,2553911,4993,173381,102451,127215,229666,275832,97.40098643302917,1245.83203125,890.8662109375,d127bdf1dd26e58a6eb4fa0833f91d3fbe8d8d575a4a8412dd68f4677be57d03,5183,14,56079175,111981,6864508,13413,44106887,88406,0,0,487192,955,1706049,3336,5443393,10643,4956201,9688,359449,703,847862,1657,6178735,12073,5819286,11370,1707228,3511,0,0,35038628,70859,33331400,67348,0,0,0,0,0,0,0,0,2553869,2553911,3400552,46660756,14176039,102451,42205,44395,127215,51366,48710,19476,0.3828950988484062,0.3791613129307324,164799,65388,171981103104,68202481664,1.2954368588609835,0.11685836926850968,11.685836926850968,4.347665917454082,9.26659316687548,10.518407091116583,59.64822139454048,2.904302887143138,1.4433630303109437,24.132666175446147,0.46836457144509164,0.5316354285549083,229666,102451,127215,37577,7f7b19b9ccdc7bb3e8e156a6991ade2b668164ebbeab197f7e73629bf9744e0b,12366084,8607439,164,0.6960587523099471,93571,0,15711,5333,0.056994154171698494,18943.076778992472,0.20244602258170236,14699,0.15708926911115623,7,92398,0,15711,5225,0.05654884304855083,18790.278112002998,0.2033623900084742,14507,0.15700556289097167,6,1173,0,0,108,0.09207161125319693,152.7986669894411,0.13026314321350477,192,0.1636828644501279,1,150.0,229666,102451,127215,0,37577,0,93571,42205,51366,0,15711,0,0,,,
conversation_trace,0.0025,4.0,"l1=0.0025,l2x4",all,16,all16,evict_binary_150_learned,class_order,150.0,3,main,learned,new,,464360509,1857442038,58742117,5183,2662942,6929421,9592363,6929421,2523244,4932,174287,101545,127983,229528,275832,97.10663986206055,1256.5859375,940.275390625,bd238b5f51092694e470796234bd7accaf460f6d335f5b7ea04c8f61192531ab,5183,15,56079175,111981,6929421,13540,44071394,88341,0,0,491473,964,1715820,3355,5431806,10622,4940333,9658,368673,721,807424,1577,6156076,12028,5787403,11307,1694970,3483,0,0,35038628,70859,33343658,67376,0,0,0,0,0,0,0,0,2555116,2523244,3383390,46626510,14111126,101545,41845,44533,127983,51660,49267,19762,0.38494956361391747,0.3825396825396825,167470,66576,174700386304,69422911488,1.3085331645609182,0.11796341967042148,11.796341967042148,4.295459763562828,9.246867966981851,10.479833404710286,59.64822139454048,2.9209366083963233,1.3745231551665051,24.022161135254965,0.46874881880916636,0.5312511811908337,229528,101545,127983,37639,90b73abd20a8d87f11e75e6ddd81a0f435e3efb0debeb890ca14f42bb35d5945,12356676,8593631,166,0.6954713387321962,93505,0,15644,5734,0.06132292390781242,18821.90363246952,0.20129301783294495,14593,0.15606652050692477,6,92350,0,15644,5624,0.06089875473741202,18651.792993026258,0.20196852185193565,14404,0.1559718462371413,5,1155,0,0,110,0.09523809523809523,170.11063944319056,0.1472819389118533,189,0.16363636363636364,1,150.0,229528,101545,127983,0,37639,0,93505,41845,51660,0,15644,0,0,,,
conversation_trace,0.0025,4.0,"l1=0.0025,l2x4",all,16,all16,evict_binary_150_learned,class_order,150.0,4,main,learned,new,,464360509,1857442038,58742117,5183,2662942,6912260,9575202,6912260,2554865,4994,173593,102239,127402,229641,275832,97.48332285881042,1276.8359375,898.7783203125,48a82f0ca53476c946825ec742465e0e023e358b2db5b30bb5fdf396d73e4ae8,5183,13,56079175,111981,6912260,13505,44058305,88312,0,0,463184,909,1705209,3334,5397841,10556,4934657,9647,377513,739,849656,1660,6175581,12067,5798068,11328,1713048,3522,0,0,35038628,70859,33325580,67337,0,0,0,0,0,0,0,0,2553745,2554865,3395562,46612050,14128287,102239,41892,44420,127402,51586,48836,19655,0.38332208285584213,0.3810142286666925,165868,66809,173078390784,69684699136,1.3019261864020972,0.11767127834361162,11.767127834361162,4.349289965153963,9.189047442740275,10.513037860041715,59.64822139454048,2.9028729080363243,1.4464170571176385,24.051375267935953,0.46639973898817483,0.5336002610118252,229641,102239,127402,37282,bb9f4ad7eb0d03ab7ea5808b2b0fe348288e949f95700b0ec17f155441acb0c1,12351591,8584701,179,0.6950351982995551,93478,0,15628,5707,0.061051798284088236,18789.884534547335,0.20100862806807307,14601,0.15619718008515374,4,92327,0,15628,5587,0.06051317599402125,18641.468313820853,0.20190700785058383,14416,0.15614067390904068,4,1151,0,0,120,0.10425716768027801,148.41622072640916,0.12894545675621996,185,0.16072980017376196,0,150.0,229641,102239,127402,0,37282,0,93478,41892,51586,0,15628,0,0,,,
conversation_trace,0.0025,4.0,"l1=0.0025,l2x4",all,16,all16,evict_binary_150_recency,class_order,150.0,0,main,recency,new,,464360509,1857442038,58742117,5183,2662942,7575908,10238850,7575908,2636833,5153,223982,51850,174609,226459,275832,58.32321906089783,1273.75,982.380859375,2c610d2a682e7835a998394c0e37100233142e799e7add9252e3f8eaf43ae06e,5183,22,56079175,111981,7575908,14807,43325600,86860,0,0,285510,562,1784480,3488,2458011,4811,2172501,4249,439841,860,852353,1665,8369795,16351,7929954,15491,1815483,3739,0,0,35038628,70859,33223145,67120,0,0,0,0,0,0,0,0,2540834,2636833,3362184,45866434,13464639,51850,20121,47589,174609,71902,75758,31152,0.43387225171669275,0.4332563767350004,314650,124836,326877114368,129602273280,1.802026241488125,0.12896893041835725,12.896893041835725,4.488828688281697,4.184409969426196,14.248371402753497,59.64822139454048,3.03782037681754,1.4510083114641579,22.92161006046139,0.22700914663598518,0.7729908533640149,226459,51850,174609,54533,20f7b36f9f5bf618c93e53c743470a7d65dd85f0da2dc85ff541061772826c31,11900108,8800890,210161,0.7483940902048957,92023,0,21938,60576,0.6582702150549319,14768.401988205116,0.16048598707067924,13306,0.14459428621105594,16,90699,0,21938,59456,0.6555309319838146,14604.571573800435,0.16102241010154947,13116,0.14461019415870074,16,1324,0,0,1120,0.8459214501510574,163.83041440468133,0.12373898368933635,190,0.14350453172205438,0,150.0,226459,51850,174609,0,54533,0,92023,20121,71902,0,21938,0,0,,,
conversation_trace,0.0025,4.0,"l1=0.0025,l2x4",all,16,all16,evict_binary_150_recency,class_order,150.0,1,main,recency,new,,464360509,1857442038,58742117,5183,2662942,7422980,10085922,7422980,2783608,5441,223980,51852,174506,226358,275832,81.58598065376282,1259.7421875,896.26953125,fb6c2b6d001fe722dbec206a9e5da8c497dbd956835063e1e5739c464ad8924c,5183,19,56079175,111981,7422980,14505,43331636,86871,0,0,279551,554,1790192,3500,2457044,4811,2177493,4257,441377,863,993416,1941,8376915,16365,7935538,15502,1820023,3747,0,0,35038628,70859,33218605,67112,0,0,0,0,0,0,0,0,2540951,2783608,3504536,45872587,13617567,51852,20336,47692,174506,71700,75671,30939,0.433629789233608,0.4315062761506276,313601,125274,326043054080,130173079552,1.7970786104775767,0.1263655513130383,12.636555131303831,4.738692001856181,4.182763791097281,14.26049217803982,59.64822139454048,3.047544234743872,1.691147767112309,23.18194797099328,0.22679096348804717,0.7732090365119528,226358,51852,174506,54567,bd86a13918ced9471b9b0146ef99a65007facd5358b9d2fb46cc08bfe7cf7a59,11906375,8797728,210908,0.7477659657116461,92036,0,22208,60379,0.6560367682211309,14806.270556827689,0.16087477244586562,13262,0.14409578860445912,20,90791,0,22208,59332,0.6535008976660682,14639.376048437683,0.16124259065807936,13084,0.14411120044938375,20,1245,0,0,1047,0.8409638554216867,166.89450839000392,0.13405181396787463,178,0.1429718875502008,0,150.0,226358,51852,174506,0,54567,0,92036,20336,71700,0,22208,0,0,,,
conversation_trace,0.0025,4.0,"l1=0.0025,l2x4",all,16,all16,evict_binary_150_recency,class_order,150.0,2,main,recency,new,,464360509,1857442038,58742117,5183,2662942,7339762,10002704,7339762,2855163,5579,224236,51596,174729,226325,275832,58.42634963989258,1258.12890625,1007.2646484375,2c216bec66733c78b1c12db78d6252fada9e577b899853622f10e19a4cc7de25,5183,20,56079175,111981,7339762,14343,43343839,86896,0,0,294989,584,1772795,3465,2480134,4858,2185145,4274,438817,858,1082368,2114,8365488,16342,7926671,15484,1806605,3721,0,0,35038628,70859,33232023,67138,0,0,0,0,0,0,0,0,2540411,2855163,3588969,45884250,13700785,51596,20237,47708,174729,71810,75885,31077,0.4343011177308861,0.4327670240913522,312201,124660,324252682240,129377019904,1.7867726593753757,0.12494888463076671,12.494888463076672,4.860504091127666,4.222071192973859,14.241039355118918,59.64822139454048,3.0179283460281146,1.842575745099551,23.32361463922044,0.22867605011496805,0.771323949885032,226325,51596,174729,54266,63baeec95e2e47d22c1882336f47cd29ce0fc012fd53972044186929a03d3994,11903052,8792807,210438,0.7475415548886117,92047,0,22087,60455,0.6567840342433756,14800.506246673454,0.1607929236876102,13292,0.14440448901104871,21,90684,0,22087,59290,0.6538088306647258,14651.059818390704,0.1615616847336984,13111,0.14457897754840987,21,1363,0,0,1165,0.8547322083639032,149.44642828275607,0.10964521517443586,181,0.13279530447542187,0,150.0,226325,51596,174729,0,54266,0,92047,20237,71810,0,22087,0,0,,,
conversation_trace,0.0025,4.0,"l1=0.0025,l2x4",all,16,all16,evict_binary_150_recency,class_order,150.0,3,main,recency,new,,464360509,1857442038,58742117,5183,2662942,7536038,10198980,7536038,2702409,5281,223936,51896,174465,226361,275832,57.71953845024109,1276.828125,914.71875,09dd2a9e97d7803561b1d844285f21351ab182b04f21904e9e67590638bb8cb9,5183,22,56079175,111981,7536038,14729,43300077,86810,0,0,280359,552,1770184,3460,2437452,4770,2157093,4218,439760,860,932225,1821,8364648,16342,7924888,15482,1820532,3749,0,0,35038628,70859,33218096,67110,0,0,0,0,0,0,0,0,2540651,2702409,3422528,45840728,13504509,51896,20319,47691,174465,71650,75727,30970,0.4340526753216978,0.4322400558269365,313247,125143,325559920640,129971453952,1.795471871148941,0.12829020104944464,12.829020104944464,4.600462390553613,4.149411230786932,14.239609376012105,59.64822139454048,3.013483494304436,1.5869788962491767,22.98948299735265,0.22564612436470685,0.7743538756352931,226361,51896,174465,54628,47a2afe783a38dc9bc01d54b6fb2ba8ef3f5aa9c4ba9558c64770ae12a12e9bd,11899397,8795684,212273,0.7480900502773375,91969,0,22154,60318,0.6558514281986322,14664.663197558446,0.15945224148961548,13245,0.14401591840728942,17,90647,0,22154,59180,0.6528622017275806,14500.357899015147,0.1599651163195158,13078,0.14427394177413483,17,1322,0,0,1138,0.8608169440242057,164.30529854329112,0.12428539980581779,167,0.12632375189107414,0,150.0,226361,51896,174465,0,54628,0,91969,20319,71650,0,22154,0,0,,,
conversation_trace,0.0025,4.0,"l1=0.0025,l2x4",all,16,all16,evict_binary_150_recency,class_order,150.0,4,main,recency,new,,464360509,1857442038,58742117,5183,2662942,7448066,10111008,7448066,2775518,5423,224442,51390,174831,226221,275832,57.50637650489807,1256.5859375,929.8359375,79f082162aac28215ff8cac7015e9a05ac281923c34eaee94e1cfa8844dc649b,5183,20,56079175,111981,7448066,14556,43315279,86839,0,0,282731,558,1713630,3349,2451761,4801,2169030,4243,440865,862,1061888,2074,8365202,16342,7924337,15480,1816716,3743,0,0,35038628,70859,33221912,67116,0,0,0,0,0,0,0,0,2540312,2775518,3499114,45855591,13592481,51390,20288,47821,174831,71711,75984,30994,0.4346139986615646,0.4322070533112075,315744,124733,327969409024,129454327808,1.805995504229799,0.1267926043591517,12.679260435915172,4.724919941172702,4.173770243929071,14.240552481280169,59.64822139454048,2.9172084485821306,1.8077114925905717,23.139242666381943,0.22665890601641145,0.7733410939835885,226221,51390,174831,54177,56525d2f9b7d524dc0678c8988b5dd10a06a6a5156a8967059a26ff3166325c6,11900226,8799141,210058,0.7482353696476016,91999,0,22104,60454,0.6571158382156328,14688.739949182695,0.15966195229494554,13271,0.14425156795182556,20,90654,0,22104,59310,0.654245813753392,14542.184561528422,0.16041415228813313,13080,0.14428486332649415,19,1345,0,0,1144,0.8505576208178439,146.55538765429267,0.10896311349761537,191,0.14200743494423793,1,150.0,226221,51390,174831,0,54177,0,91999,20288,71711,0,22104,0,0,,,
conversation_trace,0.01,1.0,"l1=0.01,l2x1",all,16,all16,evict_binary_150_learned,class_order,150.0,0,main,learned,new,,1857442038,1857442038,58742117,5183,3218284,10015705,13233989,10015705,1581130,3089,267770,3519,212520,216039,271289,90.89630508422852,1257.2578125,950.02734375,3368e8c7a8d110320271c4831b7e27615a5c1b647b2c81ed55693c4786c124c4,5183,41,55523833,110893,10015705,19576,41409721,83086,0,0,32956,65,239104,467,135208,266,102252,201,501938,983,1342026,2622,8753162,17103,8251224,16120,1982383,4094,0,0,35038628,70859,33056245,66765,0,0,0,0,0,0,0,0,2517277,1581130,2116024,43926998,10469500,3519,2122,53475,212520,86119,95671,38377,0.4501741012610578,0.4456275618620746,352649,138758,366920751104,144347176960,1.659368530020704,0.17050296297629178,17.050296297629178,2.6916462680430806,0.23017216080244435,14.900998545898508,59.64822139454048,0.40704014804233224,2.284606120000748,17.822816974744033,0.015211787988123806,0.9847882120118762,216039,3519,212520,50534,70c166227915fae8d0f69bda26d3cf11361e2d394607aa162375e8e172845230,11574859,8002725,466,0.6914086815225999,88241,0,21436,9759,0.11059484819981641,9297.552463659678,0.1053654476225301,10027,0.11363198513162816,4,86018,0,21436,9465,0.11003510893068892,9110.682796228268,0.10591600358329963,9810,0.11404589737031784,4,2223,0,0,294,0.13225371120107962,186.8696674314053,0.0840619286690982,217,0.09761583445793973,0,150.0,216039,3519,212520,0,50534,0,88241,2122,86119,0,21436,0,0,,,
conversation_trace,0.01,1.0,"l1=0.01,l2x1",all,16,all16,evict_binary_150_learned,class_order,150.0,1,main,learned,new,,1857442038,1857442038,58742117,5183,3218284,9884342,13102626,9884342,1718386,3357,267787,3502,212569,216071,271289,91.30868101119995,1259.7421875,1004.0224609375,275a4ec5eb47d51b36c8812e0d8d39fb46678a0f3a5013a01037b71bf6803341,5183,41,55523833,110893,9884342,19319,41405145,83075,0,0,38811,77,333312,651,141211,277,102400,200,499786,979,1385074,2706,8741266,17081,8241480,16102,1977363,4086,0,0,35038628,70859,33061265,66773,0,0,0,0,0,0,0,0,2515960,1718386,2256983,43921105,10600863,3502,2157,53446,212569,86078,95739,38501,0.45039022623242336,0.4472803736146286,353414,138760,367729614848,144287207424,1.6625848548000886,0.16826669695952565,16.826669695952564,2.925304854096423,0.24039140434792297,14.880747317976299,59.64822139454048,0.5674157095836365,2.3578891445127863,18.046443576420646,0.015897705110860406,0.9841022948891396,216071,3502,212569,50428,0447c13fa28670483ef83631b869d8e4e70fb9dd7fa1b8988b42f3b25d4e375a,11574402,7996321,453,0.6908821293748049,88235,0,21331,9636,0.10920836402788009,9269.606284009222,0.10505588807173141,10054,0.11394571315237717,6,86030,0,21331,9363,0.10883412762989655,9076.520976949949,0.1055041378234331,9823,0.11418109961641287,6,2205,0,0,273,0.12380952380952381,193.0853070592645,0.08756703267993855,231,0.10476190476190476,0,150.0,216071,3502,212569,0,50428,0,88235,2157,86078,0,21331,0,0,,,
conversation_trace,0.01,1.0,"l1=0.01,l2x1",all,16,all16,evict_binary_150_learned,class_order,150.0,2,main,learned,new,,1857442038,1857442038,58742117,5183,3218284,9964761,13183045,9964761,1630720,3185,267743,3546,212493,216039,271289,93.29413414001465,1256.5859375,994.96875,f7b995536ad7ce29b28fc1794de336e8cff4fcd1608b7d3b55ae835227f62500,5183,45,55523833,110893,9964761,19478,41413246,83092,0,0,34812,69,337408,659,131158,258,96346,189,504555,987,1293312,2526,8758566,17113,8254011,16126,1975739,4082,0,0,35038628,70859,33062889,66777,0,0,0,0,0,0,0,0,2515106,1630720,2170087,43928352,10520444,3546,2126,53477,212493,86119,95854,38552,0.45109250657668726,0.44765963376258433,354102,139278,368324165632,144754173952,1.6664172466857732,0.16963571469513092,16.96357146951309,2.776066106027469,0.22327761868030735,14.91019807815234,59.64822139454048,0.5743885600854324,2.2016775459420366,17.90954180286012,0.014753888872140462,0.9852461111278595,216039,3546,212493,50355,05e12462248f67c18609abff81427ef0c9bdbbc2e7e8ee0613084a8c5d996211,11576829,8004932,487,0.6914825726457564,88245,0,21396,9602,0.10881069748994278,9364.772300165165,0.1061224126031522,10074,0.11415944246132925,5,86028,0,21396,9329,0.10844143767145581,9190.993738005749,0.10683723599299937,9875,0.11478820849025899,5,2217,0,0,273,0.12313937753721245,173.77856215939914,0.07838455667992744,199,0.08976093820478123,0,150.0,216039,3546,212493,0,50355,0,88245,2126,86119,0,21396,0,0,,,
conversation_trace,0.01,1.0,"l1=0.01,l2x1",all,16,all16,evict_binary_150_learned,class_order,150.0,3,main,learned,new,,1857442038,1857442038,58742117,5183,3218284,10112259,13330543,10112259,1485824,2902,267820,3469,212583,216052,271289,90.9038896560669,1245.83203125,908.3623046875,90681d504e68068a09733830f56d464a27bd3cbbda2c06fadd1e60df666fb3aa,5183,41,55523833,110893,10112259,19765,41407677,83084,0,0,32892,65,268288,524,122944,242,90052,177,501440,982,1217536,2378,8764178,17125,8262738,16143,1983741,4095,0,0,35038628,70859,33054887,66764,0,0,0,0,0,0,0,0,2518073,1485824,2020156,43925750,10372946,3469,2099,53463,212583,86142,95739,38579,0.4503605650498864,0.44785354414803463,354254,139262,368672530432,144836642816,1.6664267603712433,0.17214665586533084,17.214665586533084,2.5294015195264414,0.2092944658429658,14.91975170047072,59.64822139454048,0.45672170786762756,2.072679811658814,17.658447685840127,0.013833949843380117,0.9861660501566198,216052,3469,212583,50257,b18a8d37854d7dd8fad94bd3f436302ec362069e560234e446ba54fb665be5ee,11575778,7990616,426,0.6903059993030274,88241,0,21239,9545,0.10816967169456375,9295.187737726925,0.10533864912826152,10058,0.11398329574687503,5,86058,0,21239,9281,0.1078458713890632,9091.009543933542,0.10563816895504824,9832,0.11424853006112157,5,2183,0,0,264,0.12093449381584975,204.17819379335614,0.09353100952512879,226,0.10352725606962895,0,150.0,216052,3469,212583,0,50257,0,88241,2099,86142,0,21239,0,0,,,
conversation_trace,0.01,1.0,"l1=0.01,l2x1",all,16,all16,evict_binary_150_learned,class_order,150.0,4,main,learned,new,,1857442038,1857442038,58742117,5183,3218284,9894881,13113165,9894881,1708544,3337,267789,3500,212587,216087,271289,91.15780711174011,1276.8359375,1020.2021484375,473d956f6f2a52f16ba626d3aabdf741821b421cf8d7399056e938088b6072a3,5183,46,55523833,110893,9894881,19342,41403824,83077,0,0,33597,66,313856,613,130341,255,96744,189,503458,985,1394688,2724,8751439,17100,8247981,16115,1979529,4086,0,0,35038628,70859,33059099,66773,0,0,0,0,0,0,0,0,2516584,1708544,2245599,43920408,10590324,3500,1993,53428,212587,86235,95751,38639,0.45040853862183483,0.44806633037629734,352125,138807,366381449216,144326987776,1.6563806817914548,0.16844610826674838,16.844610826674838,2.90855026556159,0.22188679376332318,14.89806538637346,59.64822139454048,0.5342946697001063,2.374255595861484,18.028502445698372,0.014675098910353556,0.9853249010896464,216087,3500,212587,50499,aed4350f93047e5ee3636af93889d8b744b82701547ede973e479e250f1d1a61,11574660,7997360,442,0.6909560194424718,88228,0,21446,9440,0.10699551162896133,9290.281172228571,0.105298557966049,10067,0.1141020991068595,5,85991,0,21446,9171,0.10665069600307009,9128.835434795952,0.10616035904682992,9863,0.11469804979590888,5,2237,0,0,269,0.1202503352704515,161.4457374326407,0.07217064704185995,204,0.09119356280733125,0,150.0,216087,3500,212587,0,50499,0,88228,1993,86235,0,21446,0,0,,,
conversation_trace,0.01,1.0,"l1=0.01,l2x1",all,16,all16,evict_binary_150_recency,class_order,150.0,0,main,recency,new,,1857442038,1857442038,58742117,5183,3218284,10296698,13514982,10296698,1140092,2227,270378,911,215961,216872,271289,59.49203419685364,1259.7421875,878.33203125,18a5576b12aac73d2933575a3a283478e7cb4b643bd9a99f48c2ee888f9a9175,5183,50,55523833,110893,10296698,20128,41575474,83405,0,0,2560,5,0,0,8192,16,5632,11,473469,926,1140092,2227,9040223,17663,8566754,16737,2035540,4202,0,0,35038628,70859,33003088,66657,0,0,0,0,0,0,0,0,2511569,1140092,1616121,44087043,10188507,911,545,52584,215961,87954,102490,41575,0.4745764281513792,0.4726902699138186,523395,207429,539414980608,213593423872,2.4235625876894438,0.1752864643948736,17.52864643948736,1.940842547434918,0.013945701003591682,15.38967858444734,59.64822139454048,0.0,1.940842547434918,17.34446683288585,0.0009053519318024207,0.9990946480681976,216872,911,215961,4744,46067208b762a4019443736366feda959245a84dd83b7f12cdde311c3762d650,11339583,8707777,197566,0.7766211508835907,88499,0,2484,75608,0.8543373371450524,9209.6240544747,0.10406472451072554,10823,0.12229516717703025,8,86218,0,2484,73617,0.8538472244774873,8986.364600390405,0.10422840474599741,10552,0.12238743649817903,8,2281,0,0,1991,0.872862779482683,223.25945408425665,0.09787788429822737,271,0.1188075405523893,0,150.0,216872,911,215961,0,4744,0,88499,545,87954,0,2484,0,0,,,
conversation_trace,0.01,1.0,"l1=0.01,l2x1",all,16,all16,evict_binary_150_recency,class_order,150.0,1,main,recency,new,,1857442038,1857442038,58742117,5183,3218284,10273054,13491338,10273054,1145381,2238,270461,828,216052,216880,271289,55.569173097610474,1273.75,982.958984375,c70557b0fbff0f263ffdab5c1b43fa281a2e747fdd218cabc9325d9b38b85f6b,5183,48,55523833,110893,10273054,20081,41593652,83439,0,0,4188,9,23040,45,8284,17,4096,8,472445,924,1122341,2193,9058486,17698,8586041,16774,2035113,4202,0,0,35038628,70859,33003515,66657,0,0,0,0,0,0,0,0,2511746,1145381,1622014,44105398,10212151,828,507,52578,216052,88032,102692,41555,0.47531149908355397,0.4720442566339513,524588,206694,540635977728,212932677632,2.4280636143150724,0.17488395932342718,17.48839593234272,1.949846308739605,0.014102317762909362,15.420768713527979,59.64822139454048,0.03922228407260161,1.9106240246670034,17.384717340030495,0.0009136660574824331,0.9990863339425176,216880,828,216052,4717,8395b893f1de1181d7300380963603f72d3b0da5c9a379de8c0b32085265a39d,11345007,8716521,198270,0.7770516139831382,88539,0,2506,75639,0.8543014942567682,9371.340015559723,0.10584420442471366,10827,0.12228509470402874,5,86271,0,2506,73635,0.8535313141148242,9159.201294393672,0.10616778864732844,10581,0.1226483986507633,5,2268,0,0,2004,0.8835978835978836,212.1387211660283,0.09353559134304598,246,0.10846560846560846,0,150.0,216880,828,216052,0,4717,0,88539,507,88032,0,2506,0,0,,,
conversation_trace,0.01,1.0,"l1=0.01,l2x1",all,16,all16,evict_binary_150_recency,class_order,150.0,2,main,recency,new,,1857442038,1857442038,58742117,5183,3218284,10300590,13518874,10300590,1114661,2178,270426,863,216015,216878,271289,57.37769436836243,1258.12890625,1007.5546875,d6419f0257c0a11ec6a9f6bb0299e35728541bc0fda53da0b8db624cee7e44d2,5183,49,55523833,110893,10300590,20135,41597400,83446,0,0,3193,7,17408,34,9849,20,6656,13,472016,923,1097253,2144,9060105,17701,8588089,16778,2035973,4204,0,0,35038628,70859,33002655,66655,0,0,0,0,0,0,0,0,2511182,1114661,1589870,44108582,10184615,863,547,52582,216015,87998,102745,41813,0.47563826586116703,0.4751585263301439,522870,207929,538915579904,214157803520,2.420526352336643,0.17535272009348932,17.53527200934893,1.8975499299761363,0.016766505027389463,15.423524828020755,59.64822139454048,0.029634614632632325,1.867915315343504,17.33784126302428,0.0010858930486306766,0.9989141069513693,216878,863,216015,4798,c6c30ddacc838e601a1d7b4a090f064e0b5072694867eb38d61c0c6478732218,11343203,8720034,198321,0.7774871436224847,88545,0,2557,75582,0.8535998644756904,9371.49233337781,0.10583875242394047,10875,0.12281890564119939,7,86288,0,2557,73604,0.8530038939365845,9159.85527699031,0.10615445110548756,10616,0.12302985351381421,7,2257,0,0,1978,0.8763845813026141,211.6370563874452,0.09376918758858892,259,0.11475409836065574,0,150.0,216878,863,216015,0,4798,0,88545,547,87998,0,2557,0,0,,,
conversation_trace,0.01,1.0,"l1=0.01,l2x1",all,16,all16,evict_binary_150_recency,class_order,150.0,3,main,recency,new,,1857442038,1857442038,58742117,5183,3218284,10384522,13602806,10384522,1054596,2060,270414,875,215957,216832,271289,54.83883786201477,1276.828125,914.986328125,9b935878d2ba6fe23b300df24d2ca5d74229a06f85db633434919d8a53501605,5183,49,55523833,110893,10384522,20299,41573096,83400,0,0,3816,8,1536,3,6376,13,2560,5,470397,920,1053060,2057,9039711,17662,8569314,16742,2037406,4206,0,0,35038628,70859,33001222,66653,0,0,0,0,0,0,0,0,2511619,1054596,1528809,44084715,10100683,875,555,52632,215957,87950,102375,41611,0.47405270493663093,0.473121091529278,524769,209594,540932274176,215914051584,2.4299698551100453,0.17678154159816883,17.67815415981688,1.7952979120585661,0.010854222363147042,15.388806978134616,59.64822139454048,0.0026148189381734405,1.7926830931203928,17.19495911255633,0.0007048351403208923,0.9992951648596791,216832,875,215957,4754,300e4c921fdfb5df80565a1354e3d774cd6fe01363ac84de7bbca12ab816b461,11338228,8709402,196819,0.7768243415108604,88505,0,2528,75574,0.8538952601547936,9303.301813373384,0.1051161156248052,10848,0.12256934636461217,8,86217,0,2528,73601,0.8536715496943759,9067.04278949085,0.1051653709766154,10552,0.12238885602607374,8,2288,0,0,1973,0.8623251748251748,236.25902388252288,0.10326006288571804,296,0.12937062937062938,0,150.0,216832,875,215957,0,4754,0,88505,555,87950,0,2528,0,0,,,
conversation_trace,0.01,1.0,"l1=0.01,l2x1",all,16,all16,evict_binary_150_recency,class_order,150.0,4,main,recency,new,,1857442038,1857442038,58742117,5183,3218284,10223346,13441630,10223346,1204177,2352,270411,878,216006,216884,271289,96.11152386665344,1274.31640625,940.69921875,6c889d0c2263514de5ab98511a10546e8f4e3bd5cd000ac87478333bae0331e6,5183,51,55523833,110893,10223346,19985,41585428,83424,0,0,4584,9,120320,235,8168,16,3584,7,471504,922,1083857,2117,9049514,17681,8578010,16759,2034794,4201,0,0,35038628,70859,33003834,66658,0,0,0,0,0,0,0,0,2510882,1204177,1680265,44096310,10261859,878,558,52576,216006,87963,102712,41732,0.47550531003768415,0.4744267476097905,525753,208161,542010122240,214490529792,2.4339740562762144,0.17403775216340944,17.403775216340943,2.049938036792239,0.013904844457682721,15.405495174782345,59.64822139454048,0.20482748349025282,1.845110553301986,17.469338056032267,0.0009017759731463304,0.9990982240268537,216884,878,216006,4761,fe18cc67d75eda382ef968b20a181dbae2c7de8cc9d980a044753ed5682b267b,11341315,8709497,196504,0.7766073863568731,88521,0,2554,75583,0.8538425910235989,9321.408928619487,0.10530166772426301,10856,0.12263756622722292,11,86242,0,2554,73574,0.8531110131954268,9104.93174614269,0.10557421843350909,10608,0.12300271329514621,11,2279,0,0,2009,0.8815269855199649,216.47718247674973,0.09498779397838952,248,0.10881965774462483,0,150.0,216884,878,216006,0,4761,0,88521,558,87963,0,2554,0,0,,,
conversation_trace,0.01,4.0,"l1=0.01,l2x4",all,16,all16,evict_binary_600_learned,class_order,600.0,0,main,learned,reproduced,evict_binary_learned,1857442038,7429768151,58742117,5183,3218284,18264149,21482433,18264149,658432,1286,271160,129,178241,178370,271289,84.11331939697266,1257.2578125,995.08984375,9b2ac3ce8171f650ea544dbe3a3283550f3843f3f3bc9da0bbd31eec3d9ff5bd,5183,69,55523833,110893,18264149,35696,34119177,68797,0,0,2048,4,29184,57,2048,4,0,0,83456,163,629248,1229,1560576,3048,1477120,2885,2396571,4947,0,0,35038628,70859,32642057,65912,0,0,0,0,0,0,0,0,2482075,658432,743936,36601252,2221056,129,122,85797,178241,73782,80482,33102,0.4515347198456023,0.44864601122224934,370931,148717,385796034560,154540230656,2.081064401568663,0.3109208508777442,31.092085087774414,1.1208857181636815,0.0034864252508979205,2.6566560411842155,59.64822139454048,0.04968155982529537,1.071204158338386,3.781028184598795,0.001310615989515072,0.9986893840104849,178370,129,178241,14261,17aa031d51bddb9fae83976b684e7879a86c716910e6a669d6d79f6351f9c0ff,9897737,7091412,82,0.7164721592420571,73904,0,6858,4894,0.06622104351591253,132.5499404838148,0.0017935421693523327,40,0.0005412426932236415,0,71525,0,6858,4729,0.06611674239776302,132.1671064515917,0.0018478448997076785,40,0.0005592450192240476,0,2379,0,0,165,0.06935687263556116,0.3828340322231112,0.0001609222497785251,0,0.0,0,600.0,178370,129,178241,0,14261,0,73904,122,73782,0,6858,0,0,horizon_control_001,21482433,True
conversation_trace,0.01,4.0,"l1=0.01,l2x4",all,16,all16,evict_binary_600_learned,class_order,600.0,1,main,learned,reproduced,evict_binary_learned,1857442038,7429768151,58742117,5183,3218284,18331538,21549822,18331538,602112,1176,271146,143,178182,178325,271289,84.20766520500183,1259.7421875,1004.2041015625,84452eb29426541f378659665a9f290cff6a4301dd723de31b2ff4a0e2e98f89,5183,67,55523833,110893,18331538,35826,34108847,68775,0,0,512,1,0,0,512,1,0,0,84675,167,602112,1176,1551043,3031,1466368,2864,2396149,4948,0,0,35038628,70859,32642479,65911,0,0,0,0,0,0,0,0,2481336,602112,687299,36590183,2153667,143,138,85847,178182,73748,80074,32707,0.4493944393934292,0.4434967727938385,370064,147627,384898818048,153440292864,2.076887676645228,0.3120680516161854,31.206805161618536,1.0250090237639886,0.0008716063127244801,2.6404274806779604,59.64822139454048,0.0,1.0250090237639886,3.6663081107546738,0.0003299915246317404,0.9996700084753682,178325,143,178182,14146,d8a4c03bc8e1de52e895d4d803ee40b3613c19f3fe5eac58c7e468e815198a61,9895589,7086088,103,0.7160907248674131,73886,0,6832,4881,0.066061229461603,124.75021988826674,0.001688414853805413,41,0.0005549089137319654,0,71487,0,6832,4737,0.06626379621469637,116.01444110284672,0.001622874663964731,41,0.0005735308517632576,0,2399,0,0,144,0.06002501042100875,8.735778785420013,0.003641425087711552,0,0.0,0,600.0,178325,143,178182,0,14146,0,73886,138,73748,0,6832,0,0,horizon_control_001,21549822,True
conversation_trace,0.01,4.0,"l1=0.01,l2x4",all,16,all16,evict_binary_600_learned,class_order,600.0,2,main,learned,reproduced,evict_binary_learned,1857442038,7429768151,58742117,5183,3218284,18354254,21572538,18354254,572416,1118,271144,145,178194,178339,271289,83.88158464431763,1256.5859375,995.0283203125,7bc60c43a2b6209dde9c66777537e77426f5eb57b0b80155e1d37706617260be,5183,67,55523833,110893,18354254,35871,34114670,68788,0,0,1000,2,0,0,1000,2,0,0,82463,162,572416,1118,1557535,3043,1475072,2881,2399030,4952,0,0,35038628,70859,32639598,65907,0,0,0,0,0,0,0,0,2482493,572416,655879,36597163,2130951,145,136,85826,178194,73754,80234,32935,0.4502620739194361,0.4465520514141606,369549,147632,384288249856,153438451712,2.0738577056466547,0.31245475882321366,31.24547588232137,0.9744558576259688,0.0017023560795400002,2.651479176346334,59.64822139454048,0.0,0.9744558576259688,3.627637390051843,0.0006416281957094323,0.9993583718042905,178339,145,178194,14215,d61b91bee2fbdbc00eeef79ed34f3a10edf16f879f04fd71e64e84102418550b,9896058,7091954,98,0.7166492961136647,73890,0,6865,4962,0.06715387738530247,117.57651895145271,0.0015912372303620614,35,0.00047367708756259307,0,71519,0,6865,4823,0.06743662523245571,108.77833482456529,0.0015209711380831008,35,0.0004893804443574435,0,2371,0,0,139,0.05862505272037115,8.798184126887417,0.0037107482610237944,0,0.0,0,600.0,178339,145,178194,0,14215,0,73890,136,73754,0,6865,0,0,horizon_control_001,21572538,True
conversation_trace,0.01,4.0,"l1=0.01,l2x4",all,16,all16,evict_binary_600_learned,class_order,600.0,3,main,learned,reproduced,evict_binary_learned,1857442038,7429768151,58742117,5183,3218284,18435157,21653441,18435157,497664,972,271145,144,178201,178345,271289,119.21099948883057,1256.95703125,995.080078125,260bdc9666e335439e17ca2ac6e06f80f87527aea63df9901de6fdab8376e826,5183,69,55523833,110893,18435157,36030,34109438,68777,0,0,1536,3,5632,11,1536,3,0,0,77312,151,492032,961,1550848,3029,1473536,2878,2402726,4960,0,0,35038628,70859,32635902,65899,0,0,0,0,0,0,0,0,2481574,497664,576512,36591012,2050048,144,140,85821,178201,73742,80150,32825,0.44977300913013957,0.4451330313796751,372300,147747,387199827968,153533972480,2.089213865242058,0.3138320159622439,31.383201596224392,0.8472013359681947,0.0026148189381734405,2.64009552124245,59.64822139454048,0.009587669439969282,0.8376136665282254,3.4899116761488185,0.0009894459102902375,0.9990105540897097,178345,144,178201,14142,4b1fa6de04f84dcb46d5d2aaab02fef565b58cf24685d4ebd37bcffa4aadcda3,9895057,7088591,97,0.7163818763247145,73882,0,6841,4918,0.06656560461276088,106.04707527362078,0.0014353573979267043,31,0.00041958799166238054,0,71513,0,6841,4777,0.0667990435305469,98.7325780582934,0.0013806241950175967,31,0.0004334876176359543,0,2369,0,0,141,0.0595187842971718,7.314497215327394,0.003087588524832163,0,0.0,0,600.0,178345,144,178201,0,14142,0,73882,140,73742,0,6841,0,0,horizon_control_001,21653441,True
conversation_trace,0.01,4.0,"l1=0.01,l2x4",all,16,all16,evict_binary_600_learned,class_order,600.0,4,main,learned,reproduced,evict_binary_learned,1857442038,7429768151,58742117,5183,3218284,18377106,21595390,18377106,560128,1094,271143,146,178178,178324,271289,84.11539483070374,1245.83203125,972.7744140625,0c251b55d8ce149e57c9eacfde0b5407b71e7c618ff01ccd1f725d2f8e319525,5183,67,55523833,110893,18377106,35915,34104338,68768,0,0,2048,4,14336,28,2560,5,512,1,79555,157,545792,1066,1545411,3020,1465856,2863,2400658,4955,0,0,35038628,70859,32637970,65904,0,0,0,0,0,0,0,0,2482261,560128,641731,36586599,2108099,146,140,85842,178178,73734,80158,32923,0.4498759667298993,0.4465104293812895,371772,148385,386607640576,154173093888,2.086520221351682,0.3128437812345102,31.284378123451017,0.9535373061205813,0.0043580315636224005,2.6308398112379914,59.64822139454048,0.024404976756285442,0.9291323293642958,3.588735148922195,0.0016537777516503862,0.9983462222483496,178324,146,178178,14404,0ec0da0f3ce1ffece55347bd96d8455c53afcc29917e7c5aa0188599c09796ea,9894247,7087323,113,0.7163131767379569,73874,0,6972,4787,0.06479952351300863,96.53880403806576,0.0013068035308507156,33,0.00044670655440344373,0,71495,0,6972,4634,0.06481572137911742,93.85884496804356,0.0013128029228343739,33,0.00046157073921253235,0,2379,0,0,153,0.06431273644388398,2.6799590700221936,0.0011265065447760376,0,0.0,0,600.0,178324,146,178178,0,14404,0,73874,140,73734,0,6972,0,0,horizon_control_001,21595390,True
conversation_trace,0.01,4.0,"l1=0.01,l2x4",all,16,all16,evict_binary_600_recency,class_order,600.0,0,main,recency,reproduced,evict_binary_recency,1857442038,7429768151,58742117,5183,3218284,18378457,21596741,18378457,459776,898,271227,62,178145,178207,271289,54.073723793029785,1275.30859375,902.099609375,2bb9c6e546ac7bd5d1cb98e13bc794098574cfad6521924e1ac286d4c3a49bda,5183,68,55523833,110893,18378457,35919,34203275,68961,0,0,0,0,0,0,0,0,0,0,67452,132,459776,898,1646972,3217,1579520,3085,2414873,4983,0,0,35038628,70859,32623755,65876,0,0,0,0,0,0,0,0,2482325,459776,527228,36685600,2106748,62,62,85811,178145,73946,83738,34567,0.4700552920373853,0.4674627430827901,442932,177284,456229670912,182340495360,2.486356619607623,0.31286678006514473,31.286678006514475,0.7827024688265831,0.0,2.8037327970321533,59.64822139454048,0.0,0.7827024688265831,3.5864352658587366,0.0,1.0,178207,62,178145,245,410f91eba925d1ae6dd43b1eaf03b74bf2087a71f463d9025eca77836984e03a,9859246,8314656,26250,0.8446671276890748,74008,0,98,73900,0.9985406983028862,71.88541623241984,0.0009713195361639261,23,0.00031077721327424064,0,71657,0,98,71549,0.9984928199617623,71.88541623241984,0.0010031876332028949,23,0.00032097352666173577,0,2351,0,0,2351,1.0,0.0,0.0,0,0.0,0,600.0,178207,62,178145,0,245,0,74008,62,73946,0,98,0,0,horizon_control_001,21596741,True
conversation_trace,0.01,4.0,"l1=0.01,l2x4",all,16,all16,evict_binary_600_recency,class_order,600.0,1,main,recency,reproduced,evict_binary_recency,1857442038,7429768151,58742117,5183,3218284,18495705,21713989,18495705,342528,669,271233,56,178145,178201,271289,54.149693965911865,1276.74609375,911.2587890625,e849f21403230b59bd9a9aac7c1bd360381ddf2f25d1e35d2f46089be5c0c7ef,5183,68,55523833,110893,18495705,36148,34203515,68961,0,0,512,1,0,0,512,1,0,0,72060,141,342528,669,1646460,3216,1574400,3075,2409513,4973,0,0,35038628,70859,32629115,65886,0,0,0,0,0,0,0,0,2482085,342528,415100,36685600,1989500,56,55,85817,178145,73955,83532,34432,0.46889893064638355,0.4655804205259955,439039,175892,452135430144,180869515264,2.4645036346796148,0.3148627585212838,31.48627585212838,0.5831046232126772,0.0008716063127244801,2.8028611907194287,59.64822139454048,0.0,0.5831046232126772,3.3868374202448304,0.00031087353033324187,0.9996891264696668,178201,56,178145,268,22ce2fc6a5a46b4c2ae06dae1e8944ff7047bed347304907ec333e99e96b188a,9859665,8316519,26492,0.8448324562751371,74010,0,101,73894,0.9984326442372652,78.0581409669931,0.0010546972161463734,29,0.0003918389406836914,0,71687,0,101,71571,0.9983818544505977,78.0581409669931,0.0010888744258651232,29,0.0004045363873505657,0,2323,0,0,2323,1.0,0.0,0.0,0,0.0,0,600.0,178201,56,178145,0,268,0,74010,55,73955,0,101,0,0,horizon_control_001,21713989,True
conversation_trace,0.01,4.0,"l1=0.01,l2x4",all,16,all16,evict_binary_600_recency,class_order,600.0,2,main,recency,reproduced,evict_binary_recency,1857442038,7429768151,58742117,5183,3218284,18466389,21684673,18466389,373248,729,271207,82,178129,178211,271289,60.80334281921387,1258.12890625,1007.62890625,e06801e32e8c74314d19b7e611e3b5b13337706d36eaf84ef1cf416a5c57f8fb,5183,69,55523833,110893,18466389,36091,34202612,68959,0,0,1024,2,0,0,1024,2,0,0,72192,141,373248,729,1644544,3212,1572352,3071,2408368,4971,0,0,35038628,70859,32630260,65888,0,0,0,0,0,0,0,0,2481584,373248,446464,36684196,2018816,82,80,85806,178129,73922,83770,34577,0.4702771586883663,0.46774979031952596,438756,176220,451887759360,181236727808,2.4631362664136667,0.31436369581300583,31.436369581300585,0.635401001976146,0.0017432126254489603,2.7995994764710304,59.64822139454048,0.0,0.635401001976146,3.4367436910726252,0.0006222775357809583,0.9993777224642191,178211,82,178129,261,f8ee6c288de442827067b8d0272c201adc87eabd6d00dd504555f74457c90b68,9858106,8308591,26118,0.844142880995599,74002,0,116,73865,0.9981486986838194,96.64186014732746,0.0013059357875101682,24,0.0003243155590389449,0,71669,0,116,71533,0.9981023873641324,95.26384446559837,0.0013292196691121457,24,0.0003348728180942946,0,2333,0,0,2332,0.9995713673381912,1.3780156817290923,0.0005906625296738501,0,0.0,0,600.0,178211,82,178129,0,261,0,74002,80,73922,0,116,0,0,horizon_control_001,21684673,True
conversation_trace,0.01,4.0,"l1=0.01,l2x4",all,16,all16,evict_binary_600_recency,class_order,600.0,3,main,recency,reproduced,evict_binary_recency,1857442038,7429768151,58742117,5183,3218284,18326101,21544385,18326101,514560,1005,271229,60,178183,178243,271289,54.002371072769165,1259.7421875,876.1826171875,d6c4a3ad39b59266c7a57c65dd10c8ce2eb28104b09c3fac89c153d8e51d1c55,5183,69,55523833,110893,18326101,35817,34201179,68957,0,0,1024,2,1536,3,1024,2,0,0,72192,141,513024,1002,1643520,3210,1571328,3069,2408777,4971,0,0,35038628,70859,32629851,65888,0,0,0,0,0,0,0,0,2481993,514560,587776,36683172,2159104,60,59,85769,178183,73935,83533,34451,0.46880454364333296,0.46596334618245755,439158,177380,452321773568,182498639872,2.4646458977568004,0.31197549451614076,31.197549451614076,0.8759643442881025,0.0017432126254489603,2.7978562638455813,59.64822139454048,0.0026148189381734405,0.873349525349929,3.6755638207591326,0.0006226650062266501,0.9993773349937733,178243,60,178183,263,7897c59d0cb3f6e5c230fd549ce77fa43d4b1e956b434d72039643d30ea21f11,9858098,8308438,26200,0.8441322048127337,73994,0,97,73878,0.9984323053220532,94.60604386916283,0.0012785637196146016,26,0.0003513798416087791,0,71660,0,97,71548,0.9984370639129221,86.27914882383851,0.0012040071005280284,26,0.0003628244487859336,0,2334,0,0,2330,0.998286203941731,8.326895045324306,0.003567649976574253,0,0.0,0,600.0,178243,60,178183,0,263,0,73994,59,73935,0,97,0,0,horizon_control_001,21544385,True
conversation_trace,0.01,4.0,"l1=0.01,l2x4",all,16,all16,evict_binary_600_recency,class_order,600.0,4,main,recency,reproduced,evict_binary_recency,1857442038,7429768151,58742117,5183,3218284,18433722,21652006,18433722,405504,792,271224,65,178120,178185,271289,53.56430172920227,1276.828125,914.9775390625,a0fcf55c54bc9c5b546b79edee0bd214153732f959dcfabc9877b770f65f8eb2,5183,67,55523833,110893,18433722,36026,34202007,68959,0,0,512,1,0,0,512,1,0,0,74651,147,405504,792,1645467,3215,1570816,3068,2407437,4968,0,0,35038628,70859,32631191,65891,0,0,0,0,0,0,0,0,2482600,405504,480667,36684607,2051483,65,63,85829,178120,73933,83638,34510,0.4695598472939591,0.4667739710278225,439708,176391,452871692288,181413140480,2.4686054345385133,0.3138075871525025,31.380758715250252,0.6903121996777882,0.0008716063127244801,2.8011707511324455,59.64822139454048,0.0,0.6903121996777882,3.492354557122958,0.0003110610767209059,0.9996889389232791,178185,65,178120,246,28061a6bd9c1a918a23cfec4e8ce18e44c39194ef5734074ae1b8868b434669b,9857437,8307863,25891,0.8441148038785335,73996,0,108,73873,0.9983377479863776,84.20909110397228,0.0011380222053080204,27,0.0003648845883561274,0,71683,0,108,71562,0.9983120126110794,82.10740487344239,0.0011454236691187923,27,0.00037665834298229706,0,2313,0,0,2311,0.9991353220925205,2.1016862305298796,0.0009086408259964893,0,0.0,0,600.0,178185,65,178120,0,246,0,73996,63,73933,0,108,0,0,horizon_control_001,21652006,True
conversation_trace,0.02,1.0,"l1=0.02,l2x1",all,16,all16,evict_binary_300_learned,class_order,300.0,0,main,learned,new,,3714884076,3714884076,58742117,5183,4770907,13651369,18422276,13651369,948712,1853,260539,1043,190898,191941,261582,86.01468634605408,1151.6328125,946.1689453125,3f286d976f4d0e704f8062f8bf6ee0c7b779a87c9b236a1b47fc4223d4ecc18b,5183,62,53971210,107855,13651369,26678,36878904,74203,0,0,14209,28,250880,490,31105,61,16896,33,233504,457,697832,1363,4301396,8404,4067892,7947,2244512,4636,0,0,35038628,70859,32794116,66223,0,0,0,0,0,0,0,0,2492225,948712,1196425,39371129,5281213,1043,878,66093,190898,78431,86268,35202,0.4519062536013997,0.4488276319312517,356450,141163,370114416640,146456258560,1.8672275246466699,0.23239491011193894,23.239491011193895,1.6150456409325527,0.05295178585409171,7.322507631109039,59.64822139454048,0.4270870932349953,1.1879585476975574,8.990505057895684,0.007179455930881493,0.9928205440691185,191941,1043,190898,34396,2d8f65f51e76247a376db97e486c6a55bc3cb0bf934c9719c71f408b84f0ccf0,10545129,7346888,187,0.6967180297177967,79309,0,15169,3957,0.04989345471510169,1704.7951473454539,0.021495607652920273,3947,0.049767365620547475,2,76978,0,15169,3830,0.04975447530463249,1665.3481565863078,0.02163407930299966,3845,0.049949336173971785,2,2331,0,0,127,0.05448305448305448,39.446990759144136,0.016922775958448794,102,0.043758043758043756,0,300.0,191941,1043,190898,0,34396,0,79309,878,78431,0,15169,0,0,,,
conversation_trace,0.02,1.0,"l1=0.02,l2x1",all,16,all16,evict_binary_300_learned,class_order,300.0,1,main,learned,new,,3714884076,3714884076,58742117,5183,4770907,13448577,18219484,13448577,1152006,2251,260551,1031,190874,191905,261582,113.80067014694214,1151.8984375,946.1748046875,afbb6b732dfc27762f896efd3f160ab48cdfec18ff9f522c92d44e3913a16769,5183,61,53971210,107855,13448577,26281,36878325,74201,0,0,13195,26,400414,783,31115,61,17920,35,229048,449,751592,1468,4300884,8403,4071836,7954,2250059,4647,0,0,35038628,70859,32788569,66212,0,0,0,0,0,0,0,0,2492302,1152006,1394249,39370627,5484005,1031,879,66128,190874,78430,86326,35099,0.45226694049477667,0.44752008160142803,356068,141709,369658599424,147040911360,1.8654609847333843,0.2289426681711182,22.894266817111816,1.9611244177665574,0.05296880941488711,7.321636024796314,59.64822139454048,0.6816472072329297,1.2794772105336278,9.335729251977758,0.00718259630253839,0.9928174036974616,191905,1031,190874,34369,fb028c317744c440a066886136be31e9c2e8402b37bac63b3170e2cc84d870ae,10543914,7348743,181,0.6969739605235779,79309,0,15132,4022,0.05071303382970407,1711.7088272181409,0.02158278161643875,3943,0.0497169299827258,4,76977,0,15132,3907,0.05075542045026436,1671.3534594274604,0.021712374597963813,3830,0.04975512165971654,3,2332,0,0,115,0.049313893653516294,40.35536779068239,0.017305046222419553,113,0.04845626072041166,1,300.0,191905,1031,190874,0,34369,0,79309,879,78430,0,15132,0,0,,,
conversation_trace,0.02,1.0,"l1=0.02,l2x1",all,16,all16,evict_binary_300_learned,class_order,300.0,2,main,learned,new,,3714884076,3714884076,58742117,5183,4770907,13478359,18249266,13478359,1122239,2194,260567,1015,190905,191920,261582,84.64911818504333,1152.2265625,946.2109375,9aa6f8a5d610b091aaec4f1f2b0b3c3a8f10451bca4b4e0a3944473f9497a993,5183,59,53971210,107855,13478359,26338,36877186,74199,0,0,13824,27,358430,701,32256,63,18432,36,234908,460,763809,1493,4299728,8401,4064820,7941,2244694,4637,0,0,35038628,70859,32793934,66222,0,0,0,0,0,0,0,0,2493426,1122239,1370971,39370612,5454223,1015,852,66113,190905,78457,86234,35144,0.45171158429585395,0.4479396357240272,357821,141687,371556804608,147018766336,1.8743406406327754,0.22944966385872678,22.94496638587268,1.9104503843468903,0.054911197701642246,7.319668101168366,59.64822139454048,0.6101754895895223,1.3002748947573681,9.285029683216898,0.007446010880926615,0.9925539891190733,191920,1015,190905,34374,0fb11b36a5645cfe5991de92bd75db6d1886b287eeb71b3d6e1d56a1f2583c77,10544170,7346725,186,0.6967658905347694,79309,0,15154,3970,0.050057370538022165,1685.3419505270188,0.021250324055618136,3960,0.04993128144346796,2,76975,0,15154,3864,0.05019811627151673,1641.097689157971,0.02131987904070115,3844,0.04993829165313413,2,2334,0,0,106,0.04541559554413025,44.244261369048004,0.018956410183825195,116,0.049700085689802914,0,300.0,191920,1015,190905,0,34374,0,79309,852,78457,0,15154,0,0,,,
conversation_trace,0.02,1.0,"l1=0.02,l2x1",all,16,all16,evict_binary_300_learned,class_order,300.0,3,main,learned,new,,3714884076,3714884076,58742117,5183,4770907,13732724,18503631,13732724,885231,1730,260503,1079,190784,191863,261582,85.57864284515381,1152.0703125,946.2080078125,68e88e619c02c4de28414fd8f3dc9d19a113feee67c28474d14b68d32ce92398,5183,61,53971210,107855,13732724,26836,36861124,74167,0,0,12288,24,233967,458,30208,59,17920,35,230503,452,651264,1272,4284419,8371,4053916,7919,2249340,4646,0,0,35038628,70859,32789288,66213,0,0,0,0,0,0,0,0,2492131,885231,1128022,39353255,5199858,1079,878,66170,190784,78397,86114,35048,0.4513690875545119,0.44705792313481385,356595,141021,370189051904,146322188288,1.8691032791009727,0.2337798619004487,23.37798619004487,1.506978374647274,0.051424772450744324,7.293606731946689,59.64822139454048,0.39829514486173523,1.1086832297855387,8.852009879044706,0.007001300460039767,0.9929986995399602,191863,1079,190784,34320,ee875f10278a214295bac66a85d33dc731c6e3ed18df3917ca68d25482b2d8c8,10539519,7343899,200,0.6968058978782619,79275,0,15184,4020,0.05070955534531694,1658.183964759457,0.02091685859046934,3926,0.049523809523809526,2,76936,0,15184,3913,0.0508604554434855,1624.313904319128,0.021112533850461784,3833,0.04982063013413746,2,2339,0,0,107,0.04574604531851219,33.87006044032843,0.014480573082654309,93,0.03976058144506199,0,300.0,191863,1079,190784,0,34320,0,79275,878,78397,0,15184,0,0,,,
conversation_trace,0.02,1.0,"l1=0.02,l2x1",all,16,all16,evict_binary_300_learned,class_order,300.0,4,main,learned,new,,3714884076,3714884076,58742117,5183,4770907,13559756,18330663,13559756,1038295,2029,260538,1044,190880,191924,261582,84.82104086875916,1133.5078125,904.572265625,a3f27ed3d9213780ea290b03c35b9b7c4984358fdc27da0e7c0aed8a7933e500,5183,59,53971210,107855,13559756,26497,36879543,74205,0,0,12787,26,322590,631,27123,54,14336,28,234908,460,715705,1398,4307408,8416,4072500,7956,2245921,4638,0,0,35038628,70859,32792707,66221,0,0,0,0,0,0,0,0,2493616,1038295,1285990,39373159,5372826,1044,882,66108,190880,78432,86391,35181,0.45259325230511316,0.44855416156670747,355197,141235,368816842752,146512529408,1.8608392707460184,0.23083533063678996,23.083533063678995,1.7675478056059846,0.046173003945363424,7.332742195859233,59.64822139454048,0.5491630476988086,1.2183847579071758,9.146463005410581,0.006257424390320429,0.9937425756096796,191924,1044,190880,34543,bcc63849288e3ed0f9b7818e5994bbaa75b896d30273d51765d0dc98823b07b5,10543756,7347056,179,0.6968243100466286,79314,0,15109,3885,0.04898252515318859,1720.140889759912,0.021687733436214437,3928,0.04952467408023804,0,76966,0,15109,3781,0.04912558792193956,1674.1674689716388,0.021752039458613398,3823,0.049671283423849494,0,2348,0,0,104,0.044293015332197615,45.97342078827154,0.019579821460081574,105,0.04471890971039182,0,300.0,191924,1044,190880,0,34543,0,79314,882,78432,0,15109,0,0,,,
conversation_trace,0.02,1.0,"l1=0.02,l2x1",all,16,all16,evict_binary_300_recency,class_order,300.0,0,main,recency,new,,3714884076,3714884076,58742117,5183,4770907,13845910,18616817,13845910,514560,1005,261558,24,192883,192907,261582,53.011146068573,1275.30859375,898.720703125,ce56c7f5b4cf2f43e8979471d64e5d4a13356d6925399d9a1b2452b448bcb826,5183,63,53971210,107855,13845910,27058,37119695,74672,0,0,0,0,0,0,0,0,0,0,220060,431,514560,1005,4572112,8933,4352052,8502,2270985,4689,0,0,35038628,70859,32767643,66170,0,0,0,0,0,0,0,0,2491045,514560,734620,39610740,5086672,24,22,65048,192883,79729,90990,37478,0.4717367523317244,0.47006735315882553,477895,193186,492135266304,198676260864,2.47764188653225,0.23570669065263686,23.570669065263683,0.8759643442881025,0.0,7.783362659537789,59.64822139454048,0.0,0.8759643442881025,8.659327003825892,0.0,1.0,192907,24,192883,244,3029de3c063453b1508202694002f77656b4326a6305cdfeb1880ae215f415c1,10455512,8757284,67297,0.840794071108139,79751,0,150,75350,0.9448157389875989,1708.3497091296185,0.021421044364705377,4286,0.053742272824165216,3,77398,0,150,73121,0.9447401741647071,1665.7141658334626,0.021521410964539946,4164,0.05379983978914184,3,2353,0,0,2229,0.9473013174670634,42.635543296156,0.018119652909543562,122,0.05184870378240544,0,300.0,192907,24,192883,0,244,0,79751,22,79729,0,150,0,0,,,
conversation_trace,0.02,1.0,"l1=0.02,l2x1",all,16,all16,evict_binary_300_recency,class_order,300.0,1,main,recency,new,,3714884076,3714884076,58742117,5183,4770907,13841814,18612721,13841814,517632,1011,261559,23,192889,192912,261582,52.69561958312988,1276.74609375,911.5830078125,04b9ff7c507b3a716339cb504bda176685dd050776c1a417182043eeceb22c4c,5183,63,53971210,107855,13841814,27050,37121074,74674,0,0,0,0,0,0,0,0,0,0,215452,422,517632,1011,4573136,8935,4357684,8513,2275238,4698,0,0,35038628,70859,32763390,66161,0,0,0,0,0,0,0,0,2490690,517632,733084,39611764,5090768,23,22,65042,192889,79736,90847,37381,0.4709807194811524,0.4688095715862346,478695,194174,493144528896,199866494976,2.4817122801196545,0.2356369621476189,23.56369621476189,0.8811939821644494,0.0,7.785105872163238,59.64822139454048,0.0,0.8811939821644494,8.666299854327688,0.0,1.0,192912,23,192889,243,9832e01217b0c3a019d847578a40d9b538021ffd651d863c48e1d4701baf6e74,10456607,8760272,67937,0.8410223794391432,79758,0,152,75340,0.9446074374984328,1699.194545335895,0.021304377558814102,4294,0.053837859525063314,2,77396,0,152,73115,0.9446870639309525,1650.552089008704,0.02132606451249036,4158,0.05372370665150654,2,2362,0,0,2225,0.9419983065198984,48.64245632719212,0.020593757970868806,136,0.057578323454699404,0,300.0,192912,23,192889,0,243,0,79758,22,79736,0,152,0,0,,,
conversation_trace,0.02,1.0,"l1=0.02,l2x1",all,16,all16,evict_binary_300_recency,class_order,300.0,2,main,recency,new,,3714884076,3714884076,58742117,5183,4770907,13821846,18592753,13821846,533504,1042,261560,22,192883,192905,261582,52.70153522491455,1257.3203125,1007.45703125,6ec6184f29fac202359e693a2267f7d64a33bc9410e627ada06af645aa38a170,5183,63,53971210,107855,13821846,27011,37124773,74682,0,0,0,0,0,0,0,0,0,0,218012,427,533504,1042,4577232,8943,4359220,8516,2273075,4693,0,0,35038628,70859,32765553,66166,0,0,0,0,0,0,0,0,2491087,533504,751516,39615860,5110736,22,22,65052,192883,79741,90794,37511,0.47072059227614665,0.470410453844321,475959,193843,490290221056,199509645312,2.46760471373838,0.23529703568565635,23.529703568565633,0.9082137778589083,0.0,7.7920787226650345,59.64822139454048,0.0,0.9082137778589083,8.700292500523943,0.0,1.0,192905,22,192883,258,bb13cb44f5e8cccd9fd7e0fe8bd3380259c6d7dac124e8999f3f716c39f5550c,10457980,8758888,67549,0.8407610743183674,79763,0,170,75344,0.9445983726790618,1734.392284596511,0.021744321108741034,4301,0.05392224464977496,3,77398,0,170,73107,0.9445592909377504,1685.534781982804,0.02177749789378025,4174,0.05392904209411096,3,2365,0,0,2237,0.945877378435518,48.85750261370906,0.020658563473027088,127,0.05369978858350952,0,300.0,192905,22,192883,0,258,0,79763,22,79741,0,170,0,0,,,
conversation_trace,0.02,1.0,"l1=0.02,l2x1",all,16,all16,evict_binary_300_recency,class_order,300.0,3,main,recency,new,,3714884076,3714884076,58742117,5183,4770907,13913077,18683984,13913077,446440,872,261562,20,192903,192923,261582,52.32397150993347,1259.7421875,890.5458984375,7d5d7ffa719ac6f84054deebceaab43864e313891ef473f195f46eb36a1d61c0,5183,61,53971210,107855,13913077,27189,37120114,74672,0,0,0,0,0,0,0,0,0,0,217941,427,446440,872,4573065,8935,4355124,8508,2273638,4695,0,0,35038628,70859,32764990,66164,0,0,0,0,0,0,0,0,2491579,446440,664381,39611693,5019505,20,20,65032,192903,79735,90935,37487,0.47140272572225417,0.47014485483162977,478723,193417,493144659968,199017500672,2.48167731968917,0.23685011216058147,23.685011216058147,0.7599998481498377,0.0,7.784985004881591,59.64822139454048,0.0,0.7599998481498377,8.544984853031428,0.0,1.0,192923,20,192903,242,3899f039cf4b9e842d609fb7cc71cca794b39083f4cca45073f60c4fb7eb6ee9,10455715,8766270,67363,0.8416403373657373,79755,0,144,75364,0.944943890665162,1681.2834785573848,0.021080602828128455,4271,0.05355150147326186,1,77375,0,144,73123,0.9450468497576736,1629.2844965675845,0.02105698864707702,4133,0.05341518578352181,1,2380,0,0,2241,0.9415966386554622,51.99898198980025,0.021848311760420274,138,0.05798319327731093,0,300.0,192923,20,192903,0,242,0,79755,20,79735,0,144,0,0,,,
conversation_trace,0.02,1.0,"l1=0.02,l2x1",all,16,all16,evict_binary_300_recency,class_order,300.0,4,main,recency,new,,3714884076,3714884076,58742117,5183,4770907,13860713,18631620,13860713,494708,967,261559,23,192896,192919,261582,52.27492380142212,1276.828125,915.2939453125,0594b0f37df3b01923bb8e2f23c128e762e4647b55662604dd39aa965092ddb9,5183,61,53971210,107855,13860713,27086,37124362,74680,0,0,512,1,116,1,512,1,0,0,216405,424,494592,966,4576649,8942,4360244,8518,2274510,4697,0,0,35038628,70859,32764118,66162,0,0,0,0,0,0,0,0,2491427,494708,711625,39615789,5071869,23,21,65039,192896,79748,91128,37546,0.4724203715992037,0.47080804534282994,476762,192229,491103113216,197804539904,2.4716012773722627,0.23595869042309114,23.595869042309115,0.8421691713970745,0.0008716063127244801,7.791086249070663,59.64822139454048,0.00019747330522664004,0.8419716980918478,8.634127026780462,0.00011185973139245047,0.9998881402686075,192919,23,192896,252,8cf487d972ad7888bd67d55c6b604692ef3f69f7acf79ef8c35af29047f2b87c,10459972,8758283,67589,0.840545032051711,79769,0,165,75351,0.9446150760320425,1722.8933561981426,0.021598532715693345,4295,0.05384297158043851,4,77395,0,165,73112,0.9446605077847406,1674.1843753520263,0.021631686483003117,4161,0.05376316299502552,4,2374,0,0,2239,0.943133951137321,48.708980846117996,0.02051768359145661,134,0.05644481887110362,0,300.0,192919,23,192896,0,252,0,79769,21,79748,0,165,0,0,,,
conversation_trace,0.02,4.0,"l1=0.02,l2x4",all,16,all16,evict_binary_600_learned,class_order,600.0,0,main,learned,reproduced,evict_binary_learned,3714884076,14859536302,58742117,5183,4770907,17644902,22415809,17644902,58368,114,261567,15,168092,168107,261582,88.88593411445618,977.984375,829.7666015625,333dbd306a54c70faad9aca3fbc3d03c6f034ee0076f244dd6cdb5e779cd0196,5183,69,53971210,107855,17644902,34481,33787909,68146,0,0,0,0,0,0,0,0,0,0,47104,92,58368,114,1229312,2401,1182208,2309,2432927,5022,0,0,35038628,70859,32605701,65837,0,0,0,0,0,0,0,0,2480031,58368,105472,36267940,1287680,15,15,79252,168092,73254,74178,32167,0.44129405325654997,0.4391159527124799,335117,142291,350869704704,148921272320,1.9936522856530947,0.3003790619258751,30.03790619258751,0.09936311965059073,0.0,2.092726756851477,59.64822139454048,0.0,0.09936311965059073,2.1920898765020675,0.0,1.0,168107,15,168092,9,0d4a70fc9fd6036e2a8d6b8d3954d5fce30b91d6d6914e4273afd719956e5771,9843870,7111955,14,0.7224762212422553,73269,0,8,4852,0.06622173088209202,0.0,0.0,0,0.0,0,70859,0,8,4697,0.06628656910201951,0.0,0.0,0,0.0,0,2410,0,0,155,0.06431535269709543,0.0,0.0,0,0.0,0,600.0,168107,15,168092,0,9,0,73269,15,73254,0,8,0,0,horizon_control_001,22415809,True
conversation_trace,0.02,4.0,"l1=0.02,l2x4",all,16,all16,evict_binary_600_learned,class_order,600.0,1,main,learned,reproduced,evict_binary_learned,3714884076,14859536302,58742117,5183,4770907,17655654,22426561,17655654,46080,90,261566,16,168100,168116,261582,88.78665900230408,977.9765625,829.7529296875,87a5025276bb414e1aa9ca3bad868e671ad6ab99a3462e4fbc60d24fabb2f44a,5183,69,53971210,107855,17655654,34502,33789281,68149,0,0,0,0,0,0,0,0,0,0,46592,91,46080,90,1230848,2404,1184256,2313,2433603,5023,0,0,35038628,70859,32605025,65836,0,0,0,0,0,0,0,0,2480195,46080,92672,36269476,1276928,16,16,79248,168100,73258,74241,32103,0.4416478286734087,0.4382183515793497,337129,142573,352991651840,149237434368,2.0055264723378943,0.30056209925154725,30.05620992515472,0.07844456814520322,0.0,2.09534157578965,59.64822139454048,0.0,0.07844456814520322,2.1737861439348536,0.0,1.0,168116,16,168100,14,051b617667ff08fbf34995ce5681aa41711fb0a6ad3bd1922a0883281b59f0c3,9844393,7107109,22,0.7219459848870317,73274,0,11,4923,0.06718617790757977,0.0,0.0,0,0.0,0,70866,0,11,4763,0.06721135664493551,0.0,0.0,0,0.0,0,2408,0,0,160,0.0664451827242525,0.0,0.0,0,0.0,0,600.0,168116,16,168100,0,14,0,73274,16,73258,0,11,0,0,horizon_control_001,22426561,True
conversation_trace,0.02,4.0,"l1=0.02,l2x4",all,16,all16,evict_binary_600_learned,class_order,600.0,2,main,learned,reproduced,evict_binary_learned,3714884076,14859536302,58742117,5183,4770907,17650022,22420929,17650022,48640,95,261562,20,168103,168123,261582,94.92091035842896,972.08984375,824.5693359375,29ff4043e13cd33a7197007fcf35b7cdba1641ebbcd439925f61a52a8a939b05,5183,69,53971210,107855,17650022,34491,33792517,68155,0,0,0,0,0,0,0,0,0,0,46592,91,48640,95,1233920,2410,1187328,2319,2433439,5023,0,0,35038628,70859,32605189,65836,0,0,0,0,0,0,0,0,2480031,48640,95232,36272548,1282560,20,20,79241,168103,73260,74185,32140,0.4413068178438219,0.4387114387114387,334888,140813,350647984128,147375587328,1.9921595688357734,0.30046622255714756,30.046622255714755,0.08280259970882561,0.0,2.1005712136659973,59.64822139454048,0.0,0.08280259970882561,2.1833738133748226,0.0,1.0,168123,20,168103,7,2df6a4287ca117293f4f548b1eed1fb09654e2ec60df5c5b02a6bded49ed7381,9844512,7108248,22,0.7220529570180828,73280,0,7,4921,0.06715338427947598,0.0,0.0,0,0.0,0,70865,0,7,4758,0.06714174839483525,0.0,0.0,0,0.0,0,2415,0,0,163,0.06749482401656315,0.0,0.0,0,0.0,0,600.0,168123,20,168103,0,7,0,73280,20,73260,0,7,0,0,horizon_control_001,22420929,True
conversation_trace,0.02,4.0,"l1=0.02,l2x4",all,16,all16,evict_binary_600_learned,class_order,600.0,3,main,learned,reproduced,evict_binary_learned,3714884076,14859536302,58742117,5183,4770907,17667430,22438337,17667430,36864,72,261568,14,168091,168105,261582,105.2769205570221,977.79296875,830.8505859375,e8b13a3304d8db80370eb8d2a195eac96df5f43383af98d09b013c275d3d7d6f,5183,69,53971210,107855,17667430,34525,33786721,68144,0,0,0,0,0,0,0,0,0,0,46080,90,36864,72,1228288,2399,1182208,2309,2434115,5024,0,0,35038628,70859,32604513,65835,0,0,0,0,0,0,0,0,2480195,36864,82944,36266916,1265152,14,14,79258,168091,73253,74146,32067,0.44110630551308516,0.43775681542052886,336029,140393,351839510528,146936895488,1.9990897787507957,0.30076256870347384,30.076256870347386,0.06275565451616257,0.0,2.090983544226028,59.64822139454048,0.0,0.06275565451616257,2.1537391987421906,0.0,1.0,168105,14,168091,13,38fcf7fc55914a18a4e8d03eed215eb3b7a29bb1daebe8c1b914889c711c3d97,9843442,7110913,24,0.722402285704533,73267,0,13,4903,0.06691962274966902,0.0,0.0,0,0.0,0,70848,0,13,4715,0.06655092592592593,0.0,0.0,0,0.0,0,2419,0,0,188,0.07771806531624638,0.0,0.0,0,0.0,0,600.0,168105,14,168091,0,13,0,73267,14,73253,0,13,0,0,horizon_control_001,22438337,True
conversation_trace,0.02,4.0,"l1=0.02,l2x4",all,16,all16,evict_binary_600_learned,class_order,600.0,4,main,learned,reproduced,evict_binary_learned,3714884076,14859536302,58742117,5183,4770907,17657702,22428609,17657702,47616,93,261570,12,168089,168101,261582,153.2099997997284,978.18359375,834.923828125,d3a488479c12b9f4f7e1bc5256e16aadfff43b35c1a382d23fac9b511d012c1e,5183,69,53971210,107855,17657702,34506,33785861,68142,0,0,0,0,0,0,0,0,0,0,46080,90,47616,93,1227264,2397,1181184,2307,2433951,5024,0,0,35038628,70859,32604677,65835,0,0,0,0,0,0,0,0,2480031,47616,93696,36265892,1274880,12,12,79265,168089,73257,74071,32100,0.4406653618023785,0.4381833817928662,334248,140429,349956945920,146942523392,1.98851798749472,0.30059696350405624,30.05969635040562,0.08105938708337665,0.0,2.0892403316005788,59.64822139454048,0.0,0.08105938708337665,2.1702997186839554,0.0,1.0,168101,12,168089,16,78f9deb5abfbca651f2265201b8e461cee71b4e44673c4df5eb2dbf017470b7a,9844158,7108724,21,0.7221272251014257,73269,0,15,4909,0.06699968608825015,0.0,0.0,0,0.0,0,70852,0,15,4726,0.06670242194998025,0.0,0.0,0,0.0,0,2417,0,0,183,0.07571369466280513,0.0,0.0,0,0.0,0,600.0,168101,12,168089,0,16,0,73269,12,73257,0,15,0,0,horizon_control_001,22428609,True
conversation_trace,0.02,4.0,"l1=0.02,l2x4",all,16,all16,evict_binary_600_recency,class_order,600.0,0,main,recency,reproduced,evict_binary_recency,3714884076,14859536302,58742117,5183,4770907,17457510,22228417,17457510,78848,154,261577,5,168115,168120,261582,60.328293561935425,1256.5859375,986.1943359375,62b751966f069d5356d2649a87fff987a2a68a63cf360ca07473584a306fc195,5183,69,53971210,107855,17457510,34115,33954372,68472,0,0,0,0,0,0,0,0,0,0,47616,93,78848,154,1396224,2727,1348608,2634,2432864,5021,0,0,35038628,70859,32605764,65838,0,0,0,0,0,0,0,0,2480480,78848,126464,36434852,1475072,5,5,78915,168115,73554,78844,34233,0.46898849002171134,0.465413165837344,413036,172856,425173796864,177713160192,2.4568658358861493,0.2971889828213035,29.71889828213035,0.13422737215956995,0.0,2.376870414799657,59.64822139454048,0.0,0.13422737215956995,2.511097786959227,0.0,1.0,168120,5,168115,5,ff0ced15b325c0caf71a484140786af40cfa5f9845a3c125d088a8fd5176e1f0,9855297,9527008,5403,0.966963197557618,73559,0,5,73554,0.9999320273521934,0.0,0.0,0,0.0,0,71190,0,5,71185,0.999929765416491,0.0,0.0,0,0.0,0,2369,0,0,2369,1.0,0.0,0.0,0,0.0,0,600.0,168120,5,168115,0,5,0,73559,5,73554,0,5,0,0,horizon_control_001,22228417,True
conversation_trace,0.02,4.0,"l1=0.02,l2x4",all,16,all16,evict_binary_600_recency,class_order,600.0,1,main,recency,reproduced,evict_binary_recency,3714884076,14859536302,58742117,5183,4770907,17468774,22239681,17468774,68608,134,261578,4,168112,168116,261582,60.46598768234253,1245.83203125,922.30859375,731b259190cb9d03539712ad66ad351d65df10044209e2f6fc519bd1b6651303,5183,69,53971210,107855,17468774,34137,33953325,68470,0,0,0,0,0,0,0,0,0,0,47616,93,68608,134,1395200,2725,1347584,2632,2432887,5021,0,0,35038628,70859,32605741,65838,0,0,0,0,0,0,0,0,2480503,68608,116224,36433828,1463808,4,4,78922,168112,73560,79078,34391,0.4703887884267631,0.4675231103860794,412237,173885,424332480512,178743488512,2.4521568954030646,0.29738073621010286,29.738073621010287,0.11679524590508034,0.0,2.3751272021742085,59.64822139454048,0.0,0.11679524590508034,2.4919224480792885,0.0,1.0,168116,4,168112,4,4bd3d401097f130df15165e08e96d6feb4cea50d2b8cecf829e345ddcd0ee4b9,9856127,9527701,5585,0.9669613124912048,73564,0,4,73560,0.9999456255777283,0.0,0.0,0,0.0,0,71184,0,4,71180,0.9999438075972129,0.0,0.0,0,0.0,0,2380,0,0,2380,1.0,0.0,0.0,0,0.0,0,600.0,168116,4,168112,0,4,0,73564,4,73560,0,4,0,0,horizon_control_001,22239681,True
conversation_trace,0.02,4.0,"l1=0.02,l2x4",all,16,all16,evict_binary_600_recency,class_order,600.0,2,main,recency,reproduced,evict_binary_recency,3714884076,14859536302,58742117,5183,4770907,17398118,22169025,17398118,137728,269,261573,9,168120,168129,261582,60.715800762176514,1276.8359375,996.91015625,ca1883035024daa11bae86fa6e4511bc096d8e5946e72f371f88edb110e542a1,5183,69,53971210,107855,17398118,33999,33954428,68473,0,0,0,0,0,0,0,0,0,0,48640,95,137728,269,1396736,2728,1348096,2633,2432296,5019,0,0,35038628,70859,32606332,65840,0,0,0,0,0,0,0,0,2480936,137728,186368,36435364,1534464,9,9,78913,168120,73559,79124,34448,0.4706400190340233,0.4683043543278185,413995,173956,426070937600,178798768128,2.4624970259338568,0.2961779194985431,29.61779194985431,0.23446209812288515,0.0,2.3777420211123816,59.64822139454048,0.0,0.23446209812288515,2.6122041192352667,0.0,1.0,168129,9,168120,9,21ef8119393586c7592eebbae003dad6933a076a0966850d2fc8b3de3d703496,9856127,9528842,5459,0.9670706860818656,73568,0,9,73559,0.9998776642018269,0.0,0.0,0,0.0,0,71196,0,9,71187,0.9998735884038429,0.0,0.0,0,0.0,0,2372,0,0,2372,1.0,0.0,0.0,0,0.0,0,600.0,168129,9,168120,0,9,0,73568,9,73559,0,9,0,0,horizon_control_001,22169025,True
conversation_trace,0.02,4.0,"l1=0.02,l2x4",all,16,all16,evict_binary_600_recency,class_order,600.0,3,main,recency,reproduced,evict_binary_recency,3714884076,14859536302,58742117,5183,4770907,17471334,22242241,17471334,67584,132,261577,5,168112,168117,261582,70.09940528869629,1276.74609375,954.2783203125,034200cb362094536df8cc57a5c5d1797840a624bd22e119b84864b042173271,5183,69,53971210,107855,17471334,34142,33951856,68467,0,0,0,0,0,0,0,0,0,0,47616,93,67584,132,1393664,2722,1346048,2629,2432820,5021,0,0,35038628,70859,32605808,65838,0,0,0,0,0,0,0,0,2480436,67584,115200,36432292,1461248,5,5,78924,168112,73560,79100,34372,0.4705196535642905,0.46726481783578033,414704,175722,426864293888,180667088896,2.466831636052156,0.2974243165257391,29.74243165257391,0.11505203327963137,0.0,2.372512383236035,59.64822139454048,0.0,0.11505203327963137,2.4875644165156663,0.0,1.0,168117,5,168112,5,42de3513d831bea324edd39c8d735b629612d268bec9ff57aa25fff6bd5ca028,9855702,9529868,5428,0.967214917821176,73565,0,5,73559,0.9999184394752939,0.0,0.0,0,0.0,0,71180,0,5,71174,0.999915706659174,0.0,0.0,0,0.0,0,2385,0,0,2385,1.0,0.0,0.0,0,0.0,0,600.0,168117,5,168112,0,5,0,73565,5,73560,0,5,0,0,horizon_control_001,22242241,True
conversation_trace,0.02,4.0,"l1=0.02,l2x4",all,16,all16,evict_binary_600_recency,class_order,600.0,4,main,recency,reproduced,evict_binary_recency,3714884076,14859536302,58742117,5183,4770907,17455974,22226881,17455974,71168,139,261580,2,168137,168139,261582,97.05365061759949,1256.95703125,995.2119140625,b885da02d44c25170451caab9ee59279c9ed3cea8131359f9fb5eb6a990dc0e7,5183,69,53971210,107855,17455974,34112,33963565,68490,0,0,0,0,0,0,0,0,0,0,48640,95,71168,139,1405440,2745,1356800,2650,2431863,5019,0,0,35038628,70859,32606765,65840,0,0,0,0,0,0,0,0,2480503,71168,119808,36444068,1476608,2,2,78895,168137,73577,79058,34342,0.4701998965129626,0.4667491199695557,411001,174402,423001309184,179321556992,2.4444411402606208,0.2971628346319218,29.716283463192177,0.12115327746870273,0.0,2.392559328428698,59.64822139454048,0.0,0.12115327746870273,2.5137126058974006,0.0,1.0,168139,2,168137,2,35e7ec71d956e955ef67951b5ea0c9bcd5653186eac6d472557c87a6fd69b9f4,9858467,9528173,5411,0.9667708478407444,73579,0,2,73575,0.9999456366626347,0.0,0.0,0,0.0,0,71203,0,2,71199,0.9999438225917447,0.0,0.0,0,0.0,0,2376,0,0,2376,1.0,0.0,0.0,0,0.0,0,600.0,168139,2,168137,0,2,0,73579,2,73577,0,2,0,0,horizon_control_001,22226881,True
toolagent_trace,0.0025,1.0,"l1=0.0025,l2x1",all,16,all16,evict_binary_60_learned,class_order,60.0,0,main,learned,new,,446163482,446163482,83026370,9997,29393272,3083460,32476732,3083460,1218383,2386,143361,127719,124510,252229,271080,99.50251317024231,1257.3203125,986.751953125,6b7cefaee516efadfc399ae3c4f3b9a650a733e8a9900ecc8757ff0ea8d877c6,9997,25,53633098,110318,3083460,6035,44995020,91925,0,0,432715,862,710479,1394,5631913,11033,5199198,10171,581379,1147,507904,992,9827158,19218,9245779,18071,3322141,7963,0,0,33872184,71646,30550043,63683,0,0,0,0,0,0,0,0,4336235,1218383,2232477,49331255,16677454,127719,49787,18425,124510,52095,42231,17511,0.33917757609830534,0.3361359055571552,115947,46936,121151248384,49050869760,0.9312264075174684,0.0371383212345668,3.71383212345668,1.46746509572802,6.7832822270803845,11.836188912028792,40.79689862389503,0.8557269214588088,0.6117381742692111,20.086936234837196,0.36431121896005264,0.6356887810399473,252229,127719,124510,29210,fa67c545f3051c3ef23a4329b0b1884dab3689a656839350f20444e531bb6488,12662657,9187752,561,0.7256006776460896,101882,0,13050,9859,0.09676881097740524,33934.89312458493,0.33308035889151105,21418,0.2102235919985866,20,99434,0,13050,9545,0.09599332220367279,33137.5100380611,0.33326135967637927,20859,0.20977733974294507,20,2448,0,0,314,0.12826797385620914,797.3830865240153,0.3257283850179801,559,0.22834967320261437,0,60.0,252229,127719,124510,0,29210,0,101882,49787,52095,0,13050,0,0,,,
toolagent_trace,0.0025,1.0,"l1=0.0025,l2x1",all,16,all16,evict_binary_60_learned,class_order,60.0,1,main,learned,new,,446163482,446163482,83026370,9997,29393272,3037405,32430677,3037405,1245931,2439,143328,127752,124584,252336,271080,180.25278186798096,1274.31640625,941.19140625,74c2b9813bf2610ae6e4c67478baf1525e0725e7eb2916f1048370958396d010,9997,25,53633098,110318,3037405,5944,45014612,91963,0,0,437969,870,739376,1448,5753522,11269,5315553,10399,582784,1154,506555,991,9724056,19020,9141272,17866,3314397,7948,0,0,33872184,71646,30557787,63698,0,0,0,0,0,0,0,0,4335150,1245931,2266684,49349762,16723509,127752,50179,18318,124584,51739,42201,17371,0.338735311115392,0.33574286321730223,116162,46344,121378334720,48396679168,0.9323990239517113,0.03658361795174232,3.658361795174232,1.5006449155852533,6.929752559337473,11.712009088196918,40.79689862389503,0.890531526309051,0.6101133892762023,20.142406563119646,0.37173270908406986,0.6282672909159301,252336,127752,124584,29303,5df1b9f29e43333c26aae41701affbfa29a9e4f025c3b33d7f1890bae883c95a,12652226,9150685,520,0.72326758943446,101918,0,12787,9773,0.0958908141839518,34220.45773057987,0.33576461204674213,21657,0.212494358209541,21,99490,0,12787,9431,0.09479344657754549,33494.75499048975,0.3366645390540733,21126,0.21234294904010453,21,2428,0,0,342,0.14085667215815487,725.7027400899816,0.2988891021787404,531,0.21869851729818782,0,60.0,252336,127752,124584,0,29303,0,101918,50179,51739,0,12787,0,0,,,
toolagent_trace,0.0025,1.0,"l1=0.0025,l2x1",all,16,all16,evict_binary_60_learned,class_order,60.0,2,main,learned,new,,446163482,446163482,83026370,9997,29393272,2950739,32344011,2950739,1295379,2536,141050,130030,122336,252366,271080,99.54923343658447,1276.828125,954.5556640625,8cdb056a04f6c15340bfaa13c10e40420c13544164d83d30983cca8066a9dba9,9997,22,53633098,110318,2950739,5773,45051611,92034,0,0,430617,856,790945,1550,5964069,11682,5533452,10826,580740,1150,504434,986,9550727,18681,8969987,17531,3324012,7969,0,0,33872184,71646,30548172,63677,0,0,0,0,0,0,0,0,4335369,1295379,2306736,49386980,16810175,130030,51586,18288,122336,50407,41454,16893,0.33885364896678,0.3351320253139445,113960,45844,119105943552,47910121472,0.9315328276222862,0.03553978091538869,3.553978091538869,1.5602018973008214,7.183343075218151,11.503245294236036,40.79689862389503,0.9526431180840497,0.6075587792167717,20.246790266755006,0.3844116931991887,0.6155883068008113,252366,130030,122336,28812,20f873840ffa7779194916b6b8ea7616d9cc2bf3013dcf00a0790f46d52dd2d4,12677619,9205357,533,0.7261318943249517,101993,0,12734,10159,0.09960487484435206,34371.80094963249,0.33700156824127625,21601,0.21178904434618062,18,99642,0,12734,9818,0.09853274723510166,33667.928975042625,0.3378889321274425,21097,0.2117279861905622,18,2351,0,0,341,0.14504466184602297,703.8719745898782,0.29939258808586905,504,0.21437686091025096,0,60.0,252366,130030,122336,0,28812,0,101993,51586,50407,0,12734,0,0,,,
toolagent_trace,0.0025,1.0,"l1=0.0025,l2x1",all,16,all16,evict_binary_60_learned,class_order,60.0,3,main,learned,new,,446163482,446163482,83026370,9997,29393272,3059634,32452906,3059634,1243168,2432,142856,128224,124079,252303,271080,99.73760080337524,1275.30859375,1014.6748046875,5fe36c31b0982d3f1a5662277425109096ffcaebd470c2048658a93b00b9c26c,9997,27,53633098,110318,3059634,5990,44997154,91926,0,0,422153,839,732704,1435,5695323,11154,5273170,10315,590831,1169,510464,997,9762789,19096,9171958,17927,3320158,7962,0,0,33872184,71646,30552026,63684,0,0,0,0,0,0,0,0,4333142,1243168,2256152,49330296,16701280,128224,50387,18351,124079,51492,41811,17244,0.33697080086074194,0.33488697273362855,114618,46398,119745648640,48457955328,0.9237501914103112,0.03685135216678749,3.685135216678749,1.4973170572192906,6.859655552808102,11.758660531587735,40.79689862389503,0.8824955252168678,0.6148215320024228,20.115633141615127,0.3684358736694365,0.6315641263305636,252303,128224,124079,28986,c368dff709fe7c9e353da28b90ca1be63e5ca56a7e08c221fd927ebe95639fe4,12671917,9167919,660,0.7235092370002107,101879,0,12790,10080,0.09894090047998115,33734.16316258367,0.3311198889131584,21302,0.20909117678815065,23,99455,0,12790,9746,0.09799406766879493,32988.186323168724,0.3316895713957943,20770,0.2088381680156855,23,2424,0,0,334,0.1377887788778878,745.9768394150561,0.3077462208807987,532,0.21947194719471946,0,60.0,252303,128224,124079,0,28986,0,101879,50387,51492,0,12790,0,0,,,
toolagent_trace,0.0025,1.0,"l1=0.0025,l2x1",all,16,all16,evict_binary_60_learned,class_order,60.0,4,main,learned,new,,446163482,446163482,83026370,9997,29393272,3009985,32403257,3009985,1254383,2453,143085,127995,124341,252336,271080,100.00422644615173,1259.7421875,982.19140625,864f69255ce5b2667ae92aaedc8dcc1b148de017b24025f5ce3ddbadc7f9b358,9997,29,53633098,110318,3009985,5894,45035122,92003,0,0,413692,822,674287,1320,5758062,11279,5344370,10457,600844,1188,580096,1133,9738484,19046,9137640,17858,3319072,7958,0,0,33872184,71646,30553112,63688,0,0,0,0,0,0,0,0,4333608,1254383,2268919,49368730,16750929,127995,50258,18318,124341,51698,41926,17359,0.3371856427083585,0.33577701265039267,114941,46729,120106549248,48797409280,0.9244014444149556,0.03625336143203659,3.6253361432036595,1.51082481385131,6.935220701567466,11.729386699671442,40.79689862389503,0.8121359515055278,0.6986888623457824,20.17543221509022,0.37157067129668764,0.6284293287033124,252336,127995,124341,29287,da1a47a30dd2a9e6f454018cb6379faa0e2829e791a80e5fc27c1ce350be5b83,12674756,9194109,604,0.7254112820791185,101956,0,12910,9582,0.09398171760367217,34226.84898395989,0.33570215567460365,21604,0.21189532739613168,21,99526,0,12910,9273,0.09317163354299379,33477.53750678508,0.3363697677670667,21056,0.21156280770853847,21,2430,0,0,309,0.1271604938271605,749.3114771748956,0.30835863258226154,548,0.22551440329218106,0,60.0,252336,127995,124341,0,29287,0,101956,50258,51698,0,12910,0,0,,,
toolagent_trace,0.0025,1.0,"l1=0.0025,l2x1",all,16,all16,evict_binary_60_recency,class_order,60.0,0,main,recency,new,,446163482,446163482,83026370,9997,29393272,3563179,32956451,3563179,957344,1872,245524,25556,225247,250803,271080,56.032368659973145,1256.5859375,925.28515625,d2623b5e7db9730dc76202117089c019521ad290293ce3b6429e0cdfa70f95ce,9997,49,53633098,110318,3563179,6985,44803020,91513,0,0,86952,180,242595,475,890765,1756,803813,1576,820003,1618,714749,1397,14349626,28059,13529623,26441,3402600,8150,0,0,33872184,71646,30469584,63496,0,0,0,0,0,0,0,0,4309555,957344,1864299,49112575,16197735,25556,10911,19841,225247,90538,98626,39328,0.437857107974801,0.4343811438291104,373783,142065,384596756480,146011967488,1.6594360857192327,0.04291623251745198,4.291623251745198,1.1530601663061988,1.0728699809470172,17.283214959295464,40.79689862389503,0.292190300503322,0.8608698658028768,19.50914510654868,0.058447647438966625,0.9415523525610334,250803,25556,225247,75613,4d635156f952499c9c945bf7e932d04c4acadd2780a495179ecea144e9662742,11654991,8076445,795713,0.7270963572601643,101449,0,32591,57713,0.568886829835681,32726.654138295242,0.32259218068482926,21772,0.21461029679937701,18,97568,0,32591,54675,0.5603784027550016,31654.444207219272,0.32443469382604206,20988,0.2151115119711381,18,3881,0,0,3038,0.7827879412522546,1072.20993107603,0.27627156173048956,784,0.2020097912909044,0,60.0,250803,25556,225247,0,75613,0,101449,10911,90538,0,32591,0,0,,,
toolagent_trace,0.0025,1.0,"l1=0.0025,l2x1",all,16,all16,evict_binary_60_recency,class_order,60.0,1,main,recency,new,,446163482,446163482,83026370,9997,29393272,3470874,32864146,3470874,1037009,2027,246046,25034,225751,250785,271080,55.96972894668579,1259.7421875,927.1640625,94605ed97efccbdc9575fa633b892b041e28623fb9370139071104fd02b9f7c5,9997,49,53633098,110318,3470874,6805,44812158,91538,0,0,85791,178,272081,533,901325,1779,815534,1601,827630,1631,764928,1494,14351706,28061,13524076,26430,3399636,8139,0,0,33872184,71646,30472548,63507,0,0,0,0,0,0,0,0,4313057,1037009,1950430,49125215,16290040,25034,10531,19857,225751,90946,98694,39363,0.43718078768200364,0.4328172761858685,375127,142878,385859076096,146772166656,1.661684776590137,0.04180447730040468,4.180447730040468,1.2490116092031964,1.0855888315965156,17.2857201874537,40.79689862389503,0.3277043185195258,0.9213072906836708,19.62032062825341,0.05909153400396289,0.9409084659960372,250785,25034,225751,75438,7537efaf41be5471832e949425a06c0abe80e3f3dada35749983269bb901b9ea,11645907,8076755,790046,0.7274468188694964,101477,0,32229,58196,0.5734895592104615,32860.92864630773,0.3238263709639399,21798,0.21480729623461475,15,97448,0,32229,55086,0.5652861013053115,31633.71213974036,0.3246214610842743,20954,0.21502750184713898,14,4029,0,0,3110,0.771903698188136,1227.2165065674012,0.30459580704080447,844,0.2094812608587739,1,60.0,250785,25034,225751,0,75438,0,101477,10531,90946,0,32229,0,0,,,
toolagent_trace,0.0025,1.0,"l1=0.0025,l2x1",all,16,all16,evict_binary_60_recency,class_order,60.0,2,main,recency,new,,446163482,446163482,83026370,9997,29393272,3567811,32961083,3567811,970449,1897,245814,25266,225456,250722,271080,53.36453580856323,1276.265625,932.8037109375,19573792d5115e83b49ed0ee03d5835ab075c67da3aa509604ad991cf359e969,9997,50,53633098,110318,3567811,6993,44785000,91481,0,0,81630,170,255630,500,901583,1779,819953,1609,820265,1618,714819,1397,14321071,28003,13500806,26385,3407943,8159,0,0,33872184,71646,30464241,63487,0,0,0,0,0,0,0,0,4309838,970449,1872344,49094838,16193103,25266,10797,19920,225456,90622,98692,39373,0.437743950039032,0.4344750722782547,374374,142928,385405587456,147051651072,1.66051912568306,0.04297202202143729,4.297202202143729,1.168844308139691,1.0858995762430659,17.24882227176739,40.79689862389503,0.3078901317737967,0.8609541763658943,19.50356615615015,0.05922640033728678,0.9407735996627132,250722,25266,225456,75621,06c2b2b2b34ad266054918fcda6cb6c6b371099e860626dfdfacc66288860c7d,11671316,8085987,793566,0.7268049292813252,101419,0,32610,57711,0.5690353878464588,32692.79504001052,0.3223537506779846,21777,0.21472307950186847,10,97608,0,32610,54783,0.5612552249815589,31527.200459495893,0.3229981196161779,20961,0.2147467420703221,9,3811,0,0,2928,0.7683022828653897,1165.5945805146443,0.3058500604866556,816,0.21411702965101023,1,60.0,250722,25266,225456,0,75621,0,101419,10797,90622,0,32610,0,0,,,
toolagent_trace,0.0025,1.0,"l1=0.0025,l2x1",all,16,all16,evict_binary_60_recency,class_order,60.0,3,main,recency,new,,446163482,446163482,83026370,9997,29393272,3386169,32779441,3386169,1148613,2246,245129,25951,224850,250801,271080,51.792723178863525,1273.75,977.470703125,295b0d6cea3be0fea975735f5a86a149ce53a445bc69a2b628d6614aa129e243,9997,50,53633098,110318,3386169,6640,44785876,91485,0,0,86021,177,294998,577,886135,1746,800114,1569,826979,1631,853615,1669,14339997,28040,13513018,26409,3399440,8139,0,0,33872184,71646,30472744,63507,0,0,0,0,0,0,0,0,4312440,1148613,2061613,49098316,16374745,25951,11033,19842,224850,90391,98815,39433,0.43947075828329996,0.436249184100187,377547,144112,388686813184,148143116288,1.6791060707138092,0.04078425926606209,4.07842592660621,1.3834315531318544,1.0672934394217162,17.271617439134097,40.79689862389503,0.35530639241484363,1.0281251607170108,19.722342431687668,0.058198300132955634,0.9418016998670443,250801,25951,224850,75765,748a3a8f5f7eb1335281d1f117e261451212d76a0e9708953b3b697e8b00a14b,11658086,8086890,792910,0.7276790546921682,101424,0,32520,57797,0.5698552610821896,32689.516812668302,0.3223055372758746,21788,0.21482094967660514,18,97573,0,32520,54802,0.5616512764801738,31569.222174380215,0.32354465040923425,20988,0.21510048886474742,18,3851,0,0,2995,0.7777200727083874,1120.2946382881153,0.2909100592802169,800,0.20773824980524538,0,60.0,250801,25951,224850,0,75765,0,101424,11033,90391,0,32520,0,0,,,
toolagent_trace,0.0025,1.0,"l1=0.0025,l2x1",all,16,all16,evict_binary_60_recency,class_order,60.0,4,main,recency,new,,446163482,446163482,83026370,9997,29393272,3375661,32768933,3375661,1138877,2227,245334,25746,225054,250800,271080,52.01477122306824,1258.12890625,1002.5029296875,916daa86b410e6c5be45fd775f9eb7c6ff6ca28acb08064aec8bb454e69ec369,9997,47,53633098,110318,3375661,6617,44806453,91524,0,0,85946,178,262760,514,915606,1805,829660,1627,828899,1636,876117,1713,14330770,28023,13501871,26387,3397262,8136,0,0,33872184,71646,30474922,63510,0,0,0,0,0,0,0,0,4312107,1138877,2053722,49118560,16385253,25746,11126,19842,225054,90343,98018,38973,0.43553102810880945,0.4313892609277974,371778,141073,382670524416,144949676032,1.6519501986189982,0.04065769706660667,4.065769706660667,1.3717051582527335,1.102789390888702,17.260504102491776,40.79689862389503,0.3164777648354372,1.0552273934172962,19.73499865163321,0.0600540089002134,0.9399459910997866,250800,25746,225054,76060,07a0d6ebb72f3a905b7686cc07487d5a4216a13ca02e924d2befb39419837b91,11660166,8087308,793655,0.7276170425017963,101469,0,32785,57787,0.5695039864392081,32747.396157636802,0.3227330136064887,21690,0.21375986754575288,11,97641,0,32785,54822,0.5614649583678988,31621.53125090304,0.3238550532143571,20895,0.2139982179617169,11,3828,0,0,2965,0.7745559038662487,1125.8649067338713,0.2941130895334042,795,0.20768025078369906,0,60.0,250800,25746,225054,0,76060,0,101469,11126,90343,0,32785,0,0,,,
toolagent_trace,0.0025,4.0,"l1=0.0025,l2x4",all,16,all16,evict_binary_150_learned,class_order,150.0,0,main,learned,new,,446163482,1784653926,83026370,9997,29393272,7653827,37047099,7653827,2819948,5514,188153,82927,139679,222606,271080,94.97222924232483,1256.95703125,990.4072265625,4d79dcd0cb8481c8ed505300b367e1aa490ea093f10d55ea0a9d29699e09a967,9997,47,53633098,110318,7653827,14976,38851460,79878,0,0,410017,816,1673461,3274,3512893,6886,3102876,6070,384127,760,1146487,2240,5774246,11296,5390119,10536,3513719,8374,0,0,33872184,71646,30358465,63272,0,0,0,0,0,0,0,0,4307863,2819948,3614092,43159323,12107087,82927,33379,46771,139679,56433,52020,20732,0.37242534668776267,0.3673736997855864,173792,68434,180901179392,71218243584,1.2442242570465138,0.09218549480123002,9.218549480123002,3.396448622287112,4.231056952146649,6.954713303737114,40.79689862389503,2.0155777013977607,1.3808709208893513,14.582218878170876,0.37825351811790475,0.6217464818820952,222606,82927,139679,36437,c5234d9effe386386425be2866e686711f7bd1bca7d6942207ddbc6a98b255c6,11823019,8156083,266,0.6898589945596806,89812,0,14765,7702,0.08575691444350421,16455.636724939934,0.18322314083797192,12604,0.14033759408542287,8,87169,0,14765,7355,0.08437632644632839,16142.58545570204,0.1851872277495674,12270,0.14076105037341258,8,2643,0,0,347,0.13129020052970108,313.05126923789874,0.11844542914789964,334,0.1263715474839198,0,150.0,222606,82927,139679,0,36437,0,89812,33379,56433,0,14765,0,0,,,
toolagent_trace,0.0025,4.0,"l1=0.0025,l2x4",all,16,all16,evict_binary_150_learned,class_order,150.0,1,main,learned,new,,446163482,1784653926,83026370,9997,29393272,7879113,37272385,7879113,2612877,5110,188122,82958,139572,222530,271080,93.87696623802185,1257.3203125,986.84375,df32bc0f55cc17108fa727d87d65a834323458668456e461ba9427a3c27901a1,9997,46,53633098,110318,7879113,15415,38833975,79842,0,0,414814,825,1715900,3358,3496330,6855,3081516,6030,373520,739,896977,1752,5772594,11292,5399074,10553,3518799,8387,0,0,33872184,71646,30353385,63259,0,0,0,0,0,0,0,0,4307133,2612877,3401211,43141108,11881801,82958,33346,46847,139572,56433,51822,20674,0.37129223626515345,0.36634593234455015,172893,67523,179973095424,70254710784,1.2387369959590748,0.09489892187265322,9.489892187265323,3.147044728078561,4.211107868500092,6.952723574449901,40.79689862389503,2.0666927868820473,1.080351941196514,14.310876171028553,0.37720991131225157,0.6227900886877484,222530,82958,139572,36359,03a415779e9bd328569f234d56074032761ce7f6ad3a7664c38339c0c49f0b5d,11818725,8161931,247,0.6906036395634892,89779,0,14753,7364,0.08202363581683912,16362.714597004784,0.18225547841928272,12604,0.14038917787010324,12,87043,0,14753,7006,0.08048895373551003,16063.022695690945,0.18454123474249445,12282,0.14110267339131233,12,2736,0,0,358,0.13084795321637427,299.69190131380685,0.1095365136380873,322,0.11769005847953216,0,150.0,222530,82958,139572,0,36359,0,89779,33346,56433,0,14753,0,0,,,
toolagent_trace,0.0025,4.0,"l1=0.0025,l2x4",all,16,all16,evict_binary_150_learned,class_order,150.0,2,main,learned,new,,446163482,1784653926,83026370,9997,29393272,7690858,37084130,7690858,2778794,5433,188472,82608,139890,222498,271080,93.85723447799683,1276.828125,927.5810546875,cea4f447ac734483dc39e0598f51c87f9d56932a9d30f53727ddfe98c2452846,9997,50,53633098,110318,7690858,15050,38858215,79888,0,0,406562,810,1599027,3128,3486645,6835,3080083,6025,389424,770,1179767,2305,5804617,11354,5415193,10584,3509245,8367,0,0,33872184,71646,30362939,63279,0,0,0,0,0,0,0,0,4305231,2778794,3574780,43163446,12070056,82608,33489,46878,139890,56331,52044,20698,0.37203517049110013,0.3674353375583604,174157,68701,181230741504,71463532544,1.244956751733505,0.09263150972395878,9.263150972395879,3.346881237852504,4.199442899888313,6.991293248157182,40.79689862389503,1.9259266664314,1.4209545714211038,14.537617385897999,0.3752606481229353,0.6247393518770648,222498,82608,139890,36251,0f110ae449abf49b9d8d40101e868565d781c1e46a429a3a1ce086b200a798e5,11825186,8159967,270,0.6900611965004186,89820,0,14682,7457,0.08302159875306168,16512.16949686694,0.18383622241000824,12712,0.1415274994433311,8,87134,0,14682,7111,0.081609934124452,16218.620309059035,0.18613423358343512,12390,0.14219478045309522,8,2686,0,0,346,0.12881608339538347,293.54918780791036,0.10928860305581174,322,0.11988086373790022,0,150.0,222498,82608,139890,0,36251,0,89820,33489,56331,0,14682,0,0,,,
toolagent_trace,0.0025,4.0,"l1=0.0025,l2x4",all,16,all16,evict_binary_150_learned,class_order,150.0,3,main,learned,new,,446163482,1784653926,83026370,9997,29393272,7933446,37326718,7933446,2562787,5013,188416,82664,139797,222461,271080,158.17626523971558,1276.74609375,923.8828125,ec4741612fdca131af985cb3d5b3127f1efa38b7afaf047a1d8b078dae85fef5,9997,45,53633098,110318,7933446,15520,38829029,79833,0,0,417047,829,1645842,3221,3495740,6851,3078693,6022,381311,756,916945,1792,5768941,11288,5387630,10532,3509478,8367,0,0,33872184,71646,30362706,63279,0,0,0,0,0,0,0,0,4307836,2562787,3361145,43136865,11827468,82664,33550,46915,139797,56221,51802,20628,0.37055158551328,0.3669091620568827,171406,66854,178308325376,69515446272,1.226106425745903,0.09555332841842899,9.5553328418429,3.0867144980564607,4.2103972508975165,6.948323767497001,40.79689862389503,1.9823123665408955,1.1044021315155654,14.245435516450978,0.3773189816249475,0.6226810183750525,222461,82664,139797,36284,81625347e3f37c029ce8315cb181ceeb2a340f1100684256394765f38a348ccf,11817750,8149981,246,0.6896493833428529,89771,0,14701,7915,0.08816878501966113,16455.28968754208,0.18330295627253881,12558,0.1398892738189393,11,87044,0,14701,7539,0.0866113689628234,16120.879385153787,0.18520379790857253,12216,0.14034281512798125,11,2727,0,0,376,0.1378804547121379,334.4103023882937,0.122629373813089,342,0.1254125412541254,0,150.0,222461,82664,139797,0,36284,0,89771,33550,56221,0,14701,0,0,,,
toolagent_trace,0.0025,4.0,"l1=0.0025,l2x4",all,16,all16,evict_binary_150_learned,class_order,150.0,4,main,learned,new,,446163482,1784653926,83026370,9997,29393272,7781569,37174841,7781569,2700554,5281,189139,81941,140515,222456,271080,93.75252556800842,1257.2578125,933.126953125,5acbdde22e2640570d471fa3507389c99f0beb816c6cc01f5cbb5b5a9e5a98b9,9997,49,53633098,110318,7781569,15226,38844833,79863,0,0,402841,803,1497217,2929,3500548,6862,3097707,6059,391668,775,1203337,2352,5778243,11303,5386575,10528,3511633,8370,0,0,33872184,71646,30360551,63276,0,0,0,0,0,0,0,0,4306142,2700554,3495063,43150975,11979345,81941,33268,46919,140515,56527,52053,20606,0.3704444365370245,0.36453376262670933,174224,67700,181329004544,70406359040,1.2398960965021528,0.09372406622137039,9.372406622137039,3.2526461171312198,4.216188182140204,6.959527436885414,40.79689862389503,1.8033029747055063,1.4493431424257137,14.428361736156837,0.377263374075351,0.6227366259246491,222456,81941,140515,36499,da1abfd47b5459e1d33a4aeab13064f8e9f43ec0600ec691d173060166514057,11822819,8158550,267,0.6900793710873862,89795,0,14734,7830,0.08719861907678601,16438.794109056827,0.18307026125125928,12605,0.14037529929283368,15,87042,0,14734,7487,0.08601594632476275,16128.522466968116,0.18529586253725921,12284,0.14112727189173044,15,2753,0,0,343,0.12459135488557936,310.27164208872676,0.1127031028291779,321,0.11660007264802034,0,150.0,222456,81941,140515,0,36499,0,89795,33268,56527,0,14734,0,0,,,
toolagent_trace,0.0025,4.0,"l1=0.0025,l2x4",all,16,all16,evict_binary_150_recency,class_order,150.0,0,main,recency,new,,446163482,1784653926,83026370,9997,29393272,8098643,37491915,8098643,2782140,5439,228689,42391,177887,220278,271080,55.94744515419006,1256.125,919.26953125,2e5bcf3524c49d513f73279ded54f011c6e5eabc8aa6764d1b7fb06df616512b,9997,61,53633098,110318,8098643,15853,38457984,79090,0,0,254343,508,1616614,3162,1681224,3301,1426881,2793,425616,841,1165526,2277,7198907,14079,6773291,13238,3614372,8587,0,0,33872184,71646,30257812,63059,0,0,0,0,0,0,0,0,4294331,2782140,3462099,42752315,11662271,42391,16512,49029,177887,72459,74863,30380,0.420845817850658,0.419271588070495,307422,119667,317169471488,123338510336,1.7281869951148763,0.09754302157254376,9.754302157254376,3.350911282764741,2.0249277428364025,8.670627175438359,40.79689862389503,1.9471090931712418,1.4038021895934991,14.0464662010395,0.1893242340681686,0.8106757659318314,220278,42391,177887,46308,af65b794d0fe34d8255439f54b88dfe1583bbb8e6351a439887ef13ca068eb28,11483358,8293102,210777,0.7313618978002776,88971,0,18746,61227,0.688168054759416,14254.82563263043,0.16021878626328165,12099,0.13598813096402199,15,85421,0,18746,58151,0.6807576591236347,13852.1908534284,0.1621637636345676,11689,0.13683988714718864,14,3550,0,0,3076,0.8664788732394366,402.63477920206645,0.11341824766255393,410,0.11549295774647887,1,150.0,220278,42391,177887,0,46308,0,88971,16512,72459,0,18746,0,0,,,
toolagent_trace,0.0025,4.0,"l1=0.0025,l2x4",all,16,all16,evict_binary_150_recency,class_order,150.0,1,main,recency,new,,446163482,1784653926,83026370,9997,29393272,7839734,37233006,7839734,3054088,5968,228153,42927,177351,220278,271080,55.63062882423401,1276.8359375,890.1494140625,e5f4d0cd6980a0a51439b91252fad8ae4db196c430552c4c2dca5affd6f5096b,9997,69,53633098,110318,7839734,15351,38447291,79071,0,0,252391,505,1684661,3293,1644495,3230,1392104,2725,429981,848,1369427,2675,7222597,14123,6792616,13275,3609613,8575,0,0,33872184,71646,30262571,63071,0,0,0,0,0,0,0,0,4291985,3054088,3736460,42739276,11921180,42927,16544,49048,177351,72417,74795,30525,0.42173430090611275,0.4215170471021998,311796,121591,321709451264,125336141824,1.758072973933048,0.09442462677821516,9.442462677821517,3.6784554112145336,1.9806899904211157,8.699160278836711,40.79689862389503,2.029067391480562,1.6493880197339712,14.35830568047236,0.18546046437772384,0.8145395356222762,220278,42927,177351,46724,c5d1b46dbd057db0377a86b94482ea0c376cd7bb259c37235e15e874009b9332,11479558,8287142,211556,0.7311187416797755,88961,0,18692,61230,0.6882791335529052,14173.467174864827,0.15932225553742457,12024,0.1351603511651173,12,85452,0,18692,58233,0.6814702991152928,13735.742673483324,0.16074220232976788,11568,0.13537424519028227,12,3509,0,0,2997,0.854089484183528,437.72450138151083,0.12474337457438325,456,0.1299515531490453,0,150.0,220278,42927,177351,0,46724,0,88961,16544,72417,0,18692,0,0,,,
toolagent_trace,0.0025,4.0,"l1=0.0025,l2x4",all,16,all16,evict_binary_150_recency,class_order,150.0,2,main,recency,new,,446163482,1784653926,83026370,9997,29393272,8033847,37427119,8033847,2867259,5604,228365,42715,177571,220286,271080,57.847397327423096,1276.265625,894.0146484375,2c4629420aa5c3b1e33a440b12e798389cc7b72cdbecbbe59b9e3430c25e2786,9997,63,53633098,110318,8033847,15728,38435731,79052,0,0,247465,496,1591379,3112,1641237,3224,1393772,2728,432528,853,1275880,2492,7218571,14116,6786043,13263,3616268,8585,0,0,33872184,71646,30255916,63061,0,0,0,0,0,0,0,0,4296261,2867259,3547252,42731992,11727067,42715,16297,49027,177571,72637,74739,30403,0.42089643016033024,0.41856078857882345,309883,121203,319657517056,124879831040,1.7451216696420024,0.09676259482378911,9.676259482378912,3.453431722957417,1.9767659359309577,8.694311217026591,40.79689862389503,1.91671513520343,1.536716587753987,14.124508875914966,0.18524521073142894,0.814754789268571,220286,42715,177571,46550,43ce899ad79f98c34c170216307a29e216c4791c48bcb9827e0841464497836c,11473686,8277426,208184,0.730499161298296,88934,0,18526,61333,0.6896462545258282,14184.327065818436,0.1594927369264672,12019,0.1351451638293566,13,85312,0,18526,58190,0.6820845836459115,13761.88788790884,0.16131245179938158,11600,0.1359714928732183,11,3622,0,0,3143,0.8677526228602982,422.4391779096119,0.11663146822463055,419,0.11568194367752622,2,150.0,220286,42715,177571,0,46550,0,88934,16297,72637,0,18526,0,0,,,
toolagent_trace,0.0025,4.0,"l1=0.0025,l2x4",all,16,all16,evict_binary_150_recency,class_order,150.0,3,main,recency,new,,446163482,1784653926,83026370,9997,29393272,8112227,37505499,8112227,2781694,5439,228837,42243,177948,220191,271080,85.162766456604,1274.31640625,935.9287109375,a1644e13367c51e38b9c5f754eb5590ee1725a07d7d2bb61cf2b39eb67791d66,9997,65,53633098,110318,8112227,15880,38446243,79067,0,0,241990,486,1590390,3112,1612760,3167,1370770,2681,429781,848,1191304,2327,7254233,14186,6824452,13338,3621163,8598,0,0,33872184,71646,30251021,63048,0,0,0,0,0,0,0,0,4292934,2781694,3453465,42739177,11648687,42243,16548,49124,177948,72402,75164,30316,0.42239305864634613,0.4187177149802492,311734,121151,321539067904,124881678336,1.7518263762447457,0.09770663224226231,9.770663224226231,3.3503741040346577,1.9424671944588208,8.737263835574167,40.79689862389503,1.915523947391654,1.4348501566430039,14.030105134067647,0.18188353142942595,0.8181164685705741,220191,42243,177948,45972,12e4d7265f80049fea86d25e2422a1b18e8a11606fcb30146795f1f8d9cf7b80,11480808,8288983,210757,0.7311646967704712,88950,0,18653,61196,0.687982012366498,14218.038998777456,0.15984304664168023,12103,0.13606520517144463,3,85424,0,18653,58128,0.6804645064618843,13810.477389191456,0.16166975778693876,11708,0.13705750140475745,3,3526,0,0,3068,0.8701077708451503,407.5616095860259,0.11558752398923026,395,0.11202495745887692,0,150.0,220191,42243,177948,0,45972,0,88950,16548,72402,0,18653,0,0,,,
toolagent_trace,0.0025,4.0,"l1=0.0025,l2x4",all,16,all16,evict_binary_150_recency,class_order,150.0,4,main,recency,new,,446163482,1784653926,83026370,9997,29393272,8172647,37565919,8172647,2725305,5325,228654,42426,177773,220199,271080,76.79586267471313,1276.74609375,990.5146484375,1ce9c870070c05633ea257a9650eea6097f052d8309d2cf35a83ff2d638eb637,9997,64,53633098,110318,8172647,15999,38441533,79061,0,0,245926,494,1499065,2930,1624037,3192,1378111,2698,431610,851,1226240,2395,7238925,14156,6807315,13305,3616077,8588,0,0,33872184,71646,30256107,63058,0,0,0,0,0,0,0,0,4293613,2725305,3402841,42735146,11588267,42426,16557,49124,177773,72397,74775,30328,0.42062067918075297,0.41891238587234275,308252,119448,317989081088,123081611264,1.733964100285195,0.09843435284476486,9.843435284476486,3.2824571277775965,1.9560496261609415,8.718826319878852,40.79689862389503,1.8055287735691685,1.476928354208428,13.957333073817392,0.18323862835020618,0.8167613716497938,220199,42426,177773,46311,9e0d85f7edb1aba969e76199e19c9f1b01436dd1dab90bc41a8865e57d2d4dde,11484380,8262209,209638,0.7285572229410731,88954,0,18811,61118,0.687074218135216,14338.24811286079,0.16118722162984003,12103,0.13605908671897834,12,85439,0,18811,58083,0.6798183499338709,13907.902313962599,0.16278166076338205,11687,0.13678764966818432,11,3515,0,0,3035,0.8634423897581792,430.34579889822305,0.12243123723989276,416,0.11834992887624467,1,150.0,220199,42426,177773,0,46311,0,88954,16557,72397,0,18811,0,0,,,
toolagent_trace,0.01,1.0,"l1=0.01,l2x1",all,16,all16,evict_binary_150_learned,class_order,150.0,0,main,learned,new,,1784653926,1784653926,83026370,9997,30578881,9883534,40462415,9883534,1571070,3070,262537,3168,207976,211144,265705,139.53925800323486,1276.74609375,996.7646484375,0bf448bdea3cd50eaf225c72220611ed625bf78ca4798adf4f1a65af715383f3,9997,86,52447489,107989,9883534,19335,36725088,75673,0,0,28645,59,176670,346,81196,162,52551,103,485418,965,1394400,2724,7039505,13776,6554087,12811,3753734,8887,0,0,33872184,71646,30118450,62759,0,0,0,0,0,0,0,0,4267797,1571070,2085133,40992885,8691771,3168,1841,52853,207976,83766,87096,34846,0.4187790898949879,0.41599216866031563,328860,127287,341309849600,131974367232,1.5812401430934337,0.11904090230609865,11.904090230609865,1.8922542319988216,0.09779543535385203,8.478637570208116,40.79689862389503,0.2127878166900468,1.6794664153087748,10.46868723756079,0.011402809919978385,0.9885971900800217,211144,3168,207976,39524,5c152ceaeffaa7a7eabaff8fc02e7fe4ff5814c64348cc0f55f8ca26bd1bd8fc,11172672,7711906,442,0.6902670193844409,85607,0,16559,11320,0.13223217727522282,9536.683327306668,0.11140074208074886,9100,0.10629971848096534,3,80471,0,16559,10512,0.13063091051434678,9119.519717888603,0.11332678502676247,8703,0.10815076238644977,3,5136,0,0,808,0.1573208722741433,417.16360941806664,0.08122344420133697,397,0.077297507788162,0,150.0,211144,3168,207976,0,39524,0,85607,1841,83766,0,16559,0,0,,,
toolagent_trace,0.01,1.0,"l1=0.01,l2x1",all,16,all16,evict_binary_150_learned,class_order,150.0,1,main,learned,new,,1784653926,1784653926,83026370,9997,30578881,9774205,40353086,9774205,1681281,3284,262463,3242,207888,211130,265705,89.42753076553345,1256.95703125,990.44921875,fcfc49918a3b4a78e56343f89160e8a0e325f11ee414e0f797c00fe368f3dcc2,9997,93,52447489,107989,9774205,19127,36722712,75674,0,0,23800,48,188928,369,67647,134,43847,86,489186,968,1492353,2915,7052172,13798,6562986,12830,3756305,8888,0,0,33872184,71646,30115879,62758,0,0,0,0,0,0,0,0,4269291,1681281,2194267,40992003,8801100,3242,1923,52869,207888,83681,87056,34712,0.4187639498191334,0.41481339850145194,330341,127804,342780844032,132514662400,1.5890335180481798,0.11772410379979277,11.772410379979277,2.024996395723431,0.08147652366350594,8.493894168804442,40.79689862389503,0.22755180071102712,1.7974445950124038,10.600367088191378,0.009501224680009421,0.9904987753199905,211130,3242,207888,39420,de3a1c549b9facf7d47cb4fb87ce731b5ac7ff16c933dfe1bd0e87808fa815aa,11170339,7712998,438,0.690508766117125,85604,0,16467,11410,0.1332881641044811,9535.328261006252,0.11138881665583679,9123,0.10657212279800009,9,80521,0,16467,10629,0.13200283155946896,9139.119434209368,0.11349982531525152,8717,0.10825747320574756,7,5083,0,0,781,0.15364941963407436,396.2088267968711,0.07794783135881785,406,0.07987409010426913,2,150.0,211130,3242,207888,0,39420,0,85604,1923,83681,0,16467,0,0,,,
toolagent_trace,0.01,1.0,"l1=0.01,l2x1",all,16,all16,evict_binary_150_learned,class_order,150.0,2,main,learned,new,,1784653926,1784653926,83026370,9997,30578881,9846182,40425063,9846182,1608110,3142,262552,3153,207979,211132,265705,87.62728095054626,1257.3203125,986.3896484375,33517142b74f68df59b426bdfc45916db4f653acc9b066a932ef0863bd7e9fbe,9997,93,52447489,107989,9846182,19266,36725510,75677,0,0,26737,55,256468,501,72967,146,46230,91,494781,979,1351642,2641,7048046,13789,6553265,12810,3746169,8870,0,0,33872184,71646,30126015,62776,0,0,0,0,0,0,0,0,4267687,1608110,2129628,40993197,8729123,3153,1886,52868,207979,83722,87286,34830,0.41968660297433874,0.4160196841929242,329386,127050,341918887936,131685541888,1.5837464359382438,0.11859102114183723,11.859102114183722,1.936866564201229,0.08788412645283661,8.488924663332867,40.79689862389503,0.30889944965677774,1.6279671145444514,10.513675353986931,0.01024671630286309,0.9897532836971369,211132,3153,207979,39701,3aec267eab20d80205af4c16410e9704baa7dbd134734d9973688592c64a0caa,11172597,7696129,455,0.6888601190931706,85608,0,16704,11508,0.13442668909447716,9504.332592029914,0.11102154695857763,9128,0.10662554901411084,7,80470,0,16704,10730,0.1333416179942836,9083.55747191902,0.11288129081544701,8709,0.10822666832359885,7,5138,0,0,778,0.1514207862981705,420.77512011089624,0.0818947294883021,419,0.08154924094978591,0,150.0,211132,3153,207979,0,39701,0,85608,1886,83722,0,16704,0,0,,,
toolagent_trace,0.01,1.0,"l1=0.01,l2x1",all,16,all16,evict_binary_150_learned,class_order,150.0,3,main,learned,new,,1784653926,1784653926,83026370,9997,30578881,9892747,40471628,9892747,1589556,3105,262453,3252,207743,210995,265705,87.95436835289001,1276.828125,1000.421875,0d2aac6913ae7b04798e5e19b2cb13c0f2b6348ad3dbab8068d51ff5e7bf1797,9997,95,52447489,107989,9892747,19357,36698094,75625,0,0,24045,49,162816,318,81133,161,57088,112,490600,972,1426740,2787,7011869,13720,6521269,12748,3752447,8881,0,0,33872184,71646,30119737,62765,0,0,0,0,0,0,0,0,4267092,1589556,2104201,40965186,8682558,3252,1926,53006,207743,83630,87141,34763,0.41946539714936243,0.41567619275379647,330606,127373,343105368064,132078665728,1.5914182427326071,0.11915186705139584,11.915186705139584,1.914519447255131,0.09771955584713628,8.445351759928803,40.79689862389503,0.19610155183226727,1.718417895422864,10.457590763031071,0.01143845722868822,0.9885615427713118,210995,3252,207743,39162,faa5932605bc8ea1e61f5002b60f459fefeafaee151ef38f5d98f48a1e5e28fe,11164381,7701502,442,0.6898477398791747,85556,0,16451,11183,0.130709710598906,9378.321480733432,0.10961617514532507,9149,0.10693580812567208,8,80458,0,16451,10441,0.12976956921623703,8964.396842781025,0.11141709765071249,8717,0.10834224067215192,8,5098,0,0,742,0.14554727344056492,413.9246379523954,0.08119353431784924,432,0.08473911337779522,0,150.0,210995,3252,207743,0,39162,0,85556,1926,83630,0,16451,0,0,,,
toolagent_trace,0.01,1.0,"l1=0.01,l2x1",all,16,all16,evict_binary_150_learned,class_order,150.0,4,main,learned,new,,1784653926,1784653926,83026370,9997,30578881,10007222,40586103,10007222,1494969,2920,262649,3056,207990,211046,265705,156.67694807052612,1274.31640625,983.2431640625,1c9fb752c9f1360ccb02da933eb3dcb7dc4c9ff51320657b4dac212812cf2535,9997,95,52447489,107989,10007222,19582,36679894,75585,0,0,18917,39,105984,207,59800,119,40883,80,489713,969,1388985,2713,7013314,13722,6523601,12753,3756774,8894,0,0,33872184,71646,30115410,62752,0,0,0,0,0,0,0,0,4265404,1494969,2003599,40945298,8568083,3056,1758,52955,207990,83757,87250,34820,0.41949132169815856,0.4157264467447497,330196,128159,342669776896,132874328064,1.5875570940910622,0.12053064586588574,12.053064586588574,1.8005954011960297,0.07202530954924322,8.447092170836807,40.79689862389503,0.12765101015496644,1.6729443910410633,10.319712881582081,0.008454550569946985,0.991545449430053,211046,3056,207990,39408,eb09a0e695c5e5c27dd8a3db3327176b0509306251bfc934e1164ad823d3063b,11159515,7698845,481,0.6899121960049339,85515,0,16513,11473,0.13416359702976086,9310.328893788543,0.10887363496215334,9075,0.1061217330292931,9,80375,0,16513,10663,0.1326656298600311,8878.863469865813,0.11046797474172085,8625,0.10730948678071539,9,5140,0,0,810,0.1575875486381323,431.46542392273346,0.08394268947913103,450,0.08754863813229571,0,150.0,211046,3056,207990,0,39408,0,85515,1758,83757,0,16513,0,0,,,
toolagent_trace,0.01,1.0,"l1=0.01,l2x1",all,16,all16,evict_binary_150_recency,class_order,150.0,0,main,recency,new,,1784653926,1784653926,83026370,9997,30578881,10199808,40778689,10199808,1180150,2306,264887,818,210578,211396,265705,52.751832723617554,1256.5859375,954.2890625,cd266fea352f48598f3a8287d54eac75aacaac2e44775c8531fbbe7cb1e22bbd,9997,111,52447489,107989,10199808,19964,36808727,75833,0,0,5036,10,24576,48,8108,16,3072,6,435362,860,1155574,2258,7187239,14057,6751877,13197,3818406,9016,0,0,33872184,71646,30053778,62630,0,0,0,0,0,0,0,0,4258804,1180150,1620548,41067531,8375497,818,476,52453,210578,85141,94497,37977,0.44875058173218474,0.44604831984590265,457462,179521,468549502976,183690147840,2.1724111730570144,0.12285022216435573,12.285022216435573,1.421415870644471,0.009765572070656588,8.656573809019953,40.79689862389503,0.029600234238832793,1.3918156364056384,10.087755251735082,0.0011268393310287885,0.9988731606689712,211396,818,210578,5445,59e092305e7865872ce51c25fcd4d967e6bc66f31df8fc280505f82e2a5ac65d,10950531,8324388,192533,0.7689722534916343,85617,0,2723,73513,0.8586262074120794,9368.19972128405,0.10941985495034924,9963,0.11636707663197729,5,80401,0,2723,68913,0.8571162050223256,8862.094146545443,0.1102236806326469,9401,0.11692640638798026,5,5216,0,0,4600,0.8819018404907976,506.1055747385718,0.09702944300969552,562,0.10774539877300614,0,150.0,211396,818,210578,0,5445,0,85617,476,85141,0,2723,0,0,,,
toolagent_trace,0.01,1.0,"l1=0.01,l2x1",all,16,all16,evict_binary_150_recency,class_order,150.0,1,main,recency,new,,1784653926,1784653926,83026370,9997,30578881,10037506,40616387,10037506,1306173,2553,264932,773,210739,211512,265705,53.08083128929138,1256.125,919.4609375,bd5e3c96ba5a8ed31771d263d70a39c7129c39fb553babd2a06e6b5ef353289e,9997,109,52447489,107989,10037506,19646,36843101,75902,0,0,4957,10,16505,33,7005,14,2048,4,443645,876,1289668,2520,7224621,14130,6780976,13254,3812107,9002,0,0,33872184,71646,30060077,62644,0,0,0,0,0,0,0,0,4260709,1306173,1754775,41103810,8537799,773,479,52334,210739,85204,94681,38090,0.4492808640071368,0.44704473968358294,456506,177988,467403640832,182000095232,2.166215081214203,0.12089539745023177,12.089539745023178,1.5732025861181214,0.008437078484823557,8.701598058544532,40.79689862389503,0.019879226322914032,1.5533233597952072,10.283237723147478,0.0009686618196239684,0.999031338180376,211512,773,210739,5365,d492d59ff5439a5fb92e10e1265422faf22346e57a154dffcdbab2f62866f2b0,10956463,8340799,191070,0.769986993065189,85683,0,2742,73542,0.8583032806974545,9478.289556095307,0.11062042127487726,9964,0.11628911219261698,2,80459,0,2742,68941,0.8568463441007221,8965.727568858609,0.11143225206451247,9391,0.11671783144210095,2,5224,0,0,4601,0.8807427258805512,512.5619872366577,0.09811676631635868,573,0.10968606431852987,0,150.0,211512,773,210739,0,5365,0,85683,479,85204,0,2742,0,0,,,
toolagent_trace,0.01,1.0,"l1=0.01,l2x1",all,16,all16,evict_binary_150_recency,class_order,150.0,2,main,recency,new,,1784653926,1784653926,83026370,9997,30578881,10208170,40787051,10208170,1169432,2285,264883,822,210591,211413,265705,52.36409664154053,1276.8359375,890.4228515625,a695560fe69fe8b736cbe3e2fd7dd8d5570b81658a8c3054a81b6613957b4609,9997,109,52447489,107989,10208170,19980,36810119,75836,0,0,3842,8,5120,10,5890,12,2048,4,437930,865,1164312,2275,7191813,14066,6753883,13201,3817996,9015,0,0,33872184,71646,30054188,62631,0,0,0,0,0,0,0,0,4259768,1169432,1611204,41069887,8367135,822,508,52435,210591,85112,94411,37986,0.4483145053682256,0.4463060438011091,458643,178291,469649840128,182263758848,2.1778850948046213,0.12295093715406322,12.295093715406322,1.4085067190098761,0.007094131659616095,8.662082902094841,40.79689862389503,0.006166715466423499,1.4023400035434526,10.077683752764333,0.000818316621288764,0.9991816833787113,211413,822,210591,5362,fa16394b6e7a4f0b87fa570f5f264b04ef1015e296705a7fc09ed42efbb4cad2,10949869,8332275,191185,0.7696774728537848,85620,0,2698,73532,0.8588180331698201,9306.105709695154,0.10869079315224427,9918,0.11583742116327961,5,80411,0,2698,68941,0.8573578241782841,8802.327905543476,0.10946671357828501,9358,0.11637711258409919,5,5209,0,0,4591,0.881359186024189,503.7778041516716,0.09671295913835123,560,0.10750623920138222,0,150.0,211413,822,210591,0,5362,0,85620,508,85112,0,2698,0,0,,,
toolagent_trace,0.01,1.0,"l1=0.01,l2x1",all,16,all16,evict_binary_150_recency,class_order,150.0,3,main,recency,new,,1784653926,1784653926,83026370,9997,30578881,10161750,40740631,10161750,1210870,2366,264874,831,210622,211453,265705,65.30674314498901,1276.265625,1015.8857421875,dfb3c077d6ff0aa803b14e61c957a5bd1521c4cd1550b34e686d11dd4deb78ae,9997,110,52447489,107989,10161750,19889,36816280,75847,0,0,4182,9,11264,22,6230,13,2048,4,444074,877,1199606,2344,7196455,14075,6752381,13198,3810333,9001,0,0,33872184,71646,30061851,62645,0,0,0,0,0,0,0,0,4258589,1210870,1659126,41074869,8413555,831,482,52392,210622,85145,94223,37794,0.44735592673130065,0.44387809031651887,455443,177576,466542911488,181607215104,2.1623714521749866,0.12239183767759569,12.239183767759569,1.4584161634430122,0.007503640108558281,8.667673896859515,40.79689862389503,0.013566774026131698,1.4448493894168803,10.133593700411087,0.0008649552215597378,0.9991350447784403,211453,831,210622,5345,5beac34d1527b5fff06790c5a6ffec2b5e226c415a61c1a1640303bef208f37f,10949743,8332931,191151,0.7697446871584109,85627,0,2698,73491,0.8582690039356745,9363.360869256927,0.10935056546716487,9947,0.11616662968456211,5,80385,0,2698,68833,0.8562915966909249,8883.897352116164,0.1105168545389832,9421,0.11719848230391242,5,5242,0,0,4658,0.8885921404044258,479.46351714072813,0.09146576061440827,526,0.10034338038916445,0,150.0,211453,831,210622,0,5345,0,85627,482,85145,0,2698,0,0,,,
toolagent_trace,0.01,1.0,"l1=0.01,l2x1",all,16,all16,evict_binary_150_recency,class_order,150.0,4,main,recency,new,,1784653926,1784653926,83026370,9997,30578881,10104554,40683435,10104554,1251830,2446,264900,805,210694,211499,265705,53.04314041137695,1276.74609375,990.5419921875,38dfee30e3df3afe53d7dc31a5094199a947fb425fd68664591ab68da615bf81,9997,110,52447489,107989,10104554,19777,36833611,75879,0,0,3010,7,0,0,6303,14,3293,7,441506,872,1251830,2446,7212618,14106,6771112,13234,3812978,9008,0,0,33872184,71646,30059206,62638,0,0,0,0,0,0,0,0,4257494,1251830,1696346,41091105,8470751,805,466,52346,210694,85192,94407,37988,0.44807635718150496,0.4459104141233919,458645,180553,469746352128,184712859648,2.176829904980683,0.12170294811154576,12.170294811154577,1.5077498871744002,0.007591563981419397,8.687141205860259,40.79689862389503,0.0,1.5077498871744002,10.202482657016079,0.0008731221743526491,0.9991268778256474,211499,805,210694,5414,53bf86b47f78de97b44f72eb40523dcb7ea8388aa765c560029a275d4fe18d92,10956288,8335290,190948,0.7694909078695266,85658,0,2728,73539,0.8585187606528287,9401.37489669373,0.10975477943325468,9916,0.1157626841626001,6,80443,0,2728,68940,0.8570043384756909,8908.81360944095,0.11074690910882176,9344,0.11615678182066805,5,5215,0,0,4599,0.8818791946308725,492.5612872527579,0.09445087003887975,572,0.10968360498561841,1,150.0,211499,805,210694,0,5414,0,85658,466,85192,0,2728,0,0,,,
toolagent_trace,0.01,4.0,"l1=0.01,l2x4",all,16,all16,evict_binary_600_learned,class_order,600.0,0,main,learned,reproduced,evict_binary_learned,1784653926,7138615706,83026370,9997,30578881,17872830,48451711,17872830,416768,814,265536,169,175225,175394,265705,81.63741111755371,1276.8359375,1015.8388671875,b732965512c0e7b7de4bb26b33dc0ed17c96ac434ffd24171eaed905425729ed,9997,146,52447489,107989,17872830,34968,29932046,62356,0,0,1536,3,11776,23,1536,3,0,0,39956,79,404992,791,284171,558,244215,479,4184353,9769,0,0,33872184,71646,29687831,61877,0,0,0,0,0,0,0,0,4225845,416768,458260,34157891,702475,169,132,83388,175225,72036,71567,29168,0.4084291625053503,0.40490865678271976,330574,128892,343040757760,133513990144,1.8865686973890712,0.21526690857374592,21.52669085737459,0.5019706389668728,0.0018500146399270496,0.34226595718926406,40.79689862389503,0.014183445572774048,0.48778719339409876,0.846086610796064,0.005376137091495833,0.9946238629085041,175394,169,175225,11446,5e058c61aed85263487d968662907f1fee00ae7b12d428495720d7e9f24de5b7,9618279,6853980,90,0.71260409476581,72168,0,5615,4111,0.056964305509367034,69.15030532766286,0.0009581851419973238,26,0.0003602704799911318,0,66811,0,5615,3802,0.05690679678496056,68.57590689987926,0.0010264164119662819,26,0.0003891574740686414,0,5357,0,0,309,0.057681538174351316,0.5743984277836036,0.00010722389915691686,0,0.0,0,600.0,175394,169,175225,0,11446,0,72168,132,72036,0,5615,0,0,horizon_control_001,48451711,True
toolagent_trace,0.01,4.0,"l1=0.01,l2x4",all,16,all16,evict_binary_600_learned,class_order,600.0,1,main,learned,reproduced,evict_binary_learned,1784653926,7138615706,83026370,9997,30578881,17959489,48538370,17959489,331776,648,265537,168,175251,175419,265705,82.42088150978088,1276.74609375,1015.810546875,08f62488ca88f6de650a5e08cf2406fa312e53086a54ad87cac7356a6a60ef30,9997,145,52447489,107989,17959489,35137,29930867,62352,0,0,893,2,9728,19,893,2,0,0,34836,69,322048,629,283147,556,248311,487,4189628,9781,0,0,33872184,71646,29682556,61865,0,0,0,0,0,0,0,0,4225357,331776,367505,34156224,615816,168,131,83377,175251,72046,71556,29119,0.40830580139343,0.4041723343419482,327015,128655,339263647744,133282183168,1.8659807932622352,0.21631066129953652,21.631066129953652,0.39960316222424275,0.0010755618967805047,0.3410326140959794,40.79689862389503,0.011716759386204648,0.3878864028380381,0.7417113382170026,0.00314392339107168,0.9968560766089283,175419,168,175251,11227,0fd5c819c2c38166e54b24613d257b967265d89d661cb323addf6c6662a331bc,9619677,6851476,91,0.7122402862383009,72177,0,5510,4109,0.05692949277470662,54.943338594886896,0.0007612305664531207,18,0.00024938692381229477,0,66811,0,5510,3791,0.05674215323823921,49.968590843759756,0.0007479096382894995,18,0.0002694167128167517,0,5366,0,0,318,0.05926202012672382,4.9747477511271505,0.0009270867967065133,0,0.0,0,600.0,175419,168,175251,0,11227,0,72177,131,72046,0,5510,0,0,horizon_control_001,48538370,True
toolagent_trace,0.01,4.0,"l1=0.01,l2x4",all,16,all16,evict_binary_600_learned,class_order,600.0,2,main,learned,reproduced,evict_binary_learned,1784653926,7138615706,83026370,9997,30578881,17792958,48371839,17792958,495616,968,265508,197,175219,175416,265705,141.93142366409302,1274.31640625,1006.8623046875,7179276b1f357a10d2e05c0edea3ba72249c8389f57751e3087cac3fccc71dd0,9997,146,52447489,107989,17792958,34812,29932631,62358,0,0,1024,2,0,0,1024,2,0,0,38420,76,495616,968,285707,561,247287,485,4186840,9773,0,0,33872184,71646,29685344,61873,0,0,0,0,0,0,0,0,4226284,495616,535060,34158915,782347,197,155,83373,175219,72017,71464,29124,0.40785531249464957,0.40440451560048324,333120,130271,345670082560,134931875840,1.9011636865865003,0.21430490096098384,21.430490096098385,0.5969380571497946,0.0012333430932846999,0.3441159718291911,40.79689862389503,0.0,0.5969380571497946,0.9422873720722705,0.0035712915589873437,0.9964287084410126,175416,197,175219,11342,110e843cea47ec6682cb07b20bcaf781d6bae3b38a67380d18ecc198b85206c7,9618620,6855121,111,0.7126985471928405,72172,0,5600,4169,0.05776478412680818,75.56708687867626,0.0010470416072531766,25,0.00034639472371556835,0,66833,0,5600,3842,0.05748657100534167,63.96694200032301,0.0009571161252722907,25,0.0003740667035745814,0,5339,0,0,327,0.06124742461135044,11.600144878353273,0.002172718651124419,0,0.0,0,600.0,175416,197,175219,0,11342,0,72172,155,72017,0,5600,0,0,horizon_control_001,48371839,True
toolagent_trace,0.01,4.0,"l1=0.01,l2x4",all,16,all16,evict_binary_600_learned,class_order,600.0,3,main,learned,reproduced,evict_binary_learned,1784653926,7138615706,83026370,9997,30578881,17720059,48298940,17720059,573952,1121,265523,182,175219,175401,265705,81.76953053474426,1158.21875,859.4921875,237601a33530624a313e44be3d85467f88213b020e115cdb54a3be01c498e849,9997,144,52447489,107989,17720059,34668,29926947,62347,0,0,2048,4,116224,227,2048,4,0,0,39639,80,457728,894,279246,550,239607,470,4184844,9769,0,0,33872184,71646,29687340,61877,0,0,0,0,0,0,0,0,4226531,573952,615639,34153478,855246,182,140,83388,175219,72036,71624,29162,0.40876845547571894,0.40482536509523015,329409,130231,341616988160,134785114112,1.8799844765693219,0.21342687871335336,21.342687871335336,0.6912888037860743,0.0024666861865693997,0.33633410686267506,40.79689862389503,0.13998444108781344,0.5513043626982608,1.0300895968353188,0.00728063876229141,0.9927193612377085,175401,182,175219,11302,b4c48d8b94d60c3408d2397aa24620dd394f6b3cc15b461fe0f5c2eda025b96d,9618920,6852267,106,0.7123793523597244,72176,0,5512,4145,0.05742906229217468,65.93775065586728,0.0009135689239618055,18,0.0002493903790733762,0,66789,0,5512,3839,0.05747952507149381,61.53537750506378,0.0009213400036692237,18,0.00026950545748551406,0,5387,0,0,306,0.0568034156302209,4.402373150803489,0.0008172216726941691,0,0.0,0,600.0,175401,182,175219,0,11302,0,72176,140,72036,0,5512,0,0,horizon_control_001,48298940,True
toolagent_trace,0.01,4.0,"l1=0.01,l2x4",all,16,all16,evict_binary_600_learned,class_order,600.0,4,main,learned,reproduced,evict_binary_learned,1784653926,7138615706,83026370,9997,30578881,17962399,48541280,17962399,335360,655,265518,187,175209,175396,265705,82.09816145896912,1276.828125,1015.7998046875,21e13bc43b720f5fd9166d58a1078e1d4426fdfb14f2e409d7ee89f22992bda4,9997,145,52447489,107989,17962399,35142,29924278,62340,0,0,0,0,0,0,0,0,0,0,34867,70,335360,655,277546,546,242679,476,4190585,9782,0,0,33872184,71646,29681599,61864,0,0,0,0,0,0,0,0,4225452,335360,370227,34149730,612906,187,148,83398,175209,72013,71545,29085,0.4083408957302422,0.40388540957882607,328596,128359,340834775040,132968587264,1.8754516035135183,0.21634571040501951,21.634571040501953,0.4039198630507392,0.0,0.33428656461796413,40.79689862389503,0.0,0.4039198630507392,0.7382064276687034,0.0,1.0,175396,187,175209,11317,71bf2c65e1288a8f53ecf8c41583951e2faad552d6aeea7adc0ff9d793405fe3,9617772,6850135,101,0.712242450746389,72161,0,5592,4077,0.056498662712545555,44.48803770856382,0.0006165108259110022,18,0.00024944221948143737,0,66810,0,5592,3782,0.05660829217183056,43.81795526817101,0.000655859231674465,18,0.0002694207453973956,0,5351,0,0,295,0.055129882264997196,0.6700824403928083,0.0001252256476159238,0,0.0,0,600.0,175396,187,175209,0,11317,0,72161,148,72013,0,5592,0,0,horizon_control_001,48541280,True
toolagent_trace,0.01,4.0,"l1=0.01,l2x4",all,16,all16,evict_binary_600_recency,class_order,600.0,0,main,recency,reproduced,evict_binary_recency,1784653926,7138615706,83026370,9997,30578881,17977278,48556159,17977278,198656,388,265661,44,175128,175172,265705,51.65532612800598,1256.5859375,931.6630859375,61d1c87b180f065929f9e9d18bc4d00003ea7dc96c561e8a225d0bc70f554fa7,9997,146,52447489,107989,17977278,35172,30045704,62578,0,0,512,1,1536,3,1024,2,512,1,28180,56,197120,385,398347,781,370167,725,4197159,9794,0,0,33872184,71646,29675025,61852,0,0,0,0,0,0,0,0,4225851,198656,227348,34271555,598027,44,22,83247,175128,72226,76760,31319,0.43830798044858615,0.4336250103840722,382243,152254,390795325440,155353051136,2.182649262253894,0.2165249185288963,21.65249185288963,0.23926856009723177,0.0012333430932846999,0.47978371209050813,40.79689862389503,0.0018500146399270496,0.2374185454573047,0.7202856152810245,0.0025640319402260056,0.997435968059774,175172,44,175128,92,0c337782a7b99e78a32bbe38e13425d18b794780dfcbb13cac96282406b4be56,9579265,8261898,23474,0.8637024865686459,72248,0,36,72207,0.999432510242498,35.60836435429609,0.0004928629768892716,11,0.0001522533495736906,0,66996,0,36,66955,0.9993880231655621,35.60836435429609,0.0005314998560256746,11,0.00016418890680040598,0,5252,0,0,5252,1.0,0.0,0.0,0,0.0,0,600.0,175172,44,175128,0,92,0,72248,22,72226,0,36,0,0,horizon_control_001,48556159,True
toolagent_trace,0.01,4.0,"l1=0.01,l2x4",all,16,all16,evict_binary_600_recency,class_order,600.0,1,main,recency,reproduced,evict_binary_recency,1784653926,7138615706,83026370,9997,30578881,17993296,48572177,17993296,180224,352,265653,52,175137,175189,265705,51.42396545410156,1256.125,1004.48046875,9517cf63b3eef278645bb628d1035266c4f8415bb0d1e93f8a51d4b01ff8972b,9997,145,52447489,107989,17993296,35203,30047544,62582,0,0,1024,2,0,0,1024,2,0,0,30082,60,180224,352,400761,786,370679,726,4195319,9790,0,0,33872184,71646,29676865,61856,0,0,0,0,0,0,0,0,4226425,180224,211330,34273969,582009,52,29,83244,175137,72238,76440,31258,0.4364583154901591,0.4327085467482488,376225,148406,384540608512,151437719552,2.1481754283789263,0.21671784518581266,21.671784518581266,0.21706838441810716,0.0012333430932846999,0.48269122207799764,40.79689862389503,0.0,0.21706838441810716,0.7009929495893895,0.0025486267531142277,0.9974513732468858,175189,52,175137,96,d99586facc8a5186694f8ac62705afb40c252fa01d242933ff1ace8a9736cb09,9582288,8264897,23363,0.8637371888634531,72267,0,44,72218,0.9993219588470533,49.49638935236881,0.0006849099776159078,13,0.00017988846914912754,0,67012,0,44,66964,0.9992837103802304,47.20420296659566,0.0007044141790514484,13,0.00019399510535426492,0,5255,0,0,5254,0.9998097050428164,2.2921863857731477,0.00043619151013761135,0,0.0,0,600.0,175189,52,175137,0,96,0,72267,29,72238,0,44,0,0,horizon_control_001,48572177,True
toolagent_trace,0.01,4.0,"l1=0.01,l2x4",all,16,all16,evict_binary_600_recency,class_order,600.0,2,main,recency,reproduced,evict_binary_recency,1784653926,7138615706,83026370,9997,30578881,17980862,48559743,17980862,194048,379,265652,53,175125,175178,265705,51.49612069129944,1276.8359375,950.95703125,d450f6b56f06031eb0bd0eb07d301bb978ba5174b132303bbd907e9794c42ae9,9997,146,52447489,107989,17980862,35179,30046210,62580,0,0,512,1,1536,3,1024,2,512,1,29204,58,192512,376,399371,783,370167,725,4196653,9792,0,0,33872184,71646,29675531,61854,0,0,0,0,0,0,0,0,4226369,194048,223764,34272579,594443,53,32,83244,175125,72228,76686,31375,0.4378929336188437,0.4343883258570084,375808,150497,384062089216,153532741632,2.1459414703783013,0.21656808553716125,21.656808553716125,0.2337185161774506,0.0012333430932846999,0.4810170551837928,40.79689862389503,0.0018500146399270496,0.23186850153752356,0.7159689144545281,0.002557474493937237,0.9974425255060627,175178,53,175125,88,78599e20b3530205f52de4482031e038ca8a9dc9174453efa0c34e48fcb15ce2,9581747,8262538,23864,0.8635659029611197,72260,0,42,72210,0.999308054248547,34.847338411295304,0.0004822493552628744,7,9.687240520343205e-05,0,67003,0,42,66955,0.9992836141665299,29.153165806762274,0.0004351023955160556,7,0.0001044729340477292,0,5257,0,0,5255,0.9996195548792087,5.6941726045330325,0.001083160092169114,0,0.0,0,600.0,175178,53,175125,0,88,0,72260,32,72228,0,42,0,0,horizon_control_001,48559743,True
toolagent_trace,0.01,4.0,"l1=0.01,l2x4",all,16,all16,evict_binary_600_recency,class_order,600.0,3,main,recency,reproduced,evict_binary_recency,1784653926,7138615706,83026370,9997,30578881,17903184,48482065,17903184,271872,531,265650,55,175137,175192,265705,51.87838101387024,1275.30859375,934.876953125,9ace693445dd29695a7956b2aba0e0ab4481d6e1201d9270cc52b507baddbbb4,9997,145,52447489,107989,17903184,35027,30046324,62579,0,0,1024,2,1536,3,1024,2,0,0,28034,56,270336,528,399225,783,371191,727,4197051,9794,0,0,33872184,71646,29675133,61852,0,0,0,0,0,0,0,0,4226109,271872,300930,34272433,672121,55,33,83238,175137,72231,76801,31383,0.43851955897383194,0.4344810399966773,378448,150396,386972047360,153574893568,2.160868348778385,0.2156325032637221,21.563250326372213,0.3274525912670878,0.0012333430932846999,0.4808412074380706,40.79689862389503,0.0018500146399270496,0.32560257662716074,0.8095271417984431,0.0025584073913988543,0.9974415926086011,175192,55,175137,102,fad0268025bdda59ba6be4d3c7319456ad1f02bf0487574bf0b04ca113ed4715,9581627,8265900,23630,0.8639153872301646,72264,0,47,72212,0.9992804162515222,38.026907805036615,0.0005262220165647711,10,0.00013838149009188532,0,66999,0,47,66947,0.9992238690129703,38.026907805036615,0.0005675742593924777,10,0.00014925595904416485,0,5265,0,0,5265,1.0,0.0,0.0,0,0.0,0,600.0,175192,55,175137,0,102,0,72264,33,72231,0,47,0,0,horizon_control_001,48482065,True
toolagent_trace,0.01,4.0,"l1=0.01,l2x4",all,16,all16,evict_binary_600_recency,class_order,600.0,4,main,recency,reproduced,evict_binary_recency,1784653926,7138615706,83026370,9997,30578881,18086466,48665347,18086466,93184,182,265655,50,175128,175178,265705,64.52016377449036,1276.74609375,1008.505859375,7bba1583c6cb71c3b91077130d44288afce1dd372aa6ee2c6d2e19ead3ebecce,9997,145,52447489,107989,18086466,35385,30042038,62570,0,0,512,1,2048,4,512,1,0,0,24976,50,91136,178,395143,775,370167,725,4200313,9801,0,0,33872184,71646,29671871,61845,0,0,0,0,0,0,0,0,4225801,93184,118672,34267839,488839,50,26,83251,175128,72232,76662,31415,0.437748389749212,0.43491804186510136,379922,149031,388415571968,152002428928,2.1693960988534102,0.2178400187795757,21.784001877957568,0.11223422148890769,0.0006166715466423499,0.47592469717753527,40.79689862389503,0.0024666861865693997,0.10976753530233828,0.5887755902130853,0.0012940566908038569,0.9987059433091962,175178,50,175128,86,f8f22997b38e5f3ed492bc3c66edd1cbcdd0cea80440e1c285d0059b5b075d94,9580998,8259143,23451,0.8632575124219836,72258,0,33,72224,0.9995294638655927,17.47728674600199,0.00024187338074679608,7,9.687508649561294e-05,0,66967,0,33,66933,0.999492287245957,17.47728674600199,0.0002609835702062507,7,0.00010452909642062508,0,5291,0,0,5291,1.0,0.0,0.0,0,0.0,0,600.0,175178,50,175128,0,86,0,72258,26,72232,0,33,0,0,horizon_control_001,48665347,True
toolagent_trace,0.02,1.0,"l1=0.02,l2x1",all,16,all16,evict_binary_300_learned,class_order,300.0,0,main,learned,new,,3569307853,3569307853,83026370,9997,32176527,13554181,45730708,13554181,934430,1826,255236,733,186048,186781,255969,81.80702662467957,1140.74609375,927.8994140625,adfff70fd3bcb921a5dc453fc81618db1db21d63ea2ee5378bdcae955576dc87,9997,132,50849843,104856,13554181,26513,32124703,66652,0,0,7056,14,137246,269,9616,19,2560,5,190211,376,797184,1557,2479432,4852,2289221,4476,4039262,9475,0,0,33872184,71646,29832922,62171,0,0,0,0,0,0,0,0,4236529,934430,1131697,36361232,3423478,733,608,65761,186048,75873,77427,31209,0.4161667956656347,0.41133209442094026,324956,125967,336043358208,130069014528,1.746624527003784,0.16325151876446,16.325151876446,1.1254617057207246,0.011581862485376635,2.986318684051826,40.79689862389503,0.16530410759858585,0.9601575981221387,4.123362252257928,0.0038633244517582628,0.9961366755482417,186781,733,186048,24170,8af9839f088e7a11d66e5c336060cf432f26ae40a830b00ac2b8d0ba660408e6,10114664,7078873,206,0.6998725810367996,76481,0,10214,4028,0.05266667538342856,1280.7721289182912,0.016746278538699692,3043,0.039787659680182004,0,71197,0,10214,3740,0.052530303243114175,1205.9294637379462,0.01693792524597871,2842,0.03991741225051618,0,5284,0,0,288,0.05450416351249054,74.84266518034646,0.014164016877431199,201,0.038039364118092354,0,300.0,186781,733,186048,0,24170,0,76481,608,75873,0,10214,0,0,,,
toolagent_trace,0.02,1.0,"l1=0.02,l2x1",all,16,all16,evict_binary_300_learned,class_order,300.0,1,main,learned,new,,3569307853,3569307853,83026370,9997,32176527,13617823,45794350,13617823,862679,1686,255223,746,186061,186807,255969,81.54236459732056,1140.30859375,927.9130859375,21316bf626c3aa73955122015fa3f2361e2ab8fc9b943b2ded324db3ef47e39d,9997,131,50849843,104856,13617823,26637,32132442,66667,0,0,6656,13,168478,330,12288,24,5632,11,185408,367,694201,1356,2484869,4863,2299461,4496,4044835,9486,0,0,33872184,71646,29827349,62160,0,0,0,0,0,0,0,0,4236899,862679,1054743,36369341,3359836,746,633,65735,186061,75860,77547,31234,0.41678266804972564,0.41173213814922227,325541,125908,336612530176,130025893888,1.7496466212693687,0.16401804631468292,16.40180463146829,1.0390421741911635,0.014800117119416397,2.9928672059250574,40.79689862389503,0.20292107194376918,0.8361211022473944,4.046709497235637,0.004920795929130607,0.9950792040708694,186807,746,186061,24157,f5e030c88d5186c0c4ceffc743dd0b5445d49948315abb2db319a09b93530bc4,10115728,7079511,203,0.6998618883386346,76493,0,10248,3920,0.05124651928934674,1305.9415779429096,0.017072693945104907,3050,0.03987292954910907,0,71198,0,10248,3633,0.051026714233545885,1245.6189783867094,0.017495140009364158,2896,0.04067529986797382,0,5295,0,0,287,0.05420207743153919,60.32259955620123,0.011392370076714113,154,0.029084041548630785,0,300.0,186807,746,186061,0,24157,0,76493,633,75860,0,10248,0,0,,,
toolagent_trace,0.02,1.0,"l1=0.02,l2x1",all,16,all16,evict_binary_300_learned,class_order,300.0,2,main,learned,new,,3569307853,3569307853,83026370,9997,32176527,13502449,45678976,13502449,971223,1898,255256,713,186110,186823,255969,82.31652498245239,1140.10546875,927.8876953125,5b1851a4903f0eb8ff1e2584878ab13653d1cbef333bcf3384f895633955247b,9997,129,50849843,104856,13502449,26410,32137716,66680,0,0,12688,25,265246,519,16784,33,4096,8,188766,375,705977,1379,2487203,4869,2298437,4494,4037001,9468,0,0,33872184,71646,29835183,62178,0,0,0,0,0,0,0,0,4238455,971223,1172677,36376171,3475210,713,601,65722,186110,75917,77498,31241,0.41640965020686693,0.4115152073975526,326102,126434,337230618624,130540638208,1.7522003116436515,0.16262843961502835,16.262843961502835,1.1697765420793418,0.02021526413836953,2.995678360983384,40.79689862389503,0.31947199425917333,0.8503045478201685,4.185670167201096,0.00670291019881493,0.993297089801185,186823,713,186110,24113,3756f4c1de32af81c434c2f311c6f45100118dc1bfcd04bffb86812589af8835,10119579,7079385,158,0.6995808817738366,76518,0,10222,3948,0.05159570297184976,1354.4457120681,0.01770100776376931,3049,0.03984683342481508,3,71207,0,10222,3685,0.05175053014450826,1267.039439673312,0.017793748362847923,2821,0.039616891597736174,3,5311,0,0,263,0.0495198644323103,87.40627239478484,0.016457592241533578,228,0.04292976840519676,0,300.0,186823,713,186110,0,24113,0,76518,601,75917,0,10222,0,0,,,
toolagent_trace,0.02,1.0,"l1=0.02,l2x1",all,16,all16,evict_binary_300_learned,class_order,300.0,3,main,learned,new,,3569307853,3569307853,83026370,9997,32176527,13391912,45568439,13391912,1073182,2097,255226,743,186100,186843,255969,108.88953638076782,1158.21875,931.1826171875,35d10f9055b894617045a70911c507d0ab3fcdc801dd3f887c0a1eb528c5621e,9997,134,50849843,104856,13391912,26197,32147142,66699,0,0,10752,21,252446,494,13312,26,2560,5,189552,374,820736,1603,2499253,4890,2309701,4516,4037303,9468,0,0,33872184,71646,29834881,62178,0,0,0,0,0,0,0,0,4237607,1073182,1273486,36384749,3585747,743,610,65706,186100,75917,77495,31299,0.4164159054271897,0.4122791996522518,325985,127981,336980355072,132145317888,1.7516657710908115,0.16129709151441884,16.129709151441887,1.2925796948608015,0.016033460212701096,3.0101918221885406,40.79689862389503,0.30405520559311455,0.9885244892676869,4.318804977262043,0.00529817139059089,0.9947018286094091,186843,743,186100,24387,68b7fab18c324254be67a9c186fc9977efaefeb2627a141ea4bb3c57714750e1,10121021,7082844,193,0.6998247014802162,76527,0,10402,3807,0.049747148065388686,1291.6541051051286,0.016878410301006553,3055,0.039920550916669933,0,71217,0,10402,3537,0.04966510805004423,1210.8802776939003,0.01700268584318211,2846,0.039962368535602456,0,5310,0,0,270,0.05084745762711865,80.77382741122868,0.015211643580269055,209,0.03935969868173258,0,300.0,186843,743,186100,0,24387,0,76527,610,75917,0,10402,0,0,,,
toolagent_trace,0.02,1.0,"l1=0.02,l2x1",all,16,all16,evict_binary_300_learned,class_order,300.0,4,main,learned,new,,3569307853,3569307853,83026370,9997,32176527,13624491,45801018,13624491,854975,1671,255218,751,186046,186797,255969,82.155517578125,1140.49609375,927.892578125,11f9e4f61a353092da3a78602785b3ba83b64f004fbe81718c40a86db5565e57,9997,132,50849843,104856,13624491,26651,32132489,66669,0,0,8704,17,167966,329,16384,32,7680,15,185420,366,687009,1342,2481809,4856,2296389,4490,4043764,9482,0,0,33872184,71646,29828420,62164,0,0,0,0,0,0,0,0,4237888,854975,1049099,36370377,3353168,751,621,65746,186046,75871,77924,31388,0.4188426518172925,0.4137022050585863,324864,126095,335942475776,130163257344,1.7461488019092053,0.16409835814814017,16.409835814814016,1.0297631945127794,0.019733489492555198,2.9891816298845777,40.79689862389503,0.20230440039712683,0.8274587941156527,4.038678313889912,0.006558340368418293,0.9934416596315817,186797,751,186046,24250,a002a8d1945e5fb5441166beb121b2c6eca94d5bfd204dc5aa89d90807b98925,10116114,7079825,189,0.6998655313690613,76492,0,10248,4088,0.05344349735920096,1276.419472497178,0.016686966904998927,3023,0.03952047272917429,0,71197,0,10248,3807,0.05347135413008975,1194.4380681323514,0.01677652243960211,2823,0.03965054707361265,0,5295,0,0,281,0.05306893295561851,81.98140436482674,0.015482795914037157,200,0.03777148253068933,0,300.0,186797,751,186046,0,24250,0,76492,621,75871,0,10248,0,0,,,
toolagent_trace,0.02,1.0,"l1=0.02,l2x1",all,16,all16,evict_binary_300_recency,class_order,300.0,0,main,recency,new,,3569307853,3569307853,83026370,9997,32176527,13851727,46028254,13851727,371688,726,255941,28,187712,187740,255969,50.22732901573181,1256.5859375,926.3701171875,a0b7d08e626027d60cc04eed84f8a7e40b1a18257ec655f751485c8c4175f646,9997,132,50849843,104856,13851727,27094,32390647,67171,0,0,0,0,0,0,0,0,0,0,164479,327,371688,726,2754244,5390,2589765,5063,4071302,9538,0,0,33872184,71646,29800882,62108,0,0,0,0,0,0,0,0,4235781,371688,536167,36626428,3125932,28,26,64612,187712,76906,82995,33791,0.44214008694169793,0.4393805424804307,415899,164337,425408651264,167770218496,2.2156228690760313,0.1668352717335468,16.683527173354683,0.44767463638359717,0.0,3.3173123189656493,40.79689862389503,0.0,0.44767463638359717,3.7649869553492463,0.0,1.0,187740,28,187712,175,1c28bc8cdbc219e7d3cadda92ce4204cca82dc09bbcb406a68a331eb3923c550,10053210,8450411,63511,0.8437271776875247,76932,0,118,73411,0.95423230905215,1344.4924253750366,0.0174763742704601,3408,0.04429886133208548,0,71617,0,118,68320,0.9539634444335842,1255.9860988818236,0.017537541350263537,3189,0.04452853372802547,0,5315,0,0,5091,0.9578551269990593,88.50632649321162,0.016652178079625893,219,0.04120413922859831,0,300.0,187740,28,187712,0,175,0,76932,26,76906,0,118,0,0,,,
toolagent_trace,0.02,1.0,"l1=0.02,l2x1",all,16,all16,evict_binary_300_recency,class_order,300.0,1,main,recency,new,,3569307853,3569307853,83026370,9997,32176527,13838903,46015430,13838903,375808,734,255943,26,187735,187761,255969,49.94026160240173,1245.83203125,896.23046875,7214af8c9bfa6bf2931a96c28bd27fea20097f7eb807117c3f25fb187205ca06,9997,133,50849843,104856,13838903,27069,32399734,67189,0,0,0,0,0,0,0,0,0,0,172671,343,375808,734,2762948,5407,2590277,5064,4062727,9521,0,0,33872184,71646,29809457,62125,0,0,0,0,0,0,0,0,4235398,375808,548479,36635132,3138756,26,23,64586,187735,76923,82974,33717,0.4419740591791621,0.43832143832143833,408948,161532,418334502912,164918446080,2.178325831624364,0.16668081478209876,16.668081478209874,0.4526369152354848,0.0,3.327795735258569,40.79689862389503,0.0,0.4526369152354848,3.780432650494054,0.0,1.0,187761,26,187735,180,51efec064b18dfbdd36e6ceb519470148a9689fab7a46ab5d11cb2742911d52d,10054617,8453806,63476,0.8439450254544753,76946,0,116,73426,0.9542536324175396,1395.9788456405352,0.018142318582389405,3409,0.04430379746835443,0,71636,0,116,68371,0.9544223574738958,1289.4595808800934,0.018000161662852385,3164,0.04416773689206544,0,5310,0,0,5055,0.9519774011299436,106.51926476044095,0.0200601251902902,245,0.046139359698681735,0,300.0,187761,26,187735,0,180,0,76946,23,76923,0,116,0,0,,,
toolagent_trace,0.02,1.0,"l1=0.02,l2x1",all,16,all16,evict_binary_300_recency,class_order,300.0,2,main,recency,new,,3569307853,3569307853,83026370,9997,32176527,13752470,45928997,13752470,466873,912,255949,20,187688,187708,255969,50.26282525062561,1276.8359375,907.390625,854d99cc78623ce25fdb959f34e2658ef7ad582199539675fbe9100a6ffb1711,9997,131,50849843,104856,13752470,26900,32393849,67178,0,0,0,0,0,0,0,0,0,0,169575,337,466873,912,2758316,5398,2588741,5061,4067076,9529,0,0,33872184,71646,29805108,62117,0,0,0,0,0,0,0,0,4236651,466873,636448,36630500,3225189,20,15,64636,187688,76916,82826,33777,0.4412961936831337,0.4391414010088928,409588,161803,418792933376,165168617472,2.1822812326840286,0.165639784083057,16.563978408305697,0.562318935538191,0.0,3.3222167848600392,40.79689862389503,0.0,0.562318935538191,3.88453572039823,0.0,1.0,187708,20,187688,166,1b5e690db48be8952c835b2f04525803181a542479eee2852bce96a97356e106,10051815,8450033,63913,0.8438266621500694,76931,0,116,73411,0.9542447127945821,1375.0086306227581,0.017873271251156987,3406,0.044273439835696926,0,71601,0,116,68304,0.9539531570788118,1292.7929729289995,0.018055515606332305,3187,0.044510551528609936,0,5330,0,0,5107,0.9581613508442777,82.21565769375668,0.015425076490385868,219,0.04108818011257036,0,300.0,187708,20,187688,0,166,0,76931,15,76916,0,116,0,0,,,
toolagent_trace,0.02,1.0,"l1=0.02,l2x1",all,16,all16,evict_binary_300_recency,class_order,300.0,3,main,recency,new,,3569307853,3569307853,83026370,9997,32176527,13705783,45882310,13705783,521216,1018,255946,23,187668,187691,255969,87.27694129943848,1274.31640625,956.416015625,f97e3246e4639001620ee117544ca9bc8a0989f3966abd1d1344c99a6ad73736,9997,133,50849843,104856,13705783,26809,32387243,67165,0,0,0,0,0,0,0,0,0,0,168575,335,521216,1018,2750660,5383,2582085,5048,4067026,9529,0,0,33872184,71646,29805158,62117,0,0,0,0,0,0,0,0,4235601,521216,689791,36622844,3271876,23,20,64656,187668,76904,82812,33685,0.4412686233135111,0.43801362737959015,408767,162186,418065801216,165609897984,2.178139054074216,0.16507746876082863,16.507746876082862,0.6277716344819122,0.0,3.3129956181391527,40.79689862389503,0.0,0.6277716344819122,3.9407672526210646,0.0,1.0,187691,23,187668,182,353572856ed3dde5e00e7e590aece9a0166650e03b2a20cfb913630695feeeab,10052160,8454433,64215,0.8442504397064909,76924,0,124,73417,0.954409547085435,1346.970832113985,0.017510410692553494,3403,0.04423846913837034,0,71587,0,124,68310,0.9542235322055681,1266.435201487885,0.017690854505537108,3175,0.04435162808889882,0,5337,0,0,5107,0.9569046280682031,80.53563062609719,0.015090056328667265,228,0.04272062956717257,0,300.0,187691,23,187668,0,182,0,76924,20,76904,0,124,0,0,,,
toolagent_trace,0.02,1.0,"l1=0.02,l2x1",all,16,all16,evict_binary_300_recency,class_order,300.0,4,main,recency,new,,3569307853,3569307853,83026370,9997,32176527,13813374,45989901,13813374,403968,789,255945,24,187669,187693,255969,75.66243267059326,1273.75,1003.0986328125,b8a489d203ec835bf410efb1aeac1c7c85ddd2fbc734a267f9d612650ec958d4,9997,132,50849843,104856,13813374,27019,32396471,67183,0,0,0,0,0,0,0,0,0,0,164920,328,403968,789,2760317,5402,2595397,5074,4071110,9537,0,0,33872184,71646,29801074,62109,0,0,0,0,0,0,0,0,4236030,403968,568888,36632501,3164285,24,20,64661,187669,76924,82943,33757,0.44196430950236854,0.43883573397119235,411588,163099,420926588928,166478405632,2.1931592324784592,0.1663733341587739,16.63733341587739,0.48655385030081405,0.0,3.3246268625257254,40.79689862389503,0.0,0.48655385030081405,3.8111807128265394,0.0,1.0,187693,24,187669,195,7f0f23fc37ee2288a95855b2057c27cf5f3e2255908d18c8b7ec2e0223fc9731,10055063,8447452,63497,0.8432767154218725,76944,0,140,73403,0.9539795175712207,1379.8225559830234,0.01793281550196277,3429,0.04456487835308796,1,71590,0,140,68265,0.9535549657773432,1291.3789998451496,0.01803853889991828,3218,0.04495041206872468,1,5354,0,0,5138,0.9596563317146058,88.4435561378756,0.016519155050032798,211,0.03940978707508405,0,300.0,187693,24,187669,0,195,0,76944,20,76924,0,140,0,0,,,
toolagent_trace,0.02,4.0,"l1=0.02,l2x4",all,16,all16,evict_binary_600_learned,class_order,600.0,0,main,learned,reproduced,evict_binary_learned,3569307853,14277231411,83026370,9997,32176527,16825072,49001599,16825072,512,1,255909,60,166237,166297,255969,85.88793921470642,993.51171875,849.5390625,0aaa46d6f5bd3b39c877ba2969ef9f51bfe7b2021ceb7295e47cbd6736cd3031,9997,146,50849843,104856,16825072,32909,29800058,62095,0,0,0,0,0,0,0,0,0,0,14577,30,512,1,152075,300,137498,270,4209624,9821,0,0,33872184,71646,29662560,61825,0,0,0,0,0,0,0,0,4224201,512,15089,34024259,152587,60,56,75958,166237,71915,65613,28077,0.394695525063614,0.39041924494194535,318370,131129,333551077376,137352656896,1.915157275456126,0.2026473275900175,20.26473275900175,0.0006166715466423499,0.0,0.18316469815553782,40.79689862389503,0.0,0.0006166715466423499,0.18378136970218018,0.0,1.0,166297,60,166237,7,f2599982a80fbcea4e4afde0a30cc9f7b7eadbe91afb36c3bf303688bc873779,9621306,6898983,22,0.7170537970624778,71971,0,5,3306,0.045935168331689154,0.0,0.0,0,0.0,0,66564,0,5,3075,0.046196142058770505,0.0,0.0,0,0.0,0,5407,0,0,231,0.04272239689291659,0.0,0.0,0,0.0,0,600.0,166297,60,166237,0,7,0,71971,56,71915,0,5,0,0,horizon_control_001,49001599,True
toolagent_trace,0.02,4.0,"l1=0.02,l2x4",all,16,all16,evict_binary_600_learned,class_order,600.0,1,main,learned,reproduced,evict_binary_learned,3569307853,14277231411,83026370,9997,32176527,16823024,48999551,16823024,2048,4,255923,46,166258,166304,255969,85.9096302986145,994.0703125,849.677734375,bc6db84e65b86766050031b562c85ddb6ab51c2f4acedee8f8fe0a66fafc05be,9997,146,50849843,104856,16823024,32905,29800279,62096,0,0,0,0,0,0,0,0,0,0,14356,29,2048,4,152587,301,138231,272,4210136,9822,0,0,33872184,71646,29662048,61824,0,0,0,0,0,0,0,0,4224492,2048,16404,34024771,154635,46,46,75957,166258,71927,65769,28023,0.3955839718990966,0.389603347838781,317810,129913,332965431296,136084051968,1.9115471135223567,0.2026226607281518,20.26226607281518,0.0024666861865693997,0.0,0.18378136970218018,40.79689862389503,0.0,0.0024666861865693997,0.18624805588874957,0.0,1.0,166304,46,166258,9,979225a53f14ab8a7101c328d246240b74a5847586255c7bab853151f7d96041,9620478,6900181,13,0.7172395695931117,71973,0,6,3337,0.04636460895057869,0.0,0.0,0,0.0,0,66517,0,6,3089,0.046439256130011874,0.0,0.0,0,0.0,0,5456,0,0,248,0.045454545454545456,0.0,0.0,0,0.0,0,600.0,166304,46,166258,0,9,0,71973,46,71927,0,6,0,0,horizon_control_001,48999551,True
toolagent_trace,0.02,4.0,"l1=0.02,l2x4",all,16,all16,evict_binary_600_learned,class_order,600.0,2,main,learned,reproduced,evict_binary_learned,3569307853,14277231411,83026370,9997,32176527,16825584,49002111,16825584,512,1,255912,57,166240,166297,255969,86.22707605361938,993.6640625,850.2314453125,d54c4fe85d894928a853b742362ba29607504fb5bee1ab4ea6d14f158cc73457,9997,146,50849843,104856,16825584,32910,29799255,62094,0,0,0,0,0,0,0,0,0,0,13844,28,512,1,151563,299,137719,271,4210648,9823,0,0,33872184,71646,29661536,61823,0,0,0,0,0,0,0,0,4224492,512,14356,34023747,152075,57,52,75961,166240,71925,65813,28181,0.3958914821944177,0.39181091414668057,312560,128255,327461584896,134344181760,1.8801732435033687,0.2026534943054839,20.26534943054839,0.0006166715466423499,0.0,0.18254802660889546,40.79689862389503,0.0,0.0006166715466423499,0.18316469815553782,0.0,1.0,166297,57,166240,9,f8d08cb9ccd2a58265fdec066972f302497ac1be4675492185fb81cff2ec186b,9621373,6901042,12,0.717262286785888,71977,0,8,3268,0.04540339275046195,0.0,0.0,0,0.0,0,66530,0,8,3021,0.04540808657748384,0.0,0.0,0,0.0,0,5447,0,0,247,0.045346062052505964,0.0,0.0,0,0.0,0,600.0,166297,57,166240,0,9,0,71977,52,71925,0,8,0,0,horizon_control_001,49002111,True
toolagent_trace,0.02,4.0,"l1=0.02,l2x4",all,16,all16,evict_binary_600_learned,class_order,600.0,3,main,learned,reproduced,evict_binary_learned,3569307853,14277231411,83026370,9997,32176527,16825584,49002111,16825584,512,1,255905,64,166243,166307,255969,113.14668202400208,993.28125,855.501953125,95532f74455a759f4a41840b1d7161989994427f7a35bbf97204606a20ef42db,9997,146,50849843,104856,16825584,32910,29799546,62094,0,0,0,0,0,0,0,0,0,0,14065,29,512,1,151563,299,137498,270,4210136,9822,0,0,33872184,71646,29662048,61824,0,0,0,0,0,0,0,0,4224201,512,14577,34023747,152075,64,63,75961,166243,71935,65889,28221,0.396341500093237,0.3923125043441996,318278,131201,333441202176,137419001856,1.914534747327707,0.2026534943054839,20.26534943054839,0.0006166715466423499,0.0,0.18254802660889546,40.79689862389503,0.0,0.0006166715466423499,0.18316469815553782,0.0,1.0,166307,64,166243,13,eb997423caae86a09ec714f173c963f62cd8d5314494d4b884e9591eb1c057c8,9624056,6903349,17,0.7173022995709917,71998,0,10,3321,0.046126281285591264,0.0,0.0,0,0.0,0,66553,0,10,3059,0.04596336754165853,0.0,0.0,0,0.0,0,5445,0,0,262,0.048117539026629935,0.0,0.0,0,0.0,0,600.0,166307,64,166243,0,13,0,71998,63,71935,0,10,0,0,horizon_control_001,49002111,True
toolagent_trace,0.02,4.0,"l1=0.02,l2x4",all,16,all16,evict_binary_600_learned,class_order,600.0,4,main,learned,reproduced,evict_binary_learned,3569307853,14277231411,83026370,9997,32176527,16824560,49001087,16824560,1024,2,255910,59,166230,166289,255969,85.72914552688599,993.4765625,849.3681640625,94ee07cf7b8ada0df59f41784cd7e84f3bcda46c2ba79928822495894e51065b,9997,146,50849843,104856,16824560,32908,29800093,62095,0,0,0,0,0,0,0,0,0,0,14577,30,1024,2,152075,300,137498,270,4209589,9821,0,0,33872184,71646,29662595,61825,0,0,0,0,0,0,0,0,4224166,1024,15601,34024259,153099,59,56,75959,166230,71900,65737,28134,0.39545810022258315,0.3912934631432545,316809,131623,331899101184,137868793856,1.9058473199783432,0.20264116087455106,20.264116087455108,0.0012333430932846999,0.0,0.18316469815553782,40.79689862389503,0.0,0.0012333430932846999,0.1843980412488225,0.0,1.0,166289,59,166230,8,adec8c6bc9d9f4c4d47e324d7fafee720c606b97a8ed63a5a640d86c822eaba8,9619122,6894918,17,0.7167937468721157,71956,0,5,3335,0.04634776808049364,0.0,0.0,0,0.0,0,66543,0,5,3087,0.046391055407781434,0.0,0.0,0,0.0,0,5413,0,0,248,0.04581562904119712,0.0,0.0,0,0.0,0,600.0,166289,59,166230,0,8,0,71956,56,71900,0,5,0,0,horizon_control_001,49001087,True
toolagent_trace,0.02,4.0,"l1=0.02,l2x4",all,16,all16,evict_binary_600_recency,class_order,600.0,0,main,recency,reproduced,evict_binary_recency,3569307853,14277231411,83026370,9997,32176527,16679373,48855900,16679373,1024,2,255960,9,165790,165799,255969,58.9638946056366,1257.3203125,987.224609375,2b9e76f536e9185aa786edf91013a995ea8aaf92a9e9ed368583e49c159c2d9a,9997,147,50849843,104856,16679373,32625,29945017,62379,0,0,0,0,0,0,0,0,0,0,14356,29,1024,2,297262,583,282906,554,4210073,9821,0,0,33872184,71646,29662111,61825,0,0,0,0,0,0,0,0,4224429,1024,15380,34169446,298286,9,8,75660,165790,72188,72503,31198,0.43731829422763735,0.4321770931456752,358403,150042,366030237696,152956602368,2.1617890101936186,0.20089247548700492,20.08924754870049,0.0012333430932846999,0.0,0.35803323691015276,40.79689862389503,0.0,0.0012333430932846999,0.3592665800034375,0.0,1.0,165799,9,165790,9,1c4ea8e232a510322deac9202cec38a95dd860453a0a7cf289deca4c1752ff61,9627059,9366049,4508,0.9731220095358302,72196,0,8,72187,0.9998753393539809,0.0,0.0,0,0.0,0,66811,0,8,66802,0.9998652916435916,0.0,0.0,0,0.0,0,5385,0,0,5385,1.0,0.0,0.0,0,0.0,0,600.0,165799,9,165790,0,9,0,72196,8,72188,0,8,0,0,horizon_control_001,48855900,True
toolagent_trace,0.02,4.0,"l1=0.02,l2x4",all,16,all16,evict_binary_600_recency,class_order,600.0,1,main,recency,reproduced,evict_binary_recency,3569307853,14277231411,83026370,9997,32176527,16678349,48854876,16678349,1536,3,255961,8,165791,165799,255969,58.88800406455994,1276.828125,910.7080078125,9333c20c01b1763c127153efacb71bf74ce219e1d1d04ebec6457580e1380032,9997,147,50849843,104856,16678349,32623,29945494,62380,0,0,0,0,0,0,0,0,0,0,14868,30,1536,3,297774,584,282906,554,4209596,9820,0,0,33872184,71646,29662588,61826,0,0,0,0,0,0,0,0,4224464,1536,16404,34169958,299310,8,8,75654,165791,72199,72274,31156,0.4359343993341014,0.43152952256956467,358454,150544,366069237760,153511399424,2.1620835871669755,0.20088014205607208,20.088014205607205,0.0018500146399270496,0.0,0.3586499084567951,40.79689862389503,0.0,0.0018500146399270496,0.3604999230967222,0.0,1.0,165799,8,165791,8,b4c41deacb75101b880e1305f88801603cd4b01941ce36a197c63d6a0de1a99c,9628438,9369024,4649,0.9732989400773002,72207,0,8,72199,0.9998892074175634,0.0,0.0,0,0.0,0,66793,0,8,66785,0.9998802269698921,0.0,0.0,0,0.0,0,5414,0,0,5414,1.0,0.0,0.0,0,0.0,0,600.0,165799,8,165791,0,8,0,72207,8,72199,0,8,0,0,horizon_control_001,48854876,True
toolagent_trace,0.02,4.0,"l1=0.02,l2x4",all,16,all16,evict_binary_600_recency,class_order,600.0,2,main,recency,reproduced,evict_binary_recency,3569307853,14277231411,83026370,9997,32176527,16678349,48854876,16678349,1536,3,255960,9,165793,165802,255969,59.14745116233826,1256.5859375,926.3037109375,7ea2f9a2d12e63ad4a5c17684cd6b1503840504b77dd71729c2462eaa3f3eebe,9997,147,50849843,104856,16678349,32623,29945494,62380,0,0,0,0,0,0,0,0,0,0,14868,30,1536,3,297774,584,282906,554,4209596,9820,0,0,33872184,71646,29662588,61826,0,0,0,0,0,0,0,0,4224464,1536,16404,34169958,299310,9,9,75656,165793,72181,72657,31267,0.43823925014928256,0.43317493523226336,356521,148282,364096661504,151116912640,2.1503983883517397,0.20088014205607208,20.088014205607205,0.0018500146399270496,0.0,0.3586499084567951,40.79689862389503,0.0,0.0018500146399270496,0.3604999230967222,0.0,1.0,165802,9,165793,9,f188fa94545c77b3a1bcf219d3b5be3a693636abc34d4528584168544d79b692,9626110,9367406,4607,0.9733640587942586,72190,0,9,72180,0.999861476658817,0.0,0.0,0,0.0,0,66819,0,9,66810,0.9998653077717415,0.0,0.0,0,0.0,0,5371,0,0,5370,0.9998138149320425,0.0,0.0,0,0.0,0,600.0,165802,9,165793,0,9,0,72190,9,72181,0,9,0,0,horizon_control_001,48854876,True
toolagent_trace,0.02,4.0,"l1=0.02,l2x4",all,16,all16,evict_binary_600_recency,class_order,600.0,3,main,recency,reproduced,evict_binary_recency,3569307853,14277231411,83026370,9997,32176527,16678349,48854876,16678349,3584,7,255961,8,165794,165802,255969,58.51925992965698,1245.83203125,889.0,31c3ae3a3228dd9df9cf7e3b7d37d083f9703c104dce0480a72ea4b629bf16ae,9997,147,50849843,104856,16678349,32623,29943446,62376,0,0,0,0,0,0,0,0,0,0,14868,30,3584,7,295726,580,280858,550,4209596,9820,0,0,33872184,71646,29662588,61826,0,0,0,0,0,0,0,0,4224464,3584,18452,34167910,299310,8,8,75660,165794,72174,72612,31234,0.43796518571239007,0.4327597195666029,361533,151001,369353146368,153971269632,2.1806157038252287,0.20088014205607208,20.088014205607205,0.004316700826496449,0.0,0.3561832222702257,40.79689862389503,0.0,0.004316700826496449,0.3604999230967222,0.0,1.0,165802,8,165794,8,3c6954ac3e1f05b9be54d94ce208716ae94a570bdd197500c0d27e217806f46b,9625399,9366052,4763,0.9733033924100185,72182,0,8,72173,0.9998753151755285,0.0,0.0,0,0.0,0,66817,0,8,66808,0.9998653037400661,0.0,0.0,0,0.0,0,5365,0,0,5365,1.0,0.0,0.0,0,0.0,0,600.0,165802,8,165794,0,8,0,72182,8,72174,0,8,0,0,horizon_control_001,48854876,True
toolagent_trace,0.02,4.0,"l1=0.02,l2x4",all,16,all16,evict_binary_600_recency,class_order,600.0,4,main,recency,reproduced,evict_binary_recency,3569307853,14277231411,83026370,9997,32176527,16678349,48854876,16678349,1024,2,255958,11,165782,165793,255969,59.1203498840332,1276.8359375,891.14453125,9f422f7df0ebca0ab506596f4bc64b4eb93c85c444ee7c7bd140d26fbac203ae,9997,147,50849843,104856,16678349,32623,29946006,62381,0,0,0,0,0,0,0,0,0,0,14868,30,1024,2,298286,585,283418,555,4209596,9820,0,0,33872184,71646,29662588,61826,0,0,0,0,0,0,0,0,4224464,1024,15892,34170470,299310,11,11,75653,165782,72177,72592,31159,0.4378762471197114,0.43170261994818293,358209,150177,365826199552,153089198080,2.160723118312,0.20088014205607208,20.088014205607205,0.0012333430932846999,0.0,0.3592665800034375,40.79689862389503,0.0,0.0012333430932846999,0.3604999230967222,0.0,1.0,165793,11,165782,11,1a451498be0365cc4422e52b188b44b3ae1646cffef49ce3603a6476d0b545c6,9626279,9365927,4832,0.9732050151465587,72188,0,11,72177,0.9998476201030643,0.0,0.0,0,0.0,0,66788,0,11,66777,0.999835299754447,0.0,0.0,0,0.0,0,5400,0,0,5400,1.0,0.0,0.0,0,0.0,0,600.0,165793,11,165782,0,11,0,72188,11,72177,0,11,0,0,horizon_control_001,48854876,True
