trace,l1_fraction,l2_multiplier,cell,eligibility,width,mechanism,arm,family,arm_parameter,seed,variant,h_star,order,l1_capacity_bytes,l2_capacity_bytes,requested_tokens,measured_requests,l1_avoided_tokens,l2_avoided_tokens,avoided_prefill_tokens,extra_avoided_tokens,l2_present_unusable_tokens,l2_present_unusable_blocks,l2_admissions,l2_rejections,l2_evictions,l2_decisions,l1_evictions,seconds,worker_peak_rss_mib,worker_pss_mib_end,counters_sha256,attribution_measured_requests,fully_served_requests,beyond_prefix_tokens,beyond_prefix_blocks,l2_hit_tokens,l2_hit_blocks_checked,downstream_absent_tokens,downstream_absent_blocks,unexplained_states,unexplained_after_promotion,root_rejected_tokens,root_rejected_blocks,unusable_after_rejected_tokens,unusable_after_rejected_blocks,absent_rejected_tokens,absent_rejected_blocks,downstream_rejected_tokens,downstream_rejected_blocks,root_evicted_tokens,root_evicted_blocks,unusable_after_evicted_tokens,unusable_after_evicted_blocks,absent_evicted_tokens,absent_evicted_blocks,downstream_evicted_tokens,downstream_evicted_blocks,root_compulsory_tokens,root_compulsory_blocks,unusable_after_compulsory_tokens,unusable_after_compulsory_blocks,absent_compulsory_tokens,absent_compulsory_blocks,downstream_compulsory_tokens,downstream_compulsory_blocks,root_unexplained_tokens,root_unexplained_blocks,unusable_after_unexplained_tokens,unusable_after_unexplained_blocks,absent_unexplained_tokens,absent_unexplained_blocks,downstream_unexplained_tokens,downstream_unexplained_blocks,root_loss_tokens,unusable_tokens,decision_loss_tokens,absent_loss_tokens,perblock_decision_loss_tokens,removal_rejections,removal_rejections_window,removal_promotions,resident_evictions,resident_evictions_window,evictions_with_orphans,evictions_with_orphans_window,share_evictions_with_orphans,share_evictions_with_orphans_window,orphaned_blocks,orphaned_blocks_window,orphaned_bytes,orphaned_bytes_window,orphaned_blocks_per_eviction,extra_fraction_of_input,extra_points,present_unusable_points,absent_rejected_points,absent_evicted_points,absent_compulsory_points,unusable_after_rejected_points,unusable_after_evicted_points,perblock_decision_loss_points,absent_rejected_share_of_decision_absent,absent_evicted_share_of_decision_absent,stat_decisions_seen,stat_rejections_seen,stat_evictions_seen,overridden_decisions_seen,decision_sha256,m1_pairs,m1_concordant,m1_tied,m1,stat_decisions,single_candidate_decisions,overridden_decisions,m2_agree,m2,m3_excess_sum,m3,m4_count,m4,m4_victim_at_horizon,stat_decisions_admission,single_candidate_decisions_admission,overridden_decisions_admission,m2_agree_admission,m2_admission,m3_excess_sum_admission,m3_admission,m4_count_admission,m4_admission,m4_victim_at_horizon_admission,stat_decisions_resident,single_candidate_decisions_resident,overridden_decisions_resident,m2_agree_resident,m2_resident,m3_excess_sum_resident,m3_resident,m4_count_resident,m4_resident,m4_victim_at_horizon_resident,class_horizon_seconds,class_decisions_seen,class_rejections_seen,class_resident_evictions_seen,class_violations_seen,class_overridden_seen,class_overridden_outside_admission_seen,class_decisions,class_rejections,class_resident_evictions,class_violations,class_overridden,class_overridden_outside_admission,class_m4_count_resident,reference_source,reference_avoided_prefill_tokens,reproduces_reference
conversation_trace,0.0025,1.0,"l1=0.0025,l2x1",leaf,16,leaf16,label_binary_60,horizon,60.0,0,main,60.0,,464360509,464360509,58742117,5183,2662942,4289721,6952663,4289721,0,0,265583,10249,244300,254549,275832,19.030960083007812,1245.7734375,807.1669921875,a922b98a928f574d6201a47d570829d038f471cdb3b14a7372592053e3c24952,5183,32,56079175,111981,4289721,8391,49248379,98439,0,0,40336,79,0,0,865708,1692,825372,1613,823911,1611,0,0,15885118,31039,15061207,29428,1676828,3461,0,0,35038628,70859,33361800,67398,0,0,0,0,0,0,0,0,2541075,0,864247,51789454,16750826,10249,6036,20841,244300,97553,0,0,0.0,0.0,0,0,0,0,0.0,0.07302632623880409,7.30263262388041,0.0,1.4737432769064145,27.04212720151029,59.64822139454048,0.0,0.0,28.515870478416705,0.05168151110876562,0.9483184888912344,254549,10249,244300,0,e1cedb293392b92622e9af91cd86839414084729435d5a7c3e83e5b1306b8fb0,11085261,7632798,512825,0.7116846865400823,103589,0,0,80999,0.7819266524437923,29588.155467467775,0.2856302837894735,21465,0.20721312108428502,53,8583,0,0,7394,0.8614703483630433,1514.9002140072264,0.17650008318853855,1071,0.1247815449143656,0,95006,0,0,73605,0.7747405427025662,28073.25525346092,0.29548928755511145,20394,0.2146601267288382,53,60.0,254549,10249,244300,0,0,0,103589,6036,97553,0,0,0,0,,,
conversation_trace,0.0025,1.0,"l1=0.0025,l2x1",leaf,16,leaf16,label_binary_60,horizon,60.0,1,main,60.0,,464360509,464360509,58742117,5183,2662942,4285113,6948055,4285113,0,0,265808,10024,244488,254512,275832,35.716089963912964,1258.51171875,793.513671875,5dba3b063f9db5d0c7a3687211892cafce8e06b4161a666250114b33626e3c99,5183,32,56079175,111981,4285113,8382,49253523,98448,0,0,40848,80,0,0,751532,1469,710684,1389,824423,1612,0,0,16003902,31271,15179479,29659,1675268,3459,0,0,35038628,70859,33363360,67400,0,0,0,0,0,0,0,0,2540539,0,865271,51794062,16755434,10024,5778,20878,244488,97821,0,0,0.0,0.0,0,0,0,0,0.0,0.0729478816706589,7.294788167065889,0.0,1.2793750691688555,27.24433986606237,59.64822139454048,0.0,0.0,28.523714935231226,0.044853030962969984,0.95514696903703,254512,10024,244488,0,d037ff63a62a27b14e29fc263580baa1a4d3a9bee3cb54806e7700d1c05d991f,11071176,7633610,514325,0.7127311949516474,103599,0,0,80904,0.7809341789013408,29772.88358594066,0.2873858201907418,21630,0.2087857990907248,53,8338,0,0,7162,0.8589589829695371,1578.8065693182923,0.18935075189713269,1092,0.13096665867114415,0,95261,0,0,73742,0.7741048277889168,28194.07701662264,0.2959666287003353,20538,0.21559714888569298,53,60.0,254512,10024,244488,0,0,0,103599,5778,97821,0,0,0,0,,,
conversation_trace,0.0025,1.0,"l1=0.0025,l2x1",leaf,16,leaf16,label_binary_60,horizon,60.0,2,main,60.0,,464360509,464360509,58742117,5183,2662942,4293817,6956759,4293817,0,0,266264,9568,244957,254525,275832,18.7653169631958,1254.6640625,866.0966796875,5ae05c3dbfbbede5da37117e63c75a6c7f58d8a38339000a5021d8ccef1d52e7,5183,32,56079175,111981,4293817,8399,49244527,98431,0,0,40336,79,0,0,787372,1539,747036,1460,825959,1615,0,0,15959358,31184,15133399,29569,1674536,3457,0,0,35038628,70859,33364092,67402,0,0,0,0,0,0,0,0,2540831,0,866295,51785358,16746730,9568,5591,20865,244957,97990,0,0,0.0,0.0,0,0,0,0,0.0,0.07309605474382205,7.309605474382205,0.0,1.340387511059569,27.168510116855337,59.64822139454048,0.0,0.0,28.50889762791491,0.04701646231831528,0.9529835376816848,254525,9568,244957,0,65f5d86fbe1005e22c7db93300273298507f6ae4c8e85bcb6c96e0ebd20d6ef8,11072286,7629854,516264,0.7124080790543164,103581,0,0,80902,0.7810505787740994,29671.91868695093,0.28646101782132755,21599,0.20852279858275166,46,8155,0,0,6890,0.8448804414469651,1623.6620452233603,0.19910018948171188,1168,0.14322501532801962,0,95426,0,0,74012,0.7755957495860667,28048.25664172781,0.2939267772067132,20431,0.21410307463374761,46,60.0,254525,9568,244957,0,0,0,103581,5591,97990,0,0,0,0,,,
conversation_trace,0.0025,1.0,"l1=0.0025,l2x1",leaf,16,leaf16,label_binary_60,horizon,60.0,3,main,60.0,,464360509,464360509,58742117,5183,2662942,4288697,6951639,4288697,0,0,266194,9638,244883,254521,275832,18.848840713500977,1261.39453125,888.9052734375,c1b4326f2834ad6ad0f87331057678d1a87cda997dc553ab6318c796a715af88,5183,32,56079175,111981,4288697,8389,49249642,98441,0,0,41360,81,0,0,759724,1485,718364,1404,822375,1608,0,0,15992126,31248,15169751,29640,1677101,3462,0,0,35038628,70859,33361527,67397,0,0,0,0,0,0,0,0,2540836,0,863735,51790478,16751850,9638,5386,20869,244883,98206,0,0,0.0,0.0,0,0,0,0,0.0,0.0730088941125496,7.3008894112549605,0.0,1.2933207701724472,27.224292920869704,59.64822139454048,0.0,0.0,28.517613691042154,0.04535164772845984,0.9546483522715402,254521,9638,244883,0,cb00e3713df46a8c393cf05a169aec64dcc34d262e4b409c4b2c908966d426c8,11079768,7626680,514288,0.7115513610032268,103592,0,0,80862,0.7805815120858753,29790.22626243286,0.28757265293104545,21629,0.20879025407367363,44,7923,0,0,6739,0.8505616559384072,1606.7191514523504,0.20279176466645846,1091,0.1377003660229711,0,95669,0,0,74123,0.7747859808297358,28183.507110980725,0.2945939344090638,20538,0.21467769078802956,44,60.0,254521,9638,244883,0,0,0,103592,5386,98206,0,0,0,0,,,
conversation_trace,0.0025,1.0,"l1=0.0025,l2x1",leaf,16,leaf16,label_binary_60,horizon,60.0,4,main,60.0,,464360509,464360509,58742117,5183,2662942,4284601,6947543,4284601,0,0,266298,9534,245013,254547,275832,18.827069997787476,1274.8984375,839.814453125,989178171906a8547e1266bf9fb79dc77dd203536e652e1c590398e3032bfaf8,5183,32,56079175,111981,4284601,8381,49253797,98449,0,0,39824,78,0,0,778156,1521,738332,1443,825447,1614,0,0,15977790,31220,15152343,29606,1675506,3459,0,0,35038628,70859,33363122,67400,0,0,0,0,0,0,0,0,2540777,0,865271,51794574,16755946,9534,5361,20843,245013,98238,0,0,0.0,0.0,0,0,0,0,0.0,0.07293916560753165,7.293916560753164,0.0,1.3246985974305283,27.19988794411342,59.64822139454048,0.0,0.0,28.52458654154395,0.04644058891094541,0.9535594110890546,254547,9534,245013,0,61d7fb170c882915c2bf6791d75e52f5d2f75e99a69392350d74c2f10e1ac73d,11071750,7642551,511408,0.7133700634497708,103599,0,0,80722,0.7791774051873087,30011.702966627734,0.28969104881927177,21803,0.21045569937933764,56,7942,0,0,6584,0.8290103248552002,1847.0045516033283,0.23256164084655356,1264,0.15915386552505667,0,95657,0,0,74138,0.775039986618857,28164.698415024814,0.29443426424647245,20539,0.2147150757393604,56,60.0,254547,9534,245013,0,0,0,103599,5361,98238,0,0,0,0,,,
conversation_trace,0.0025,1.0,"l1=0.0025,l2x1",leaf,16,leaf16,evict_binary_60_learned,class_order,60.0,0,main,60.0,learned,464360509,464360509,58742117,5183,2662942,4310104,6973046,4310104,0,0,186929,88903,165987,254890,275832,81.20662999153137,1261.39453125,940.8994140625,788ba1741482d6c8ea7eedadc13dc7dd8c6bab5c993976613b491b602275d2d2,5183,17,56079175,111981,4310104,8425,49212256,98390,0,0,186225,365,0,0,3699279,7233,3513054,6868,754890,1479,0,0,13031164,25464,12276274,23985,1615700,3322,0,0,35038628,70859,33422928,67537,0,0,0,0,0,0,0,0,2556815,0,941115,51769071,16730443,88903,31967,20500,165987,71582,0,0,0.0,0.0,0,0,0,0,0.0,0.07337331747849674,7.337331747849674,0.0,6.297490095564653,22.18368125888279,59.64822139454048,0.0,0.0,28.48117135444744,0.22111064243786013,0.7788893575621398,254890,88903,165987,30665,ef8913040e112ec83dd780219bbe0cf23e6e172e40545536ee793a7908ea404d,13046595,9251588,5577,0.7093327032838836,103549,0,13432,9741,0.0940714058078784,30773.284299065162,0.2971857217265755,21746,0.21000685665723473,11,53535,0,13432,4664,0.08712057532455403,14687.994179178668,0.27436245781598334,9849,0.18397310170916223,0,50014,0,0,5077,0.10151157675850762,16085.290119886251,0.32161574998772846,11897,0.23787339544927422,11,60.0,254890,88903,165987,0,30665,0,103549,31967,71582,0,13432,0,0,,,
conversation_trace,0.0025,1.0,"l1=0.0025,l2x1",leaf,16,leaf16,evict_binary_60_learned,class_order,60.0,1,main,60.0,learned,464360509,464360509,58742117,5183,2662942,4292985,6955927,4292985,0,0,187747,88085,166761,254846,275832,81.3500235080719,1278.76171875,948.8701171875,55699ca50558b9a25179f0fbd43799882a44c06f9663e34ea97b0d4fbecb7025,5183,17,56079175,111981,4292985,8391,49228780,98424,0,0,175921,346,0,0,3674307,7186,3498386,6840,761255,1491,0,0,13073255,25545,12312000,24054,1620234,3329,0,0,35038628,70859,33418394,67530,0,0,0,0,0,0,0,0,2557410,0,937176,51786190,16747562,88085,31545,20544,166761,72038,0,0,0.0,0.0,0,0,0,0,0.0,0.07308189114124028,7.308189114124028,0.0,6.254978859546379,22.255335128626704,59.64822139454048,0.0,0.0,28.510313988173085,0.2193935451619764,0.7806064548380236,254846,88085,166761,30971,96da97ea8106ba9e989b76c4cce689d2b02dd0fa42c0ca04691fc4b6cab93ef5,13057362,9264570,5391,0.7097348989788289,103583,0,13168,9516,0.09186835677669115,30856.86854768516,0.2978951039039723,21919,0.21160808240734483,5,53017,0,13168,4394,0.08287907652262481,14540.472425625523,0.2742605659623427,9756,0.18401644755455798,0,50566,0,0,5122,0.10129335917414864,16316.396122059683,0.3226752387386719,12163,0.24053711980382075,5,60.0,254846,88085,166761,0,30971,0,103583,31545,72038,0,13168,0,0,,,
conversation_trace,0.0025,1.0,"l1=0.0025,l2x1",leaf,16,leaf16,evict_binary_60_learned,class_order,60.0,2,main,60.0,learned,464360509,464360509,58742117,5183,2662942,4307283,6970225,4307283,0,0,189324,86508,168216,254724,275832,80.22149205207825,1260.72265625,990.0029296875,d16cafba3cc55ff59e107eef418c32de83d09524445403b327e8443441fadeea,5183,20,56079175,111981,4307283,8420,49215917,98398,0,0,178452,351,0,0,3762975,7358,3584523,7007,757454,1483,0,0,12970289,25344,12212835,23861,1620069,3329,0,0,35038628,70859,33418559,67530,0,0,0,0,0,0,0,0,2555975,0,935906,51771892,16733264,86508,30563,20666,168216,72991,0,0,0.0,0.0,0,0,0,0,0.0,0.07332529401349291,7.332529401349291,0.0,6.4059233684070325,22.08005033254079,59.64822139454048,0.0,0.0,28.485973700947824,0.22487991583710149,0.7751200841628986,254724,86508,168216,31116,0e202be43b6182c209c1ad68a138719851b64bf9c2578c52fcc73a94bb45e7a8,13026547,9220250,9402,0.7081654869859219,103554,0,13402,9719,0.09385441412210055,30716.070893802735,0.2966188741507111,21675,0.20931108407207832,13,52204,0,13402,4370,0.08371006053176001,14630.912579458918,0.2802642054145069,9726,0.18630756263887824,0,51350,0,0,5349,0.10416747809152872,16085.158314343418,0.31324553679344536,11949,0.23269717624148004,13,60.0,254724,86508,168216,0,31116,0,103554,30563,72991,0,13402,0,0,,,
conversation_trace,0.0025,1.0,"l1=0.0025,l2x1",leaf,16,leaf16,evict_binary_60_learned,class_order,60.0,3,main,60.0,learned,464360509,464360509,58742117,5183,2662942,4306152,6969094,4306152,0,0,188455,87377,167426,254803,275832,80.8684434890747,1258.51171875,934.580078125,da265b7ca50f5f17094802dc054db770594a4295be2486f74e75688bdc326645,5183,19,56079175,111981,4306152,8418,49217701,98399,0,0,184475,363,0,0,3848972,7525,3664497,7162,751444,1472,0,0,12885423,25179,12133979,23707,1619403,3329,0,0,35038628,70859,33419225,67530,0,0,0,0,0,0,0,0,2555322,0,935919,51773023,16734395,87377,31383,20587,167426,72173,0,0,0.0,0.0,0,0,0,0,0.0,0.07330604036623331,7.330604036623331,0.0,6.552320884179234,21.93557818149455,59.64822139454048,0.0,0.0,28.487899065673783,0.2300036541506281,0.7699963458493719,254803,87377,167426,31261,f176492c08d5e04225db34c8ad0a5532dac6f27faef4188febd2da5c61150927,13044955,9261116,6478,0.7101868116831372,103556,0,13625,9855,0.09516590057553401,30787.084183127685,0.2972988931894597,21636,0.20893043377496234,3,53415,0,13625,4629,0.08666105026677899,15064.935944479199,0.28203568182119626,10052,0.1881868389029299,0,50141,0,0,5226,0.10422608244749805,15722.14823864832,0.3135587291567444,11584,0.23102849963104047,3,60.0,254803,87377,167426,0,31261,0,103556,31383,72173,0,13625,0,0,,,
conversation_trace,0.0025,1.0,"l1=0.0025,l2x1",leaf,16,leaf16,evict_binary_60_learned,class_order,60.0,4,main,60.0,learned,464360509,464360509,58742117,5183,2662942,4346499,7009441,4346499,0,0,189614,86218,168504,254722,275832,80.92951846122742,1279.10546875,997.8779296875,55973cb2833e0ee8e1669cf56c369cbc0a282c68c3be8909590e9407c642b180,5183,18,56079175,111981,4346499,8496,49177637,98320,0,0,170790,336,0,0,3633600,7104,3462810,6768,764514,1498,0,0,13060448,25522,12295934,24024,1619735,3331,0,0,35038628,70859,33418893,67528,0,0,0,0,0,0,0,0,2555039,0,935304,51732676,16694048,86218,30541,20668,168504,72937,0,0,0.0,0.0,0,0,0,0,0.0,0.07399288997364531,7.399288997364532,0.0,6.1856810506165445,22.233533054316037,59.64822139454048,0.0,0.0,28.419214104932582,0.21765841334588232,0.7823415866541177,254722,86218,168504,31692,952ea4fb2d5d7e5652f520b56d643276a9b9eba3a12046758d2df98046217386,13025709,9207252,6099,0.7070863858543132,103478,0,13670,9228,0.0891783760799397,30481.607231025246,0.2945708965289747,21777,0.210450530547556,5,52795,0,13670,4192,0.07940145847144615,14637.029423629856,0.27724272040211867,9873,0.18700634529785018,0,50683,0,0,5036,0.09936270544363988,15844.577807395048,0.31262115122220563,11904,0.23487165321705503,5,60.0,254722,86218,168504,0,31692,0,103478,30541,72937,0,13670,0,0,,,
conversation_trace,0.0025,1.0,"l1=0.0025,l2x1",leaf,16,leaf16,evict_binary_60_recency,class_order,60.0,0,main,60.0,recency,464360509,464360509,58742117,5183,2662942,4259016,6921958,4259016,0,0,271521,4311,250311,254622,275832,47.90951585769653,1260.72265625,871.13671875,ed7ae800d80f24781b2073649033650e8059a4b274834e0ab71d65aedbc87088,5183,25,56079175,111981,4259016,8329,49276067,98494,0,0,6015,13,0,0,108049,214,102034,201,863735,1689,0,0,16673482,32579,15809747,30890,1674342,3456,0,0,35038628,70859,33364286,67403,0,0,0,0,0,0,0,0,2544092,0,869750,51820159,16781531,4311,1872,20768,250311,101778,0,0,0.0,0.0,0,0,0,0,0.0,0.07250361780458134,7.2503617804581335,0.0,0.1839378720382175,28.38420344980076,59.64822139454048,0.0,0.0,28.56814132183898,0.0064385663024428465,0.9935614336975571,254622,4311,250311,8755,384cf1799a6ee0316f65762ddc482f86c54f4d7c68963e9976f3b4d0f4caa276,11167211,7696474,558120,0.7141921111726106,103650,0,4485,77596,0.7486348287506029,31388.4604815744,0.3028312636910217,22538,0.2174433188615533,32,7906,0,4485,3422,0.43283582089552236,3148.60559497889,0.39825519794825326,1706,0.21578547938274728,0,95744,0,0,74174,0.7747117312834224,28239.854886595786,0.2949516929164834,20832,0.21758021390374332,32,60.0,254622,4311,250311,0,8755,0,103650,1872,101778,0,4485,0,0,,,
conversation_trace,0.0025,1.0,"l1=0.0025,l2x1",leaf,16,leaf16,evict_binary_60_recency,class_order,60.0,1,main,60.0,recency,464360509,464360509,58742117,5183,2662942,4257594,6920536,4257594,0,0,271601,4231,250397,254628,275832,22.66339349746704,1247.6953125,904.056640625,e76f4672ac43fb7beeddf028162f9805ff2c7516ffd79abf76911288c5aca62f,5183,26,56079175,111981,4257594,8327,49277918,98497,0,0,6015,13,0,0,74653,148,68638,135,861175,1684,0,0,16708300,32647,15847125,30963,1676473,3460,0,0,35038628,70859,33362155,67399,0,0,0,0,0,0,0,0,2543663,0,867190,51821581,16782953,4231,1626,20762,250397,102029,0,0,0.0,0.0,0,0,0,0,0.0,0.07247941030113028,7.247941030113028,0.0,0.12708598840589963,28.443476083778187,59.64822139454048,0.0,0.0,28.570562072184085,0.004448144495191043,0.995551855504809,254628,4231,250397,8793,abe52d53c6b3b2d3a538d3ffc48ec52893ad426e8520303439f462610def0827,11166376,7696844,550213,0.7139245982761103,103655,0,4325,77741,0.7499975881530075,31357.67674103796,0.30251967334945695,22527,0.21732670879359414,46,7553,0,4325,3255,0.4309545875810936,3009.564616760963,0.3984595017557213,1658,0.21951542433470145,0,96102,0,0,74486,0.7750723189944018,28348.11212427724,0.2949794189952055,20869,0.2171546898087449,46,60.0,254628,4231,250397,0,8793,0,103655,1626,102029,0,4325,0,0,,,
conversation_trace,0.0025,1.0,"l1=0.0025,l2x1",leaf,16,leaf16,evict_binary_60_recency,class_order,60.0,2,main,60.0,recency,464360509,464360509,58742117,5183,2662942,4256020,6918962,4256020,0,0,271239,4593,250031,254624,275832,22.64665174484253,1245.7734375,946.6484375,c74af062d4ae181b0481bf3e51a0244388b38868e43f31ca02d525fa66516b94,5183,27,56079175,111981,4256020,8324,49279941,98501,0,0,6565,14,0,0,105846,209,99281,195,861687,1685,0,0,16678681,32589,15816994,30904,1674962,3457,0,0,35038628,70859,33363666,67402,0,0,0,0,0,0,0,0,2543214,0,868252,51823155,16784527,4593,1751,20766,250031,101907,0,0,0.0,0.0,0,0,0,0,0.0,0.07245261521643832,7.245261521643831,0.0,0.18018758159499088,28.393053999058292,59.64822139454048,0.0,0.0,28.57324158065328,0.006306165196076124,0.9936938348039239,254624,4593,250031,8602,d1697b73fc4d48a1b2218297417778b215bf131bd649c480546a6abdfefaf33f,11146990,7705152,547575,0.7157931872191506,103658,0,4203,77842,0.7509502402130082,31216.559967138986,0.30114954916300707,22451,0.2165872388045303,49,7590,0,4203,3376,0.4447957839262187,2925.205730982511,0.38540259960243883,1616,0.21291172595520422,0,96068,0,0,74466,0.7751384436024482,28291.35423615668,0.29449300741304785,20835,0.21687762834658783,49,60.0,254624,4593,250031,0,8602,0,103658,1751,101907,0,4203,0,0,,,
conversation_trace,0.0025,1.0,"l1=0.0025,l2x1",leaf,16,leaf16,evict_binary_60_recency,class_order,60.0,3,main,60.0,recency,464360509,464360509,58742117,5183,2662942,4283706,6946648,4283706,0,0,270861,4971,249641,254612,275832,22.775156021118164,1274.8984375,959.4482421875,639c1b8dd8a99b0593f3e2c51f2c1069c66e95503fc9055ab7976e01c33e6f5d,5183,26,56079175,111981,4283706,8378,49251795,98446,0,0,7039,15,0,0,163741,322,156702,307,861687,1685,0,0,16593100,32422,15731413,30737,1674948,3457,0,0,35038628,70859,33363680,67402,0,0,0,0,0,0,0,0,2543674,0,868726,51795469,16756841,4971,2253,20778,249641,101351,0,0,0.0,0.0,0,0,0,0,0.0,0.07292392952061977,7.292392952061976,0.0,0.2787454868199592,28.247364663415176,59.64822139454048,0.0,0.0,28.526110150235137,0.009771591196693935,0.9902284088033061,254612,4971,249641,8826,99bef5493c91268c5f0400057d206de99db2db4832acb805558bb05662a681cd,11153544,7698050,557086,0.7151621941868881,103604,0,4264,77659,0.7495753059727424,31477.508653811845,0.303825225414191,22646,0.21858229411991814,54,8004,0,4264,3657,0.45689655172413796,3158.0308771050063,0.3945565813474521,1720,0.21489255372313842,0,95600,0,0,74002,0.7740794979079498,28319.47777670698,0.2962288470366839,20926,0.21889121338912135,54,60.0,254612,4971,249641,0,8826,0,103604,2253,101351,0,4264,0,0,,,
conversation_trace,0.0025,1.0,"l1=0.0025,l2x1",leaf,16,leaf16,evict_binary_60_recency,class_order,60.0,4,main,60.0,recency,464360509,464360509,58742117,5183,2662942,4275514,6938456,4275514,0,0,270986,4846,249776,254622,275832,34.60257029533386,1279.10546875,962.791015625,4b75be33c212cf96f7f941c5c4e1be7a7b4370d5edcc07a4a9035c566094f0c1,5183,26,56079175,111981,4275514,8362,49259273,98462,0,0,7039,15,0,0,109981,217,102942,202,862199,1686,0,0,16655052,32543,15792853,30857,1675150,3456,0,0,35038628,70859,33363478,67403,0,0,0,0,0,0,0,0,2544388,0,869238,51803661,16765033,4846,2117,20768,249776,101503,0,0,0.0,0.0,0,0,0,0,0.0,0.07278447251058384,7.278447251058385,0.0,0.18722682398388876,28.352829027254838,59.64822139454048,0.0,0.0,28.54005585123873,0.006560142172103091,0.9934398578278969,254622,4846,249776,8795,47401084adf8e845886615711c9891bf8d3abf29013d562287578ed25bbff114,11157876,7692853,555623,0.7143532066497243,103620,0,4310,77694,0.7497973364215402,31261.309796509977,0.30169185289046496,22532,0.21744836904072573,53,7884,0,4310,3623,0.4595383054287164,2918.6504623132396,0.37019919613308466,1590,0.20167427701674276,0,95736,0,0,74071,0.7737005932982368,28342.659334197077,0.2960501727061615,20942,0.21874738865212667,53,60.0,254622,4846,249776,0,8795,0,103620,2117,101503,0,4310,0,0,,,
conversation_trace,0.0025,1.0,"l1=0.0025,l2x1",leaf,16,leaf16,label,reproduction_anchor,,0,main,60.0,,464360509,464360509,58742117,5183,2662942,5420992,8083934,5420992,0,0,162492,113340,135861,249201,275832,20.840153694152832,1254.6640625,770.9638671875,0386594b29e1bd019085de5092cbe6022e435a62a259aa6fb206ba43f2d7b93f,5183,30,56079175,111981,5420992,10600,48117575,96228,0,0,224636,439,0,0,4905495,9582,4680859,9143,612569,1200,0,0,10714060,20940,10101491,19740,1703403,3514,0,0,35038628,70859,33335225,67345,0,0,0,0,0,0,0,0,2540608,0,837205,50658183,15619555,113340,44229,26189,135861,57145,0,0,0.0,0.0,0,0,0,0,0.0,0.09228458688337705,9.228458688337705,0.0,8.350899236403073,18.239145177556335,59.64822139454048,0.0,0.0,26.590044413959408,0.3140611240204987,0.6859388759795013,249201,113340,135861,0,2d63a424ac58421fe65716a9d179faccdc408827736e7db976541f6c83d8134f,12537746,12537746,0,1.0,101374,0,0,101374,1.0,0.0,0.0,0,0.0,0,46607,0,0,46607,1.0,0.0,0.0,0,0.0,0,54767,0,0,54767,1.0,0.0,0.0,0,0.0,0,,,,,,,,,,,,,,,mechanism_control_001,8083934,True
conversation_trace,0.0025,1.0,"l1=0.0025,l2x1",leaf,16,leaf16,label,reproduction_anchor,,1,main,60.0,,464360509,464360509,58742117,5183,2662942,5420354,8083296,5420354,0,0,161998,113834,135389,249223,275832,20.58848261833191,1279.10546875,915.3134765625,d6f7f2027f60ac1edb8684e3668e548009ec459bff5fd247d8bc813b17343cab,5183,31,56079175,111981,5420354,10600,48118468,96229,0,0,225660,441,0,0,4894100,9560,4668440,9119,620108,1214,0,0,10726093,20962,10105985,19748,1694585,3497,0,0,35038628,70859,33344043,67362,0,0,0,0,0,0,0,0,2540353,0,845768,50658821,15620193,113834,43851,26167,135389,57523,0,0,0.0,0.0,0,0,0,0,0.0,0.09227372585158958,9.227372585158959,0.0,8.331500888876715,18.25962962826144,59.64822139454048,0.0,0.0,26.591130517138154,0.31331879189969036,0.6866812081003096,249223,113834,135389,0,e968e216bf2b8e8e5403b533d047e949a1d88af59a556b3e00620089f6058c04,12535784,12535784,0,1.0,101374,0,0,101374,1.0,0.0,0.0,0,0.0,0,46166,0,0,46166,1.0,0.0,0.0,0,0.0,0,55208,0,0,55208,1.0,0.0,0.0,0,0.0,0,,,,,,,,,,,,,,,mechanism_control_001,8083296,True
conversation_trace,0.0025,1.0,"l1=0.0025,l2x1",leaf,16,leaf16,label,reproduction_anchor,,2,main,60.0,,464360509,464360509,58742117,5183,2662942,5420354,8083296,5420354,0,0,163064,112768,136431,249199,275832,20.985788345336914,1281.3046875,661.8583984375,904ca1785acd6dc43800aef9b64d9137c56ac5dbe2c55e17e82299cf9c19a216,5183,31,56079175,111981,5420354,10600,48119527,96229,0,0,225148,440,0,0,4932119,9634,4706971,9194,609614,1194,0,0,10688074,20888,10078460,19694,1704532,3518,0,0,35038628,70859,33334096,67341,0,0,0,0,0,0,0,0,2539294,0,834762,50658821,15620193,112768,44415,26191,136431,56959,0,0,0.0,0.0,0,0,0,0,0.0,0.09227372585158958,9.227372585158959,0.0,8.396222764664746,18.19490775247341,59.64822139454048,0.0,0.0,26.591130517138154,0.31575275670409453,0.6842472432959055,249199,112768,136431,0,87da52bcbbef0ca0e45c8bf036ae4adf04349bd54333a2ba88c3f723619e140a,12545637,12545637,0,1.0,101374,0,0,101374,1.0,0.0,0.0,0,0.0,0,46833,0,0,46833,1.0,0.0,0.0,0,0.0,0,54541,0,0,54541,1.0,0.0,0.0,0,0.0,0,,,,,,,,,,,,,,,mechanism_control_001,8083296,True
conversation_trace,0.0025,1.0,"l1=0.0025,l2x1",leaf,16,leaf16,label,reproduction_anchor,,3,main,60.0,,464360509,464360509,58742117,5183,2662942,5416765,8079707,5416765,0,0,163596,112236,137017,249253,275832,20.698593378067017,1247.6953125,757.3798828125,ab9016ee95f01e69f1c9ada5037c18654a70587b5355126108309beb5745e5bd,5183,31,56079175,111981,5416765,10593,48121421,96236,0,0,216956,424,0,0,4980911,9730,4763955,9306,619601,1213,0,0,10642871,20799,10023270,19586,1704432,3515,0,0,35038628,70859,33334196,67344,0,0,0,0,0,0,0,0,2540989,0,836557,50662410,15623782,112236,43261,26137,137017,58120,0,0,0.0,0.0,0,0,0,0,0.0,0.09221262829189489,9.22126282918949,0.0,8.479284122497662,18.117956150609963,59.64822139454048,0.0,0.0,26.597240273107623,0.31880315534356535,0.6811968446564347,249253,112236,137017,0,4998a5e54c0abee2b9084b0230d361189f16f791e80b2cf045dc0ea8513bb705,12516153,12516153,0,1.0,101381,0,0,101381,1.0,0.0,0.0,0,0.0,0,45639,0,0,45639,1.0,0.0,0.0,0,0.0,0,55742,0,0,55742,1.0,0.0,0.0,0,0.0,0,,,,,,,,,,,,,,,mechanism_control_001,8079707,True
conversation_trace,0.0025,1.0,"l1=0.0025,l2x1",leaf,16,leaf16,label,reproduction_anchor,,4,main,60.0,,464360509,464360509,58742117,5183,2662942,5405387,8068329,5405387,0,0,163283,112549,136662,249211,275832,20.800832509994507,1260.72265625,658.0224609375,9ef5ef60fc0cf853a262647a4c09163f56276a0ec2ec105e44f7ac5f0a9abf99,5183,30,56079175,111981,5405387,10570,48132644,96258,0,0,216444,423,0,0,4882431,9537,4665987,9114,621807,1218,0,0,10752729,21015,10130922,19797,1702893,3512,0,0,35038628,70859,33335735,67347,0,0,0,0,0,0,0,0,2541144,0,838251,50673788,15635160,112549,43174,26179,136662,58230,0,0,0.0,0.0,0,0,0,0,0.0,0.09201893421716484,9.201893421716484,0.0,8.311636095784563,18.304973584796066,59.64822139454048,0.0,0.0,26.61660968058063,0.31227253190885157,0.6877274680911484,249211,112549,136662,0,7ec1c3c270e688e59aa5f5e74be5ece3260215e6a8a4162b479423151b4c834f,12527099,12527099,0,1.0,101404,0,0,101404,1.0,0.0,0.0,0,0.0,0,45546,0,0,45546,1.0,0.0,0.0,0,0.0,0,55858,0,0,55858,1.0,0.0,0.0,0,0.0,0,,,,,,,,,,,,,,,mechanism_control_001,8068329,True
conversation_trace,0.0025,4.0,"l1=0.0025,l2x4",leaf,16,leaf16,label_binary_150,horizon,150.0,0,main,150.0,,464360509,1857442038,58742117,5183,2662942,10793745,13456687,10793745,0,0,275614,218,222856,223074,275832,22.52178978919983,1260.72265625,779.84375,d6ec7bcb44c5bcd99f43ae7e0f29cc554cea033c2a711fef60a116cc1b0fd621,5183,43,56079175,111981,10793745,21100,42767553,85741,0,0,0,0,0,0,5632,11,5632,11,562400,1101,0,0,10241170,20011,9678770,18910,1955477,4039,0,0,35038628,70859,33083151,66820,0,0,0,0,0,0,0,0,2517877,0,562400,45285430,10246802,218,168,50963,222856,90686,0,0,0.0,0.0,0,0,0,0,0.0,0.1837479742175448,18.37479742175448,0.0,0.009587669439969282,17.434118011102665,59.64822139454048,0.0,0.0,17.443705680542635,0.000549634900723172,0.9994503650992769,223074,218,222856,0,0425e7517c1e7e4aa15c0d0edfd0111cd386a1e95559715dd4becf717aecadc4,10642050,7437410,174730,0.707079463073374,90854,0,0,78620,0.8653443987056156,10474.774882973416,0.11529239090159393,10571,0.11635150901446277,34,2487,0,0,2216,0.8910333735424206,198.06491594760587,0.07964009487237872,270,0.10856453558504221,0,88367,0,0,76404,0.8646214084443288,10276.709967025818,0.11629578877890862,10301,0.1165706655199339,34,150.0,223074,218,222856,0,0,0,90854,168,90686,0,0,0,0,,,
conversation_trace,0.0025,4.0,"l1=0.0025,l2x4",leaf,16,leaf16,label_binary_150,horizon,150.0,1,main,150.0,,464360509,1857442038,58742117,5183,2662942,10770743,13433685,10770743,0,0,275586,246,222917,223163,275832,22.43378186225891,1247.6953125,849.5009765625,0b593058db4291d3f790b65ec703f09b95384c1705880752136fbbe044a9b116,5183,45,56079175,111981,10770743,21056,42789195,85787,0,0,0,0,0,0,4096,8,4096,8,568506,1112,0,0,10265708,20058,9697202,18946,1950731,4026,0,0,35038628,70859,33087897,66833,0,0,0,0,0,0,0,0,2519237,0,568506,45308432,10269804,246,184,50872,222917,90714,0,0,0.0,0.0,0,0,0,0,0.0,0.18335639827212902,18.3356398272129,0.0,0.006972850501795841,17.475890424582417,59.64822139454048,0.0,0.0,17.482863275084213,0.00039883915992943976,0.9996011608400706,223163,246,222917,0,07758206607ad7d168b4f8a5b7e829bb25fae828d3f1d09265f678c080a5bbee,10649821,7439682,175606,0.7068179831379325,90898,0,0,78596,0.8646614887016216,10535.435035743882,0.1159039256721147,10573,0.11631719069726507,44,2535,0,0,2252,0.8883629191321499,219.10094242239256,0.08643035204039154,286,0.11282051282051282,3,88363,0,0,76344,0.8639815307311884,10316.334093321471,0.11674947764699559,10287,0.11641750506433689,41,150.0,223163,246,222917,0,0,0,90898,184,90714,0,0,0,0,,,
conversation_trace,0.0025,4.0,"l1=0.0025,l2x4",leaf,16,leaf16,label_binary_150,horizon,150.0,2,main,150.0,,464360509,1857442038,58742117,5183,2662942,10773563,13436505,10773563,0,0,275628,204,222925,223129,275832,22.505492687225342,1245.7734375,899.2802734375,3f9b2b79f9d2eecb8d5ba25d028747dc22d4962706bd263ffa670bdf821c1f71,5183,42,56079175,111981,10773563,21060,42785927,85780,0,0,1024,2,0,0,3731,8,2707,6,565984,1108,0,0,10263253,20054,9697269,18946,1952677,4031,0,0,35038628,70859,33085951,66828,0,0,0,0,0,0,0,0,2519685,0,567008,45305612,10266984,204,145,50908,222925,90750,0,0,0.0,0.0,0,0,0,0,0.0,0.18340440471357203,18.340440471357205,0.0,0.006351490532763741,17.471711140407145,59.64822139454048,0.0,0.0,17.47806263093991,0.0003633978586116429,0.9996366021413884,223129,204,222925,0,ed0cb2c10678ef1fdc2167c8c08a9a00d0e1550bd8489599adb14c214b6352d2,10644989,7454512,175444,0.7085243582684773,90895,0,0,78617,0.8649210627647286,10517.272766334718,0.11570793515963164,10564,0.1162220144122339,35,2476,0,0,2187,0.8832794830371568,209.32928633357605,0.08454333050629081,290,0.11712439418416801,1,88419,0,0,76430,0.8644069713523111,10307.943480001119,0.11658063855055043,10274,0.11619674504348614,34,150.0,223129,204,222925,0,0,0,90895,145,90750,0,0,0,0,,,
conversation_trace,0.0025,4.0,"l1=0.0025,l2x4",leaf,16,leaf16,label_binary_150,horizon,150.0,3,main,150.0,,464360509,1857442038,58742117,5183,2662942,10774786,13437728,10774786,0,0,275607,225,222920,223145,275832,46.75850558280945,1258.51171875,661.833984375,cd0cd01d74a0d9ef866dda0274f44782b092a1941729f15adb338c1029268ab2,5183,43,56079175,111981,10774786,21063,42783643,85778,0,0,0,0,0,0,1536,3,1536,3,571119,1118,0,0,10264225,20056,9693106,18938,1949627,4022,0,0,35038628,70859,33089001,66837,0,0,0,0,0,0,0,0,2520746,0,571119,45304389,10265761,225,155,50891,222920,90736,0,0,0.0,0.0,0,0,0,0,0.0,0.1834252245284248,18.34252245284248,0.0,0.0026148189381734405,17.47336583051646,59.64822139454048,0.0,0.0,17.475980649454634,0.00014962358854837943,0.9998503764114516,223145,225,222920,0,1677a9336a391cf35b5fd187ddfd9d2c77e505c67db7e1f0371e89eab24613e5,10643812,7452697,175964,0.7084566131006448,90891,0,0,78582,0.864574050235997,10514.836095316492,0.115686218605984,10599,0.11661220582895997,30,2494,0,0,2202,0.8829190056134724,221.61821958844413,0.08886055316296877,294,0.11788291900561347,2,88397,0,0,76380,0.8640564725047231,10293.217875728027,0.11644306792909292,10305,0.11657635440116745,28,150.0,223145,225,222920,0,0,0,90891,155,90736,0,0,0,0,,,
conversation_trace,0.0025,4.0,"l1=0.0025,l2x4",leaf,16,leaf16,label_binary_150,horizon,150.0,4,main,150.0,,464360509,1857442038,58742117,5183,2662942,10789634,13452576,10789634,0,0,275596,236,222861,223097,275832,46.4241738319397,1278.76171875,889.1923828125,245de3b74ba6d7c9cc5869bf62465e9e3b2d22feba9cc6dba26c4d42a6a76131,5183,43,56079175,111981,10789634,21092,42769827,85749,0,0,0,0,0,0,2048,4,2048,4,565487,1107,0,0,10248865,20026,9683378,18919,1954227,4033,0,0,35038628,70859,33084401,66826,0,0,0,0,0,0,0,0,2519714,0,565487,45289541,10250913,236,162,50940,222861,90701,0,0,0.0,0.0,0,0,0,0,0.0,0.18367799035911492,18.367799035911492,0.0,0.0034864252508979205,17.447217641134724,59.64822139454048,0.0,0.0,17.450704066385622,0.0001997870823798817,0.9998002129176201,223097,236,222861,0,3a066cde99aab1b9f664f767a9457109b4de9f25e3e59e2722ecc1dbfba7580d,10646045,7437098,176048,0.7068467210123571,90863,0,0,78627,0.8653357252126829,10416.647693326684,0.1146412477391973,10518,0.11575668864114105,26,2480,0,0,2189,0.8826612903225807,210.4105820967187,0.08484297665190271,288,0.11612903225806452,1,88383,0,0,76438,0.8648495751445414,10206.237111229952,0.11547737812961714,10230,0.11574624079291267,25,150.0,223097,236,222861,0,0,0,90863,162,90701,0,0,0,0,,,
conversation_trace,0.0025,4.0,"l1=0.0025,l2x4",leaf,16,leaf16,evict_binary_150_learned,class_order,150.0,0,main,150.0,learned,464360509,1857442038,58742117,5183,2662942,10986045,13648987,10986045,0,0,255014,20818,201503,222321,275832,64.835209608078,1245.7734375,990.962890625,583a9c54a81046f6022df2165347f7b78940e14b4c74447c949002fbd0ba1696,5183,21,56079175,111981,10986045,21466,42550992,85353,0,0,75780,152,0,0,667732,1313,591952,1161,671650,1314,0,0,9386770,18343,8715120,17029,1794708,3696,0,0,35038628,70859,33243920,67163,0,0,0,0,0,0,0,0,2542138,0,747430,45093130,10054502,20818,8269,51740,201503,82239,0,0,0.0,0.0,0,0,0,0,0.0,0.18702160495850023,18.702160495850023,0.0,1.1367176297034034,15.979624976743688,59.64822139454048,0.0,0.0,17.11634260644709,0.06641124543015656,0.9335887545698435,222321,20818,201503,6776,b0a23d06cc5cffb0fea6c009ad1e2612945dbf0976c2085dabc9e64501ffa119,11026229,7275547,2670,0.6599610800755181,90508,0,2800,15547,0.17177487072965925,9225.18890979891,0.10192677895654428,9325,0.10302956644716489,22,15153,0,2800,1372,0.09054312677357619,1812.9673809611309,0.11964412201947673,1493,0.09852834422226622,0,75355,0,0,14175,0.18810961449140734,7412.22152883771,0.09836403063947595,7832,0.10393470904385907,22,150.0,222321,20818,201503,0,6776,0,90508,8269,82239,0,2800,0,0,,,
conversation_trace,0.0025,4.0,"l1=0.0025,l2x4",leaf,16,leaf16,evict_binary_150_learned,class_order,150.0,1,main,150.0,learned,464360509,1857442038,58742117,5183,2662942,10970785,13633727,10970785,0,0,255306,20526,201942,222468,275832,65.02679204940796,1261.39453125,941.0751953125,5f6798ef1a1d8669f35da29ff97e09c9ffda1f9b3bbadb9e7355a130c66e945e,5183,19,56079175,111981,10970785,21435,42564533,85382,0,0,72579,146,0,0,604256,1189,531677,1043,662675,1297,0,0,9465506,18498,8802831,17201,1808603,3721,0,0,35038628,70859,33230025,67138,0,0,0,0,0,0,0,0,2543857,0,735254,45108390,10069762,20526,7881,51593,201942,82658,0,0,0.0,0.0,0,0,0,0,0.0,0.18676182542076242,18.67618254207624,0.0,1.0286588751985224,16.11366168502235,59.64822139454048,0.0,0.0,17.14232056022087,0.06000697931093108,0.9399930206890689,222468,20526,201942,6611,466ceb59c3cf03b712bd99186edec5ac30e68c4f1b479e4ef8279f6e68b7a9ed,11021981,7284796,2280,0.6610368862004027,90539,0,2799,15229,0.16820375749676936,9368.369226086443,0.10347330129652904,9439,0.10425341565513205,30,14751,0,2799,1274,0.0863670259643414,1870.9684300260824,0.12683671819036557,1459,0.09890854857297811,1,75788,0,0,13955,0.1841320525676888,7497.400796060298,0.0989259618417203,7980,0.10529371404443975,29,150.0,222468,20526,201942,0,6611,0,90539,7881,82658,0,2799,0,0,,,
conversation_trace,0.0025,4.0,"l1=0.0025,l2x4",leaf,16,leaf16,evict_binary_150_learned,class_order,150.0,2,main,150.0,learned,464360509,1857442038,58742117,5183,2662942,10961680,13624622,10961680,0,0,254832,21000,201515,222515,275832,65.69307565689087,1278.76171875,949.068359375,9f32619e0455ac9fa11a3af4ddd9e949e4b55f5fd9752e4c7396013e08baf47b,5183,18,56079175,111981,10961680,21417,42575142,85399,0,0,68143,137,0,0,624987,1230,556844,1093,672512,1316,0,0,9453880,18475,8781368,17159,1801698,3712,0,0,35038628,70859,33236930,67147,0,0,0,0,0,0,0,0,2542353,0,740655,45117495,10078867,21000,7895,51546,201515,82662,0,0,0.0,0.0,0,0,0,0,0.0,0.1866068258997203,18.66068258997203,0.0,1.063950419083466,16.093870093241616,59.64822139454048,0.0,0.0,17.157820512325085,0.06200964850513455,0.9379903514948654,222515,21000,201515,6539,2bec4e85526ab6115929712a7bbde500eab78866716d842ff345eacd954fdd7b,11025376,7325675,2830,0.6645659975677927,90557,0,2786,15577,0.17201320715129698,9360.752841421727,0.10336862795169591,9333,0.10306215974469118,20,14821,0,2786,1379,0.09304365427434046,1923.7660362197034,0.1298000159381758,1544,0.10417650630861615,2,75736,0,0,14198,0.18746699059892258,7436.986805201957,0.09819619210417711,7789,0.1028440899968311,18,150.0,222515,21000,201515,0,6539,0,90557,7895,82662,0,2786,0,0,,,
conversation_trace,0.0025,4.0,"l1=0.0025,l2x4",leaf,16,leaf16,evict_binary_150_learned,class_order,150.0,3,main,150.0,learned,464360509,1857442038,58742117,5183,2662942,10982524,13645466,10982524,0,0,254707,21125,201380,222505,275832,65.00541114807129,1260.72265625,1004.8798828125,444ff3f312289d7bab836a3a11d931e216092bf9367175647b413337ca3b5011,5183,20,56079175,111981,10982524,21459,42552725,85359,0,0,69872,140,0,0,694466,1365,624594,1225,669703,1312,0,0,9363557,18298,8693854,16986,1804351,3711,0,0,35038628,70859,33234277,67148,0,0,0,0,0,0,0,0,2543926,0,739575,45096651,10058023,21125,8003,51556,201380,82512,0,0,0.0,0.0,0,0,0,0,0.0,0.1869616650009396,18.696166500093963,0.0,1.1822284171338258,15.940108185069326,59.64822139454048,0.0,0.0,17.122336602203152,0.06904597454191544,0.9309540254580846,222505,21125,201380,6834,bc007188b47fd3aa64ecef1bf99e6c78e92fc792bd8fcd6811f092d932f0b09e,11022423,7305755,2821,0.6629364069950863,90515,0,2878,15797,0.17452355963100039,9267.59248665737,0.1023873665873874,9336,0.10314312544882064,31,15085,0,2878,1382,0.09161418627775936,1847.1435223336339,0.1224490236880102,1495,0.09910507126284389,1,75430,0,0,14415,0.1911043351451677,7420.448964323638,0.09837530113116318,7841,0.10395068275222061,30,150.0,222505,21125,201380,0,6834,0,90515,8003,82512,0,2878,0,0,,,
conversation_trace,0.0025,4.0,"l1=0.0025,l2x4",leaf,16,leaf16,evict_binary_150_learned,class_order,150.0,4,main,150.0,learned,464360509,1857442038,58742117,5183,2662942,10977508,13640450,10977508,0,0,254362,21470,201011,222481,275832,65.11267280578613,1258.51171875,911.4990234375,aa951c7372b8a24c650c19606871bad066a3452da5c93c273e850020f8f60dd5,5183,20,56079175,111981,10977508,21448,42559594,85370,0,0,71373,143,0,0,608877,1197,537504,1054,669073,1312,0,0,9454162,18477,8785089,17165,1801627,3708,0,0,35038628,70859,33237001,67151,0,0,0,0,0,0,0,0,2542073,0,740446,45101667,10063039,21470,7796,51580,201011,82730,0,0,0.0,0.0,0,0,0,0,0.0,0.1868762748199899,18.687627481998987,0.0,1.0365254626420768,16.09435015765605,59.64822139454048,0.0,0.0,17.130875620298124,0.06050627449620338,0.9394937255037966,222481,21470,201011,6487,e793506f2933632ed4cc4906de07ea84c9563024ec21a24cc375c741add459bb,11015888,7308205,2546,0.6635396075196117,90526,0,2629,15334,0.16938780019000066,9280.437410814679,0.1025168173874321,9401,0.10384861807657468,30,14505,0,2629,1255,0.08652188900379179,1797.8061467363718,0.12394389153646135,1460,0.10065494657014823,5,76021,0,0,14079,0.18519882664000736,7482.6312640782335,0.09842847718496513,7941,0.10445797871640732,25,150.0,222481,21470,201011,0,6487,0,90526,7796,82730,0,2629,0,0,,,
conversation_trace,0.0025,4.0,"l1=0.0025,l2x4",leaf,16,leaf16,evict_binary_150_recency,class_order,150.0,0,main,150.0,recency,464360509,1857442038,58742117,5183,2662942,10731453,13394395,10731453,0,0,272395,3437,219922,223359,275832,25.35768461227417,1278.76171875,936.2314453125,a875929c08c0be4eb0573e03dcf02314ffb8b5c17c2783a769ac1fccdd1aca8e,5183,35,56079175,111981,10731453,20976,42823845,85857,0,0,13024,28,0,0,67438,136,54414,108,562443,1100,0,0,10241656,20010,9679213,18910,1948410,4020,0,0,35038628,70859,33090218,66839,0,0,0,0,0,0,0,0,2523877,0,575467,45347722,10309094,3437,1465,50678,219922,89515,0,0,0.0,0.0,0,0,0,0,0.0,0.18268754256847775,18.268754256847775,0.0,0.11480348929201853,17.43494535615732,59.64822139454048,0.0,0.0,17.54974884544934,0.006541602976944434,0.9934583970230556,223359,3437,219922,3507,7dbcff2e38b1c29db5ca0ae2a69f493ca67263c8b7249c7583a2160860ad549b,10696245,7432734,182137,0.7034059616248506,90980,0,1518,77347,0.8501538799736206,10737.130327702638,0.11801638082768343,10605,0.11656408001758628,34,4004,0,1518,2240,0.5594405594405595,551.4486188523028,0.1377244302827929,440,0.10989010989010989,5,86976,0,0,75107,0.8635370676968359,10185.681708850278,0.11710910721176276,10165,0.1168713208241354,29,150.0,223359,3437,219922,0,3507,0,90980,1465,89515,0,1518,0,0,,,
conversation_trace,0.0025,4.0,"l1=0.0025,l2x4",leaf,16,leaf16,evict_binary_150_recency,class_order,150.0,1,main,150.0,recency,464360509,1857442038,58742117,5183,2662942,10759625,13422567,10759625,0,0,272635,3197,220147,223344,275832,25.48453950881958,1247.6953125,903.9443359375,e1dd833dbf8bfc59eb9b8ed9678401ab3eaaca3b2461cfa548eba7dbc8dd5534,5183,37,56079175,111981,10759625,21032,42796663,85803,0,0,11979,25,0,0,51899,104,39920,79,566706,1109,0,0,10229023,19986,9662317,18877,1944202,4012,0,0,35038628,70859,33094426,66847,0,0,0,0,0,0,0,0,2522887,0,578685,45319550,10280922,3197,1110,50695,220147,89814,0,0,0.0,0.0,0,0,0,0,0.0,0.18316713032320575,18.316713032320575,0.0,0.08835057817204647,17.413439491804493,59.64822139454048,0.0,0.0,17.50179006997654,0.0050480880994914655,0.9949519119005086,223344,3197,220147,3241,63a4c2c99d5572fc3b4f6e09d9eaf2d69a52b184b8b921bbc5b1a7e45177e5f5,10681887,7428638,179729,0.7038552738855972,90924,0,1164,77630,0.8537899784435352,10617.056237311072,0.11676846858157441,10540,0.11592098895781092,34,3640,0,1164,2216,0.6087912087912087,378.15846954231836,0.10388968943470285,361,0.09917582417582417,1,87284,0,0,75414,0.8640071490765776,10238.897767768707,0.11730555162193193,10179,0.11661931167224233,33,150.0,223344,3197,220147,0,3241,0,90924,1110,89814,0,1164,0,0,,,
conversation_trace,0.0025,4.0,"l1=0.0025,l2x4",leaf,16,leaf16,evict_binary_150_recency,class_order,150.0,2,main,150.0,recency,464360509,1857442038,58742117,5183,2662942,10778734,13441676,10778734,0,0,273052,2780,220398,223178,275832,25.349931001663208,1245.7734375,946.6064453125,14b18753c17592f9c751c150b7ec9ffb762bea9f50104fd8f5101d91f110066f,5183,35,56079175,111981,10778734,21069,42776841,85764,0,0,13106,28,0,0,46297,95,33191,67,565841,1107,0,0,10215516,19958,9649675,18851,1944653,4013,0,0,35038628,70859,33093975,66846,0,0,0,0,0,0,0,0,2523600,0,578947,45300441,10261813,2780,1321,50859,220398,89565,0,0,0.0,0.0,0,0,0,0,0.0,0.18349243354644504,18.349243354644504,0.0,0.07881397941446339,17.390445768238145,59.64822139454048,0.0,0.0,17.469259747652607,0.004511580945784141,0.9954884190542158,223178,2780,220398,2791,9788280271fee65863e8a545f9e70a8cdaaf3c1e5a0c1b2bb0320e5d657ec748,10679708,7433822,179660,0.7044810588454291,90886,0,1344,77520,0.8529366459080606,10570.867423812018,0.11630908416931121,10567,0.11626653169905156,34,3852,0,1344,2229,0.5786604361370716,491.4100737246559,0.1275727086512606,424,0.11007268951194185,3,87034,0,0,75291,0.8650757175356757,10079.457350087327,0.11581057230607954,10143,0.11654066226991751,31,150.0,223178,2780,220398,0,2791,0,90886,1321,89565,0,1344,0,0,,,
conversation_trace,0.0025,4.0,"l1=0.0025,l2x4",leaf,16,leaf16,evict_binary_150_recency,class_order,150.0,3,main,150.0,recency,464360509,1857442038,58742117,5183,2662942,10744289,13407231,10744289,0,0,272445,3387,219926,223313,275832,25.495269298553467,1274.8984375,959.15625,24882aa052db65d717b16daf291b2820c718e91ff6e10d1cea3060fa846297e9,5183,40,56079175,111981,10744289,21003,42812955,85835,0,0,14997,31,0,0,74610,149,59613,118,566139,1107,0,0,10221648,19970,9655509,18863,1940795,4005,0,0,35038628,70859,33097833,66854,0,0,0,0,0,0,0,0,2521931,0,581136,45334886,10296258,3387,1250,50724,219926,89702,0,0,0.0,0.0,0,0,0,0,0.0,0.1829060569948475,18.29060569948475,0.0,0.1270127870944794,17.400884615717885,59.64822139454048,0.0,0.0,17.527897402812364,0.00724632191617576,0.9927536780838242,223313,3387,219926,3414,bdc037ad614fed0a4d83d5f314dd08c665637548937e4351f500a123a2fb0fd7,10682983,7448800,178644,0.7056195820961243,90952,0,1263,77457,0.8516250329844314,10722.754945357136,0.11789465812029572,10612,0.11667692848975283,30,3767,0,1263,2243,0.5954340323865145,442.32050908051457,0.11741983251407342,374,0.09928324926997611,2,87185,0,0,75214,0.862694270803464,10280.434436276595,0.11791517389776447,10238,0.11742845672994208,28,150.0,223313,3387,219926,0,3414,0,90952,1250,89702,0,1263,0,0,,,
conversation_trace,0.0025,4.0,"l1=0.0025,l2x4",leaf,16,leaf16,evict_binary_150_recency,class_order,150.0,4,main,150.0,recency,464360509,1857442038,58742117,5183,2662942,10728352,13391294,10728352,0,0,272628,3204,220144,223348,275832,25.247122526168823,1279.10546875,963.169921875,cba1e1cd8d9e9702a9c9c2c67f85ddd36712db14d5255685a8022e035cafb9e2,5183,34,56079175,111981,10728352,20969,42826505,85863,0,0,14575,32,0,0,46947,96,32372,64,559970,1096,0,0,10265248,20057,9705278,18961,1949773,4021,0,0,35038628,70859,33088855,66838,0,0,0,0,0,0,0,0,2524318,0,574545,45350823,10312195,3204,1068,50688,220144,89917,0,0,0.0,0.0,0,0,0,0,0.0,0.1826347525064512,18.263475250645122,0.0,0.07992051086616439,17.47510734078583,59.64822139454048,0.0,0.0,17.555027851651992,0.004552571009372884,0.9954474289906271,223348,3204,220144,3223,e74bd141128f6b7f8016f52f735bdb88a8879de0dd963d7a0787bbe56c950464,10685892,7435666,179876,0.7042560415171705,90985,0,1114,77680,0.8537671044677694,10698.036077500501,0.11758021737100073,10558,0.1160411056767599,27,3583,0,1114,2217,0.6187552330449344,388.4530187533652,0.10841557877570895,356,0.09935807982137873,0,87402,0,0,75463,0.8634012951648704,10309.583058747117,0.11795591701273561,10202,0.11672501773414796,27,150.0,223348,3204,220144,0,3223,0,90985,1068,89917,0,1114,0,0,,,
conversation_trace,0.0025,4.0,"l1=0.0025,l2x4",leaf,16,leaf16,label,reproduction_anchor,,0,main,150.0,,464360509,1857442038,58742117,5183,2662942,11766102,14429044,11766102,0,0,269949,5883,212901,218784,275832,23.57538652420044,1261.39453125,889.1787109375,b12a74a79f77cfd218bfeff0d415a75131a2820ba6bbfd5161b595162f39fdd6,5183,42,56079175,111981,11766102,22998,41793885,83842,0,0,2048,4,0,0,34304,67,32256,63,585545,1147,0,0,9240141,18057,8654596,16910,1931595,3990,0,0,35038628,70859,33107033,66869,0,0,0,0,0,0,0,0,2519188,0,587593,44313073,9274445,5883,1470,55253,212901,87482,0,0,0.0,0.0,0,0,0,0,0.0,0.20030095272187756,20.030095272187754,0.0,0.05839762295254017,15.730010207156818,59.64822139454048,0.0,0.0,15.788407830109357,0.003698765802158512,0.9963012341978414,218784,5883,212901,0,8d8cc6141a590f56137215bbbbd346949df981a1cb1bae7d41812cbcc149bc37,10586375,10586375,0,1.0,88952,0,0,88952,1.0,0.0,0.0,17,0.00019111430884072308,17,4156,0,0,4156,1.0,0.0,0.0,0,0.0,0,84796,0,0,84796,1.0,0.0,0.0,17,0.00020048115477145148,17,,,,,,,,,,,,,,,mechanism_control_001,14429044,True
conversation_trace,0.0025,4.0,"l1=0.0025,l2x4",leaf,16,leaf16,label,reproduction_anchor,,1,main,150.0,,464360509,1857442038,58742117,5183,2662942,11765753,14428695,11765753,0,0,269894,5938,212835,218773,275832,23.578428983688354,1274.8984375,840.087890625,86833b73b3604c5d23854bb06c8374a24fd3c315b84495a8f504c3f0d03cce9d,5183,45,56079175,111981,11765753,22999,41795161,83844,0,0,0,0,0,0,25600,50,25600,50,586314,1147,0,0,9249194,18073,8662880,16926,1931947,3991,0,0,35038628,70859,33106681,66868,0,0,0,0,0,0,0,0,2518261,0,586314,44313422,9274794,5938,1525,55262,212835,87424,0,0,0.0,0.0,0,0,0,0,0.0,0.20029501149915996,20.029501149915998,0.0,0.043580315636224005,15.745421636744894,59.64822139454048,0.0,0.0,15.789001952381117,0.002760169120737345,0.9972398308792626,218773,5938,212835,0,27581247b275d03ce35d53f9ff4f85afb016ef7245ee1d46bb6c0e4ae334119a,10587801,10587801,0,1.0,88949,0,0,88949,1.0,0.0,0.0,10,0.00011242397328806394,10,4127,0,0,4127,1.0,0.0,0.0,0,0.0,0,84822,0,0,84822,1.0,0.0,0.0,10,0.00011789394260922874,10,,,,,,,,,,,,,,,mechanism_control_001,14428695,True
conversation_trace,0.0025,4.0,"l1=0.0025,l2x4",leaf,16,leaf16,label,reproduction_anchor,,2,main,150.0,,464360509,1857442038,58742117,5183,2662942,11769308,14432250,11769308,0,0,270066,5766,213068,218834,275832,23.57788872718811,1254.6640625,863.0810546875,c167eac71a45c63137a009edfb18743ddae64f99a0f815d31e28c0115b5963ab,5183,43,56079175,111981,11769308,23005,41790024,83836,0,0,2048,4,0,0,49144,96,47096,92,585923,1147,0,0,9222095,18021,8636172,16874,1931872,3989,0,0,35038628,70859,33106756,66870,0,0,0,0,0,0,0,0,2519843,0,587971,44309867,9271239,5766,1462,55203,213068,87483,0,0,0.0,0.0,0,0,0,0,0.0,0.2003555302577876,20.03555302577876,0.0,0.08366058717291378,15.699289489345439,59.64822139454048,0.0,0.0,15.782950076518352,0.005300693898625632,0.9946993061013744,218834,5766,213068,0,57374aeabd3c181acb6acbd4822d8df40f4bde0f422fedda546e7d693617040a,10585554,10585554,0,1.0,88945,0,0,88945,1.0,0.0,0.0,16,0.00017988644668053293,16,4132,0,0,4132,1.0,0.0,0.0,0,0.0,0,84813,0,0,84813,1.0,0.0,0.0,16,0.00018865032483227808,16,,,,,,,,,,,,,,,mechanism_control_001,14432250,True
conversation_trace,0.0025,4.0,"l1=0.0025,l2x4",leaf,16,leaf16,label,reproduction_anchor,,3,main,150.0,,464360509,1857442038,58742117,5183,2662942,11795236,14458178,11795236,0,0,269893,5939,212818,218757,275832,27.297409772872925,1279.10546875,915.5791015625,47cb59fa12d5f392c1fd6c2c814c3d1ff74122818cb4564069a913330f317c2a,5183,41,56079175,111981,11795236,23055,41762780,83784,0,0,1536,3,0,0,38912,76,37376,73,578939,1134,0,0,9206399,17991,8627460,16857,1940684,4005,0,0,35038628,70859,33097944,66854,0,0,0,0,0,0,0,0,2521159,0,580475,44283939,9245311,5939,1473,55280,212818,87422,0,0,0.0,0.0,0,0,0,0,0.0,0.20079691714209075,20.079691714209073,0.0,0.0662420797670605,15.672569308320979,59.64822139454048,0.0,0.0,15.738811388088038,0.00420883624142011,0.9957911637585799,218757,5939,212818,0,0b699bcc042202b9ddd30e8ca486e2b2a17004ce631e5a1b6dd4768966763a8f,10580485,10580485,0,1.0,88895,0,0,88895,1.0,0.0,0.0,11,0.0001237414927723719,11,4153,0,0,4153,1.0,0.0,0.0,0,0.0,0,84742,0,0,84742,1.0,0.0,0.0,11,0.0001298057633758939,11,,,,,,,,,,,,,,,mechanism_control_001,14458178,True
conversation_trace,0.0025,4.0,"l1=0.0025,l2x4",leaf,16,leaf16,label,reproduction_anchor,,4,main,150.0,,464360509,1857442038,58742117,5183,2662942,11748600,14411542,11748600,0,0,270057,5775,213065,218840,275832,23.682196855545044,1281.3046875,797.8388671875,0ad135b2fb3b250ccbb57e9e090aa50cbf6ea5b570957857fd57f7ccf7187448,5183,43,56079175,111981,11748600,22965,41810797,83876,0,0,1967,4,0,0,54703,107,52736,103,588621,1152,0,0,9237244,18050,8648623,16898,1929190,3984,0,0,35038628,70859,33109438,66875,0,0,0,0,0,0,0,0,2519778,0,590588,44330575,9291947,5775,1389,55196,213065,87595,0,0,0.0,0.0,0,0,0,0,0.0,0.20000300636083646,20.000300636083647,0.0,0.09312398461907663,15.72507848159439,59.64822139454048,0.0,0.0,15.818202466213467,0.005887140768237271,0.9941128592317627,218840,5775,213065,0,a56c557a7b70c7be212385e0e1c6eedede6d24c784ab3eda2e1f2097eb619f14,10592671,10592671,0,1.0,88984,0,0,88984,1.0,0.0,0.0,10,0.00011237975366357997,10,4099,0,0,4099,1.0,0.0,0.0,0,0.0,0,84885,0,0,84885,1.0,0.0,0.0,10,0.00011780644401248748,10,,,,,,,,,,,,,,,mechanism_control_001,14411542,True
conversation_trace,0.01,1.0,"l1=0.01,l2x1",leaf,16,leaf16,label_binary_150,horizon,150.0,0,main,150.0,,1857442038,1857442038,58742117,5183,3218284,11422974,14641258,11422974,0,0,271214,75,216768,216843,271289,22.187020301818848,1254.6640625,771.2216796875,22fd0627195b3837e2072c0deb0c7967fa0fe80e6a2bb156fb525b0e5bfbce26,5183,52,55523833,110893,11422974,22328,41590927,83434,0,0,0,0,0,0,0,0,0,0,472957,925,0,0,9062231,17706,8589274,16781,2036975,4206,0,0,35038628,70859,33001653,66653,0,0,0,0,0,0,0,0,2509932,0,472957,44100859,9062231,75,48,52631,216768,88490,0,0,0.0,0.0,0,0,0,0,0.0,0.19445969235327354,19.445969235327354,0.0,0.0,15.427144037045856,59.64822139454048,0.0,0.0,15.427144037045856,0.0,1.0,216843,75,216768,0,1783b4eefa23540420b34ec4825d1ca4efaf550d50293b233c32226c0db95c5d,10272352,7845445,140987,0.7706062350667111,88538,0,0,77496,0.8752851882807382,8672.274386966408,0.09794974346570295,10363,0.11704578824911338,5,2281,0,0,2024,0.8873301183691363,179.42917396020255,0.07866250502420102,257,0.11266988163086365,0,86257,0,0,75472,0.8749666693717612,8492.845213006214,0.09845977964694128,10106,0.11716150573286806,5,150.0,216843,75,216768,0,0,0,88538,48,88490,0,0,0,0,,,
conversation_trace,0.01,1.0,"l1=0.01,l2x1",leaf,16,leaf16,label_binary_150,horizon,150.0,1,main,150.0,,1857442038,1857442038,58742117,5183,3218284,11428171,14646455,11428171,0,0,271204,85,216735,216820,271289,22.357802152633667,1281.3046875,798.55859375,e52ae25aa58f5c9acca1302c0957f47ddce9fc35d100cdebd68ff5c303a8c6de,5183,51,55523833,110893,11428171,22338,41586853,83423,0,0,0,0,0,0,0,0,0,0,471344,922,0,0,9057034,17696,8585690,16774,2037465,4210,0,0,35038628,70859,33001163,66649,0,0,0,0,0,0,0,0,2508809,0,471344,44095662,9057034,85,54,52652,216735,88472,0,0,0.0,0.0,0,0,0,0,0.0,0.19454816379872725,19.454816379872724,0.0,0.0,15.418296892500486,59.64822139454048,0.0,0.0,15.418296892500486,0.0,1.0,216820,85,216735,0,9bdcbf33081edbc1b2babf57cc827927d437d1fcfca462342602c1c50f72c992,10272859,7853925,140695,0.771379467001348,88526,0,0,77482,0.8752456905315953,8619.265057635032,0.09736422133198191,10365,0.11708424643607528,6,2266,0,0,2050,0.9046778464254193,154.42780988977992,0.0681499602337952,216,0.09532215357458076,0,86260,0,0,75432,0.8744725249246464,8464.837247745247,0.09813166296945568,10149,0.11765592395084627,6,150.0,216820,85,216735,0,0,0,88526,54,88472,0,0,0,0,,,
conversation_trace,0.01,1.0,"l1=0.01,l2x1",leaf,16,leaf16,label_binary_150,horizon,150.0,2,main,150.0,,1857442038,1857442038,58742117,5183,3218284,11422462,14640746,11422462,0,0,271218,71,216763,216834,271289,22.54104971885681,1260.72265625,675.69140625,f798247714f73f9dcfde8f3745955cea59f0ae41435dae50520386ac05ca0e93,5183,52,55523833,110893,11422462,22327,41591956,83435,0,0,0,0,0,0,1024,2,1024,2,473981,927,0,0,9061719,17705,8587738,16778,2035434,4204,0,0,35038628,70859,33003194,66655,0,0,0,0,0,0,0,0,2509415,0,473981,44101371,9062743,71,50,52637,216763,88486,0,0,0.0,0.0,0,0,0,0,0.0,0.1944509762901463,19.44509762901463,0.0,0.0017432126254489603,15.426272430733132,59.64822139454048,0.0,0.0,15.428015643358581,0.00011299007375581543,0.9998870099262441,216834,71,216763,0,628401ec3e13a6155e16327aa52ea904646867018ed89e1cf8de1efce99b158f,10271198,7870206,139088,0.7730110937399902,88536,0,0,77468,0.8749887051594831,8644.088008888175,0.09763359547402384,10412,0.117601879461462,5,2273,0,0,1987,0.8741750989881214,212.91226656683668,0.09367015687058367,284,0.1249450065992081,0,86263,0,0,75481,0.8750101433986761,8431.175742321355,0.0977380307005478,10128,0.1174083906193849,5,150.0,216834,71,216763,0,0,0,88536,50,88486,0,0,0,0,,,
conversation_trace,0.01,1.0,"l1=0.01,l2x1",leaf,16,leaf16,label_binary_150,horizon,150.0,3,main,150.0,,1857442038,1857442038,58742117,5183,3218284,11425022,14643306,11425022,0,0,271204,85,216738,216823,271289,22.192036867141724,1247.6953125,757.6416015625,013741f62087b925de728db62a85fca7de95bed02e1f8b5686ad25cbaf5d8f00,5183,52,55523833,110893,11425022,22332,41589862,83430,0,0,0,0,0,0,0,0,0,0,471421,922,0,0,9060183,17702,8588762,16780,2037528,4209,0,0,35038628,70859,33001100,66650,0,0,0,0,0,0,0,0,2508949,0,471421,44098811,9060183,85,53,52650,216738,88480,0,0,0.0,0.0,0,0,0,0,0.0,0.19449455660578252,19.449455660578252,0.0,0.0,15.423657611794958,59.64822139454048,0.0,0.0,15.423657611794958,0.0,1.0,216823,85,216738,0,45b72443635eb969f617f379fb696623a9c3d9dbb8fb4842095be2e533fa684b,10270836,7856837,139558,0.7717595724437621,88533,0,0,77533,0.875752544249037,8599.45083844977,0.0971327170484426,10322,0.11658929438740356,6,2299,0,0,2055,0.8938668986515876,166.66527999416456,0.07249468464295979,244,0.10613310134841235,0,86234,0,0,75478,0.8752696152329708,8432.785558455626,0.09778956743808272,10078,0.11686805668297887,6,150.0,216823,85,216738,0,0,0,88533,53,88480,0,0,0,0,,,
conversation_trace,0.01,1.0,"l1=0.01,l2x1",leaf,16,leaf16,label_binary_150,horizon,150.0,4,main,150.0,,1857442038,1857442038,58742117,5183,3218284,11420491,14638775,11420491,0,0,271172,117,216692,216809,271289,22.1278133392334,1245.7734375,902.7919921875,fb5d8f5131629e5345cc67931c30d8abe5f5a355099f7a7a06ec96c0c0b77eb4,5183,51,55523833,110893,11420491,22323,41594270,83438,0,0,512,1,0,0,1024,2,512,1,474928,929,0,0,9063690,17709,8588762,16780,2033632,4202,0,0,35038628,70859,33004996,66657,0,0,0,0,0,0,0,0,2509072,0,475440,44103342,9064714,117,83,52662,216692,88457,0,0,0.0,0.0,0,0,0,0,0.0,0.19441742285181857,19.441742285181856,0.0,0.0017432126254489603,15.429627774565905,59.64822139454048,0.0,0.0,15.431370987191354,0.00011296550558572505,0.9998870344944143,216809,117,216692,0,650d78285fece96de7fbe92366532ff3f864e54e78d220ed69d06848e853b169,10279182,7848230,141870,0.7704080927840367,88540,0,0,77520,0.8755364806866953,8614.974575139942,0.09730036791438833,10321,0.11656878247119946,4,2341,0,0,2084,0.8902178556172576,188.76594813695874,0.0806347493109606,255,0.10892780862879112,0,86199,0,0,75436,0.875137762619056,8426.20862700299,0.0977529742456756,10066,0.11677629670877852,4,150.0,216809,117,216692,0,0,0,88540,83,88457,0,0,0,0,,,
conversation_trace,0.01,1.0,"l1=0.01,l2x1",leaf,16,leaf16,evict_binary_150_learned,class_order,150.0,0,main,150.0,learned,1857442038,1857442038,58742117,5183,3218284,11668845,14887129,11668845,0,0,271059,230,215374,215604,271289,60.565837383270264,1258.51171875,995.7900390625,ca657b9b044e4ae88dbdf94d58c44e28db6cc7ed9e3f9c377b34410cae3bacfe,5183,40,55523833,110893,11668845,22804,41337681,82946,0,0,1024,2,0,0,2048,4,1024,2,533806,1047,0,0,8814312,17226,8280506,16179,1982477,4094,0,0,35038628,70859,33056151,66765,0,0,0,0,0,0,0,0,2517307,0,534830,43854988,8816360,230,170,53913,215374,87935,0,0,0.0,0.0,0,0,0,0,0.0,0.19864529226959934,19.864529226959935,0.0,0.0034864252508979205,15.00509762016238,59.64822139454048,0.0,0.0,15.008584045413276,0.00023229541443407482,0.999767704585566,215604,230,215374,9915,13a9bc1a132281160d59cc2af8bfb2db965e2a04af3ca682962a1baf9ac27d13,10614964,7158854,3072,0.6745562208218511,88105,0,4380,11578,0.13141138414391917,7953.245910922757,0.09027008581718128,8984,0.10196924124624028,11,8707,0,4380,695,0.0798208338118755,777.4844202181736,0.08929417942094563,840,0.09647410129780637,2,79398,0,0,10883,0.13706894380211088,7175.761490704615,0.09037710635916038,8144,0.10257185319529459,9,150.0,215604,230,215374,0,9915,0,88105,170,87935,0,4380,0,0,,,
conversation_trace,0.01,1.0,"l1=0.01,l2x1",leaf,16,leaf16,evict_binary_150_learned,class_order,150.0,1,main,150.0,learned,1857442038,1857442038,58742117,5183,3218284,11634603,14852887,11634603,0,0,271031,258,215449,215707,271289,60.56096267700195,1162.2734375,874.5673828125,c49e13c3b4042e42bf3cb183c76049c934d704b51fd40fc226cab781dc050d7e,5183,41,55523833,110893,11634603,22738,41371983,83013,0,0,1024,2,0,0,1024,2,0,0,539888,1058,0,0,8849578,17294,8309690,16236,1976335,4082,0,0,35038628,70859,33062293,66777,0,0,0,0,0,0,0,0,2517247,0,540912,43889230,8850602,258,200,53810,215449,87971,0,0,0.0,0.0,0,0,0,0,0.0,0.19806237150084324,19.806237150084325,0.0,0.0017432126254489603,15.065132909663436,59.64822139454048,0.0,0.0,15.066876122288885,0.00011569834458718175,0.9998843016554129,215707,258,215449,10183,6333dda266e809d7bcb4f8cec93675f245ff083c50a2463ed9c7dac2343e57dc,10622839,7170195,3263,0.6751327493525977,88171,0,4483,11500,0.1304283721404997,8062.3880927826585,0.09144036126144263,9001,0.10208571979449026,6,8849,0,4483,767,0.08667646061701888,779.3071297198862,0.08806725389534255,838,0.09469996609786417,3,79322,0,0,10733,0.1353092458586521,7283.080963062798,0.09181665821667127,8163,0.1029096593631023,3,150.0,215707,258,215449,0,10183,0,88171,200,87971,0,4483,0,0,,,
conversation_trace,0.01,1.0,"l1=0.01,l2x1",leaf,16,leaf16,evict_binary_150_learned,class_order,150.0,2,main,150.0,learned,1857442038,1857442038,58742117,5183,3218284,11642668,14860952,11642668,0,0,271024,265,215387,215652,271289,60.76763153076172,1261.39453125,941.0244140625,f12a03a3137d7d924343f2f66e2f0115334bbf7b0db899aad3a2e0d9cc2da309,5183,41,55523833,110893,11642668,22754,41362756,82997,0,0,2048,4,0,0,3560,7,1512,3,536943,1052,0,0,8838977,17273,8302034,16221,1979418,4086,0,0,35038628,70859,33059210,66773,0,0,0,0,0,0,0,0,2518409,0,538991,43881165,8842537,265,216,53866,215387,87937,0,0,0.0,0.0,0,0,0,0,0.0,0.19819966651865814,19.819966651865816,0.0,0.0060603876431624005,15.047086232864233,59.64822139454048,0.0,0.0,15.053146620507395,0.00040259938974527334,0.9995974006102547,215652,265,215387,10187,9145831751029062ae1dcb411bfb4cc85711c1c1ee627fa87cc3503275e50184,10622298,7162845,3311,0.6744774529955759,88153,0,4509,11894,0.13492450625616825,7996.02941881237,0.09070626545678956,8957,0.10160743253207491,6,8949,0,4509,768,0.08581964465303386,770.6777621921403,0.08611886939235001,846,0.09453570231310761,1,79204,0,0,11126,0.14047270339881823,7225.351656620218,0.09122458028155418,8111,0.10240644411898389,5,150.0,215652,265,215387,0,10187,0,88153,216,87937,0,4509,0,0,,,
conversation_trace,0.01,1.0,"l1=0.01,l2x1",leaf,16,leaf16,evict_binary_150_learned,class_order,150.0,3,main,150.0,learned,1857442038,1857442038,58742117,5183,3218284,11665949,14884233,11665949,0,0,271013,276,215344,215620,271289,61.0790638923645,1278.76171875,949.0625,7907bc9068fb4a9c45208dff0857424569f5996f913766a7e51a2b2bbdd6b108,5183,40,55523833,110893,11665949,22798,41340534,82952,0,0,1536,3,0,0,1536,3,0,0,534654,1049,0,0,8817720,17233,8283066,16184,1981160,4091,0,0,35038628,70859,33057468,66768,0,0,0,0,0,0,0,0,2517350,0,536190,43857884,8819256,276,212,53897,215344,87898,0,0,0.0,0.0,0,0,0,0,0.0,0.19859599203753586,19.859599203753586,0.0,0.0026148189381734405,15.01089924968145,59.64822139454048,0.0,0.0,15.013514068619624,0.00017416435127861127,0.9998258356487214,215620,276,215344,10184,7f8c62f3ebeeee529a6c022f57ec2dad343b277ddb441c8bff81834f9bd21906,10616574,7160863,3150,0.6746468305123668,88110,0,4474,11323,0.1285098172738622,8031.619312629348,0.09115445820712006,9061,0.10283736238792418,8,8887,0,4474,778,0.08754360301564082,789.5168965887391,0.08883952926620221,854,0.09609542027680883,2,79223,0,0,10545,0.13310528508135264,7242.10241604062,0.09141414003560354,8207,0.10359365335824193,6,150.0,215620,276,215344,0,10184,0,88110,212,87898,0,4474,0,0,,,
conversation_trace,0.01,1.0,"l1=0.01,l2x1",leaf,16,leaf16,evict_binary_150_learned,class_order,150.0,4,main,150.0,learned,1857442038,1857442038,58742117,5183,3218284,11649247,14867531,11649247,0,0,271031,258,215409,215667,271289,60.608479499816895,1260.72265625,1004.8486328125,5b08ee01ed85c8a4dd25f83e87c8204b447ce66f595a9bde73d38a8bb0d47b8b,5183,39,55523833,110893,11649247,22766,41356370,82983,0,0,2404,5,0,0,3428,7,1024,2,530008,1039,0,0,8832530,17261,8302522,16222,1985804,4100,0,0,35038628,70859,33052824,66759,0,0,0,0,0,0,0,0,2518216,0,532412,43874586,8835958,258,209,53850,215409,87933,0,0,0.0,0.0,0,0,0,0,0.0,0.1983116645251311,19.83116645251311,0.0,0.005835676640663121,15.036111143219438,59.64822139454048,0.0,0.0,15.041946819860101,0.0003879601962797922,0.9996120398037202,215667,258,215409,10121,bba5ee3927db53c7c39c5c9cb32fc6ccb52c3c71c5126fa59eaae95343f32ea6,10620663,7158030,3007,0.6741136123046179,88142,0,4403,11546,0.13099317011186495,7945.198728150587,0.09014089455821954,8925,0.10125706246738218,10,8802,0,4403,726,0.08248125426039536,732.5838190301841,0.08322924551581279,823,0.09350147693705976,2,79340,0,0,10820,0.13637509452987143,7212.614909120422,0.09090767468011623,8102,0.102117469120242,8,150.0,215667,258,215409,0,10121,0,88142,209,87933,0,4403,0,0,,,
conversation_trace,0.01,1.0,"l1=0.01,l2x1",leaf,16,leaf16,evict_binary_150_recency,class_order,150.0,0,main,150.0,recency,1857442038,1857442038,58742117,5183,3218284,11397886,14616170,11397886,0,0,271222,67,216809,216876,271289,49.41346502304077,1254.6640625,990.6201171875,9d7091c3b5bbedd9bdb0400a94e68013d22fb39751c6b2c7a7b8d37da340f470,5183,52,55523833,110893,11397886,22279,41616104,83483,0,0,1536,3,0,0,2560,5,1024,2,476541,932,0,0,9084759,17750,8608218,16818,2031766,4196,0,0,35038628,70859,33006862,66663,0,0,0,0,0,0,0,0,2509843,0,478077,44125947,9087319,67,67,52595,216809,88517,0,0,0.0,0.0,0,0,0,0,0.0,0.19403260526003854,19.403260526003855,0.0,0.0043580315636224005,15.465494714805732,59.64822139454048,0.0,0.0,15.469852746369355,0.00028171125058997046,0.99971828874941,216876,67,216809,139,74af5cbd787794fd45c12b4b40743a115125603f737a37441695f347c4956de7,10278620,7865035,139732,0.7719811608951396,88584,0,112,77408,0.8738372618080015,8740.666467179248,0.09867093907679995,10407,0.11748171227309673,2,2310,0,112,1933,0.8367965367965368,270.6749849760746,0.11717531817146086,287,0.12424242424242424,0,86274,0,0,75475,0.8748290330806501,8469.991482203184,0.09817548139883608,10120,0.11730069314045946,2,150.0,216876,67,216809,0,139,0,88584,67,88517,0,112,0,0,,,
conversation_trace,0.01,1.0,"l1=0.01,l2x1",leaf,16,leaf16,evict_binary_150_recency,class_order,150.0,1,main,150.0,recency,1857442038,1857442038,58742117,5183,3218284,11407614,14625898,11407614,0,0,271244,45,216815,216860,271289,24.327340126037598,1258.51171875,978.150390625,3c90b7e9df3bae707bb996a8be4a4b68c77864c1fa965acf1c1b1348887e5b0e,5183,52,55523833,110893,11407614,22298,41607594,83464,0,0,0,0,0,0,0,0,0,0,474493,928,0,0,9077591,17736,8603098,16808,2034132,4203,0,0,35038628,70859,33004496,66656,0,0,0,0,0,0,0,0,2508625,0,474493,44116219,9077591,45,45,52612,216815,88521,0,0,0.0,0.0,0,0,0,0,0.0,0.1941982104594562,19.41982104594562,0.0,0.0,15.45329222642759,59.64822139454048,0.0,0.0,15.45329222642759,0.0,1.0,216860,45,216815,116,d5511ad191744b1aa454664a9c2a68a15fae46c8fceb574b16719c0d5ef5a6f2,10279417,7863584,140144,0.7718001906139229,88566,0,91,77427,0.8742293882528284,8682.443258480484,0.09803359368697337,10365,0.11703136643858818,7,2305,0,91,1963,0.8516268980477223,228.91501816995034,0.09931237230800449,265,0.11496746203904555,1,86261,0,0,75464,0.8748333545866614,8453.528240310545,0.09799942314963361,10100,0.1170865165022432,6,150.0,216860,45,216815,0,116,0,88566,45,88521,0,91,0,0,,,
conversation_trace,0.01,1.0,"l1=0.01,l2x1",leaf,16,leaf16,evict_binary_150_recency,class_order,150.0,2,main,150.0,recency,1857442038,1857442038,58742117,5183,3218284,11421515,14639799,11421515,0,0,271270,19,216817,216836,271289,24.62466287612915,1261.39453125,936.814453125,b25edc1b3110a8ef34aef73f4e9a98b683d10033e581d7168dcd880d0877787a,5183,51,55523833,110893,11421515,22325,41593331,83436,0,0,512,1,0,0,512,1,0,0,469296,918,0,0,9063178,17708,8593882,16790,2039179,4213,0,0,35038628,70859,32999449,66646,0,0,0,0,0,0,0,0,2508987,0,469808,44102318,9063690,19,19,52634,216817,88518,0,0,0.0,0.0,0,0,0,0,0.0,0.19443485497807306,19.443485497807306,0.0,0.0008716063127244801,15.42875616825318,59.64822139454048,0.0,0.0,15.429627774565905,5.6489134116458086e-05,0.9999435108658835,216836,19,216817,96,771bcce616d9d302a4d8c44c46a1ee798be42ba4fe6d0de837149ba68324aa86,10273174,7864639,139890,0.7723595453557002,88537,0,64,77456,0.87484328585789,8654.222219856583,0.09774695573440012,10393,0.11738595163603917,4,2288,0,64,1965,0.8588286713286714,234.50007782841354,0.10249129275717375,274,0.11975524475524475,0,86249,0,0,75491,0.8752681190506557,8419.722142028168,0.09762109870292024,10119,0.11732309939825389,4,150.0,216836,19,216817,0,96,0,88537,19,88518,0,64,0,0,,,
conversation_trace,0.01,1.0,"l1=0.01,l2x1",leaf,16,leaf16,evict_binary_150_recency,class_order,150.0,3,main,150.0,recency,1857442038,1857442038,58742117,5183,3218284,11428606,14646890,11428606,0,0,271219,70,216717,216787,271289,24.197651624679565,1278.76171875,936.439453125,8918e80e97721951e6e992a248fa17a27258b099b761e6797ffbfbba89407b0f,5183,52,55523833,110893,11428606,22339,41586021,83423,0,0,512,1,0,0,512,1,0,0,473469,926,0,0,9056087,17694,8582618,16768,2035225,4204,0,0,35038628,70859,33003403,66655,0,0,0,0,0,0,0,0,2509206,0,473981,44095227,9056599,70,70,52682,216717,88452,0,0,0.0,0.0,0,0,0,0,0.0,0.19455556904767324,19.455556904767324,0.0,0.0008716063127244801,15.416684761293162,59.64822139454048,0.0,0.0,15.417556367605886,5.6533363131126814e-05,0.9999434666368688,216787,70,216717,134,c566db6c75d78d3e2c9f3a36eed9138b5355ae61de9e4e02d7fa429104e17bfa,10269369,7860130,139086,0.7721675012359571,88522,0,109,77391,0.8742572467861097,8680.251385778756,0.09805756067168338,10398,0.1174623257495312,7,2351,0,109,2009,0.8545299872394726,214.616501861987,0.09128732533474564,250,0.10633772862611654,0,86171,0,0,75382,0.8747954648315559,8465.634883916773,0.09824227273580176,10148,0.11776583769481612,7,150.0,216787,70,216717,0,134,0,88522,70,88452,0,109,0,0,,,
conversation_trace,0.01,1.0,"l1=0.01,l2x1",leaf,16,leaf16,evict_binary_150_recency,class_order,150.0,4,main,150.0,recency,1857442038,1857442038,58742117,5183,3218284,11392843,14611127,11392843,0,0,271236,53,216831,216884,271289,49.58736181259155,1260.72265625,915.54296875,ef85ebbd7e134d6716a1fd202f7b8b1dcbab2db363eb5bfba18e04f2c11d7a1c,5183,51,55523833,110893,11392843,22269,41621789,83492,0,0,512,1,0,0,512,1,0,0,473981,927,0,0,9091850,17764,8617869,16837,2034708,4204,0,0,35038628,70859,33003920,66655,0,0,0,0,0,0,0,0,2509201,0,474493,44130990,9092362,53,53,52588,216831,88542,0,0,0.0,0.0,0,0,0,0,0.0,0.19394675544294734,19.394675544294735,0.0,0.0008716063127244801,15.47756612176575,59.64822139454048,0.0,0.0,15.478437728078475,5.631100037591992e-05,0.999943688999624,216884,53,216831,124,147918e5abcf302be0b26c36f45a718f1b53073a97e9eb5e0c6ce13c09cad64a,10281965,7868664,138386,0.7720175083264726,88595,0,97,77440,0.8740899599300186,8723.846306496824,0.09846883352894434,10391,0.1172865285851346,6,2311,0,97,1952,0.8446559930765902,249.1098931571184,0.10779311690052722,283,0.1224578104716573,0,86284,0,0,75488,0.8748783088405729,8474.736413339726,0.09821909523596177,10108,0.11714802280840017,6,150.0,216884,53,216831,0,124,0,88595,53,88542,0,97,0,0,,,
conversation_trace,0.01,1.0,"l1=0.01,l2x1",leaf,16,leaf16,label,reproduction_anchor,,0,main,150.0,,1857442038,1857442038,58742117,5183,3218284,12330154,15548438,12330154,0,0,266092,5197,207361,212558,271289,23.725688934326172,1260.72265625,666.8310546875,44be19a569643bf5df5b6d32d370f200f901c46370760b7ecb8597153d3a2629,5183,49,55523833,110893,12330154,24099,40681950,81660,0,0,512,1,0,0,22016,43,21504,42,499874,978,0,0,8133035,15892,7633161,14914,2011343,4155,0,0,35038628,70859,33027285,66704,0,0,0,0,0,0,0,0,2511729,0,500386,43193679,8155051,5197,1243,56912,207361,85519,0,0,0.0,0.0,0,0,0,0,0.0,0.20990312623564453,20.990312623564453,0.0,0.037479071447152644,13.845321577361606,59.64822139454048,0.0,0.0,13.88280064880876,0.0026996765562839523,0.997300323443716,212558,5197,207361,0,03ec476ab7173a586795c9809559ab62a18f906c8c4c246d0bd2d77d8903c5a5,10313034,10313034,0,1.0,86762,0,0,86762,1.0,0.0,0.0,0,0.0,0,3851,0,0,3851,1.0,0.0,0.0,0,0.0,0,82911,0,0,82911,1.0,0.0,0.0,0,0.0,0,,,,,,,,,,,,,,,mechanism_control_001,15548438,True
conversation_trace,0.01,1.0,"l1=0.01,l2x1",leaf,16,leaf16,label,reproduction_anchor,,1,main,150.0,,1857442038,1857442038,58742117,5183,3218284,12354445,15572729,12354445,0,0,265880,5409,207082,212491,271289,23.227393865585327,1247.6953125,757.634765625,729e6221a8963828b4026c4b80302cb67363f07af1e310c439aaf31ff75f1af6,5183,47,55523833,110893,12354445,24146,40657154,81611,0,0,1536,3,0,0,33792,66,32256,63,501434,981,0,0,8096968,15822,7595534,14841,2009264,4152,0,0,35038628,70859,33029364,66707,0,0,0,0,0,0,0,0,2512234,0,502970,43169388,8130760,5409,1342,56978,207082,85372,0,0,0.0,0.0,0,0,0,0,0.0,0.21031664555092558,21.031664555092558,0.0,0.057526016639815686,13.783922700640836,59.64822139454048,0.0,0.0,13.841448717280652,0.004156069051355593,0.9958439309486444,212491,5409,207082,0,83fa0e2dd242b4fdbbfbd51ca78ba487df210c1fb7c1f12d20b798d144af884c,10304015,10304015,0,1.0,86714,0,0,86714,1.0,0.0,0.0,1,1.1532163203173651e-05,1,3939,0,0,3939,1.0,0.0,0.0,0,0.0,0,82775,0,0,82775,1.0,0.0,0.0,1,1.2080942313500453e-05,1,,,,,,,,,,,,,,,mechanism_control_001,15572729,True
conversation_trace,0.01,1.0,"l1=0.01,l2x1",leaf,16,leaf16,label,reproduction_anchor,,2,main,150.0,,1857442038,1857442038,58742117,5183,3218284,12327468,15545752,12327468,0,0,266107,5182,207357,212539,271289,32.65797734260559,1279.10546875,919.091796875,55791986ef8b2d139d4c959dd793b10367fa390b10a52962597b4f5565ed42ca,5183,46,55523833,110893,12327468,24093,40683067,81663,0,0,2560,5,0,0,28312,56,25752,51,497952,975,0,0,8129425,15885,7631473,14910,2012786,4157,0,0,35038628,70859,33025842,66702,0,0,0,0,0,0,0,0,2513298,0,500512,43196365,8157737,5182,1286,56932,207357,85483,0,0,0.0,0.0,0,0,0,0,0.0,0.20985740095134808,20.98574009513481,0.0,0.048197105323936486,13.839176071914466,59.64822139454048,0.0,0.0,13.887373177238404,0.003470570330963109,0.9965294296690369,212539,5182,207357,0,4b04a21260b55a30e52802298150e7e6259fba6ce549578fd67b0ef91319d484,10311104,10311104,0,1.0,86769,0,0,86769,1.0,0.0,0.0,0,0.0,0,3929,0,0,3929,1.0,0.0,0.0,0,0.0,0,82840,0,0,82840,1.0,0.0,0.0,0,0.0,0,,,,,,,,,,,,,,,mechanism_control_001,15545752,True
conversation_trace,0.01,1.0,"l1=0.01,l2x1",leaf,16,leaf16,label,reproduction_anchor,,3,main,150.0,,1857442038,1857442038,58742117,5183,3218284,12316024,15534308,12316024,0,0,266305,4984,207579,212563,271289,23.512569427490234,1245.7734375,807.4208984375,8793788f2ef0821220b8f40831ceb3260f8f30c1c66a3707e5d12421b1c4ffe4,5183,48,55523833,110893,12316024,24071,40695194,81687,0,0,2560,5,0,0,29696,58,27136,53,499454,977,0,0,8139485,15905,7640031,14928,2010601,4153,0,0,35038628,70859,33028027,66706,0,0,0,0,0,0,0,0,2512615,0,502014,43207809,8169181,4984,1198,56908,207579,85593,0,0,0.0,0.0,0,0,0,0,0.0,0.2096625833216055,20.966258332160553,0.0,0.05055316613801985,13.85630177407464,59.64822139454048,0.0,0.0,13.906854940212659,0.0036351257243535185,0.9963648742756465,212563,4984,207579,0,2e3fef1294ac4a6e58a56c257872bfa387da99933069c8d7a9fc44850cafc604,10313087,10313087,0,1.0,86791,0,0,86791,1.0,0.0,0.0,1,1.152193199755735e-05,1,3797,0,0,3797,1.0,0.0,0.0,0,0.0,0,82994,0,0,82994,1.0,0.0,0.0,1,1.2049063787743692e-05,1,,,,,,,,,,,,,,,mechanism_control_001,15534308,True
conversation_trace,0.01,1.0,"l1=0.01,l2x1",leaf,16,leaf16,label,reproduction_anchor,,4,main,150.0,,1857442038,1857442038,58742117,5183,3218284,12336318,15554602,12336318,0,0,266457,4832,207709,212541,271289,23.27467179298401,1274.8984375,840.333984375,027b6927589aec4b9ed01f178b89fb1ba7b4435842d69a23aa33306e87e10ed8,5183,48,55523833,110893,12336318,24111,40676406,81647,0,0,1536,3,0,0,31744,62,30208,59,494861,968,0,0,8117143,15861,7622282,14893,2014712,4164,0,0,35038628,70859,33023916,66695,0,0,0,0,0,0,0,0,2511109,0,496397,43187515,8148887,4832,1129,56929,207709,85622,0,0,0.0,0.0,0,0,0,0,0.0,0.21000805946438736,21.000805946438735,0.0,0.05403959138891777,13.818267734545556,59.64822139454048,0.0,0.0,13.872307325934473,0.003895501312019666,0.9961044986879803,212541,4832,207709,0,4d23e426b7c25139dc26498a2c004c0a0f6dce1a9a16e1f821360b274385e387,10306613,10306613,0,1.0,86751,0,0,86751,1.0,0.0,0.0,1,1.1527244642713053e-05,1,3751,0,0,3751,1.0,0.0,0.0,0,0.0,0,83000,0,0,83000,1.0,0.0,0.0,1,1.2048192771084337e-05,1,,,,,,,,,,,,,,,mechanism_control_001,15554602,True
conversation_trace,0.01,4.0,"l1=0.01,l2x4",leaf,16,leaf16,label_binary_600,horizon,600.0,0,main,600.0,,1857442038,7429768151,58742117,5183,3218284,18834649,22052933,18834649,0,0,271287,2,178193,178195,271289,37.708661794662476,1278.76171875,819.3232421875,2eb0c4c431f4f2fff305d88e8af997d6c54fd9ca591a466106e13a744eb418d3,5183,68,55523833,110893,18834649,36810,34206942,68968,0,0,0,0,0,0,0,0,0,0,68476,134,0,0,1650556,3224,1582080,3090,2413766,4981,0,0,35038628,70859,32624862,65878,0,0,0,0,0,0,0,0,2482242,0,68476,36689184,1650556,2,0,85865,178193,73995,0,0,0.0,0.0,0,0,0,0,0.0,0.32063279231151987,32.06327923115199,0.0,0.0,2.8098340412212246,59.64822139454048,0.0,0.0,2.8098340412212246,0.0,1.0,178195,2,178193,0,76cd3753c1ab054765397504b9670c93dbc93ffda602250733eb9ce4b65c806c,8789013,7543077,20167,0.8593866569545409,73995,0,0,73971,0.9996756537603892,54.87810347511578,0.000741646104130222,0,0.0,0,1837,0,0,1837,1.0,0.0,0.0,0,0.0,0,72158,0,0,72134,0.9996673965464675,54.87810347511578,0.0007605269474641173,0,0.0,0,600.0,178195,2,178193,0,0,0,73995,0,73995,0,0,0,0,,,
conversation_trace,0.01,4.0,"l1=0.01,l2x4",leaf,16,leaf16,label_binary_600,horizon,600.0,1,main,600.0,,1857442038,7429768151,58742117,5183,3218284,18837209,22055493,18837209,0,0,271286,3,178192,178195,271289,37.27881383895874,1274.8984375,840.701171875,65e07b24a8e5f6608ff789973188187f4c82f67473aae421efaee2ffa24e44e4,5183,68,55523833,110893,18837209,36815,34204875,68963,0,0,0,0,0,0,0,0,0,0,72060,141,0,0,1647996,3219,1575936,3078,2409689,4974,0,0,35038628,70859,32628939,65885,0,0,0,0,0,0,0,0,2481749,0,72060,36686624,1647996,3,0,85858,178192,73984,0,0,0.0,0.0,0,0,0,0,0.0,0.3206763726271561,32.06763726271561,0.0,0.0,2.8054760096576024,59.64822139454048,0.0,0.0,2.8054760096576024,0.0,1.0,178195,3,178192,0,5197e0814e6f9bc67e12e1202a1b4c24a07bf2cac251e1af2e3852468aaa989a,8788734,7529428,20734,0.8578931846156682,73984,0,0,73943,0.9994458261245674,59.12491272086833,0.0007991580979788647,0,0.0,0,1825,0,0,1823,0.9989041095890411,3.7681526350084438,0.0020647411698676405,0,0.0,0,72159,0,0,72120,0.9994595268781441,55.35676008585989,0.0007671497676777656,0,0.0,0,600.0,178195,3,178192,0,0,0,73984,0,73984,0,0,0,0,,,
conversation_trace,0.01,4.0,"l1=0.01,l2x4",leaf,16,leaf16,label_binary_600,horizon,600.0,2,main,600.0,,1857442038,7429768151,58742117,5183,3218284,18840281,22058565,18840281,0,0,271283,6,178188,178194,271289,37.541892766952515,1254.6640625,771.2158203125,1196b779d2413efe35ae3380928a84fe614115ee845fccfbd847c01882d255eb,5183,68,55523833,110893,18840281,36821,34201536,68957,0,0,0,0,0,0,0,0,0,0,67452,132,0,0,1644924,3213,1577472,3081,2414564,4983,0,0,35038628,70859,32624064,65876,0,0,0,0,0,0,0,0,2482016,0,67452,36683552,1644924,6,1,85873,178188,73987,0,0,0.0,0.0,0,0,0,0,0.0,0.32072866900591956,32.072866900591954,0.0,0.0,2.800246371781255,59.64822139454048,0.0,0.0,2.800246371781255,0.0,1.0,178194,6,178188,0,1ca1359219f189a834e97f22e88fb62eb31151d74db5ec6cb3fed3a73b327905,8789518,7541706,20377,0.8591932458639939,73988,0,0,73958,0.999594528842515,42.0313376713645,0.0005680831712083648,0,0.0,0,1841,0,0,1841,1.0,0.0,0.0,0,0.0,0,72147,0,0,72117,0.9995841822944821,42.0313376713645,0.0005825791463451633,0,0.0,0,600.0,178194,6,178188,0,0,0,73988,1,73987,0,0,0,0,,,
conversation_trace,0.01,4.0,"l1=0.01,l2x4",leaf,16,leaf16,label_binary_600,horizon,600.0,3,main,600.0,,1857442038,7429768151,58742117,5183,3218284,18836697,22054981,18836697,0,0,271286,3,178189,178192,271289,38.04351043701172,1281.3046875,678.19921875,fdba1d96e82560e49409ecb58aecbcd878e008bfb832ec50e2443f4c72a7ebb3,5183,68,55523833,110893,18836697,36814,34205340,68964,0,0,0,0,0,0,0,0,0,0,72060,141,0,0,1648508,3220,1576448,3079,2409736,4974,0,0,35038628,70859,32628892,65885,0,0,0,0,0,0,0,0,2481796,0,72060,36687136,1648508,3,1,85867,178189,73989,0,0,0.0,0.0,0,0,0,0,0.0,0.32066765656402885,32.066765656402886,0.0,0.0,2.806347615970327,59.64822139454048,0.0,0.0,2.806347615970327,0.0,1.0,178192,3,178189,0,1e132417341c7a05d0dda03b38527f607e8b09cf99265de48924afbc6edcc83a,8788911,7539108,20349,0.8589553927670902,73990,0,0,73950,0.999459386403568,49.4589718759172,0.000668454816541657,0,0.0,0,1828,0,0,1828,1.0,0.0,0.0,0,0.0,0,72162,0,0,72122,0.9994456916382584,49.4589718759172,0.0006853880418491338,0,0.0,0,600.0,178192,3,178189,0,0,0,73990,1,73989,0,0,0,0,,,
conversation_trace,0.01,4.0,"l1=0.01,l2x4",leaf,16,leaf16,label_binary_600,horizon,600.0,4,main,600.0,,1857442038,7429768151,58742117,5183,3218284,18836666,22054950,18836666,0,0,271284,5,178189,178194,271289,45.658642530441284,1247.6953125,757.638671875,755b5e6b1449cbd72017ee318e103150a8b3d8bc484d99968725b48d07f6f129,5183,67,55523833,110893,18836666,36813,34205212,68964,0,0,0,0,0,0,0,0,0,0,69019,136,0,0,1648539,3221,1579520,3085,2412936,4980,0,0,35038628,70859,32625692,65879,0,0,0,0,0,0,0,0,2481955,0,69019,36687167,1648539,5,1,85869,178189,73992,0,0,0.0,0.0,0,0,0,0,0.0,0.3206671288336442,32.06671288336442,0.0,0.0,2.8064003890087923,59.64822139454048,0.0,0.0,2.8064003890087923,0.0,1.0,178194,5,178189,0,be2e1905c1c279fa797a37ab249dba4b7f00a6bf8bf6165447828547941904a1,8789861,7534104,20653,0.8583105580395413,73993,0,0,73967,0.9996486154095657,39.39987474796519,0.0005324811096720661,0,0.0,0,1835,0,0,1835,1.0,0.0,0.0,0,0.0,0,72158,0,0,72132,0.9996396795920064,39.39987474796519,0.0005460222670800909,0,0.0,0,600.0,178194,5,178189,0,0,0,73993,1,73992,0,0,0,0,,,
conversation_trace,0.01,4.0,"l1=0.01,l2x4",leaf,16,leaf16,evict_binary_600_learned,class_order,600.0,0,main,600.0,learned,1857442038,7429768151,58742117,5183,3218284,18931392,22149676,18931392,0,0,271225,64,178232,178296,271289,83.12801218032837,1258.51171875,995.8447265625,513b61a12c7597bdf7a9b97468b7cc80911163d6c7e11be1c64950d8f10fb761,5183,65,55523833,110893,18931392,36997,34110677,68778,0,0,0,0,0,0,0,0,0,0,90517,179,0,0,1553813,3037,1463296,2858,2391247,4939,0,0,35038628,70859,32647381,65920,0,0,0,0,0,0,0,0,2481764,0,90517,36592441,1553813,64,64,85904,178232,73845,0,0,0.0,0.0,0,0,0,0,0.0,0.3222797026535492,32.22797026535493,0.0,0.0,2.6451430070182864,59.64822139454048,0.0,0.0,2.6451430070182864,0.0,1.0,178296,64,178232,3062,f055641c13d1b4a8e07db72ea86cd1247e3e65201e0756ee7bc8fbc5e107740e,8878464,6190104,717,0.6972447599044159,73909,0,1459,5052,0.06835432761909917,139.00597680252156,0.001880771987207533,0,0.0,0,2730,0,1459,161,0.05897435897435897,0.0,0.0,0,0.0,0,71179,0,0,4891,0.06871408702004805,139.00597680252156,0.0019529071327571553,0,0.0,0,600.0,178296,64,178232,0,3062,0,73909,64,73845,0,1459,0,0,,,
conversation_trace,0.01,4.0,"l1=0.01,l2x4",leaf,16,leaf16,evict_binary_600_learned,class_order,600.0,1,main,600.0,learned,1857442038,7429768151,58742117,5183,3218284,18929554,22147838,18929554,0,0,271220,69,178240,178309,271289,71.80069184303284,1258.51171875,995.84765625,ec3f8746f2d0342b067d25ea064148a8c9446864e19b13cb635d89bc319d17d3,5183,67,55523833,110893,18929554,36994,34113300,68783,0,0,0,0,0,0,0,0,0,0,88771,175,0,0,1555651,3040,1466880,2865,2392208,4941,0,0,35038628,70859,32646420,65918,0,0,0,0,0,0,0,0,2480979,0,88771,36594279,1555651,69,69,85891,178240,73844,0,0,0.0,0.0,0,0,0,0,0.0,0.32224841334880727,32.22484133488073,0.0,0.0,2.648271937492481,59.64822139454048,0.0,0.0,2.648271937492481,0.0,1.0,178309,69,178240,3051,e75e4ec85b5794df6255ca71e3a62b5e924515c5ff9b6e20a730f5ffa47c210b,8878734,6173046,689,0.6953007602209955,73913,0,1450,5070,0.06859415799656353,97.92186842155286,0.0013248260579539846,0,0.0,0,2719,0,1450,161,0.05921294593600589,0.0,0.0,0,0.0,0,71194,0,0,4909,0.06895243981234374,97.92186842155286,0.0013754230471887078,0,0.0,0,600.0,178309,69,178240,0,3051,0,73913,69,73844,0,1450,0,0,,,
conversation_trace,0.01,4.0,"l1=0.01,l2x4",leaf,16,leaf16,evict_binary_600_learned,class_order,600.0,2,main,600.0,learned,1857442038,7429768151,58742117,5183,3218284,18922922,22141206,18922922,0,0,271223,66,178240,178306,271289,86.14538025856018,1247.6953125,972.544921875,428869cd56417ce445ff0824d9c61469f18cded8a57f31d7c4646da7e39b80da,5183,66,55523833,110893,18922922,36981,34119552,68795,0,0,0,0,0,0,0,0,0,0,93355,184,0,0,1562283,3053,1468928,2869,2388004,4933,0,0,35038628,70859,32650624,65926,0,0,0,0,0,0,0,0,2481359,0,93355,36600911,1562283,66,66,85894,178240,73859,0,0,0.0,0.0,0,0,0,0,0.0,0.3221355130936122,32.21355130936122,0.0,0.0,2.65956196301199,59.64822139454048,0.0,0.0,2.65956196301199,0.0,1.0,178306,66,178240,2975,27567cb5bef5a37e3a8ae63511436937b2c142de693133dbc1b4589d0bbec9ff,8879775,6186211,666,0.6967005357680797,73925,0,1392,5083,0.0687588772404464,150.4946400655066,0.0020357746373419897,3,4.0581670612106865e-05,0,2704,0,1392,158,0.058431952662721894,7.752514373103871,0.002867054132065041,3,0.0011094674556213018,0,71221,0,0,4925,0.06915095266845453,142.7421256924027,0.0020042140055938937,0,0.0,0,600.0,178306,66,178240,0,2975,0,73925,66,73859,0,1392,0,0,,,
conversation_trace,0.01,4.0,"l1=0.01,l2x4",leaf,16,leaf16,evict_binary_600_learned,class_order,600.0,3,main,600.0,learned,1857442038,7429768151,58742117,5183,3218284,18934162,22152446,18934162,0,0,271238,51,178232,178283,271289,71.97946619987488,1261.39453125,1004.8759765625,1e3eabd4db93bfa09bbfd6f0526507c2e58266ac9ce0e121dc61588910a2999a,5183,67,55523833,110893,18934162,37003,34108023,68774,0,0,0,0,0,0,0,0,0,0,88771,175,0,0,1551043,3031,1462272,2856,2392877,4941,0,0,35038628,70859,32645751,65918,0,0,0,0,0,0,0,0,2481648,0,88771,36589671,1551043,51,51,85917,178232,73853,0,0,0.0,0.0,0,0,0,0,0.0,0.3223268579169525,32.23268579169525,0.0,0.0,2.6404274806779604,59.64822139454048,0.0,0.0,2.6404274806779604,0.0,1.0,178283,51,178232,3030,3b175b2c15a873affea558a6bde16d637226cf72f1ccd3b9e705966a67014697,8877777,6185041,719,0.6967285278735882,73904,0,1411,5068,0.06857544923143538,91.61649529031124,0.0012396689663659779,2,2.7062134661182073e-05,0,2731,0,1411,153,0.056023434639326256,4.980354190697638,0.0018236375652499592,2,0.0007323324789454412,0,71173,0,0,4915,0.06905708625461902,86.63614109961361,0.0012172613364564316,0,0.0,0,600.0,178283,51,178232,0,3030,0,73904,51,73853,0,1411,0,0,,,
conversation_trace,0.01,4.0,"l1=0.01,l2x4",leaf,16,leaf16,evict_binary_600_learned,class_order,600.0,4,main,600.0,learned,1857442038,7429768151,58742117,5183,3218284,18926667,22144951,18926667,0,0,271247,42,178279,178321,271289,80.41242527961731,1260.72265625,1004.85546875,6511e1bc8fce239af43f500034cf0d69ede51bce86c8f2e59fff9752a065bc04,5183,66,55523833,110893,18926667,36988,34115493,68788,0,0,512,1,0,0,512,1,0,0,86026,170,0,0,1558026,3045,1472000,2875,2395135,4946,0,0,35038628,70859,32643493,65913,0,0,0,0,0,0,0,0,2481673,0,86538,36597166,1558538,42,42,85879,178279,73877,0,0,0.0,0.0,0,0,0,0,0.0,0.322199266328791,32.219926632879094,0.0,0.0008716063127244801,2.6523150331813885,59.64822139454048,0.0,0.0,2.653186639494113,0.00032851300385361155,0.9996714869961464,178321,42,178279,3026,700e78114bcb1a1b48566a1a115eca544f9f9024439c013167579c766e5280cd,8879454,6176055,639,0.6955804377161028,73919,0,1440,5117,0.06922442132604607,112.6203901891376,0.0015235648505680217,5,6.764160770573195e-05,0,2712,0,1440,159,0.0586283185840708,9.24404704954561,0.0034085719209238975,5,0.0018436578171091445,0,71207,0,0,4958,0.06962798601261112,103.37634313959197,0.0014517722013227907,0,0.0,0,600.0,178321,42,178279,0,3026,0,73919,42,73877,0,1440,0,0,,,
conversation_trace,0.01,4.0,"l1=0.01,l2x4",leaf,16,leaf16,evict_binary_600_recency,class_order,600.0,0,main,600.0,recency,1857442038,7429768151,58742117,5183,3218284,18839257,22057541,18839257,0,0,271279,10,178178,178188,271289,38.837467193603516,1247.6953125,903.7802734375,8b8153beb0ef0d14e7027d54da618fd253233647bd8bfd38416077ba55c0fb1d,5183,68,55523833,110893,18839257,36819,34202511,68959,0,0,0,0,0,0,0,0,0,0,68476,134,0,0,1645948,3215,1577472,3081,2413589,4981,0,0,35038628,70859,32625039,65878,0,0,0,0,0,0,0,0,2482065,0,68476,36684576,1645948,10,10,85875,178178,73978,0,0,0.0,0.0,0,0,0,0,0.0,0.3207112368796651,32.071123687966505,0.0,0.0,2.801989584406704,59.64822139454048,0.0,0.0,2.801989584406704,0.0,1.0,178188,10,178178,13,28181b99f18ba11285e4a80d17df001a8430aec08755b17ebc2b4d3626dbab94,8789612,7532709,20480,0.8581663217898583,73988,0,12,73939,0.9993377304427745,60.34942882706527,0.0008156650920022878,2,2.703141049899984e-05,0,1843,0,12,1831,0.9934888768312534,6.102627810549319,0.0033112467772920887,2,0.0010851871947911015,0,72145,0,0,72108,0.9994871439462194,54.246801016515946,0.0007519135216094801,0,0.0,0,600.0,178188,10,178178,0,13,0,73988,10,73978,0,12,0,0,,,
conversation_trace,0.01,4.0,"l1=0.01,l2x4",leaf,16,leaf16,evict_binary_600_recency,class_order,600.0,1,main,600.0,recency,1857442038,7429768151,58742117,5183,3218284,18839769,22058053,18839769,0,0,271279,10,178177,178187,271289,39.301409006118774,1245.7734375,982.509765625,14e7bfb8e61ff199f4b70ba31a80c83d5e816ad7aae8d53481f0d20ebd7273a3,5183,68,55523833,110893,18839769,36820,34201876,68958,0,0,0,0,0,0,0,0,0,0,67964,133,0,0,1645436,3214,1577472,3081,2414224,4982,0,0,35038628,70859,32624404,65877,0,0,0,0,0,0,0,0,2482188,0,67964,36684064,1645436,10,10,85875,178177,73978,0,0,0.0,0.0,0,0,0,0,0.0,0.3207199529427923,32.07199529427923,0.0,0.0,2.8011179780939797,59.64822139454048,0.0,0.0,2.8011179780939797,0.0,1.0,178187,10,178177,13,2f05a82aa976a6ac85952db214125e9f363b9fbf3e0dc1d6b38eb55fae5b54c9,8788364,7538209,20476,0.8589137864567284,73988,0,10,73951,0.9994999189057685,47.26931805957227,0.0006388781702380423,0,0.0,0,1841,0,10,1831,0.9945681694731124,0.0,0.0,0,0.0,0,72147,0,0,72120,0.9996257640650339,47.26931805957227,0.000655180645897574,0,0.0,0,600.0,178187,10,178177,0,13,0,73988,10,73978,0,10,0,0,,,
conversation_trace,0.01,4.0,"l1=0.01,l2x4",leaf,16,leaf16,evict_binary_600_recency,class_order,600.0,2,main,600.0,recency,1857442038,7429768151,58742117,5183,3218284,18836697,22054981,18836697,0,0,271271,18,178178,178196,271289,39.52736806869507,1258.51171875,922.353515625,2caf0b591bcd5d407657b59e259808c55e0cb579c04294f2f23df191deb4fe6d,5183,68,55523833,110893,18836697,36814,34204109,68964,0,0,0,0,0,0,0,0,0,0,72060,141,0,0,1648508,3220,1576448,3079,2410967,4974,0,0,35038628,70859,32627661,65885,0,0,0,0,0,0,0,0,2483027,0,72060,36687136,1648508,18,18,85870,178178,73979,0,0,0.0,0.0,0,0,0,0,0.0,0.32066765656402885,32.066765656402886,0.0,0.0,2.806347615970327,59.64822139454048,0.0,0.0,2.806347615970327,0.0,1.0,178196,18,178178,22,a3097787371f2097faf9ccf1f5b547897a8238f8145d834ae2c43c1a818fde71,8789733,7544614,20329,0.8595003397714128,73997,0,19,73943,0.9992702406854332,59.34987666298388,0.0008020578761704378,1,1.3514061380866793e-05,0,1848,0,19,1829,0.9897186147186147,1.0326189195133564,0.0005587764715981366,1,0.0005411255411255411,0,72149,0,0,72114,0.9995148927913069,58.31725774347052,0.0008082892035020655,0,0.0,0,600.0,178196,18,178178,0,22,0,73997,18,73979,0,19,0,0,,,
conversation_trace,0.01,4.0,"l1=0.01,l2x4",leaf,16,leaf16,evict_binary_600_recency,class_order,600.0,3,main,600.0,recency,1857442038,7429768151,58742117,5183,3218284,18836317,22054601,18836317,0,0,271269,20,178194,178214,271289,39.50866413116455,1261.39453125,936.923828125,3e4ed56cf8ff3183672371fb2ccc66194d1442210775c6d8b336f8232d72433d,5183,67,55523833,110893,18836317,36813,34204933,68964,0,0,0,0,0,0,0,0,0,0,71416,140,0,0,1648888,3221,1577472,3081,2411167,4976,0,0,35038628,70859,32627461,65883,0,0,0,0,0,0,0,0,2482583,0,71416,36687516,1648888,20,20,85857,178194,73986,0,0,0.0,0.0,0,0,0,0,0.0,0.3206611876109266,32.06611876109266,0.0,0.0,2.806994511280552,59.64822139454048,0.0,0.0,2.806994511280552,0.0,1.0,178214,20,178194,24,e7f1ba28a2dced6e38109d89d2af383e216ec536de99eb4a1a73ec931707fdee,8791085,7545304,20488,0.8594556872103956,74006,0,21,73944,0.9991622300894522,63.008243369790655,0.0008513937163174696,1,1.3512417912061184e-05,0,1846,0,21,1825,0.9886240520043337,2.9646077300500613,0.0016059630173618966,1,0.0005417118093174431,0,72160,0,0,72119,0.9994318181818181,60.04363563974059,0.0008320902943423031,0,0.0,0,600.0,178214,20,178194,0,24,0,74006,20,73986,0,21,0,0,,,
conversation_trace,0.01,4.0,"l1=0.01,l2x4",leaf,16,leaf16,evict_binary_600_recency,class_order,600.0,4,main,600.0,recency,1857442038,7429768151,58742117,5183,3218284,18836154,22054438,18836154,0,0,271276,13,178197,178210,271289,39.66588544845581,1278.76171875,937.220703125,a2e45a8c7b522411290f4923ab51f3f760d6572e8427e53f23ffc9a040527aab,5183,67,55523833,110893,18836154,36812,34205783,68965,0,0,0,0,0,0,0,0,0,0,68507,135,0,0,1649051,3222,1580544,3087,2413389,4981,0,0,35038628,70859,32625239,65878,0,0,0,0,0,0,0,0,2481896,0,68507,36687679,1649051,13,13,85860,178197,73994,0,0,0.0,0.0,0,0,0,0,0.0,0.32065841277051693,32.065841277051696,0.0,0.0,2.807271995321517,59.64822139454048,0.0,0.0,2.807271995321517,0.0,1.0,178210,13,178197,20,3d74c52db851089d955987a752cf28ad129c511c29abc0a5ca73d5784a7d458b,8791387,7537857,20534,0.8585817004757043,74007,0,15,73969,0.9994865350574945,44.23883550801624,0.0005977655560692399,2,2.702447065818098e-05,0,1839,0,15,1824,0.9918433931484503,5.581949890340317,0.003035318048037149,2,0.001087547580206634,0,72168,0,0,72145,0.9996812991907771,38.656885617675925,0.0005356513360170148,0,0.0,0,600.0,178210,13,178197,0,20,0,74007,13,73994,0,15,0,0,,,
conversation_trace,0.01,4.0,"l1=0.01,l2x4",leaf,16,leaf16,label,reproduction_anchor,,0,main,600.0,,1857442038,7429768151,58742117,5183,3218284,18835292,22053576,18835292,0,0,271286,3,178209,178212,271289,38.504459619522095,1258.51171875,791.0966796875,70ef021947d804091366981bdd2dc1afe166f939b4fbbe5f5c2963f7b453b6d0,5183,67,55523833,110893,18835292,36811,34206552,68966,0,0,0,0,0,0,0,0,0,0,70393,138,0,0,1649913,3223,1579520,3085,2411596,4978,0,0,35038628,70859,32627032,65881,0,0,0,0,0,0,0,0,2481989,0,70393,36688541,1649913,3,0,85849,178209,73985,0,0,0.0,0.0,0,0,0,0,0.0,0.3206437384611113,32.06437384611113,0.0,0.0,2.8087394262620804,59.64822139454048,0.0,0.0,2.8087394262620804,0.0,1.0,178212,3,178209,0,4ffbe649586ae3e920c0f2e1bad6e977357f8aaea26d538cf6ec140300316095,8787031,8787031,0,1.0,73985,0,0,73985,1.0,0.0,0.0,6,8.109751976752045e-05,6,1820,0,0,1820,1.0,0.0,0.0,0,0.0,0,72165,0,0,72165,1.0,0.0,0.0,6,8.314279775514447e-05,6,,,,,,,,,,,,,,,mechanism_control_001,22053576,True
conversation_trace,0.01,4.0,"l1=0.01,l2x4",leaf,16,leaf16,label,reproduction_anchor,,1,main,600.0,,1857442038,7429768151,58742117,5183,3218284,18834268,22052552,18834268,0,0,271287,2,178203,178205,271289,38.42380976676941,1261.39453125,797.3212890625,3f491f72a167b383dbce2ce6c2cb26866b4eef6a471f72759b71d7433480072c,5183,67,55523833,110893,18834268,36809,34207466,68968,0,0,0,0,0,0,0,0,0,0,72953,143,0,0,1650937,3225,1577984,3082,2409146,4973,0,0,35038628,70859,32629482,65886,0,0,0,0,0,0,0,0,2482099,0,72953,36689565,1650937,2,0,85856,178203,73997,0,0,0.0,0.0,0,0,0,0,0.0,0.32062630633485684,32.06263063348568,0.0,0.0,2.8104826388875295,59.64822139454048,0.0,0.0,2.8104826388875295,0.0,1.0,178205,2,178203,0,17ce8f57b91281d1198b979c7a479d02717ff0adaae617ed7693e64989284fc0,8787779,8787779,0,1.0,73997,0,0,73997,1.0,0.0,0.0,5,6.757030690433396e-05,5,1826,0,0,1826,1.0,0.0,0.0,0,0.0,0,72171,0,0,72171,1.0,0.0,0.0,5,6.927990467085117e-05,5,,,,,,,,,,,,,,,mechanism_control_001,22052552,True
conversation_trace,0.01,4.0,"l1=0.01,l2x4",leaf,16,leaf16,label,reproduction_anchor,,2,main,600.0,,1857442038,7429768151,58742117,5183,3218284,18828853,22047137,18828853,0,0,271285,4,178215,178219,271289,38.88257074356079,1260.72265625,662.8779296875,fc3a987039bc536533b63f0bc6408bdaa5ffd8361b2a955fbe0ddba8682454c6,5183,67,55523833,110893,18828853,36798,34212929,68979,0,0,0,0,0,0,0,0,0,0,76832,151,0,0,1656352,3236,1579520,3085,2405219,4965,0,0,35038628,70859,32633409,65894,0,0,0,0,0,0,0,0,2482051,0,76832,36694980,1656352,4,2,85842,178215,74004,0,0,0.0,0.0,0,0,0,0,0.0,0.3205341237531497,32.05341237531497,0.0,0.0,2.8197008970582385,59.64822139454048,0.0,0.0,2.8197008970582385,0.0,1.0,178219,4,178215,0,05dd8586e599b4bac1afd3cb67fe81fc1f4d6c2d47cf31ab7a37b8b236178cc9,8789613,8789613,0,1.0,74006,0,0,74006,1.0,0.0,0.0,7,9.458692538442828e-05,7,1840,0,0,1840,1.0,0.0,0.0,0,0.0,0,72166,0,0,72166,1.0,0.0,0.0,7,9.699858659202395e-05,7,,,,,,,,,,,,,,,mechanism_control_001,22047137,True
conversation_trace,0.01,4.0,"l1=0.01,l2x4",leaf,16,leaf16,label,reproduction_anchor,,3,main,600.0,,1857442038,7429768151,58742117,5183,3218284,18833092,22051376,18833092,0,0,271285,4,178198,178202,271289,38.61628079414368,1245.7734375,807.421875,56bf4fa7316f7162d57e123d6ac4bcae048a6e5c53960c4486521b9b75008bc2,5183,66,55523833,110893,18833092,36806,34208557,68970,0,0,0,0,0,0,0,0,0,0,71188,140,0,0,1652113,3228,1580925,3088,2410996,4977,0,0,35038628,70859,32627632,65882,0,0,0,0,0,0,0,0,2482184,0,71188,36690741,1652113,4,0,85863,178198,74004,0,0,0.0,0.0,0,0,0,0,0.0,0.3206062866273614,32.06062866273614,0.0,0.0,2.8124846096370684,59.64822139454048,0.0,0.0,2.8124846096370684,0.0,1.0,178202,4,178198,0,5c5e7c794af36b722db892803743a99d5c0a77bef07f24ce781dec5644eb47d3,8788930,8788930,0,1.0,74004,0,0,74004,1.0,0.0,0.0,0,0.0,0,1833,0,0,1833,1.0,0.0,0.0,0,0.0,0,72171,0,0,72171,1.0,0.0,0.0,0,0.0,0,,,,,,,,,,,,,,,mechanism_control_001,22051376,True
conversation_trace,0.01,4.0,"l1=0.01,l2x4",leaf,16,leaf16,label,reproduction_anchor,,4,main,600.0,,1857442038,7429768151,58742117,5183,3218284,18836533,22054817,18836533,0,0,271286,3,178200,178203,271289,71.2300283908844,1279.10546875,823.7236328125,43af05f437f9913eaeb72b10f2e442bc3e92dfd48a2be20ce92bbd164bf02303,5183,67,55523833,110893,18836533,36813,34205369,68964,0,0,0,0,0,0,0,0,0,0,70176,138,0,0,1648672,3221,1578496,3083,2411755,4978,0,0,35038628,70859,32626873,65881,0,0,0,0,0,0,0,0,2481931,0,70176,36687300,1648672,3,2,85861,178200,73991,0,0,0.0,0.0,0,0,0,0,0.0,0.3206648647000584,32.06648647000584,0.0,0.0,2.8066268023673713,59.64822139454048,0.0,0.0,2.8066268023673713,0.0,1.0,178203,3,178200,0,c30a1aad76dbed86ade73dfdaa473824dd08db68095306667bd430071a9d1040,8788166,8788166,0,1.0,73993,0,0,73993,1.0,0.0,0.0,6,8.108875163866852e-05,6,1822,0,0,1822,1.0,0.0,0.0,0,0.0,0,72171,0,0,72171,1.0,0.0,0.0,6,8.31358856050214e-05,6,,,,,,,,,,,,,,,mechanism_control_001,22054817,True
conversation_trace,0.02,1.0,"l1=0.02,l2x1",leaf,16,leaf16,label_binary_300,horizon,300.0,0,main,300.0,,3714884076,3714884076,58742117,5183,4770907,14342109,19113016,14342109,0,0,261576,6,192953,192959,261582,35.189531326293945,1247.6953125,758.529296875,0d8747ae6f2bb9f73fdb4be25851539deb21de622a850c6413e4fe8f6658a5a5,5183,62,53971210,107855,14342109,28027,37137561,74707,0,0,0,0,0,0,0,0,0,0,229276,449,0,0,4590473,8969,4361197,8520,2262264,4672,0,0,35038628,70859,32776364,66187,0,0,0,0,0,0,0,0,2491540,0,229276,39629101,4590473,6,6,65018,192953,79775,0,0,0.0,0.0,0,0,0,0,0.0,0.24415376449575354,24.415376449575355,0.0,0.0,7.8146196195142235,59.64822139454048,0.0,0.0,7.8146196195142235,0.0,1.0,192959,6,192953,0,1802e689b2dd19dcc2398924c020c08dd5eee5959a8d574d676495d8dfaf3ee9,9352430,7939317,44829,0.8513008383917335,79781,0,0,75483,0.9461275240972161,1746.6112395948903,0.02189257140916873,4170,0.05226808387962046,5,2062,0,0,1952,0.9466537342386033,38.017359466805495,0.018437128742388696,110,0.0533462657613967,0,77719,0,0,73531,0.9461135629640114,1708.5938801280845,0.0219842494129889,4060,0.05223947811989346,5,300.0,192959,6,192953,0,0,0,79781,6,79775,0,0,0,0,,,
conversation_trace,0.02,1.0,"l1=0.02,l2x1",leaf,16,leaf16,label_binary_300,horizon,300.0,1,main,300.0,,3714884076,3714884076,58742117,5183,4770907,14344669,19115576,14344669,0,0,261575,7,192913,192920,261582,26.88000798225403,1245.7734375,825.4609375,5344c39c62e4c3187b062b8988e15fac57191b0bf27ff3c796d5fe836de23741,5183,62,53971210,107855,14344669,28032,37134559,74702,0,0,0,0,0,0,0,0,0,0,230300,451,0,0,4587913,8964,4357613,8513,2261682,4670,0,0,35038628,70859,32776946,66189,0,0,0,0,0,0,0,0,2491982,0,230300,39626541,4587913,7,5,65056,192913,79769,0,0,0.0,0.0,0,0,0,0,0.0,0.24419734481138974,24.419734481138974,0.0,0.0,7.810261587950601,59.64822139454048,0.0,0.0,7.810261587950601,0.0,1.0,192920,7,192913,0,cc649ec2f40c85211a11dd5e0ab9b7f79f0b9b9849c8552dea45474f521fa374,9349952,7933437,44450,0.8508773093166682,79774,0,0,75483,0.946210544789029,1750.5905651748667,0.021944374923845697,4156,0.052097174518013385,5,2062,0,0,1949,0.9451988360814743,39.79082218854753,0.01929719795758852,113,0.0548011639185257,0,77712,0,0,73534,0.9462373893349805,1710.7997429863178,0.022014614769743642,4043,0.0520254272184476,5,300.0,192920,7,192913,0,0,0,79774,5,79769,0,0,0,0,,,
conversation_trace,0.02,1.0,"l1=0.02,l2x1",leaf,16,leaf16,label_binary_300,horizon,300.0,2,main,300.0,,3714884076,3714884076,58742117,5183,4770907,14360029,19130936,14360029,0,0,261576,6,192896,192902,261582,52.21905493736267,1279.10546875,824.0771484375,82624b3d2b5dcd3d113bb373b72bbc9ed64622197f60710a0c4e9d517cfa569f,5183,62,53971210,107855,14360029,28062,37119375,74672,0,0,0,0,0,0,0,0,0,0,226204,443,0,0,4572553,8934,4346349,8491,2265602,4678,0,0,35038628,70859,32773026,66181,0,0,0,0,0,0,0,0,2491806,0,226204,39611181,4572553,6,4,65074,192896,79743,0,0,0.0,0.0,0,0,0,0,0.0,0.2444588267052071,24.44588267052071,0.0,0.0,7.784113398568866,59.64822139454048,0.0,0.0,7.784113398568866,0.0,1.0,192902,6,192896,0,6598bc618b19ee6732bec4e7870a45339e393125286124c54d938649756fca29,9350600,7922609,45096,0.8496948858896756,79747,0,0,75481,0.9465058246705205,1719.4258338579384,0.021561009616135256,4158,0.05213989240974582,2,2057,0,0,1944,0.9450656295576082,40.93629339205393,0.019900969077323253,113,0.054934370442391835,0,77690,0,0,73537,0.9465439567511906,1678.489540465883,0.021604962549438576,4045,0.052065902947612305,2,300.0,192902,6,192896,0,0,0,79747,4,79743,0,0,0,0,,,
conversation_trace,0.02,1.0,"l1=0.02,l2x1",leaf,16,leaf16,label_binary_300,horizon,300.0,3,main,300.0,,3714884076,3714884076,58742117,5183,4770907,14357469,19128376,14357469,0,0,261579,3,192915,192918,261582,26.88393545150757,1278.76171875,808.490234375,0a14fefc913e69369725ec878fd00fe10f65056f3e72a966f90698c188303aa0,5183,62,53971210,107855,14357469,28057,37121401,74677,0,0,0,0,0,0,0,0,0,0,227228,445,0,0,4575113,8939,4347885,8494,2265112,4676,0,0,35038628,70859,32773516,66183,0,0,0,0,0,0,0,0,2492340,0,227228,39613741,4575113,3,2,65060,192915,79746,0,0,0.0,0.0,0,0,0,0,0.0,0.24441524638957088,24.441524638957087,0.0,0.0,7.788471430132489,59.64822139454048,0.0,0.0,7.788471430132489,0.0,1.0,192918,3,192915,0,5dde6cb3bd5fe4e4b8243e7a44ebf92d73df03cfaf30d757eab7e50dfe56d5b4,9350491,7929930,44291,0.8504446985725135,79748,0,0,75483,0.9465190349601244,1711.4787781909536,0.021461087151915453,4159,0.05215177810101821,8,2051,0,0,1950,0.9507557289127255,36.41660907967285,0.017755538312858532,101,0.0492442710872745,0,77697,0,0,73533,0.9464071971890806,1675.0621691112838,0.02155890406465222,4058,0.05222852877202466,8,300.0,192918,3,192915,0,0,0,79748,2,79746,0,0,0,0,,,
conversation_trace,0.02,1.0,"l1=0.02,l2x1",leaf,16,leaf16,label_binary_300,horizon,300.0,4,main,300.0,,3714884076,3714884076,58742117,5183,4770907,14357469,19128376,14357469,0,0,261577,5,192912,192917,261582,26.609112977981567,1274.8984375,844.318359375,8149f8aeb6d1be3c58df0fefd6ea5ce059e121a3ae2482e7bc6e6531428aa234,5183,62,53971210,107855,14357469,28057,37122707,74677,0,0,0,0,0,0,0,0,0,0,225109,441,0,0,4575113,8939,4350004,8498,2265925,4680,0,0,35038628,70859,32772703,66179,0,0,0,0,0,0,0,0,2491034,0,225109,39613741,4575113,5,4,65059,192912,79748,0,0,0.0,0.0,0,0,0,0,0.0,0.24441524638957088,24.441524638957087,0.0,0.0,7.788471430132489,59.64822139454048,0.0,0.0,7.788471430132489,0.0,1.0,192917,5,192912,0,1667dad61a0253c5a25efd45abc92b9235ce7a70ad789c4a8d717b1a9ee26a72,9351110,7931664,44558,0.850588111999538,79752,0,0,75493,0.9465969505466948,1700.6315284697,0.021323998501225048,4164,0.05221185675594343,6,2065,0,0,1950,0.9443099273607748,44.11536906679221,0.021363374850746835,115,0.05569007263922518,0,77687,0,0,73543,0.9466577419645501,1656.5161594029078,0.021322951837539197,4049,0.05211940221658708,6,300.0,192917,5,192912,0,0,0,79752,4,79748,0,0,0,0,,,
conversation_trace,0.02,1.0,"l1=0.02,l2x1",leaf,16,leaf16,evict_binary_300_learned,class_order,300.0,0,main,300.0,learned,3714884076,3714884076,58742117,5183,4770907,14623771,19394678,14623771,0,0,261502,80,191648,191728,261582,61.55503010749817,1154.13671875,947.4599609375,b910f1e5fb1fdd1c4a5bc674c703a06552fcf0d166552c71814414f4cf13f8de,5183,54,53971210,107855,14623771,28575,36853088,74151,0,0,0,0,0,0,0,0,0,0,249694,491,0,0,4308811,8421,4059117,7930,2244657,4638,0,0,35038628,70859,32793971,66221,0,0,0,0,0,0,0,0,2494351,0,249694,39347439,4308811,80,80,66311,191648,79184,0,0,0.0,0.0,0,0,0,0,0.0,0.24894865467650748,24.89486546765075,0.0,0.0,7.335130601438828,59.64822139454048,0.0,0.0,7.335130601438828,0.0,1.0,191728,80,191648,3948,edb41ef1cece4c305c4219329f4c37121b95f8b62022065079c9f558ba6df015,9518849,6443127,1302,0.6769492824184941,79264,0,1849,4784,0.06035526846992329,1561.9756526223607,0.0197059907728901,3761,0.04744903108599112,4,4030,0,1849,182,0.04516129032258064,62.39591427116472,0.015482857139246829,130,0.03225806451612903,1,75234,0,0,4602,0.06116915224499561,1499.5797383511933,0.019932208022319608,3631,0.04826275354228141,3,300.0,191728,80,191648,0,3948,0,79264,80,79184,0,1849,0,0,,,
conversation_trace,0.02,1.0,"l1=0.02,l2x1",leaf,16,leaf16,evict_binary_300_learned,class_order,300.0,1,main,300.0,learned,3714884076,3714884076,58742117,5183,4770907,14641077,19411984,14641077,0,0,261506,76,191593,191669,261582,61.68709921836853,1154.1796875,947.458984375,802e7c28b06b6314b5b9b0f3cb176b06c45c4a89fa6cf3d4dd4cfda07012fb46,5183,54,53971210,107855,14641077,28609,36835469,74117,0,0,0,0,0,0,0,0,0,0,247748,487,0,0,4291505,8387,4043757,7900,2246916,4642,0,0,35038628,70859,32791712,66217,0,0,0,0,0,0,0,0,2494664,0,247748,39330133,4291505,76,74,66370,191593,79155,0,0,0.0,0.0,0,0,0,0,0.0,0.24924326441963268,24.924326441963267,0.0,0.0,7.305669627126309,59.64822139454048,0.0,0.0,7.305669627126309,0.0,1.0,191669,76,191593,3933,a5d7db44d91c20745bf28869915a9b4c9d23029b4a0f6a4eb200843e430f5536,9514303,6447288,1338,0.6777119669196997,79229,0,1890,4669,0.05893044213608654,1504.2906631843023,0.01898661680930344,3736,0.04715445102172185,2,4083,0,1890,178,0.04359539554249327,67.39274134316567,0.016505692222181158,152,0.03722752877785942,0,75146,0,0,4491,0.0597636600750539,1436.897921841132,0.019121415934861895,3584,0.04769382269182658,2,300.0,191669,76,191593,0,3933,0,79229,74,79155,0,1890,0,0,,,
conversation_trace,0.02,1.0,"l1=0.02,l2x1",leaf,16,leaf16,evict_binary_300_learned,class_order,300.0,2,main,300.0,learned,3714884076,3714884076,58742117,5183,4770907,14623590,19394497,14623590,0,0,261511,71,191619,191690,261582,62.92751145362854,1154.20703125,947.466796875,12113284e08aa0c8504f855b7ffc08697322fe8debb0e993bd41571755b79ab0,5183,51,53971210,107855,14623590,28574,36851928,74149,0,0,0,0,0,0,512,1,512,1,257555,507,0,0,4308480,8421,4050925,7914,2238137,4625,0,0,35038628,70859,32800491,66234,0,0,0,0,0,0,0,0,2495692,0,257555,39347620,4308992,71,71,66349,191619,79193,0,0,0.0,0.0,0,0,0,0,0.0,0.24894557341200352,24.89455734120035,0.0,0.0008716063127244801,7.3345671215765,59.64822139454048,0.0,0.0,7.335438727889224,0.0001188212927756654,0.9998811787072244,191690,71,191619,3985,a9a4dedfc1acf517fd10f3941c7e9c74d11e67d7f7ec91f741e8cd17b1d5654f,9518425,6449026,1281,0.6775980795142054,79264,0,1856,4830,0.060935607589826406,1580.9773297146355,0.019945717219855615,3730,0.047057932983447716,4,4038,0,1856,190,0.0470529965329371,69.58426079901118,0.01723235780064665,163,0.040366518078256565,0,75226,0,0,4640,0.06168080185042406,1511.3930689156207,0.020091365603855327,3567,0.04741711642251349,4,300.0,191690,71,191619,0,3985,0,79264,71,79193,0,1856,0,0,,,
conversation_trace,0.02,1.0,"l1=0.02,l2x1",leaf,16,leaf16,evict_binary_300_learned,class_order,300.0,3,main,300.0,learned,3714884076,3714884076,58742117,5183,4770907,14629998,19400905,14629998,0,0,261514,68,191625,191693,261582,84.93782067298889,1143.375,910.73828125,11437957c70416a222544e5aa7c3cc7ad0fd2f71058d6e3a08fa2725212ea8db,5183,53,53971210,107855,14629998,28587,36846613,74138,0,0,0,0,0,0,0,0,0,0,251659,495,0,0,4302584,8409,4050925,7914,2242940,4635,0,0,35038628,70859,32795688,66224,0,0,0,0,0,0,0,0,2494599,0,251659,39341212,4302584,68,68,66346,191625,79184,0,0,0.0,0.0,0,0,0,0,0.0,0.24905466038958043,24.905466038958043,0.0,0.0,7.324530030131532,59.64822139454048,0.0,0.0,7.324530030131532,0.0,1.0,191693,68,191625,3984,9da71c8963b06b83be1a77f3f76cbc9099e717f07b36467e4abfb7058af1ddd0,9517581,6454883,1244,0.6782716112423944,79252,0,1873,4762,0.06008681168929491,1540.4584544700117,0.019437471035052892,3739,0.047178620097915513,1,4098,0,1873,192,0.04685212298682284,74.40840103165583,0.0181572476895207,158,0.038555392874572963,0,75154,0,0,4570,0.060808473268222585,1466.0500534383557,0.019507279099427254,3581,0.0476488277403731,1,300.0,191693,68,191625,0,3984,0,79252,68,79184,0,1873,0,0,,,
conversation_trace,0.02,1.0,"l1=0.02,l2x1",leaf,16,leaf16,evict_binary_300_learned,class_order,300.0,4,main,300.0,learned,3714884076,3714884076,58742117,5183,4770907,14628310,19399217,14628310,0,0,261506,76,191593,191669,261582,61.379098653793335,1143.56640625,910.5751953125,aa036986e765f494e09539b936f1e8a930aafe69a54eed11d11132cd50924763,5183,55,53971210,107855,14628310,28584,36848470,74143,0,0,0,0,0,0,0,0,0,0,252323,496,0,0,4304272,8412,4051949,7916,2242107,4632,0,0,35038628,70859,32796521,66227,0,0,0,0,0,0,0,0,2494430,0,252323,39342900,4304272,76,76,66370,191593,79178,0,0,0.0,0.0,0,0,0,0,0.0,0.2490259246189578,24.902592461895782,0.0,0.0,7.327403607193796,59.64822139454048,0.0,0.0,7.327403607193796,0.0,1.0,191669,76,191593,3913,07b31a37300095178eab125bab56d366925a71330efe99f914c6ce2f4555cf22,9516512,6438943,1237,0.6766724509988533,79254,0,1857,4793,0.060476442829384004,1572.9235523703223,0.019846614080933737,3738,0.047164811870694226,1,3998,0,1857,177,0.04427213606803402,69.31494171948685,0.017337404131937684,164,0.04102051025512756,0,75256,0,0,4616,0.06133730200914213,1503.6086106508321,0.019979916693032212,3574,0.04749122993515467,1,300.0,191669,76,191593,0,3913,0,79254,76,79178,0,1857,0,0,,,
conversation_trace,0.02,1.0,"l1=0.02,l2x1",leaf,16,leaf16,evict_binary_300_recency,class_order,300.0,0,main,300.0,recency,3714884076,3714884076,58742117,5183,4770907,14345181,19116088,14345181,0,0,261582,0,192953,192953,261582,28.884302854537964,1258.51171875,899.654296875,9a5eeb165ac0aaa5abd20b8af43dee4689451a2c84812a149d3600f3f51b564c,5183,62,53971210,107855,14345181,28033,37134174,74701,0,0,0,0,0,0,0,0,0,0,224156,439,0,0,4587401,8963,4363245,8524,2267699,4682,0,0,35038628,70859,32770929,66177,0,0,0,0,0,0,0,0,2491855,0,224156,39626029,4587401,0,0,65024,192953,79775,0,0,0.0,0.0,0,0,0,0,0.0,0.244206060874517,24.4206060874517,0.0,0.0,7.809389981637876,59.64822139454048,0.0,0.0,7.809389981637876,0.0,1.0,192953,0,192953,3,8b951471d2ffca1f74359dce6d8192c8e508ebb51155bc593581a15032dee3fc,9352635,7932499,45526,0.8505904485741184,79775,0,3,75479,0.946148542776559,1764.0134246881757,0.022112358817777195,4180,0.05239736759636478,8,2066,0,3,1950,0.9438528557599225,47.133509844409396,0.02281389634288935,116,0.05614714424007745,0,77709,0,0,73529,0.9462095767543013,1716.8799148437658,0.022093707483608924,4064,0.05229767465801902,8,300.0,192953,0,192953,0,3,0,79775,0,79775,0,3,0,0,,,
conversation_trace,0.02,1.0,"l1=0.02,l2x1",leaf,16,leaf16,evict_binary_300_recency,class_order,300.0,1,main,300.0,recency,3714884076,3714884076,58742117,5183,4770907,14350325,19121232,14350325,0,0,261582,0,192916,192916,261582,29.078511953353882,1278.76171875,996.5771484375,05859fa2cc547bcc1e07aaa15e46364465f76910624790800de5fdc36918130d,5183,61,53971210,107855,14350325,28043,37128355,74690,0,0,0,0,0,0,0,0,0,0,230205,451,0,0,4582257,8953,4352052,8502,2262325,4671,0,0,35038628,70859,32776303,66188,0,0,0,0,0,0,0,0,2492530,0,230205,39620885,4582257,0,0,65062,192916,79767,0,0,0.0,0.0,0,0,0,0,0.0,0.24429363007124855,24.429363007124852,0.0,0.0,7.800633061964723,59.64822139454048,0.0,0.0,7.800633061964723,0.0,1.0,192916,0,192916,6,37307cf815b82b55d380701e68d0c961ef1af3fd58fb8332ae8e892a708f7d3a,9350257,7938189,44734,0.851372962261893,79767,0,5,75483,0.9462935800519011,1765.4084188875572,0.022132064875043028,4165,0.052214574949540536,8,2053,0,5,1958,0.9537262542620555,37.60044313782504,0.01831487731993426,92,0.044812469556746226,0,77714,0,0,73525,0.9460972282986334,1727.807975749733,0.02223290495598905,4073,0.05241011915484983,8,300.0,192916,0,192916,0,6,0,79767,0,79767,0,5,0,0,,,
conversation_trace,0.02,1.0,"l1=0.02,l2x1",leaf,16,leaf16,evict_binary_300_recency,class_order,300.0,2,main,300.0,recency,3714884076,3714884076,58742117,5183,4770907,14348765,19119672,14348765,0,0,261582,0,192925,192925,261582,28.891374349594116,1279.10546875,998.576171875,4c64e9b9b431dea25b68af844030730957d648443f5783da5cee0acbca6479c5,5183,62,53971210,107855,14348765,28040,37130756,74694,0,0,0,0,0,0,0,0,0,0,227740,446,0,0,4583817,8956,4356077,8510,2263949,4675,0,0,35038628,70859,32774679,66184,0,0,0,0,0,0,0,0,2491689,0,227740,39622445,4583817,0,0,65052,192925,79769,0,0,0.0,0.0,0,0,0,0,0.0,0.2442670733164077,24.42670733164077,0.0,0.0,7.803288737448805,59.64822139454048,0.0,0.0,7.803288737448805,0.0,1.0,192925,0,192925,10,079be9e1224a36eec0612445f52a1ab6856d1b47ab96dfa48ffe51c547660504,9351506,7932934,44896,0.8507059718509511,79769,0,9,75481,0.9462447818074691,1748.679816827113,0.02192179689888444,4169,0.05226341059810202,4,2056,0,9,1942,0.9445525291828794,54.645288887146535,0.026578447902308625,109,0.05301556420233463,0,77713,0,0,73539,0.9462895525845096,1694.0345279399653,0.02179859904957942,4060,0.05224351138162212,4,300.0,192925,0,192925,0,10,0,79769,0,79769,0,9,0,0,,,
conversation_trace,0.02,1.0,"l1=0.02,l2x1",leaf,16,leaf16,evict_binary_300_recency,class_order,300.0,3,main,300.0,recency,3714884076,3714884076,58742117,5183,4770907,14357469,19128376,14357469,0,0,261582,0,192907,192907,261582,28.977240085601807,1281.3046875,1004.9091796875,3087e647a7646f05c4dcb8b9c72116a8d9beab5d188d2d578a18a6b50b44b697,5183,62,53971210,107855,14357469,28057,37122430,74677,0,0,0,0,0,0,0,0,0,0,223132,437,0,0,4575113,8939,4351981,8502,2268179,4684,0,0,35038628,70859,32770449,66175,0,0,0,0,0,0,0,0,2491311,0,223132,39613741,4575113,0,0,65068,192907,79749,0,0,0.0,0.0,0,0,0,0,0.0,0.24441524638957088,24.441524638957087,0.0,0.0,7.788471430132489,59.64822139454048,0.0,0.0,7.788471430132489,0.0,1.0,192907,0,192907,4,19529d1ac6edab66ffb27521ef37173a2320c3fb43b58e501300b32ff079c5a3,9349637,7931033,45035,0.8506801387048503,79749,0,3,75464,0.9462689187325233,1699.6378215673235,0.0213123402370854,4192,0.05256492244416858,6,2056,0,3,1921,0.9343385214007782,49.54434265292768,0.02409744292457572,132,0.06420233463035019,0,77693,0,0,73543,0.946584634394347,1650.0934789143976,0.021238637701136494,4060,0.05225696008649428,6,300.0,192907,0,192907,0,4,0,79749,0,79749,0,3,0,0,,,
conversation_trace,0.02,1.0,"l1=0.02,l2x1",leaf,16,leaf16,evict_binary_300_recency,class_order,300.0,4,main,300.0,recency,3714884076,3714884076,58742117,5183,4770907,14359517,19130424,14359517,0,0,261582,0,192895,192895,261582,28.997682332992554,1258.51171875,899.619140625,cef8cec65b445fcf657dfcf84224bfa4cac2331d9b9cebfcb1eb873caccc7735,5183,62,53971210,107855,14359517,28061,37120179,74673,0,0,0,0,0,0,0,0,0,0,225692,442,0,0,4573065,8935,4347373,8493,2265822,4679,0,0,35038628,70859,32772806,66180,0,0,0,0,0,0,0,0,2491514,0,225692,39611693,4573065,0,0,65081,192895,79744,0,0,0.0,0.0,0,0,0,0,0.0,0.24445011064207986,24.445011064207986,0.0,0.0,7.784985004881591,59.64822139454048,0.0,0.0,7.784985004881591,0.0,1.0,192895,0,192895,11,2a80d4ba4adbd35b0bb1c27fe8d09213e71684e053fbd03f679588c6e34e4723,9351033,7919128,44885,0.8492720002164467,79744,0,10,75462,0.9463031701444623,1741.2379730074697,0.02183534777547489,4158,0.05214185393258427,3,2056,0,10,1925,0.936284046692607,56.711941209901156,0.027583628993142584,126,0.061284046692607,0,77688,0,0,73537,0.9465683245803728,1684.5260317975665,0.021683220469024385,4032,0.051899907321594066,3,300.0,192895,0,192895,0,11,0,79744,0,79744,0,10,0,0,,,
conversation_trace,0.02,1.0,"l1=0.02,l2x1",leaf,16,leaf16,label,reproduction_anchor,,0,main,300.0,,3714884076,3714884076,58742117,5183,4770907,15467567,20238474,15467567,0,0,261168,414,187826,188240,261582,27.6171772480011,1245.7734375,823.49609375,0f2db0321a7acecf29693072e3dce9df0f23f6ee270e82a6378092d03dcdfbe9,5183,58,53971210,107855,15467567,30224,36010241,72506,0,0,0,0,0,0,0,0,0,0,262498,515,0,0,3465015,6772,3202517,6257,2230904,4610,0,0,35038628,70859,32807724,66249,0,0,0,0,0,0,0,0,2493402,0,262498,38503643,3465015,414,142,69736,187826,77415,0,0,0.0,0.0,0,0,0,0,0.0,0.26331306718142283,26.331306718142283,0.0,0.0,5.8986893509472935,59.64822139454048,0.0,0.0,5.8986893509472935,0.0,1.0,188240,414,187826,0,81c39417b88a9571b291a494bc1a7e372a7da04e545108798c2765494ea1dbaa,9205162,9205162,0,1.0,77557,0,0,77557,1.0,0.0,0.0,3,3.8681228000051576e-05,3,2237,0,0,2237,1.0,0.0,0.0,0,0.0,0,75320,0,0,75320,1.0,0.0,0.0,3,3.983005841741901e-05,3,,,,,,,,,,,,,,,mechanism_control_001,20238474,True
conversation_trace,0.02,1.0,"l1=0.02,l2x1",leaf,16,leaf16,label,reproduction_anchor,,1,main,300.0,,3714884076,3714884076,58742117,5183,4770907,15466322,20237229,15466322,0,0,261193,389,187796,188185,261582,27.371498823165894,1274.8984375,748.580078125,8a99b487812005077b4f7b6a14dfd3bc6cab657caa99601b05f121c19760a4a0,5183,59,53971210,107855,15466322,30221,36011314,72510,0,0,0,0,0,0,512,1,512,1,261004,512,0,0,3465748,6774,3204744,6262,2232570,4612,0,0,35038628,70859,32806058,66247,0,0,0,0,0,0,0,0,2493574,0,261004,38504888,3466260,389,143,69791,187796,77422,0,0,0.0,0.0,0,0,0,0,0.0,0.2632918728482326,26.329187284823256,0.0,0.0008716063127244801,5.899937177953597,59.64822139454048,0.0,0.0,5.900808784266321,0.00014770963516874095,0.9998522903648313,188185,389,187796,0,82785fdd47eaafe7ba8c8939289125fe35afab9969f99dbe0dd634d627d9fc12,9204585,9204585,0,1.0,77565,0,0,77565,1.0,0.0,0.0,0,0.0,0,2214,0,0,2214,1.0,0.0,0.0,0,0.0,0,75351,0,0,75351,1.0,0.0,0.0,0,0.0,0,,,,,,,,,,,,,,,mechanism_control_001,20237229,True
conversation_trace,0.02,1.0,"l1=0.02,l2x1",leaf,16,leaf16,label,reproduction_anchor,,2,main,300.0,,3714884076,3714884076,58742117,5183,4770907,15468129,20239036,15468129,0,0,261223,359,187897,188256,261582,27.577698707580566,1254.6640625,785.328125,2b498d14a52b72c009fb5a414f702d86dfe7186b98fd4f428710770c1059e95d,5183,61,53971210,107855,15468129,30226,36009965,72507,0,0,0,0,0,0,0,0,0,0,266520,522,0,0,3464453,6770,3197933,6248,2226596,4600,0,0,35038628,70859,32812032,66259,0,0,0,0,0,0,0,0,2493116,0,266520,38503081,3464453,359,140,69718,187897,77413,0,0,0.0,0.0,0,0,0,0,0.0,0.26332263442258985,26.332263442258984,0.0,0.0,5.897732626830592,59.64822139454048,0.0,0.0,5.897732626830592,0.0,1.0,188256,359,187897,0,add029b50187d4313018bdb31c1f310d75362491f1c13a290206137947de5bee,9202658,9202658,0,1.0,77553,0,0,77553,1.0,0.0,0.0,3,3.868322308614754e-05,3,2183,0,0,2183,1.0,0.0,0.0,1,0.0004580852038479157,1,75370,0,0,75370,1.0,0.0,0.0,2,2.65357569324665e-05,2,,,,,,,,,,,,,,,mechanism_control_001,20239036,True
conversation_trace,0.02,1.0,"l1=0.02,l2x1",leaf,16,leaf16,label,reproduction_anchor,,3,main,300.0,,3714884076,3714884076,58742117,5183,4770907,15484618,20255525,15484618,0,0,261203,379,187827,188206,261582,28.650821208953857,1261.39453125,797.6767578125,6144194c80dbcab3552230565779b9d6db051b03255d3cc8513b1509997ae57f,5183,59,53971210,107855,15484618,30258,35992537,72473,0,0,380,1,0,0,380,1,0,0,269131,527,0,0,3447584,6737,3178453,6210,2224544,4596,0,0,35038628,70859,32814084,66263,0,0,0,0,0,0,0,0,2494055,0,269511,38486592,3447964,379,119,69773,187827,77409,0,0,0.0,0.0,0,0,0,0,0.0,0.26360333591654517,26.36033359165452,0.0,0.0006468953102252001,5.869015582124832,59.64822139454048,0.0,0.0,5.869662477435058,0.0001102099673894507,0.9998897900326106,188206,379,187827,0,3b81a10e342fd7a3d5c3cf086cf74c23d29f2d37ecc21ec7b7cb7257e8bc0e27,9199378,9199378,0,1.0,77528,0,0,77528,1.0,0.0,0.0,0,0.0,0,2164,0,0,2164,1.0,0.0,0.0,0,0.0,0,75364,0,0,75364,1.0,0.0,0.0,0,0.0,0,,,,,,,,,,,,,,,mechanism_control_001,20255525,True
conversation_trace,0.02,1.0,"l1=0.02,l2x1",leaf,16,leaf16,label,reproduction_anchor,,4,main,300.0,,3714884076,3714884076,58742117,5183,4770907,15469103,20240010,15469103,0,0,261153,429,187813,188242,261582,27.21600031852722,1258.51171875,784.1162109375,0adb54623dcb27eb2fb4e66da3fb6bd923ba34b9d5f1008d09396ca26c178185,5183,58,53971210,107855,15469103,30227,36008482,72503,0,0,0,0,0,0,512,1,512,1,266856,523,0,0,3462967,6768,3196111,6245,2226769,4602,0,0,35038628,70859,32811859,66257,0,0,0,0,0,0,0,0,2493625,0,266856,38502107,3463479,429,146,69733,187813,77407,0,0,0.0,0.0,0,0,0,0,0.0,0.26333921537080457,26.333921537080457,0.0,0.0008716063127244801,5.895202925696396,59.64822139454048,0.0,0.0,5.896074532009121,0.00014782823860055164,0.9998521717613994,188242,429,187813,0,3446a8f89a262de4e5ae096829ec640d83ab088d040008423b6a00ec7937fb9c,9202811,9202811,0,1.0,77553,0,0,77553,1.0,0.0,0.0,1,1.2894407695382512e-05,1,2200,0,0,2200,1.0,0.0,0.0,0,0.0,0,75353,0,0,75353,1.0,0.0,0.0,1,1.3270871763566149e-05,1,,,,,,,,,,,,,,,mechanism_control_001,20240010,True
conversation_trace,0.02,4.0,"l1=0.02,l2x4",leaf,16,leaf16,label_binary_600,horizon,600.0,0,main,600.0,,3714884076,14859536302,58742117,5183,4770907,17594214,22365121,17594214,0,0,261582,0,168025,168025,261582,64.01915979385376,1261.39453125,797.6728515625,3b33e37f3de8b407f0c068798e6bd018738893617a1f3fd14dc7d1c9b19b35e6,5183,69,53971210,107855,17594214,34382,33896493,68359,0,0,0,0,0,0,0,0,0,0,48128,94,0,0,1338368,2614,1290240,2520,2432375,5020,0,0,35038628,70859,32606253,65839,0,0,0,0,0,0,0,0,2480503,0,48128,36376996,1338368,0,0,79117,168025,73450,0,0,0.0,0.0,0,0,0,0,0.0,0.29951617167627786,29.951617167627784,0.0,0.0,2.278378901461791,59.64822139454048,0.0,0.0,2.278378901461791,0.0,1.0,168025,0,168025,0,8db614d5913f529626f25fdcf21f7354f8dedfc755b318000209e3b2229e4310,8740338,8664594,1010,0.9913917516691002,73450,0,0,73449,0.9999863852961198,0.0,0.0,0,0.0,0,1937,0,0,1937,1.0,0.0,0.0,0,0.0,0,71513,0,0,71512,0.9999860165284633,0.0,0.0,0,0.0,0,600.0,168025,0,168025,0,0,0,73450,0,73450,0,0,0,0,,,
conversation_trace,0.02,4.0,"l1=0.02,l2x4",leaf,16,leaf16,label_binary_600,horizon,600.0,1,main,600.0,,3714884076,14859536302,58742117,5183,4770907,17622374,22393281,17622374,0,0,261582,0,167947,167947,261582,108.79863429069519,1260.72265625,690.9638671875,2062fe1df4759f355735052de49f09c7bf150ed42fd666fa134bbe37a82dc858,5183,69,53971210,107855,17622374,34437,33868400,68304,0,0,0,0,0,0,0,0,0,0,47616,93,0,0,1310208,2559,1262592,2466,2432820,5021,0,0,35038628,70859,32605808,65838,0,0,0,0,0,0,0,0,2480436,0,47616,36348836,1310208,0,0,79193,167947,73394,0,0,0.0,0.0,0,0,0,0,0.0,0.2999955551482763,29.999555514827634,0.0,0.0,2.2304405542619445,59.64822139454048,0.0,0.0,2.2304405542619445,0.0,1.0,167947,0,167947,0,577b82d380fa38ef33c01c6101e3b8041b15dd3553fbd7c3cf9f328a82316bf7,8733448,8656595,1118,0.9912641605010988,73394,0,0,73392,0.9999727498160612,0.0,0.0,0,0.0,0,1934,0,0,1934,1.0,0.0,0.0,0,0.0,0,71460,0,0,71458,0.9999720123145815,0.0,0.0,0,0.0,0,600.0,167947,0,167947,0,0,0,73394,0,73394,0,0,0,0,,,
conversation_trace,0.02,4.0,"l1=0.02,l2x4",leaf,16,leaf16,label_binary_600,horizon,600.0,2,main,600.0,,3714884076,14859536302,58742117,5183,4770907,17610086,22380993,17610086,0,0,261582,0,167966,167966,261582,65.28533101081848,1278.76171875,850.232421875,20596f118de561fd48117845febd1594fe162757be5b99ec3d5a2e5d139b35e3,5183,69,53971210,107855,17610086,34413,33880621,68328,0,0,0,0,0,0,0,0,0,0,47616,93,0,0,1322496,2583,1274880,2490,2432887,5021,0,0,35038628,70859,32605741,65838,0,0,0,0,0,0,0,0,2480503,0,47616,36361124,1322496,0,0,79171,167966,73410,0,0,0.0,0.0,0,0,0,0,0.0,0.29978636963322247,29.978636963322245,0.0,0.0,2.251359105767332,59.64822139454048,0.0,0.0,2.251359105767332,0.0,1.0,167966,0,167966,0,40a49fb0164af24232430d0f5c3a6b93c4464d2c8cbe027934a8f080fbd36205,8735579,8660042,1040,0.9914124753493729,73410,0,0,73409,0.9999863778776733,0.0,0.0,0,0.0,0,1948,0,0,1948,1.0,0.0,0.0,0,0.0,0,71462,0,0,71461,0.9999860065489351,0.0,0.0,0,0.0,0,600.0,167966,0,167966,0,0,0,73410,0,73410,0,0,0,0,,,
conversation_trace,0.02,4.0,"l1=0.02,l2x4",leaf,16,leaf16,label_binary_600,horizon,600.0,3,main,600.0,,3714884076,14859536302,58742117,5183,4770907,17612134,22383041,17612134,0,0,261582,0,167941,167941,261582,70.99010586738586,1279.10546875,824.076171875,c5a34e5428232b8ce06e4c17282d9ea8abb5d1ce78c9f42f43411c65faeff323,5183,69,53971210,107855,17612134,34417,33878640,68324,0,0,0,0,0,0,0,0,0,0,47616,93,0,0,1320448,2579,1272832,2486,2432820,5021,0,0,35038628,70859,32605808,65838,0,0,0,0,0,0,0,0,2480436,0,47616,36359076,1320448,0,0,79194,167941,73403,0,0,0.0,0.0,0,0,0,0,0.0,0.2998212338857314,29.982123388573143,0.0,0.0,2.2478726805164344,59.64822139454048,0.0,0.0,2.2478726805164344,0.0,1.0,167941,0,167941,0,c5da6c6cf3d120578f6f3d91ee482c7aca886cc332add12bdb636f1a39e88b18,8734870,8659604,1042,0.9914429178682682,73403,0,0,73399,0.9999455063144558,0.0,0.0,0,0.0,0,1951,0,0,1951,1.0,0.0,0.0,0,0.0,0,71452,0,0,71448,0.9999440183619772,0.0,0.0,0,0.0,0,600.0,167941,0,167941,0,0,0,73403,0,73403,0,0,0,0,,,
conversation_trace,0.02,4.0,"l1=0.02,l2x4",leaf,16,leaf16,label_binary_600,horizon,600.0,4,main,600.0,,3714884076,14859536302,58742117,5183,4770907,17602406,22373313,17602406,0,0,261582,0,168010,168010,261582,63.664607763290405,1247.6953125,1050.572265625,af71f5db6f7768e075c64d1230b2c7be2ede586056780bc3133664e9e4faae05,5183,69,53971210,107855,17602406,34398,33888289,68343,0,0,0,0,0,0,0,0,0,0,48128,94,0,0,1330176,2598,1282048,2504,2432387,5020,0,0,35038628,70859,32606241,65839,0,0,0,0,0,0,0,0,2480515,0,48128,36368804,1330176,0,0,79130,168010,73434,0,0,0.0,0.0,0,0,0,0,0.0,0.2996556286863138,29.965562868631377,0.0,0.0,2.2644332004581993,59.64822139454048,0.0,0.0,2.2644332004581993,0.0,1.0,168010,0,168010,0,252829ad78c083eb3a3dc4d6df65027fd8b26e9d5986c3da1ed89d737c22dfb8,8738772,8661604,1026,0.9912281725624608,73434,0,0,73432,0.9999727646594221,0.0,0.0,0,0.0,0,1942,0,0,1942,1.0,0.0,0.0,0,0.0,0,71492,0,0,71490,0.9999720248419404,0.0,0.0,0,0.0,0,600.0,168010,0,168010,0,0,0,73434,0,73434,0,0,0,0,,,
conversation_trace,0.02,4.0,"l1=0.02,l2x4",leaf,16,leaf16,evict_binary_600_learned,class_order,600.0,0,main,600.0,learned,3714884076,14859536302,58742117,5183,4770907,17707366,22478273,17707366,0,0,261563,19,168046,168065,261582,99.4172511100769,990.25,839.7685546875,848b4954c1dd00c239e542623a2f6e5b4324a7311f514141b3528bdd4511bd2b,5183,69,53971210,107855,17707366,34603,33783649,68138,0,0,0,0,0,0,0,0,0,0,48128,94,0,0,1225216,2393,1177088,2299,2432067,5020,0,0,35038628,70859,32606561,65839,0,0,0,0,0,0,0,0,2480195,0,48128,36263844,1225216,19,19,79323,168046,73236,0,0,0.0,0.0,0,0,0,0,0.0,0.301442421627399,30.144242162739896,0.0,0.0,2.085753906349681,59.64822139454048,0.0,0.0,2.085753906349681,0.0,1.0,168065,19,168046,15,4f510fc67be52b9c509d182760aaa134f89a264ccb6ea21d888f576a0d84ef66,8785760,5540199,78,0.6305929139880898,73255,0,15,2513,0.03430482560917344,0.0,0.0,0,0.0,0,1981,0,15,63,0.03180212014134275,0.0,0.0,0,0.0,0,71274,0,0,2450,0.03437438617167551,0.0,0.0,0,0.0,0,600.0,168065,19,168046,0,15,0,73255,19,73236,0,15,0,0,,,
conversation_trace,0.02,4.0,"l1=0.02,l2x4",leaf,16,leaf16,evict_binary_600_learned,class_order,600.0,1,main,600.0,learned,3714884076,14859536302,58742117,5183,4770907,17707878,22478785,17707878,0,0,261565,17,168076,168093,261582,100.7402675151825,989.28515625,839.9228515625,f6d57408cce2d9644b03ce3c43c3a958d9274e706d49f533e971bf2b08becf03,5183,69,53971210,107855,17707878,34604,33783137,68137,0,0,0,0,0,0,0,0,0,0,48640,95,0,0,1224704,2392,1176064,2297,2431555,5019,0,0,35038628,70859,32607073,65840,0,0,0,0,0,0,0,0,2480195,0,48640,36263332,1224704,17,17,79296,168076,73239,0,0,0.0,0.0,0,0,0,0,0.0,0.3014511376905262,30.14511376905262,0.0,0.0,2.0848823000369565,59.64822139454048,0.0,0.0,2.0848823000369565,0.0,1.0,168093,17,168076,17,aa8c3aaa5f20a4a64b8c5659b6986c5aef33ba77b11ff740a48dbc43d464cd86,8785241,5539978,67,0.6306043852411106,73256,0,14,2507,0.03422245276837392,0.0,0.0,0,0.0,0,1959,0,14,64,0.03266972945380296,0.0,0.0,0,0.0,0,71297,0,0,2443,0.034265116344306214,0.0,0.0,0,0.0,0,600.0,168093,17,168076,0,17,0,73256,17,73239,0,14,0,0,,,
conversation_trace,0.02,4.0,"l1=0.02,l2x4",leaf,16,leaf16,evict_binary_600_learned,class_order,600.0,2,main,600.0,learned,3714884076,14859536302,58742117,5183,4770907,17718118,22489025,17718118,0,0,261567,15,168043,168058,261582,101.49983334541321,989.55078125,840.1904296875,2290f1c75cdeedf6a7c714f4ae306d0f1758b2027144a813d8f7b7002171d37f,5183,69,53971210,107855,17718118,34624,33772897,68117,0,0,0,0,0,0,0,0,0,0,49664,97,0,0,1214464,2372,1164800,2275,2430531,5017,0,0,35038628,70859,32608097,65842,0,0,0,0,0,0,0,0,2480195,0,49664,36253092,1214464,15,15,79332,168043,73225,0,0,0.0,0.0,0,0,0,0,0.0,0.3016254589530711,30.162545895307108,0.0,0.0,2.0674501737824666,59.64822139454048,0.0,0.0,2.0674501737824666,0.0,1.0,168058,15,168043,23,cf09bdb6f01148217cd21d8e54b5cafe7b1d4ee7b6045e8e8ae499bb4a22c311,8783296,5535629,70,0.6302490545690365,73240,0,21,2544,0.034735117422173674,0.0,0.0,0,0.0,0,1966,0,21,63,0.03204476093591048,0.0,0.0,0,0.0,0,71274,0,0,2481,0.03480932738445997,0.0,0.0,0,0.0,0,600.0,168058,15,168043,0,23,0,73240,15,73225,0,21,0,0,,,
conversation_trace,0.02,4.0,"l1=0.02,l2x4",leaf,16,leaf16,evict_binary_600_learned,class_order,600.0,3,main,600.0,learned,3714884076,14859536302,58742117,5183,4770907,17714022,22484929,17714022,0,0,261571,11,168037,168048,261582,99.50442409515381,990.00390625,839.775390625,2a5e274953f36df751fc37655bc1165764bf006a4d9f28ffea80792995f30640,5183,69,53971210,107855,17714022,34616,33776993,68125,0,0,0,0,0,0,0,0,0,0,49664,97,0,0,1218560,2380,1168896,2283,2430531,5017,0,0,35038628,70859,32608097,65842,0,0,0,0,0,0,0,0,2480195,0,49664,36257188,1218560,11,11,79342,168037,73236,0,0,0.0,0.0,0,0,0,0,0.0,0.3015557304480531,30.155573044805315,0.0,0.0,2.0744230242842625,59.64822139454048,0.0,0.0,2.0744230242842625,0.0,1.0,168048,11,168037,23,a86883ba315059801072a80063bb0517cc29ca5e3c5eaf08a618992caa691d0f,8784364,5531963,83,0.6297558366206136,73247,0,20,2573,0.035127718541373705,0.0,0.0,0,0.0,0,1953,0,20,89,0.045570916538658475,0.0,0.0,0,0.0,0,71294,0,0,2484,0.03484164165287401,0.0,0.0,0,0.0,0,600.0,168048,11,168037,0,23,0,73247,11,73236,0,20,0,0,,,
conversation_trace,0.02,4.0,"l1=0.02,l2x4",leaf,16,leaf16,evict_binary_600_learned,class_order,600.0,4,main,600.0,learned,3714884076,14859536302,58742117,5183,4770907,17715558,22486465,17715558,0,0,261573,9,168077,168086,261582,100.56437492370605,989.78125,839.7744140625,74192ae435e8af1aaa6485e64639377780ccc91f71fd10c528b5d429a82b85c3,5183,69,53971210,107855,17715558,34619,33775457,68122,0,0,0,0,0,0,0,0,0,0,49152,96,0,0,1217024,2377,1167872,2281,2431043,5018,0,0,35038628,70859,32607585,65841,0,0,0,0,0,0,0,0,2480195,0,49152,36255652,1217024,9,9,79303,168077,73230,0,0,0.0,0.0,0,0,0,0,0.0,0.30158187863743485,30.15818786374349,0.0,0.0,2.0718082053460893,59.64822139454048,0.0,0.0,2.0718082053460893,0.0,1.0,168086,9,168077,20,4ca84c3dd0b5363175296bc78204057f7398fd5c05b457e1052ef91c271ed32f,8783579,5532356,69,0.6298560643673837,73239,0,18,2573,0.03513155559196603,0.0,0.0,0,0.0,0,1970,0,18,54,0.027411167512690356,0.0,0.0,0,0.0,0,71269,0,0,2519,0.035344960642074395,0.0,0.0,0,0.0,0,600.0,168086,9,168077,0,20,0,73239,9,73230,0,18,0,0,,,
conversation_trace,0.02,4.0,"l1=0.02,l2x4",leaf,16,leaf16,evict_binary_600_recency,class_order,600.0,0,main,600.0,recency,3714884076,14859536302,58742117,5183,4770907,17594214,22365121,17594214,0,0,261582,0,168025,168025,261582,64.9694356918335,1261.39453125,981.2275390625,3b33e37f3de8b407f0c068798e6bd018738893617a1f3fd14dc7d1c9b19b35e6,5183,69,53971210,107855,17594214,34382,33896493,68359,0,0,0,0,0,0,0,0,0,0,48128,94,0,0,1338368,2614,1290240,2520,2432375,5020,0,0,35038628,70859,32606253,65839,0,0,0,0,0,0,0,0,2480503,0,48128,36376996,1338368,0,0,79117,168025,73450,0,0,0.0,0.0,0,0,0,0,0.0,0.29951617167627786,29.951617167627784,0.0,0.0,2.278378901461791,59.64822139454048,0.0,0.0,2.278378901461791,0.0,1.0,168025,0,168025,0,8db614d5913f529626f25fdcf21f7354f8dedfc755b318000209e3b2229e4310,8740338,8664594,1010,0.9913917516691002,73450,0,0,73449,0.9999863852961198,0.0,0.0,0,0.0,0,1937,0,0,1937,1.0,0.0,0.0,0,0.0,0,71513,0,0,71512,0.9999860165284633,0.0,0.0,0,0.0,0,600.0,168025,0,168025,0,0,0,73450,0,73450,0,0,0,0,,,
conversation_trace,0.02,4.0,"l1=0.02,l2x4",leaf,16,leaf16,evict_binary_600_recency,class_order,600.0,1,main,600.0,recency,3714884076,14859536302,58742117,5183,4770907,17622374,22393281,17622374,0,0,261582,0,167947,167947,261582,109.96972346305847,1260.72265625,990.3623046875,2062fe1df4759f355735052de49f09c7bf150ed42fd666fa134bbe37a82dc858,5183,69,53971210,107855,17622374,34437,33868400,68304,0,0,0,0,0,0,0,0,0,0,47616,93,0,0,1310208,2559,1262592,2466,2432820,5021,0,0,35038628,70859,32605808,65838,0,0,0,0,0,0,0,0,2480436,0,47616,36348836,1310208,0,0,79193,167947,73394,0,0,0.0,0.0,0,0,0,0,0.0,0.2999955551482763,29.999555514827634,0.0,0.0,2.2304405542619445,59.64822139454048,0.0,0.0,2.2304405542619445,0.0,1.0,167947,0,167947,0,577b82d380fa38ef33c01c6101e3b8041b15dd3553fbd7c3cf9f328a82316bf7,8733448,8656595,1118,0.9912641605010988,73394,0,0,73392,0.9999727498160612,0.0,0.0,0,0.0,0,1934,0,0,1934,1.0,0.0,0.0,0,0.0,0,71460,0,0,71458,0.9999720123145815,0.0,0.0,0,0.0,0,600.0,167947,0,167947,0,0,0,73394,0,73394,0,0,0,0,,,
conversation_trace,0.02,4.0,"l1=0.02,l2x4",leaf,16,leaf16,evict_binary_600_recency,class_order,600.0,2,main,600.0,recency,3714884076,14859536302,58742117,5183,4770907,17610086,22380993,17610086,0,0,261582,0,167966,167966,261582,65.61088967323303,1278.76171875,996.2998046875,20596f118de561fd48117845febd1594fe162757be5b99ec3d5a2e5d139b35e3,5183,69,53971210,107855,17610086,34413,33880621,68328,0,0,0,0,0,0,0,0,0,0,47616,93,0,0,1322496,2583,1274880,2490,2432887,5021,0,0,35038628,70859,32605741,65838,0,0,0,0,0,0,0,0,2480503,0,47616,36361124,1322496,0,0,79171,167966,73410,0,0,0.0,0.0,0,0,0,0,0.0,0.29978636963322247,29.978636963322245,0.0,0.0,2.251359105767332,59.64822139454048,0.0,0.0,2.251359105767332,0.0,1.0,167966,0,167966,0,40a49fb0164af24232430d0f5c3a6b93c4464d2c8cbe027934a8f080fbd36205,8735579,8660042,1040,0.9914124753493729,73410,0,0,73409,0.9999863778776733,0.0,0.0,0,0.0,0,1948,0,0,1948,1.0,0.0,0.0,0,0.0,0,71462,0,0,71461,0.9999860065489351,0.0,0.0,0,0.0,0,600.0,167966,0,167966,0,0,0,73410,0,73410,0,0,0,0,,,
conversation_trace,0.02,4.0,"l1=0.02,l2x4",leaf,16,leaf16,evict_binary_600_recency,class_order,600.0,3,main,600.0,recency,3714884076,14859536302,58742117,5183,4770907,17612134,22383041,17612134,0,0,261582,0,167941,167941,261582,64.74022912979126,1258.51171875,993.306640625,c5a34e5428232b8ce06e4c17282d9ea8abb5d1ce78c9f42f43411c65faeff323,5183,69,53971210,107855,17612134,34417,33878640,68324,0,0,0,0,0,0,0,0,0,0,47616,93,0,0,1320448,2579,1272832,2486,2432820,5021,0,0,35038628,70859,32605808,65838,0,0,0,0,0,0,0,0,2480436,0,47616,36359076,1320448,0,0,79194,167941,73403,0,0,0.0,0.0,0,0,0,0,0.0,0.2998212338857314,29.982123388573143,0.0,0.0,2.2478726805164344,59.64822139454048,0.0,0.0,2.2478726805164344,0.0,1.0,167941,0,167941,0,c5da6c6cf3d120578f6f3d91ee482c7aca886cc332add12bdb636f1a39e88b18,8734870,8659604,1042,0.9914429178682682,73403,0,0,73399,0.9999455063144558,0.0,0.0,0,0.0,0,1951,0,0,1951,1.0,0.0,0.0,0,0.0,0,71452,0,0,71448,0.9999440183619772,0.0,0.0,0,0.0,0,600.0,167941,0,167941,0,0,0,73403,0,73403,0,0,0,0,,,
conversation_trace,0.02,4.0,"l1=0.02,l2x4",leaf,16,leaf16,evict_binary_600_recency,class_order,600.0,4,main,600.0,recency,3714884076,14859536302,58742117,5183,4770907,17602406,22373313,17602406,0,0,261582,0,168010,168010,261582,65.39753651618958,1279.10546875,998.408203125,af71f5db6f7768e075c64d1230b2c7be2ede586056780bc3133664e9e4faae05,5183,69,53971210,107855,17602406,34398,33888289,68343,0,0,0,0,0,0,0,0,0,0,48128,94,0,0,1330176,2598,1282048,2504,2432387,5020,0,0,35038628,70859,32606241,65839,0,0,0,0,0,0,0,0,2480515,0,48128,36368804,1330176,0,0,79130,168010,73434,0,0,0.0,0.0,0,0,0,0,0.0,0.2996556286863138,29.965562868631377,0.0,0.0,2.2644332004581993,59.64822139454048,0.0,0.0,2.2644332004581993,0.0,1.0,168010,0,168010,0,252829ad78c083eb3a3dc4d6df65027fd8b26e9d5986c3da1ed89d737c22dfb8,8738772,8661604,1026,0.9912281725624608,73434,0,0,73432,0.9999727646594221,0.0,0.0,0,0.0,0,1942,0,0,1942,1.0,0.0,0.0,0,0.0,0,71492,0,0,71490,0.9999720248419404,0.0,0.0,0,0.0,0,600.0,168010,0,168010,0,0,0,73434,0,73434,0,0,0,0,,,
conversation_trace,0.02,4.0,"l1=0.02,l2x4",leaf,16,leaf16,label,reproduction_anchor,,0,main,600.0,,3714884076,14859536302,58742117,5183,4770907,17594726,22365633,17594726,0,0,261582,0,167987,167987,261582,65.12515091896057,1245.7734375,808.06640625,4f6d7242d1a6abc1e2c1532b85ad04ed107a12d95951e8e0a2e3b08e924d821f,5183,69,53971210,107855,17594726,34383,33896048,68358,0,0,0,0,0,0,0,0,0,0,47616,93,0,0,1337856,2613,1290240,2520,2432820,5021,0,0,35038628,70859,32605808,65838,0,0,0,0,0,0,0,0,2480436,0,47616,36376484,1337856,0,0,79148,167987,73445,0,0,0.0,0.0,0,0,0,0,0.0,0.2995248877394051,29.95248877394051,0.0,0.0,2.2775072951490665,59.64822139454048,0.0,0.0,2.2775072951490665,0.0,1.0,167987,0,167987,0,0df92840fb95f8f3d20ef0d2914fc272c2feabc782bb1f19076790c642a6b06e,8739621,8739621,0,1.0,73445,0,0,73445,1.0,0.0,0.0,2,2.723126148818844e-05,2,1945,0,0,1945,1.0,0.0,0.0,0,0.0,0,71500,0,0,71500,1.0,0.0,0.0,2,2.7972027972027973e-05,2,,,,,,,,,,,,,,,mechanism_control_001,22365633,True
conversation_trace,0.02,4.0,"l1=0.02,l2x4",leaf,16,leaf16,label,reproduction_anchor,,1,main,600.0,,3714884076,14859536302,58742117,5183,4770907,17598822,22369729,17598822,0,0,261582,0,168004,168004,261582,65.12080359458923,1274.8984375,779.958984375,9329f4cc6fd9fae943fdf9821439d899bd7044f5c017e84d454cd75904a470d3,5183,69,53971210,107855,17598822,34391,33891861,68350,0,0,0,0,0,0,0,0,0,0,48640,95,0,0,1333760,2605,1285120,2510,2431887,5019,0,0,35038628,70859,32606741,65840,0,0,0,0,0,0,0,0,2480527,0,48640,36372388,1333760,0,0,79134,168004,73434,0,0,0.0,0.0,0,0,0,0,0.0,0.2995946162444231,29.959461624442305,0.0,0.0,2.2705344446472706,59.64822139454048,0.0,0.0,2.2705344446472706,0.0,1.0,168004,0,168004,0,48caad7fc76a17df560520b1bc63d605bfb2dac69ec7a72a260e331505d4f554,8738300,8738300,0,1.0,73434,0,0,73434,1.0,0.0,0.0,2,2.7235340577933927e-05,2,1931,0,0,1931,1.0,0.0,0.0,0,0.0,0,71503,0,0,71503,1.0,0.0,0.0,2,2.7970854369746725e-05,2,,,,,,,,,,,,,,,mechanism_control_001,22369729,True
conversation_trace,0.02,4.0,"l1=0.02,l2x4",leaf,16,leaf16,label,reproduction_anchor,,2,main,600.0,,3714884076,14859536302,58742117,5183,4770907,17608550,22379457,17608550,0,0,261582,0,167977,167977,261582,65.3724856376648,1254.6640625,771.7431640625,8e04ff1366246a902e1b0e83039ce1ec0fe8ec9c7c7da9d61bb208d20d273a1f,5183,69,53971210,107855,17608550,34410,33882145,68331,0,0,0,0,0,0,0,0,0,0,48128,94,0,0,1324032,2586,1275904,2492,2432387,5020,0,0,35038628,70859,32606241,65839,0,0,0,0,0,0,0,0,2480515,0,48128,36362660,1324032,0,0,79161,167977,73419,0,0,0.0,0.0,0,0,0,0,0.0,0.29976022144384074,29.97602214438407,0.0,0.0,2.2539739247055057,59.64822139454048,0.0,0.0,2.2539739247055057,0.0,1.0,167977,0,167977,0,5485624c44fdc358d3d4f5c94e221631aa4adfb76d73b09847274c1315d2751b,8736398,8736398,0,1.0,73419,0,0,73419,1.0,0.0,0.0,1,1.3620452471431101e-05,1,1950,0,0,1950,1.0,0.0,0.0,0,0.0,0,71469,0,0,71469,1.0,0.0,0.0,1,1.3992080482446936e-05,1,,,,,,,,,,,,,,,mechanism_control_001,22379457,True
conversation_trace,0.02,4.0,"l1=0.02,l2x4",leaf,16,leaf16,label,reproduction_anchor,,3,main,600.0,,3714884076,14859536302,58742117,5183,4770907,17610086,22380993,17610086,0,0,261582,0,167948,167948,261582,91.96122717857361,1281.3046875,662.8271484375,1ff76deeb8948bb59b876c2b5e17dc55b06f404532b81a7f888caf5e7f8011c0,5183,69,53971210,107855,17610086,34413,33880688,68328,0,0,0,0,0,0,0,0,0,0,47616,93,0,0,1322496,2583,1274880,2490,2432820,5021,0,0,35038628,70859,32605808,65838,0,0,0,0,0,0,0,0,2480436,0,47616,36361124,1322496,0,0,79190,167948,73410,0,0,0.0,0.0,0,0,0,0,0.0,0.29978636963322247,29.978636963322245,0.0,0.0,2.251359105767332,59.64822139454048,0.0,0.0,2.251359105767332,0.0,1.0,167948,0,167948,0,f76bcdc30557a50397b75478d638381d79566375359f456d534a930bcdba1aec,8735537,8735537,0,1.0,73410,0,0,73410,1.0,0.0,0.0,4,5.448848930663397e-05,4,1943,0,0,1943,1.0,0.0,0.0,0,0.0,0,71467,0,0,71467,1.0,0.0,0.0,4,5.5969888200148324e-05,4,,,,,,,,,,,,,,,mechanism_control_001,22380993,True
conversation_trace,0.02,4.0,"l1=0.02,l2x4",leaf,16,leaf16,label,reproduction_anchor,,4,main,600.0,,3714884076,14859536302,58742117,5183,4770907,17611110,22382017,17611110,0,0,261582,0,167995,167995,261582,65.30835342407227,1258.51171875,790.0888671875,39a88255cb99d5c297b04f4889313b0fc96232c0e3169a2cf3a8bc7f480cdd6f,5183,69,53971210,107855,17611110,34415,33879585,68326,0,0,0,0,0,0,0,0,0,0,48128,94,0,0,1321472,2581,1273344,2487,2432387,5020,0,0,35038628,70859,32606241,65839,0,0,0,0,0,0,0,0,2480515,0,48128,36360100,1321472,0,0,79147,167995,73419,0,0,0.0,0.0,0,0,0,0,0.0,0.29980380175947696,29.980380175947694,0.0,0.0,2.249615893141883,59.64822139454048,0.0,0.0,2.249615893141883,0.0,1.0,167995,0,167995,0,6b3c4b5dc5a9033b5e6301294ecddf29bcc1dd41cdc51fd5493ad3ff0c5eed37,8736358,8736358,0,1.0,73419,0,0,73419,1.0,0.0,0.0,2,2.7240904942862202e-05,2,1938,0,0,1938,1.0,0.0,0.0,0,0.0,0,71481,0,0,71481,1.0,0.0,0.0,2,2.7979463074103607e-05,2,,,,,,,,,,,,,,,mechanism_control_001,22382017,True
toolagent_trace,0.0025,1.0,"l1=0.0025,l2x1",leaf,16,leaf16,label_binary_60,horizon,60.0,0,main,60.0,,446163482,446163482,83026370,9997,29393272,4800733,34194005,4800733,0,0,259708,11372,237900,249272,271080,18.421342849731445,1245.7734375,898.9716796875,ed4d3241f6a33f47ec9244ed3245742038e91294df6980e8284a192984806344,9997,70,53633098,110318,4800733,9410,44535716,90981,0,0,51342,103,0,0,933351,1828,882009,1725,805196,1590,0,0,14026830,27434,13221634,25844,3440111,8234,0,0,33872184,71646,30432073,63412,0,0,0,0,0,0,0,0,4296649,0,856538,48832365,14960181,11372,6449,21383,237900,94453,0,0,0.0,0.0,0,0,0,0,0.0,0.05782178601810485,5.782178601810485,0.0,1.1241621186136406,16.89442763786975,40.79689862389503,0.0,0.0,18.018589756483394,0.06238901788688252,0.9376109821131174,249272,11372,237900,0,17c3358d5901a719be39d91dc5a9eb9610a5d6ff18b5a04e37294684c50a3e3c,10267523,7190057,486181,0.723947489574652,100902,0,0,78947,0.7824126380051931,29370.16050240764,0.29107609861457295,20543,0.20359358585558265,44,10665,0,0,8776,0.822878574777309,2601.349254563603,0.24391460427225534,1672,0.15677449601500235,0,90237,0,0,70171,0.7776300187284595,26768.811247844278,0.2966500576021397,18871,0.20912707647638995,44,60.0,249272,11372,237900,0,0,0,100902,6449,94453,0,0,0,0,,,
toolagent_trace,0.0025,1.0,"l1=0.0025,l2x1",leaf,16,leaf16,label_binary_60,horizon,60.0,1,main,60.0,,446163482,446163482,83026370,9997,29393272,4822767,34216039,4822767,0,0,259416,11664,237567,249231,271080,18.203665494918823,1254.6640625,767.6513671875,01cfdbf762ffdc7cf2657877fccf902896146e29962cada48155a27c5d19a5e1,9997,71,53633098,110318,4822767,9454,44513325,90938,0,0,50659,100,0,0,1094257,2140,1043598,2040,804325,1589,0,0,13843890,27078,13039565,25489,3442022,8237,0,0,33872184,71646,30430162,63409,0,0,0,0,0,0,0,0,4297006,0,854984,48810331,14938147,11664,6821,21424,237567,94037,0,0,0.0,0.0,0,0,0,0,0.0,0.058087171581751675,5.808717158175168,0.0,1.3179631965121443,16.674088003606563,40.79689862389503,0.0,0.0,17.99205120011871,0.0732525258989619,0.9267474741010381,249231,11664,237567,0,9143822b56d6afa9c28c08fc3cf39d3ebc9637ff26bcdf8c746a8fbf3f683460,10268199,7196062,477037,0.7240393860695532,100858,0,0,78999,0.7832695472843006,29190.689807859624,0.2894236432197706,20605,0.20429713061928653,47,11010,0,0,9048,0.8217983651226158,2754.3491973371097,0.2501679561614087,1829,0.16612170753860128,0,89848,0,0,69951,0.7785482147627103,26436.340610522533,0.2942340465065726,18776,0.2089751580446977,47,60.0,249231,11664,237567,0,0,0,100858,6821,94037,0,0,0,0,,,
toolagent_trace,0.0025,1.0,"l1=0.0025,l2x1",leaf,16,leaf16,label_binary_60,horizon,60.0,2,main,60.0,,446163482,446163482,83026370,9997,29393272,4799103,34192375,4799103,0,0,259803,11277,238000,249277,271080,18.159665822982788,1261.39453125,793.7451171875,1f6ce8199010c1579de8c88224607af7df36996cadd18fd412ae740d566fd55e,9997,72,53633098,110318,4799103,9408,44537646,90985,0,0,47318,94,0,0,969137,1896,921819,1802,809314,1598,0,0,13992674,27368,13183360,25770,3439717,8233,0,0,33872184,71646,30432467,63413,0,0,0,0,0,0,0,0,4296349,0,856632,48833995,14961811,11277,6530,21378,238000,94374,0,0,0.0,0.0,0,0,0,0,0.0,0.05780215370128792,5.780215370128792,0.0,1.16726408730142,16.853288900863664,40.79689862389503,0.0,0.0,18.020552988165086,0.06477404373040135,0.9352259562695987,249277,11277,238000,0,c6797da2c261807c7a73716bbf13cc9e06346ecf541de4efd1be286411f78fa1,10251753,7197433,475837,0.7252761064376014,100904,0,0,78843,0.781366447316261,29498.086484190495,0.2923381281633086,20705,0.2051950368667248,46,10712,0,0,8783,0.8199215832710979,2714.082213337796,0.2533683918351191,1767,0.16495519044062734,0,90192,0,0,70060,0.7767872982082669,26784.004270853045,0.2969665188803114,18938,0.20997427709774702,46,60.0,249277,11277,238000,0,0,0,100904,6530,94374,0,0,0,0,,,
toolagent_trace,0.0025,1.0,"l1=0.0025,l2x1",leaf,16,leaf16,label_binary_60,horizon,60.0,3,main,60.0,,446163482,446163482,83026370,9997,29393272,4815087,34208359,4815087,0,0,259865,11215,238058,249273,271080,18.078979015350342,1274.8984375,744.654296875,f24c0c2955b8ce48734893c0f93e5c53ec62c162dd6b61c0745c5e927bb7bfb9,9997,71,53633098,110318,4815087,9439,44521456,90953,0,0,49196,98,0,0,884742,1732,835546,1634,802204,1584,0,0,14061085,27501,13258881,25917,3445155,8244,0,0,33872184,71646,30427029,63402,0,0,0,0,0,0,0,0,4296555,0,851400,48818011,14945827,11215,6363,21382,238058,94511,0,0,0.0,0.0,0,0,0,0,0.0,0.05799467084975533,5.799467084975532,0.0,1.0656156592176678,16.935685614100677,40.79689862389503,0.0,0.0,18.001301273318344,0.05919659045966476,0.9408034095403353,249273,11215,238058,0,31cd747036a7a63bcfbbf8c1df8e22548d30ebe313014f7e8bd404a0bf73879b,10251407,7193952,473146,0.7248297721473745,100874,0,0,79004,0.7831948767769693,29274.218082607887,0.2902057822888741,20549,0.20370957828578226,43,10570,0,0,8871,0.8392620624408704,2443.5253370120618,0.2311755285725697,1587,0.15014191106906338,0,90304,0,0,70133,0.7766322643515238,26830.692745596076,0.2971152190998857,18962,0.20997962437987244,43,60.0,249273,11215,238058,0,0,0,100874,6363,94511,0,0,0,0,,,
toolagent_trace,0.0025,1.0,"l1=0.0025,l2x1",leaf,16,leaf16,label_binary_60,horizon,60.0,4,main,60.0,,446163482,446163482,83026370,9997,29393272,4808431,34201703,4808431,0,0,259683,11397,237865,249262,271080,17.482537031173706,1279.10546875,820.1669921875,5228bc1e8b33863e60947cc6df2b15fa90a372f485636936cb24426002469116,9997,71,53633098,110318,4808431,9426,44528282,90966,0,0,50742,100,0,0,1009680,1975,958938,1875,803218,1587,0,0,13942803,27271,13139585,25684,3442425,8239,0,0,33872184,71646,30429759,63407,0,0,0,0,0,0,0,0,4296385,0,853960,48824667,14952483,11397,6548,21393,237865,94339,0,0,0.0,0.0,0,0,0,0,0.0,0.05791450354869182,5.791450354869182,0.0,1.2160955609645465,16.79322244246015,40.79689862389503,0.0,0.0,18.009318003424696,0.06752590857317811,0.9324740914268219,249262,11397,237865,0,1527a3c24396d8bc47b352a4ec0c81644e8db5b28474b20c3b083c6fa3ee2154,10282338,7199348,474712,0.7232502957984848,100887,0,0,78942,0.7824794076541081,29357.950366082543,0.29099834831130417,20668,0.20486286637525153,37,10754,0,0,8779,0.8163474056165148,2758.6016157927497,0.2565186549928166,1861,0.1730518876697043,0,90133,0,0,70163,0.7784385297282904,26599.348750289777,0.29511220918298264,18807,0.2086583160440682,37,60.0,249262,11397,237865,0,0,0,100887,6548,94339,0,0,0,0,,,
toolagent_trace,0.0025,1.0,"l1=0.0025,l2x1",leaf,16,leaf16,evict_binary_60_learned,class_order,60.0,0,main,60.0,learned,446163482,446163482,83026370,9997,29393272,4950251,34343523,4950251,0,0,192827,78253,171033,249286,271080,106.61068034172058,1254.6640625,910.763671875,7cd49f0d14551710d8cce3eeb60838945fb1ee55099514b42d48613710e54e6f,9997,45,53633098,110318,4950251,9692,44366758,90674,0,0,161582,322,0,0,2608905,5109,2447323,4787,770501,1528,0,0,12201758,23871,11431257,22343,3384006,8102,0,0,33872184,71646,30488178,63544,0,0,0,0,0,0,0,0,4316089,0,932083,48682847,14810663,78253,26047,21368,171033,74561,0,0,0.0,0.0,0,0,0,0,0.0,0.059622635555426545,5.962263555542655,0.0,3.142260705845625,14.696244096905598,40.79689862389503,0.0,0.0,17.83850480275122,0.17615045322413994,0.8238495467758601,249286,78253,171033,32078,183f162d9df627d8c9fdb0c5204c94587013608b837bfb11f85306bcfa8ac76e,12594869,9001022,6533,0.714917201600112,100608,0,14277,11933,0.11860885814249364,29382.182446415212,0.292046183667454,20116,0.19994433842239187,9,51327,0,14277,5235,0.1019931030451809,14145.292308008558,0.27559164393026203,9316,0.18150291269702107,0,49281,0,0,6698,0.13591444978795073,15236.890138406274,0.3091838667723113,10800,0.21915139709015646,9,60.0,249286,78253,171033,0,32078,0,100608,26047,74561,0,14277,0,0,,,
toolagent_trace,0.0025,1.0,"l1=0.0025,l2x1",leaf,16,leaf16,evict_binary_60_learned,class_order,60.0,1,main,60.0,learned,446163482,446163482,83026370,9997,29393272,4958521,34351793,4958521,0,0,192307,78773,170482,249255,271080,79.34844899177551,1274.8984375,954.861328125,e73ab5020a8c94a871dccd212b4f9529cc6f3b04d94e7f6ff6f4e69ee261c30d,9997,49,53633098,110318,4958521,9710,44359467,90660,0,0,169450,338,0,0,2614941,5119,2445491,4781,759736,1504,0,0,12187452,23843,11427716,22339,3385924,8106,0,0,33872184,71646,30486260,63540,0,0,0,0,0,0,0,0,4315110,0,929186,48674577,14802393,78773,25646,21399,170482,74944,0,0,0.0,0.0,0,0,0,0,0.0,0.05972224246344866,5.972224246344866,0.0,3.149530685250963,14.679013426698047,40.79689862389503,0.0,0.0,17.82854411194901,0.17665663923394007,0.82334336076606,249255,78773,170482,31673,df7bd65c60db7c168e6d79fa7d785e5e012a7d921d526c127943ca4a840e3b30,12584229,9018950,7610,0.716989098021023,100590,0,14389,11723,0.11654239984093846,29547.98590537801,0.293746753209842,20185,0.20066607018590318,20,50922,0,14389,5124,0.10062448450571462,14030.62989135048,0.2755317915900884,9308,0.18278936412552532,0,49668,0,0,6599,0.1328622050414754,15517.356014027277,0.3124215997025706,10877,0.21899412096319562,20,60.0,249255,78773,170482,0,31673,0,100590,25646,74944,0,14389,0,0,,,
toolagent_trace,0.0025,1.0,"l1=0.0025,l2x1",leaf,16,leaf16,evict_binary_60_learned,class_order,60.0,2,main,60.0,learned,446163482,446163482,83026370,9997,29393272,4939606,34332878,4939606,0,0,191818,79262,170067,249329,271080,114.91053748130798,1281.3046875,1016.8525390625,77316846ddd1077fa401214b90816559a368b68ea555b72a0ab191941d6859b1,9997,49,53633098,110318,4939606,9673,44378223,90697,0,0,168459,335,0,0,2597441,5086,2428982,4751,758884,1503,0,0,12223867,23913,11464983,22410,3387926,8110,0,0,33872184,71646,30484258,63536,0,0,0,0,0,0,0,0,4315269,0,927343,48693492,14821308,79262,26517,21325,170067,74108,0,0,0.0,0.0,0,0,0,0,0.0,0.059494423277809204,5.949442327780921,0.0,3.128453044496586,14.72287298601637,40.79689862389503,0.0,0.0,17.851326030512958,0.17525045697721145,0.8247495430227886,249329,79262,170067,31435,b50228e145b69cc49576fdeafc94f8db89f5f6197cbc098f62534d18b66c51d0,12595265,8965078,6342,0.7120333712708704,100625,0,14085,11558,0.11486211180124224,29491.71392665457,0.29308535579284045,20202,0.20076521739130435,15,51325,0,14085,5012,0.09765221626887481,14079.798117951612,0.2743263150112345,9221,0.17965903555772042,0,49300,0,0,6546,0.1327789046653144,15411.915808702608,0.31261492512581357,10981,0.22273833671399595,15,60.0,249329,79262,170067,0,31435,0,100625,26517,74108,0,14085,0,0,,,
toolagent_trace,0.0025,1.0,"l1=0.0025,l2x1",leaf,16,leaf16,evict_binary_60_learned,class_order,60.0,3,main,60.0,learned,446163482,446163482,83026370,9997,29393272,4940883,34334155,4940883,0,0,192873,78207,171123,249330,271080,79.89559173583984,1247.6953125,937.0205078125,f02aacffff8587db91681ef112fafed35abe44bdb9432b046d2245953c551c3c,9997,44,53633098,110318,4940883,9673,44375456,90692,0,0,163626,328,0,0,2725064,5339,2561438,5011,766890,1517,0,0,12094967,23660,11328077,22143,3386243,8108,0,0,33872184,71646,30485941,63538,0,0,0,0,0,0,0,0,4316759,0,930516,48692215,14820031,78207,26964,21324,171123,73663,0,0,0.0,0.0,0,0,0,0,0.0,0.05950980393337683,5.950980393337683,0.0,3.2821668585534933,14.5676211064027,40.79689862389503,0.0,0.0,17.849787964956192,0.1838770782598228,0.8161229217401772,249330,78207,171123,32015,38637c8055abdbd00445c962e9135e091e6f1784f629d7cd4af38cdbd6e4c9c9,12595925,8992788,6922,0.7142190033681528,100627,0,14143,11245,0.11174933169030181,29565.51662161605,0.2938129589634596,20352,0.20225188070796107,6,51824,0,14143,5096,0.09833281877122568,14296.713908576921,0.2758705215455565,9458,0.1825023155294844,0,48803,0,0,6149,0.1259963526832367,15268.80271303867,0.3128660679269445,10894,0.22322398213224598,6,60.0,249330,78207,171123,0,32015,0,100627,26964,73663,0,14143,0,0,,,
toolagent_trace,0.0025,1.0,"l1=0.0025,l2x1",leaf,16,leaf16,evict_binary_60_learned,class_order,60.0,4,main,60.0,learned,446163482,446163482,83026370,9997,29393272,4928981,34322253,4928981,0,0,192859,78221,171081,249302,271080,79.91849136352539,1245.7734375,918.515625,60c248659c2e0c6bc45483b461dc34eee7764665ba0746061da95e5a0e290533,9997,47,53633098,110318,4928981,9651,44386577,90717,0,0,165502,329,0,0,2626906,5143,2461404,4814,762879,1511,0,0,12205027,23878,11442148,22367,3389159,8110,0,0,33872184,71646,30483025,63536,0,0,0,0,0,0,0,0,4317540,0,928381,48704117,14831933,78221,26278,21352,171081,74369,0,0,0.0,0.0,0,0,0,0,0.0,0.05936645188751477,5.936645188751477,0.0,3.1639417693438845,14.700181400198515,40.79689862389503,0.0,0.0,17.8641231695424,0.17711150663908742,0.8228884933609125,249302,78221,171081,31584,20018492455726cc45bf2ed821553885769e71819019d6455656a96977d5c34a,12603671,8981633,8826,0.712970530570022,100647,0,14089,12816,0.12733613520522222,29575.51768941031,0.2938539418900743,20156,0.20026429004341909,16,51262,0,14089,5718,0.11154461394405213,14332.79976460379,0.27959891858694136,9330,0.18200616441028442,0,49385,0,0,7098,0.14372785258681786,15242.717924806002,0.30865076287953835,10826,0.2192163612432925,16,60.0,249302,78221,171081,0,31584,0,100647,26278,74369,0,14089,0,0,,,
toolagent_trace,0.0025,1.0,"l1=0.0025,l2x1",leaf,16,leaf16,evict_binary_60_recency,class_order,60.0,0,main,60.0,recency,446163482,446163482,83026370,9997,29393272,4807138,34200410,4807138,0,0,265128,5952,243329,249281,271080,23.308977127075195,1281.3046875,873.5732421875,467f9982327cc2a2565347b5ece50bacb0a2a612ba4ec404b8e4ada98459f61b,9997,66,53633098,110318,4807138,9422,44527319,90965,0,0,7492,16,0,0,88328,176,80836,160,848273,1676,0,0,14865448,29074,14017175,27398,3442876,8239,0,0,33872184,71646,30429308,63407,0,0,0,0,0,0,0,0,4298641,0,855765,48825960,14953776,5952,2127,21374,243329,98762,0,0,0.0,0.0,0,0,0,0,0.0,0.05789893018326587,5.789893018326587,0.0,0.10638547728872165,17.904489862678567,40.79689862389503,0.0,0.0,18.01087533996729,0.005906735529541168,0.9940932644704589,249281,5952,243329,9667,7d36cd56bf6b89aeb32395a9d8a6042d1f9f08ff7c7b273c6be4b81300d02ff9,10356000,7271913,507316,0.7266870413286983,100889,0,5149,75335,0.7467117326963296,30894.237873917238,0.30622008220834024,21486,0.2129667258075707,45,10095,0,5149,4639,0.4595344229816741,4110.426357569838,0.40717447821395125,2238,0.22169390787518573,0,90794,0,0,70696,0.7786417604687534,26783.811516347676,0.2949953908446337,19248,0.2119963874264819,45,60.0,249281,5952,243329,0,9667,0,100889,2127,98762,0,5149,0,0,,,
toolagent_trace,0.0025,1.0,"l1=0.0025,l2x1",leaf,16,leaf16,evict_binary_60_recency,class_order,60.0,1,main,60.0,recency,446163482,446163482,83026370,9997,29393272,4793884,34187156,4793884,0,0,265482,5598,243737,249335,271080,23.284759759902954,1258.51171875,895.0859375,2c8bc1c31d057c22f4d40fd9d66a887eab098a1cd5dd3ec95c9795624917c824,9997,68,53633098,110318,4793884,9397,44540840,90992,0,0,6608,14,0,0,49875,100,43267,86,854219,1687,0,0,14917155,29175,14062936,27488,3437547,8228,0,0,33872184,71646,30434637,63418,0,0,0,0,0,0,0,0,4298374,0,860827,48839214,14967030,5598,2057,21320,243737,98858,0,0,0.0,0.0,0,0,0,0,0.0,0.057739294154375294,5.773929415437529,0.0,0.060071276149975004,17.966767666706374,40.79689862389503,0.0,0.0,18.026838942856347,0.003332324449139208,0.9966676755508608,249335,5598,243737,9283,8f37f14d6abcfad7a3ea773d4794c30ba505a54fc12890914231c4082a113483,10378845,7278659,514288,0.7260733732896097,100915,0,5061,75506,0.7482138433334985,30786.117411976385,0.3050697855816914,21369,0.21175246494574643,45,10041,0,5061,4723,0.4703714769445274,4071.777062429515,0.4055150943560915,2252,0.2242804501543671,0,90874,0,0,70783,0.7789136606730198,26714.34034954724,0.29397121673467924,19117,0.21036820212602064,45,60.0,249335,5598,243737,0,9283,0,100915,2057,98858,0,5061,0,0,,,
toolagent_trace,0.0025,1.0,"l1=0.0025,l2x1",leaf,16,leaf16,evict_binary_60_recency,class_order,60.0,2,main,60.0,recency,446163482,446163482,83026370,9997,29393272,4775739,34169011,4775739,0,0,265248,5832,243491,249323,271080,23.017351627349854,1261.39453125,989.7509765625,b1baace9849404ffc91153dabeb59ef80a5ed3989d01ef6241b1a643b4747924,9997,67,53633098,110318,4775739,9362,44557897,91026,0,0,6947,15,0,0,42052,85,35105,70,854617,1687,0,0,14943123,29225,14088506,27538,3437898,8228,0,0,33872184,71646,30434286,63418,0,0,0,0,0,0,0,0,4299462,0,861564,48857359,14985175,5832,2166,21332,243491,98783,0,0,0.0,0.0,0,0,0,0,0.0,0.057520749130667764,5.752074913066776,0.0,0.05064896851446113,17.99804447671264,40.79689862389503,0.0,0.0,18.0486934452271,0.002806240167365413,0.9971937598326346,249323,5832,243491,9428,63bef57d4b05ef1c118f5032d70acd3bbff5a7f921c7db14290c5b131a922bfc,10373057,7270260,516679,0.7257840673197882,100949,0,5180,75416,0.7470703028261796,30857.723159793506,0.30567636291388234,21370,0.21169105191730478,29,10266,0,5180,4897,0.47701149425287354,4064.363452505699,0.39590526519634706,2155,0.20991622832651471,0,90683,0,0,70519,0.7776429981363652,26793.35970728811,0.29546177020266323,19215,0.21189197534267723,29,60.0,249323,5832,243491,0,9428,0,100949,2166,98783,0,5180,0,0,,,
toolagent_trace,0.0025,1.0,"l1=0.0025,l2x1",leaf,16,leaf16,evict_binary_60_recency,class_order,60.0,3,main,60.0,recency,446163482,446163482,83026370,9997,29393272,4796994,34190266,4796994,0,0,265199,5881,243442,249323,271080,23.385476112365723,1278.76171875,983.833984375,242ef9af46df95c58e28c057b6a6888cb693b65e4b5871d4df2b6fa51307f2d0,9997,66,53633098,110318,4796994,9402,44537489,90985,0,0,6980,15,0,0,90265,179,83285,164,850737,1681,0,0,14873655,29091,14022918,27410,3440898,8235,0,0,33872184,71646,30431286,63411,0,0,0,0,0,0,0,0,4298615,0,857717,48836104,14963920,5881,2151,21332,243442,98759,0,0,0.0,0.0,0,0,0,0,0.0,0.057776752133087354,5.7776752133087355,0.0,0.10871847101107757,17.914374673974063,40.79689862389503,0.0,0.0,18.02309314498514,0.006032176060818288,0.9939678239391817,249323,5881,243442,9258,3295ec898be8eeed81db3cc7fdc18ade52f14e28ef432cbdeae64cb38694470e,10367079,7273918,515770,0.7265115853752055,100910,0,4956,75484,0.748032900604499,30846.13810126061,0.305679695780999,21392,0.21199088296501833,42,9944,0,4956,4706,0.47325020112630733,3933.9711342386026,0.3956125436684033,2156,0.2168141592920354,0,90966,0,0,70778,0.7780709275993228,26912.166967022287,0.2958486353914901,19236,0.21146362377151903,42,60.0,249323,5881,243442,0,9258,0,100910,2151,98759,0,4956,0,0,,,
toolagent_trace,0.0025,1.0,"l1=0.0025,l2x1",leaf,16,leaf16,evict_binary_60_recency,class_order,60.0,4,main,60.0,recency,446163482,446163482,83026370,9997,29393272,4797524,34190796,4797524,0,0,264816,6264,243015,249279,271080,23.42655873298645,1247.6953125,926.181640625,72d0761ab9fb1e01740a656206ebb5b5e4ab26325560b7f7c9bc8b946bd89648,9997,67,53633098,110318,4797524,9404,44536690,90984,0,0,9540,20,0,0,87373,173,77833,153,851231,1681,0,0,14876017,29095,14024786,27414,3438113,8229,0,0,33872184,71646,30434071,63417,0,0,0,0,0,0,0,0,4298884,0,860771,48835574,14963390,6264,2569,21376,243015,98339,0,0,0.0,0.0,0,0,0,0,0.0,0.05778313564714439,5.7783135647144395,0.0,0.10523524032183992,17.9172195532576,40.79689862389503,0.0,0.0,18.02245479357944,0.005839118007349939,0.9941608819926501,249279,6264,243015,9858,d00bcf53561a2c0e94002852cc42a8f4bd9a20f0c5bae4fed1dad2a4ab5c68f9,10395572,7295907,515700,0.7266321660799425,100908,0,5374,75036,0.7436080390058271,30842.5667814154,0.30565036252245015,21463,0.21269869584175685,39,10452,0,5374,4821,0.46125143513203215,3962.8256416680524,0.3791452010780762,2136,0.20436280137772675,0,90456,0,0,70215,0.7762337490050412,26879.74113974766,0.29715818895095586,19327,0.2136618908640665,39,60.0,249279,6264,243015,0,9858,0,100908,2569,98339,0,5374,0,0,,,
toolagent_trace,0.0025,1.0,"l1=0.0025,l2x1",leaf,16,leaf16,label,reproduction_anchor,,0,main,60.0,,446163482,446163482,83026370,9997,29393272,5815610,35208882,5815610,0,0,163539,107541,136969,244510,271080,35.8192253112793,1278.76171875,793.7548828125,ea9dc1797d6c18b62102559ea1656f89de2def9cafa02848b6114251cc224022,9997,72,53633098,110318,5815610,11396,43520160,88997,0,0,199484,391,0,0,3487978,6815,3288494,6424,635221,1260,0,0,10457326,20461,9822105,19201,3462623,8274,0,0,33872184,71646,30409561,63372,0,0,0,0,0,0,0,0,4297328,0,834705,47817488,13945304,107541,40473,26145,136969,58436,0,0,0.0,0.0,0,0,0,0,0.0,0.07004533619860774,7.004533619860775,0.0,4.201048413895489,12.595186324537615,40.79689862389503,0.0,0.0,16.796234738433103,0.25011846281730393,0.749881537182696,244510,107541,136969,0,2bf93f268e55030ce38648ca853dc055bd52eb5639c57e0d79801c826d1bfaad,12029963,12029963,0,1.0,98909,0,0,98909,1.0,0.0,0.0,0,0.0,0,43683,0,0,43683,1.0,0.0,0.0,0,0.0,0,55226,0,0,55226,1.0,0.0,0.0,0,0.0,0,,,,,,,,,,,,,,,mechanism_control_001,35208882,True
toolagent_trace,0.0025,1.0,"l1=0.0025,l2x1",leaf,16,leaf16,label,reproduction_anchor,,1,main,60.0,,446163482,446163482,83026370,9997,29393272,5814792,35208064,5814792,0,0,164767,106313,138202,244515,271080,20.14134669303894,1279.10546875,820.1669921875,178e9ffd2a04ebae0c73137404123ec38d503a5839a98d6501483ebd796b0c40,9997,69,53633098,110318,5814792,11392,43521016,88998,0,0,194877,382,0,0,3514665,6867,3319788,6485,638748,1267,0,0,10431457,20413,9792709,19146,3463665,8279,0,0,33872184,71646,30408519,63367,0,0,0,0,0,0,0,0,4297290,0,833625,47818306,13946122,106313,40594,26140,138202,58319,0,0,0.0,0.0,0,0,0,0,0.0,0.07003548390710083,7.003548390710084,0.0,4.233191213827607,12.564028753756187,40.79689862389503,0.0,0.0,16.797219967583793,0.25201737085047726,0.7479826291495227,244515,106313,138202,0,9744bee0e864f3b0b46f4949524d00a4d2dd9165ea670bbc3b0dbdfa0d55f40e,12041123,12041123,0,1.0,98913,0,0,98913,1.0,0.0,0.0,0,0.0,0,43760,0,0,43760,1.0,0.0,0.0,0,0.0,0,55153,0,0,55153,1.0,0.0,0.0,0,0.0,0,,,,,,,,,,,,,,,mechanism_control_001,35208064,True
toolagent_trace,0.0025,1.0,"l1=0.0025,l2x1",leaf,16,leaf16,label,reproduction_anchor,,2,main,60.0,,446163482,446163482,83026370,9997,29393272,5806144,35199416,5806144,0,0,163614,107466,137114,244580,271080,20.291378498077393,1281.3046875,797.5341796875,d688f6c75dfbfc5492e2825906c15d8e3d74354ad888bc475afd91aba9a1c358,9997,72,53633098,110318,5806144,11377,43531065,89016,0,0,198231,388,0,0,3441607,6724,3243376,6336,630235,1251,0,0,10513163,20571,9882928,19320,3467423,8286,0,0,33872184,71646,30404761,63360,0,0,0,0,0,0,0,0,4295889,0,828466,47826954,13954770,107466,41331,26075,137114,57597,0,0,0.0,0.0,0,0,0,0,0.0,0.06993132422867578,6.993132422867578,0.0,4.145197483642847,12.662438451783451,40.79689862389503,0.0,0.0,16.807635935426298,0.24662584908242843,0.7533741509175715,244580,107466,137114,0,64a6ac71d01acde5fdb4573b8927cfa94e88beaa10356521b51985255022beb1,12062010,12062010,0,1.0,98928,0,0,98928,1.0,0.0,0.0,0,0.0,0,44483,0,0,44483,1.0,0.0,0.0,0,0.0,0,54445,0,0,54445,1.0,0.0,0.0,0,0.0,0,,,,,,,,,,,,,,,mechanism_control_001,35199416,True
toolagent_trace,0.0025,1.0,"l1=0.0025,l2x1",leaf,16,leaf16,label,reproduction_anchor,,3,main,60.0,,446163482,446163482,83026370,9997,29393272,5823727,35216999,5823727,0,0,163048,108032,136470,244502,271080,20.066643238067627,1247.6953125,849.1884765625,9fb1a0238edf0a8040f8a944f61d5766906a5b87d8d58c3e8212bb5f95522543,9997,70,53633098,110318,5823727,11409,43512742,88982,0,0,207399,406,0,0,3647293,7125,3439894,6719,622340,1236,0,0,10289894,20138,9667554,18902,3466890,8285,0,0,33872184,71646,30405294,63361,0,0,0,0,0,0,0,0,4296629,0,829739,47809371,13937187,108032,41233,26153,136470,57663,0,0,0.0,0.0,0,0,0,0,0.0,0.07014310031860961,7.014310031860962,0.0,4.392933233140266,12.393525093292649,40.79689862389503,0.0,0.0,16.786458326432914,0.261695060846927,0.738304939153073,244502,108032,136470,0,c471aba3fa99249072b44431dcae774fe99559a9d9b4456ff2764ad4a986b55d,12042860,12042860,0,1.0,98896,0,0,98896,1.0,0.0,0.0,0,0.0,0,44330,0,0,44330,1.0,0.0,0.0,0,0.0,0,54566,0,0,54566,1.0,0.0,0.0,0,0.0,0,,,,,,,,,,,,,,,mechanism_control_001,35216999,True
toolagent_trace,0.0025,1.0,"l1=0.0025,l2x1",leaf,16,leaf16,label,reproduction_anchor,,4,main,60.0,,446163482,446163482,83026370,9997,29393272,5826359,35219631,5826359,0,0,162503,108577,135917,244494,271080,20.150814533233643,1260.72265625,771.7080078125,26656cd052a973c264a749367de78205a6c67c2c1a4e5be6608055c24bc9417c,9997,70,53633098,110318,5826359,11415,43510254,88976,0,0,210915,413,0,0,3735348,7298,3524433,6885,621281,1234,0,0,10199207,19959,9577926,18725,3464289,8280,0,0,33872184,71646,30407895,63366,0,0,0,0,0,0,0,0,4296485,0,832196,47806739,13934555,108577,41918,26161,135917,56972,0,0,0.0,0.0,0,0,0,0,0.0,0.0701748010903042,7.01748010903042,0.0,4.498989899233219,12.284298350030237,40.79689862389503,0.0,0.0,16.783288249263457,0.26806367336452436,0.7319363266354756,244494,108577,135917,0,93bc80c6287669326c84c5a103112d9075af49da8f1544cc6ce200733f6af189,12048209,12048209,0,1.0,98890,0,0,98890,1.0,0.0,0.0,0,0.0,0,45055,0,0,45055,1.0,0.0,0.0,0,0.0,0,53835,0,0,53835,1.0,0.0,0.0,0,0.0,0,,,,,,,,,,,,,,,mechanism_control_001,35219631,True
toolagent_trace,0.0025,4.0,"l1=0.0025,l2x4",leaf,16,leaf16,label_binary_150,horizon,150.0,0,main,150.0,,446163482,1784653926,83026370,9997,29393272,11381407,40774679,11381407,0,0,270449,631,217080,217711,271080,21.87208604812622,1260.72265625,654.7021484375,7bff99eb88062e323598f6396391a58dfe29f11cbab1175ae0c4687c3128483e,9997,97,53633098,110318,11381407,22279,37982119,78139,0,0,0,0,0,0,7832,16,7832,16,533418,1056,0,0,8371675,16377,7838257,15321,3736154,8844,0,0,33872184,71646,30136030,62802,0,0,0,0,0,0,0,0,4269572,0,533418,42251691,8379507,631,473,51608,217080,87501,0,0,0.0,0.0,0,0,0,0,0.0,0.13708183315734507,13.708183315734507,0.0,0.009433147565044696,10.083151894994325,40.79689862389503,0.0,0.0,10.09258504255937,0.0009346611918815749,0.9990653388081184,217711,631,217080,0,e4f7acce809381ffeeba5dcaa92d44ff3baa971efabc59a6f6b0d74075759beb,10107713,7403303,149820,0.7398521307441159,87974,0,0,76277,0.86704026189556,10555.39748123894,0.11998314821696116,9880,0.11230590856389387,18,4258,0,0,3784,0.8886801315171442,366.3900275531098,0.08604744658363311,473,0.11108501643964303,2,83716,0,0,72493,0.8659396053323141,10189.007453685774,0.1217092007941824,9407,0.11236800611591571,16,150.0,217711,631,217080,0,0,0,87974,473,87501,0,0,0,0,,,
toolagent_trace,0.0025,4.0,"l1=0.0025,l2x4",leaf,16,leaf16,label_binary_150,horizon,150.0,1,main,150.0,,446163482,1784653926,83026370,9997,29393272,11367069,40760341,11367069,0,0,270518,562,217096,217658,271080,21.817726135253906,1247.6953125,754.0595703125,a03be671833563e14e1d81685088542f777276c6fa2415fc39403d2900593b3e,9997,98,53633098,110318,11367069,22252,37996134,78167,0,0,892,2,0,0,8060,16,7168,14,525767,1040,0,0,8385785,16404,7860018,15364,3743236,8857,0,0,33872184,71646,30128948,62789,0,0,0,0,0,0,0,0,4269895,0,526659,42266029,8393845,562,417,51660,217096,87583,0,0,0.0,0.0,0,0,0,0,0.0,0.13690914103555293,13.690914103555292,0.0,0.009707759113158868,10.100146495625426,40.79689862389503,0.0,0.0,10.109854254738584,0.0009602274047233419,0.9990397725952767,217658,562,217096,0,8990852975bbc244ff3e2b47985010132c51974e6a879ffb300120ae3d9a4d6f,10107679,7409846,149628,0.7404924513332883,88000,0,0,76296,0.867,10496.964082604773,0.11928368275687241,9851,0.11194318181818182,12,4171,0,0,3662,0.8779669144090146,374.840356094569,0.08986822251128483,510,0.1222728362502997,2,83829,0,0,72634,0.8664543296472581,10122.123726510126,0.12074727989729242,9341,0.11142921900535614,10,150.0,217658,562,217096,0,0,0,88000,417,87583,0,0,0,0,,,
toolagent_trace,0.0025,4.0,"l1=0.0025,l2x4",leaf,16,leaf16,label_binary_150,horizon,150.0,2,main,150.0,,446163482,1784653926,83026370,9997,29393272,11352436,40745708,11352436,0,0,270520,560,217138,217698,271080,21.893702745437622,1245.7734375,803.8505859375,38763f661000826550ced970c7192828491177d8e2ad1e4ba9312edb8b1ede32,9997,100,53633098,110318,11352436,22224,38012212,78197,0,0,1452,3,0,0,9284,19,7832,16,530217,1048,0,0,8399194,16429,7868977,15381,3736781,8846,0,0,33872184,71646,30135403,62800,0,0,0,0,0,0,0,0,4268450,0,531669,42280662,8408478,560,421,51623,217138,87610,0,0,0.0,0.0,0,0,0,0,0.0,0.13673289582574788,13.673289582574789,0.0,0.011181989529350735,10.116296786189737,40.79689862389503,0.0,0.0,10.127478775719087,0.0011041237189417634,0.9988958762810582,217698,560,217138,0,5f8eede6ec2266cb677ee371ae5de890cb7ab1e65793ccf87b0f8d9646093688,10110017,7414738,148910,0.7407695753627318,88031,0,0,76311,0.8668650816189751,10659.611866287993,0.12108929656925393,9876,0.11218775204189434,16,4194,0,0,3702,0.882689556509299,376.19194755872286,0.08969765082468356,487,0.11611826418693372,0,83837,0,0,72609,0.8660734520557749,10283.4199187292,0.12265968389528728,9389,0.11199112563665208,16,150.0,217698,560,217138,0,0,0,88031,421,87610,0,0,0,0,,,
toolagent_trace,0.0025,4.0,"l1=0.0025,l2x4",leaf,16,leaf16,label_binary_150,horizon,150.0,3,main,150.0,,446163482,1784653926,83026370,9997,29393272,11376425,40769697,11376425,0,0,270508,572,217045,217617,271080,22.179534435272217,1261.39453125,793.7412109375,5ccdbbea5e5a8863aab73f39f3da60f4e9d87afc919e629a2d88494a3ad6891e,9997,98,53633098,110318,11376425,22270,37987368,78149,0,0,2048,4,0,0,8192,16,6144,12,526624,1042,0,0,8376297,16386,7849673,15344,3740633,8853,0,0,33872184,71646,30131551,62793,0,0,0,0,0,0,0,0,4269305,0,528672,42256673,8384489,572,429,51701,217045,87554,0,0,0.0,0.0,0,0,0,0,0.0,0.13702182812520888,13.70218281252089,0.0,0.009866744746277599,10.08871880102671,40.79689862389503,0.0,0.0,10.098585545772988,0.000977042250279057,0.9990229577497209,217617,572,217045,0,dd5e571193f59fc05d6d8c7d39b24bac3d8491d5d52c23a072117881449108bd,10104208,7412473,148475,0.74094976073335,87983,0,0,76309,0.8673152768148392,10489.058143183558,0.11921687306847412,9847,0.11191934805587443,10,4185,0,0,3687,0.8810035842293907,391.2695692022217,0.09349332597424652,495,0.11827956989247312,0,83798,0,0,72622,0.8666316618535048,10097.788573981274,0.1205015462657972,9352,0.11160170887133344,10,150.0,217617,572,217045,0,0,0,87983,429,87554,0,0,0,0,,,
toolagent_trace,0.0025,4.0,"l1=0.0025,l2x4",leaf,16,leaf16,label_binary_150,horizon,150.0,4,main,150.0,,446163482,1784653926,83026370,9997,29393272,11388951,40782223,11388951,0,0,270450,630,217014,217644,271080,22.126460552215576,1274.8984375,744.650390625,06e2cbc3b84e6a64512f2d7bbda388a823d123a01f75438e0501e8c02050d027,9997,98,53633098,110318,11388951,22294,37975652,78125,0,0,808,2,0,0,15144,30,14336,28,528545,1046,0,0,8356819,16348,7828274,15302,3739142,8851,0,0,33872184,71646,30133042,62795,0,0,0,0,0,0,0,0,4268495,0,529353,42244147,8371963,630,456,51677,217014,87504,0,0,0.0,0.0,0,0,0,0,0.0,0.13717269585554565,13.717269585554565,0.0,0.018239988090530755,10.065258784648782,40.79689862389503,0.0,0.0,10.083498772739311,0.0018088947598072281,0.9981911052401927,217644,630,217014,0,41aba68679dfb13657e7dfee886b24a5139d634d46c17673561099662d10f49f,10106319,7405774,148957,0.7401559855769445,87960,0,0,76320,0.8676671214188267,10416.077751282071,0.11841834642203355,9847,0.11194861300591177,16,4254,0,0,3828,0.8998589562764457,328.53150727706907,0.07722884515210839,424,0.0996708979783733,1,83706,0,0,72492,0.8660311088810838,10087.546244004923,0.1205116269324173,9423,0.1125725754426206,15,150.0,217644,630,217014,0,0,0,87960,456,87504,0,0,0,0,,,
toolagent_trace,0.0025,4.0,"l1=0.0025,l2x4",leaf,16,leaf16,evict_binary_150_learned,class_order,150.0,0,main,150.0,learned,446163482,1784653926,83026370,9997,29393272,11450386,40843658,11450386,0,0,250978,20102,197393,217495,271080,107.60879826545715,1247.6953125,902.49609375,2fa0884b4cc8a80a5ec32e32ba2b8adb6372884348d093f908c57a89b66f1914,9997,41,53633098,110318,11450386,22386,37874574,77976,0,0,58600,125,0,0,383090,766,324490,641,694019,1377,0,0,7927438,15520,7233419,14143,3555519,8454,0,0,33872184,71646,30316665,63192,0,0,0,0,0,0,0,0,4308138,0,752619,42182712,8310528,20102,8018,51883,197393,79899,0,0,0.0,0.0,0,0,0,0,0.0,0.13791264148968574,13.791264148968574,0.0,0.4614076226625348,9.548096586662767,40.79689862389503,0.0,0.0,10.009504209325302,0.046096950759326,0.953903049240674,217495,20102,197393,8244,b60c29df8fc0663601d2cabc6b5d926af80a07cf98b3f298f0e8c8ccfe65c561,10737457,7090381,2310,0.66044837245914,87917,0,3332,17261,0.19633290489893876,8957.168314309098,0.10188209691310096,8092,0.09204135718916706,26,17636,0,3332,1788,0.10138353368110682,1796.7503272758297,0.10187969648876331,1385,0.07853254706282604,0,70281,0,0,15473,0.2201590757103627,7160.417987033268,0.10188269926485491,6707,0.09543119762097864,26,150.0,217495,20102,197393,0,8244,0,87917,8018,79899,0,3332,0,0,,,
toolagent_trace,0.0025,4.0,"l1=0.0025,l2x4",leaf,16,leaf16,evict_binary_150_learned,class_order,150.0,1,main,150.0,learned,446163482,1784653926,83026370,9997,29393272,11462812,40856084,11462812,0,0,251176,19904,197642,217546,271080,64.4057445526123,1279.10546875,1000.751953125,6238da6337ffc317bfc01abc8593e4c2b0dfadfa121053c4505bbed304593456,9997,44,53633098,110318,11462812,22412,37865126,77953,0,0,55330,119,0,0,371898,743,316568,624,689242,1366,0,0,7926204,15517,7236962,14151,3560588,8468,0,0,33872184,71646,30311596,63178,0,0,0,0,0,0,0,0,4305160,0,744572,42170286,8298102,19904,7700,51831,197642,80189,0,0,0.0,0.0,0,0,0,0,0.0,0.13806230478340797,13.806230478340797,0.0,0.44792756807264966,9.54661031188043,40.79689862389503,0.0,0.0,9.99453787995308,0.04481723651986924,0.9551827634801308,217546,19904,197642,8401,3232f82ac3b631c29bc66235ad0a0efd9ec0d3092c2c447d2f777d1619332698,10727486,7069377,2593,0.6591174763593259,87889,0,3385,17602,0.2002753473130881,8949.782758407175,0.10183052211775279,8142,0.0926395794695582,19,17242,0,3385,1789,0.10375826470247071,1683.1563582839922,0.0976195544765104,1418,0.08224103932258439,1,70647,0,0,15813,0.22383116055883476,7266.626400123156,0.10285824451318748,6724,0.0951774314549804,18,150.0,217546,19904,197642,0,8401,0,87889,7700,80189,0,3385,0,0,,,
toolagent_trace,0.0025,4.0,"l1=0.0025,l2x4",leaf,16,leaf16,evict_binary_150_learned,class_order,150.0,2,main,150.0,learned,446163482,1784653926,83026370,9997,29393272,11445726,40838998,11445726,0,0,251346,19734,197822,217556,271080,64.22895216941833,1274.8984375,955.2802734375,1fd84d449124fe849803d294a4fbbe4689c9411604ea4cebdcc3ff00bc9329c6,9997,41,53633098,110318,11445726,22378,37880938,77984,0,0,64665,136,0,0,396164,788,331499,652,695248,1380,0,0,7919024,15506,7223776,14126,3546521,8440,0,0,33872184,71646,30325663,63206,0,0,0,0,0,0,0,0,4306434,0,759913,42187372,8315188,19734,8132,51822,197822,79791,0,0,0.0,0.0,0,0,0,0,0.0,0.13785651474344837,13.785651474344837,0.0,0.4771544269609764,9.537962456988064,40.79689862389503,0.0,0.0,10.01511688394904,0.04764342068994712,0.9523565793100529,217556,19734,197822,8168,7e50ff51c085c38dd49b455e215e8b47118465396e84ad7585ec66c17c5a6328,10738141,7078604,2629,0.6593244119256769,87923,0,3343,17644,0.20067559114224948,8992.381347142302,0.10227564285957375,8034,0.0913754080274786,16,17683,0,3343,1841,0.10411129333257932,1740.0699577259913,0.09840354904292209,1380,0.07804105638183566,0,70240,0,0,15803,0.22498576309794988,7252.3113894162925,0.10325044688804516,6654,0.09473234624145786,16,150.0,217556,19734,197822,0,8168,0,87923,8132,79791,0,3343,0,0,,,
toolagent_trace,0.0025,4.0,"l1=0.0025,l2x4",leaf,16,leaf16,evict_binary_150_learned,class_order,150.0,3,main,150.0,learned,446163482,1784653926,83026370,9997,29393272,11444555,40837827,11444555,0,0,250755,20325,197219,217544,271080,65.70792865753174,1258.51171875,945.388671875,4a3ab53ec05c625d175bb8b063ef038c0da415d2e80b3e7da105c001460624a4,9997,43,53633098,110318,11444555,22375,37886247,77989,0,0,54978,119,0,0,392139,783,337161,664,695688,1381,0,0,7924220,15514,7228532,14133,3551630,8454,0,0,33872184,71646,30320554,63192,0,0,0,0,0,0,0,0,4302296,0,750666,42188543,8316359,20325,7912,51833,197219,80015,0,0,0.0,0.0,0,0,0,0,0.0,0.13784241079069215,13.784241079069217,0.0,0.47230656958746964,9.544220709637191,40.79689862389503,0.0,0.0,10.016527279224661,0.04715272633131879,0.9528472736686812,217544,20325,197219,8375,3a6c9dddf55882f9b09277e7af0cfd5f6b05bd72417189ca832d671f30bfe34a,10735865,7098046,2509,0.6612695390636898,87927,0,3375,18064,0.20544315170539199,8910.034324844737,0.10133445158875815,8046,0.09150772800163773,28,17480,0,3375,1847,0.10566361556064073,1723.8677338119082,0.09861943557276363,1435,0.08209382151029748,1,70447,0,0,16217,0.2302014280239045,7186.166591032871,0.10200812796901033,6611,0.09384359873379988,27,150.0,217544,20325,197219,0,8375,0,87927,7912,80015,0,3375,0,0,,,
toolagent_trace,0.0025,4.0,"l1=0.0025,l2x4",leaf,16,leaf16,evict_binary_150_learned,class_order,150.0,4,main,150.0,learned,446163482,1784653926,83026370,9997,29393272,11425395,40818667,11425395,0,0,251382,19698,197905,217603,271080,64.20964884757996,1245.7734375,918.49609375,c2bb6881b7819ed7caae9cfccf54642c8c534d6574180dcfebfd55ef53092d4f,9997,49,53633098,110318,11425395,22342,37906883,78028,0,0,62923,133,0,0,441835,878,378912,745,683394,1355,0,0,7893684,15452,7210290,14097,3554503,8460,0,0,33872184,71646,30317681,63186,0,0,0,0,0,0,0,0,4300820,0,746317,42207703,8335519,19698,7838,51775,197905,80122,0,0,0.0,0.0,0,0,0,0,0.0,0.1376116407353471,13.76116407353471,0.0,0.5321622515834427,9.507442033175725,40.79689862389503,0.0,0.0,10.039604284759168,0.05300629750828952,0.9469937024917104,217603,19698,197905,8378,dd0c60caff7fbb7480c5e96e8b7cf8f8e253f1db70e69f89dcfce328c7e7a52f,10736823,7086731,2354,0.6601494687953783,87960,0,3354,17177,0.19528194633924512,9228.38456971509,0.10491569542650171,8272,0.09404274670304684,24,17302,0,3354,1724,0.09964165992370824,1849.5452404833197,0.10689777138384694,1443,0.08340076291758178,0,70658,0,0,15453,0.21870135016558634,7378.83932923179,0.10443034517297106,6829,0.09664864558860993,24,150.0,217603,19698,197905,0,8378,0,87960,7838,80122,0,3354,0,0,,,
toolagent_trace,0.0025,4.0,"l1=0.0025,l2x4",leaf,16,leaf16,evict_binary_150_recency,class_order,150.0,0,main,150.0,recency,446163482,1784653926,83026370,9997,29393272,11335271,40728543,11335271,0,0,268667,2413,215410,217823,271080,25.45483422279358,1281.3046875,880.9677734375,ee5711ebae10e0110d33ff180ff571076fb5c2d80e608dcef25b0835236c51aa,9997,91,53633098,110318,11335271,22187,38026110,78225,0,0,6054,17,0,0,9602,25,3548,8,531719,1050,0,0,8416041,16460,7884322,15410,3733944,8839,0,0,33872184,71646,30138240,62807,0,0,0,0,0,0,0,0,4271717,0,537773,42297827,8425643,2413,1194,51501,215410,86881,0,0,0.0,0.0,0,0,0,0,0.0,0.13652615428086282,13.652615428086282,0.0,0.011565000372773132,10.136587929834823,40.79689862389503,0.0,0.0,10.148152930207596,0.0011396162880387883,0.9988603837119612,217823,2413,215410,2690,d8c3093d0134b64f63e389adb4843edc28c4314dce34ea9174ba86c1c7ff0339,10145658,7411798,153411,0.7380993425956207,88075,0,1392,75065,0.8522849843883055,10688.234683937006,0.12135378579548119,9884,0.11222253760999149,23,5216,0,1392,3428,0.6572085889570553,488.4689691234292,0.09364819193317278,495,0.09490030674846625,1,82859,0,0,71637,0.8645651045752423,10199.765714813548,0.12309786160602407,9389,0.1133129774677464,22,150.0,217823,2413,215410,0,2690,0,88075,1194,86881,0,1392,0,0,,,
toolagent_trace,0.0025,4.0,"l1=0.0025,l2x4",leaf,16,leaf16,evict_binary_150_recency,class_order,150.0,1,main,150.0,recency,446163482,1784653926,83026370,9997,29393272,11333507,40726779,11333507,0,0,268300,2780,215005,217785,271080,41.047948598861694,1254.6640625,901.8173828125,a3fa224ffbd8c169ebc9080e1d8c430a77447a978c393fe11c71e3785fc247b8,9997,89,53633098,110318,11333507,22182,38025542,78228,0,0,12159,29,0,0,17326,40,5167,11,532295,1052,0,0,8410081,16450,7877786,15398,3729595,8827,0,0,33872184,71646,30142589,62819,0,0,0,0,0,0,0,0,4274049,0,544454,42299591,8427407,2780,1590,51530,215005,86476,0,0,0.0,0.0,0,0,0,0,0.0,0.1365049080189824,13.65049080189824,0.0,0.020868068783447956,10.12940948761219,40.79689862389503,0.0,0.0,10.150277556395636,0.002055911147996056,0.9979440888520039,217785,2780,215005,2942,e73a6f543ae3d882d60e7bb70a8b6f2fb70e43d64a5861ea8014747bd3076675,10153282,7411603,153205,0.7375157609135647,88066,0,1693,74796,0.8493175572865805,10705.489552995512,0.12156211878585961,9866,0.1120296141530216,11,5600,0,1693,3514,0.6275,583.3333442825583,0.10416666862188541,533,0.09517857142857143,2,82466,0,0,71282,0.8643804719520772,10122.156208712831,0.12274338768356452,9333,0.11317391409793127,9,150.0,217785,2780,215005,0,2942,0,88066,1590,86476,0,1693,0,0,,,
toolagent_trace,0.0025,4.0,"l1=0.0025,l2x4",leaf,16,leaf16,evict_binary_150_recency,class_order,150.0,2,main,150.0,recency,446163482,1784653926,83026370,9997,29393272,11330757,40724029,11330757,0,0,268274,2806,215026,217832,271080,25.49603033065796,1258.51171875,873.5908203125,1506c2e8459b5eaeceee6c4fb8b7b5fc39151253323fd6afb3dbe60a5a46e998,9997,88,53633098,110318,11330757,22176,38028973,78233,0,0,12341,29,0,0,18212,43,5871,14,522964,1034,0,0,8411945,16453,7888981,15419,3738063,8846,0,0,33872184,71646,30134121,62800,0,0,0,0,0,0,0,0,4273368,0,535305,42302341,8430157,2806,1515,51491,215026,86568,0,0,0.0,0.0,0,0,0,0,0.0,0.13647178601208268,13.647178601208267,0.0,0.02193519962392671,10.131654557461683,40.79689862389503,0.0,0.0,10.15358975708561,0.0021603393626002457,0.9978396606373997,217832,2806,215026,2980,c53d299a010523b82cbe5f7f6377bf30ab00da7d6a94ec1ba727e511a551968b,10152261,7413577,154107,0.7378287949846837,88083,0,1606,74954,0.8509474018823155,10699.575395628925,0.1214715143175065,9843,0.1117468751064337,14,5556,0,1606,3576,0.6436285097192225,581.9603086801501,0.10474447600434666,562,0.10115190784737221,1,82527,0,0,71378,0.8649048190289239,10117.615086948703,0.12259763576706657,9281,0.11246016455220716,13,150.0,217832,2806,215026,0,2980,0,88083,1515,86568,0,1606,0,0,,,
toolagent_trace,0.0025,4.0,"l1=0.0025,l2x4",leaf,16,leaf16,evict_binary_150_recency,class_order,150.0,3,main,150.0,recency,446163482,1784653926,83026370,9997,29393272,11320385,40713657,11320385,0,0,268281,2799,215083,217882,271080,25.543213367462158,1261.39453125,931.654296875,6d281fd993eff6dd17f487fe460be38bbbb2dcbeabba05e8ecdf7eccd630c992,9997,90,53633098,110318,11320385,22158,38040137,78253,0,0,12671,29,0,0,28670,62,15999,33,526511,1040,0,0,8411859,16452,7885348,15412,3733394,8838,0,0,33872184,71646,30138790,62808,0,0,0,0,0,0,0,0,4272576,0,539182,42312713,8440529,2799,1421,51441,215083,86678,0,0,0.0,0.0,0,0,0,0,0.0,0.136346861846423,13.634686184642302,0.0,0.034531197738742525,10.131550975912834,40.79689862389503,0.0,0.0,10.166082173651576,0.00339670653344121,0.9966032934665587,217882,2799,215083,2944,b2c117ac264000c02ea78ae4b84fb993ea48b07cf7b1e0c95c7df7a8bdf07d04,10150189,7419547,151404,0.7384344271816022,88099,0,1505,74925,0.8504636829021895,10779.44299837596,0.12235601991368755,9944,0.11287301785491322,11,5358,0,1505,3423,0.6388577827547592,593.3740004489215,0.11074542748206821,553,0.10321015304217991,0,82741,0,0,71502,0.8641664954496562,10186.068997926975,0.12310787877747399,9391,0.11349874910866439,11,150.0,217882,2799,215083,0,2944,0,88099,1421,86678,0,1505,0,0,,,
toolagent_trace,0.0025,4.0,"l1=0.0025,l2x4",leaf,16,leaf16,evict_binary_150_recency,class_order,150.0,4,main,150.0,recency,446163482,1784653926,83026370,9997,29393272,11344075,40737347,11344075,0,0,268499,2581,215211,217792,271080,25.26766562461853,1278.76171875,983.6416015625,8c637d33185d36ef2c9d12fc6a86a87a21d8f82819d12b68bf1933d9c817a41e,9997,90,53633098,110318,11344075,22204,38016455,78207,0,0,7387,17,0,0,13901,32,6514,15,534081,1056,0,0,8402938,16436,7868857,15380,3731100,8834,0,0,33872184,71646,30141084,62812,0,0,0,0,0,0,0,0,4272568,0,541468,42289023,8416839,2581,1327,51531,215211,86725,0,0,0.0,0.0,0,0,0,0,0.0,0.13663219288040654,13.663219288040654,0.0,0.016742873378662707,10.12080619687456,40.79689862389503,0.0,0.0,10.137549070253222,0.001651570144088535,0.9983484298559114,217792,2581,215211,2849,b539456c29f70e5b48631210653227771df0213c9c576f3ae05f6045fec1f281,10149642,7406211,153347,0.7372560037092933,88052,0,1507,74986,0.8516104120292555,10576.313281296842,0.12011440150475675,9860,0.11197928496797346,16,5365,0,1507,3437,0.6406337371854613,570.3026892399821,0.10630059445293236,547,0.10195712954333644,2,82687,0,0,71549,0.86529926106885,10006.010592056757,0.12101068598518215,9313,0.11262955482724007,14,150.0,217792,2581,215211,0,2849,0,88052,1327,86725,0,1507,0,0,,,
toolagent_trace,0.0025,4.0,"l1=0.0025,l2x4",leaf,16,leaf16,label,reproduction_anchor,,0,main,150.0,,446163482,1784653926,83026370,9997,29393272,12233644,41626916,12233644,0,0,261891,9189,204784,213973,271080,23.038057804107666,1261.39453125,793.7412109375,2eb6cd9399c3f1c7d94b5a0b8d149daeb0ee6fbfd783fc5d7f0d07dda66dd55a,9997,97,53633098,110318,12233644,23942,37129677,76476,0,0,2964,7,0,0,19860,40,16896,33,556981,1102,0,0,7507410,14690,6950429,13588,3709832,8791,0,0,33872184,71646,30162352,62855,0,0,0,0,0,0,0,0,4269777,0,559945,41399454,7527270,9189,2639,55350,204784,83672,0,0,0.0,0.0,0,0,0,0,0.0,0.14734648762796687,14.734648762796688,0.0,0.023920111164681776,9.042199484332508,40.79689862389503,0.0,0.0,9.06611959549719,0.002638406753045925,0.9973615932469541,213973,9189,204784,0,4b13347c3c36155e659451c5d4ea790c79a1f5df7f781809f80e94275f8101f2,10206815,10206815,0,1.0,86311,0,0,86311,1.0,0.0,0.0,10,0.00011586008735850586,10,6620,0,0,6620,1.0,0.0,0.0,0,0.0,0,79691,0,0,79691,1.0,0.0,0.0,10,0.00012548468459424526,10,,,,,,,,,,,,,,,mechanism_control_001,41626916,True
toolagent_trace,0.0025,4.0,"l1=0.0025,l2x4",leaf,16,leaf16,label,reproduction_anchor,,1,main,150.0,,446163482,1784653926,83026370,9997,29393272,12243748,41637020,12243748,0,0,261776,9304,204640,213944,271080,22.896458864212036,1274.8984375,744.650390625,ef5d626950dd7392941fe1c313a998283ced2925b663130697ffd6b2f5b05d38,9997,98,53633098,110318,12243748,23962,37120245,76457,0,0,2869,7,0,0,24885,50,22016,43,556315,1100,0,0,7492281,14660,6935966,13560,3709921,8792,0,0,33872184,71646,30162263,62854,0,0,0,0,0,0,0,0,4269105,0,559184,41389350,7517166,9304,2566,55372,204640,83719,0,0,0.0,0.0,0,0,0,0,0.0,0.14746818390349958,14.746818390349958,0.0,0.02997240515272437,9.023977562791195,40.79689862389503,0.0,0.0,9.05394996794392,0.003310423103600479,0.9966895768963995,213944,9304,204640,0,d9a82218772c50907db7a154080d0c6efdf0fbd554b2ae90721823f8566dd325,10195978,10195978,0,1.0,86285,0,0,86285,1.0,0.0,0.0,25,0.00028973749782696876,25,6510,0,0,6510,1.0,0.0,0.0,0,0.0,0,79775,0,0,79775,1.0,0.0,0.0,25,0.00031338138514572234,25,,,,,,,,,,,,,,,mechanism_control_001,41637020,True
toolagent_trace,0.0025,4.0,"l1=0.0025,l2x4",leaf,16,leaf16,label,reproduction_anchor,,2,main,150.0,,446163482,1784653926,83026370,9997,29393272,12246039,41639311,12246039,0,0,261622,9458,204543,214001,271080,22.95424795150757,1254.6640625,767.6435546875,6e7cd107d1a5bf34565cad6cbc158a5845ce6490e43fed36a3b415e2d61030c8,9997,100,53633098,110318,12246039,23968,37117577,76453,0,0,2682,6,0,0,26967,54,24285,48,559545,1106,0,0,7487908,14650,6928363,13544,3707255,8785,0,0,33872184,71646,30164929,62861,0,0,0,0,0,0,0,0,4269482,0,562227,41387059,7514875,9458,2721,55320,204543,83564,0,0,0.0,0.0,0,0,0,0,0.0,0.14749577754633858,14.74957775463386,0.0,0.032480042184187985,9.01871056147583,40.79689862389503,0.0,0.0,9.051190603660018,0.0035884828423626476,0.9964115171576373,214001,9458,204543,0,4be6c4696b351127537a9af935d1f83f2fa80e19ae3d321389f54f9dd5f25f75,10204113,10204113,0,1.0,86285,0,0,86285,1.0,0.0,0.0,10,0.0001158949991307875,10,6696,0,0,6696,1.0,0.0,0.0,0,0.0,0,79589,0,0,79589,1.0,0.0,0.0,10,0.00012564550377564739,10,,,,,,,,,,,,,,,mechanism_control_001,41639311,True
toolagent_trace,0.0025,4.0,"l1=0.0025,l2x4",leaf,16,leaf16,label,reproduction_anchor,,3,main,150.0,,446163482,1784653926,83026370,9997,29393272,12234922,41628194,12234922,0,0,262000,9080,204883,213963,271080,23.20634961128235,1279.10546875,820.1611328125,1efe3400a60108573ce9591b6030629382baf7da652131fc790b5e7bac4a3546,9997,93,53633098,110318,12234922,23942,37127510,76472,0,0,2038,5,0,0,11766,24,9728,19,557268,1105,0,0,7514226,14706,6956958,13601,3711360,8794,0,0,33872184,71646,30160824,62852,0,0,0,0,0,0,0,0,4270666,0,559306,41398176,7525992,9080,2407,55357,204883,83899,0,0,0.0,0.0,0,0,0,0,0.0,0.14736188032790065,14.736188032790064,0.0,0.01417140120662869,9.050408924297184,40.79689862389503,0.0,0.0,9.064580325503814,0.00156338194353648,0.9984366180564636,213963,9080,204883,0,56f79db49c08f509a4c8840c8ee9a197ce8c59489581e76f772eb6025c620264,10196946,10196946,0,1.0,86306,0,0,86306,1.0,0.0,0.0,12,0.00013904015943271616,12,6348,0,0,6348,1.0,0.0,0.0,0,0.0,0,79958,0,0,79958,1.0,0.0,0.0,12,0.00015007879136546686,12,,,,,,,,,,,,,,,mechanism_control_001,41628194,True
toolagent_trace,0.0025,4.0,"l1=0.0025,l2x4",leaf,16,leaf16,label,reproduction_anchor,,4,main,150.0,,446163482,1784653926,83026370,9997,29393272,12256424,41649696,12256424,0,0,261859,9221,204703,213924,271080,23.053006172180176,1281.3046875,658.5400390625,333ec2cf4d40d27a0bbec6022261d840fba2844387a82e78e8672f68adb3c35b,9997,96,53633098,110318,12256424,23985,37105962,76432,0,0,1902,4,0,0,35915,71,34013,67,562399,1115,0,0,7468575,14616,6906176,13501,3706411,8782,0,0,33872184,71646,30165773,62864,0,0,0,0,0,0,0,0,4270712,0,564301,41376674,7504490,9221,2581,55394,204703,83684,0,0,0.0,0.0,0,0,0,0,0.0,0.14762085828875815,14.762085828875813,0.0,0.04325734101105468,8.995425188407008,40.79689862389503,0.0,0.0,9.038682529418063,0.004785801566795345,0.9952141984332047,213924,9221,204703,0,0c7540d62ec0aa7c79e8583004f28828dfc399ce63237cabd8a669d4e1f57201,10197946,10197946,0,1.0,86265,0,0,86265,1.0,0.0,0.0,10,0.0001159218686605228,10,6545,0,0,6545,1.0,0.0,0.0,0,0.0,0,79720,0,0,79720,1.0,0.0,0.0,10,0.0001254390366281987,10,,,,,,,,,,,,,,,mechanism_control_001,41649696,True
toolagent_trace,0.01,1.0,"l1=0.01,l2x1",leaf,16,leaf16,label_binary_150,horizon,150.0,0,main,150.0,,1784653926,1784653926,83026370,9997,30578881,11511021,42089902,11511021,0,0,265538,167,210785,210952,265705,36.9592490196228,1258.51171875,658.791015625,fbf54e3b505f01f77031634c79c0a4d1e0f13dff5c11a5773179508e16da2a40,9997,112,52447489,107989,11511021,22525,36680293,75579,0,0,0,0,0,0,2560,5,2560,5,431085,852,0,0,7061724,13813,6630639,12961,3825090,9033,0,0,33872184,71646,30047094,62613,0,0,0,0,0,0,0,0,4256175,0,431085,40936468,7064284,167,121,52935,210785,85255,0,0,0.0,0.0,0,0,0,0,0.0,0.13864295163090956,13.864295163090956,0.0,0.0030833577332117497,8.505398947346487,40.79689862389503,0.0,0.0,8.5084823050797,0.00036238633667615855,0.9996376136633238,210952,167,210785,0,5600a15ad894a2308a981b56699a9d2bbd747f0749ad4ba4257173a3e70aa25c,9651830,7733658,112160,0.807073684472271,85376,0,0,75245,0.8813366754122939,8225.344575003559,0.09634258544560016,9490,0.11115535982008995,7,3726,0,0,3332,0.8942565754159957,314.78817715332633,0.08448421286992118,392,0.10520665593129361,0,81650,0,0,71913,0.8807470912431108,7910.556397850234,0.09688372808144806,9098,0.11142682180036742,7,150.0,210952,167,210785,0,0,0,85376,121,85255,0,0,0,0,,,
toolagent_trace,0.01,1.0,"l1=0.01,l2x1",leaf,16,leaf16,label_binary_150,horizon,150.0,1,main,150.0,,1784653926,1784653926,83026370,9997,30578881,11498502,42077383,11498502,0,0,265507,198,210782,210980,265705,21.77784752845764,1281.3046875,658.8037109375,13626c7e1bf7ede8b99f7ef2b2542417abd2548fa61ef5006f4ce94fd3c6fd8f,9997,111,52447489,107989,11498502,22500,36691695,75603,0,0,0,0,0,0,2048,4,2048,4,433750,857,0,0,7074755,13839,6641005,12982,3823542,9029,0,0,33872184,71646,30048642,62617,0,0,0,0,0,0,0,0,4257292,0,433750,40948987,7076803,198,123,52911,210782,85288,0,0,0.0,0.0,0,0,0,0,0.0,0.1384921682111358,13.84921682111358,0.0,0.0024666861865693997,8.521093960870504,40.79689862389503,0.0,0.0,8.523560647057074,0.000289396214646642,0.9997106037853534,210980,198,210782,0,2c3418f247b7d92d3d144dca58f963358cf6cfc662814a194ece2905f52213ac,9653831,7736509,111930,0.8071898088955566,85411,0,0,75255,0.8810925993139057,8282.799152654019,0.09697578944929833,9481,0.1110044373675522,3,3715,0,0,3298,0.8877523553162854,328.22736279900414,0.08835191461615186,417,0.11224764468371468,0,81696,0,0,71957,0.8807897571484528,7954.571789855029,0.09736794689893054,9064,0.1109479044261653,3,150.0,210980,198,210782,0,0,0,85411,123,85288,0,0,0,0,,,
toolagent_trace,0.01,1.0,"l1=0.01,l2x1",leaf,16,leaf16,label_binary_150,horizon,150.0,2,main,150.0,,1784653926,1784653926,83026370,9997,30578881,11501873,42080754,11501873,0,0,265493,212,210765,210977,265705,21.84165620803833,1260.72265625,700.53125,0089c3643a4e1196dd6607005e1c5f2880de2cfa47256a4ab4a3f1754bb25da6,9997,111,52447489,107989,11501873,22507,36688407,75596,0,0,0,0,0,0,1024,2,1024,2,432041,854,0,0,7072408,13834,6640367,12980,3825168,9032,0,0,33872184,71646,30047016,62614,0,0,0,0,0,0,0,0,4257209,0,432041,40945616,7073432,212,136,52914,210765,85269,0,0,0.0,0.0,0,0,0,0,0.0,0.1385327697694118,13.853276976941181,0.0,0.0012333430932846999,8.51826714813619,40.79689862389503,0.0,0.0,8.519500491229474,0.0001447670663971888,0.9998552329336028,210977,212,210765,0,6d8565cae363f6481e74b542a5f2e6e6cf6d54d5cbe3781803544dd7aa77e182,9652366,7747663,112025,0.8084728138158044,85405,0,0,75270,0.8813301328962004,8257.34797741857,0.09668459665615094,9494,0.11116445172999238,4,3729,0,0,3274,0.8779833735585948,369.7509574063768,0.09915552625539738,455,0.12201662644140521,0,81676,0,0,71996,0.8814829325628092,7887.597020012203,0.09657178387791031,9039,0.11066898476908761,4,150.0,210977,212,210765,0,0,0,85405,136,85269,0,0,0,0,,,
toolagent_trace,0.01,1.0,"l1=0.01,l2x1",leaf,16,leaf16,label_binary_150,horizon,150.0,3,main,150.0,,1784653926,1784653926,83026370,9997,30578881,11525561,42104442,11525561,0,0,265548,157,210751,210908,265705,21.66011381149292,1247.6953125,754.3291015625,9aba222a3aa446fc9d3ebae9ba553ec26dc5d2daa420bbf6db49e464cfdb89e2,9997,112,52447489,107989,11525561,22553,36665463,75551,0,0,0,0,0,0,1024,2,1024,2,428833,848,0,0,7048720,13788,6619887,12940,3827632,9037,0,0,33872184,71646,30044552,62609,0,0,0,0,0,0,0,0,4256465,0,428833,40921928,7049744,157,110,52984,210751,85244,0,0,0.0,0.0,0,0,0,0,0.0,0.13881807671466306,13.881807671466307,0.0,0.0012333430932846999,8.489736453611064,40.79689862389503,0.0,0.0,8.490969796704348,0.00014525350140373892,0.9998547464985963,210908,157,210751,0,2fae4cc3db94b5c5f2881db97809da53f8410c062944e48a244ad332a8310676,9644580,7731671,110960,0.8074121423638977,85354,0,0,75271,0.8818684537338614,8145.863623867818,0.09543622588124538,9447,0.11068022588279401,2,3678,0,0,3232,0.8787384448069603,357.614834752158,0.09723078704517618,446,0.1212615551930397,0,81676,0,0,72039,0.8820094030070033,7788.248789115644,0.09535541394186352,9001,0.11020373181840443,2,150.0,210908,157,210751,0,0,0,85354,110,85244,0,0,0,0,,,
toolagent_trace,0.01,1.0,"l1=0.01,l2x1",leaf,16,leaf16,label_binary_150,horizon,150.0,4,main,150.0,,1784653926,1784653926,83026370,9997,30578881,11492049,42070930,11492049,0,0,265530,175,210838,211013,265705,21.71542191505432,1245.7734375,804.1201171875,f0ba3a9abf2058dc88bd6bdf895075094212151a4c4b2f87369c53a09effbf4b,9997,112,52447489,107989,11492049,22488,36698628,75616,0,0,0,0,0,0,0,0,0,0,435286,860,0,0,7083256,13855,6647970,12995,3821526,9025,0,0,33872184,71646,30050658,62621,0,0,0,0,0,0,0,0,4256812,0,435286,40955440,7083256,175,93,52880,210838,85329,0,0,0.0,0.0,0,0,0,0,0.0,0.13841444591639981,13.84144459163998,0.0,0.0,8.531332876530673,40.79689862389503,0.0,0.0,8.531332876530673,0.0,1.0,211013,175,210838,0,76828260504b9b90bd70cfc3c4a23b3926d01e548cd9348be45a5606a004df32,9654467,7740813,111903,0.8075810399476222,85422,0,0,75273,0.881189857413781,8287.89330913738,0.09702293682116293,9466,0.11081454426260214,6,3664,0,0,3249,0.886735807860262,343.23702913243216,0.09367822847500877,414,0.11299126637554585,0,81758,0,0,72024,0.8809413146114142,7944.656280004957,0.09717283054875311,9052,0.11071699405562759,6,150.0,211013,175,210838,0,0,0,85422,93,85329,0,0,0,0,,,
toolagent_trace,0.01,1.0,"l1=0.01,l2x1",leaf,16,leaf16,evict_binary_150_learned,class_order,150.0,0,main,150.0,learned,1784653926,1784653926,83026370,9997,30578881,11484669,42063550,11484669,0,0,265284,421,210421,210842,265705,60.47809815406799,1258.51171875,906.232421875,bf97f0777638788b324356f2e328f96238664a5c2b53027dfd87db1d1a7c2acf,9997,84,52447489,107989,11484669,22461,36690292,75615,0,0,2106,5,0,0,4154,9,2048,4,539901,1073,0,0,7086482,13873,6546581,12800,3730521,8835,0,0,33872184,71646,30141663,62811,0,0,0,0,0,0,0,0,4272528,0,542007,40962820,7090636,421,321,53161,210421,85227,0,0,0.0,0.0,0,0,0,0,0.0,0.13832555849424708,13.832555849424708,0.0,0.0050032296967818775,8.535218389049167,40.79689862389503,0.0,0.0,8.540221618745948,0.0005858430752897202,0.9994141569247103,210842,421,210421,10776,6ba226fa68928f317bfbd60c2922fb2ad7a272e742b69d8c04ab3b61bd339e98,10333520,6967250,3079,0.6743868013997166,85548,0,4769,14161,0.16553280029924722,7986.1020267698295,0.09335229376221338,7907,0.09242764296067704,7,11846,0,4769,1044,0.08813101468850244,925.4210903842616,0.0781209767334342,876,0.07394901232483539,1,73702,0,0,13117,0.17797346069306125,7060.68093638559,0.09580039804056321,7031,0.09539768255949635,6,150.0,210842,421,210421,0,10776,0,85548,321,85227,0,4769,0,0,,,
toolagent_trace,0.01,1.0,"l1=0.01,l2x1",leaf,16,leaf16,evict_binary_150_learned,class_order,150.0,1,main,150.0,learned,1784653926,1784653926,83026370,9997,30578881,11502102,42080983,11502102,0,0,265290,415,210346,210761,265705,65.72530317306519,1247.6953125,892.7041015625,81bb767aef4c4d73c1b389caa1f13212cf0db4d971dfbd0b7f551866f8ede7c6,9997,87,52447489,107989,11502102,22497,36674069,75582,0,0,2896,6,0,0,5385,11,2489,5,533578,1059,0,0,7067818,13835,6534240,12776,3734844,8845,0,0,33872184,71646,30137340,62801,0,0,0,0,0,0,0,0,4271318,0,536474,40945387,7073203,415,325,53242,210346,85187,0,0,0.0,0.0,0,0,0,0,0.0,0.1385355279292591,13.85355279292591,0.0,0.006485891169275496,8.512738784075468,40.79689862389503,0.0,0.0,8.519224675244745,0.000761324112993788,0.9992386758870062,210761,415,210346,10722,7a7739dd5cbae656424e09251936e94a003142ed22857824bcdd5833e56ae524,10330273,6964844,2939,0.6743590900259848,85512,0,4820,13763,0.1609481710169333,8002.160740093567,0.09357938932656899,8003,0.09358920385442979,6,12045,0,4820,1012,0.08401826484018265,871.7948738252975,0.0723781547385054,913,0.07579908675799087,2,73467,0,0,12751,0.17356091850762928,7130.3658662682765,0.09705535636773349,7090,0.09650591421998993,4,150.0,210761,415,210346,0,10722,0,85512,325,85187,0,4820,0,0,,,
toolagent_trace,0.01,1.0,"l1=0.01,l2x1",leaf,16,leaf16,evict_binary_150_learned,class_order,150.0,2,main,150.0,learned,1784653926,1784653926,83026370,9997,30578881,11496398,42075279,11496398,0,0,265303,402,210401,210803,265705,112.120938539505,1254.6640625,910.8759765625,0231f5520f4e33f2b8490ad1b2316ef7aa839012a81d5bd8c4f3f1486063fe05,9997,85,52447489,107989,11496398,22485,36678004,75592,0,0,512,1,0,0,512,1,0,0,535338,1065,0,0,7078395,13857,6543057,12792,3737237,8846,0,0,33872184,71646,30134947,62800,0,0,0,0,0,0,0,0,4273087,0,535850,40951091,7078907,402,305,53201,210401,85220,0,0,0.0,0.0,0,0,0,0,0.0,0.13846682686476597,13.846682686476598,0.0,0.0006166715466423499,8.525478110147414,40.79689862389503,0.0,0.0,8.526094781694058,7.232755000171637e-05,0.9999276724499983,210803,402,210401,10753,9b217f2f4e2de208a0a8b935b7b16c88b05fc930f05ed4984a160f2f0b627f9e,10328537,6971793,2853,0.6751410678976122,85525,0,4758,14401,0.1683835135925168,7959.2383270843,0.09306329525968196,7915,0.09254603916983338,15,11850,0,4758,1041,0.08784810126582278,883.210122643851,0.07453249980116887,907,0.07654008438818566,4,73675,0,0,13360,0.18133695283338988,7076.028204440448,0.09604381682308039,7008,0.0951204614862572,11,150.0,210803,402,210401,0,10753,0,85525,305,85220,0,4758,0,0,,,
toolagent_trace,0.01,1.0,"l1=0.01,l2x1",leaf,16,leaf16,evict_binary_150_learned,class_order,150.0,3,main,150.0,learned,1784653926,1784653926,83026370,9997,30578881,11516142,42095023,11516142,0,0,265302,403,210430,210833,265705,60.2957878112793,1274.8984375,934.03125,e722b914ceefd6396534b4a337ac3404cf9d81520ae2fb6d50c14daddd1886e0,9997,85,52447489,107989,11516142,22523,36660428,75554,0,0,1024,2,0,0,1536,3,512,1,530954,1057,0,0,7057627,13817,6526673,12760,3738941,8853,0,0,33872184,71646,30133243,62793,0,0,0,0,0,0,0,0,4270919,0,531978,40931347,7059163,403,303,53170,210430,85183,0,0,0.0,0.0,0,0,0,0,0.0,0.13870463082993995,13.870463082993993,0.0,0.0018500146399270496,8.500464370536735,40.79689862389503,0.0,0.0,8.50231438517666,0.00021758953575657625,0.9997824104642434,210833,403,210430,10553,2e3563e489c598e36926b4dc9524d2799abfa3aa1efeca7ff13d0d8575740e69,10321367,6959447,2845,0.6744135248751449,85486,0,4661,14400,0.1684486348641883,7886.203837710405,0.09225140768910003,7818,0.09145357134501556,5,11737,0,4661,1041,0.08869387407344295,882.8257024402376,0.07521732149955164,862,0.07344295816648207,0,73749,0,0,13359,0.18114143920595532,7003.378135270185,0.09496234708633589,6956,0.09431992298200653,5,150.0,210833,403,210430,0,10553,0,85486,303,85183,0,4661,0,0,,,
toolagent_trace,0.01,1.0,"l1=0.01,l2x1",leaf,16,leaf16,evict_binary_150_learned,class_order,150.0,4,main,150.0,learned,1784653926,1784653926,83026370,9997,30578881,11509681,42088562,11509681,0,0,265312,393,210383,210776,265705,60.268953800201416,1258.51171875,906.0927734375,37083b83ddea7675b56d352e6a6858091916a7b33c199e89bbcb273f98ca4642,9997,91,52447489,107989,11509681,22513,36667872,75570,0,0,1536,3,0,0,3584,7,2048,4,526151,1045,0,0,7062040,13823,6535889,12778,3742249,8858,0,0,33872184,71646,30129935,62788,0,0,0,0,0,0,0,0,4269936,0,527687,40937808,7065624,393,299,53227,210383,85197,0,0,0.0,0.0,0,0,0,0,0.0,0.13862681218027478,13.862681218027477,0.0,0.004316700826496449,8.505779549316681,40.79689862389503,0.0,0.0,8.510096250143178,0.0005072446538338299,0.9994927553461662,210776,393,210383,10808,f3deff762d9c3c52fe341173745d25c618ee7b3d8da4eb2ec5aacc280892e9ea,10327391,6964737,3124,0.6745458751392293,85496,0,4899,14475,0.1693061663703565,7860.776429211481,0.09194320704139937,7923,0.09267100215214746,9,11995,0,4899,1124,0.093705710712797,907.6287557214089,0.07566725766747885,946,0.07886619424760317,3,73501,0,0,13351,0.1816437871593584,6953.147673490097,0.09459936155276931,6977,0.0949238785866859,6,150.0,210776,393,210383,0,10808,0,85496,299,85197,0,4899,0,0,,,
toolagent_trace,0.01,1.0,"l1=0.01,l2x1",leaf,16,leaf16,evict_binary_150_recency,class_order,150.0,0,main,150.0,recency,1784653926,1784653926,83026370,9997,30578881,11508356,42087237,11508356,0,0,265664,41,210916,210957,265705,24.461687326431274,1274.8984375,954.7138671875,d2aa1068de4e6f758e790267b281878b5131b0bfdd09d489fbf370b7b41fadd1,9997,113,52447489,107989,11508356,22520,36683784,75585,0,0,1024,2,0,0,1024,2,0,0,430678,851,0,0,7065925,13821,6635247,12970,3823647,9031,0,0,33872184,71646,30048537,62615,0,0,0,0,0,0,0,0,4255349,0,431702,40939133,7066949,41,32,52934,210916,85352,0,0,0.0,0.0,0,0,0,0,0.0,0.13861085339513218,13.861085339513217,0.0,0.0012333430932846999,8.510458785564152,40.79689862389503,0.0,0.0,8.511692128657437,0.00014489987121740937,0.9998551001287825,210957,41,210916,196,5a696bcfffc084843eec2913e110df42293babf9abc775ff7fc1639f492c71f0,9651182,7731484,112973,0.8069447348521663,85384,0,130,75157,0.8802234610699897,8238.94321964677,0.09649282324143597,9447,0.11064133795558886,6,3694,0,130,3161,0.8557119653492149,378.8453353940091,0.10255693973849732,423,0.1145100162425555,1,81690,0,0,71996,0.8813318643652834,7860.097884252757,0.09621860551172429,9024,0.1104663973558575,5,150.0,210957,41,210916,0,196,0,85384,32,85352,0,130,0,0,,,
toolagent_trace,0.01,1.0,"l1=0.01,l2x1",leaf,16,leaf16,evict_binary_150_recency,class_order,150.0,1,main,150.0,recency,1784653926,1784653926,83026370,9997,30578881,11516113,42094994,11516113,0,0,265655,50,210900,210950,265705,24.5903480052948,1279.10546875,1000.591796875,0cfc3fff4b86296a1ca3606ccd0154cc2c9ab4931d3668553fc6c2f332a8c100,9997,112,52447489,107989,11516113,22535,36674437,75569,0,0,0,0,0,0,0,0,0,0,434774,859,0,0,7059192,13808,6624418,12949,3822165,9026,0,0,33872184,71646,30050019,62620,0,0,0,0,0,0,0,0,4256939,0,434774,40931376,7059192,50,32,52944,210900,85343,0,0,0.0,0.0,0,0,0,0,0.0,0.1387042815433217,13.870428154332172,0.0,0.0,8.502349313838483,40.79689862389503,0.0,0.0,8.502349313838483,0.0,1.0,210950,50,210900,199,1af7d7e53c3169da89147f2cf6e4fb148b342e71ecd2478fb0e02b548b0a0115,9655063,7722631,112093,0.8056578709015156,85375,0,126,75188,0.8806793557833089,8228.592908332925,0.0963817617374281,9426,0.11040702781844802,4,3703,0,126,3169,0.8557926005941129,377.8234094403522,0.10203170657314399,423,0.11423170402376452,0,81672,0,0,72019,0.8818077186795964,7850.76949889258,0.09612559382521035,9003,0.11023361739641493,4,150.0,210950,50,210900,0,199,0,85375,32,85343,0,126,0,0,,,
toolagent_trace,0.01,1.0,"l1=0.01,l2x1",leaf,16,leaf16,evict_binary_150_recency,class_order,150.0,2,main,150.0,recency,1784653926,1784653926,83026370,9997,30578881,11503116,42081997,11503116,0,0,265673,32,210957,210989,265705,24.01553988456726,1281.3046875,873.4560546875,1775fa86f264d1650da44e740f247fff6e383a136f3502244a6f80c0e7cf93ab,9997,110,52447489,107989,11503116,22509,36687499,75593,0,0,0,0,0,0,0,0,0,0,433947,858,0,0,7072189,13834,6638242,12976,3822927,9029,0,0,33872184,71646,30049257,62617,0,0,0,0,0,0,0,0,4256874,0,433947,40944373,7072189,32,19,52899,210957,85378,0,0,0.0,0.0,0,0,0,0,0.0,0.1385477409165305,13.854774091653049,0.0,0.0,8.518003376517605,40.79689862389503,0.0,0.0,8.518003376517605,0.0,1.0,210989,32,210957,190,8e9578f3f7aecf859e4f605dccbb01ec6e5144f465735c543261993b2b72e071,9648271,7736605,110946,0.8076139237797114,85397,0,123,75180,0.8803587948054381,8262.00919446683,0.09674823699271437,9469,0.11088211529679029,6,3687,0,123,3139,0.8513696772443721,369.42718082854833,0.1001972283234468,439,0.11906699213452672,1,81710,0,0,72041,0.8816668706400685,7892.582013638303,0.09659260817082735,9030,0.11051278913229715,5,150.0,210989,32,210957,0,190,0,85397,19,85378,0,123,0,0,,,
toolagent_trace,0.01,1.0,"l1=0.01,l2x1",leaf,16,leaf16,evict_binary_150_recency,class_order,150.0,3,main,150.0,recency,1784653926,1784653926,83026370,9997,30578881,11489983,42068864,11489983,0,0,265668,37,210985,211022,265705,24.004117250442505,1258.51171875,873.4658203125,5de34cf8332483d1f92283c5c76ad41ff0ea7e5802d8728a3a0a085e6e374ffc,9997,110,52447489,107989,11489983,22483,36699762,75619,0,0,0,0,0,0,0,0,0,0,433488,857,0,0,7085322,13860,6651834,13003,3824256,9030,0,0,33872184,71646,30047928,62616,0,0,0,0,0,0,0,0,4257744,0,433488,40957506,7085322,37,20,52866,210985,85403,0,0,0.0,0.0,0,0,0,0,0.0,0.1383895622559435,13.83895622559435,0.0,0.0,8.533821242576304,40.79689862389503,0.0,0.0,8.533821242576304,0.0,1.0,211022,37,210985,175,2b7a21f49739c5ff70bbee3f4fd6f9bad13f769d96bf55201b4412d83a1ae1f5,9652456,7740706,111772,0.8077314208943299,85423,0,106,75165,0.8799152453086405,8291.73711406766,0.09706679833379371,9504,0.11125809208292849,4,3672,0,106,3172,0.8638344226579521,333.1789162641739,0.09073499898261816,406,0.11056644880174292,0,81751,0,0,71993,0.8806375457180952,7958.558197803503,0.09735120301651971,9098,0.11128915854240315,4,150.0,211022,37,210985,0,175,0,85423,20,85403,0,106,0,0,,,
toolagent_trace,0.01,1.0,"l1=0.01,l2x1",leaf,16,leaf16,evict_binary_150_recency,class_order,150.0,4,main,150.0,recency,1784653926,1784653926,83026370,9997,30578881,11495696,42074577,11495696,0,0,265665,40,210961,211001,265705,24.508206367492676,1261.39453125,932.0224609375,51cd996172ffc25317faaa39567f0090541d7290b2586e5013d1e209368d7351,9997,109,52447489,107989,11495696,22494,36694089,75607,0,0,512,1,0,0,512,1,0,0,434122,859,0,0,7079097,13848,6644975,12989,3823070,9028,0,0,33872184,71646,30049114,62618,0,0,0,0,0,0,0,0,4257704,0,434634,40951793,7079609,40,25,52888,210961,85386,0,0,0.0,0.0,0,0,0,0,0.0,0.13845837171973194,13.845837171973194,0.0,0.0006166715466423499,8.52632362465082,40.79689862389503,0.0,0.0,8.526940296197461,7.232037814517723e-05,0.9999276796218548,211001,40,210961,199,7b567decfaae3cbcd1d2ca303eedbaed709f03d2f18cf56b4ac44a5b117de25a,9656798,7738705,112827,0.807215652641797,85411,0,133,75164,0.8800271627776282,8266.52824769605,0.09678528816775414,9472,0.11089906452330496,3,3704,0,133,3113,0.8404427645788337,426.0844237327021,0.11503359172049192,481,0.1298596112311015,0,81707,0,0,72051,0.8818216309496126,7840.4438239633655,0.09595804305583812,8991,0.1100395314966894,3,150.0,211001,40,210961,0,199,0,85411,25,85386,0,133,0,0,,,
toolagent_trace,0.01,1.0,"l1=0.01,l2x1",leaf,16,leaf16,label,reproduction_anchor,,0,main,150.0,,1784653926,1784653926,83026370,9997,30578881,12269796,42848677,12269796,0,0,257777,7928,199535,207463,265705,46.296369314193726,1278.76171875,794.0322265625,c9f58d1d533fb524013380a617197f173ddd83c5e764bd7dc20498c94276ca8a,9997,106,52447489,107989,12269796,24004,35917444,74094,0,0,1536,3,0,0,13824,27,12288,24,464369,919,0,0,6291685,12312,5827316,11393,3794344,8969,0,0,33872184,71646,30077840,62677,0,0,0,0,0,0,0,0,4260249,0,465905,40177693,6305509,7928,2497,56429,199535,81398,0,0,0.0,0.0,0,0,0,0,0.0,0.14778191555285386,14.778191555285387,0.0,0.016650131759343448,7.577935781125924,40.79689862389503,0.0,0.0,7.594585912885267,0.002192368609734757,0.9978076313902653,207463,7928,199535,0,b05ff71fed58778e56ada7a3a96e60fe232f4f8550ab1201836fc0e5eb7c009f,9881717,9881717,0,1.0,83895,0,0,83895,1.0,0.0,0.0,8,9.535729185291137e-05,8,6389,0,0,6389,1.0,0.0,0.0,0,0.0,0,77506,0,0,77506,1.0,0.0,0.0,8,0.00010321781539493717,8,,,,,,,,,,,,,,,mechanism_control_001,42848677,True
toolagent_trace,0.01,1.0,"l1=0.01,l2x1",leaf,16,leaf16,label,reproduction_anchor,,1,main,150.0,,1784653926,1784653926,83026370,9997,30578881,12255720,42834601,12255720,0,0,257418,8287,199180,207467,265705,22.756765604019165,1261.39453125,794.0166015625,d54c2a991dd1fa1b494f00c9ca350531b5f8690676e024c6302ce4ab35fb4472,9997,105,52447489,107989,12255720,23975,35932260,74122,0,0,1024,2,0,0,33311,66,32287,64,457269,908,0,0,6286274,12302,5829005,11394,3801216,8982,0,0,33872184,71646,30070968,62664,0,0,0,0,0,0,0,0,4259509,0,458293,40191769,6319585,8287,2715,56422,199180,81206,0,0,0.0,0.0,0,0,0,0,0.0,0.1476123790549918,14.761237905499181,0.0,0.04012098806680335,7.571418574604671,40.79689862389503,0.0,0.0,7.611539562671474,0.005271073970838275,0.9947289260291617,207467,8287,199180,0,a1d675b6344da66afcfa65d70e054c991d049cf8d27dd22d12a0d23504e14577,9890979,9890979,0,1.0,83921,0,0,83921,1.0,0.0,0.0,0,0.0,0,6555,0,0,6555,1.0,0.0,0.0,0,0.0,0,77366,0,0,77366,1.0,0.0,0.0,0,0.0,0,,,,,,,,,,,,,,,mechanism_control_001,42834601,True
toolagent_trace,0.01,1.0,"l1=0.01,l2x1",leaf,16,leaf16,label,reproduction_anchor,,2,main,150.0,,1784653926,1784653926,83026370,9997,30578881,12261048,42839929,12261048,0,0,257630,8075,199353,207428,265705,22.72585964202881,1274.8984375,744.931640625,5f1a55476c95b4cfc3e4b597113b8c71ad0658e699bcb8275a1623644399ef34,9997,106,52447489,107989,12261048,23987,35926296,74111,0,0,2560,5,0,0,12509,25,9949,20,458483,908,0,0,6301748,12331,5843265,11423,3799102,8978,0,0,33872184,71646,30073082,62668,0,0,0,0,0,0,0,0,4260145,0,461043,40186441,6314257,8075,2600,56466,199353,81315,0,0,0.0,0.0,0,0,0,0,0.0,0.14767655143781427,14.767655143781427,0.0,0.015066297611228819,7.590056026777998,40.79689862389503,0.0,0.0,7.605122324389227,0.001981072357365245,0.9980189276426348,207428,8075,199353,0,a536c19c92a9471760685eff3cd8abb31d70a1f73aecb04150e8c77d5d867b7c,9892057,9892057,0,1.0,83915,0,0,83915,1.0,0.0,0.0,1,1.1916820592265983e-05,1,6513,0,0,6513,1.0,0.0,0.0,0,0.0,0,77402,0,0,77402,1.0,0.0,0.0,1,1.2919562801994781e-05,1,,,,,,,,,,,,,,,mechanism_control_001,42839929,True
toolagent_trace,0.01,1.0,"l1=0.01,l2x1",leaf,16,leaf16,label,reproduction_anchor,,3,main,150.0,,1784653926,1784653926,83026370,9997,30578881,12267948,42846829,12267948,0,0,258283,7422,200056,207478,265705,22.658021211624146,1254.6640625,767.9208984375,58b7b72c13713a4883beaf4668764fee6a17b68a3c257f92df59b5db11f28f24,9997,107,52447489,107989,12267948,24001,35918913,74098,0,0,512,1,0,0,6144,12,5632,11,460799,912,0,0,6301213,12330,5840414,11418,3799317,8977,0,0,33872184,71646,30072867,62669,0,0,0,0,0,0,0,0,4260628,0,461311,40179541,6307357,7422,2508,56411,200056,81387,0,0,0.0,0.0,0,0,0,0,0.0,0.14775965756421724,14.775965756421725,0.0,0.007400058559708198,7.589411653189222,40.79689862389503,0.0,0.0,7.59681171174893,0.0009741005622481809,0.9990258994377518,207478,7422,200056,0,123829b135b351380a25cd465059398615fa308fa58478d3cce49c01444e1647,9884676,9884676,0,1.0,83895,0,0,83895,1.0,0.0,0.0,1,1.1919661481613922e-05,1,6392,0,0,6392,1.0,0.0,0.0,0,0.0,0,77503,0,0,77503,1.0,0.0,0.0,1,1.2902726346076926e-05,1,,,,,,,,,,,,,,,mechanism_control_001,42846829,True
toolagent_trace,0.01,1.0,"l1=0.01,l2x1",leaf,16,leaf16,label,reproduction_anchor,,4,main,150.0,,1784653926,1784653926,83026370,9997,30578881,12260789,42839670,12260789,0,0,257933,7772,199702,207474,265705,22.675931692123413,1279.10546875,820.4228515625,6d626f029a38e78b73260f265af8fe28b58cb58a7d3bf152a2a35385c32ba248,9997,105,52447489,107989,12260789,23986,35924772,74111,0,0,2404,6,0,0,19521,40,17117,34,462780,915,0,0,6294995,12317,5832215,11402,3796744,8971,0,0,33872184,71646,30075440,62675,0,0,0,0,0,0,0,0,4261928,0,465184,40186700,6314516,7772,2822,56420,199702,81093,0,0,0.0,0.0,0,0,0,0,0.0,0.14767343194698263,14.767343194698263,0.0,0.023511807152354125,7.581922466320038,40.79689862389503,0.0,0.0,7.605434273472392,0.0030914483390334273,0.9969085516609666,207474,7772,199702,0,f7f9a66474a0e4710beced6281bf004abb9dbb8400ea3951f9a02b21ad3e8ae5,9893048,9893048,0,1.0,83915,0,0,83915,1.0,0.0,0.0,3,3.575046177679795e-05,3,6718,0,0,6718,1.0,0.0,0.0,2,0.00029770765108663293,2,77197,0,0,77197,1.0,0.0,0.0,1,1.2953871264427374e-05,1,,,,,,,,,,,,,,,mechanism_control_001,42839670,True
toolagent_trace,0.01,4.0,"l1=0.01,l2x4",leaf,16,leaf16,label_binary_600,horizon,600.0,0,main,600.0,,1784653926,7138615706,83026370,9997,30578881,18182356,48761237,18182356,0,0,265705,0,175266,175266,265705,36.68159103393555,1274.8984375,744.927734375,7bd94dfad715b3d5ff8d7aada502b5233ed641c00f0049364ebe6fbf7a84982e,9997,144,52447489,107989,18182356,35572,30038966,62564,0,0,0,0,0,0,0,0,0,0,22270,45,0,0,392949,771,370679,726,4203897,9808,0,0,33872184,71646,29668287,61838,0,0,0,0,0,0,0,0,4226167,0,22270,34265133,392949,0,0,83291,175266,72241,0,0,0.0,0.0,0,0,0,0,0.0,0.21899495304925412,21.89949530492541,0.0,0.0,0.47328216324524364,40.79689862389503,0.0,0.0,0.47328216324524364,0.0,1.0,175266,0,175266,0,84dcecc5f74897037bc365110b7d8aaa3248080ec0139de1991610569722ed3b,8501938,7906007,9874,0.9304871430490319,72241,0,0,72241,1.0,0.0,0.0,0,0.0,0,2992,0,0,2992,1.0,0.0,0.0,0,0.0,0,69249,0,0,69249,1.0,0.0,0.0,0,0.0,0,600.0,175266,0,175266,0,0,0,72241,0,72241,0,0,0,0,,,
toolagent_trace,0.01,4.0,"l1=0.01,l2x4",leaf,16,leaf16,label_binary_600,horizon,600.0,1,main,600.0,,1784653926,7138615706,83026370,9997,30578881,18183380,48762261,18183380,0,0,265705,0,175266,175266,265705,36.61584663391113,1254.6640625,863.2666015625,9be3600d37c43b35a04ec7a27c8271fe642641bc6055110ee18c253b15cf5568,9997,144,52447489,107989,18183380,35574,30037942,62562,0,0,0,0,0,0,0,0,0,0,22270,45,0,0,391925,769,369655,724,4203897,9808,0,0,33872184,71646,29668287,61838,0,0,0,0,0,0,0,0,4226167,0,22270,34264109,391925,0,0,83293,175266,72248,0,0,0.0,0.0,0,0,0,0,0.0,0.21900728648018697,21.900728648018696,0.0,0.0,0.4720488201519589,40.79689862389503,0.0,0.0,0.4720488201519589,0.0,1.0,175266,0,175266,0,e799b21344511ab05f27770bdc2993178478f86556fd4ea359643c252d9af947,8502695,7908571,9862,0.9307051470151523,72248,0,0,72247,0.9999861587864024,0.0,0.0,0,0.0,0,2984,0,0,2984,1.0,0.0,0.0,0,0.0,0,69264,0,0,69263,0.9999855624855625,0.0,0.0,0,0.0,0,600.0,175266,0,175266,0,0,0,72248,0,72248,0,0,0,0,,,
toolagent_trace,0.01,4.0,"l1=0.01,l2x4",leaf,16,leaf16,label_binary_600,horizon,600.0,2,main,600.0,,1784653926,7138615706,83026370,9997,30578881,18184404,48763285,18184404,0,0,265705,0,175266,175266,265705,39.85239028930664,1281.3046875,685.09375,561e10d69c6cbedc0acc6a3c172bd47466ee626862a1f9481d160a60a20952b6,9997,144,52447489,107989,18184404,35576,30036918,62560,0,0,0,0,0,0,0,0,0,0,21246,43,0,0,390901,767,369655,724,4204921,9810,0,0,33872184,71646,29667263,61836,0,0,0,0,0,0,0,0,4226167,0,21246,34263085,390901,0,0,83295,175266,72239,0,0,0.0,0.0,0,0,0,0,0.0,0.21901961991111982,21.901961991111982,0.0,0.0,0.47081547705867427,40.79689862389503,0.0,0.0,0.47081547705867427,0.0,1.0,175266,0,175266,0,1344b46629a37a397a9f241645360f0af6ff0354045420034ee0335b26e8d6a6,8500914,7904684,9781,0.9304381270061078,72239,0,0,72238,0.9999861570619748,0.0,0.0,0,0.0,0,2995,0,0,2995,1.0,0.0,0.0,0,0.0,0,69244,0,0,69243,0.9999855583155219,0.0,0.0,0,0.0,0,600.0,175266,0,175266,0,0,0,72239,0,72239,0,0,0,0,,,
toolagent_trace,0.01,4.0,"l1=0.01,l2x4",leaf,16,leaf16,label_binary_600,horizon,600.0,3,main,600.0,,1784653926,7138615706,83026370,9997,30578881,18182356,48761237,18182356,0,0,265705,0,175282,175282,265705,44.032583713531494,1258.51171875,787.423828125,018951d0dc53d24af15480a480589a36fb56037cc0b2d26d6bd6796afaf92271,9997,144,52447489,107989,18182356,35572,30038966,62564,0,0,0,0,0,0,0,0,0,0,22270,45,0,0,392949,771,370679,726,4203897,9808,0,0,33872184,71646,29668287,61838,0,0,0,0,0,0,0,0,4226167,0,22270,34265133,392949,0,0,83288,175282,72259,0,0,0.0,0.0,0,0,0,0,0.0,0.21899495304925412,21.89949530492541,0.0,0.0,0.47328216324524364,40.79689862389503,0.0,0.0,0.47328216324524364,0.0,1.0,175282,0,175282,0,5ce1ac8d36287a93914f36c2e47a578926602c4bf9e617b9ec88dff00d9b8efc,8503518,7912466,9692,0.9310631199933956,72259,0,0,72256,0.9999584826803581,0.0,0.0,0,0.0,0,2992,0,0,2992,1.0,0.0,0.0,0,0.0,0,69267,0,0,69264,0.9999566893325826,0.0,0.0,0,0.0,0,600.0,175282,0,175282,0,0,0,72259,0,72259,0,0,0,0,,,
toolagent_trace,0.01,4.0,"l1=0.01,l2x4",leaf,16,leaf16,label_binary_600,horizon,600.0,4,main,600.0,,1784653926,7138615706,83026370,9997,30578881,18182868,48761749,18182868,0,0,265705,0,175271,175271,265705,36.60624885559082,1261.39453125,886.103515625,24e0e2b06bf7ac25800c940497450b5a1a761af62e214101b18f08893a4adeb3,9997,144,52447489,107989,18182868,35573,30038454,62563,0,0,0,0,0,0,0,0,0,0,21758,44,0,0,392437,770,370679,726,4204409,9809,0,0,33872184,71646,29667775,61837,0,0,0,0,0,0,0,0,4226167,0,21758,34264621,392437,0,0,83293,175271,72245,0,0,0.0,0.0,0,0,0,0,0.0,0.21900111976472053,21.900111976472054,0.0,0.0,0.4726654916986013,40.79689862389503,0.0,0.0,0.4726654916986013,0.0,1.0,175271,0,175271,0,adf8f9e3591b41fab8aa859450cb12f8a025a8b2df4ebfd58e36537a4ad5958a,8503794,7904428,10048,0.930108607993091,72245,0,0,72245,1.0,0.0,0.0,0,0.0,0,3006,0,0,3006,1.0,0.0,0.0,0,0.0,0,69239,0,0,69239,1.0,0.0,0.0,0,0.0,0,600.0,175271,0,175271,0,0,0,72245,0,72245,0,0,0,0,,,
toolagent_trace,0.01,4.0,"l1=0.01,l2x4",leaf,16,leaf16,evict_binary_600_learned,class_order,600.0,0,main,600.0,learned,1784653926,7138615706,83026370,9997,30578881,18307882,48886763,18307882,0,0,265647,58,175382,175440,265705,70.98316836357117,1162.2734375,927.578125,c8196257c51e6288a6ecbff23f9b209e67bf9aee882493abd5c0a3d140d6c060,9997,143,52447489,107989,18307882,35816,29913556,62319,0,0,0,0,0,0,0,0,0,0,40616,82,0,0,267423,527,226807,445,4185435,9772,0,0,33872184,71646,29686749,61874,0,0,0,0,0,0,0,0,4226051,0,40616,34139607,267423,58,35,83452,175382,72160,0,0,0.0,0.0,0,0,0,0,0.0,0.22050683415401637,22.050683415401636,0.0,0.0,0.32209405276901787,40.79689862389503,0.0,0.0,0.32209405276901787,0.0,1.0,175440,58,175382,4477,2934537e3ff75de33d1921b635b97450a837a20b7b5f60467e8e033bc8932082,8693983,6062004,534,0.6972950142644632,72195,0,2102,4252,0.058896045432509175,43.05984160151015,0.0005964380026526789,1,1.3851374748943833e-05,0,4720,0,2102,224,0.04745762711864407,2.3381519239887885,0.0004953711703366078,1,0.000211864406779661,0,67475,0,0,4028,0.059696183771767324,40.72168967752136,0.0006035078129310316,0,0.0,0,600.0,175440,58,175382,0,4477,0,72195,35,72160,0,2102,0,0,,,
toolagent_trace,0.01,4.0,"l1=0.01,l2x4",leaf,16,leaf16,evict_binary_600_learned,class_order,600.0,1,main,600.0,learned,1784653926,7138615706,83026370,9997,30578881,18299131,48878012,18299131,0,0,265627,78,175379,175457,265705,72.12967681884766,1278.76171875,1016.525390625,09d3beda60cec030a01df3c188bfe976a4c73b83d205854b26cbd6a1992c07c0,9997,144,52447489,107989,18299131,35799,29922355,62337,0,0,0,0,0,0,0,0,0,0,42711,86,0,0,276174,544,233463,458,4183292,9767,0,0,33872184,71646,29688892,61879,0,0,0,0,0,0,0,0,4226003,0,42711,34148358,276174,78,54,83433,175379,72158,0,0,0.0,0.0,0,0,0,0,0.0,0.22040143390587832,22.040143390587833,0.0,0.0,0.332634077582821,40.79689862389503,0.0,0.0,0.332634077582821,0.0,1.0,175457,78,175379,4418,86de68a5c046d33ba8259958a7d9271005f5975a5955e45535cae9b3d42e0e26,8697214,6065271,640,0.6974177018065785,72212,0,2054,4104,0.05683265939179084,55.324740732885516,0.0007661433104315836,0,0.0,0,4777,0,2054,218,0.04563533598492778,0.0,0.0,0,0.0,0,67435,0,0,3886,0.057625861941128495,55.324740732885516,0.0008204158186829616,0,0.0,0,600.0,175457,78,175379,0,4418,0,72212,54,72158,0,2054,0,0,,,
toolagent_trace,0.01,4.0,"l1=0.01,l2x4",leaf,16,leaf16,evict_binary_600_learned,class_order,600.0,2,main,600.0,learned,1784653926,7138615706,83026370,9997,30578881,18306811,48885692,18306811,0,0,265629,76,175365,175441,265705,94.78480339050293,1254.6640625,993.82421875,e6999caebbd375dd10e2014c019680189a538032ad2702d339c2c22b820f289a,9997,144,52447489,107989,18306811,35814,29915370,62322,0,0,0,0,0,0,0,0,0,0,42199,85,0,0,268494,529,226295,444,4183109,9768,0,0,33872184,71646,29689075,61878,0,0,0,0,0,0,0,0,4225308,0,42199,34140678,268494,76,50,83449,175365,72146,0,0,0.0,0.0,0,0,0,0,0.0,0.2204939346378747,22.049393463787467,0.0,0.0,0.3233840043831857,40.79689862389503,0.0,0.0,0.3233840043831857,0.0,1.0,175441,76,175365,4470,f4bc80585ef8d235d1629d5ccb89cd1f19b70a1b0d4b46e0a8376d1f9888607d,8696241,6066201,605,0.6976006644710053,72196,0,2083,4238,0.058701313092138066,51.717128276273016,0.0007163434023529422,0,0.0,0,4859,0,2083,223,0.04589421691706112,0.0,0.0,0,0.0,0,67337,0,0,4015,0.05962546593997357,51.717128276273016,0.0007680343388667897,0,0.0,0,600.0,175441,76,175365,0,4470,0,72196,50,72146,0,2083,0,0,,,
toolagent_trace,0.01,4.0,"l1=0.01,l2x4",leaf,16,leaf16,evict_binary_600_learned,class_order,600.0,3,main,600.0,learned,1784653926,7138615706,83026370,9997,30578881,18307166,48886047,18307166,0,0,265622,83,175354,175437,265705,69.97527074813843,1274.8984375,906.3173828125,75217d96b3e59561abb2cc93bb653091e958141e58767bc02fe152e7cd77e9a0,9997,141,52447489,107989,18307166,35814,29913759,62319,0,0,512,1,0,0,512,1,0,0,41332,84,0,0,267627,528,226295,444,4184720,9771,0,0,33872184,71646,29687464,61875,0,0,0,0,0,0,0,0,4226564,0,41844,34140323,268139,83,58,83453,175354,72140,0,0,0.0,0.0,0,0,0,0,0.0,0.2204982103878563,22.04982103878563,0.0,0.0006166715466423499,0.32233975783838315,40.79689862389503,0.0,0.0,0.3229564293850255,0.001909457408284509,0.9980905425917155,175437,83,175354,4511,759135dcc04f935cb1dbe3fc850a15cd6cd65ee2d4507b80d30a2699688e95cd,8695656,6057300,594,0.6966233484857267,72198,0,2085,4193,0.058076401008338184,60.88687887958757,0.0008433319327348066,1,1.3850799191113327e-05,0,4793,0,2085,189,0.0394325057375339,2.44735121595378,0.0005106094754754392,1,0.00020863759649488838,0,67405,0,0,4004,0.05940212150433944,58.43952766363379,0.000866990989743102,0,0.0,0,600.0,175437,83,175354,0,4511,0,72198,58,72140,0,2085,0,0,,,
toolagent_trace,0.01,4.0,"l1=0.01,l2x4",leaf,16,leaf16,evict_binary_600_learned,class_order,600.0,4,main,600.0,learned,1784653926,7138615706,83026370,9997,30578881,18303227,48882108,18303227,0,0,265632,73,175366,175439,265705,96.7993733882904,1164.40234375,932.8076171875,032ffd749bbdb5e5fff6c177cec43df0b60f7fd1b384d51f9daee876c0d812db,9997,144,52447489,107989,18303227,35807,29918506,62329,0,0,512,1,0,0,512,1,0,0,43223,87,0,0,271566,535,228343,448,4182021,9765,0,0,33872184,71646,29690163,61881,0,0,0,0,0,0,0,0,4225756,0,43735,34144262,272078,73,51,83452,175366,72154,0,0,0.0,0.0,0,0,0,0,0.0,0.22045076762960972,22.045076762960974,0.0,0.0006166715466423499,0.32708403366303984,40.79689862389503,0.0,0.0,0.3277007052096822,0.001881813303537956,0.998118186696462,175439,73,175366,4415,ca8b79bcca1a240e03d0efb477cb31ea6e9e3d57a0b80cccec9f65b7e824c23f,8697079,6063228,566,0.6971893666827679,72205,0,2053,4314,0.0597465549477183,59.77964330763654,0.0008279155641248742,2,2.7698912817671905e-05,0,4821,0,2053,227,0.04708566687409251,3.9286358285392144,0.000814900607454722,2,0.00041485169052063887,0,67384,0,0,4087,0.0606523803870355,55.851007479097326,0.0008288467214635125,0,0.0,0,600.0,175439,73,175366,0,4415,0,72205,51,72154,0,2053,0,0,,,
toolagent_trace,0.01,4.0,"l1=0.01,l2x4",leaf,16,leaf16,evict_binary_600_recency,class_order,600.0,0,main,600.0,recency,1784653926,7138615706,83026370,9997,30578881,18181844,48760725,18181844,0,0,265682,23,175238,175261,265705,38.74540710449219,1274.8984375,954.6181640625,44495e7ce31a1a427dca6f84bb60a0f548c3bb27e3b9f1998c63d736570eec3c,9997,144,52447489,107989,18181844,35571,30039478,62565,0,0,0,0,0,0,0,0,0,0,22270,45,0,0,393461,772,371191,727,4203897,9808,0,0,33872184,71646,29668287,61838,0,0,0,0,0,0,0,0,4226167,0,22270,34265645,393461,23,8,83292,175238,72226,0,0,0.0,0.0,0,0,0,0,0.0,0.21898878633378768,21.898878633378768,0.0,0.0,0.473898834791886,40.79689862389503,0.0,0.0,0.473898834791886,0.0,1.0,175261,23,175238,23,8689d7c797ab567d4981576eb087ac9da89b5249dcb119227ead7d74f623d76a,8501722,7906979,9914,0.9306274658239825,72234,0,8,72226,0.9998892488301908,0.0,0.0,0,0.0,0,3012,0,8,3004,0.99734395750332,0.0,0.0,0,0.0,0,69222,0,0,69222,1.0,0.0,0.0,0,0.0,0,600.0,175261,23,175238,0,23,0,72234,8,72226,0,8,0,0,,,
toolagent_trace,0.01,4.0,"l1=0.01,l2x4",leaf,16,leaf16,evict_binary_600_recency,class_order,600.0,1,main,600.0,recency,1784653926,7138615706,83026370,9997,30578881,18183892,48762773,18183892,0,0,265688,17,175255,175272,265705,39.22857928276062,1279.10546875,1000.912109375,d089917a488fcf460fea86207f3ffd30ba8f6f390e4236a128640f1166626449,9997,144,52447489,107989,18183892,35575,30037430,62561,0,0,0,0,0,0,0,0,0,0,21758,44,0,0,391413,768,369655,724,4204409,9809,0,0,33872184,71646,29667775,61837,0,0,0,0,0,0,0,0,4226167,0,21758,34263597,391413,17,8,83294,175255,72234,0,0,0.0,0.0,0,0,0,0,0.0,0.21901345319565338,21.901345319565337,0.0,0.0,0.4714321486053166,40.79689862389503,0.0,0.0,0.4714321486053166,0.0,1.0,175272,17,175255,17,fb11a413edaa2f3e60d3ea72489109f5ee28adbbd42697c132f4c81a6de5d8e6,8501488,7908984,9911,0.9308887455937125,72242,0,8,72234,0.999889261094654,0.0,0.0,0,0.0,0,3016,0,8,3008,0.9973474801061007,0.0,0.0,0,0.0,0,69226,0,0,69226,1.0,0.0,0.0,0,0.0,0,600.0,175272,17,175255,0,17,0,72242,8,72234,0,8,0,0,,,
toolagent_trace,0.01,4.0,"l1=0.01,l2x4",leaf,16,leaf16,evict_binary_600_recency,class_order,600.0,2,main,600.0,recency,1784653926,7138615706,83026370,9997,30578881,18181844,48760725,18181844,0,0,265683,22,175251,175273,265705,38.96812200546265,1281.3046875,1000.4755859375,f4b09164b432a8602afa5dba91e90263fa4f1344c5efdb76215bae0aa0bd3b1a,9997,144,52447489,107989,18181844,35571,30039478,62565,0,0,0,0,0,0,0,0,0,0,23806,48,0,0,393461,772,369655,724,4202361,9805,0,0,33872184,71646,29669823,61841,0,0,0,0,0,0,0,0,4226167,0,23806,34265645,393461,22,6,83287,175251,72223,0,0,0.0,0.0,0,0,0,0,0.0,0.21898878633378768,21.898878633378768,0.0,0.0,0.473898834791886,40.79689862389503,0.0,0.0,0.473898834791886,0.0,1.0,175273,22,175251,22,9546f84291d96845a1d7e78c5a8c18004fc9bca78380374b3ee2faf787d1fc38,8500191,7904536,9851,0.930503973381304,72229,0,6,72219,0.9998615514544019,1.3429116024324452,1.859241582234899e-05,0,0.0,0,3001,0,6,2995,0.9980006664445185,0.0,0.0,0,0.0,0,69228,0,0,69224,0.9999422199110186,1.3429116024324452,1.9398387970654145e-05,0,0.0,0,600.0,175273,22,175251,0,22,0,72229,6,72223,0,6,0,0,,,
toolagent_trace,0.01,4.0,"l1=0.01,l2x4",leaf,16,leaf16,evict_binary_600_recency,class_order,600.0,3,main,600.0,recency,1784653926,7138615706,83026370,9997,30578881,18183380,48762261,18183380,0,0,265684,21,175238,175259,265705,39.09170866012573,1247.6953125,899.47265625,ef88590dc28950428bf9c7962a66b9b3f351ecf40971d6d9a0229813ade03f32,9997,144,52447489,107989,18183380,35574,30037942,62562,0,0,0,0,0,0,0,0,0,0,22270,45,0,0,391925,769,369655,724,4203897,9808,0,0,33872184,71646,29668287,61838,0,0,0,0,0,0,0,0,4226167,0,22270,34264109,391925,21,6,83294,175238,72234,0,0,0.0,0.0,0,0,0,0,0.0,0.21900728648018697,21.900728648018696,0.0,0.0,0.4720488201519589,40.79689862389503,0.0,0.0,0.4720488201519589,0.0,1.0,175259,21,175238,21,da1365f715ba328f4533c044d59d303569059dea06e28466961eb746f32ef5ad,8501549,7914666,9704,0.931538240854696,72240,0,6,72234,0.9999169435215947,0.0,0.0,0,0.0,0,3007,0,6,3001,0.998004655803126,0.0,0.0,0,0.0,0,69233,0,0,69233,1.0,0.0,0.0,0,0.0,0,600.0,175259,21,175238,0,21,0,72240,6,72234,0,6,0,0,,,
toolagent_trace,0.01,4.0,"l1=0.01,l2x4",leaf,16,leaf16,evict_binary_600_recency,class_order,600.0,4,main,600.0,recency,1784653926,7138615706,83026370,9997,30578881,18183380,48762261,18183380,0,0,265678,27,175237,175264,265705,39.087363958358765,1245.7734375,941.978515625,313ac85588af84bed90fc63a2849b30ffbfc1096fb3bc5c0e0fb358baadede57,9997,144,52447489,107989,18183380,35574,30037942,62562,0,0,0,0,0,0,0,0,0,0,21758,44,0,0,391925,769,370167,725,4204409,9809,0,0,33872184,71646,29667775,61837,0,0,0,0,0,0,0,0,4226167,0,21758,34264109,391925,27,9,83290,175237,72218,0,0,0.0,0.0,0,0,0,0,0.0,0.21900728648018697,21.900728648018696,0.0,0.0,0.4720488201519589,40.79689862389503,0.0,0.0,0.4720488201519589,0.0,1.0,175264,27,175237,27,25fa58d50da8f8aea717b03a26902ecb10d16b35a3d19eef06aa04359b1d7093,8501732,7900252,10027,0.9298417663600782,72227,0,9,72218,0.9998753928586263,0.0,0.0,0,0.0,0,3006,0,9,2997,0.9970059880239521,0.0,0.0,0,0.0,0,69221,0,0,69221,1.0,0.0,0.0,0,0.0,0,600.0,175264,27,175237,0,27,0,72227,9,72218,0,9,0,0,,,
toolagent_trace,0.01,4.0,"l1=0.01,l2x4",leaf,16,leaf16,label,reproduction_anchor,,0,main,600.0,,1784653926,7138615706,83026370,9997,30578881,18181332,48760213,18181332,0,0,265705,0,175277,175277,265705,37.98439598083496,1258.51171875,658.787109375,10e1e2788d5dfde7a5c8ee91c8bfdf45a03990b5bd4c95a04d6ddd934e054ab7,9997,144,52447489,107989,18181332,35570,30039990,62566,0,0,0,0,0,0,0,0,0,0,22270,45,0,0,393973,773,371703,728,4203897,9808,0,0,33872184,71646,29668287,61838,0,0,0,0,0,0,0,0,4226167,0,22270,34266157,393973,0,0,83285,175277,72249,0,0,0.0,0.0,0,0,0,0,0.0,0.21898261961832127,21.898261961832127,0.0,0.0,0.47451550633852835,40.79689862389503,0.0,0.0,0.47451550633852835,0.0,1.0,175277,0,175277,0,57a1109ba8be5f041fb31849a43ccc01737fa136510dfa32f1fa7f0ca21c8a5d,8502459,8502459,0,1.0,72249,0,0,72249,1.0,0.0,0.0,0,0.0,0,3012,0,0,3012,1.0,0.0,0.0,0,0.0,0,69237,0,0,69237,1.0,0.0,0.0,0,0.0,0,,,,,,,,,,,,,,,mechanism_control_001,48760213,True
toolagent_trace,0.01,4.0,"l1=0.01,l2x4",leaf,16,leaf16,label,reproduction_anchor,,1,main,600.0,,1784653926,7138615706,83026370,9997,30578881,18187476,48766357,18187476,0,0,265705,0,175265,175265,265705,37.91793894767761,1261.39453125,794.0087890625,98f16e5411743b9c6b7a267c99d9d2ff0e23521cf2965ae7688e4f6cd0dc2a71,9997,144,52447489,107989,18187476,35582,30033846,62554,0,0,0,0,0,0,0,0,0,0,22782,46,0,0,387829,761,365047,715,4203385,9807,0,0,33872184,71646,29668799,61839,0,0,0,0,0,0,0,0,4226167,0,22782,34260013,387829,0,0,83299,175265,72237,0,0,0.0,0.0,0,0,0,0,0.0,0.21905662020391833,21.905662020391834,0.0,0.0,0.46711544777882014,40.79689862389503,0.0,0.0,0.46711544777882014,0.0,1.0,175265,0,175265,0,c014ff0230654ccc450b74ab07ca1bb4639c5d16435db41e40219c74992c2b56,8501147,8501147,0,1.0,72237,0,0,72237,1.0,0.0,0.0,0,0.0,0,2973,0,0,2973,1.0,0.0,0.0,0,0.0,0,69264,0,0,69264,1.0,0.0,0.0,0,0.0,0,,,,,,,,,,,,,,,mechanism_control_001,48766357,True
toolagent_trace,0.01,4.0,"l1=0.01,l2x4",leaf,16,leaf16,label,reproduction_anchor,,2,main,600.0,,1784653926,7138615706,83026370,9997,30578881,18181813,48760694,18181813,0,0,265705,0,175273,175273,265705,38.0662567615509,1260.72265625,667.7998046875,77582199d95f6056573c13fb0eeccd2b040526d9a4830c26ba6fec6e97516f03,9997,143,52447489,107989,18181813,35570,30039478,62565,0,0,0,0,0,0,0,0,0,0,22813,47,0,0,393492,773,370679,726,4203385,9807,0,0,33872184,71646,29668799,61839,0,0,0,0,0,0,0,0,4226198,0,22813,34265676,393492,0,0,83287,175273,72239,0,0,0.0,0.0,0,0,0,0,0.0,0.21898841295843718,21.898841295843717,0.0,0.0,0.47393617232693663,40.79689862389503,0.0,0.0,0.47393617232693663,0.0,1.0,175273,0,175273,0,f9773874bf368bf9179a8b3a1585d16d0002d3421331988f1da3ea61bf171e02,8501126,8501126,0,1.0,72239,0,0,72239,1.0,0.0,0.0,0,0.0,0,2996,0,0,2996,1.0,0.0,0.0,0,0.0,0,69243,0,0,69243,1.0,0.0,0.0,0,0.0,0,,,,,,,,,,,,,,,mechanism_control_001,48760694,True
toolagent_trace,0.01,4.0,"l1=0.01,l2x4",leaf,16,leaf16,label,reproduction_anchor,,3,main,600.0,,1784653926,7138615706,83026370,9997,30578881,18183892,48762773,18183892,0,0,265705,0,175259,175259,265705,37.712568283081055,1245.7734375,899.4765625,785dfa52e3de0f9e951772d49e8d7ee2e83123339126d12ffefd62688844c0ac,9997,144,52447489,107989,18183892,35575,30037430,62561,0,0,0,0,0,0,0,0,0,0,21758,44,0,0,391413,768,369655,724,4204409,9809,0,0,33872184,71646,29667775,61837,0,0,0,0,0,0,0,0,4226167,0,21758,34263597,391413,0,0,83296,175259,72238,0,0,0.0,0.0,0,0,0,0,0.0,0.21901345319565338,21.901345319565337,0.0,0.0,0.4714321486053166,40.79689862389503,0.0,0.0,0.4714321486053166,0.0,1.0,175259,0,175259,0,e7285417d724b0a8d5c43df39843f5161f777a3d11ca539826ca02af087076a0,8500642,8500642,0,1.0,72238,0,0,72238,1.0,0.0,0.0,0,0.0,0,2987,0,0,2987,1.0,0.0,0.0,0,0.0,0,69251,0,0,69251,1.0,0.0,0.0,0,0.0,0,,,,,,,,,,,,,,,mechanism_control_001,48762773,True
toolagent_trace,0.01,4.0,"l1=0.01,l2x4",leaf,16,leaf16,label,reproduction_anchor,,4,main,600.0,,1784653926,7138615706,83026370,9997,30578881,18182356,48761237,18182356,0,0,265705,0,175260,175260,265705,61.04838442802429,1278.76171875,889.8876953125,2ecb5274e4619dab2ee4889c68ddc554f2031e8f1604ea3d964bd48055aa9a55,9997,144,52447489,107989,18182356,35572,30038966,62564,0,0,0,0,0,0,0,0,0,0,22270,45,0,0,392949,771,370679,726,4203897,9808,0,0,33872184,71646,29668287,61838,0,0,0,0,0,0,0,0,4226167,0,22270,34265133,392949,0,0,83293,175260,72245,0,0,0.0,0.0,0,0,0,0,0.0,0.21899495304925412,21.89949530492541,0.0,0.0,0.47328216324524364,40.79689862389503,0.0,0.0,0.47328216324524364,0.0,1.0,175260,0,175260,0,d2112c08c09707102fec65a891db3663953bbe2c9f15a03b57edfece378d8fb1,8503271,8503271,0,1.0,72245,0,0,72245,1.0,0.0,0.0,0,0.0,0,3011,0,0,3011,1.0,0.0,0.0,0,0.0,0,69234,0,0,69234,1.0,0.0,0.0,0,0.0,0,,,,,,,,,,,,,,,mechanism_control_001,48761237,True
toolagent_trace,0.02,1.0,"l1=0.02,l2x1",leaf,16,leaf16,label_binary_300,horizon,300.0,0,main,300.0,,3569307853,3569307853,83026370,9997,32176527,14272055,46448582,14272055,0,0,255966,3,187668,187671,255969,25.78791117668152,1245.7734375,900.21484375,47e3044991e59fe88d3061d125e5a004d55a4e874c80b3ab7476f3df675ddc91,9997,133,50849843,104856,14272055,27915,32342163,67077,0,0,0,0,0,0,0,0,0,0,164479,327,0,0,2705604,5295,2541125,4968,4071146,9537,0,0,33872184,71646,29801038,62109,0,0,0,0,0,0,0,0,4235625,0,164479,36577788,2705604,3,3,64738,187668,76824,0,0,0.0,0.0,0,0,0,0,0.0,0.17189785606669303,17.189785606669304,0.0,0.0,3.258728522034626,40.79689862389503,0.0,0.0,3.258728522034626,0.0,1.0,187671,3,187668,0,a55b5827f8464f35d626a4248d5e1562540d40086009001aa43b1f5b853034f4,8839421,7987954,25997,0.9051444093453632,76827,0,0,73525,0.9570203183776537,1235.6916110243167,0.01608407995918514,3274,0.042615226417795825,0,3174,0,0,3043,0.9587271581600504,51.24206540498842,0.01614431802299572,131,0.041272841839949594,0,73653,0,0,70482,0.9569467638792717,1184.4495456193258,0.016081484062011403,3143,0.04267307509537969,0,300.0,187671,3,187668,0,0,0,76827,3,76824,0,0,0,0,,,
toolagent_trace,0.02,1.0,"l1=0.02,l2x1",leaf,16,leaf16,label_binary_300,horizon,300.0,1,main,300.0,,3569307853,3569307853,83026370,9997,32176527,14281271,46457798,14281271,0,0,255965,4,187637,187641,255969,26.125168323516846,1278.76171875,813.4130859375,9254d3a99fb6bbd457195f76f7f857055c8e3b75f6c84e817162bc5939073759,9997,133,50849843,104856,14281271,27933,32333512,67059,0,0,0,0,0,0,0,0,0,0,160895,320,0,0,2696388,5277,2535493,4957,4074165,9544,0,0,33872184,71646,29798019,62102,0,0,0,0,0,0,0,0,4235060,0,160895,36568572,2696388,4,4,64776,187637,76809,0,0,0.0,0.0,0,0,0,0,0.0,0.17200885694508866,17.200885694508866,0.0,0.0,3.2476284341950636,40.79689862389503,0.0,0.0,3.2476284341950636,0.0,1.0,187641,4,187637,0,5f0ab1bdb218c400a53efb6143b327d833a48a83ee142d97ebbafda9e9c3dc48,8834590,7984223,26145,0.9052254264204678,76813,0,0,73529,0.9572468201997058,1215.032800116567,0.015818062048306495,3268,0.04254488172574955,0,3171,0,0,3048,0.9612109744560076,42.65304686409656,0.013450976620654859,123,0.03878902554399243,0,73642,0,0,70481,0.9570761250373429,1172.3797532524675,0.01591998795867124,3145,0.04270660764237799,0,300.0,187641,4,187637,0,0,0,76813,4,76809,0,0,0,0,,,
toolagent_trace,0.02,1.0,"l1=0.02,l2x1",leaf,16,leaf16,label_binary_300,horizon,300.0,2,main,300.0,,3569307853,3569307853,83026370,9997,32176527,14288951,46465478,14288951,0,0,255968,1,187648,187649,255969,26.01961088180542,1274.8984375,745.283203125,f6a299c7e9efe6ae13c111f0e0aaa2798b81ea5fbf03bb9d6851c59962f74b05,9997,133,50849843,104856,14288951,27948,32325949,67044,0,0,0,0,0,0,0,0,0,0,159871,318,0,0,2688708,5262,2528837,4944,4075072,9546,0,0,33872184,71646,29797112,62100,0,0,0,0,0,0,0,0,4234943,0,159871,36560892,2688708,1,1,64763,187648,76797,0,0,0.0,0.0,0,0,0,0,0.0,0.172101357677085,17.2101357677085,0.0,0.0,3.238378360995428,40.79689862389503,0.0,0.0,3.238378360995428,0.0,1.0,187649,1,187648,0,430cf8f191fe9bd85aed60092a176cb554b8f1ca34985ae5f0a12154251f3540,8835027,7990732,25992,0.9059087199167586,76798,0,0,73542,0.9576030625797547,1194.9572776442337,0.015559744754345604,3243,0.04222766217870257,0,3184,0,0,3061,0.9613693467336684,45.768087995627404,0.014374399496114134,123,0.03863065326633166,0,73614,0,0,70481,0.9574401608389709,1149.1891896486084,0.015611014068636514,3120,0.04238324231803733,0,300.0,187649,1,187648,0,0,0,76798,1,76797,0,0,0,0,,,
toolagent_trace,0.02,1.0,"l1=0.02,l2x1",leaf,16,leaf16,label_binary_300,horizon,300.0,3,main,300.0,,3569307853,3569307853,83026370,9997,32176527,14299069,46475596,14299069,0,0,255968,1,187597,187598,255969,25.84859013557434,1254.6640625,860.7392578125,81909b8caa3e066ddf5c4428433b586aba831bc523635c5b8b6b970496094a60,9997,132,50849843,104856,14299069,27967,32315387,67024,0,0,0,0,0,0,0,0,0,0,159993,319,0,0,2678590,5243,2518597,4924,4075394,9546,0,0,33872184,71646,29796790,62100,0,0,0,0,0,0,0,0,4235387,0,159993,36550774,2678590,1,1,64813,187597,76779,0,0,0.0,0.0,0,0,0,0,0.0,0.17222322257374373,17.222322257374373,0.0,0.0,3.2261918713295548,40.79689862389503,0.0,0.0,3.2261918713295548,0.0,1.0,187598,1,187597,0,a361096b5e2626eee6f64edbce9877310662c8896bfaffa058f177931a0f5276,8832441,7974894,25902,0.9043756986318957,76780,0,0,73525,0.9576061474342277,1189.1808372180428,0.015488158859312878,3243,0.04223756186506903,0,3161,0,0,3060,0.9680480860487187,34.89818991132905,0.011040237238636206,101,0.03195191395128124,0,73619,0,0,70465,0.9571577989377742,1154.2826473067162,0.015679140538539183,3142,0.04267919966313044,0,300.0,187598,1,187597,0,0,0,76780,1,76779,0,0,0,0,,,
toolagent_trace,0.02,1.0,"l1=0.02,l2x1",leaf,16,leaf16,label_binary_300,horizon,300.0,4,main,300.0,,3569307853,3569307853,83026370,9997,32176527,14294583,46471110,14294583,0,0,255969,0,187621,187621,255969,26.390156507492065,1281.3046875,672.2841796875,9486714d5624fabb662bda6b4a6ec1050fae68833409654d767e6f740208255a,9997,133,50849843,104856,14294583,27959,32320200,67033,0,0,0,0,0,0,0,0,0,0,159871,318,0,0,2683076,5251,2523205,4933,4075189,9546,0,0,33872184,71646,29796995,62100,0,0,0,0,0,0,0,0,4235060,0,159871,36555260,2683076,0,0,64784,187621,76776,0,0,0.0,0.0,0,0,0,0,0.0,0.17216919154721566,17.216919154721566,0.0,0.0,3.2315949739823626,40.79689862389503,0.0,0.0,3.2315949739823626,0.0,1.0,187621,0,187621,0,15ca613676c260a310a41da7b7e376013f4c5cc9566b04003ef95c29a987ca06,8834266,7972943,26375,0.903994797077652,76776,0,0,73526,0.957669063248932,1185.847414182932,0.01544554827267547,3240,0.04220068771491091,0,3156,0,0,3006,0.9524714828897338,54.18725959921755,0.017169600633465638,150,0.04752851711026616,0,73620,0,0,70520,0.9578918772072806,1131.6601545837163,0.015371640241560939,3090,0.041972290138549306,0,300.0,187621,0,187621,0,0,0,76776,0,76776,0,0,0,0,,,
toolagent_trace,0.02,1.0,"l1=0.02,l2x1",leaf,16,leaf16,evict_binary_300_learned,class_order,300.0,0,main,300.0,learned,3569307853,3569307853,83026370,9997,32176527,14517963,46694490,14517963,0,0,255872,97,186497,186594,255969,60.89570760726929,1150.578125,936.4248046875,84ad16aeb21d1dfd28b71d2ea70092819747f6a30b72e417ca40aa21d7b829e3,9997,118,50849843,104856,14517963,28389,32092008,66588,0,0,0,0,0,0,0,0,0,0,200242,403,0,0,2459696,4821,2259454,4418,4039630,9476,0,0,33872184,71646,29832554,62170,0,0,0,0,0,0,0,0,4239872,0,200242,36331880,2459696,97,92,65963,186497,76326,0,0,0.0,0.0,0,0,0,0,0.0,0.1748596620567658,17.485966205676583,0.0,0.0,2.962547923027347,40.79689862389503,0.0,0.0,2.962547923027347,0.0,1.0,186594,97,186497,5215,06127598060013f4cb1c0b4498e24af250e08d21469eb2ecfc490e3e19c03609,9201038,6262396,1147,0.6806807558016824,76418,0,2317,4440,0.05810149441231124,1212.0526554700325,0.015860826709283578,2932,0.03836792378758931,0,6527,0,2317,251,0.03845564577907155,72.07025830146156,0.011041865834450982,166,0.02543281752719473,0,69891,0,0,4189,0.059936186347312244,1139.9823971685694,0.016310861157639314,2766,0.039575911061510066,0,300.0,186594,97,186497,0,5215,0,76418,92,76326,0,2317,0,0,,,
toolagent_trace,0.02,1.0,"l1=0.02,l2x1",leaf,16,leaf16,evict_binary_300_learned,class_order,300.0,1,main,300.0,learned,3569307853,3569307853,83026370,9997,32176527,14515378,46691905,14515378,0,0,255872,97,186523,186620,255969,60.76010847091675,1149.859375,936.416015625,39666c3074ec9d4d58fe9a5bccc967600b0082fc0113efd36011eb7c27bbef42,9997,117,50849843,104856,14515378,28385,32093082,66591,0,0,0,0,0,0,0,0,0,0,204875,411,0,0,2462281,4825,2257406,4414,4036508,9469,0,0,33872184,71646,29835676,62177,0,0,0,0,0,0,0,0,4241383,0,204875,36334465,2462281,97,87,65936,186523,76334,0,0,0.0,0.0,0,0,0,0,0.0,0.17482852737028007,17.482852737028008,0.0,0.0,2.965661391675922,40.79689862389503,0.0,0.0,2.965661391675922,0.0,1.0,186620,97,186523,5259,32d517f3c81d827ec5763a6806094ddc345859cd8686aa5c79fafbf6c4d4333b,9200772,6246872,1153,0.6790135110401605,76421,0,2339,4572,0.059826487483806805,1248.3458101168253,0.016335114825987953,2928,0.03831407597388153,1,6507,0,2339,260,0.03995696941755033,71.74337693938018,0.011025568916456152,153,0.02351313969571231,0,69914,0,0,4312,0.06167577309265669,1176.6024331774452,0.016829282163478634,2775,0.03969162113453672,1,300.0,186620,97,186523,0,5259,0,76421,87,76334,0,2339,0,0,,,
toolagent_trace,0.02,1.0,"l1=0.02,l2x1",leaf,16,leaf16,evict_binary_300_learned,class_order,300.0,2,main,300.0,learned,3569307853,3569307853,83026370,9997,32176527,14529636,46706163,14529636,0,0,255876,93,186476,186569,255969,66.68285346031189,1150.12890625,936.419921875,1eb3464925451871bd496b6b26c781e7cc14a6a5ef04678790eb6c9cde2ad0d8,9997,113,50849843,104856,14529636,28410,32077810,66562,0,0,0,0,0,0,0,0,0,0,209049,422,0,0,2448023,4800,2238974,4378,4033348,9462,0,0,33872184,71646,29838836,62184,0,0,0,0,0,0,0,0,4242397,0,209049,36320207,2448023,93,89,65993,186476,76312,0,0,0.0,0.0,0,0,0,0,0.0,0.1750002559427806,17.50002559427806,0.0,0.0,2.9484885344258696,40.79689862389503,0.0,0.0,2.9484885344258696,0.0,1.0,186569,93,186476,5331,7ab469f70049c3d159a45e115448a07695edd00d9506959190b96734acc22d8c,9199689,6255760,1194,0.6800617933932331,76401,0,2336,5139,0.06726351749322652,1252.9395198259863,0.01639951728152755,2890,0.03782673001662282,1,6556,0,2336,290,0.044234289200732156,71.24557548968552,0.010867232380977048,168,0.025625381330079317,0,69845,0,0,4849,0.06942515570191138,1181.6939443363005,0.01691880513045029,2722,0.03897200944949531,1,300.0,186569,93,186476,0,5331,0,76401,89,76312,0,2336,0,0,,,
toolagent_trace,0.02,1.0,"l1=0.02,l2x1",leaf,16,leaf16,evict_binary_300_learned,class_order,300.0,3,main,300.0,learned,3569307853,3569307853,83026370,9997,32176527,14518819,46695346,14518819,0,0,255894,75,186522,186597,255969,87.66508650779724,1164.40234375,928.2373046875,a6a5132ef20dbc4e690bd3b9ba30e5cae02dfbb5d8844e28511e67ed19677e79,9997,118,50849843,104856,14518819,28392,32089291,66585,0,0,0,0,0,0,0,0,0,0,209114,419,0,0,2458840,4818,2249726,4399,4032619,9460,0,0,33872184,71646,29839565,62186,0,0,0,0,0,0,0,0,4241733,0,209114,36331024,2458840,75,70,65962,186522,76346,0,0,0.0,0.0,0,0,0,0,0.0,0.17486997203418625,17.486997203418625,0.0,0.0,2.961516925285304,40.79689862389503,0.0,0.0,2.961516925285304,0.0,1.0,186597,75,186522,5226,fce9b8b98c38662848724de13863dd9f5aa4d8942ec99294eaa40815111d2c88,9201030,6259696,1183,0.6803898585267084,76416,0,2339,4612,0.06035385259631491,1234.8681089035335,0.01615981088912706,2930,0.038342755443886094,3,6509,0,2339,245,0.03764019050545399,87.12188991264891,0.01338483483064202,174,0.026732216930404055,0,69907,0,0,4367,0.06246870842691004,1147.7462189908842,0.01641818729155713,2756,0.039423805913570885,3,300.0,186597,75,186522,0,5226,0,76416,70,76346,0,2339,0,0,,,
toolagent_trace,0.02,1.0,"l1=0.02,l2x1",leaf,16,leaf16,evict_binary_300_learned,class_order,300.0,4,main,300.0,learned,3569307853,3569307853,83026370,9997,32176527,14534960,46711487,14534960,0,0,255877,92,186484,186576,255969,60.20490336418152,1274.8984375,1006.998046875,e8b6c04d780a9eef9c83e815a0624bf44b2abb64649229aaec18f9a4df467522,9997,114,50849843,104856,14534960,28422,32072933,66551,0,0,0,0,0,0,0,0,0,0,205773,414,0,0,2442699,4788,2236926,4374,4036177,9469,0,0,33872184,71646,29836007,62177,0,0,0,0,0,0,0,0,4241950,0,205773,36314883,2442699,92,90,65985,186484,76298,0,0,0.0,0.0,0,0,0,0,0.0,0.17506438014813847,17.50643801481385,0.0,0.0,2.942076113890081,40.79689862389503,0.0,0.0,2.942076113890081,0.0,1.0,186576,92,186484,5194,4a6d559be61d485e813ba493b45768b1bf3bfc5d15bb87793ce6636e504cafff,9196045,6251034,1213,0.6798183893184516,76388,0,2286,4924,0.06446038644813322,1212.8905371577312,0.015878024521622913,2865,0.03750589097764047,3,6480,0,2286,283,0.04367283950617284,67.07305861840892,0.01035078065098903,157,0.024228395061728396,0,69908,0,0,4641,0.06638725181667335,1145.8174785393223,0.016390362741593556,2708,0.038736625278938036,3,300.0,186576,92,186484,0,5194,0,76388,90,76298,0,2286,0,0,,,
toolagent_trace,0.02,1.0,"l1=0.02,l2x1",leaf,16,leaf16,evict_binary_300_recency,class_order,300.0,0,main,300.0,recency,3569307853,3569307853,83026370,9997,32176527,14286903,46463430,14286903,0,0,255969,0,187644,187644,255969,28.84366250038147,1278.76171875,976.958984375,e000c17f0b5af47acaade525438d47bb64b84a6ade543f78e3071733aa36f583,9997,133,50849843,104856,14286903,27944,32327457,67048,0,0,0,0,0,0,0,0,0,0,164479,327,0,0,2690756,5266,2526277,4939,4071004,9537,0,0,33872184,71646,29801180,62109,0,0,0,0,0,0,0,0,4235483,0,164479,36562940,2690756,0,0,64767,187644,76800,0,0,0.0,0.0,0,0,0,0,0.0,0.1720766908152193,17.20766908152193,0.0,0.0,3.2408450471819976,40.79689862389503,0.0,0.0,3.2408450471819976,0.0,1.0,187644,0,187644,2,29d3fa2a7708892475eb073b8023e27356c2020c82c76e12710d3511181af3a8,8835393,7975570,26581,0.9041884724312772,76800,0,2,73526,0.9573697916666667,1217.576447810404,0.015853859997531302,3253,0.042356770833333335,1,3170,0,2,3027,0.9548895899053628,50.1658481582428,0.015825188693451987,141,0.044479495268138804,0,73630,0,0,70499,0.9574765720494364,1167.4105996521582,0.0158550943861491,3112,0.0422653809588483,1,300.0,187644,0,187644,0,2,0,76800,0,76800,0,2,0,0,,,
toolagent_trace,0.02,1.0,"l1=0.02,l2x1",leaf,16,leaf16,evict_binary_300_recency,class_order,300.0,1,main,300.0,recency,3569307853,3569307853,83026370,9997,32176527,14282807,46459334,14282807,0,0,255969,0,187633,187633,255969,54.11462998390198,1260.72265625,910.775390625,940999534eae552f6897a367026166e43661a199045f48d048ec44107ed5a28c,9997,133,50849843,104856,14282807,27936,32332085,67056,0,0,0,0,0,0,0,0,0,0,160383,319,0,0,2694852,5274,2534469,4955,4074568,9545,0,0,33872184,71646,29797616,62101,0,0,0,0,0,0,0,0,4234951,0,160383,36567036,2694852,0,0,64779,187633,76805,0,0,0.0,0.0,0,0,0,0,0.0,0.17202735709148792,17.202735709148794,0.0,0.0,3.2457784195551365,40.79689862389503,0.0,0.0,3.2457784195551365,0.0,1.0,187633,0,187633,1,7ef80df3f21a30720874e7c9c0b2cf2bc0813b26ac8a0a6bab091e7f415cd44d,8833952,7991832,26234,0.9061571763124817,76805,0,1,73525,0.9572944469761083,1203.5657195536076,0.015670408431138694,3267,0.04253629321007747,0,3152,0,1,3019,0.9578045685279187,50.80569850475617,0.016118559170290665,133,0.04219543147208122,0,73653,0,0,70506,0.9572726161867133,1152.7600210488479,0.015651229699385604,3134,0.042550880480089065,0,300.0,187633,0,187633,0,1,0,76805,0,76805,0,1,0,0,,,
toolagent_trace,0.02,1.0,"l1=0.02,l2x1",leaf,16,leaf16,evict_binary_300_recency,class_order,300.0,2,main,300.0,recency,3569307853,3569307853,83026370,9997,32176527,14284855,46461382,14284855,0,0,255969,0,187656,187656,255969,28.1818528175354,1274.8984375,955.0283203125,89b1a4bb1209e5ed826ea3e95c84b8ebc24a4996e546eb2a40d37860c0257cb5,9997,133,50849843,104856,14284855,27940,32330045,67052,0,0,0,0,0,0,0,0,0,0,160383,319,0,0,2692804,5270,2532421,4951,4074560,9545,0,0,33872184,71646,29797624,62101,0,0,0,0,0,0,0,0,4234943,0,160383,36564988,2692804,0,0,64755,187656,76805,0,0,0.0,0.0,0,0,0,0,0.0,0.17205202395335362,17.205202395335363,0.0,0.0,3.243311733368567,40.79689862389503,0.0,0.0,3.243311733368567,0.0,1.0,187656,0,187656,1,6984d4a191367664ec87a36207ec026fb8ff0f7947799ccb1a5b7cd76bc3abfc,8836285,7988916,26078,0.9055790980032898,76805,0,1,73540,0.9574897467612785,1208.0778805913676,0.01572915670322723,3251,0.04232797343922921,0,3194,0,1,3066,0.9599248591108328,51.507820314302606,0.01612643090616863,128,0.040075140889167186,0,73611,0,0,70474,0.9573840866174892,1156.5700602770671,0.015711918874584875,3123,0.0424257244161878,0,300.0,187656,0,187656,0,1,0,76805,0,76805,0,1,0,0,,,
toolagent_trace,0.02,1.0,"l1=0.02,l2x1",leaf,16,leaf16,evict_binary_300_recency,class_order,300.0,3,main,300.0,recency,3569307853,3569307853,83026370,9997,32176527,14280247,46456774,14280247,0,0,255969,0,187631,187631,255969,28.414676666259766,1279.10546875,1001.126953125,685a041528a41ebe475b20f5d9c41b3f265ef95a1565e432a4c8caa8dc64b244,9997,133,50849843,104856,14280247,27931,32334275,67061,0,0,0,0,0,0,0,0,0,0,162431,323,0,0,2697412,5279,2534981,4956,4072890,9541,0,0,33872184,71646,29799294,62105,0,0,0,0,0,0,0,0,4235321,0,162431,36569596,2697412,0,0,64777,187631,76813,0,0,0.0,0.0,0,0,0,0,0.0,0.1719965235141558,17.19965235141558,0.0,0.0,3.248861777288348,40.79689862389503,0.0,0.0,3.248861777288348,0.0,1.0,187631,0,187631,2,6cc788ac3630151e6ffdd1b412eb72595399060f666f6f12eb81d86f58d027aa,8834356,7985815,26316,0.9054392872553472,76813,0,2,73523,0.9571687084217515,1213.5000512879155,0.015798107758945953,3273,0.042609974874044755,0,3173,0,2,3018,0.9511503309171131,60.140431875496695,0.018953807713676867,154,0.048534509927513396,0,73640,0,0,70505,0.9574280282455188,1153.3596194124157,0.01566213497300945,3119,0.04235469853340576,0,300.0,187631,0,187631,0,2,0,76813,0,76813,0,2,0,0,,,
toolagent_trace,0.02,1.0,"l1=0.02,l2x1",leaf,16,leaf16,evict_binary_300_recency,class_order,300.0,4,main,300.0,recency,3569307853,3569307853,83026370,9997,32176527,14294583,46471110,14294583,0,0,255969,0,187621,187621,255969,28.729809999465942,1281.3046875,1000.6162109375,9486714d5624fabb662bda6b4a6ec1050fae68833409654d767e6f740208255a,9997,133,50849843,104856,14294583,27959,32320200,67033,0,0,0,0,0,0,0,0,0,0,159871,318,0,0,2683076,5251,2523205,4933,4075189,9546,0,0,33872184,71646,29796995,62100,0,0,0,0,0,0,0,0,4235060,0,159871,36555260,2683076,0,0,64784,187621,76776,0,0,0.0,0.0,0,0,0,0,0.0,0.17216919154721566,17.216919154721566,0.0,0.0,3.2315949739823626,40.79689862389503,0.0,0.0,3.2315949739823626,0.0,1.0,187621,0,187621,0,15ca613676c260a310a41da7b7e376013f4c5cc9566b04003ef95c29a987ca06,8834266,7972943,26375,0.903994797077652,76776,0,0,73526,0.957669063248932,1185.847414182932,0.01544554827267547,3240,0.04220068771491091,0,3156,0,0,3006,0.9524714828897338,54.18725959921755,0.017169600633465638,150,0.04752851711026616,0,73620,0,0,70520,0.9578918772072806,1131.6601545837163,0.015371640241560939,3090,0.041972290138549306,0,300.0,187621,0,187621,0,0,0,76776,0,76776,0,0,0,0,,,
toolagent_trace,0.02,1.0,"l1=0.02,l2x1",leaf,16,leaf16,label,reproduction_anchor,,0,main,300.0,,3569307853,3569307853,83026370,9997,32176527,15216919,47393446,15216919,0,0,255188,781,182400,183181,255969,26.587974548339844,1254.6640625,790.3603515625,165a2e8a930d22e117d55fbca7c60441bfbbc00f157b540f1a14553c021e1b05,9997,129,50849843,104856,15216919,29759,31395192,65229,0,0,0,0,0,0,0,0,0,0,196734,392,0,0,1760740,3451,1564006,3059,4040998,9476,0,0,33872184,71646,29831186,62170,0,0,0,0,0,0,0,0,4237732,0,196734,35632924,1760740,781,260,69230,182400,74693,0,0,0.0,0.0,0,0,0,0,0.0,0.18327814404026094,18.327814404026093,0.0,0.0,2.1206997246778343,40.79689862389503,0.0,0.0,2.1206997246778343,0.0,1.0,183181,781,182400,0,dcd481336a25b2ae669b88adc648efac4718e34f42e08ba503e2c519b4e2024f,8793777,8793777,0,1.0,74953,0,0,74953,1.0,0.0,0.0,2,2.668338825664083e-05,2,3419,0,0,3419,1.0,0.0,0.0,0,0.0,0,71534,0,0,71534,1.0,0.0,0.0,2,2.795873291022451e-05,2,,,,,,,,,,,,,,,mechanism_control_001,47393446,True
toolagent_trace,0.02,1.0,"l1=0.02,l2x1",leaf,16,leaf16,label,reproduction_anchor,,1,main,300.0,,3569307853,3569307853,83026370,9997,32176527,15229302,47405829,15229302,0,0,255246,723,182360,183083,255969,26.706984043121338,1281.3046875,666.3779296875,4166ba6828a1c23ebf20c0892368c19a2cd42405003a63eb0c0140f1ff3c3eab,9997,130,50849843,104856,15229302,29784,31382590,65205,0,0,512,1,0,0,512,1,0,0,196639,391,0,0,1747845,3425,1551206,3034,4040800,9475,0,0,33872184,71646,29831384,62171,0,0,0,0,0,0,0,0,4237951,0,197151,35620541,1748357,723,217,69317,182360,74699,0,0,0.0,0.0,0,0,0,0,0.0,0.18342728942623893,18.342728942623893,0.0,0.0006166715466423499,2.1051685145333945,40.79689862389503,0.0,0.0,2.105785186080037,0.000292846369477172,0.9997071536305229,183083,723,182360,0,8b483b5809c3db58ef9667e50414c854195ead9f85740ba9cee800701c2832d0,8790267,8790267,0,1.0,74916,0,0,74916,1.0,0.0,0.0,3,4.004485023226013e-05,3,3380,0,0,3380,1.0,0.0,0.0,0,0.0,0,71536,0,0,71536,1.0,0.0,0.0,3,4.193692686199955e-05,3,,,,,,,,,,,,,,,mechanism_control_001,47405829,True
toolagent_trace,0.02,1.0,"l1=0.02,l2x1",leaf,16,leaf16,label,reproduction_anchor,,2,main,300.0,,3569307853,3569307853,83026370,9997,32176527,15205125,47381652,15205125,0,0,255282,687,182474,183161,255969,26.420394897460938,1258.51171875,659.1357421875,903d8cc607d9977490cccf1fe995e01a3a39591a279818f21a016a44c85d53f5,9997,129,50849843,104856,15205125,29736,31406370,65252,0,0,0,0,0,0,512,1,512,1,200872,400,0,0,1772022,3473,1571150,3073,4037476,9468,0,0,33872184,71646,29834708,62178,0,0,0,0,0,0,0,0,4238348,0,200872,35644718,1772534,687,227,69247,182474,74739,0,0,0.0,0.0,0,0,0,0,0.0,0.1831360927859426,18.31360927859426,0.0,0.0006166715466423499,2.1342881785630277,40.79689862389503,0.0,0.0,2.13490485010967,0.0002888520050955299,0.9997111479949045,183161,687,182474,0,adea459e35108e5f7d5c0ba3b697c57cceafcd1812fef2c81b1bb7d2a9a2fc48,8798258,8798258,0,1.0,74966,0,0,74966,1.0,0.0,0.0,1,1.3339380519168689e-05,1,3377,0,0,3377,1.0,0.0,0.0,1,0.0002961208172934557,1,71589,0,0,71589,1.0,0.0,0.0,0,0.0,0,,,,,,,,,,,,,,,mechanism_control_001,47381652,True
toolagent_trace,0.02,1.0,"l1=0.02,l2x1",leaf,16,leaf16,label,reproduction_anchor,,3,main,300.0,,3569307853,3569307853,83026370,9997,32176527,15199944,47376471,15199944,0,0,255224,745,182441,183186,255969,26.1886043548584,1261.39453125,794.3798828125,7a61f6b04f65ca8421a0cd2c7fc335a4dbc18b8d3b1b95c4dd84b08b1a4191a5,9997,129,50849843,104856,15199944,29726,31412714,65262,0,0,0,0,0,0,512,1,512,1,197349,393,0,0,1777203,3483,1579854,3090,4039836,9475,0,0,33872184,71646,29832348,62171,0,0,0,0,0,0,0,0,4237185,0,197349,35649899,1777715,745,235,69221,182441,74737,0,0,0.0,0.0,0,0,0,0,0.0,0.1830736909249435,18.307369092494348,0.0,0.0006166715466423499,2.140528364662938,40.79689862389503,0.0,0.0,2.14114503620958,0.0002880101703591408,0.9997119898296408,183186,745,182441,0,a6ec5feea7fb3ea99d74d7b96e27a1f117624ccd5c2fe3c19ef0aca76532b7b9,8794994,8794994,0,1.0,74972,0,0,74972,1.0,0.0,0.0,3,4.00149389105266e-05,3,3411,0,0,3411,1.0,0.0,0.0,0,0.0,0,71561,0,0,71561,1.0,0.0,0.0,3,4.1922276100110395e-05,3,,,,,,,,,,,,,,,mechanism_control_001,47376471,True
toolagent_trace,0.02,1.0,"l1=0.02,l2x1",leaf,16,leaf16,label,reproduction_anchor,,4,main,300.0,,3569307853,3569307853,83026370,9997,32176527,15217437,47393964,15217437,0,0,255172,797,182402,183199,255969,51.11377310752869,1247.6953125,754.701171875,52c30506f86d316729097ed633c002a0291e40d09b9a9d6b327ad73815e4d09d,9997,127,50849843,104856,15217437,29759,31393983,65227,0,0,0,0,0,0,512,1,512,1,198800,397,0,0,1759710,3450,1560910,3053,4039623,9473,0,0,33872184,71646,29832561,62173,0,0,0,0,0,0,0,0,4238423,0,198800,35632406,1760222,797,261,69212,182402,74690,0,0,0.0,0.0,0,0,0,0,0.0,0.18328438302192424,18.328438302192424,0.0,0.0006166715466423499,2.1194591549648623,40.79689862389503,0.0,0.0,2.1200758265115045,0.00029087240132210593,0.9997091275986779,183199,797,182402,0,0f02772203f855850aee8a04bdd8f6d177a55b3d445683e407d605ecc7e1d9a1,8792034,8792034,0,1.0,74951,0,0,74951,1.0,0.0,0.0,4,5.3368200557697695e-05,4,3418,0,0,3418,1.0,0.0,0.0,0,0.0,0,71533,0,0,71533,1.0,0.0,0.0,4,5.591824752212265e-05,4,,,,,,,,,,,,,,,mechanism_control_001,47393964,True
toolagent_trace,0.02,4.0,"l1=0.02,l2x4",leaf,16,leaf16,label_binary_600,horizon,600.0,0,main,600.0,,3569307853,14277231411,83026370,9997,32176527,16708336,48884863,16708336,0,0,255969,0,166041,166041,255969,79.34455609321594,1278.76171875,798.646484375,08db8b2d33390c3f5fed0d25565e9dbcf3afa579c2f492658d7ca71d5064dfd3,9997,146,50849843,104856,16708336,32681,29916519,62324,0,0,0,0,0,0,0,0,0,0,16916,34,0,0,269323,529,252407,495,4208072,9817,0,0,33872184,71646,29664112,61829,0,0,0,0,0,0,0,0,4224988,0,16916,34141507,269323,0,0,75696,166041,72119,0,0,0.0,0.0,0,0,0,0,0.0,0.20124131646367294,20.124131646367292,0.0,0.0,0.3243824823366359,40.79689862389503,0.0,0.0,0.3243824823366359,0.0,1.0,166041,0,166041,0,a80fcf8796c434d0bfe1b9e7d5198fabb5ba1dac14e34852c7b0fe058bb2c124,8575557,8554221,265,0.9975274492374081,72119,0,0,72118,0.9999861340284807,0.0,0.0,0,0.0,0,2997,0,0,2997,1.0,0.0,0.0,0,0.0,0,69122,0,0,69121,0.9999855328260178,0.0,0.0,0,0.0,0,600.0,166041,0,166041,0,0,0,72119,0,72119,0,0,0,0,,,
toolagent_trace,0.02,4.0,"l1=0.02,l2x4",leaf,16,leaf16,label_binary_600,horizon,600.0,1,main,600.0,,3569307853,14277231411,83026370,9997,32176527,16703728,48880255,16703728,0,0,255969,0,166042,166042,255969,64.5462498664856,1247.6953125,755.345703125,622e9c2957a9b2f8f913b1a6546f5d174cab0286da3751c92ff4849f6b2b9f09,9997,146,50849843,104856,16703728,32672,29921139,62333,0,0,0,0,0,0,0,0,0,0,16916,34,0,0,273931,538,257015,504,4208060,9817,0,0,33872184,71646,29664124,61829,0,0,0,0,0,0,0,0,4224976,0,16916,34146115,273931,0,0,75691,166042,72136,0,0,0.0,0.0,0,0,0,0,0.0,0.2011858160244751,20.118581602447513,0.0,0.0,0.3299325262564171,40.79689862389503,0.0,0.0,0.3299325262564171,0.0,1.0,166042,0,166042,0,ed44468c127d7e358f63b9db65cf65f88380063a5aec49e7923d7ef7fb03c6e0,8577384,8555857,297,0.9975075734046651,72136,0,0,72135,0.9999861372962182,0.0,0.0,0,0.0,0,2994,0,0,2994,1.0,0.0,0.0,0,0.0,0,69142,0,0,69141,0.9999855370107894,0.0,0.0,0,0.0,0,600.0,166042,0,166042,0,0,0,72136,0,72136,0,0,0,0,,,
toolagent_trace,0.02,4.0,"l1=0.02,l2x4",leaf,16,leaf16,label_binary_600,horizon,600.0,2,main,600.0,,3569307853,14277231411,83026370,9997,32176527,16710896,48887423,16710896,0,0,255969,0,166027,166027,255969,68.39707827568054,1279.10546875,820.767578125,854167fd4a4bdf9ee8c24d100a1cce1296121a8176a2ca0dd3da3b3f7ac2e7b8,9997,146,50849843,104856,16710896,32686,29913971,62319,0,0,0,0,0,0,0,0,0,0,16916,34,0,0,266763,524,249847,490,4208060,9817,0,0,33872184,71646,29664124,61829,0,0,0,0,0,0,0,0,4224976,0,16916,34138947,266763,0,0,75708,166027,72120,0,0,0.0,0.0,0,0,0,0,0.0,0.20127215004100504,20.127215004100503,0.0,0.0,0.3212991246034242,40.79689862389503,0.0,0.0,0.3212991246034242,0.0,1.0,166027,0,166027,0,262b123363e1e1da092955da687f56d7bcb3bebeb1527ae97f14f74e26dff1a6,8575474,8554016,276,0.9975138400512905,72120,0,0,72116,0.9999445368829728,0.0,0.0,0,0.0,0,2995,0,0,2995,1.0,0.0,0.0,0,0.0,0,69125,0,0,69121,0.9999421338155515,0.0,0.0,0,0.0,0,600.0,166027,0,166027,0,0,0,72120,0,72120,0,0,0,0,,,
toolagent_trace,0.02,4.0,"l1=0.02,l2x4",leaf,16,leaf16,label_binary_600,horizon,600.0,3,main,600.0,,3569307853,14277231411,83026370,9997,32176527,16711408,48887935,16711408,0,0,255969,0,166023,166023,255969,70.40488719940186,1281.3046875,659.8935546875,6300f83d4d814d130280167be9f3b00a1e9e875c2e485215a4adf9b779fbfe08,9997,146,50849843,104856,16711408,32687,29913459,62318,0,0,0,0,0,0,0,0,0,0,16916,34,0,0,266251,523,249335,489,4208060,9817,0,0,33872184,71646,29664124,61829,0,0,0,0,0,0,0,0,4224976,0,16916,34138435,266251,0,0,75709,166023,72127,0,0,0.0,0.0,0,0,0,0,0.0,0.20127831675647148,20.127831675647148,0.0,0.0,0.32068245305678184,40.79689862389503,0.0,0.0,0.32068245305678184,0.0,1.0,166023,0,166023,0,3995e28b0eeeb24bec82c2ba2fc809e6fe19a508d6f962994b35e7b6984f6fe2,8576061,8554306,317,0.9974817693111091,72127,0,0,72127,1.0,0.0,0.0,0,0.0,0,2971,0,0,2971,1.0,0.0,0.0,0,0.0,0,69156,0,0,69156,1.0,0.0,0.0,0,0.0,0,600.0,166023,0,166023,0,0,0,72127,0,72127,0,0,0,0,,,
toolagent_trace,0.02,4.0,"l1=0.02,l2x4",leaf,16,leaf16,label_binary_600,horizon,600.0,4,main,600.0,,3569307853,14277231411,83026370,9997,32176527,16703216,48879743,16703216,0,0,255969,0,166041,166041,255969,81.08114814758301,1260.72265625,656.37890625,7db18b57df5b7a15d093193cfdf75c7e8aa49dfd098d7429dd781551dd5307ed,9997,146,50849843,104856,16703216,32671,29921639,62334,0,0,0,0,0,0,0,0,0,0,17428,35,0,0,274443,539,257015,504,4207560,9816,0,0,33872184,71646,29664624,61830,0,0,0,0,0,0,0,0,4224988,0,17428,34146627,274443,0,0,75689,166041,72137,0,0,0.0,0.0,0,0,0,0,0.0,0.2011796493090087,20.117964930900868,0.0,0.0,0.3305491978030594,40.79689862389503,0.0,0.0,0.3305491978030594,0.0,1.0,166041,0,166041,0,00e9219cefb63b3309772d2e8417d42da1532a0a2024bf31cf26128335d623ae,8578247,8556593,295,0.9974929026874605,72137,0,0,72137,1.0,0.0,0.0,0,0.0,0,3000,0,0,3000,1.0,0.0,0.0,0,0.0,0,69137,0,0,69137,1.0,0.0,0.0,0,0.0,0,600.0,166041,0,166041,0,0,0,72137,0,72137,0,0,0,0,,,
toolagent_trace,0.02,4.0,"l1=0.02,l2x4",leaf,16,leaf16,evict_binary_600_learned,class_order,600.0,0,main,600.0,learned,3569307853,14277231411,83026370,9997,32176527,16843504,49020031,16843504,0,0,255915,54,166282,166336,255969,97.50244927406311,995.7890625,850.8583984375,9248e38adf78810731fe2c73820e6a55d7b392cf4605f2e0bfa8f1aad5497361,9997,146,50849843,104856,16843504,32945,29781902,62060,0,0,0,0,0,0,0,0,0,0,15892,32,0,0,134155,265,118263,233,4208545,9819,0,0,33872184,71646,29663639,61827,0,0,0,0,0,0,0,0,4224437,0,15892,34006339,134155,54,52,75982,166282,71858,0,0,0.0,0.0,0,0,0,0,0.0,0.20286932934680874,20.286932934680873,0.0,0.0,0.16158119402305557,40.79689862389503,0.0,0.0,0.16158119402305557,0.0,1.0,166336,54,166282,13,01a23c95406239b3d1ade01fd9ffb13de875aae00a67994a85020c35aa8b8d8b,8622672,5287192,46,0.6131759389664828,71910,0,11,2755,0.03831177861215408,0.0,0.0,0,0.0,0,3061,0,11,112,0.03658934988565828,0.0,0.0,0,0.0,0,68849,0,0,2643,0.03838835712937007,0.0,0.0,0,0.0,0,600.0,166336,54,166282,0,13,0,71910,52,71858,0,11,0,0,,,
toolagent_trace,0.02,4.0,"l1=0.02,l2x4",leaf,16,leaf16,evict_binary_600_learned,class_order,600.0,1,main,600.0,learned,3569307853,14277231411,83026370,9997,32176527,16843504,49020031,16843504,0,0,255899,70,166267,166337,255969,97.40787482261658,996.19921875,850.7177734375,087f1991684a2dac1aa62b5d1a39b10d9c88c989f9058a531810540cb648d83c,9997,146,50849843,104856,16843504,32945,29781902,62060,0,0,0,0,0,0,0,0,0,0,15892,32,0,0,134155,265,118263,233,4208545,9819,0,0,33872184,71646,29663639,61827,0,0,0,0,0,0,0,0,4224437,0,15892,34006339,134155,70,67,75982,166267,71846,0,0,0.0,0.0,0,0,0,0,0.0,0.20286932934680874,20.286932934680873,0.0,0.0,0.16158119402305557,40.79689862389503,0.0,0.0,0.16158119402305557,0.0,1.0,166337,70,166267,13,9b77f02acfbd6090e4dc99eb786b05a161f1453250625328e8215b50b5649f50,8624216,5292458,46,0.6136767678360561,71913,0,12,2701,0.03755927301044317,0.0,0.0,0,0.0,0,3102,0,12,120,0.03868471953578337,0.0,0.0,0,0.0,0,68811,0,0,2581,0.03750853787911816,0.0,0.0,0,0.0,0,600.0,166337,70,166267,0,13,0,71913,67,71846,0,12,0,0,,,
toolagent_trace,0.02,4.0,"l1=0.02,l2x4",leaf,16,leaf16,evict_binary_600_learned,class_order,600.0,2,main,600.0,learned,3569307853,14277231411,83026370,9997,32176527,16844016,49020543,16844016,0,0,255909,60,166278,166338,255969,161.7771475315094,995.8046875,856.154296875,2e48c1053d90998e6c7a94242f9df8820e8c0736c928d750ad31ee6f8984f2db,9997,146,50849843,104856,16844016,32946,29781390,62059,0,0,0,0,0,0,0,0,0,0,15380,31,0,0,133643,264,118263,233,4209057,9820,0,0,33872184,71646,29663127,61826,0,0,0,0,0,0,0,0,4224437,0,15380,34005827,133643,60,59,75982,166278,71857,0,0,0.0,0.0,0,0,0,0,0.0,0.20287549606227515,20.287549606227515,0.0,0.0,0.1609645224764132,40.79689862389503,0.0,0.0,0.1609645224764132,0.0,1.0,166338,60,166278,6,8ceef9e016e8a8515b4b00bfdea9423c3de3db666da67bca0e869f71c18d469b,8623471,5291956,71,0.6136730209911995,71916,0,3,2729,0.03794704933533567,0.0,0.0,0,0.0,0,3066,0,3,132,0.043052837573385516,0.0,0.0,0,0.0,0,68850,0,0,2597,0.037719680464778506,0.0,0.0,0,0.0,0,600.0,166338,60,166278,0,6,0,71916,59,71857,0,3,0,0,,,
toolagent_trace,0.02,4.0,"l1=0.02,l2x4",leaf,16,leaf16,evict_binary_600_learned,class_order,600.0,3,main,600.0,learned,3569307853,14277231411,83026370,9997,32176527,16843504,49020031,16843504,0,0,255919,50,166286,166336,255969,97.59114098548889,995.8203125,851.0849609375,e4a68fdb9778607835ae560f59c39ff35bd5d2a123eb559d55836caa4b9714dd,9997,146,50849843,104856,16843504,32945,29781902,62060,0,0,0,0,0,0,0,0,0,0,15892,32,0,0,134155,265,118263,233,4208545,9819,0,0,33872184,71646,29663639,61827,0,0,0,0,0,0,0,0,4224437,0,15892,34006339,134155,50,48,75982,166286,71868,0,0,0.0,0.0,0,0,0,0,0.0,0.20286932934680874,20.286932934680873,0.0,0.0,0.16158119402305557,40.79689862389503,0.0,0.0,0.16158119402305557,0.0,1.0,166336,50,166286,18,f1e42176da54fb6c76416b95a3443a530d4fdc449d67320db6411f32ab46ee82,8623877,5293926,52,0.6138714640758444,71916,0,14,2694,0.03746037043217087,0.0,0.0,0,0.0,0,3053,0,14,99,0.03242712086472322,0.0,0.0,0,0.0,0,68863,0,0,2595,0.03768351654734763,0.0,0.0,0,0.0,0,600.0,166336,50,166286,0,18,0,71916,48,71868,0,14,0,0,,,
toolagent_trace,0.02,4.0,"l1=0.02,l2x4",leaf,16,leaf16,evict_binary_600_learned,class_order,600.0,4,main,600.0,learned,3569307853,14277231411,83026370,9997,32176527,16824048,49000575,16824048,0,0,255920,49,166325,166374,255969,137.2299234867096,995.96484375,855.19921875,9e099895e40c18131dafbcfdb9fa2bcdae70f8a4753eb076a570c475b0e065ac,9997,146,50849843,104856,16824048,32907,29801303,62098,0,0,0,0,0,0,0,0,0,0,15892,32,0,0,153611,303,137719,271,4208600,9819,0,0,33872184,71646,29663584,61827,0,0,0,0,0,0,0,0,4224492,0,15892,34025795,153611,49,49,75945,166325,71904,0,0,0.0,0.0,0,0,0,0,0.0,0.20263499415908465,20.263499415908463,0.0,0.0,0.18501471279546486,40.79689862389503,0.0,0.0,0.18501471279546486,0.0,1.0,166374,49,166325,15,7ec2e3cb22f85eb58fdbb0b98a55d3f5fde82e31e2ab3678a0e0cae9fc2020db,8628261,5292886,46,0.6134386755338068,71953,0,12,2951,0.04101288341000375,0.0,0.0,0,0.0,0,3062,0,12,136,0.04441541476159373,0.0,0.0,0,0.0,0,68891,0,0,2815,0.040861651013920544,0.0,0.0,0,0.0,0,600.0,166374,49,166325,0,15,0,71953,49,71904,0,12,0,0,,,
toolagent_trace,0.02,4.0,"l1=0.02,l2x4",leaf,16,leaf16,evict_binary_600_recency,class_order,600.0,0,main,600.0,recency,3569307853,14277231411,83026370,9997,32176527,16708336,48884863,16708336,0,0,255969,0,166041,166041,255969,65.31808948516846,1274.8984375,955.2197265625,08db8b2d33390c3f5fed0d25565e9dbcf3afa579c2f492658d7ca71d5064dfd3,9997,146,50849843,104856,16708336,32681,29916519,62324,0,0,0,0,0,0,0,0,0,0,16916,34,0,0,269323,529,252407,495,4208072,9817,0,0,33872184,71646,29664112,61829,0,0,0,0,0,0,0,0,4224988,0,16916,34141507,269323,0,0,75696,166041,72119,0,0,0.0,0.0,0,0,0,0,0.0,0.20124131646367294,20.124131646367292,0.0,0.0,0.3243824823366359,40.79689862389503,0.0,0.0,0.3243824823366359,0.0,1.0,166041,0,166041,0,a80fcf8796c434d0bfe1b9e7d5198fabb5ba1dac14e34852c7b0fe058bb2c124,8575557,8554221,265,0.9975274492374081,72119,0,0,72118,0.9999861340284807,0.0,0.0,0,0.0,0,2997,0,0,2997,1.0,0.0,0.0,0,0.0,0,69122,0,0,69121,0.9999855328260178,0.0,0.0,0,0.0,0,600.0,166041,0,166041,0,0,0,72119,0,72119,0,0,0,0,,,
toolagent_trace,0.02,4.0,"l1=0.02,l2x4",leaf,16,leaf16,evict_binary_600_recency,class_order,600.0,1,main,600.0,recency,3569307853,14277231411,83026370,9997,32176527,16703728,48880255,16703728,0,0,255969,0,166042,166042,255969,112.33638167381287,1254.6640625,945.7978515625,622e9c2957a9b2f8f913b1a6546f5d174cab0286da3751c92ff4849f6b2b9f09,9997,146,50849843,104856,16703728,32672,29921139,62333,0,0,0,0,0,0,0,0,0,0,16916,34,0,0,273931,538,257015,504,4208060,9817,0,0,33872184,71646,29664124,61829,0,0,0,0,0,0,0,0,4224976,0,16916,34146115,273931,0,0,75691,166042,72136,0,0,0.0,0.0,0,0,0,0,0.0,0.2011858160244751,20.118581602447513,0.0,0.0,0.3299325262564171,40.79689862389503,0.0,0.0,0.3299325262564171,0.0,1.0,166042,0,166042,0,ed44468c127d7e358f63b9db65cf65f88380063a5aec49e7923d7ef7fb03c6e0,8577384,8555857,297,0.9975075734046651,72136,0,0,72135,0.9999861372962182,0.0,0.0,0,0.0,0,2994,0,0,2994,1.0,0.0,0.0,0,0.0,0,69142,0,0,69141,0.9999855370107894,0.0,0.0,0,0.0,0,600.0,166042,0,166042,0,0,0,72136,0,72136,0,0,0,0,,,
toolagent_trace,0.02,4.0,"l1=0.02,l2x4",leaf,16,leaf16,evict_binary_600_recency,class_order,600.0,2,main,600.0,recency,3569307853,14277231411,83026370,9997,32176527,16710896,48887423,16710896,0,0,255969,0,166027,166027,255969,65.74710607528687,1247.6953125,993.81640625,854167fd4a4bdf9ee8c24d100a1cce1296121a8176a2ca0dd3da3b3f7ac2e7b8,9997,146,50849843,104856,16710896,32686,29913971,62319,0,0,0,0,0,0,0,0,0,0,16916,34,0,0,266763,524,249847,490,4208060,9817,0,0,33872184,71646,29664124,61829,0,0,0,0,0,0,0,0,4224976,0,16916,34138947,266763,0,0,75708,166027,72120,0,0,0.0,0.0,0,0,0,0,0.0,0.20127215004100504,20.127215004100503,0.0,0.0,0.3212991246034242,40.79689862389503,0.0,0.0,0.3212991246034242,0.0,1.0,166027,0,166027,0,262b123363e1e1da092955da687f56d7bcb3bebeb1527ae97f14f74e26dff1a6,8575474,8554016,276,0.9975138400512905,72120,0,0,72116,0.9999445368829728,0.0,0.0,0,0.0,0,2995,0,0,2995,1.0,0.0,0.0,0,0.0,0,69125,0,0,69121,0.9999421338155515,0.0,0.0,0,0.0,0,600.0,166027,0,166027,0,0,0,72120,0,72120,0,0,0,0,,,
toolagent_trace,0.02,4.0,"l1=0.02,l2x4",leaf,16,leaf16,evict_binary_600_recency,class_order,600.0,3,main,600.0,recency,3569307853,14277231411,83026370,9997,32176527,16711408,48887935,16711408,0,0,255969,0,166023,166023,255969,65.85899376869202,1245.7734375,936.4208984375,6300f83d4d814d130280167be9f3b00a1e9e875c2e485215a4adf9b779fbfe08,9997,146,50849843,104856,16711408,32687,29913459,62318,0,0,0,0,0,0,0,0,0,0,16916,34,0,0,266251,523,249335,489,4208060,9817,0,0,33872184,71646,29664124,61829,0,0,0,0,0,0,0,0,4224976,0,16916,34138435,266251,0,0,75709,166023,72127,0,0,0.0,0.0,0,0,0,0,0.0,0.20127831675647148,20.127831675647148,0.0,0.0,0.32068245305678184,40.79689862389503,0.0,0.0,0.32068245305678184,0.0,1.0,166023,0,166023,0,3995e28b0eeeb24bec82c2ba2fc809e6fe19a508d6f962994b35e7b6984f6fe2,8576061,8554306,317,0.9974817693111091,72127,0,0,72127,1.0,0.0,0.0,0,0.0,0,2971,0,0,2971,1.0,0.0,0.0,0,0.0,0,69156,0,0,69156,1.0,0.0,0.0,0,0.0,0,600.0,166023,0,166023,0,0,0,72127,0,72127,0,0,0,0,,,
toolagent_trace,0.02,4.0,"l1=0.02,l2x4",leaf,16,leaf16,evict_binary_600_recency,class_order,600.0,4,main,600.0,recency,3569307853,14277231411,83026370,9997,32176527,16703216,48879743,16703216,0,0,255969,0,166041,166041,255969,65.7687578201294,1261.39453125,932.396484375,7db18b57df5b7a15d093193cfdf75c7e8aa49dfd098d7429dd781551dd5307ed,9997,146,50849843,104856,16703216,32671,29921639,62334,0,0,0,0,0,0,0,0,0,0,17428,35,0,0,274443,539,257015,504,4207560,9816,0,0,33872184,71646,29664624,61830,0,0,0,0,0,0,0,0,4224988,0,17428,34146627,274443,0,0,75689,166041,72137,0,0,0.0,0.0,0,0,0,0,0.0,0.2011796493090087,20.117964930900868,0.0,0.0,0.3305491978030594,40.79689862389503,0.0,0.0,0.3305491978030594,0.0,1.0,166041,0,166041,0,00e9219cefb63b3309772d2e8417d42da1532a0a2024bf31cf26128335d623ae,8578247,8556593,295,0.9974929026874605,72137,0,0,72137,1.0,0.0,0.0,0,0.0,0,3000,0,0,3000,1.0,0.0,0.0,0,0.0,0,69137,0,0,69137,1.0,0.0,0.0,0,0.0,0,600.0,166041,0,166041,0,0,0,72137,0,72137,0,0,0,0,,,
toolagent_trace,0.02,4.0,"l1=0.02,l2x4",leaf,16,leaf16,label,reproduction_anchor,,0,main,600.0,,3569307853,14277231411,83026370,9997,32176527,16707824,48884351,16707824,0,0,255969,0,166035,166035,255969,65.29001879692078,1245.7734375,810.69921875,e9b0b69d70b3d1cdd95968c510cc507c29c0d1e6c493dcc9fdbad2cef78588d7,9997,146,50849843,104856,16707824,32680,29917031,62325,0,0,0,0,0,0,0,0,0,0,16916,34,0,0,269835,530,252919,496,4208072,9817,0,0,33872184,71646,29664112,61829,0,0,0,0,0,0,0,0,4224988,0,16916,34142019,269835,0,0,75695,166035,72113,0,0,0.0,0.0,0,0,0,0,0.0,0.2012351497482065,20.12351497482065,0.0,0.0,0.32499915388327827,40.79689862389503,0.0,0.0,0.32499915388327827,0.0,1.0,166035,0,166035,0,8431ff36ad22407a94dd565220799fc70bb4a117bf783b0c9f13a12dfcc390dc,8574583,8574583,0,1.0,72113,0,0,72113,1.0,0.0,0.0,1,1.3867125206273488e-05,1,2991,0,0,2991,1.0,0.0,0.0,0,0.0,0,69122,0,0,69122,1.0,0.0,0.0,1,1.446717398223431e-05,1,,,,,,,,,,,,,,,mechanism_control_001,48884351,True
toolagent_trace,0.02,4.0,"l1=0.02,l2x4",leaf,16,leaf16,label,reproduction_anchor,,1,main,600.0,,3569307853,14277231411,83026370,9997,32176527,16703216,48879743,16703216,0,0,255969,0,166038,166038,255969,64.94042992591858,1274.8984375,855.689453125,ac036470862b8be7ce24dcac31863a4c3f267605d1a9f74fecec587fba561090,9997,146,50849843,104856,16703216,32671,29921651,62334,0,0,0,0,0,0,0,0,0,0,16916,34,0,0,274443,539,257527,505,4208060,9817,0,0,33872184,71646,29664124,61829,0,0,0,0,0,0,0,0,4224976,0,16916,34146627,274443,0,0,75690,166038,72132,0,0,0.0,0.0,0,0,0,0,0.0,0.2011796493090087,20.117964930900868,0.0,0.0,0.3305491978030594,40.79689862389503,0.0,0.0,0.3305491978030594,0.0,1.0,166038,0,166038,0,196b7a7766fd5d29b3fe4d35387a1d99c277296bcaa71049c4294ac08cadf620,8577118,8577118,0,1.0,72132,0,0,72132,1.0,0.0,0.0,1,1.386347252259746e-05,1,2984,0,0,2984,1.0,0.0,0.0,0,0.0,0,69148,0,0,69148,1.0,0.0,0.0,1,1.44617342511714e-05,1,,,,,,,,,,,,,,,mechanism_control_001,48879743,True
toolagent_trace,0.02,4.0,"l1=0.02,l2x4",leaf,16,leaf16,label,reproduction_anchor,,2,main,600.0,,3569307853,14277231411,83026370,9997,32176527,16706288,48882815,16706288,0,0,255969,0,166039,166039,255969,65.57304763793945,1254.6640625,773.513671875,363e64aa434ac1aefbb845b23251d2b5ec1531507160c9039875cb43f4c763b6,9997,146,50849843,104856,16706288,32677,29918567,62328,0,0,0,0,0,0,0,0,0,0,16916,34,0,0,271371,533,254455,499,4208072,9817,0,0,33872184,71646,29664112,61829,0,0,0,0,0,0,0,0,4224988,0,16916,34143555,271371,0,0,75693,166039,72142,0,0,0.0,0.0,0,0,0,0,0.0,0.20121664960180724,20.121664960180723,0.0,0.0,0.32684916852320534,40.79689862389503,0.0,0.0,0.32684916852320534,0.0,1.0,166039,0,166039,0,9aa878a2301f6bba51431d235155dd035d652bb920232b23992a02e8c99152b5,8577979,8577979,0,1.0,72142,0,0,72142,1.0,0.0,0.0,0,0.0,0,2975,0,0,2975,1.0,0.0,0.0,0,0.0,0,69167,0,0,69167,1.0,0.0,0.0,0,0.0,0,,,,,,,,,,,,,,,mechanism_control_001,48882815,True
toolagent_trace,0.02,4.0,"l1=0.02,l2x4",leaf,16,leaf16,label,reproduction_anchor,,3,main,600.0,,3569307853,14277231411,83026370,9997,32176527,16711408,48887935,16711408,0,0,255969,0,166023,166023,255969,65.10708284378052,1261.39453125,794.3798828125,6300f83d4d814d130280167be9f3b00a1e9e875c2e485215a4adf9b779fbfe08,9997,146,50849843,104856,16711408,32687,29913459,62318,0,0,0,0,0,0,0,0,0,0,16916,34,0,0,266251,523,249335,489,4208060,9817,0,0,33872184,71646,29664124,61829,0,0,0,0,0,0,0,0,4224976,0,16916,34138435,266251,0,0,75709,166023,72127,0,0,0.0,0.0,0,0,0,0,0.0,0.20127831675647148,20.127831675647148,0.0,0.0,0.32068245305678184,40.79689862389503,0.0,0.0,0.32068245305678184,0.0,1.0,166023,0,166023,0,3995e28b0eeeb24bec82c2ba2fc809e6fe19a508d6f962994b35e7b6984f6fe2,8576061,8576061,0,1.0,72127,0,0,72127,1.0,0.0,0.0,0,0.0,0,2971,0,0,2971,1.0,0.0,0.0,0,0.0,0,69156,0,0,69156,1.0,0.0,0.0,0,0.0,0,,,,,,,,,,,,,,,mechanism_control_001,48887935,True
toolagent_trace,0.02,4.0,"l1=0.02,l2x4",leaf,16,leaf16,label,reproduction_anchor,,4,main,600.0,,3569307853,14277231411,83026370,9997,32176527,16703216,48879743,16703216,0,0,255969,0,166041,166041,255969,65.43539595603943,1258.51171875,678.1669921875,7db18b57df5b7a15d093193cfdf75c7e8aa49dfd098d7429dd781551dd5307ed,9997,146,50849843,104856,16703216,32671,29921639,62334,0,0,0,0,0,0,0,0,0,0,17428,35,0,0,274443,539,257015,504,4207560,9816,0,0,33872184,71646,29664624,61830,0,0,0,0,0,0,0,0,4224988,0,17428,34146627,274443,0,0,75689,166041,72137,0,0,0.0,0.0,0,0,0,0,0.0,0.2011796493090087,20.117964930900868,0.0,0.0,0.3305491978030594,40.79689862389503,0.0,0.0,0.3305491978030594,0.0,1.0,166041,0,166041,0,00e9219cefb63b3309772d2e8417d42da1532a0a2024bf31cf26128335d623ae,8578247,8578247,0,1.0,72137,0,0,72137,1.0,0.0,0.0,0,0.0,0,3000,0,0,3000,1.0,0.0,0.0,0,0.0,0,69137,0,0,69137,1.0,0.0,0.0,0,0.0,0,,,,,,,,,,,,,,,mechanism_control_001,48879743,True
