trace,l1_fraction,l2_multiplier,cell,target,seed,iteration,policy,l1_policy,l1_capacity_bytes,l2_policy,l2_capacity_bytes,hit_model,closure,measured_requests,requested_tokens,requested_blocks,avoided_prefill_tokens,l1_avoided_tokens,l2_avoided_tokens,l1_hit_blocks,l2_hit_blocks,l2_present_unusable_blocks,l2_present_unusable_tokens,l1_evictions,l2_admissions,l2_rejections,l2_evictions,l2_ancestor_copy_bytes,l2_byte_seconds,l2_already_held,offline_tiebreak,l2_eviction,l2_sample_width,l2_seed,l2_arm,l2_decisions,l2_byte_seconds_depth_1,l2_avoided_tokens_depth_1,l2_admitted_bytes_depth_1,l2_byte_seconds_depth_2-3,l2_avoided_tokens_depth_2-3,l2_admitted_bytes_depth_2-3,l2_byte_seconds_depth_4-7,l2_avoided_tokens_depth_4-7,l2_admitted_bytes_depth_4-7,l2_byte_seconds_depth_8-15,l2_avoided_tokens_depth_8-15,l2_admitted_bytes_depth_8-15,l2_byte_seconds_depth_16-31,l2_avoided_tokens_depth_16-31,l2_admitted_bytes_depth_16-31,l2_byte_seconds_depth_32-63,l2_avoided_tokens_depth_32-63,l2_admitted_bytes_depth_32-63,l2_byte_seconds_depth_64+,l2_avoided_tokens_depth_64+,l2_admitted_bytes_depth_64+,label_window_measured_requests,label_window_requested_tokens,label_window_requested_blocks,label_window_l1_avoided_tokens,label_window_l2_avoided_tokens,label_window_avoided_prefill_tokens,label_window_l2_hit_blocks,label_window_present_unusable_tokens,label_window_present_unusable_blocks,replay_seconds,attribution_measured_requests,fully_served_requests,beyond_prefix_tokens,beyond_prefix_blocks,l2_hit_tokens,l2_hit_blocks_checked,downstream_absent_tokens,downstream_absent_blocks,unexplained_states,unexplained_after_promotion,root_rejected_tokens,root_rejected_blocks,unusable_after_rejected_tokens,unusable_after_rejected_blocks,absent_rejected_tokens,absent_rejected_blocks,downstream_rejected_tokens,downstream_rejected_blocks,root_evicted_tokens,root_evicted_blocks,unusable_after_evicted_tokens,unusable_after_evicted_blocks,absent_evicted_tokens,absent_evicted_blocks,downstream_evicted_tokens,downstream_evicted_blocks,root_compulsory_tokens,root_compulsory_blocks,unusable_after_compulsory_tokens,unusable_after_compulsory_blocks,absent_compulsory_tokens,absent_compulsory_blocks,downstream_compulsory_tokens,downstream_compulsory_blocks,root_unexplained_tokens,root_unexplained_blocks,unusable_after_unexplained_tokens,unusable_after_unexplained_blocks,absent_unexplained_tokens,absent_unexplained_blocks,downstream_unexplained_tokens,downstream_unexplained_blocks,root_loss_tokens,unusable_tokens,decision_loss_tokens,absent_loss_tokens,perblock_decision_loss_tokens,attribution_partition_verified,requested_tokens_share_of_input,l1_avoided_tokens_share_of_input,l2_avoided_tokens_share_of_input,avoided_prefill_tokens_share_of_input,l2_present_unusable_tokens_share_of_input,beyond_prefix_tokens_share_of_input,l2_hit_tokens_share_of_input,downstream_absent_tokens_share_of_input,root_rejected_tokens_share_of_input,unusable_after_rejected_tokens_share_of_input,absent_rejected_tokens_share_of_input,downstream_rejected_tokens_share_of_input,root_evicted_tokens_share_of_input,unusable_after_evicted_tokens_share_of_input,absent_evicted_tokens_share_of_input,downstream_evicted_tokens_share_of_input,root_compulsory_tokens_share_of_input,unusable_after_compulsory_tokens_share_of_input,absent_compulsory_tokens_share_of_input,downstream_compulsory_tokens_share_of_input,root_unexplained_tokens_share_of_input,unusable_after_unexplained_tokens_share_of_input,absent_unexplained_tokens_share_of_input,downstream_unexplained_tokens_share_of_input,root_loss_tokens_share_of_input,unusable_tokens_share_of_input,decision_loss_tokens_share_of_input,absent_loss_tokens_share_of_input,perblock_decision_loss_tokens_share_of_input,published_pi0_loss_reference_status,removal_rejections,removal_rejections_window,removal_promotions,resident_evictions,resident_evictions_window,evictions_with_orphans,evictions_with_orphans_window,share_evictions_with_orphans,share_evictions_with_orphans_window,orphaned_blocks,orphaned_blocks_window,orphaned_bytes,orphaned_bytes_window,orphaned_blocks_per_eviction
conversation_trace,0.0025,1.0,"l1=0.0025,l2x1",binary,0,0,pi0,lru,464360509,learned,464360509,tree,union,5183,58742117,117184,3258398,2662942,595456,5203,1163,1192,610304,275832,60944,214888,53922,0,655041958129.664,0,prefix_first,sampled,16,0,onpolicy,268810,0.0,0,0,102246337447.93602,165888,2678468608,120780554891.26395,163840,3821893632,137475948482.56,135168,4999213056,158778410727.424,100864,5336481792,98826484660.22401,29696,3564359680,36934221920.256,0,2265407488,2960,32962016,65773,1517568,422400,1939968,825,351744,687,50.10808086395264,5183,3,56079175,111981,595456,1163,52288023,104446,0,0,776543,1520,175104,342,14932615,29180,14156072,27660,316008,618,435200,850,4902172,9587,4586164,8969,1492841,3042,0,0,35038628,70859,33545787,67817,0,0,0,0,0,0,0,0,2585392,610304,1702855,54873415,20445091,True,1.0,0.045332755031624074,0.010136781416985704,0.055469536448609774,0.010389547247675802,0.954667244968376,0.010136781416985704,0.8901283384117736,0.013219526970742305,0.002980893589517722,0.254206279286802,0.2409867523160597,0.005379581399832764,0.007408653658158081,0.08345242307150762,0.07807284167167486,0.025413469521365736,0.0,0.5964822139454048,0.5710687444240391,0.0,0.0,0.0,0.0,0.0440125778919408,0.010389547247675802,0.028988655618250873,0.9341409163037144,0.3480482496059854,matched,214888,89332,6580,53922,20289,14916,5050,0.2766217870257038,0.24890334664103703,43548,14753,45512816640,15412011008,0.8076109936575053
conversation_trace,0.0025,1.0,"l1=0.0025,l2x1",binary,0,1,pi1,lru,464360509,learned,464360509,tree,union,5183,58742117,117184,3008030,2662942,345088,5203,674,640,327363,275832,44029,231803,37685,0,655285289551.8718,0,prefix_first,sampled,16,0,onpolicy,269488,0.0,0,0,34808559941.63202,53248,1140477952,57612156422.144,76288,1726273536,89410150111.23198,99840,2699919360,137783946934.27194,64512,3231932416,170590814312.448,51200,2552496128,165079661830.14395,0,2191499264,2960,32962016,65773,1517568,217088,1734656,424,143360,280,48.87119245529175,5183,3,56079175,111981,345088,674,52819037,105487,0,0,937232,1833,88259,173,16843635,32912,15906403,31079,170037,333,239104,467,3524461,6896,3354424,6563,1480418,3014,0,0,35038628,70859,33558210,67845,0,0,0,0,0,0,0,0,2587687,327363,1434632,55406724,20695459,True,1.0,0.045332755031624074,0.005874626547762996,0.05120738157938707,0.005572883932664531,0.954667244968376,0.005874626547762996,0.8991680875239821,0.015955025931394334,0.0015024824522412088,0.2867386444380273,0.27078361850663296,0.00289463520696743,0.004070401480423322,0.05999887610451629,0.057104240897548855,0.02520198582560448,0.0,0.5964822139454048,0.5712802281198003,0.0,0.0,0.0,0.0,0.04405164696396625,0.005572883932664531,0.024422545071026296,0.9432197344879484,0.3523104044752081,not_applicable_to_updated_policy,231803,98120,5901,37685,12540,12781,3607,0.3391535093538543,0.28763955342902714,74500,18880,77759571968,19746551808,1.976913891468754
conversation_trace,0.0025,1.0,"l1=0.0025,l2x1",binary,0,2,pi2,lru,464360509,learned,464360509,tree,union,5183,58742117,117184,2692638,2662942,29696,5203,58,1822,932864,275832,43579,232253,36765,0,655168600889.344,0,prefix_first,sampled,16,0,onpolicy,269018,0.0,0,0,6824004112.383999,3072,798588928,23252537694.20801,4096,1448310784,62762505152.51201,8192,2555484160,154184705110.01608,14336,3731447808,175378122919.93594,0,3179710464,232766725900.288,0,2606436352,2960,32962016,65773,1517568,28672,1546240,56,624640,1220,49.17263627052307,5183,3,56079175,111981,29696,58,52528443,104921,0,0,992967,1942,683520,1335,16696923,32624,15703956,30682,118079,231,249344,487,3381064,6618,3262985,6387,1477126,3007,0,0,35038628,70859,33561502,67852,0,0,0,0,0,0,0,0,2588172,932864,2043910,55116615,21010851,True,1.0,0.045332755031624074,0.0005055316613801985,0.04583828669300427,0.01588066701784003,0.954667244968376,0.0005055316613801985,0.8942211428982036,0.016903834092325955,0.01163594427487181,0.2842410837866126,0.2673372496942866,0.002010125035160037,0.0042447227429682184,0.057557748557138314,0.05554762352197828,0.025145944263466023,0.0,0.5964822139454048,0.5713362696819387,0.0,0.0,0.0,0.0,0.04405990339095202,0.01588066701784003,0.03479462614532602,0.9382810462891557,0.35767949936159094,not_applicable_to_updated_policy,232253,97227,6372,36765,12869,11893,3616,0.3234870121039032,0.28098531354417594,100116,27113,104382679040,28328898560,2.7231334149326805
conversation_trace,0.0025,1.0,"l1=0.0025,l2x1",binary,0,3,pi3,lru,464360509,learned,464360509,tree,union,5183,58742117,117184,2708510,2662942,45568,5203,89,614,314368,275832,37777,238055,32171,0,655299507582.976,0,prefix_first,sampled,16,0,onpolicy,270226,0.0,0,0,22048373434.367992,11776,600410112,53818928392.19202,10752,959287296,93166501337.088,10752,1548838912,152394919137.28006,12288,2025287680,192291574190.0799,0,1739862016,141579211091.968,0,1440882688,2960,32962016,65773,1517568,10752,1528320,21,180736,353,49.0116069316864,5183,3,56079175,111981,45568,89,53131218,106098,0,0,1011795,1978,87040,170,18440164,36029,17428369,34051,98739,194,227328,444,2240447,4390,2141708,4196,1477487,3008,0,0,35038628,70859,33561141,67851,0,0,0,0,0,0,0,0,2588021,314368,1424902,55719239,20994979,True,1.0,0.045332755031624074,0.0007757296183247873,0.046108484649948864,0.005351662760128308,0.954667244968376,0.0007757296183247873,0.904482519756651,0.017224353694981747,0.0014817307316316163,0.3139172529311465,0.29669289923616476,0.0016808893693770009,0.0038699320284966915,0.03814038571337155,0.03645949634399455,0.025152089768913165,0.0,0.5964822139454048,0.5713301241764916,0.0,0.0,0.0,0.0,0.04405733283327191,0.005351662760128308,0.024256905824487054,0.9485398525899228,0.35740930140464633,not_applicable_to_updated_policy,238055,103100,5163,32171,8171,9882,1564,0.3071710546765721,0.19140864031330315,66028,6581,68811642880,6869454848,2.052407447701346
conversation_trace,0.0025,1.0,"l1=0.0025,l2x1",binary,1,0,pi0,lru,464360509,learned,464360509,tree,union,5183,58742117,117184,3243550,2662942,580608,5203,1134,1219,624128,275832,60571,215261,53573,0,655056182507.52,0,prefix_first,sampled,16,1,onpolicy,268834,0.0,0,0,102280254183.42397,169984,2727563264,120518496446.46396,165888,3858067456,139134690598.91205,139776,4861081600,156196407506.94403,82432,5319073792,98647151198.20801,22528,3506833408,38279182573.567986,0,2325829632,2960,32962016,65773,1517568,411648,1929216,804,364032,711,50.12216281890869,5183,3,56079175,111981,580608,1134,52289354,104448,0,0,765079,1498,162816,318,14955943,29226,14190864,27728,325936,637,461312,901,4879868,9543,4553932,8906,1494070,3045,0,0,35038628,70859,33544558,67814,0,0,0,0,0,0,0,0,2585085,624128,1715143,54874439,20459939,True,1.0,0.045332755031624074,0.009884015586295605,0.05521677061791968,0.010624880952111412,0.954667244968376,0.009884015586295605,0.8901509967711922,0.013024368869783838,0.002771708074463847,0.2546034049130371,0.24157903604325326,0.005548591311409495,0.007853172877647566,0.08307272957152702,0.07752413826011752,0.025434391477583283,0.0,0.5964822139454048,0.5710478224678215,0.0,0.0,0.0,0.0,0.04400735165877662,0.010624880952111412,0.029197841133304748,0.9341583484299689,0.3483010154366755,matched,215261,89397,6556,53573,20225,14760,5090,0.2755119183170627,0.25166872682323854,42894,14978,44836759552,15639826432,0.8006645138409273
conversation_trace,0.0025,1.0,"l1=0.0025,l2x1",binary,1,1,pi1,lru,464360509,learned,464360509,tree,union,5183,58742117,117184,2944030,2662942,281088,5203,549,714,365568,275832,43544,232288,37247,0,655251284461.5679,0,prefix_first,sampled,16,1,onpolicy,269535,0.0,0,0,34299573753.856007,54272,1077921792,57889747777.53602,71168,1617033216,92675545698.30397,84992,2647052288,140156058585.08795,47104,3155509248,170809308614.6559,23552,2504220672,159421050032.12802,0,2088275968,2960,32962016,65773,1517568,158720,1676288,310,168448,329,48.86646342277527,5183,3,56079175,111981,281088,549,52844832,105538,0,0,942862,1844,100864,197,17011042,33238,16068180,31394,164407,322,264704,517,3382849,6621,3218442,6299,1480418,3014,0,0,35038628,70859,33558210,67845,0,0,0,0,0,0,0,0,2587687,365568,1472837,55432519,20759459,True,1.0,0.045332755031624074,0.004785118656857396,0.05011787368848147,0.006223269072852788,0.954667244968376,0.004785118656857396,0.8996072102746995,0.016050868578672436,0.0017170644360672259,0.28958850768010286,0.2735376391014304,0.0027987925596893283,0.004506204636785562,0.0575881356131581,0.054789343053468775,0.02520198582560448,0.0,0.5964822139454048,0.5712802281198003,0.0,0.0,0.0,0.0,0.04405164696396625,0.006223269072852788,0.025072930211214553,0.9436588572386657,0.35339991236611373,not_applicable_to_updated_policy,232288,98547,5854,37247,12165,12431,3390,0.333744999597283,0.2786683107274969,71316,16982,74445268992,17749067776,1.9146776921631272
conversation_trace,0.0025,1.0,"l1=0.0025,l2x1",binary,1,2,pi2,lru,464360509,learned,464360509,tree,union,5183,58742117,117184,2692126,2662942,29184,5203,57,1910,977920,275832,44056,231776,37205,0,655150431244.2882,0,prefix_first,sampled,16,1,onpolicy,268981,0.0,0,0,4430540328.959997,2560,818120704,16419044028.416,4096,1462024192,53981240698.88001,8192,2587938816,151795881224.1921,14336,3907241984,184710716727.29608,0,3294138368,243813008236.544,0,2819065856,2960,32962016,65773,1517568,29184,1546752,57,645632,1261,49.29331111907959,5183,3,56079175,111981,29184,57,52483899,104834,0,0,993991,1944,796160,1555,16541430,32319,15547439,30375,117055,229,181760,355,3492013,6836,3374958,6607,1477126,3007,0,0,35038628,70859,33561502,67852,0,0,0,0,0,0,0,0,2588172,977920,2088966,55072071,21011363,True,1.0,0.045332755031624074,0.0004968155982529536,0.045829570629877026,0.01664768057303757,0.954667244968376,0.0004968155982529536,0.8934628454061334,0.016921266218580443,0.013553478162865666,0.2815940392478535,0.264672773029273,0.001992692908905547,0.0030942024101719046,0.05944649560382715,0.0574538026949216,0.025145944263466023,0.0,0.5964822139454048,0.5713362696819387,0.0,0.0,0.0,0.0,0.04405990339095202,0.01664768057303757,0.03556163970052356,0.9375227487970854,0.3576882154247182,not_applicable_to_updated_policy,231776,96710,6409,37205,13298,12236,3866,0.3288805268109125,0.2907204090840728,105636,33371,110256451584,34902571008,2.8392957935761323
conversation_trace,0.0025,1.0,"l1=0.0025,l2x1",binary,1,3,pi3,lru,464360509,learned,464360509,tree,union,5183,58742117,117184,2728990,2662942,66048,5203,129,579,296448,275832,36750,239082,31094,0,655318348531.712,0,prefix_first,sampled,16,1,onpolicy,270176,0.0,0,0,25892637378.559994,17920,656994304,57422056472.576004,18432,1000984576,90670922024.95996,16384,1518051328,158521487622.144,13312,1860214784,183793485213.69598,0,1534560256,139017759819.77603,0,1301532672,2960,32962016,65773,1517568,16384,1533952,32,154112,301,48.920615434646606,5183,3,56079175,111981,66048,129,53128851,106093,0,0,1009934,1975,80896,158,18566651,36278,17556717,34303,98871,194,215552,421,2111400,4136,2012529,3942,1479023,3011,0,0,35038628,70859,33559605,67848,0,0,0,0,0,0,0,0,2587828,296448,1405253,55716679,20974499,True,1.0,0.045332755031624074,0.0011243721434145793,0.04645712717503865,0.00504660055067474,0.954667244968376,0.0011243721434145793,0.9044422249882482,0.017192672848341507,0.0013771379741046785,0.31607051206547426,0.29887783921713273,0.0016831364794019936,0.0036694625765700613,0.035943546263407566,0.034260409784005574,0.025178237958294897,0.0,0.5964822139454048,0.5713039759871099,0.0,0.0,0.0,0.0,0.0440540472860384,0.00504660055067474,0.02392240987841824,0.9484962722742866,0.35706065887955657,not_applicable_to_updated_policy,239082,103561,5213,31094,7705,9677,1450,0.31121759825046635,0.18818948734587929,60556,5633,63137415168,5874939904,1.9475139898372675
conversation_trace,0.0025,1.0,"l1=0.0025,l2x1",binary,2,0,pi0,lru,464360509,learned,464360509,tree,union,5183,58742117,117184,3273758,2662942,610816,5203,1193,1157,592384,275832,60918,214914,53914,0,655045786667.0082,0,prefix_first,sampled,16,2,onpolicy,268828,0.0,0,0,101642546898.94409,163328,2696296448,119666402746.368,167424,3782701056,138884244455.42404,139776,4961785856,158071338074.11212,101376,5293942784,98471678003.19997,38912,3479707648,38309576488.959984,0,2273613824,2960,32962016,65773,1517568,431616,1949184,843,336896,658,50.0786406993866,5183,3,56079175,111981,610816,1193,52290676,104451,0,0,764790,1496,151040,295,14916841,29147,14152051,27651,326737,640,441344,862,4920506,9625,4593769,8985,1493772,3044,0,0,35038628,70859,33544856,67815,0,0,0,0,0,0,0,0,2585299,592384,1683911,54875975,20429731,True,1.0,0.045332755031624074,0.010398263310803048,0.05573101834242712,0.010084485038222235,0.954667244968376,0.010398263310803048,0.8901735019185638,0.013019449060713967,0.0025712386225372162,0.2539377496388154,0.2409183005781014,0.00556222718360661,0.007513246415685019,0.08376453303513048,0.07820230585152388,0.025429318456466253,0.0,0.5964822139454048,0.5710528954889386,0.0,0.0,0.0,0.0,0.04401099470078683,0.010084485038222235,0.028666161282542815,0.9341844966193507,0.3477867677121681,matched,214914,89503,6562,53914,20123,14926,5115,0.27684831398152615,0.2541867514784078,43482,15063,45455413248,15736915968,0.8065066587528286
conversation_trace,0.0025,1.0,"l1=0.0025,l2x1",binary,2,1,pi1,lru,464360509,learned,464360509,tree,union,5183,58742117,117184,2945054,2662942,282112,5203,551,762,389827,275832,44987,230845,38594,0,655264997879.8081,0,prefix_first,sampled,16,2,onpolicy,269439,0.0,0,0,33353250088.960014,49664,1143658496,56082726352.89601,69632,1701001216,92238739714.048,89600,2686951424,139338764439.55203,47616,3324913664,172098793619.45615,25600,2626287616,162152723664.89594,0,2226528256,2960,32962016,65773,1517568,158208,1675776,309,201728,394,48.9118492603302,5183,3,56079175,111981,282112,551,52819549,105488,0,0,933778,1826,132291,259,16777516,32783,15843738,30957,173491,340,257536,503,3591092,7026,3417601,6686,1480418,3014,0,0,35038628,70859,33558210,67845,0,0,0,0,0,0,0,0,2587687,389827,1497096,55407236,20758435,True,1.0,0.045332755031624074,0.004802550783111885,0.05013530581473596,0.006636243634188397,0.954667244968376,0.004802550783111885,0.8991768035871094,0.015896226552407022,0.0022520638811842617,0.2856130636217963,0.26971683706938926,0.0029534345859547418,0.004384179753004135,0.061133172983874585,0.058179738397919845,0.02520198582560448,0.0,0.5964822139454048,0.5712802281198003,0.0,0.0,0.0,0.0,0.04405164696396625,0.006636243634188397,0.025485904772550163,0.9432284505510756,0.35338248023985924,not_applicable_to_updated_policy,230845,97950,5950,38594,12711,13206,3743,0.3421775405503446,0.2944693572496263,80585,19433,84139913216,20321323008,2.088018863035705
conversation_trace,0.0025,1.0,"l1=0.0025,l2x1",binary,2,2,pi2,lru,464360509,learned,464360509,tree,union,5183,58742117,117184,2694174,2662942,31232,5203,61,1840,942080,275832,44224,231608,37419,0,655146492303.3601,0,prefix_first,sampled,16,2,onpolicy,269027,0.0,0,0,7069745932.288001,5120,824647680,21807684610.048008,6144,1468979200,63343101030.39998,11776,2623805440,155826842163.2001,8192,3811207168,176068721358.848,0,3232137216,231030397208.57605,0,2707146752,2960,32962016,65773,1517568,24576,1542144,48,640000,1250,49.25371527671814,5183,3,56079175,111981,31232,61,52517783,104900,0,0,994503,1945,639488,1249,16638890,32511,15644387,30566,116543,228,302592,591,3428345,6710,3311802,6482,1477034,3007,0,0,35038628,70859,33561594,67852,0,0,0,0,0,0,0,0,2588080,942080,2053126,55105863,21009315,True,1.0,0.045332755031624074,0.0005316798507619329,0.04586443488238601,0.016037556154130436,0.954667244968376,0.0005316798507619329,0.8940396717401248,0.016929982281707688,0.010886362845928756,0.28325315548297314,0.2663231732012655,0.0019839768457783026,0.005151193308201678,0.05836263953510562,0.05637866268932732,0.025144378095872846,0.0,0.5964822139454048,0.5713378358495319,0.0,0.0,0.0,0.0,0.04405833722335884,0.016037556154130436,0.03495151528161643,0.9380980089634836,0.3576533511722092,not_applicable_to_updated_policy,231608,96938,6363,37419,13135,12369,3876,0.33055399663272667,0.29508945565283595,109922,32035,114714327040,33505959936,2.9375985461931107
conversation_trace,0.0025,1.0,"l1=0.0025,l2x1",binary,2,3,pi3,lru,464360509,learned,464360509,tree,union,5183,58742117,117184,2707998,2662942,45056,5203,88,690,352963,275832,38219,237613,32574,0,655277556367.36,0,prefix_first,sampled,16,2,onpolicy,270187,0.0,0,0,23867946508.288006,13824,637968384,51405156106.240005,10752,1004132352,90004969730.048,11776,1648510976,151553994065.91986,8704,2116728832,191026498336.76807,0,1812264960,147418991620.09604,0,1494495232,2960,32962016,65773,1517568,12288,1529856,24,205312,401,49.11617112159729,5183,3,56079175,111981,45056,88,53093135,106023,0,0,1023390,2001,133632,261,18358685,35872,17335295,33871,86632,170,219331,429,2283843,4472,2197211,4302,1477999,3009,0,0,35038628,70859,33560629,67850,0,0,0,0,0,0,0,0,2588021,352963,1462985,55681156,20995491,True,1.0,0.045332755031624074,0.0007670135551975425,0.04609976858682162,0.006008687089026771,0.954667244968376,0.0007670135551975425,0.9038342114908797,0.017421741882404407,0.002274892476210893,0.31253019022109807,0.2951084483386937,0.001474785118827093,0.003733794612815878,0.03887914015764873,0.037404355038821634,0.025160805832040407,0.0,0.5964822139454048,0.5713214081133644,0.0,0.0,0.0,0.0,0.04405733283327191,0.006008687089026771,0.02490521409025827,0.9478915443241516,0.3574180174677736,not_applicable_to_updated_policy,237613,102712,5202,32574,8484,10202,1737,0.3131945723583226,0.20473833097595473,71091,7223,74104713216,7531618304,2.1824461226745258
conversation_trace,0.0025,1.0,"l1=0.0025,l2x1",binary,3,0,pi0,lru,464360509,learned,464360509,tree,union,5183,58742117,117184,3270174,2662942,607232,5203,1186,1181,604672,275832,60528,215304,53540,0,655035965706.2401,0,prefix_first,sampled,16,3,onpolicy,268844,0.0,0,0,101765486618.62401,168448,2660259840,120831246794.75203,167936,3756066816,138517523929.08795,141312,5009364992,158606499235.84012,94720,5326032896,96695817488.384,33792,3537905664,38619391639.552,1024,2273454080,2960,32962016,65773,1517568,421376,1938944,823,356352,696,50.8075225353241,5183,3,56079175,111981,607232,1186,52281842,104434,0,0,770407,1508,176640,345,14902278,29119,14131871,27611,323176,632,428032,836,4926365,9636,4603189,9004,1491846,3040,0,0,35038628,70859,33546782,67819,0,0,0,0,0,0,0,0,2585429,604672,1698255,54867271,20433315,True,1.0,0.045332755031624074,0.010337250868912334,0.055670005900536404,0.01029367055327611,0.954667244968376,0.010337250868912334,0.8900231157824973,0.01311507040170173,0.0030070417788994564,0.25368983552295193,0.24057476512125023,0.005501606283614191,0.007286628774376654,0.08386427407783073,0.07836266779421654,0.02539653107837431,0.0,0.5964822139454048,0.5710856828670304,0.0,0.0,0.0,0.0,0.044013207763690235,0.01029367055327611,0.02891034723859203,0.9340363235461875,0.3478477801540588,matched,215304,89412,6546,53540,20196,14898,5099,0.27825924542398206,0.25247573776985544,43717,14833,45690273792,15486349312,0.8165296974224878
conversation_trace,0.0025,1.0,"l1=0.0025,l2x1",binary,3,1,pi1,lru,464360509,learned,464360509,tree,union,5183,58742117,117184,2974750,2662942,311808,5203,609,747,382464,275832,44637,231195,38196,0,655287443994.624,0,prefix_first,sampled,16,3,onpolicy,269391,0.0,0,0,32919950968.832012,51712,1152456704,55052297066.49601,72192,1777817600,90467109001.21603,94720,2731661312,140520608116.736,56320,3348979712,170398357997.568,36864,2657062912,165929120843.77597,0,2243696640,2960,32962016,65773,1517568,190464,1708032,372,187904,367,48.25809860229492,5183,3,56079175,111981,311808,609,52797124,105445,0,0,942862,1844,138752,271,16721743,32675,15778881,30831,164919,323,243712,476,3624532,7091,3459613,6768,1479998,3013,0,0,35038628,70859,33558630,67846,0,0,0,0,0,0,0,0,2587779,382464,1490245,55384903,20728739,True,1.0,0.045332755031624074,0.005308082444492084,0.050640837476116154,0.006510899156051866,0.954667244968376,0.005308082444492084,0.8987950502362726,0.016050868578672436,0.002362053107483341,0.28466360856555445,0.268612739986882,0.002807508622816573,0.004148846048568525,0.061702440856872764,0.05889493223405619,0.025194835930070412,0.0,0.5964822139454048,0.5712873780153344,0.0,0.0,0.0,0.0,0.044053213131559424,0.006510899156051866,0.025369276357540875,0.942848263367832,0.35287694857847907,not_applicable_to_updated_policy,231195,97745,5998,38196,12872,12946,3746,0.33893601424232905,0.2910192666252331,81369,21548,84952954880,22540472320,2.130301602262017
conversation_trace,0.0025,1.0,"l1=0.0025,l2x1",binary,3,2,pi2,lru,464360509,learned,464360509,tree,union,5183,58742117,117184,2713630,2662942,50688,5203,99,1808,925696,275832,44213,231619,37389,0,655130326726.6558,0,prefix_first,sampled,16,3,onpolicy,269008,0.0,0,0,7609913679.871999,4096,847060992,23242956734.46401,8192,1480476672,62955291539.45601,16384,2668075008,150024383313.91995,22016,3770216448,173270536818.68793,0,3262558208,238027244640.2559,0,2634147840,2960,32962016,65773,1517568,36352,1553920,71,613888,1199,48.44890117645264,5183,3,56079175,111981,50688,99,52514619,104894,0,0,996039,1948,733696,1433,16650832,32534,15654793,30586,115007,225,192000,375,3413331,6681,3298324,6456,1477126,3007,0,0,35038628,70859,33561502,67852,0,0,0,0,0,0,0,0,2588172,925696,2036742,55102791,20989859,True,1.0,0.045332755031624074,0.0008628902495972353,0.04619564528122131,0.0157586421340586,0.954667244968376,0.0008628902495972353,0.893985809193768,0.016956130471089424,0.0124901184613418,0.2834564508459918,0.2665003203749024,0.001957828656396568,0.0032685236727168004,0.058107047793323485,0.056149219136926914,0.025145944263466023,0.0,0.5964822139454048,0.5713362696819387,0.0,0.0,0.0,0.0,0.04405990339095202,0.0157586421340586,0.03467260126154459,0.9380457125847201,0.3573221407733739,not_applicable_to_updated_policy,231619,96923,6382,37389,13144,12270,3705,0.32817138730642703,0.2818776628119294,104735,28431,109250807808,29725405184,2.8012249592126026
conversation_trace,0.0025,1.0,"l1=0.0025,l2x1",binary,3,3,pi3,lru,464360509,learned,464360509,tree,union,5183,58742117,117184,2715678,2662942,52736,5203,103,671,343235,275832,37697,238135,32072,0,655271215298.56,0,prefix_first,sampled,16,3,onpolicy,270207,0.0,0,0,22178172991.48799,13824,620417024,49138333024.256,13312,1022763008,91711894837.24802,12288,1631918080,154446289586.17603,13312,2121828352,192286725144.57605,0,1777829888,145509799714.81598,0,1483786240,2960,32962016,65773,1517568,13824,1531392,27,200192,391,48.058117389678955,5183,3,56079175,111981,52736,103,53095183,106027,0,0,1019330,1993,157379,308,18393907,35941,17374577,33948,90692,178,185856,363,2250669,4407,2159977,4229,1477999,3009,0,0,35038628,70859,33560629,67850,0,0,0,0,0,0,0,0,2588021,343235,1453257,55683204,20987811,True,1.0,0.045332755031624074,0.0008977545021062145,0.046230509533730285,0.00584308188960912,0.954667244968376,0.0008977545021062145,0.9038690757433887,0.017352626225575086,0.002679150974419257,0.3131297940794337,0.2957771678538586,0.001543900775656417,0.003163930915189863,0.03831440055182213,0.03677049977616571,0.025160805832040407,0.0,0.5964822139454048,0.5713214081133644,0.0,0.0,0.0,0.0,0.04405733283327191,0.00584308188960912,0.02473960889084062,0.9479264085766606,0.3572872765208649,not_applicable_to_updated_policy,238135,102722,5182,32072,8477,9964,1688,0.31067597904714395,0.19912704966379616,67764,7634,70602231808,7964147712,2.1128710401596407
conversation_trace,0.0025,1.0,"l1=0.0025,l2x1",binary,4,0,pi0,lru,464360509,learned,464360509,tree,union,5183,58742117,117184,3257886,2662942,594944,5203,1162,1190,609280,275832,61028,214804,53975,0,655032097646.5918,0,prefix_first,sampled,16,4,onpolicy,268779,0.0,0,0,101172526729.21593,171008,2668763136,120513449465.85599,166912,3829651456,138803742765.056,130048,4984807424,159660801566.7199,93696,5297532928,97383307741.18399,32256,3515469824,37498269378.55999,1024,2325008384,2960,32962016,65773,1517568,428544,1946112,837,348160,680,50.85697412490845,5183,3,56079175,111981,594944,1162,52289404,104449,0,0,765901,1499,182784,357,14886740,29089,14120839,27590,327674,641,426496,833,4949583,9681,4621909,9040,1491972,3040,0,0,35038628,70859,33546656,67819,0,0,0,0,0,0,0,0,2585547,609280,1702855,54874951,20445603,True,1.0,0.045332755031624074,0.010128065353858458,0.05546082038548253,0.010372115121421313,0.954667244968376,0.010128065353858458,0.8901518479492321,0.013038362236757656,0.003111634536426394,0.25342532343531304,0.24038696119855538,0.0055781782600719,0.007260480584994919,0.08425952711237833,0.07868134885230643,0.02539867604703453,0.0,0.5964822139454048,0.5710835378983703,0.0,0.0,0.0,0.0,0.04401521654386409,0.010372115121421313,0.028988655618250873,0.9341670644930962,0.34805696566911265,matched,214804,89365,6611,53975,20258,14925,5177,0.2765169059749884,0.25555336163490966,43608,15098,45583124480,15783917568,0.8079295970356647
conversation_trace,0.0025,1.0,"l1=0.0025,l2x1",binary,4,1,pi1,lru,464360509,learned,464360509,tree,union,5183,58742117,117184,2943518,2662942,280576,5203,548,732,374784,275832,44418,231414,38083,0,655286756405.248,0,prefix_first,sampled,16,4,onpolicy,269497,0.0,0,0,31821211015.16802,49664,1080244224,53529382547.45601,71168,1680713728,89438013317.11995,87040,2650472448,138113103183.87204,47104,3253870592,174066709479.42398,25600,2522775552,168318336862.20807,0,2226405376,2960,32962016,65773,1517568,163328,1680896,319,189952,371,48.18939423561096,5183,3,56079175,111981,280576,548,52836128,105521,0,0,946497,1851,116736,228,16818088,32861,15871591,31010,160772,315,258048,504,3567099,6981,3406327,6666,1480418,3014,0,0,35038628,70859,33558210,67845,0,0,0,0,0,0,0,0,2587687,374784,1482053,55423815,20759971,True,1.0,0.045332755031624074,0.004776402593730151,0.05010915762535422,0.0063801582091431944,0.954667244968376,0.004776402593730151,0.8994590372015363,0.016112749222163717,0.0019872623930118146,0.28630374353038723,0.2701909943082235,0.002736911916198049,0.0043928958161313795,0.06072472668971055,0.0579878147735125,0.02520198582560448,0.0,0.5964822139454048,0.5712802281198003,0.0,0.0,0.0,0.0,0.04405164696396625,0.0063801582091431944,0.02522981934750496,0.9435106841655025,0.353408628429241,not_applicable_to_updated_policy,231414,98262,5892,38083,12432,12950,3617,0.3400467400152299,0.29094272844272845,75649,18952,78975903744,19808546816,1.9864243888349131
conversation_trace,0.0025,1.0,"l1=0.0025,l2x1",binary,4,2,pi2,lru,464360509,learned,464360509,tree,union,5183,58742117,117184,2710558,2662942,47616,5203,93,1847,945664,275832,43963,231869,37117,0,655160289390.5919,0,prefix_first,sampled,16,4,onpolicy,268986,0.0,0,0,8312799371.263999,6144,866301952,25999049863.168007,10240,1528633344,68685510858.75201,15872,2673508352,152914742067.19995,15360,3843194880,171816865007.616,0,3203178496,227431322222.59198,0,2619887616,2960,32962016,65773,1517568,40960,1558528,80,643072,1256,48.395270586013794,5183,3,56079175,111981,47616,93,52498008,104861,0,0,991370,1939,759808,1484,16629644,32491,15638274,30552,118971,233,185856,363,3417623,6691,3298652,6458,1477546,3008,0,0,35038628,70859,33561082,67851,0,0,0,0,0,0,0,0,2587887,945664,2056005,55085895,20992931,True,1.0,0.045332755031624074,0.0008105938708337665,0.04614334890245784,0.016098568596021146,0.954667244968376,0.0008105938708337665,0.8937030308253957,0.0168766474657357,0.012934637680831284,0.2830957556398589,0.2662191081741232,0.0020253100513895335,0.003163930915189863,0.05818011291625734,0.056154802864867806,0.02515309415900009,0.0,0.5964822139454048,0.5713291197864047,0.0,0.0,0.0,0.0,0.04405505167612533,0.016098568596021146,0.035000526113146385,0.937758082501521,0.35737443715213735,not_applicable_to_updated_policy,231869,96836,6404,37117,13200,12287,3857,0.3310342969528787,0.2921969696969697,106835,31227,111422924800,32645091328,2.8783306840531293
conversation_trace,0.0025,1.0,"l1=0.0025,l2x1",binary,4,3,pi3,lru,464360509,learned,464360509,tree,union,5183,58742117,117184,2723358,2662942,60416,5203,118,630,322560,275832,38498,237334,32864,0,655259315292.1602,0,prefix_first,sampled,16,4,onpolicy,270198,0.0,0,0,21922945110.016,14336,637528064,54115719124.99197,14848,1006028800,90998432000.0,15872,1645692928,152126753169.40805,15360,2146254848,189514943291.392,0,1815492608,146580522596.35208,0,1477926912,2960,32962016,65773,1517568,11264,1528832,22,195584,382,47.98405456542969,5183,3,56079175,111981,60416,118,53108178,106053,0,0,1009270,1974,119296,233,18313044,35784,17303774,33810,99728,195,203264,397,2344527,4590,2244799,4395,1479023,3011,0,0,35038628,70859,33559605,67848,0,0,0,0,0,0,0,0,2588021,322560,1431558,55696199,20980131,True,1.0,0.045332755031624074,0.0010284954490148866,0.04636125048063896,0.005491119770164225,0.954667244968376,0.0010284954490148866,0.9040902969159249,0.01718136920397336,0.002030842708648039,0.3117532178828352,0.2945718486788619,0.0016977256710036515,0.003460277061516186,0.03991219792095678,0.03821447224995313,0.025178237958294897,0.0,0.5964822139454048,0.5713039759871099,0.0,0.0,0.0,0.0,0.04405733283327191,0.005491119770164225,0.024370214645141237,0.9481476297491969,0.35715653557395627,not_applicable_to_updated_policy,237334,102704,5191,32864,8521,10366,1746,0.315421129503408,0.2049055275202441,69826,8533,72804200448,8911880192,2.1246957156767285
conversation_trace,0.0025,1.0,"l1=0.0025,l2x1",next_use,0,0,pi0,lru,464360509,learned,464360509,tree,union,5183,58742117,117184,3525662,2662942,862720,5203,1685,809,414208,275832,59163,216669,51203,0,655066149572.6079,0,prefix_first,sampled,16,0,onpolicy,267872,0.0,0,0,78014111551.48798,155648,2363494400,107443993948.16002,194048,3410948096,139228481601.53598,232960,4653424640,161941221462.01596,174592,4951787520,123285592397.82404,91648,3486625792,45152748611.584,13824,2392641536,2960,32962016,65773,1517568,615936,2133504,1203,182784,357,51.9813711643219,5183,3,56079175,111981,862720,1685,52215307,104307,0,0,800575,1566,70144,137,15165206,29633,14364631,28067,298944,585,344064,672,4598413,8995,4299469,8410,1487421,3029,0,0,35038628,70859,33551207,67830,0,0,0,0,0,0,0,0,2586940,414208,1513727,54802247,20177827,True,1.0,0.045332755031624074,0.01468656636940749,0.06001932140103156,0.007051295069941044,0.954667244968376,0.01468656636940749,0.8888904531649753,0.013628637183777357,0.0011941006484325377,0.2581658063157649,0.24453716913198753,0.005089091358420058,0.0058571944215085065,0.07828136326785771,0.07319227190943765,0.025321201821854666,0.0,0.5964822139454048,0.5711610121235501,0.0,0.0,0.0,0.0,0.044038930364052084,0.007051295069941044,0.02576902361213846,0.9329293835290274,0.34349846465356365,matched,216669,90658,7518,51203,18822,14007,4774,0.27355818994980763,0.25363935819785355,40316,13890,42105673728,14495414272,0.7873757397027518
conversation_trace,0.0025,1.0,"l1=0.0025,l2x1",next_use,0,1,pi1,lru,464360509,learned,464360509,tree,union,5183,58742117,117184,3251672,2662942,588730,5203,1151,836,427639,275832,42973,232859,35547,0,655636211689.4719,0,prefix_first,sampled,16,0,onpolicy,268406,0.0,0,0,60468660862.97603,106231,1392629760,91010039502.84795,127171,2195230720,128590090524.67194,154112,3235045376,167738800795.6481,142336,3881662464,125598482767.87193,57856,2793203712,82230137235.45598,1024,1998419968,2960,32962016,65773,1517568,371069,1888637,725,238080,465,52.1992130279541,5183,7,56079175,111981,588730,1151,52478734,104818,0,0,911384,1782,126071,247,16587268,32414,15675884,30632,184755,362,301568,589,3436910,6721,3252155,6359,1487933,3032,0,0,35038628,70859,33550695,67827,0,0,0,0,0,0,0,0,2584072,427639,1523778,55062806,20451817,True,1.0,0.045332755031624074,0.010022280947075843,0.05535503597869992,0.007279938514984062,0.954667244968376,0.010022280947075843,0.8933749187146252,0.015515000931954835,0.0021461773330368737,0.282374365227593,0.26685936429563817,0.0031451879747541275,0.005133761181947188,0.05850844633331822,0.055363258358564094,0.02532991788498191,0.0,0.5964822139454048,0.5711522960604228,0.0,0.0,0.0,0.0,0.043990106791690874,0.007279938514984062,0.025940127421693025,0.9373650255063161,0.3481627500758953,not_applicable_to_updated_policy,232859,96400,6982,35547,13586,12360,4454,0.34770866739809264,0.327837479758575,64519,19281,67218317312,20132624384,1.8150336174642023
conversation_trace,0.0025,1.0,"l1=0.0025,l2x1",next_use,0,2,pi2,lru,464360509,learned,464360509,tree,union,5183,58742117,117184,3152097,2662942,489155,5203,956,744,380404,275832,46360,229472,39338,0,655308010520.576,0,prefix_first,sampled,16,0,onpolicy,268810,0.0,0,0,50733474684.927986,84992,1276620800,81170516967.42401,110275,2067685376,118966186817.53606,143360,3109758976,174152322338.816,112128,3969589248,144288815460.352,38400,2890563584,85996694251.52003,0,2053140480,2960,32962016,65773,1517568,320512,1838080,626,255869,500,52.33126163482666,5183,4,56079175,111981,489155,956,52623118,105102,0,0,929157,1817,145015,284,16611513,32455,15682356,30638,171456,336,235389,460,3559475,6967,3388019,6631,1485885,3026,0,0,35038628,70859,33552743,67833,0,0,0,0,0,0,0,0,2586498,380404,1481017,55209616,20551392,True,1.0,0.045332755031624074,0.008327159880873888,0.05365991491249796,0.006475830620813343,0.954667244968376,0.008327159880873888,0.8958328485165081,0.01581756067797148,0.0024686716687449314,0.2827871014590775,0.266969540781106,0.0029187916397361026,0.004007158952068411,0.06059493906220642,0.05767614742247032,0.025295053632472933,0.0,0.5964822139454048,0.5711871603129318,0.0,0.0,0.0,0.0,0.04403140595018051,0.006475830620813343,0.025212182938520924,0.9398642544666886,0.34985787114209727,not_applicable_to_updated_policy,229472,96297,6579,39338,13977,12901,4170,0.32795261579134677,0.2983472848250698,70808,19181,73768749056,20029990912,1.7999898317148812
conversation_trace,0.0025,1.0,"l1=0.0025,l2x1",next_use,0,3,pi3,lru,464360509,learned,464360509,tree,union,5183,58742117,117184,3065450,2662942,402508,5203,787,1278,653812,275832,49315,226517,42095,0,655432435636.2239,0,prefix_first,sampled,16,0,onpolicy,268612,0.0,0,0,40063922663.42399,67465,1163046912,69925755938.81595,90819,2009067520,113988269969.40804,117248,3303901184,176609488709.63202,96768,4441618432,143896589883.39197,30208,3520520192,110948408471.55191,0,2709321728,2960,32962016,65773,1517568,260096,1777664,508,380285,743,52.34240198135376,5183,5,56079175,111981,402508,787,52436428,104738,0,0,940504,1839,268788,526,16191241,31636,15250737,29797,163300,320,385024,752,3792986,7421,3629686,7101,1482623,3019,0,0,35038628,70859,33556005,67840,0,0,0,0,0,0,0,0,2586427,653812,1757616,55022855,20638039,True,1.0,0.045332755031624074,0.006852119408634864,0.05218487444025894,0.011130208330762066,0.954667244968376,0.006852119408634864,0.8926547199516149,0.016010727022316883,0.004575728859073975,0.27563257551647313,0.25962184849415626,0.0027799474778888206,0.006554479471688091,0.06457012776710107,0.06179018028921225,0.025239522777158338,0.0,0.5964822139454048,0.5712426911682464,0.0,0.0,0.0,0.0,0.04403019727736404,0.011130208330762066,0.02992088283096777,0.936684917228979,0.3513329116143363,not_applicable_to_updated_policy,226517,94627,6776,42095,15281,14821,5100,0.3520845706140872,0.33374779137491,98566,31044,102653681664,32433950720,2.341513243853189
conversation_trace,0.0025,1.0,"l1=0.0025,l2x1",next_use,1,0,pi0,lru,464360509,learned,464360509,tree,union,5183,58742117,117184,3575838,2662942,912896,5203,1783,730,373760,275832,58828,217004,50849,0,655039751522.304,0,prefix_first,sampled,16,1,onpolicy,267853,0.0,0,0,77469515810.81604,161280,2350108672,105340701730.81607,199168,3492868096,140329616908.288,225792,4690585600,161419956217.85593,186368,4943337472,122778863765.50398,125952,3353114624,47701097089.02397,14336,2308155392,2960,32962016,65773,1517568,620544,2138112,1212,189952,371,51.99900984764099,5183,3,56079175,111981,912896,1783,52205352,104288,0,0,797981,1561,73728,144,15243380,29787,14445399,28226,301608,590,300032,586,4510511,8822,4208903,8232,1487578,3029,0,0,35038628,70859,33551050,67830,0,0,0,0,0,0,0,0,2587167,373760,1473349,54792519,20127651,True,1.0,0.045332755031624074,0.01554074055587748,0.060873495587501554,0.0063627260828887046,0.954667244968376,0.01554074055587748,0.8887209836172572,0.01358447806707409,0.0012551130903232515,0.2594966061573845,0.2459121280903104,0.005134442124379004,0.0051076129925654535,0.07678495822682047,0.07165051610244146,0.025323874520899545,0.0,0.5964822139454048,0.5711583394245052,0.0,0.0,0.0,0.0,0.04404279471235264,0.0063627260828887046,0.0250816462743418,0.9327637783296098,0.34264429046709366,matched,217004,90803,7537,50849,18659,13905,4690,0.2734567051466106,0.25135323436411383,39953,13435,41743341568,14020917248,0.7857184998721706
conversation_trace,0.0025,1.0,"l1=0.0025,l2x1",next_use,1,1,pi1,lru,464360509,learned,464360509,tree,union,5183,58742117,117184,3228120,2662942,565178,5203,1105,897,458871,275832,43183,232649,35727,0,655655599685.6321,0,prefix_first,sampled,16,1,onpolicy,268376,0.0,0,0,61998937593.855995,109815,1398308864,89301604378.62402,127171,2225537024,125662751977.47208,153088,3276447744,171007033229.31198,133120,3981889536,125522560473.08797,41984,2832631808,82162712033.28003,0,2039326720,2960,32962016,65773,1517568,373117,1890685,729,257536,503,52.25881028175354,5183,7,56079175,111981,565178,1105,52470639,104803,0,0,909185,1778,166007,325,16534893,32309,15625708,30531,187396,367,292864,572,3481605,6811,3294209,6444,1487906,3031,0,0,35038628,70859,33550722,67828,0,0,0,0,0,0,0,0,2584487,458871,1555452,55055126,20475369,True,1.0,0.045332755031624074,0.009621342043222583,0.05495409707484666,0.0078116183657459945,0.954667244968376,0.009621342043222583,0.8932371129899864,0.015477566121765752,0.0028260302569619684,0.28148275623093394,0.2660051901091682,0.003190147198814779,0.004985588108784026,0.05926931438306862,0.05607916718425385,0.025329458248840437,0.0,0.5964822139454048,0.5711527556965643,0.0,0.0,0.0,0.0,0.04399717156942096,0.0078116183657459945,0.026479331686326525,0.9372342845594074,0.34856368897974854,not_applicable_to_updated_policy,232649,96137,7009,35727,13831,12490,4586,0.34959554398634085,0.33157400043380814,65281,20103,67987148800,20994197504,1.8272175105662385
conversation_trace,0.0025,1.0,"l1=0.0025,l2x1",next_use,1,2,pi2,lru,464360509,learned,464360509,tree,union,5183,58742117,117184,3166945,2662942,504003,5203,985,739,378368,275832,46216,229616,39133,0,655313962110.976,0,prefix_first,sampled,16,1,onpolicy,268749,0.0,0,0,52574426869.759995,89088,1236996096,81623327737.85603,112835,1998819328,119969632813.05603,146432,3070355456,173554679244.79996,117248,3887941632,137951202047.9999,38400,2873683968,89640693397.504,0,2036561920,2960,32962016,65773,1517568,329728,1847296,644,248832,486,52.140124797821045,5183,4,56079175,111981,504003,985,52610507,105078,0,0,938233,1835,157696,308,16734256,32699,15796023,30864,162179,318,220672,431,3423920,6699,3261741,6381,1485885,3026,0,0,35038628,70859,33552743,67833,0,0,0,0,0,0,0,0,2586297,378368,1478780,55196804,20536544,True,1.0,0.045332755031624074,0.008579925711563987,0.05391268074318806,0.006441170651033908,0.954667244968376,0.008579925711563987,0.8956181643913174,0.01597206651575053,0.0026845474431913987,0.28487662438178724,0.26890455786603673,0.002760864066237177,0.0037566232078425094,0.058287310278585976,0.0555264462123488,0.025295053632472933,0.0,0.5964822139454048,0.5711871603129318,0.0,0.0,0.0,0.0,0.04402798421446064,0.006441170651033908,0.025174101233021617,0.939646148605778,0.34960510531140715,not_applicable_to_updated_policy,229616,96604,6641,39133,13647,12519,4016,0.31990902818593003,0.29427713050487286,71052,20188,74118256640,21098983424,1.815654307106534
conversation_trace,0.0025,1.0,"l1=0.0025,l2x1",next_use,1,3,pi3,lru,464360509,learned,464360509,tree,union,5183,58742117,117184,3069034,2662942,406092,5203,794,1254,641524,275832,48665,227167,41466,0,655420220000.256,0,prefix_first,sampled,16,1,onpolicy,268633,0.0,0,0,41454709426.17602,69513,1185751040,70475046461.44,92867,2042048512,113440742432.768,116736,3245406208,178806456324.09598,96768,4432089088,144277733365.75992,30208,3523848192,106965531990.01605,0,2671298560,2960,32962016,65773,1517568,259584,1777152,507,363389,710,51.95600485801697,5183,5,56079175,111981,406092,794,52445332,104755,0,0,935620,1830,213885,418,16242106,31739,15306486,29909,167672,328,427639,836,3750825,7335,3583153,7007,1482935,3020,0,0,35038628,70859,33555693,67839,0,0,0,0,0,0,0,0,2586227,641524,1744816,55031559,20634455,True,1.0,0.045332755031624074,0.006913131850525577,0.05224588688214965,0.010921022815708191,0.954667244968376,0.006913131850525577,0.8928062977369372,0.01592758395139215,0.0036410843007241294,0.27649847893633117,0.260570894984939,0.002854374485686309,0.007279938514984062,0.06385239742040622,0.060998022934719905,0.025244834128126503,0.0,0.5964822139454048,0.5712373798172783,0.0,0.0,0.0,0.0,0.04402679256520496,0.010921022815708191,0.02970298125278665,0.9368330903021421,0.35127189917244556,not_applicable_to_updated_policy,227167,94645,6755,41466,15279,14658,5135,0.35349442917088697,0.33608220433274427,95873,30230,99897640960,31574515712,2.3120870110451937
conversation_trace,0.0025,1.0,"l1=0.0025,l2x1",next_use,2,0,pi0,lru,464360509,learned,464360509,tree,union,5183,58742117,117184,3569182,2662942,906240,5203,1770,715,366080,275832,59096,216736,51131,0,655045722873.856,0,prefix_first,sampled,16,2,onpolicy,267867,0.0,0,0,76822435760.12799,157184,2378524672,107897529038.84796,190976,3448401920,140015061891.07205,231424,4653033472,161400893863.93597,191488,4945371136,123169655427.072,114688,3461429248,45740146892.80001,20480,2329978880,2960,32962016,65773,1517568,628736,2146304,1228,171008,334,52.21921515464783,5183,3,56079175,111981,906240,1770,52220115,104316,0,0,797065,1559,66048,129,15170425,29644,14373360,28085,302454,592,300032,586,4597802,8993,4295348,8401,1487221,3029,0,0,35038628,70859,33551407,67830,0,0,0,0,0,0,0,0,2586740,366080,1465599,54806855,20134307,True,1.0,0.045332755031624074,0.015427431735223297,0.06076018676684737,0.006231985135980033,0.954667244968376,0.015427431735223297,0.8889723024452796,0.013568884485385502,0.0011243721434145793,0.2582546522795561,0.2446857677941706,0.0051488440568119125,0.0051076129925654535,0.07827096187221172,0.0731221178153998,0.025317797109695585,0.0,0.5964822139454048,0.5711644168357092,0.0,0.0,0.0,0.0,0.044035525651893004,0.006231985135980033,0.024949713678177447,0.9330078280971726,0.34275759928774785,matched,216736,90709,7523,51131,18781,14045,4780,0.27468658934892726,0.25451253926840955,40583,13956,42398523392,14577680384,0.7937063620895347
conversation_trace,0.0025,1.0,"l1=0.0025,l2x1",next_use,2,1,pi1,lru,464360509,learned,464360509,tree,union,5183,58742117,117184,3218407,2662942,555465,5203,1086,949,485495,275832,42852,232980,35419,0,655640225955.8403,0,prefix_first,sampled,16,2,onpolicy,268399,0.0,0,0,62009321517.05602,108294,1396893696,90085253652.48001,130755,2205757440,126431256262.65602,159744,3286722560,169922708291.58414,126464,4002226176,124456703111.16801,30208,2875154432,82734983120.89609,0,1980489728,2960,32962016,65773,1517568,367997,1885565,719,270848,529,52.59053063392639,5183,6,56079175,111981,555465,1086,52453417,104769,0,0,917847,1795,181367,355,16515942,32271,15598095,30476,180255,353,304128,594,3483645,6816,3303390,6463,1486696,3029,0,0,35038628,70859,33551932,67830,0,0,0,0,0,0,0,0,2584798,485495,1583597,55038215,20485082,True,1.0,0.045332755031624074,0.009455992197216863,0.05478874722884094,0.008264853648362724,0.954667244968376,0.009455992197216863,0.892943933225968,0.015625024205375506,0.0030875121507793124,0.2811601427303003,0.2655351185249248,0.0030685819511748276,0.005177341497583412,0.05930404244709124,0.05623546049591641,0.025308859740278,0.0,0.5964822139454048,0.5711733542051268,0.0,0.0,0.0,0.0,0.04400246589682834,0.008264853648362724,0.026958459804913057,0.9369463991227963,0.3487290388257543,not_applicable_to_updated_policy,232980,96125,6987,35419,13811,12373,4555,0.34933227928512944,0.32980957208022593,64899,20301,67604606976,21193385984,1.8323216352804992
conversation_trace,0.0025,1.0,"l1=0.0025,l2x1",next_use,2,2,pi2,lru,464360509,learned,464360509,tree,union,5183,58742117,117184,3148001,2662942,485059,5203,948,725,370807,275832,44593,231239,37525,0,655376953694.2079,0,prefix_first,sampled,16,2,onpolicy,268764,0.0,0,0,51893388054.527985,89600,1214648320,81006929332.22397,108227,1928992768,118087964375.04005,138752,2937489408,172112279207.93588,110592,3644428288,147729377941.50403,37888,2735693824,84547014782.976,0,1889249280,2960,32962016,65773,1517568,327168,1844736,639,231424,452,52.25818681716919,5183,4,56079175,111981,485059,948,52636718,105129,0,0,938110,1835,140288,274,16883880,32991,15945770,31156,162884,319,230519,451,3300801,6458,3137917,6139,1485597,3025,0,0,35038628,70859,33553031,67834,0,0,0,0,0,0,0,0,2586591,370807,1471801,55223309,20555488,True,1.0,0.045332755031624074,0.00825743137585593,0.053590186407480006,0.0063124555078598885,0.954667244968376,0.00825743137585593,0.8960643689433256,0.015969972617772697,0.0023882012968650754,0.2874237576422382,0.2714537850244655,0.002772865676597934,0.003924254210994813,0.056191386497017125,0.05341852082041919,0.025290150846963858,0.0,0.5964822139454048,0.571192063098441,0.0,0.0,0.0,0.0,0.04403298914133449,0.0063124555078598885,0.025055293802230517,0.9400973580846601,0.34992759964711523,not_applicable_to_updated_policy,231239,97335,6625,37525,12966,12046,3757,0.3210126582278481,0.28975782816597256,62077,17253,64606799872,18017239040,1.6542838107928048
conversation_trace,0.0025,1.0,"l1=0.0025,l2x1",next_use,2,3,pi3,lru,464360509,learned,464360509,tree,union,5183,58742117,117184,3071082,2662942,408140,5203,798,1277,653300,275832,49862,225970,42644,0,655383689580.5441,0,prefix_first,sampled,16,2,onpolicy,268614,0.0,0,0,41324886048.76802,66953,1191413760,70995377491.96805,93379,2059581440,114668513363.968,119296,3361570816,176388798115.8401,98304,4484716544,142684300853.24796,30208,3620624384,109321813706.75194,0,2737723392,2960,32962016,65773,1517568,268288,1785856,524,367997,719,52.36767506599426,5183,5,56079175,111981,408140,798,52431532,104728,0,0,942849,1844,342004,669,16175277,31604,15232428,29760,160955,315,311296,608,3803830,7443,3642875,7128,1482399,3019,0,0,35038628,70859,33556229,67840,0,0,0,0,0,0,0,0,2586203,653300,1757104,55017735,20632407,True,1.0,0.045332755031624074,0.006947996103034557,0.05228075113465863,0.01112149226763482,0.954667244968376,0.006947996103034557,0.8925713725979607,0.016050647272382097,0.005822125886269983,0.27536081139193536,0.25931016411955327,0.0027400272278236075,0.005299366381364839,0.06475473126036639,0.062014704032542785,0.025235709499540168,0.0,0.5964822139454048,0.5712465044458647,0.0,0.0,0.0,0.0,0.04402638399974587,0.01112149226763482,0.029912166767840524,0.9365977565977065,0.3512370349199366,not_applicable_to_updated_policy,225970,94269,6775,42644,15631,14976,5130,0.35118656786417785,0.32819397351417057,97309,29693,101318492160,30988539904,2.2818919425945032
conversation_trace,0.0025,1.0,"l1=0.0025,l2x1",next_use,3,0,pi0,lru,464360509,learned,464360509,tree,union,5183,58742117,117184,3572766,2662942,909824,5203,1777,705,360960,275832,59126,216706,51176,0,655071116683.2638,0,prefix_first,sampled,16,3,onpolicy,267882,0.0,0,0,78652341325.82396,153600,2311985152,106270162483.19995,187904,3463086080,139281023870.97592,232448,4671780864,161214519971.83997,203264,4989988864,123605445470.20804,123392,3382519808,46047623561.215996,9216,2329751552,2960,32962016,65773,1517568,636928,2154496,1244,165376,323,51.92823243141174,5183,3,56079175,111981,909824,1777,52221216,104319,0,0,807696,1580,69632,136,15179699,29662,14372003,28082,293359,574,291328,569,4590064,8978,4296705,8404,1486120,3026,0,0,35038628,70859,33552508,67833,0,0,0,0,0,0,0,0,2587175,360960,1462015,54808391,20130723,True,1.0,0.045332755031624074,0.015488444177114011,0.06082119920873808,0.006144824504707585,0.954667244968376,0.015488444177114011,0.8889910453857154,0.0137498619602014,0.001185384585305293,0.25841252878237264,0.24466266682217122,0.00499401477137775,0.004959439919402292,0.07813923355877692,0.07314521878739917,0.02529905416925985,0.0,0.5964822139454048,0.571183159776145,0.0,0.0,0.0,0.0,0.044042930900839,0.006144824504707585,0.024888701236286736,0.9330339762865544,0.34269658684585713,matched,216706,90780,7508,51176,18713,14093,4776,0.2753829920275129,0.2552236413188692,40550,13833,42378172416,14450905088,0.7923636079412224
conversation_trace,0.0025,1.0,"l1=0.0025,l2x1",next_use,3,1,pi1,lru,464360509,learned,464360509,tree,union,5183,58742117,117184,3273310,2662942,610368,5203,1194,831,425472,275832,44621,231211,37202,0,655520698912.7678,0,prefix_first,sampled,16,3,onpolicy,268413,0.0,0,0,64046294108.159996,110854,1486264320,91524460677.12,133827,2326417408,127352686032.89594,164864,3391758336,171381185232.896,146944,4146368512,121282349154.30397,53879,2913644544,79933723707.39195,0,2090037248,2960,32962016,65773,1517568,391549,1909117,765,245248,479,52.31186294555664,5183,7,56079175,111981,610368,1194,52459964,104780,0,0,895554,1752,112128,219,16358504,31966,15462950,30214,199684,391,313344,612,3646203,7131,3446519,6740,1488133,3033,0,0,35038628,70859,33550495,67826,0,0,0,0,0,0,0,0,2583371,425472,1520710,55043335,20430179,True,1.0,0.045332755031624074,0.010390636755566708,0.05572339178719078,0.0072430484587404295,0.954667244968376,0.010390636755566708,0.8930553864784955,0.015245517964563653,0.0019088178248666114,0.2784799873657941,0.26323446940123046,0.003399332713868654,0.005334230633873819,0.06207135844286987,0.05867202572900122,0.02533332259714099,0.0,0.5964822139454048,0.5711488913482639,0.0,0.0,0.0,0.0,0.0439781732755733,0.0072430484587404295,0.025887899137172737,0.9370335597540688,0.34779439426740444,not_applicable_to_updated_policy,231211,95482,6973,37202,14464,12886,4686,0.3463792269232837,0.3239767699115044,66745,22270,69564715008,23260399616,1.7941239718294715
conversation_trace,0.0025,1.0,"l1=0.0025,l2x1",next_use,3,2,pi2,lru,464360509,learned,464360509,tree,union,5183,58742117,117184,3128426,2662942,465484,5203,910,782,399860,275832,45449,230383,38367,0,655466405859.3279,0,prefix_first,sampled,16,3,onpolicy,268750,0.0,0,0,49798250973.18399,84873,1192677376,79350070661.11998,105155,1947508736,119178869600.25603,132096,3042172928,175472841785.34393,105472,3784595456,144860672098.30402,37888,2894503936,86805700741.11998,0,2001788928,2960,32962016,65773,1517568,294912,1812480,576,262013,512,52.9786696434021,5183,5,56079175,111981,465484,910,52627716,105111,0,0,939990,1838,154612,303,16720763,32671,15780773,30833,161766,317,245248,479,3454440,6759,3292674,6442,1484359,3023,0,0,35038628,70859,33554269,67836,0,0,0,0,0,0,0,0,2586115,399860,1501616,55213831,20575063,True,1.0,0.045332755031624074,0.007924195173285974,0.053256950204910045,0.006807041019648645,0.954667244968376,0.007924195173285974,0.8959111228490454,0.016001976912068047,0.002632046781698385,0.2846469254759749,0.26864494856390686,0.002753833335628677,0.00417499423795026,0.05880686935406158,0.05605303601843291,0.02526907567869915,0.0,0.5964822139454048,0.5712131382667056,0.0,0.0,0.0,0.0,0.044024885926395876,0.006807041019648645,0.02556285126734537,0.9399360087754413,0.35026083584968515,not_applicable_to_updated_policy,230383,96867,6639,38367,13415,12590,4017,0.3281465843042198,0.2994409243384271,66454,19349,69151522816,20199487488,1.7320614069382543
conversation_trace,0.0025,1.0,"l1=0.0025,l2x1",next_use,3,3,pi3,lru,464360509,learned,464360509,tree,union,5183,58742117,117184,3081191,2662942,418249,5203,818,1229,628855,275832,49681,226151,42501,0,655398398531.5841,0,prefix_first,sampled,16,3,onpolicy,268652,0.0,0,0,42763248082.944016,75014,1229090816,71723030956.032,95939,2073305088,114088088397.824,118784,3273005056,176613026287.61615,98304,4419788800,144681596995.58392,30208,3540596736,105529407811.58397,0,2619609088,2960,32962016,65773,1517568,267645,1785213,523,364544,712,52.978381395339966,5183,6,56079175,111981,418249,818,52446156,104757,0,0,932741,1824,292983,573,16209966,31673,15277225,29849,170039,333,335872,656,3783477,7402,3613438,7069,1483135,3020,0,0,35038628,70859,33555493,67839,0,0,0,0,0,0,0,0,2585915,628855,1731635,55032071,20622298,True,1.0,0.045332755031624074,0.007120087279115256,0.05245284231073933,0.010705351323991268,0.954667244968376,0.007120087279115256,0.8928203251510326,0.015878573119862193,0.004987613912518679,0.275951341692367,0.2600727685725048,0.002894669254089021,0.00571773741147259,0.06440825072749762,0.061513581473408595,0.025248238840285583,0.0,0.5964822139454048,0.5712339751051192,0.0,0.0,0.0,0.0,0.044021481214236796,0.010705351323991268,0.029478593697942482,0.9368418063652694,0.3510649437438559,not_applicable_to_updated_policy,226151,94581,6737,42501,15348,14941,5062,0.3515446695371874,0.3298149596038572,95152,29032,99108386816,30303582208,2.2388179101668197
conversation_trace,0.0025,1.0,"l1=0.0025,l2x1",next_use,4,0,pi0,lru,464360509,learned,464360509,tree,union,5183,58742117,117184,3541022,2662942,878080,5203,1715,792,405504,275832,59233,216599,51241,0,655052364183.5518,0,prefix_first,sampled,16,4,onpolicy,267840,0.0,0,0,77738944733.18398,154624,2342363136,106908091981.82393,190464,3417636864,138031448811.52005,224768,4718411776,162073335250.94394,205312,4987011072,123155600756.73595,101888,3437037568,47144942649.34398,1024,2303571968,2960,32962016,65773,1517568,610816,2128384,1193,196096,383,52.006895780563354,5183,3,56079175,111981,878080,1715,52208573,104294,0,0,811159,1587,66048,129,15196020,29693,14384861,28106,289384,566,339456,663,4560943,8922,4271559,8356,1486475,3027,0,0,35038628,70859,33552153,67832,0,0,0,0,0,0,0,0,2587018,405504,1506047,54795591,20162467,True,1.0,0.045332755031624074,0.014948048263224835,0.06028080329484891,0.006903121996777882,0.954667244968376,0.014948048263224835,0.8887758165065791,0.01380881455123587,0.0011243721434145793,0.25869037031811437,0.24488155576687848,0.0049263461172160345,0.005778749853363303,0.07764349044485408,0.07271714432763804,0.02530509753334222,0.0,0.5964822139454048,0.5711771164120626,0.0,0.0,0.0,0.0,0.04404025820179412,0.006903121996777882,0.025638282665229786,0.9328160747083732,0.3432369827597463,matched,216599,90720,7550,51241,18748,13935,4712,0.27195019613200366,0.25133347557072755,40764,14344,42591326208,14985451520,0.7955348256279151
conversation_trace,0.0025,1.0,"l1=0.0025,l2x1",next_use,4,1,pi1,lru,464360509,learned,464360509,tree,union,5183,58742117,117184,3263975,2662942,601033,5203,1175,813,415863,275832,42903,232929,35462,0,655588300877.824,0,prefix_first,sampled,16,4,onpolicy,268391,0.0,0,0,64006502225.92003,111366,1402546176,91181594785.79202,134339,2220113920,128080342269.95192,167424,3273453568,169963505876.99194,146432,3946151936,123827797409.79199,41472,2739230720,78528558309.37604,0,1978925056,2960,32962016,65773,1517568,398717,1916285,779,220160,430,52.1750705242157,5183,6,56079175,111981,601033,1175,52477559,104816,0,0,909651,1779,135287,265,16539206,32320,15629555,30541,186915,366,280576,548,3484445,6814,3297530,6448,1488154,3032,0,0,35038628,70859,33550474,67827,0,0,0,0,0,0,0,0,2584720,415863,1512429,55062279,20439514,True,1.0,0.045332755031624074,0.010231721815541649,0.05556447684716572,0.007079469063057431,0.954667244968376,0.010231721815541649,0.8933549160306905,0.015485499101096407,0.00230306646932728,0.2815561788486445,0.2660706797475481,0.0031819588660721913,0.004776402593730151,0.05931766129572756,0.05613570242965537,0.025333680091917696,0.0,0.5964822139454048,0.5711485338534871,0.0,0.0,0.0,0.0,0.044001138059086294,0.007079469063057431,0.02574692703022603,0.9373560540897768,0.3479533092074295,not_applicable_to_updated_policy,232929,96296,6996,35462,13691,12264,4462,0.34583497828661663,0.32590753049448545,61644,19282,64205619200,20119691264,1.7383114319553326
conversation_trace,0.0025,1.0,"l1=0.0025,l2x1",next_use,4,2,pi2,lru,464360509,learned,464360509,tree,union,5183,58742117,117184,3164571,2662942,501629,5203,980,744,380218,275832,44934,230898,37820,0,655398210981.8881,0,prefix_first,sampled,16,4,onpolicy,268718,0.0,0,0,49512854958.08001,86909,1182386176,79310094440.448,111104,1951447040,119919402348.54405,143872,3012489216,174662187094.01605,118784,3770134528,143131526895.61594,40960,2767833088,88862145245.18402,0,2033184768,2960,32962016,65773,1517568,334717,1852285,654,237568,464,52.37284255027771,5183,4,56079175,111981,501629,980,52610606,105078,0,0,945409,1849,118903,233,16757715,32745,15812306,30896,156740,307,261315,511,3400985,6653,3244245,6346,1484573,3023,0,0,35038628,70859,33554055,67836,0,0,0,0,0,0,0,0,2586722,380218,1482367,55197328,20538918,True,1.0,0.045332755031624074,0.008539511778235708,0.05387226680985978,0.006472664238505398,0.954667244968376,0.008539511778235708,0.8956198497238361,0.01609422758801832,0.0020241524492554466,0.28527598009448657,0.26918175250646825,0.0026682729190709966,0.0044485117892499515,0.05789687491174348,0.05522860199267248,0.025272718720709367,0.0,0.5964822139454048,0.5712094952246954,0.0,0.0,0.0,0.0,0.04403521922779868,0.006472664238505398,0.025235164745594715,0.9396550689516349,0.3496455192447354,not_applicable_to_updated_policy,230898,96980,6671,37820,13270,12453,3997,0.3292702273929138,0.30120572720422006,69167,19280,72056258560,20139694080,1.8288471708090956
conversation_trace,0.0025,1.0,"l1=0.0025,l2x1",next_use,4,3,pi3,lru,464360509,learned,464360509,tree,union,5183,58742117,117184,3139690,2662942,476748,5203,932,1055,539636,275832,49974,225858,42794,0,655435106168.832,0,prefix_first,sampled,16,4,onpolicy,268652,0.0,0,0,41317332340.73601,77193,1170731008,70425445001.216,107203,2077614080,112603452987.39201,135680,3307470848,177627425054.7201,111616,4345546752,144739997415.42395,45056,3541776384,108721453369.34395,0,2662170624,2960,32962016,65773,1517568,299520,1817088,585,317309,620,52.444846868515015,5183,5,56079175,111981,476748,932,52476647,104816,0,0,942337,1843,278135,544,16218227,31690,15275890,29847,159931,313,261501,511,3805936,7445,3646005,7132,1483876,3022,0,0,35038628,70859,33554752,67837,0,0,0,0,0,0,0,0,2586144,539636,1641904,55062791,20563799,True,1.0,0.045332755031624074,0.00811594856208536,0.053448703593709436,0.009186526253386475,0.954667244968376,0.00811594856208536,0.8933393905432452,0.016041931209254852,0.004734848081828579,0.2760919733280978,0.2600500421188429,0.0027225951015691177,0.004451678171557896,0.06479058287940151,0.06206798777783239,0.025260853298834974,0.0,0.5964822139454048,0.5712213606465698,0.0,0.0,0.0,0.0,0.044025379609658945,0.009186526253386475,0.027951052564210446,0.9373647701529041,0.35006908246088575,not_applicable_to_updated_policy,225858,94641,6736,42794,15346,15140,5136,0.3537879141935785,0.3346800469177636,97524,30105,101533214720,31440275456,2.2789176052717672
conversation_trace,0.0025,4.0,"l1=0.0025,l2x4",binary,0,0,pi0,lru,464360509,learned,1857442038,tree,union,5183,58742117,117184,5761566,2662942,3098624,5203,6052,1635,837120,275832,111342,164490,90927,0,2624130144557.056,0,prefix_first,sampled,16,0,onpolicy,255417,0.0,0,0,343412711946.24,467968,4571926528,444492167061.50397,540672,6918903808,570692739758.0802,648704,9403334656,613835677362.1763,702976,10261897216,402989836912.64,442368,7195617280,248707011516.41586,295936,4909056000,2960,32962016,65773,1517568,1906176,3423744,3723,485376,948,55.923726081848145,5183,3,56079175,111981,3098624,6052,49565570,99114,0,0,569411,1116,119808,234,9932174,19413,9362763,18297,467460,914,717312,1401,7172629,14022,6705169,13108,1540990,3150,0,0,35038628,70859,33497638,67709,0,0,0,0,0,0,0,0,2577861,837120,1873991,52143431,17941923,True,1.0,0.045332755031624074,0.05274961404608554,0.0980823690777096,0.01425076321304525,0.954667244968376,0.05274961404608554,0.8437824942536545,0.009693402776069511,0.0020395587717752833,0.16908096791949123,0.1593875651434217,0.007957833729417685,0.012211204441269967,0.12210368584434912,0.11414585211493143,0.026233136950103448,0.0,0.5964822139454048,0.5702490769953014,0.0,0.0,0.0,0.0,0.043884373455590646,0.01425076321304525,0.03190199971853245,0.8876668677092452,0.3054354169768856,unavailable_for_cell,164490,69835,18644,90927,34455,33937,12429,0.37323347300581783,0.3607313887679582,116492,42278,121821091840,44192749568,1.2811596115565234
conversation_trace,0.0025,4.0,"l1=0.0025,l2x4",binary,0,1,pi1,lru,464360509,learned,1857442038,tree,union,5183,58742117,117184,4815770,2662942,2152828,5203,4205,2060,1054108,275832,90319,185513,71915,0,2624085120649.215,0,prefix_first,sampled,16,0,onpolicy,257428,0.0,0,0,181666816659.45593,235388,2677889024,297191493623.80786,321024,4229715968,471372896184.3199,463872,6281422848,644250223458.3033,463872,7532570624,563332135899.1361,356864,5700044800,466271554824.1919,311808,4431089664,2960,32962016,65773,1517568,1250304,2767872,2442,696537,1361,54.41847014427185,5183,4,56079175,111981,2152828,4205,50287347,100537,0,0,735485,1440,44227,87,12240920,23921,11505435,22481,362625,709,1009881,1973,5592691,10936,5230066,10227,1486782,3030,0,0,35038628,70859,33551846,67829,0,0,0,0,0,0,0,0,2584892,1054108,2152218,52872239,18887719,True,1.0,0.045332755031624074,0.036648798340039396,0.08198155337166346,0.017944671622917505,0.954667244968376,0.036648798340039396,0.8560697088938759,0.01252057361160477,0.0007529010232981559,0.2083840458116278,0.19586347220002304,0.006173168733431926,0.01719177059961935,0.09520751524838643,0.08903434651495451,0.025310323766506406,0.0,0.5964822139454048,0.5711718901788984,0.0,0.0,0.0,0.0,0.0440040661115431,0.017944671622917505,0.036638413967954205,0.9000737750054191,0.32153623268293174,not_applicable_to_updated_policy,185513,81615,16633,71915,24101,28227,8246,0.3925050406730168,0.3421434795236712,152009,32818,158597238784,34215325696,2.1137314885628866
conversation_trace,0.0025,4.0,"l1=0.0025,l2x4",binary,0,2,pi2,lru,464360509,learned,1857442038,tree,union,5183,58742117,117184,4744734,2662942,2081792,5203,4066,3118,1596416,275832,95555,180277,75567,0,2624145514737.664,0,prefix_first,sampled,16,0,onpolicy,255844,0.0,0,0,136836614725.63199,226816,2525345792,250630301845.50415,311296,4383395840,434657554993.15216,437760,7053062144,646972702425.088,515584,9189421056,585194209665.0238,375808,7586545664,569854131083.264,214528,6239819776,2960,32962016,65773,1517568,1318912,2836480,2576,838144,1637,54.1739342212677,5183,3,56079175,111981,2081792,4066,49815766,99617,0,0,748185,1465,205824,402,11004968,21511,10256783,20046,340860,666,1390592,2716,6357371,12427,6016511,11761,1496156,3049,0,0,35038628,70859,33542472,67810,0,0,0,0,0,0,0,0,2585201,1596416,2685461,52400967,18958755,True,1.0,0.045332755031624074,0.035439512675377365,0.08077226770700144,0.027176684830749292,0.954667244968376,0.035439512675377365,0.8480417210704204,0.01273677283370635,0.00350385737715241,0.18734374179943158,0.17460696896572522,0.005802650932720045,0.02367282745359688,0.1082250917174129,0.10242244078469287,0.025469902625402486,0.0,0.5964822139454048,0.5710123113200023,0.0,0.0,0.0,0.0,0.04400932639182888,0.027176684830749292,0.04571610859717568,0.8920510474622493,0.3227455183475938,not_applicable_to_updated_policy,180277,75811,18217,75567,28983,31093,11156,0.41146267550650417,0.38491529517303247,261462,74156,273710043136,77622614016,3.4600023819921395
conversation_trace,0.0025,4.0,"l1=0.0025,l2x4",binary,0,3,pi3,lru,464360509,learned,1857442038,tree,union,5183,58742117,117184,4665886,2662942,2002944,5203,3912,1661,850432,275832,89106,186726,71888,0,2624062651256.832,0,prefix_first,sampled,16,0,onpolicy,258614,0.0,0,0,161607530156.03204,186880,2359023616,277602089209.8561,276480,3849164800,450021696897.02374,423936,5964439552,622609721712.64,425984,7413528576,614345771335.6802,354304,6035257344,497875841945.60016,335360,4705077248,2960,32962016,65773,1517568,1159168,2676736,2264,560128,1094,54.18894624710083,5183,3,56079175,111981,2002944,3912,50640435,101228,0,0,769753,1507,34816,68,12715603,24850,11945850,23343,329761,645,815616,1593,5471568,10699,5141807,10054,1485850,3028,0,0,35038628,70859,33552778,67831,0,0,0,0,0,0,0,0,2585364,850432,1949946,53225799,19037603,True,1.0,0.045332755031624074,0.03409723895378166,0.07942999398540573,0.014477380854353615,0.954667244968376,0.03409723895378166,0.8620805239280022,0.013103936992941538,0.0005926922926526465,0.21646484072067065,0.2033609037277291,0.0056137064314519,0.013884688561700968,0.0931455704941652,0.0875318640627133,0.025294457807845092,0.0,0.5964822139454048,0.5711877561375597,0.0,0.0,0.0,0.0,0.04401210123223853,0.014477380854353615,0.03319502427874705,0.9060926251602407,0.3240877920691895,not_applicable_to_updated_policy,186726,82118,15447,71888,24289,28277,8334,0.39334798575561986,0.343118283996871,190083,41899,198401159168,43767138304,2.6441547963498775
conversation_trace,0.0025,4.0,"l1=0.0025,l2x4",binary,1,0,pi0,lru,464360509,learned,1857442038,tree,union,5183,58742117,117184,5749278,2662942,3086336,5203,6028,1686,863232,275832,111196,164636,90739,0,2624137305022.463,0,prefix_first,sampled,16,1,onpolicy,255375,0.0,0,0,341782180689.92,471552,4567875584,444482513272.83203,550400,6891945984,571355112024.0635,654848,9443778560,616067929114.6237,682496,10292103168,402361253558.2718,431616,7175878656,248088316362.7519,295424,4982888448,2960,32962016,65773,1517568,1886720,3404288,3685,520192,1016,54.844768047332764,5183,3,56079175,111981,3086336,6028,49551867,99087,0,0,563648,1105,124928,244,9890056,19333,9326408,18228,472068,923,738304,1442,7200923,14075,6728855,13152,1542024,3152,0,0,35038628,70859,33496604,67707,0,0,0,0,0,0,0,0,2577740,863232,1898948,52129607,17954211,True,1.0,0.045332755031624074,0.05254042853103166,0.09787318356265573,0.014695282432534734,0.954667244968376,0.05254042853103166,0.8435492204000752,0.009595295995205621,0.0021267194030477315,0.16836396958591057,0.15876867359070496,0.008036278297562888,0.012568563029487003,0.12258535047349417,0.11454907217593129,0.026250739311965893,0.0,0.5964822139454048,0.5702314746334389,0.0,0.0,0.0,0.0,0.0438823136047344,0.014695282432534734,0.03232685672530324,0.8874315340048096,0.3056446024919395,unavailable_for_cell,164636,69766,18686,90739,34497,33925,12369,0.3738745192254709,0.3585529176450126,118579,42896,124008126464,44837009408,1.3068140490858395
conversation_trace,0.0025,4.0,"l1=0.0025,l2x4",binary,1,1,pi1,lru,464360509,learned,1857442038,tree,union,5183,58742117,117184,4924826,2662942,2261884,5203,4418,1816,929792,275832,89535,186297,71145,0,2624115360886.784,0,prefix_first,sampled,16,1,onpolicy,257442,0.0,0,0,188627131381.75992,243580,2656100352,303436665139.1997,337408,4207443968,474392485457.92017,496128,6181916672,638151493103.6156,499712,7348813824,563339607535.6165,368640,5589610496,456167978268.6725,316416,4221931520,2960,32962016,65773,1517568,1289728,2807296,2519,659456,1288,54.506003856658936,5183,4,56079175,111981,2261884,4418,50302512,100568,0,0,722248,1413,55296,108,12354652,24145,11632404,22732,374913,733,874496,1708,5494219,10743,5119306,10010,1487826,3033,0,0,35038628,70859,33550802,67826,0,0,0,0,0,0,0,0,2584987,929792,2026953,52887499,18778663,True,1.0,0.045332755031624074,0.038505319786142536,0.08383807481776662,0.01582837063907656,0.954667244968376,0.038505319786142536,0.8563278711933382,0.012295232737356061,0.0009413348177424385,0.21032016942801024,0.19802493669065416,0.006382354248485801,0.01488703582133412,0.0935311711697418,0.087148816921256,0.025328096363976805,0.0,0.5964822139454048,0.571154117581428,0.0,0.0,0.0,0.0,0.044005683349818664,0.01582837063907656,0.03450595762491842,0.9003335545431568,0.3196797112368286,not_applicable_to_updated_policy,186297,82266,16619,71145,23482,27965,7994,0.3930704898446834,0.3404309684013287,146772,31575,153108695040,32909692928,2.062998102466793
conversation_trace,0.0025,4.0,"l1=0.0025,l2x4",binary,1,2,pi2,lru,464360509,learned,1857442038,tree,union,5183,58742117,117184,4799518,2662942,2136576,5203,4173,3012,1541827,275832,95012,180820,75034,0,2624146275055.6167,0,prefix_first,sampled,16,1,onpolicy,255854,0.0,0,0,146611000229.88806,239104,2555246592,260656931065.85614,327680,4342712320,442029139933.18396,454144,7102097408,653456194140.1602,519680,9124241408,575724920918.0161,380928,7458115584,545668088768.51227,215040,6153857024,2960,32962016,65773,1517568,1341952,2859520,2621,809984,1582,54.738155126571655,5183,3,56079175,111981,2136576,4173,49816087,99616,0,0,746781,1462,191683,375,11115152,21727,10368371,20265,342776,670,1350144,2637,6246992,12210,5904216,11540,1495128,3048,0,0,35038628,70859,33543500,67811,0,0,0,0,0,0,0,0,2584685,1541827,2631384,52400772,18903971,True,1.0,0.045332755031624074,0.03637213142999256,0.08170488646161662,0.0262473856704892,0.954667244968376,0.03637213142999256,0.8480471856334357,0.01271287175434961,0.0032631272039446587,0.18921946582211194,0.1765065940677623,0.005835268075204032,0.02298425846654454,0.10634604810037745,0.10051078002517343,0.025452402404904814,0.0,0.5964822139454048,0.5710298115405,0.0,0.0,0.0,0.0,0.044000542234458456,0.0262473856704892,0.04479552550004284,0.8920477278678942,0.3218128995929786,not_applicable_to_updated_policy,180820,76053,18207,75034,28743,30523,10887,0.406788922355199,0.3787704832480952,244403,71193,255811895296,74500587520,3.257230055708079
conversation_trace,0.0025,4.0,"l1=0.0025,l2x4",binary,1,3,pi3,lru,464360509,learned,1857442038,tree,union,5183,58742117,117184,4626462,2662942,1963520,5203,3835,1805,924160,275832,88483,187349,71143,0,2624108487827.4556,0,prefix_first,sampled,16,1,onpolicy,258492,0.0,0,0,154829027012.60803,179712,2347431936,274800829118.46396,269312,3932694528,451922331043.8401,414720,6075435008,619990853253.1196,415744,7455795200,615018086778.8799,348672,6077872128,507547360620.5438,335360,4709001216,2960,32962016,65773,1517568,1125888,2643456,2199,611328,1194,54.810742139816284,5183,3,56079175,111981,1963520,3835,50605848,101161,0,0,761761,1491,61440,120,12575019,24575,11813258,23084,338036,661,862720,1685,5577848,10907,5239812,10246,1485850,3028,0,0,35038628,70859,33552778,67831,0,0,0,0,0,0,0,0,2585647,924160,2023957,53191495,19077027,True,1.0,0.045332755031624074,0.033426102092983814,0.07875885712460788,0.015732493944676865,0.954667244968376,0.033426102092983814,0.8614917300307716,0.012967884695064701,0.001045927575269376,0.21407160044981013,0.20110371575474545,0.0057545763970338355,0.01468656636940749,0.09495483453550031,0.08920025813846648,0.025294457807845092,0.0,0.5964822139454048,0.5711877561375597,0.0,0.0,0.0,0.0,0.04401691889994363,0.015732493944676865,0.034454955036775405,0.9055086489307153,0.3247589289299873,not_applicable_to_updated_policy,187349,81863,15569,71143,24478,28371,8500,0.398788355846675,0.3472505923686576,200260,43156,209120782336,45074368512,2.814893945996092
conversation_trace,0.0025,4.0,"l1=0.0025,l2x4",binary,2,0,pi0,lru,464360509,learned,1857442038,tree,union,5183,58742117,117184,5685790,2662942,3022848,5203,5904,1775,908800,275832,111291,164541,90875,0,2624125922895.872,0,prefix_first,sampled,16,2,onpolicy,255416,0.0,0,0,339328180254.72,460800,4580560896,444770013401.08777,536064,6948984832,573037545910.2725,641536,9466357760,618459408093.1841,663040,10283825152,401437818232.8318,428544,7135524864,247092957003.77594,292864,4870889472,2960,32962016,65773,1517568,1840128,3357696,3594,548352,1071,55.78910541534424,5183,3,56079175,111981,3022848,5904,49568957,99122,0,0,564818,1107,114176,223,9865543,19283,9300725,18176,474613,928,794624,1552,7243356,14160,6768743,13232,1539139,3145,0,0,35038628,70859,33499489,67714,0,0,0,0,0,0,0,0,2578570,908800,1948231,52147527,18017699,True,1.0,0.045332755031624074,0.051459636703253306,0.09679239173487737,0.015471012050859522,0.954667244968376,0.051459636703253306,0.8438401530540686,0.009615213561336239,0.0019436820773755907,0.16794667104013292,0.15833145747879668,0.00807960325978718,0.013527329973483932,0.12330771122872539,0.1152281079689382,0.026201626339071166,0.0,0.5964822139454048,0.5702805876063336,0.0,0.0,0.0,0.0,0.04389644316019459,0.015471012050859522,0.03316582887198294,0.8877365962142632,0.30672539431971785,unavailable_for_cell,164541,69809,18645,90875,34489,34067,12393,0.3748775790921596,0.35933196091507436,117956,42648,123375052800,44588945408,1.2980027510316368
conversation_trace,0.0025,4.0,"l1=0.0025,l2x4",binary,2,1,pi1,lru,464360509,learned,1857442038,tree,union,5183,58742117,117184,4759318,2662942,2096376,5203,4095,2099,1074371,275832,89918,185914,71554,0,2624102706716.671,0,prefix_first,sampled,16,2,onpolicy,257468,0.0,0,0,179165472903.16794,225016,2630404096,292345284524.0318,323584,4171880448,471784929961.9835,460800,6225956864,643999625816.0641,458240,7533840384,565668542025.7277,322048,5738883072,471138851485.69586,306688,4487405568,2960,32962016,65773,1517568,1223168,2740736,2389,709632,1386,55.2498664855957,5183,5,56079175,111981,2096376,4095,50323396,100609,0,0,740278,1449,66243,130,12266221,23970,11525943,22521,357756,699,1008128,1969,5603579,10958,5245823,10259,1486998,3030,0,0,35038628,70859,33551630,67829,0,0,0,0,0,0,0,0,2585032,1074371,2172405,52908428,18944171,True,1.0,0.045332755031624074,0.035687784286017474,0.08102053931764155,0.018289620035314695,0.954667244968376,0.035687784286017474,0.8566833912369893,0.012602167538497123,0.0011276917377696823,0.20881475892331222,0.1962125913848151,0.006090281015919123,0.017161928297545013,0.09539286777832676,0.08930258676240763,0.025314000855638213,0.0,0.5964822139454048,0.5711682130897666,0.0,0.0,0.0,0.0,0.04400644941005446,0.018289620035314695,0.036982068589730945,0.9006898406470437,0.3224972467369537,not_applicable_to_updated_policy,185914,81652,16593,71554,24136,27947,8168,0.3905721552953014,0.33841564468014584,154436,32571,161137516544,33968105472,2.1583140006149204
conversation_trace,0.0025,4.0,"l1=0.0025,l2x4",binary,2,2,pi2,lru,464360509,learned,1857442038,tree,union,5183,58742117,117184,4677150,2662942,2014208,5203,3934,3203,1639936,275832,95309,180523,75411,0,2624120211838.976,0,prefix_first,sampled,16,2,onpolicy,255934,0.0,0,0,134864583354.36804,227840,2477193216,250968469712.89606,315904,4366553088,431721847658.49585,443904,7075024896,648304575768.5762,500224,9128226816,585570547484.6719,344576,7538575360,572690187859.9679,181760,6137640960,2960,32962016,65773,1517568,1208320,2725888,2360,925184,1807,55.146044969558716,5183,3,56079175,111981,2014208,3934,49839592,99664,0,0,765081,1498,190976,373,11113903,21721,10348822,20223,326524,638,1448960,2830,6272500,12264,5945976,11626,1493834,3044,0,0,35038628,70859,33544794,67815,0,0,0,0,0,0,0,0,2585439,1639936,2731541,52425031,19026339,True,1.0,0.045332755031624074,0.03428899234258105,0.07962174737420512,0.027917550196565097,0.954667244968376,0.03428899234258105,0.8484473244299316,0.01302440291690543,0.003251091546462311,0.18919820339467847,0.17617380047777303,0.005558601165157191,0.024666458650102786,0.10678028508914651,0.10122168392398932,0.025430373917235568,0.0,0.5964822139454048,0.5710518400281692,0.0,0.0,0.0,0.0,0.044013377999298185,0.027917550196565097,0.04650055427862772,0.8924607024292298,0.3238960386803901,not_applicable_to_updated_policy,180523,76042,18127,75411,28800,30919,11038,0.41000649772579595,0.3832638888888889,254466,72178,266301306880,75527028736,3.374388351831961
conversation_trace,0.0025,4.0,"l1=0.0025,l2x4",binary,2,3,pi3,lru,464360509,learned,1857442038,tree,union,5183,58742117,117184,4583966,2662942,1921024,5203,3752,1764,903168,275832,88676,187156,71479,0,2624107449972.736,0,prefix_first,sampled,16,2,onpolicy,258635,0.0,0,0,156018936535.03995,171008,2307860480,273802820081.664,262144,3846299648,451119649964.0321,412160,5972506624,630801773561.856,404992,7328442368,615893792573.4398,330752,6019063808,496470477256.7042,339968,4682934272,2960,32962016,65773,1517568,1119232,2636800,2186,592896,1158,54.503769636154175,5183,3,56079175,111981,1921024,3752,50669256,101285,0,0,769828,1506,58368,114,12692080,24803,11922252,23297,330273,646,844800,1650,5524275,10803,5194002,10157,1485626,3028,0,0,35038628,70859,33553002,67831,0,0,0,0,0,0,0,0,2585727,903168,2003269,53254983,19119523,True,1.0,0.045332755031624074,0.0327026688534225,0.07803542388504657,0.015375135356459829,0.954667244968376,0.0327026688534225,0.8625711599736864,0.013105213760001193,0.0009936311965059073,0.21606439550008047,0.20295918174007926,0.005622422494579145,0.014381504159953921,0.09404283131300835,0.0884204088184292,0.025290644530226922,0.0,0.5964822139454048,0.5711915694151779,0.0,0.0,0.0,0.0,0.04401828078480726,0.015375135356459829,0.03410277161104017,0.9065894407584936,0.3254823621695486,not_applicable_to_updated_policy,187156,82275,15426,71479,24190,28440,8380,0.3978790973572658,0.34642414220752377,200061,42467,208820170752,44352051200,2.798877992137551
conversation_trace,0.0025,4.0,"l1=0.0025,l2x4",binary,3,0,pi0,lru,464360509,learned,1857442038,tree,union,5183,58742117,117184,5789726,2662942,3126784,5203,6107,1596,817152,275832,111354,164478,90887,0,2624131671812.096,0,prefix_first,sampled,16,3,onpolicy,255365,0.0,0,0,339947237720.0642,465920,4576897024,445119644491.77594,551424,6907203584,573815597637.6317,665088,9484167168,618048476059.6483,705024,10235604992,401116847114.24,443904,7175542784,246083868788.736,295424,4870002688,2960,32962016,65773,1517568,1926144,3443712,3762,478720,935,55.78646731376648,5183,3,56079175,111981,3126784,6107,49557504,99098,0,0,558711,1095,107520,210,9872654,19297,9313943,18202,478641,936,709632,1386,7223957,14122,6745316,13186,1540383,3149,0,0,35038628,70859,33498245,67710,0,0,0,0,0,0,0,0,2577735,817152,1854504,52135239,17913763,True,1.0,0.045332755031624074,0.053228997518084,0.09856175254970807,0.013910836751082702,0.954667244968376,0.053228997518084,0.8436451822122788,0.009511250675558731,0.0018303732567214082,0.168067725580949,0.1585564749053903,0.008148174162671053,0.012080463494361295,0.12297747117285542,0.11482929701018436,0.02622280364870064,0.0,0.5964822139454048,0.5702594102967041,0.0,0.0,0.0,0.0,0.04388222848693042,0.013910836751082702,0.03157026158931248,0.8875274106992093,0.30495603350488715,unavailable_for_cell,164478,69850,18696,90887,34425,34038,12433,0.3745090056883823,0.3611619462599855,116924,41837,122261266432,43721656320,1.2864766138171575
conversation_trace,0.0025,4.0,"l1=0.0025,l2x4",binary,3,1,pi1,lru,464360509,learned,1857442038,tree,union,5183,58742117,117184,4849562,2662942,2186620,5203,4271,2058,1053696,275832,91103,184729,72559,0,2624089271646.208,0,prefix_first,sampled,16,3,onpolicy,257288,0.0,0,0,187082565384.19205,250236,2698000384,296091452450.8161,343552,4291620864,469132906891.264,487424,6342965248,643256924506.112,480768,7627192320,563259124015.1039,339968,5733148672,465266298398.72003,284672,4412854272,2960,32962016,65773,1517568,1272832,2790400,2486,713728,1394,54.753254413604736,5183,4,56079175,111981,2186620,4271,50254014,100473,0,0,720237,1410,81408,159,12075628,23601,11355391,22191,376337,736,972288,1899,5724603,11192,5348266,10456,1488271,3033,0,0,35038628,70859,33550357,67826,0,0,0,0,0,0,0,0,2584845,1053696,2150270,52838859,18853927,True,1.0,0.045332755031624074,0.037224058506437556,0.08255681353806163,0.0179376579158698,0.954667244968376,0.037224058506437556,0.8555022625418829,0.012260998356596511,0.0013858540372319234,0.20557018740063454,0.19330918904403802,0.006406595799058451,0.016551803878637878,0.09745312720002924,0.09104653140097078,0.025335671848530757,0.0,0.5964822139454048,0.571146542096874,0.0,0.0,0.0,0.0,0.04400326600418572,0.0179376579158698,0.03660525207152476,0.8995055285460686,0.3209609725165336,not_applicable_to_updated_policy,184729,81412,16773,72559,24241,28474,8343,0.392425474441489,0.3441689699269832,149690,32994,156240609280,34407731200,2.063010791218181
conversation_trace,0.0025,4.0,"l1=0.0025,l2x4",binary,3,2,pi2,lru,464360509,learned,1857442038,tree,union,5183,58742117,117184,4782110,2662942,2119168,5203,4139,2954,1512131,275832,95952,179880,76062,0,2624115214149.632,0,prefix_first,sampled,16,3,onpolicy,255942,0.0,0,0,136275582595.07199,223232,2534696960,252243369994.23996,320512,4434544640,432881684533.2478,452096,7089350656,652376461619.2002,533504,9253963776,583773617270.7836,375808,7501084672,566564498137.0881,214016,6235222016,2960,32962016,65773,1517568,1329664,2847232,2597,785408,1534,54.367295265197754,5183,3,56079175,111981,2119168,4139,49862403,99708,0,0,760915,1490,211139,413,11024968,21546,10264053,20056,330620,646,1300992,2541,6384280,12483,6053660,11837,1493938,3044,0,0,35038628,70859,33544690,67815,0,0,0,0,0,0,0,0,2585473,1512131,2603666,52447876,18921379,True,1.0,0.045332755031624074,0.036075785283666235,0.08140854031529031,0.025741854009109,0.954667244968376,0.036075785283666235,0.8488356488752354,0.012953482762631793,0.003594337602779961,0.18768421301533958,0.17473073025270777,0.0056283296701751485,0.02214751640632904,0.10868317871485633,0.10305484904468118,0.02543214436755829,0.0,0.5964822139454048,0.5710500695778465,0.0,0.0,0.0,0.0,0.04401395680036523,0.025741854009109,0.044323666441915946,0.8928496056756007,0.3221092457393049,not_applicable_to_updated_policy,179880,75748,18118,76062,29138,31287,11255,0.4113354894691173,0.3862653579518155,261394,74526,273557835776,77989945344,3.436591201914228
conversation_trace,0.0025,4.0,"l1=0.0025,l2x4",binary,3,3,pi3,lru,464360509,learned,1857442038,tree,union,5183,58742117,117184,4578846,2662942,1915904,5203,3742,1946,996352,275832,88869,186963,71478,0,2624077987532.8,0,prefix_first,sampled,16,3,onpolicy,258441,0.0,0,0,157359821869.05588,183296,2289559552,271239588405.2479,266240,3827347456,451486785595.392,412160,5993889792,626209439666.1759,407040,7350155264,615865142966.2717,336384,6080868352,501917209030.6564,310784,4781565952,2960,32962016,65773,1517568,1139712,2657280,2226,637440,1245,54.77773189544678,5183,3,56079175,111981,1915904,3742,50581729,101113,0,0,777633,1522,100352,196,12631845,24685,11854212,23163,321140,628,896000,1750,5496446,10749,5175306,10121,1486417,3030,0,0,35038628,70859,33552211,67829,0,0,0,0,0,0,0,0,2585190,996352,2095125,53166919,19124643,True,1.0,0.045332755031624074,0.03261550822215004,0.07794826325377412,0.016961458845618383,0.954667244968376,0.03261550822215004,0.8610811387679473,0.01323808265200929,0.0017083483729399811,0.21503898131556953,0.20180089866356024,0.005466946313834757,0.015253110472678402,0.09356908263963316,0.0881021363257984,0.025304110166816086,0.0,0.5964822139454048,0.5711781037785887,0.0,0.0,0.0,0.0,0.04400913913266013,0.016961458845618383,0.03566648781146243,0.9050902779006075,0.3255695228008211,not_applicable_to_updated_policy,186963,82113,15620,71478,24180,28337,8329,0.3964436609865973,0.3444582299421009,204667,41822,213631719424,43671394304,2.8633565572623745
conversation_trace,0.0025,4.0,"l1=0.0025,l2x4",binary,4,0,pi0,lru,464360509,learned,1857442038,tree,union,5183,58742117,117184,5732894,2662942,3069952,5203,5996,1694,867328,275832,111495,164337,91003,0,2624135655690.24,0,prefix_first,sampled,16,4,onpolicy,255340,0.0,0,0,340000679469.05615,471040,4542277632,444216058746.87994,551936,6906277888,572259334541.3119,657408,9439004672,616026465789.9523,697344,10392643584,404370368966.65607,443904,7190140928,247262748176.38376,248320,4883011584,2960,32962016,65773,1517568,1840640,3358208,3595,550400,1075,55.71124243736267,5183,3,56079175,111981,3069952,5996,49563960,99111,0,0,565827,1109,127488,249,9876380,19305,9310553,18196,470020,919,739840,1445,7226887,14127,6756867,13208,1542088,3152,0,0,35038628,70859,33496540,67707,0,0,0,0,0,0,0,0,2577935,867328,1903175,52141895,17970595,True,1.0,0.045332755031624074,0.052261514510959825,0.0975942695425839,0.014765010937552694,0.954667244968376,0.052261514510959825,0.8437550863207739,0.009632390334178797,0.0021702997186839553,0.16813115536847267,0.1584987650342939,0.008001414045053909,0.012594711218868737,0.12302735020598593,0.11502593616093203,0.0262518288198568,0.0,0.5964822139454048,0.570230385125548,0.0,0.0,0.0,0.0,0.0438856331990895,0.014765010937552694,0.0323988153167854,0.8876407195198635,0.30592351651201133,unavailable_for_cell,164337,69750,18721,91003,34538,34049,12367,0.3741525004670176,0.3580693728646708,118329,41973,123743150080,43873187840,1.3002758150830191
conversation_trace,0.0025,4.0,"l1=0.0025,l2x4",binary,4,1,pi1,lru,464360509,learned,1857442038,tree,union,5183,58742117,117184,4782490,2662942,2119548,5203,4140,2102,1076224,275832,90643,185189,72357,0,2624073986519.041,0,prefix_first,sampled,16,4,onpolicy,257546,0.0,0,0,189572753143.80804,228732,2698545152,300987837696.0001,328704,4250128384,474135570008.06415,471552,6217959424,638675485970.4327,457216,7513595904,559188283867.1359,333312,5679716352,461514055833.6001,300032,4335575040,2960,32962016,65773,1517568,1183744,2701312,2312,768512,1501,54.2948784828186,5183,4,56079175,111981,2119548,4140,50297932,100560,0,0,714961,1399,50688,99,12256967,23952,11542006,22553,383224,749,1025536,2003,5587808,10928,5204584,10179,1487286,3031,0,0,35038628,70859,33551342,67828,0,0,0,0,0,0,0,0,2585471,1076224,2174409,52883403,18920999,True,1.0,0.045332755031624074,0.03608225423676848,0.08141500926839255,0.01832116469346857,0.954667244968376,0.03608225423676848,0.8562499032848953,0.01217118204983998,0.0008628902495972353,0.20865722289171157,0.1964860408418716,0.00652383706225637,0.01745827444387134,0.0951243892010225,0.08860055213876612,0.02531890364114729,0.0,0.5964822139454048,0.5711633103042575,0.0,0.0,0.0,0.0,0.04401392275324364,0.01832116469346857,0.03701618380556492,0.9002638260381389,0.32210277678620264,not_applicable_to_updated_policy,185189,81775,16514,72357,23963,28283,8172,0.3908813245435825,0.3410257480282102,151899,31902,158498179072,33279485952,2.0992993075998174
conversation_trace,0.0025,4.0,"l1=0.0025,l2x4",binary,4,2,pi2,lru,464360509,learned,1857442038,tree,union,5183,58742117,117184,4774942,2662942,2112000,5203,4125,3054,1563648,275832,96825,179007,76786,0,2624135393161.2163,0,prefix_first,sampled,16,4,onpolicy,255793,0.0,0,0,137394087239.67993,229888,2532771840,252741930133.50403,328192,4383518720,433697451479.0401,462848,7128832000,650870683242.4958,521728,9282916352,584285608589.3121,371712,7578890240,565145632477.1841,197632,6255290368,2960,32962016,65773,1517568,1320448,2838016,2579,824320,1610,54.999823808670044,5183,3,56079175,111981,2112000,4125,49818262,99622,0,0,762521,1493,202752,396,10993101,21488,10230580,19995,328060,641,1360896,2658,6371798,12455,6043738,11814,1494684,3046,0,0,35038628,70859,33543944,67813,0,0,0,0,0,0,0,0,2585265,1563648,2654229,52403527,18928547,True,1.0,0.045332755031624074,0.03595376039988481,0.08128651543150887,0.026618856790605622,0.954667244968376,0.03595376039988481,0.8480842118781657,0.012980822601269206,0.003451560998388941,0.18714172320347255,0.17416090060220335,0.005584749354538925,0.023167295792216682,0.10847069062900815,0.10288594127446922,0.025444843943911655,0.0,0.5964822139454048,0.5710373700014931,0.0,0.0,0.0,0.0,0.04401041589971979,0.026618856790605622,0.045184428746413756,0.8920946277778855,0.3222312706230863,not_applicable_to_updated_policy,179007,75657,18268,76786,29143,31595,11080,0.41146823639725993,0.3801942147342415,264986,75059,277365309440,78541975552,3.4509676243065144
conversation_trace,0.0025,4.0,"l1=0.0025,l2x4",binary,4,3,pi3,lru,464360509,learned,1857442038,tree,union,5183,58742117,117184,4564510,2662942,1901568,5203,3714,1830,936643,275832,88647,187185,71451,0,2624072359358.4634,0,prefix_first,sampled,16,4,onpolicy,258636,0.0,0,0,154936732846.07996,168960,2287013888,276654884306.94403,268800,3860860928,453011251607.5517,407552,5994332160,628790298632.192,404480,7395043328,612818893000.7037,330240,6014048256,497860298964.9921,321536,4689776640,2960,32962016,65773,1517568,1092608,2610176,2134,629760,1230,54.04944038391113,5183,3,56079175,111981,1901568,3714,50655013,101257,0,0,776006,1518,99523,195,12651366,24723,11875360,23205,324607,635,837120,1635,5550970,10855,5226363,10220,1485338,3027,0,0,35038628,70859,33553290,67832,0,0,0,0,0,0,0,0,2585951,936643,2037256,53240964,19138979,True,1.0,0.045332755031624074,0.03237145845458719,0.07770421348621126,0.015944999054085845,0.954667244968376,0.03237145845458719,0.8623286933972775,0.013210385318595174,0.0016942358410405945,0.21537129824585655,0.20216091292726138,0.0055259669991124085,0.01425076321304525,0.09449727526844155,0.08897130826932914,0.02528574174471785,0.0,0.5964822139454048,0.5711964722006869,0.0,0.0,0.0,0.0,0.04402209406242543,0.015944999054085845,0.03468135137179343,0.9063507874597029,0.32581357256838395,not_applicable_to_updated_policy,187185,82227,15424,71451,24206,28489,8438,0.39872080166827617,0.34859125836569443,200184,43041,208944521216,44949624832,2.801696267372045
conversation_trace,0.0025,4.0,"l1=0.0025,l2x4",next_use,0,0,pi0,lru,464360509,learned,1857442038,tree,union,5183,58742117,117184,5823006,2662942,3160064,5203,6172,1546,791235,275832,98123,177709,76782,0,2624135049519.104,0,prefix_first,sampled,16,0,onpolicy,254491,0.0,0,0,267249802876.92798,421376,3616161792,384197296377.85596,532480,5635016704,527197965154.30426,684032,7801401344,638360278818.8163,736768,8832727040,469180954644.47955,486400,6184357888,337948751646.7201,299008,4405551104,2960,32962016,65773,1517568,1840640,3358208,3595,440832,861,57.10841202735901,5183,3,56079175,111981,3160064,6172,49545511,99083,0,0,656218,1285,134851,264,11562146,22596,10905928,21311,418405,818,656384,1282,5527102,10808,5108697,9990,1507742,3077,0,0,35038628,70859,33530886,67782,0,0,0,0,0,0,0,0,2582365,791235,1865858,52127876,17880483,True,1.0,0.045332755031624074,0.053795541621354914,0.09912829665297898,0.01346963712594832,0.954667244968376,0.053795541621354914,0.8434410186476595,0.0111711670180358,0.0022956441968204856,0.19682889535629094,0.18565772833825517,0.0071227429545993376,0.011173992929127834,0.09409095691937694,0.08696821396477761,0.02566713760077799,0.0,0.5964822139454048,0.5708150763446268,0.0,0.0,0.0,0.0,0.043961047573413126,0.01346963712594832,0.03176354709858346,0.8874020662210726,0.3043894894016162,unavailable_for_cell,177709,76320,19570,76782,27941,25476,8667,0.33179651480815814,0.31018932751154216,87601,29565,91485515776,30850426880,1.1409054205412728
conversation_trace,0.0025,4.0,"l1=0.0025,l2x4",next_use,0,1,pi1,lru,464360509,learned,1857442038,tree,union,5183,58742117,117184,5595085,2662942,2932143,5203,5730,1575,806400,275832,96023,179809,75895,0,2624074166786.049,0,prefix_first,sampled,16,0,onpolicy,255704,0.0,0,0,243456920467.4561,368643,3248553984,366797124882.43195,482101,5089040384,529592261761.02423,650752,7384225792,646807364632.5763,700416,8646035456,476619872376.8321,457335,6387363840,360800622665.7282,272896,4652615680,2960,32962016,65773,1517568,1820655,3338223,3557,408064,797,56.68523979187012,5183,11,56079175,111981,2932143,5730,49760116,99504,0,0,670876,1313,119808,234,11317290,22116,10646414,20803,402085,786,686592,1341,5984714,11701,5582629,10915,1507555,3073,0,0,35038628,70859,33531073,67786,0,0,0,0,0,0,0,0,2580516,806400,1879361,52340632,18108404,True,1.0,0.045332755031624074,0.04991551462130655,0.09524826965293062,0.013727799425410562,0.954667244968376,0.04991551462130655,0.8470943599121564,0.011420698372174772,0.0020395587717752833,0.1926605743541725,0.18123987598199773,0.00684491844241841,0.011688240653635279,0.10188114262208153,0.09503622417966312,0.02566395419490925,0.0,0.5964822139454048,0.5708182597504955,0.0,0.0,0.0,0.0,0.043929571009502434,0.013727799425410562,0.03199341624000374,0.8910239309216588,0.3082695164016646,not_applicable_to_updated_policy,179809,77323,18354,75895,27348,29169,9859,0.38433361881546874,0.3605016820242797,132295,39414,138278404096,41184301056,1.7431319586270506
conversation_trace,0.0025,4.0,"l1=0.0025,l2x4",next_use,0,2,pi2,lru,464360509,learned,1857442038,tree,union,5183,58742117,117184,5447774,2662942,2784832,5203,5440,1937,991351,275832,94634,181198,74261,0,2623968878915.5835,0,prefix_first,sampled,16,0,onpolicy,255459,0.0,0,0,227399847301.11993,341373,3117064192,352106059462.65594,459459,4881516544,513672950949.88806,622592,7090849792,653974762797.0558,673792,8552222720,501057262356.47986,449536,6436950016,375757996048.38385,238080,4726120448,2960,32962016,65773,1517568,1665917,3183485,3254,540160,1055,56.62520098686218,5183,5,56079175,111981,2784832,5440,49722046,99426,0,0,686041,1343,126976,248,11478862,22432,10792821,21089,386534,756,864375,1689,5785502,11313,5398968,10557,1508371,3079,0,0,35038628,70859,33530257,67780,0,0,0,0,0,0,0,0,2580946,991351,2063926,52302992,18255715,True,1.0,0.045332755031624074,0.04740775685697538,0.09274051188859946,0.016876324018080587,0.954667244968376,0.04740775685697538,0.8464462729526755,0.011678860671637013,0.002161583655556711,0.19541110511900686,0.18373224444736985,0.006580185048489145,0.014714740362523878,0.0984898450289083,0.09190965998041915,0.0256778454205183,0.0,0.5964822139454048,0.5708043685248865,0.0,0.0,0.0,0.0,0.04393689114064445,0.016876324018080587,0.035135369738206745,0.89038316409332,0.31077727416599576,not_applicable_to_updated_policy,181198,77847,18602,74261,26755,28451,9500,0.38312169240920535,0.35507381797794807,149245,43414,156160921600,45377683456,2.0097359313771697
conversation_trace,0.0025,4.0,"l1=0.0025,l2x4",next_use,0,3,pi3,lru,464360509,learned,1857442038,tree,union,5183,58742117,117184,5411290,2662942,2748348,5203,5370,1893,968823,275832,96167,179665,76007,0,2624011596744.705,0,prefix_first,sampled,16,0,onpolicy,255672,0.0,0,0,226521774815.23203,342663,3120969728,351930439469.0563,461109,4931852288,517809929947.1362,634880,7192045568,644925361321.9843,667136,8675280896,500455746103.2963,450048,6497839104,382368345088.00006,192512,4665874432,2960,32962016,65773,1517568,1584111,3101679,3095,570880,1115,56.61689066886902,5183,9,56079175,111981,2748348,5370,49780954,99544,0,0,694948,1360,102912,201,11500665,22475,10805717,21115,382497,748,865911,1692,5822711,11384,5440214,10636,1503605,3066,0,0,35038628,70859,33535023,67793,0,0,0,0,0,0,0,0,2581050,968823,2046268,52362004,18292199,True,1.0,0.045332755031624074,0.04678666926491601,0.09211942429654008,0.016492817240481815,0.954667244968376,0.04678666926491601,0.847449096872011,0.01183048952764164,0.001751928688576205,0.19578226981502897,0.18395178028738732,0.006511460933558115,0.014740888551905612,0.09912327470254434,0.09261181376898622,0.02559671112976742,0.0,0.5964822139454048,0.5708855028156373,0.0,0.0,0.0,0.0,0.043938661590967175,0.016492817240481815,0.03483476770168157,0.8913877584629781,0.31139836175805513,not_applicable_to_updated_policy,179665,77565,18389,76007,27153,29538,9734,0.3886221005959977,0.35848709166574594,145892,43000,152254658560,44905592832,1.9194547870590866
conversation_trace,0.0025,4.0,"l1=0.0025,l2x4",next_use,1,0,pi0,lru,464360509,learned,1857442038,tree,union,5183,58742117,117184,5832222,2662942,3169280,5203,6190,1493,764099,275832,98014,177818,76724,0,2624090367143.936,0,prefix_first,sampled,16,1,onpolicy,254542,0.0,0,0,269675310000.12827,408576,3697354752,385443468759.0399,526336,5607352320,527393536296.95984,699392,7860082688,639904481091.584,763904,8911521792,466746224994.304,492032,6227251200,334927346001.92004,279040,4420196352,2960,32962016,65773,1517568,1865216,3382784,3643,419328,819,57.041348457336426,5183,3,56079175,111981,3169280,6190,49563364,99118,0,0,657726,1288,144067,282,11586079,22644,10928353,21356,415361,812,620032,1211,5521089,10795,5105728,9983,1509345,3080,0,0,35038628,70859,33529283,67779,0,0,0,0,0,0,0,0,2582432,764099,1837186,52145796,17871267,True,1.0,0.045332755031624074,0.05395243075764532,0.0992851857892694,0.013007685780204347,0.954667244968376,0.05395243075764532,0.8437449402785399,0.011196838547715263,0.002452533333110892,0.19723632023680726,0.186039481689092,0.00707092323553814,0.010555152447093454,0.0939885942483142,0.08691767101277606,0.025694426368733016,0.0,0.5964822139454048,0.5707877875766718,0.0,0.0,0.0,0.0,0.043962188151986416,0.013007685780204347,0.03127544756345775,0.8877071284305262,0.30423260026532584,unavailable_for_cell,177818,76043,19519,76724,28252,25334,8754,0.33019654866795267,0.30985416961631035,87466,29908,91323443200,31203766272,1.1400083415880298
conversation_trace,0.0025,4.0,"l1=0.0025,l2x4",next_use,1,1,pi1,lru,464360509,learned,1857442038,tree,union,5183,58742117,117184,5602253,2662942,2939311,5203,5744,1463,749056,275832,96246,179586,76237,0,2624075058620.415,0,prefix_first,sampled,16,1,onpolicy,255823,0.0,0,0,247337270833.15186,361987,3336478720,374569852780.54407,480565,5317427200,527482894063.6158,646656,7417843712,643514021978.1119,699904,8806139904,475025876768.7679,466039,6484463616,356145142196.22375,284160,4743415808,2960,32962016,65773,1517568,1791471,3309039,3500,439296,858,56.86577224731445,5183,11,56079175,111981,2939311,5744,49811396,99602,0,0,664413,1300,137728,269,11097341,21687,10432928,20387,408036,798,611328,1194,6254839,12228,5846803,11430,1506963,3074,0,0,35038628,70859,33531665,67785,0,0,0,0,0,0,0,0,2579412,749056,1821505,52390808,18101236,True,1.0,0.045332755031624074,0.05003753950508798,0.09537029453671204,0.012751600355159144,0.954667244968376,0.05003753950508798,0.8479673281097445,0.011310675098754101,0.0023446209812288516,0.18891625918078506,0.17760558408203095,0.006946225652711835,0.010406979373930293,0.10647963198193895,0.09953340632922712,0.025653876246918374,0.0,0.5964822139454048,0.5708283376984864,0.0,0.0,0.0,0.0,0.04391077699838431,0.012751600355159144,0.03100850110662508,0.8918781051081288,0.3081474915178832,not_applicable_to_updated_policy,179586,76666,18235,76237,28105,29717,10226,0.38979760483754605,0.3638498487813556,134579,40977,140667809792,42818381824,1.7652714561171086
conversation_trace,0.0025,4.0,"l1=0.0025,l2x4",next_use,1,2,pi2,lru,464360509,learned,1857442038,tree,union,5183,58742117,117184,5360222,2662942,2697280,5203,5269,2057,1052791,275832,93715,182117,73432,0,2624035501250.5596,0,prefix_first,sampled,16,1,onpolicy,255549,0.0,0,0,220907907043.328,330621,3020576768,344486197442.56,455363,4778692608,510049314062.33575,617984,7126894592,651844769183.7435,676352,8515577856,510306811858.9438,438272,6393413632,386440501659.64825,178688,4701370368,2960,32962016,65773,1517568,1567613,3085181,3062,599552,1171,56.65849590301514,5183,5,56079175,111981,2697280,5269,49748218,99477,0,0,701282,1373,118391,232,11494765,22465,10793483,21092,374582,733,934400,1825,5795711,11331,5421129,10598,1505022,3072,0,0,35038628,70859,33533606,67787,0,0,0,0,0,0,0,0,2580886,1052791,2128655,52329104,18343267,True,1.0,0.045332755031624074,0.04591731006221652,0.0912500650938406,0.017922251593349963,0.954667244968376,0.04591731006221652,0.8468918135858127,0.011938316761719704,0.0020154363861282017,0.1956818308063361,0.1837435140446164,0.006376719449862523,0.015906815207221762,0.09866363856106854,0.09228691911120603,0.025620833515414502,0.0,0.5964822139454048,0.5708613804299902,0.0,0.0,0.0,0.0,0.04393586972699673,0.017922251593349963,0.03623728780493219,0.8908276833128095,0.3122677209607546,not_applicable_to_updated_policy,182117,78146,18512,73432,26508,28492,9564,0.3880052293278135,0.3607967406066093,147575,43103,154330636288,45038006272,2.0096824272796603
conversation_trace,0.0025,4.0,"l1=0.0025,l2x4",next_use,1,3,pi3,lru,464360509,learned,1857442038,tree,union,5183,58742117,117184,5567448,2662942,2904506,5203,5674,1654,846057,275832,95246,180586,74975,0,2623994748143.6157,0,prefix_first,sampled,16,1,onpolicy,255561,0.0,0,0,238452120580.0959,359159,3248080896,363769487425.53595,468163,5083412480,520557405143.0402,637952,7229978624,641103916498.9435,697856,8515207168,492954130302.9761,479232,6287374336,367157688193.0243,262144,4523864064,2960,32962016,65773,1517568,1673085,3190653,3268,501362,980,56.793625354766846,5183,7,56079175,111981,2904506,5674,49747376,99477,0,0,684053,1339,110592,216,11494692,22463,10810639,21124,390169,763,735465,1438,5795292,11331,5405123,10568,1507014,3074,0,0,35038628,70859,33531614,67785,0,0,0,0,0,0,0,0,2581236,846057,1920279,52328612,18136041,True,1.0,0.045332755031624074,0.04944503447160408,0.09477778950322815,0.014402902775873739,0.954667244968376,0.04944503447160408,0.846877479747623,0.011645017832775759,0.001882669635484877,0.19568058808639804,0.1840355702536223,0.006642065691980423,0.012520233140388862,0.09865650568909527,0.09201443999711485,0.025654744448518937,0.0,0.5964822139454048,0.5708274694968859,0.0,0.0,0.0,0.0,0.04394182797327512,0.014402902775873739,0.03268998630062992,0.8908193077208981,0.3087399965513671,not_applicable_to_updated_policy,180586,77792,18499,74975,26859,28814,9515,0.3843147715905302,0.35425741837000635,130882,38717,136837558272,40441696256,1.745675225075025
conversation_trace,0.0025,4.0,"l1=0.0025,l2x4",next_use,2,0,pi0,lru,464360509,learned,1857442038,tree,union,5183,58742117,117184,5789214,2662942,3126272,5203,6106,1622,830147,275832,97628,178204,76286,0,2624111434506.2397,0,prefix_first,sampled,16,2,onpolicy,254490,0.0,0,0,268019090395.1359,403968,3642738688,384231508547.5842,524800,5556717568,527749715470.3359,688128,7823288320,641628825325.5681,743424,8835198976,468771719923.71204,479744,6184974336,333710574843.9038,286208,4390221824,2960,32962016,65773,1517568,1822720,3340288,3560,480768,939,57.033414363861084,5183,3,56079175,111981,3126272,6106,49540251,99073,0,0,668339,1309,172227,337,11583820,22640,10915481,21331,408332,798,657920,1285,5500308,10754,5091976,9956,1505834,3073,0,0,35038628,70859,33532794,67786,0,0,0,0,0,0,0,0,2582505,830147,1906818,52122756,17914275,True,1.0,0.045332755031624074,0.053220281454956754,0.09855303648658083,0.014132057923618926,0.954667244968376,0.053220281454956754,0.8433514747178757,0.011377509598436843,0.002931916805109356,0.19719786401297046,0.18582035441453362,0.006951264626707274,0.011200141118509569,0.093634827631425,0.08668356300471772,0.025634656646780368,0.0,0.5964822139454048,0.5708475572986245,0.0,0.0,0.0,0.0,0.04396343087192448,0.014132057923618926,0.03246083214876304,0.8873149055898002,0.3049647495680144,unavailable_for_cell,178204,76369,19570,76286,27880,25269,8619,0.3312403324332119,0.30914634146341463,88131,29300,92051253248,30581710848,1.1552709540413706
conversation_trace,0.0025,4.0,"l1=0.0025,l2x4",next_use,2,1,pi1,lru,464360509,learned,1857442038,tree,union,5183,58742117,117184,5634509,2662942,2971567,5203,5807,1469,752128,275832,94777,181055,74617,0,2624064563621.8877,0,prefix_first,sampled,16,2,onpolicy,255672,0.0,0,0,242909118294.016,369155,3199655936,364166962208.76794,475957,5035323392,523116157622.2719,664064,7355387904,648209627619.328,722432,8755845120,479734047975.4238,468087,6389415936,365928649902.08,271872,4759783424,2960,32962016,65773,1517568,1863663,3381231,3641,363520,710,56.290923833847046,5183,11,56079175,111981,2971567,5807,49776063,99533,0,0,681116,1333,152576,298,11260072,22006,10578956,20673,392357,767,599552,1171,6056780,11840,5664423,11073,1505944,3072,0,0,35038628,70859,33532684,67787,0,0,0,0,0,0,0,0,2579417,752128,1825601,52355480,18068980,True,1.0,0.045332755031624074,0.0505866514821044,0.09591940651372848,0.012803896733922612,0.954667244968376,0.0505866514821044,0.8473658346361607,0.011595019634719667,0.0025973868119189506,0.1916865202525813,0.18009150061786164,0.0066793132430007585,0.010206509922003662,0.10310796255436283,0.09642864931136207,0.02563652923846786,0.0,0.5964822139454048,0.570845684706937,0.0,0.0,0.0,0.0,0.04391086211618829,0.012803896733922612,0.03107822961164304,0.8912766967523489,0.3075983795408667,not_applicable_to_updated_policy,181055,77206,18385,74617,27494,28954,9890,0.3880348982135438,0.35971484687568195,134187,40525,140225214464,42346725376,1.7983435410161224
conversation_trace,0.0025,4.0,"l1=0.0025,l2x4",next_use,2,2,pi2,lru,464360509,learned,1857442038,tree,union,5183,58742117,117184,5450319,2662942,2787377,5203,5445,1940,993280,275832,94407,181425,74114,0,2624029211668.4805,0,prefix_first,sampled,16,2,onpolicy,255539,0.0,0,0,221768391038.97592,346478,3044042752,347666422095.8724,451267,4862130176,509267512670.20795,612352,7069087744,654534134079.488,676352,8610654208,508001145276.4161,457728,6547716096,382791606507.52,243200,4843368448,2960,32962016,65773,1517568,1692029,3209597,3305,518656,1013,56.50855302810669,5183,6,56079175,111981,2787377,5445,49717517,99419,0,0,698524,1367,155648,304,11395402,22266,10696878,20899,377260,739,837632,1636,5864488,11471,5487228,10732,1505217,3071,0,0,35038628,70859,33533411,67788,0,0,0,0,0,0,0,0,2581001,993280,2069064,52298518,18253170,True,1.0,0.045332755031624074,0.04745108181919967,0.09278383685082374,0.016909162466854914,0.954667244968376,0.04745108181919967,0.8463691732458332,0.011891365781045991,0.0026496831906824194,0.1939903187350228,0.1820989529539768,0.006422308545672605,0.014259479276172495,0.09983446800189377,0.09341215945622117,0.025624153109769607,0.0,0.5964822139454048,0.5708580608356352,0.0,0.0,0.0,0.0,0.0439378274364882,0.016909162466854914,0.03522283679357351,0.8903070006823214,0.31073394920377145,not_applicable_to_updated_policy,181425,77689,18522,74114,26904,28652,9589,0.38659362603556685,0.3564154029140648,149779,43898,156503906304,45871390720,2.020927220228297
conversation_trace,0.0025,4.0,"l1=0.0025,l2x4",next_use,2,3,pi3,lru,464360509,learned,1857442038,tree,union,5183,58742117,117184,5369816,2662942,2706874,5203,5288,2082,1065591,275832,94780,181052,74456,0,2624089133148.159,0,prefix_first,sampled,16,2,onpolicy,255508,0.0,0,0,228752511072.25613,346871,3146010624,357144103401.4717,455875,5053243392,514643622029.31177,625664,7233566720,643855233284.0958,666624,8531292160,498343144226.816,438784,6399002624,381350519134.20795,173056,4637745152,2960,32962016,65773,1517568,1591165,3108733,3108,595968,1164,56.54307317733765,5183,7,56079175,111981,2706874,5288,49725370,99435,0,0,679068,1329,145408,284,11442044,22360,10762976,21031,395185,773,920183,1798,5826038,11392,5430853,10619,1507087,3074,0,0,35038628,70859,33531541,67785,0,0,0,0,0,0,0,0,2581340,1065591,2139844,52306710,18333673,True,1.0,0.045332755031624074,0.04608063410448759,0.09141338913611166,0.018140153171531084,0.954667244968376,0.04608063410448759,0.8465028592687595,0.01156015538221069,0.0024753619281375236,0.19478433165764183,0.18322417627543114,0.00672745587293015,0.01566479124339356,0.09917991208931064,0.09245245621638049,0.025655987168457003,0.0,0.5964822139454048,0.5708262267769478,0.0,0.0,0.0,0.0,0.043943598423597845,0.018140153171531084,0.03642776442667192,0.8904464576923573,0.3121043969184836,not_applicable_to_updated_policy,181052,77718,18553,74456,26891,28797,9642,0.38676533791769635,0.3585586255624558,135726,40725,141867988992,42549962752,1.822902116686365
conversation_trace,0.0025,4.0,"l1=0.0025,l2x4",next_use,3,0,pi0,lru,464360509,learned,1857442038,tree,union,5183,58742117,117184,5804062,2662942,3141120,5203,6135,1555,795712,275832,98250,177582,76959,0,2624118500982.7837,0,prefix_first,sampled,16,3,onpolicy,254541,0.0,0,0,266242231410.68787,406016,3608952832,389541054097.40814,529408,5556158464,525560104153.0877,697344,7917750272,639845651314.688,744960,8896159744,469282515552.2559,481792,6221314048,333646944454.6559,281600,4429797376,2960,32962016,65773,1517568,1836032,3353600,3586,446333,872,57.6052827835083,5183,3,56079175,111981,3141120,6135,49559447,99111,0,0,684743,1341,158272,310,11568817,22610,10884074,21269,392952,768,637440,1245,5534898,10822,5141946,10054,1505201,3071,0,0,35038628,70859,33533427,67788,0,0,0,0,0,0,0,0,2582896,795712,1873407,52142343,17899427,True,1.0,0.045332755031624074,0.053473047285646856,0.09880580231727093,0.013545851607629326,0.954667244968376,0.053473047285646856,0.8436782589909042,0.011656764089724584,0.0026943530142095494,0.19694245953035708,0.18528569544063248,0.006689442261674021,0.010851498593419778,0.09422367259933788,0.08753423033766386,0.02562388073279688,0.0,0.5964822139454048,0.5708583332126079,0.0,0.0,0.0,0.0,0.04397008708419548,0.013545851607629326,0.031892057959027935,0.8876483460750998,0.3047119837373243,unavailable_for_cell,177582,76143,19520,76959,28145,25323,8600,0.32904533582816825,0.3055604903179961,87026,28903,90851911680,30141083648,1.130809911771203
conversation_trace,0.0025,4.0,"l1=0.0025,l2x4",next_use,3,1,pi1,lru,464360509,learned,1857442038,tree,union,5183,58742117,117184,5515213,2662942,2852271,5203,5574,1753,897536,275832,95782,180050,75670,0,2624061149904.896,0,prefix_first,sampled,16,3,onpolicy,255720,0.0,0,0,235811326408.70422,359427,3198515200,361481953116.16,479541,5087623168,525923681466.368,643072,7358480384,647636783986.688,690176,8767072256,483758578257.92004,440439,6488623104,369448826669.0558,239616,4724117504,2960,32962016,65773,1517568,1712111,3229679,3345,519680,1015,57.04166889190674,5183,11,56079175,111981,2852271,5574,49750514,99482,0,0,681628,1334,171008,334,11275432,22036,10593804,20702,390309,763,726528,1419,6015308,11759,5624999,10996,1506917,3075,0,0,35038628,70859,33531711,67784,0,0,0,0,0,0,0,0,2578854,897536,1969473,52329368,18188276,True,1.0,0.045332755031624074,0.04855580877345636,0.09388856380508043,0.015279258662060136,0.954667244968376,0.04855580877345636,0.846930899681399,0.011603735697846913,0.002911165084499764,0.19194800214639865,0.18034426644855173,0.00664444899049178,0.012368093577560373,0.102401961441056,0.09575751245056421,0.025653093163121785,0.0,0.5964822139454048,0.570829120782283,0.0,0.0,0.0,0.0,0.04390127785146048,0.015279258662060136,0.03352744335039883,0.8908321775328595,0.3096292222495148,not_applicable_to_updated_policy,180050,77089,18339,75670,27560,29421,9986,0.38880666049953744,0.3623367198838897,137335,41309,143530545152,43150833664,1.8149200475749967
conversation_trace,0.0025,4.0,"l1=0.0025,l2x4",next_use,3,2,pi2,lru,464360509,learned,1857442038,tree,union,5183,58742117,117184,5387358,2662942,2724416,5203,5322,2091,1070199,275832,93843,181989,73430,0,2624063487047.679,0,prefix_first,sampled,16,3,onpolicy,255419,0.0,0,0,218858040381.43988,338301,3040073728,348893219921.91986,460483,4808130560,510928463243.2641,602624,7047464960,655828636487.6794,653312,8516059136,510176001738.75195,464896,6448035840,379379125274.62396,204800,4648982528,2960,32962016,65773,1517568,1569149,3086717,3065,619008,1209,56.88017129898071,5183,5,56079175,111981,2724416,5322,49702521,99390,0,0,690876,1352,132215,259,11516835,22505,10825959,21153,385803,755,937984,1832,5729097,11204,5343294,10449,1505360,3071,0,0,35038628,70859,33533268,67788,0,0,0,0,0,0,0,0,2582039,1070199,2146878,52284560,18316131,True,1.0,0.045332755031624074,0.04637926140796049,0.09171201643958457,0.01821859773967629,0.954667244968376,0.04637926140796049,0.8461138879281453,0.011761169588082772,0.0022507700905638113,0.1960575407930906,0.1842963712050078,0.006567740825547707,0.015967827649112476,0.09752963108224377,0.09096189025669606,0.025626587478963347,0.0,0.5964822139454048,0.5708556264664415,0.0,0.0,0.0,0.0,0.04395549789259383,0.01821859773967629,0.03654750815330677,0.8900693858207391,0.31180576961501066,not_applicable_to_updated_policy,181989,78195,18641,73430,26373,28519,9523,0.3883834944845431,0.36108899253023924,143950,42554,150408978432,44454256640,1.9603704208089336
conversation_trace,0.0025,4.0,"l1=0.0025,l2x4",next_use,3,3,pi3,lru,464360509,learned,1857442038,tree,union,5183,58742117,117184,5456065,2662942,2793123,5203,5458,1750,896000,275832,98255,177577,78161,0,2624028506480.6406,0,prefix_first,sampled,16,3,onpolicy,255738,0.0,0,0,233539798857.7279,346359,3285071872,361650440660.9918,467765,5252933632,521905737107.4561,629760,7514759168,640012801323.0084,661504,8886495232,493078906753.0242,451703,6551199744,373840821778.43207,236032,4706512896,2960,32962016,65773,1517568,1657327,3174895,3238,476672,931,57.37734532356262,5183,9,56079175,111981,2793123,5458,49809440,99599,0,0,668324,1308,136192,266,11193285,21873,10524961,20565,404401,791,759808,1484,6158139,12041,5753738,11250,1507887,3075,0,0,35038628,70859,33530741,67784,0,0,0,0,0,0,0,0,2580612,896000,1968725,52390052,18247424,True,1.0,0.045332755031624074,0.047548899199530044,0.09288165423115412,0.015253110472678402,0.954667244968376,0.047548899199530044,0.8479340300248287,0.011377254245024912,0.002318472791847117,0.19054956769773893,0.179172313452714,0.006884345009220557,0.012934637680831284,0.10483345365302378,0.09794910864380321,0.025669606017093324,0.0,0.5964822139454048,0.5708126079283115,0.0,0.0,0.0,0.0,0.04393120527133879,0.015253110472678402,0.03351470972692387,0.8918652352961675,0.3106361318234411,not_applicable_to_updated_policy,177577,76528,18322,78161,28241,30590,10314,0.3913716559409424,0.3652136963988527,144362,43499,151010627584,45465221120,1.8469825104591804
conversation_trace,0.0025,4.0,"l1=0.0025,l2x4",next_use,4,0,pi0,lru,464360509,learned,1857442038,tree,union,5183,58742117,117184,5767710,2662942,3104768,5203,6064,1605,821760,275832,97804,178028,76555,0,2624119625558.016,0,prefix_first,sampled,16,4,onpolicy,254583,0.0,0,0,266308595245.056,399872,3580162048,386837685929.9841,520192,5568245760,532112182806.5278,675328,7940589568,638403090632.704,728064,8793978880,466034094714.8801,504320,6220488704,334423976228.864,276992,4402165760,2960,32962016,65773,1517568,1798656,3316224,3513,481280,940,57.192405462265015,5183,3,56079175,111981,3104768,6064,49570146,99132,0,0,665994,1304,157696,308,11582415,22636,10916421,21332,409141,800,664064,1297,5531604,10817,5122463,10017,1507366,3076,0,0,35038628,70859,33531262,67783,0,0,0,0,0,0,0,0,2582501,821760,1896895,52152647,17935779,True,1.0,0.045332755031624074,0.052854206803612476,0.09818696183523655,0.013989281319227906,0.954667244968376,0.052854206803612476,0.8438603940678543,0.011337589348371629,0.0026845474431913987,0.1971739459100529,0.1858363565616813,0.006965036687390753,0.011304733876036506,0.09416759699007783,0.08720256030268708,0.02566073674191892,0.0,0.5964822139454048,0.5708214772034859,0.0,0.0,0.0,0.0,0.0439633627776813,0.013989281319227906,0.03229190735499029,0.8878237568455355,0.30533082421935864,unavailable_for_cell,178028,76305,19478,76555,28005,25407,8687,0.33187904121220035,0.31019460810569544,87911,29458,91769178112,30726201344,1.1483377963555614
conversation_trace,0.0025,4.0,"l1=0.0025,l2x4",next_use,4,1,pi1,lru,464360509,learned,1857442038,tree,union,5183,58742117,117184,5392333,2662942,2729391,5203,5334,1905,975360,275832,95020,180812,75092,0,2624107553560.5757,0,prefix_first,sampled,16,4,onpolicy,255904,0.0,0,0,229391826337.79202,340483,3148441600,359353295478.7839,454965,5049151488,521581783209.9839,631808,7272450048,649756207904.7677,669184,8681902080,488123071510.5281,425591,6570160128,375901369118.7201,207360,4782958592,2960,32962016,65773,1517568,1674735,3192303,3272,541184,1057,56.37969899177551,5183,11,56079175,111981,2729391,5334,49794133,99570,0,0,679650,1330,144896,283,11194849,21878,10515199,20548,395941,774,830464,1622,6140947,12005,5745006,11231,1504700,3068,0,0,35038628,70859,33533928,67791,0,0,0,0,0,0,0,0,2580291,975360,2050951,52374424,18311156,True,1.0,0.045332755031624074,0.04646395362291761,0.09179670865454168,0.016604100257401347,0.954667244968376,0.04646395362291761,0.8476734503797335,0.011570063094593611,0.0024666458650102786,0.19057619254682293,0.1790061294522293,0.006740325684891473,0.014137454392391068,0.10454078459582926,0.09780045891093779,0.025615351928838383,0.0,0.5964822139454048,0.5708668620165664,0.0,0.0,0.0,0.0,0.04392574070832347,0.016604100257401347,0.03491448903688643,0.891599191088057,0.3117210774000535,not_applicable_to_updated_policy,180812,77266,18155,75092,27473,29998,10232,0.39948330048473873,0.3724383940596222,142378,42888,148600133632,44764983296,1.8960475150482075
conversation_trace,0.0025,4.0,"l1=0.0025,l2x4",next_use,4,2,pi2,lru,464360509,learned,1857442038,tree,union,5183,58742117,117184,5429854,2662942,2766912,5203,5405,2060,1054327,275832,94395,181437,73917,0,2624073654499.3286,0,prefix_first,sampled,16,4,onpolicy,255354,0.0,0,0,217850467643.3919,333181,3039571968,342921926434.8159,446147,4863070208,508778285955.07214,619008,7164379136,649784937383.9364,676864,8591323136,511781624619.0079,449536,6505418752,392956412463.10425,242176,4909283328,2960,32962016,65773,1517568,1607549,3125117,3140,599552,1171,56.5768256187439,5183,5,56079175,111981,2766912,5405,49676255,99338,0,0,700897,1372,141312,276,11435711,22349,10734814,20977,375790,735,913015,1784,5783597,11308,5407807,10573,1504994,3071,0,0,35038628,70859,33533634,67788,0,0,0,0,0,0,0,0,2581681,1054327,2131014,52257936,18273635,True,1.0,0.045332755031624074,0.047102694647521814,0.09243544967914588,0.0179483997827317,0.954667244968376,0.047102694647521814,0.8456667470802933,0.011931762690813476,0.0024056334231195653,0.19467652144712455,0.18274475875631108,0.006397283911303367,0.015542766359612133,0.09845741514559307,0.0920601312342897,0.02562035685571223,0.0,0.5964822139454048,0.5708618570896926,0.0,0.0,0.0,0.0,0.04394940345782907,0.0179483997827317,0.03627744638484854,0.8896161505381224,0.3110823363754493,not_applicable_to_updated_policy,181437,77635,18706,73917,26879,28654,9633,0.3876510139751343,0.3583838684474869,150611,43030,157519990784,44965505024,2.0375691654152632
conversation_trace,0.0025,4.0,"l1=0.0025,l2x4",next_use,4,3,pi3,lru,464360509,learned,1857442038,tree,union,5183,58742117,117184,5441729,2662942,2778787,5203,5430,1831,937472,275832,95485,180347,75333,0,2624032516300.8003,0,prefix_first,sampled,16,4,onpolicy,255680,0.0,0,0,222136773015.55197,331511,3141799936,348831535904.76807,455989,4984649728,514957244540.928,614400,7265904640,646554979643.392,652288,8725512192,506275139764.22424,461431,6584457216,385276843431.9359,263168,4728320000,2960,32962016,65773,1517568,1581551,3099119,3090,561664,1097,56.75344395637512,5183,9,56079175,111981,2778787,5430,49782831,99546,0,0,681041,1333,123392,241,11348322,22176,10667281,20843,390660,764,814080,1590,5975966,11685,5585306,10921,1508384,3077,0,0,35038628,70859,33530244,67782,0,0,0,0,0,0,0,0,2580085,937472,2009173,52362916,18261760,True,1.0,0.045332755031624074,0.04730484943196719,0.09263760446359126,0.01595911158598523,0.954667244968376,0.04730484943196719,0.8474810500956239,0.011593742867660012,0.002100571213665997,0.19318884949277534,0.18159510662511533,0.0066504242603309645,0.013858540372319234,0.10173222051224337,0.0950817962519124,0.025678066726808637,0.0,0.5964822139454048,0.5708041472185962,0.0,0.0,0.0,0.0,0.04392223385479962,0.01595911158598523,0.03420327871397621,0.8914032839504236,0.31088018159100395,not_applicable_to_updated_policy,180347,77266,18380,75333,27450,29671,10100,0.3938645746220116,0.3679417122040073,147619,43246,154295570432,45185161216,1.959552918375745
conversation_trace,0.01,1.0,"l1=0.01,l2x1",binary,0,0,pi0,lru,1857442038,learned,1857442038,tree,union,5183,58742117,117184,6531948,3218284,3313664,6291,6472,1615,826880,271289,132803,138486,111999,0,2624128519016.4473,0,prefix_first,sampled,16,0,onpolicy,250485,0.0,0,0,336802581409.7919,486912,5280837632,445486751410.1761,591360,8216217600,571260908986.3679,705024,11353397248,614587855849.4718,764928,12518387712,407432617486.3357,485888,8515971072,248557803874.30405,279552,5807480832,2960,32962016,65773,1918856,1984512,3903368,3876,478208,934,55.03046154975891,5183,14,55523833,110893,3313664,6472,48816977,97637,0,0,471892,925,10240,20,7933063,15506,7461171,14581,523762,1025,816640,1595,8411598,16441,7887836,15416,1570658,3219,0,0,35038628,70859,33467970,67640,0,0,0,0,0,0,0,0,2566312,826880,1822534,51383289,17171541,True,1.0,0.0547866533308631,0.056410360559528354,0.11119701389039145,0.014076441950500354,0.9452133466691369,0.056410360559528354,0.8310387758071436,0.008033282150862898,0.00017432126254489602,0.13504898027423834,0.12701569812337543,0.008916294249320295,0.013902120687955459,0.14319534993946506,0.13427905569014478,0.026738191951781377,0.0,0.5964822139454048,0.5697440219936234,0.0,0.0,0.0,0.0,0.04368776835196457,0.014076441950500354,0.031026018350683547,0.8747265441591082,0.29232077216420377,unavailable_for_cell,138486,60753,19032,111999,42067,43928,16258,0.3922177876588184,0.38647871253001165,161262,60302,168797657088,63127293952,1.439852141536978
conversation_trace,0.01,1.0,"l1=0.01,l2x1",binary,0,1,pi1,lru,1857442038,learned,1857442038,tree,union,5183,58742117,117184,5652332,3218284,2434048,6291,4754,1907,976384,271289,105846,165443,86796,0,2624045423683.5845,0,prefix_first,sampled,16,0,onpolicy,252239,0.0,0,0,174440259819.5201,252928,3253948416,290548919189.5039,349184,5186871296,457145747214.33594,520192,7715764224,638395646599.1682,565760,9513732096,579345271230.4639,432128,7307923456,484169579630.5922,313856,5981800448,2960,32962016,65773,1918856,1358848,3277704,2654,659968,1289,53.861966371536255,5183,14,55523833,110893,2434048,4754,49538343,99063,0,0,639924,1251,66048,129,10274157,20078,9634233,18827,423054,828,910336,1778,6800616,13295,6377562,12467,1512080,3090,0,0,35038628,70859,33526548,67769,0,0,0,0,0,0,0,0,2575058,976384,2039362,52113401,18051157,True,1.0,0.0547866533308631,0.04143616410692178,0.09622281743778488,0.016621532383655838,0.9452133466691369,0.04143616410692178,0.8433189937638781,0.010893785118435551,0.0011243721434145793,0.1749027363109845,0.16400895119254896,0.007201885488737152,0.015497160240241257,0.11577069992216998,0.10856881443343283,0.025740985807508436,0.0,0.5964822139454048,0.5707412281378964,0.0,0.0,0.0,0.0,0.04383665641468114,0.016621532383655838,0.03471720299082854,0.8871556501785592,0.3072949686168103,not_applicable_to_updated_policy,165443,72674,17275,86796,31572,35589,11989,0.4100304161482096,0.3797352084125174,230596,55653,240544622592,58197325824,2.656758375962026
conversation_trace,0.01,1.0,"l1=0.01,l2x1",binary,0,2,pi2,lru,1857442038,learned,1857442038,tree,union,5183,58742117,117184,5281644,3218284,2063360,6291,4030,3645,1866240,271289,103945,167344,83324,0,2624141852796.9287,0,prefix_first,sampled,16,0,onpolicy,250668,0.0,0,0,125832437405.69601,228864,2655868928,232293354258.4321,310784,4777033728,413640474243.0722,436224,7666786304,640225378893.8243,538624,10322636800,603633277177.8558,363520,8333379584,608516930818.0482,185344,7037161472,2960,32962016,65773,1918856,1254400,3173256,2450,996352,1946,53.91335892677307,5183,14,55523833,110893,2063360,4030,49020496,98049,0,0,729930,1428,352256,688,9823054,19199,9093124,17771,322808,631,1513984,2957,6732551,13160,6409743,12529,1520999,3110,0,0,35038628,70859,33517629,67749,0,0,0,0,0,0,0,0,2573737,1866240,2918978,51594233,18421845,True,1.0,0.0547866533308631,0.03512573440279655,0.08991238773365964,0.031770050098807304,0.9452133466691369,0.03512573440279655,0.8345033938766626,0.012426007731386324,0.005996651431544423,0.16722335696549717,0.15479734923411084,0.005495341613241484,0.025773398667262876,0.11461199125663109,0.1091166496433896,0.025892818946242607,0.0,0.5964822139454048,0.5705893949991622,0.0,0.0,0.0,0.0,0.04381416829087042,0.031770050098807304,0.049691399443435105,0.8783175621675331,0.31360539832093554,not_applicable_to_updated_policy,167344,71148,18848,83324,32083,35085,12719,0.42106715952186646,0.3964404824985195,324055,91324,339461148672,95679342592,3.889095578704815
conversation_trace,0.01,1.0,"l1=0.01,l2x1",binary,0,3,pi3,lru,1857442038,learned,1857442038,tree,union,5183,58742117,117184,5468524,3218284,2250240,6291,4395,1801,922112,271289,106654,164635,88222,0,2624062980198.3994,0,prefix_first,sampled,16,0,onpolicy,252857,0.0,0,0,154132615088.1279,214528,2868772864,269252274323.45584,310272,4745529344,449366732287.99976,461312,7365728256,630030154815.4878,515584,9185617920,611272852512.7683,420864,7314644992,510008351170.5598,327680,6063661056,2960,32962016,65773,1918856,1227776,3146632,2398,579584,1132,53.519668102264404,5183,14,55523833,110893,2250240,4395,49776213,99528,0,0,689117,1348,50688,99,10741144,20991,10052027,19643,376933,737,871424,1702,6571709,12847,6194776,12110,1509218,3084,0,0,35038628,70859,33529410,67775,0,0,0,0,0,0,0,0,2575268,922112,1988162,52351481,18234965,True,1.0,0.0547866533308631,0.0383070974442409,0.093093750775104,0.015697629692167887,0.9452133466691369,0.0383070974442409,0.8473683881702799,0.011731225144643663,0.0008628902495972353,0.18285251789614596,0.1711212927515023,0.006416741841292509,0.014834739442570652,0.11187388769117736,0.10545714584988485,0.025692264376512,0.0,0.5964822139454048,0.5707899495688928,0.0,0.0,0.0,0.0,0.043840231362448176,0.015697629692167887,0.03384559667810406,0.8912086195327281,0.3104240352794912,not_applicable_to_updated_policy,164635,74107,16657,88222,30603,36185,11252,0.41015846387522387,0.3676763715975558,278834,61717,290566375424,64554735616,3.1605948629593525
conversation_trace,0.01,1.0,"l1=0.01,l2x1",binary,1,0,pi0,lru,1857442038,learned,1857442038,tree,union,5183,58742117,117184,6541164,3218284,3322880,6291,6490,1624,831488,271289,132816,138473,111973,0,2624121328472.0645,0,prefix_first,sampled,16,1,onpolicy,250446,0.0,0,0,335748851740.67224,489984,5274343424,446042564163.5839,595968,8301871104,571744927784.9602,705024,11330197504,613994307323.9038,769024,12510584832,406319980247.0401,484864,8595386368,250270697211.904,278016,5811937280,2960,32962016,65773,1918856,2003968,3922824,3914,473088,924,54.745361328125,5183,14,55523833,110893,3322880,6490,48802775,97610,0,0,468332,917,8704,17,7943970,15526,7475638,14609,526210,1030,822784,1607,8386867,16394,7860657,15364,1572148,3222,0,0,35038628,70859,33466480,67637,0,0,0,0,0,0,0,0,2566690,831488,1826030,51369465,17162325,True,1.0,0.0547866533308631,0.05656724969581876,0.11135390302668186,0.014154886518645557,0.9452133466691369,0.05656724969581876,0.8307970071967273,0.007972678274431273,0.00014817307316316162,0.13523465625183376,0.1272619779774025,0.008957967926147435,0.014006713445482396,0.14277434025743402,0.1338163723312866,0.02676355705736652,0.0,0.5964822139454048,0.5697186568880382,0.0,0.0,0.0,0.0,0.04369420325794523,0.014154886518645557,0.031085532719224266,0.8744912104546726,0.29216388302791335,unavailable_for_cell,138473,60615,19070,111973,42177,44067,16397,0.39355023085922497,0.38876638926429097,160811,59747,168333383680,62557442048,1.4361587168335224
conversation_trace,0.01,1.0,"l1=0.01,l2x1",binary,1,1,pi1,lru,1857442038,learned,1857442038,tree,union,5183,58742117,117184,5782892,3218284,2564608,6291,5009,1752,896631,271289,108198,163091,88994,0,2624064173633.535,0,prefix_first,sampled,16,1,onpolicy,252085,0.0,0,0,175288336383.99997,257024,3158452224,292357378144.2559,364544,5218842624,451945293711.3599,528896,7770195968,642455883810.8157,576512,9531602944,576067414290.432,438272,7466514432,485949867292.6719,399360,6178183168,2960,32962016,65773,1918856,1476608,3395464,2884,573440,1120,54.21862554550171,5183,14,55523833,110893,2564608,5009,49487955,98963,0,0,643120,1258,58999,116,10167277,19870,9524157,18612,421324,824,837632,1636,6856689,13403,6435365,12579,1510195,3087,0,0,35038628,70859,33528433,67772,0,0,0,0,0,0,0,0,2574639,896631,1961075,52062594,17920597,True,1.0,0.0547866533308631,0.04365876020436921,0.09844541353523231,0.0152638523395403,0.9452133466691369,0.04365876020436921,0.8424612105825195,0.01094819241873765,0.0010043730633678047,0.17308325813317216,0.1621350657144345,0.007172434728561111,0.014259479276172495,0.11672526204665044,0.10955282731808934,0.025708896395409107,0.0,0.5964822139454048,0.5707733175499957,0.0,0.0,0.0,0.0,0.04382952354270787,0.0152638523395403,0.03338447948683906,0.8862907341252274,0.3050723725193629,not_applicable_to_updated_policy,163091,72346,17427,88994,31798,36704,12089,0.4124322988066611,0.38018114346814263,245303,56631,255794696192,59199358976,2.7563993078185045
conversation_trace,0.01,1.0,"l1=0.01,l2x1",binary,1,2,pi2,lru,1857442038,learned,1857442038,tree,union,5183,58742117,117184,5499756,3218284,2281472,6291,4456,3209,1643008,271289,106009,165280,85356,0,2624118317449.2163,0,prefix_first,sampled,16,1,onpolicy,250636,0.0,0,0,121693161494.52803,231936,2745446400,231276137588.736,329216,4821260288,415575317759.99994,477184,8006144000,645200315787.2643,596480,10557517824,603705063964.672,399360,8434053120,606668320854.016,247296,7299551232,2960,32962016,65773,1918856,1361920,3280776,2660,884736,1728,54.09282112121582,5183,14,55523833,110893,2281472,4456,49025312,98059,0,0,711118,1391,271872,531,9647473,18855,8936355,17464,343668,672,1371136,2678,6913252,13514,6569584,12842,1519255,3106,0,0,35038628,70859,33519373,67753,0,0,0,0,0,0,0,0,2574041,1643008,2697794,51599353,18203733,True,1.0,0.0547866533308631,0.03883877729500283,0.09362543062586594,0.027969846575328566,0.9452133466691369,0.03883877729500283,0.8345853793454533,0.012105760505703259,0.004628229520566989,0.16423434313748006,0.15212858263177678,0.005850453091433528,0.02334161705476158,0.11768816571592065,0.11183771262448713,0.02586312985621543,0.0,0.5964822139454048,0.5706190840891894,0.0,0.0,0.0,0.0,0.04381934345335222,0.027969846575328566,0.04592606017246535,0.8784047227988055,0.3098923554287293,not_applicable_to_updated_policy,165280,70094,18881,85356,33150,36597,13507,0.4287572051173907,0.4074509803921569,339632,98732,355661703168,103438569472,3.979005576643704
conversation_trace,0.01,1.0,"l1=0.01,l2x1",binary,1,3,pi3,lru,1857442038,learned,1857442038,tree,union,5183,58742117,117184,5464940,3218284,2246656,6291,4388,1906,975872,271289,105803,165486,87228,0,2624084625563.648,0,prefix_first,sampled,16,1,onpolicy,252714,0.0,0,0,150829444022.27197,202752,2815307776,263987956711.42407,297984,4691050496,444736445671.4241,448512,7314706432,630845344905.2155,505344,9224648704,617902053797.8882,407552,7424141312,515783380455.4242,384512,6120241152,2960,32962016,65773,1918856,1299968,3218824,2539,570368,1114,53.40939450263977,5183,14,55523833,110893,2246656,4388,49726882,99430,0,0,689474,1348,51712,101,10650978,20813,9961504,19465,374528,733,924160,1805,6611699,12927,6237171,12194,1510421,3088,0,0,35038628,70859,33528207,67771,0,0,0,0,0,0,0,0,2574423,975872,2039874,52301305,18238549,True,1.0,0.0547866533308631,0.03824608500235019,0.0930327383332133,0.016612816320528592,0.9452133466691369,0.03824608500235019,0.8465285988926821,0.011737302555847621,0.000880322375851725,0.18131757151346792,0.1695802689576203,0.006375800177579572,0.015732493944676865,0.1125546598873854,0.10617885970980583,0.025712743720148867,0.0,0.5964822139454048,0.5707694702252559,0.0,0.0,0.0,0.0,0.04382584645357606,0.016612816320528592,0.034725919053955785,0.8903544453462581,0.3104850477213819,not_applicable_to_updated_policy,165486,74061,16800,87228,30551,36042,11376,0.4131930114183519,0.37236097018100883,277526,61927,289328670720,64760621056,3.1816159948640346
conversation_trace,0.01,1.0,"l1=0.01,l2x1",binary,2,0,pi0,lru,1857442038,learned,1857442038,tree,union,5183,58742117,117184,6538092,3218284,3319808,6291,6484,1638,838656,271289,133054,138235,112193,0,2624128728102.9116,0,prefix_first,sampled,16,2,onpolicy,250428,0.0,0,0,336441466025.984,485888,5242126336,445404167960.5758,591872,8286040064,571008512008.1918,711680,11431567360,614197359919.104,776704,12543731712,407362114772.99207,475648,8592287744,249715107416.06403,278016,5840232448,2960,32962016,65773,1918856,1987072,3905928,3881,480768,939,54.499431848526,5183,14,55523833,110893,3319808,6484,48798441,97602,0,0,466372,914,9728,19,7875730,15394,7409358,14480,531247,1039,828928,1619,8451011,16518,7919764,15479,1569309,3216,0,0,35038628,70859,33469319,67643,0,0,0,0,0,0,0,0,2566928,838656,1836275,51365369,17165397,True,1.0,0.0547866533308631,0.05651495331705529,0.1113016066479184,0.014276911402426984,0.9452133466691369,0.05651495331705529,0.8307232270842401,0.00793931209527229,0.0001656051994176512,0.13407296846315567,0.12613365636788337,0.009043715601873866,0.014111306203009334,0.14386629954109417,0.1348225839392203,0.026715227168268383,0.0,0.5964822139454048,0.5697669867771364,0.0,0.0,0.0,0.0,0.04369825486541454,0.014276911402426984,0.03125993909957314,0.8744214819496546,0.2922161794066768,unavailable_for_cell,138235,60492,19089,112193,42293,44047,16458,0.3926002513525799,0.3891424112737332,161889,60010,169465237504,62835646464,1.4429509862469139
conversation_trace,0.01,1.0,"l1=0.01,l2x1",binary,2,1,pi1,lru,1857442038,learned,1857442038,tree,union,5183,58742117,117184,5829484,3218284,2611200,6291,5100,1705,872567,271289,109321,161968,90101,0,2624070708936.704,0,prefix_first,sampled,16,2,onpolicy,252069,0.0,0,0,175293304422.3999,257536,3263158272,289799245334.528,370176,5284435968,458784470407.16797,547840,7877419008,642104512176.1278,577536,9715218432,576888215875.5844,431104,7503976448,481200960720.896,427008,6218743808,2960,32962016,65773,1918856,1546240,3465096,3020,512000,1000,54.34716272354126,5183,14,55523833,110893,2611200,5100,49465061,98919,0,0,640560,1253,80503,158,10082819,19706,9442259,18453,420882,823,792064,1547,6918619,13523,6497737,12700,1513563,3093,0,0,35038628,70859,33525065,67766,0,0,0,0,0,0,0,0,2575005,872567,1934009,52040066,17874005,True,1.0,0.0547866533308631,0.04445192194894849,0.09923857527981159,0.014854197372559793,0.9452133466691369,0.04445192194894849,0.8420714731816696,0.010904612103101426,0.0013704477147120863,0.17164548223551426,0.16074087013241284,0.0071649103146895435,0.013483749657847707,0.11777953116670957,0.11061462085202002,0.025766231748168014,0.0,0.5964822139454048,0.5707159821972367,0.0,0.0,0.0,0.0,0.04383575416595898,0.014854197372559793,0.03292371979035076,0.8859072273476286,0.3042792107747836,not_applicable_to_updated_policy,161968,71803,17443,90101,32295,37092,12271,0.41167134659992677,0.37996593899984515,239862,56662,250041229312,59245686784,2.6621458141419074
conversation_trace,0.01,1.0,"l1=0.01,l2x1",binary,2,2,pi2,lru,1857442038,learned,1857442038,tree,union,5183,58742117,117184,5500268,3218284,2281984,6291,4457,3151,1613312,271289,105618,165671,85003,0,2624116078082.0483,0,prefix_first,sampled,16,2,onpolicy,250674,0.0,0,0,121369462210.56001,229376,2704152576,228381812901.888,332800,4746985472,410727204261.8881,480256,7888035840,642642852583.4244,596480,10551447552,606595796066.3038,414720,8462778368,614398950057.9838,228352,7198183424,2960,32962016,65773,1918856,1383424,3302280,2702,846336,1653,53.91585969924927,5183,14,55523833,110893,2281984,4457,49054245,98116,0,0,715214,1399,355328,694,9667654,18895,8952440,17496,339060,663,1257984,2457,6922255,13531,6583195,12868,1520018,3107,0,0,35038628,70859,33518610,67752,0,0,0,0,0,0,0,0,2574292,1613312,2667586,51628537,18203221,True,1.0,0.0547866533308631,0.03884749335813008,0.09363414668899318,0.02746431491394837,0.9452133466691369,0.03884749335813008,0.8350779220299466,0.012175489010721217,0.006048947810307892,0.16457789561789202,0.1524024066071708,0.0057720085232883245,0.021415367103640476,0.11784142883376164,0.11206942031047332,0.02587611883310232,0.0,0.5964822139454048,0.5706060951123024,0.0,0.0,0.0,0.0,0.043823616367111864,0.02746431491394837,0.04541181244795791,0.8789015383970584,0.30988363936560204,not_applicable_to_updated_policy,165671,70424,18842,85003,32875,36344,13296,0.42756138018658163,0.40444106463878327,342266,98825,358425761792,103538425856,4.026516711174899
conversation_trace,0.01,1.0,"l1=0.01,l2x1",binary,2,3,pi3,lru,1857442038,learned,1857442038,tree,union,5183,58742117,117184,5377388,3218284,2159104,6291,4217,1959,1003008,271289,105084,166205,86661,0,2624079048814.5913,0,prefix_first,sampled,16,2,onpolicy,252866,0.0,0,0,163437659822.08008,215040,2841958400,278673524021.24817,307200,4656990208,454959738408.9599,444416,7144839168,625342101780.4799,478208,8916314112,605380039710.7194,385024,7130814464,496285985071.10394,329216,5871011840,2960,32962016,65773,1918856,1170944,3089800,2287,640512,1251,54.25307822227478,5183,14,55523833,110893,2159104,4217,49787224,99548,0,0,684078,1338,45568,89,10908857,21316,10224779,19978,380948,745,957440,1870,6414236,12542,6033288,11797,1509471,3086,0,0,35038628,70859,33529157,67773,0,0,0,0,0,0,0,0,2574497,1003008,2068034,52361721,18326101,True,1.0,0.0547866533308631,0.036755638207591326,0.09154229153845443,0.017074767666272566,0.9452133466691369,0.036755638207591326,0.847555834598198,0.011645443421795644,0.0007757296183247873,0.18570759034782489,0.17406214692602925,0.00648509143788604,0.01629903804794778,0.10919313650204333,0.10270804506415729,0.025696571337393236,0.0,0.5964822139454048,0.5707856426080116,0.0,0.0,0.0,0.0,0.043827106197074917,0.017074767666272566,0.035205302525954246,0.891382940795273,0.31197549451614076,not_applicable_to_updated_policy,166205,75031,16647,86661,29697,35431,10849,0.4088459630052734,0.3653230966090851,259645,54740,270493159424,57232689152,2.9960997449833258
conversation_trace,0.01,1.0,"l1=0.01,l2x1",binary,3,0,pi0,lru,1857442038,learned,1857442038,tree,union,5183,58742117,117184,6518124,3218284,3299840,6291,6445,1660,849920,271289,132977,138312,112144,0,2624112972947.456,0,prefix_first,sampled,16,3,onpolicy,250456,0.0,0,0,337413068341.2479,492032,5310169088,445958057932.7997,599040,8301891584,571765553733.6323,707584,11416995840,614669618167.8085,757248,12576169984,406911409317.8879,465920,8469907456,247395265454.08002,278016,5797812224,2960,32962016,65773,1918856,1987072,3905928,3881,488960,955,53.6547966003418,5183,14,55523833,110893,3299840,6445,48807367,97619,0,0,474744,930,15360,30,7896371,15434,7421627,14504,520310,1018,834560,1630,8439074,16495,7918764,15477,1571652,3221,0,0,35038628,70859,33466976,67638,0,0,0,0,0,0,0,0,2566706,849920,1844974,51374073,17185365,True,1.0,0.0547866533308631,0.05617502685509274,0.11096168018595584,0.01446866479122637,0.9452133466691369,0.05617502685509274,0.8308751793878998,0.008081833346251378,0.000261481893817344,0.1344243517815335,0.12634251843528213,0.008857528917454576,0.014207182897409026,0.14366308929587948,0.1348055603784249,0.026755113371212006,0.0,0.5964822139454048,0.5697271005741927,0.0,0.0,0.0,0.0,0.043694475634917955,0.01446866479122637,0.03140802705493232,0.8745696550228178,0.29255610586863934,unavailable_for_cell,138312,60565,19060,112144,42236,44009,16356,0.392432943358539,0.3872525807368122,161186,60048,168704569344,62866718720,1.4373127407618775
conversation_trace,0.01,1.0,"l1=0.01,l2x1",binary,3,1,pi1,lru,1857442038,learned,1857442038,tree,union,5183,58742117,117184,5655784,3218284,2437500,6291,4761,1954,999718,271289,105638,165651,86503,0,2624061828235.264,0,prefix_first,sampled,16,3,onpolicy,252154,0.0,0,0,175111794202.62405,248188,3189219328,288699722532.86414,352768,5168963584,456911034232.832,526848,7729582080,640091453593.5999,562688,9509048320,577354992048.128,401408,7230697472,485892831625.21606,345600,6033586176,2960,32962016,65773,1918856,1431552,3350408,2796,613551,1199,53.596019983291626,5183,15,55523833,110893,2437500,4761,49512022,99010,0,0,647409,1266,25263,50,10314821,20155,9667412,18889,415189,812,974455,1904,6733166,13164,6317977,12352,1511995,3090,0,0,35038628,70859,33526633,67769,0,0,0,0,0,0,0,0,2574593,999718,2062316,52086615,18047705,True,1.0,0.0547866533308631,0.041494929438787506,0.09628158276965061,0.0170187601512557,0.9452133466691369,0.041494929438787506,0.8428709166201824,0.01102120647098912,0.00043006621637419027,0.17559498238716864,0.16457377591617953,0.007067995183081332,0.01658869393488151,0.11462246074652026,0.10755446556343892,0.025739538804840825,0.0,0.5964822139454048,0.570742675140564,0.0,0.0,0.0,0.0,0.043828740458911275,0.0170187601512557,0.03510796180532615,0.8866996570790937,0.3072362032849446,not_applicable_to_updated_policy,165651,72778,17359,86503,31414,35377,11911,0.4089684750817891,0.37916215700006367,226435,56002,236265703424,58550052864,2.617654879021537
conversation_trace,0.01,1.0,"l1=0.01,l2x1",binary,3,2,pi2,lru,1857442038,learned,1857442038,tree,union,5183,58742117,117184,5429100,3218284,2210816,6291,4318,3376,1728119,271289,104929,166360,84232,0,2624127790956.5454,0,prefix_first,sampled,16,3,onpolicy,250592,0.0,0,0,125705729869.82413,235008,2707714048,234131076534.27203,332288,4818583552,418435260995.58417,468480,7813033984,643631132356.6083,583168,10435780608,599017756073.9844,390144,8375713792,603206835126.2726,201728,7062022144,2960,32962016,65773,1918856,1288192,3207048,2516,971264,1897,53.90802335739136,5183,14,55523833,110893,2210816,4318,49011456,98030,0,0,715214,1399,385655,754,9764476,19082,9049262,17683,338548,662,1342464,2622,6781794,13258,6443246,12596,1519680,3108,0,0,35038628,70859,33518948,67751,0,0,0,0,0,0,0,0,2573442,1728119,2781881,51584898,18274389,True,1.0,0.0547866533308631,0.037635960583443054,0.09242261391430616,0.029418738858185856,0.9452133466691369,0.037635960583443054,0.8343495008870723,0.012175489010721217,0.006565221338549988,0.16622615082122424,0.154050661810503,0.00576329246016108,0.02285351751963587,0.11545028246087896,0.10968699000071788,0.025870364869553474,0.0,0.5964822139454048,0.5706118490758513,0.0,0.0,0.0,0.0,0.04380914634043577,0.029418738858185856,0.047357520329068155,0.878158647227508,0.31109517214028903,not_applicable_to_updated_policy,166360,70741,18925,84232,32473,35890,13076,0.4260850982999335,0.40267298986850614,331191,93725,346904832000,98197370880,3.931890492924304
conversation_trace,0.01,1.0,"l1=0.01,l2x1",binary,3,3,pi3,lru,1857442038,learned,1857442038,tree,union,5183,58742117,117184,5475692,3218284,2257408,6291,4409,1879,962048,271289,107011,164278,88474,0,2624068061040.64,0,prefix_first,sampled,16,3,onpolicy,252752,0.0,0,0,154862953291.77597,218624,2876379136,269792703424.51193,312320,4697827328,446927143811.07184,462848,7310315520,624735731867.6482,509952,9197715456,617496312295.4243,425984,7324684288,510253216350.2078,327680,6133846016,2960,32962016,65773,1918856,1243136,3161992,2428,595968,1164,52.8716676235199,5183,14,55523833,110893,2257408,4409,49729880,99436,0,0,682558,1335,64512,126,10710931,20931,10028373,19596,382980,749,897536,1753,6554818,12815,6171838,12066,1508959,3085,0,0,35038628,70859,33529669,67774,0,0,0,0,0,0,0,0,2574497,962048,2027586,52304377,18227797,True,1.0,0.0547866533308631,0.03842912232802233,0.09321577565888543,0.01637748261609298,0.9452133466691369,0.03842912232802233,0.8465796355279467,0.011619567609386634,0.0010982239540328449,0.18233818505383453,0.1707186174444479,0.0065196833134222925,0.015279258662060136,0.11158634272578226,0.10506665941235996,0.02568785527426599,0.0,0.5964822139454048,0.5707943586711388,0.0,0.0,0.0,0.0,0.043827106197074917,0.01637748261609298,0.03451673353890191,0.8904067417250215,0.31030201039570976,not_applicable_to_updated_policy,164278,74114,16764,88474,30505,36630,11349,0.41401993806089926,0.37203737092279954,272191,59039,283634227200,61735081984,3.076508352736397
conversation_trace,0.01,1.0,"l1=0.01,l2x1",binary,4,0,pi0,lru,1857442038,learned,1857442038,tree,union,5183,58742117,117184,6500716,3218284,3282432,6291,6411,1679,859648,271289,132798,138491,111988,0,2624137415886.8486,0,prefix_first,sampled,16,4,onpolicy,250479,0.0,0,0,336156992559.1042,484864,5288214528,445915816308.73596,594944,8316948480,573223034253.312,699392,11313838080,613169291503.6162,753664,12536025088,407825660456.9602,470016,8616200192,247846620805.12015,279552,5797347328,2960,32962016,65773,1918856,1984000,3902856,3875,484864,947,54.02441906929016,5183,14,55523833,110893,3282432,6411,48815007,97634,0,0,473913,928,39424,77,7959490,15558,7485577,14630,522677,1023,820224,1602,8383635,16386,7860958,15363,1570156,3218,0,0,35038628,70859,33468472,67641,0,0,0,0,0,0,0,0,2566746,859648,1856238,51381753,17202773,True,1.0,0.0547866533308631,0.05587868070876642,0.11066533403962953,0.014634269990644022,0.9452133466691369,0.05587868070876642,0.8310052393923767,0.008067686767230402,0.0006711368607978497,0.13549886191537835,0.12743117514814797,0.008897823685857287,0.013963133129846171,0.1427193201089433,0.13382149642308602,0.026729646124262086,0.0,0.5964822139454048,0.5697525678211427,0.0,0.0,0.0,0.0,0.04369515657734977,0.014634269990644022,0.03159978044373171,0.8747003959697265,0.2928524520149657,unavailable_for_cell,138491,60599,19039,111988,42220,43962,16296,0.39255991713397864,0.38597820937944105,161123,60039,168652273664,62861568000,1.4387523663249633
conversation_trace,0.01,1.0,"l1=0.01,l2x1",binary,4,1,pi1,lru,1857442038,learned,1857442038,tree,union,5183,58742117,117184,5678754,3218284,2460470,6291,4806,1935,990327,271289,107690,163599,88516,0,2624034327697.4077,0,prefix_first,sampled,16,4,onpolicy,252115,0.0,0,0,176703876337.66394,259452,3305701376,291776408387.5841,357306,5323902976,460680379398.14374,522240,7920510976,636816310196.224,576000,9553500160,575793909522.4319,409600,7466076160,482263443855.36,335872,6064285696,2960,32962016,65773,1918856,1424384,3343240,2782,609280,1190,53.94275403022766,5183,16,55523833,110893,2460470,4806,49498891,98985,0,0,640048,1252,66167,130,10153487,19844,9513439,18592,422038,825,924160,1805,6880921,13449,6458883,12624,1512059,3090,0,0,35038628,70859,33526569,67769,0,0,0,0,0,0,0,0,2574145,990327,2052413,52073036,18024735,True,1.0,0.0547866533308631,0.041885960630257846,0.09667261396112095,0.016858891891826096,0.9452133466691369,0.041885960630257846,0.842647380243378,0.01089589603997418,0.001126397947149232,0.17284850322980358,0.1619526071898294,0.007184589550969026,0.015732493944676865,0.11713777697184458,0.10995318742087555,0.02574062831273173,0.0,0.5964822139454048,0.5707415856326731,0.0,0.0,0.0,0.0,0.04382111390367494,0.016858891891826096,0.034939377482769304,0.886468494147053,0.3068451720934743,not_applicable_to_updated_policy,163599,72008,17400,88516,32162,36383,12255,0.4110330335758507,0.38103973633480503,233380,58163,243415191552,60804814848,2.6365854760721223
conversation_trace,0.01,1.0,"l1=0.01,l2x1",binary,4,2,pi2,lru,1857442038,learned,1857442038,tree,union,5183,58742117,117184,5103980,3218284,1885696,6291,3683,3947,2020864,271289,105251,166038,84604,0,2624128695506.9443,0,prefix_first,sampled,16,4,onpolicy,250642,0.0,0,0,125344380772.35199,221184,2678179840,230324972521.47214,302080,4782934016,413339907858.432,419840,7682842624,638648058566.6562,503296,10341040128,604778131888.1278,316928,8386263040,611693243899.9043,122368,7030396928,2960,32962016,65773,1918856,1049600,2968456,2050,1180672,2306,54.086549520492554,5183,14,55523833,110893,1885696,3683,49043899,98094,0,0,718666,1406,291328,569,9783943,19122,9065277,17716,332536,650,1729536,3378,6794702,13282,6462166,12632,1522172,3113,0,0,35038628,70859,33516456,67746,0,0,0,0,0,0,0,0,2573374,2020864,3072066,51617273,18599509,True,1.0,0.0547866533308631,0.0321012604976426,0.0868879138285057,0.03440230116323523,0.9452133466691369,0.0321012604976426,0.8349017962699574,0.012234254342586938,0.004959439919402292,0.1665575484792283,0.15432329413664134,0.005660946812659135,0.029442861243832937,0.11567002258362599,0.11000907577096686,0.025912787583055614,0.0,0.5964822139454048,0.5705694263623492,0.0,0.0,0.0,0.0,0.04380798873830168,0.03440230116323523,0.052297502318481306,0.878709785008259,0.3166298722260895,not_applicable_to_updated_policy,166038,71035,18874,84604,32241,36004,12935,0.42555907522102976,0.401197233336435,329659,92229,345302644736,96634550272,3.8964942555907522
conversation_trace,0.01,1.0,"l1=0.01,l2x1",binary,4,3,pi3,lru,1857442038,learned,1857442038,tree,union,5183,58742117,117184,5421932,3218284,2203648,6291,4304,1877,961024,271289,106448,164841,88067,0,2624054553411.5835,0,prefix_first,sampled,16,4,onpolicy,252908,0.0,0,0,152765151275.0079,216576,2903597056,265907759419.392,305152,4878090240,441341780514.8158,453120,7418253312,624949879799.8077,498176,9252009984,618537109626.8798,404480,7347085312,520552872775.6802,326144,6051168256,2960,32962016,65773,1918856,1177088,3095944,2299,630272,1231,53.73240113258362,5183,14,55523833,110893,2203648,4304,49784219,99543,0,0,679982,1330,55296,108,10682252,20874,10002270,19544,384532,752,905728,1769,6638281,12979,6253749,12227,1510428,3087,0,0,35038628,70859,33528200,67772,0,0,0,0,0,0,0,0,2574942,961024,2025538,52359161,18281557,True,1.0,0.0547866533308631,0.037513935699661626,0.09230058903052472,0.01636005048983849,0.9452133466691369,0.037513935699661626,0.847504678798008,0.011575714916777684,0.0009413348177424385,0.18184996635378325,0.17027425143700559,0.006546103879776753,0.015418715672096054,0.11300718018044872,0.10646107630067198,0.025712862885074433,0.0,0.5964822139454048,0.5707693510603303,0.0,0.0,0.0,0.0,0.04383468168162887,0.01636005048983849,0.03448186928639293,0.8913393604796368,0.31121719702407047,not_applicable_to_updated_policy,164841,73770,16607,88067,30954,36452,11610,0.41391213507897395,0.37507268850552433,276787,63764,288403359744,66704488448,3.1429139178125745
conversation_trace,0.01,1.0,"l1=0.01,l2x1",next_use,0,0,pi0,lru,1857442038,learned,1857442038,tree,union,5183,58742117,117184,6638444,3218284,3420160,6291,6680,1442,738304,271289,130294,140995,108942,0,2624087839131.6484,0,prefix_first,sampled,16,0,onpolicy,249937,0.0,0,0,273028577740.80002,429056,5010108416,394564849211.39197,582144,7848591360,532727100624.89606,753152,10748188672,632034151391.2323,836608,11997829120,463831811209.2159,537600,8224237568,327901348954.11206,281600,5587378176,2960,32962016,65773,1918856,1969664,3888520,3847,416768,814,56.01870083808899,5183,14,55523833,110893,3420160,6680,48796234,97602,0,0,430037,842,39936,78,8183973,15994,7753936,15152,597159,1168,698368,1364,8142768,15918,7545609,14750,1541939,3159,0,0,35038628,70859,33496689,67700,0,0,0,0,0,0,0,0,2569135,738304,1765500,51365369,17065045,True,1.0,0.0547866533308631,0.058223301689995274,0.11300995502085838,0.012568563029487003,0.9452133466691369,0.058223301689995274,0.8306856560855647,0.0073207610137714305,0.0006798529239250945,0.13932036191341216,0.13199960089964072,0.01016577254102027,0.011888710105561908,0.13861890609083768,0.1284531335498174,0.026249292309298285,0.0,0.5964822139454048,0.5702329216361065,0.0,0.0,0.0,0.0,0.043735825864089986,0.012568563029487003,0.030055096584278705,0.8744214819496546,0.29050783103373684,unavailable_for_cell,140995,62881,19580,108942,39904,40900,14131,0.37542912742560264,0.35412489975942263,145769,47787,152540223488,49992845312,1.3380422610196252
conversation_trace,0.01,1.0,"l1=0.01,l2x1",next_use,0,1,pi1,lru,1857442038,learned,1857442038,tree,union,5183,58742117,117184,6392658,3218284,3174374,6291,6202,1407,720384,271289,116962,154327,96274,0,2624091916746.7515,0,prefix_first,sampled,16,0,onpolicy,250601,0.0,0,0,235479106826.24008,375549,4211435520,366289154115.58405,512626,6693134336,521560769015.80804,676864,9383100416,647194435864.5756,770560,11137021952,482609438959.61584,541815,8290977792,370959011964.9278,296960,6381305856,2960,32962016,65773,1918856,1916018,3834874,3743,399872,781,55.594101905822754,5183,19,55523833,110893,3174374,6202,49058893,98120,0,0,506970,992,20992,41,8649750,16907,8142780,15915,525477,1027,699392,1366,7940697,15518,7415220,14491,1537735,3145,0,0,35038628,70859,33500893,67714,0,0,0,0,0,0,0,0,2570182,720384,1752831,51629075,17310831,True,1.0,0.0547866533308631,0.05403914877633709,0.10882580210720019,0.012263500820033435,0.9452133466691369,0.05403914877633709,0.8351570475405236,0.008630434616443939,0.0003573585882170369,0.14724954499001117,0.13861911037356722,0.008945489656084406,0.0119061422318164,0.1351789381373504,0.126233448481266,0.026177725259714422,0.0,0.5964822139454048,0.5703044886856904,0.0,0.0,0.0,0.0,0.04375364953224277,0.012263500820033435,0.02983942509256178,0.8789106970727664,0.29469198394739504,not_applicable_to_updated_policy,154327,66066,18912,96274,37229,40748,15359,0.4232503064171012,0.4125547288404201,234763,77262,245235437568,80880332800,2.4384880653135843
conversation_trace,0.01,1.0,"l1=0.01,l2x1",next_use,0,2,pi2,lru,1857442038,learned,1857442038,tree,union,5183,58742117,117184,6140387,3218284,2922103,6291,5708,1925,985202,271289,119303,151986,98489,0,2624024333209.6,0,prefix_first,sampled,16,0,onpolicy,250475,0.0,0,0,210097558265.856,333312,4064774144,339249570314.23987,478720,6580287488,507199688622.0799,653824,9429114880,655639125481.4723,743424,11496656896,506088676098.04803,496759,8619988992,405749714427.90405,216064,6764130304,2960,32962016,65773,1918856,1754112,3672968,3426,533106,1042,56.33403444290161,5183,15,55523833,110893,2922103,5708,49043134,98092,0,0,526426,1030,43520,85,8529079,16668,8002653,15638,516002,1009,941682,1840,8048821,15733,7532819,14724,1530966,3129,0,0,35038628,70859,33507662,67730,0,0,0,0,0,0,0,0,2573394,985202,2027630,51616528,17563102,True,1.0,0.0547866533308631,0.049744598070920736,0.10453125140178383,0.016771646142749674,0.9452133466691369,0.049744598070920736,0.8348887732459489,0.008961645015279242,0.0007408653658158081,0.14519529488526944,0.1362336498699902,0.008784191417547991,0.016030780776933866,0.13701959362479224,0.12823540220724425,0.02606249277669036,0.0,0.5964822139454048,0.5704197211687144,0.0,0.0,0.0,0.0,0.04380832920951759,0.016771646142749674,0.03451748257557691,0.8786971024554665,0.2989865346528114,not_applicable_to_updated_policy,151986,65228,19041,98489,38046,42165,15809,0.42811887621967937,0.415523313883194,298518,91121,312254898176,95421444096,3.030978078770218
conversation_trace,0.01,1.0,"l1=0.01,l2x1",next_use,0,3,pi3,lru,1857442038,learned,1857442038,tree,union,5183,58742117,117184,6230998,3218284,3012714,6291,5886,1678,859136,271289,122505,148784,101695,0,2623987989317.632,0,prefix_first,sampled,16,0,onpolicy,250479,0.0,0,0,224078542704.64,349569,4222662656,353566971850.7517,472690,6731175936,512923610734.59186,645632,9603780608,648207783591.9359,739840,11613765632,497364627916.8001,511095,8702095360,387846452518.9121,293888,6780137472,2960,32962016,65773,1918856,1838194,3757050,3591,435200,850,56.04997372627258,5183,18,55523833,110893,3012714,5886,49080524,98164,0,0,512090,1002,29184,57,8406763,16430,7894673,15428,528929,1034,829952,1621,8206592,16040,7677663,15006,1530440,3129,0,0,35038628,70859,33508188,67730,0,0,0,0,0,0,0,0,2571459,859136,1900155,51651983,17472491,True,1.0,0.0547866533308631,0.05128711993815272,0.10607377326901582,0.014625553927516776,0.9452133466691369,0.05128711993815272,0.8355252841840889,0.008717595247716387,0.0004968155982529536,0.1431130410230193,0.13439544577530294,0.009004254987950128,0.014128738329263823,0.13970541783504328,0.13070116284709316,0.02605353838371198,0.0,0.5964822139454048,0.5704286755616929,0.0,0.0,0.0,0.0,0.04377538861937849,0.014625553927516776,0.03234740416318329,0.8793006728034674,0.29744401278557936,not_applicable_to_updated_policy,148784,64497,19034,101695,38845,43158,15983,0.4243866463444614,0.41145578581542025,279386,84604,291898802176,88581724160,2.747293377255519
conversation_trace,0.01,1.0,"l1=0.01,l2x1",next_use,1,0,pi0,lru,1857442038,learned,1857442038,tree,union,5183,58742117,117184,6716253,3218284,3497969,6291,6832,1291,660599,271289,130004,141285,108653,0,2624075885402.1123,0,prefix_first,sampled,16,1,onpolicy,249938,0.0,0,0,272315039653.88812,442865,4974704640,393040284368.8959,574464,7800217600,531775902488.57605,753664,10769350656,632137631100.9282,847872,12011816960,468050965092.3522,547840,8211032064,326756062697.4721,331264,5577279488,2960,32962016,65773,1918856,2042880,3961736,3990,343040,670,55.64139127731323,5183,15,55523833,110893,3497969,6832,48795789,97602,0,0,438913,859,47616,93,8253477,16132,7814564,15273,589322,1153,612983,1198,8073160,15779,7483838,14626,1541241,3156,0,0,35038628,70859,33497387,67703,0,0,0,0,0,0,0,0,2569476,660599,1688834,51365265,16987236,True,1.0,0.0547866533308631,0.05954788793192455,0.11433454126278765,0.011245747237880447,0.9452133466691369,0.05954788793192455,0.8306780806010107,0.007471862139391401,0.0008105938708337665,0.14050356748293563,0.13303170534354422,0.01003235889506672,0.01043515336704668,0.13743393007099147,0.12740157117592477,0.026237409863863095,0.0,0.5964822139454048,0.5702448040815417,0.0,0.0,0.0,0.0,0.04374163089832122,0.011245747237880447,0.02874996827233857,0.874419711499332,0.28918324479180757,unavailable_for_cell,141285,62957,19578,108653,39826,40782,14113,0.37534168407683177,0.35436649424998745,147270,48310,154082666496,50526042112,1.3554158651854988
conversation_trace,0.01,1.0,"l1=0.01,l2x1",next_use,1,1,pi1,lru,1857442038,learned,1857442038,tree,union,5183,58742117,117184,6210898,3218284,2992614,6291,5847,1701,870912,271289,119792,151497,99193,0,2624085054525.4404,0,prefix_first,sampled,16,1,onpolicy,250690,0.0,0,0,231898873317.3759,372477,4174180352,363233368629.2481,493170,6638014464,520446440464.384,646144,9388265472,649875112841.2161,719360,11285014528,484939911579.6482,487031,8414240768,373691347693.56805,274432,6487613440,2960,32962016,65773,1918856,1855090,3773946,3624,433664,847,55.59137749671936,5183,19,55523833,110893,2992614,5847,49090547,98181,0,0,509692,997,22528,44,8586985,16780,8077293,15783,522724,1022,848384,1657,8034694,15706,7511970,14684,1537344,3145,0,0,35038628,70859,33501284,67714,0,0,0,0,0,0,0,0,2569760,870912,1903328,51660307,17492591,True,1.0,0.0547866533308631,0.05094494636616518,0.10573159969702828,0.014826023379443406,0.9452133466691369,0.05094494636616518,0.8356959113339412,0.008676772748929019,0.00038350677759877127,0.1461810611966879,0.13750428844775886,0.00889862379321467,0.014442516601844636,0.13677910178143562,0.12788047798822094,0.026171069047443422,0.0,0.5964822139454048,0.5703111448979614,0.0,0.0,0.0,0.0,0.043746465589587114,0.014826023379443406,0.0324014199215871,0.8794423769235283,0.29778618635756693,not_applicable_to_updated_policy,151497,65801,18824,99193,37556,42063,15428,0.4240521004506366,0.41079987219086167,254929,79387,266414706688,83127865344,2.5700301432560764
conversation_trace,0.01,1.0,"l1=0.01,l2x1",next_use,1,2,pi2,lru,1857442038,learned,1857442038,tree,union,5183,58742117,117184,6195171,3218284,2976887,6291,5815,1887,966144,271289,118910,152379,98068,0,2624047577018.3687,0,prefix_first,sampled,16,1,onpolicy,250447,0.0,0,0,210288409786.36795,340480,3975266304,338695217731.5839,477184,6450141184,508891841773.5684,660992,9361072128,652150102605.8242,759296,11461255168,506044264128.51196,511095,8596803584,407977740992.512,227840,6747367424,2960,32962016,65773,1918856,1812480,3731336,3540,506880,990,56.34705376625061,5183,15,55523833,110893,2976887,5815,49007797,98023,0,0,536042,1049,33792,66,8576593,16761,8040551,15712,506898,991,932352,1821,7965581,15571,7458683,14580,1530065,3128,0,0,35038628,70859,33508563,67731,0,0,0,0,0,0,0,0,2573005,966144,2009084,51580802,17508318,True,1.0,0.0547866533308631,0.05067721682553593,0.10546387015639903,0.01644721112111094,0.9452133466691369,0.05067721682553593,0.8342872116781218,0.009125343575887807,0.0005752601663981568,0.1460041523529021,0.13687880877701428,0.00862920892006667,0.015871950954712784,0.13560255242418315,0.1269733435041165,0.026047154548413706,0.0,0.5964822139454048,0.5704350593969911,0.0,0.0,0.0,0.0,0.043801707044368185,0.01644721112111094,0.034201763617065416,0.8780889187224901,0.2980539158981962,not_applicable_to_updated_policy,152379,65542,19070,98068,37664,41608,15302,0.42427703226332747,0.4062765505522515,293100,87352,306457882624,91481798656,2.9887425052004732
conversation_trace,0.01,1.0,"l1=0.01,l2x1",next_use,1,3,pi3,lru,1857442038,learned,1857442038,tree,union,5183,58742117,117184,6325713,3218284,3107429,6291,6071,1555,796160,271289,126159,145130,105346,0,2623950389768.193,0,prefix_first,sampled,16,1,onpolicy,250476,0.0,0,0,222598243604.48007,354172,4174456832,351358205382.6562,491122,6709655552,512952231313.40784,676352,9759678464,650010787192.8323,767488,11860516864,497218419865.60046,539255,8872402944,389812502409.2158,279040,6853785600,2960,32962016,65773,1918856,1888882,3807738,3690,404480,790,55.63945698738098,5183,17,55523833,110893,3107429,6071,49049204,98101,0,0,512602,1003,11264,22,8278855,16178,7766253,15175,523814,1024,784896,1533,8302761,16230,7778947,15206,1534624,3139,0,0,35038628,70859,33504004,67720,0,0,0,0,0,0,0,0,2571040,796160,1832576,51620244,17377776,True,1.0,0.0547866533308631,0.05289950649888903,0.10768615982975213,0.013553478162865666,0.9452133466691369,0.05289950649888903,0.834992106259977,0.008726311310843633,0.00019175338879938564,0.1409355914088013,0.13220928009795765,0.008917179474481656,0.01336172477406628,0.14134255665317613,0.13242537717869446,0.026124764962079935,0.0,0.5964822139454048,0.5703574489833249,0.0,0.0,0.0,0.0,0.04376825574740522,0.013553478162865666,0.031196968948190955,0.8787603620073822,0.29583162622484305,not_applicable_to_updated_policy,145130,63979,19040,105346,39302,44367,15837,0.42115505097488276,0.40295659253981986,281926,81277,294868236288,85103007744,2.676190837810643
conversation_trace,0.01,1.0,"l1=0.01,l2x1",next_use,2,0,pi0,lru,1857442038,learned,1857442038,tree,union,5183,58742117,117184,6657900,3218284,3439616,6291,6718,1427,730624,271289,130189,141100,108801,0,2624115893837.824,0,prefix_first,sampled,16,2,onpolicy,249901,0.0,0,0,272991912093.69608,439808,5017616384,393212007641.0881,577024,7792379904,532275657318.39984,747008,10738190336,634535010768.8964,843264,11957250048,464606119974.9122,571904,8161757184,326495186040.8319,260608,5535973376,2960,32962016,65773,1918856,1949696,3868552,3808,439808,859,56.530487298965454,5183,14,55523833,110893,3439616,6718,48783787,97579,0,0,445917,873,29184,57,8246605,16116,7800688,15243,579743,1134,701440,1370,8068360,15773,7488617,14639,1544146,3162,0,0,35038628,70859,33494482,67697,0,0,0,0,0,0,0,0,2569806,730624,1756284,51353593,17045589,True,1.0,0.0547866533308631,0.05855451208883058,0.11334116541969368,0.01243782208257833,0.9452133466691369,0.05855451208883058,0.8304737638243443,0.007591095159202383,0.0004968155982529536,0.14038658157314965,0.13279548641394726,0.009869290206207583,0.011941006484325377,0.13735221697917357,0.127482926772966,0.02628686330797373,0.0,0.5964822139454048,0.5701953506374311,0.0,0.0,0.0,0.0,0.0437472486733837,0.01243782208257833,0.0298982074479883,0.874221012497728,0.2901766206349015,unavailable_for_cell,141100,63101,19614,108801,39659,40899,14228,0.3759064714478727,0.3587584154920699,147843,49191,154727938048,51475243008,1.3588386136156836
conversation_trace,0.01,1.0,"l1=0.01,l2x1",next_use,2,1,pi1,lru,1857442038,learned,1857442038,tree,union,5183,58742117,117184,6274898,3218284,3056614,6291,5972,1659,849408,271289,119768,151521,99094,0,2624016476899.328,0,prefix_first,sampled,16,2,onpolicy,250615,0.0,0,0,237604483446.7841,372477,4186349568,364843023239.1679,505458,6616731648,523018536988.67206,687616,9349984256,647649385365.5043,759296,11261710336,479818803752.9598,493175,8370964480,371082244106.2399,238592,6410473472,2960,32962016,65773,1918856,1807474,3726330,3531,515584,1007,56.27753663063049,5183,19,55523833,110893,3056614,5972,49048056,98098,0,0,509099,996,25600,50,8596278,16799,8087179,15803,525396,1027,823808,1609,7982905,15604,7457509,14577,1535260,3141,0,0,35038628,70859,33503368,67718,0,0,0,0,0,0,0,0,2569755,849408,1883903,51617811,17428591,True,1.0,0.0547866533308631,0.05203445425707078,0.10682110758793388,0.014459948728099125,0.9452133466691369,0.05203445425707078,0.8349725632121838,0.008666677777377346,0.00043580315636224007,0.14633926114715953,0.1376725833697822,0.008944110747659979,0.014024145571736885,0.13589746859140264,0.12695335784374268,0.026135591946745806,0.0,0.5964822139454048,0.5703466219986589,0.0,0.0,0.0,0.0,0.043746380471783135,0.014459948728099125,0.03207073725313645,0.878718943683967,0.2966966784666613,not_applicable_to_updated_policy,151521,65910,18896,99094,37361,41726,15239,0.42107493894685855,0.4078852279114585,246001,76505,256764344320,80066310144,2.4825014632571096
conversation_trace,0.01,1.0,"l1=0.01,l2x1",next_use,2,2,pi2,lru,1857442038,learned,1857442038,tree,union,5183,58742117,117184,6294613,3218284,3076329,6291,6010,1702,871424,271289,122619,148670,101669,0,2624050825908.224,0,prefix_first,sampled,16,2,onpolicy,250339,0.0,0,0,216326877003.77628,353792,4203728896,345090493642.752,487026,6772561920,509039519250.432,656384,9645010944,654113878005.7603,760832,11779866624,504494609358.8479,539767,8854112256,394985448646.6557,278528,6866624512,2960,32962016,65773,1918856,1840242,3759098,3595,483840,945,56.59030532836914,5183,16,55523833,110893,3076329,6010,49004222,98014,0,0,515217,1008,46080,90,8310047,16241,7794830,15233,521067,1019,825344,1612,8227405,16081,7706338,15062,1535574,3140,0,0,35038628,70859,33503054,67719,0,0,0,0,0,0,0,0,2571858,871424,1907708,51576080,17408876,True,1.0,0.0547866533308631,0.05237007375815209,0.10715672708901519,0.014834739442570652,0.9452133466691369,0.05237007375815209,0.8342263524482783,0.008770827922323603,0.0007844456814520321,0.1414665903171314,0.1326957623948078,0.008870415752976693,0.01405029376111862,0.14005972920587795,0.13118931345290127,0.026140937344835562,0.0,0.5964822139454048,0.5703412766005692,0.0,0.0,0.0,0.0,0.04378218102013586,0.014834739442570652,0.03247598311787095,0.8780085334684141,0.29636105896558,not_applicable_to_updated_policy,148670,64132,19178,101669,39063,43662,16269,0.42945243879648665,0.41648106904231624,302253,91753,316401385472,96105424896,2.9729120970994107
conversation_trace,0.01,1.0,"l1=0.01,l2x1",next_use,2,3,pi3,lru,1857442038,learned,1857442038,tree,union,5183,58742117,117184,6295622,3218284,3077338,6291,6012,1595,816640,271289,121677,149612,100843,0,2624008331151.358,0,prefix_first,sampled,16,2,onpolicy,250455,0.0,0,0,223984200708.09592,349169,4139081728,353073968611.3277,486514,6677211136,514899321483.26355,668672,9483982848,649536797970.4315,776704,11551283200,492534302287.8716,532599,8615690240,389979740090.36786,263680,6680170496,2960,32962016,65773,1918856,1879154,3798010,3671,412160,805,56.18346166610718,5183,17,55523833,110893,3077338,6012,49058464,98120,0,0,515131,1008,33280,65,8521253,16652,8006122,15644,524209,1025,783360,1530,8069974,15775,7545765,14750,1532051,3133,0,0,35038628,70859,33506577,67726,0,0,0,0,0,0,0,0,2571391,816640,1855980,51629855,17407867,True,1.0,0.0547866533308631,0.052387250530994654,0.10717390386185775,0.013902120687955459,0.9452133466691369,0.052387250530994654,0.8351497444329424,0.008769363896095199,0.0005665441032709121,0.14506206849848466,0.13629270460238946,0.00892390378099584,0.013335576584684546,0.13737969300629735,0.1284557892253015,0.02608096334015337,0.0,0.5964822139454048,0.5704012506052514,0.0,0.0,0.0,0.0,0.043774231017244404,0.013902120687955459,0.031595388365046495,0.8789239754501867,0.29634388219273744,not_applicable_to_updated_policy,149612,65016,19062,100843,38287,42628,15645,0.42271649990579413,0.40862433724240604,282502,84052,295548694528,88022534144,2.8014041629066964
conversation_trace,0.01,1.0,"l1=0.01,l2x1",next_use,3,0,pi0,lru,1857442038,learned,1857442038,tree,union,5183,58742117,117184,6696812,3218284,3478528,6291,6794,1334,683008,271289,130017,141272,108686,0,2624100720564.224,0,prefix_first,sampled,16,3,onpolicy,249958,0.0,0,0,272818428241.91998,444416,5005129728,390230619066.3682,588288,7788191744,531538531702.78406,747008,10730262528,635558167085.0557,831488,12008710144,467375564300.28815,575488,8164241408,326579410167.80817,291840,5582817280,2960,32962016,65773,1918856,1991680,3910536,3890,391680,765,56.27409482002258,5183,14,55523833,110893,3478528,6794,48792816,97596,0,0,443357,868,52224,102,8223824,16072,7780467,15204,581791,1138,630784,1232,8099845,15834,7518054,14696,1544333,3163,0,0,35038628,70859,33494295,67696,0,0,0,0,0,0,0,0,2569481,683008,1708156,51362297,17006677,True,1.0,0.0547866533308631,0.05921693288650118,0.11400358621736428,0.011627228211744564,0.9452133466691369,0.05921693288650118,0.830627469554766,0.007547514843566159,0.0008890384389789697,0.13999876783466964,0.13245125299110347,0.009904154458716563,0.010738189772765595,0.13788820379081673,0.12798404933210017,0.026290046713842472,0.0,0.5964822139454048,0.5701921672315623,0.0,0.0,0.0,0.0,0.04374171601612519,0.011627228211744564,0.029078897514027285,0.8743691855708912,0.2895141998372309,unavailable_for_cell,141272,63025,19559,108686,39754,40825,14185,0.3756233553539554,0.3568194395532525,147020,48408,153841932288,50639577088,1.3527041201258672
conversation_trace,0.01,1.0,"l1=0.01,l2x1",next_use,3,1,pi1,lru,1857442038,learned,1857442038,tree,union,5183,58742117,117184,6170582,3218284,2952298,6291,5768,1869,956928,271289,116912,154377,96220,0,2624007512940.5435,0,prefix_first,sampled,16,3,onpolicy,250597,0.0,0,0,229885001947.13596,355201,4185088000,358900974434.30383,482418,6625667072,520232322279.42426,649728,9355395072,650342300532.7356,738304,11199641600,485479584790.5281,476279,8336777216,379167328956.41595,250368,6408890368,2960,32962016,65773,1918856,1798770,3717626,3514,513024,1002,55.287667751312256,5183,18,55523833,110893,2952298,5768,49044595,98091,0,0,527131,1031,33792,66,8687514,16976,8160383,15945,507744,993,923136,1803,7888465,15421,7380721,14428,1535137,3141,0,0,35038628,70859,33503491,67718,0,0,0,0,0,0,0,0,2570012,956928,1991803,51614607,17532907,True,1.0,0.0547866533308631,0.050258624489137836,0.10504527782000093,0.016290321984820534,0.9452133466691369,0.050258624489137836,0.834913644668271,0.008973646625639998,0.0005752601663981568,0.14789242273988865,0.13891877611424866,0.008643610852499579,0.015715061818422377,0.13428976350988509,0.1256461526573855,0.026133498048767974,0.0,0.5964822139454048,0.5703487158966368,0.0,0.0,0.0,0.0,0.04375075552690755,0.016290321984820534,0.03390757946296011,0.8786644001951786,0.29847250823459426,not_applicable_to_updated_policy,154377,66006,18918,96220,37263,41056,15435,0.4266888380794014,0.41421785685532564,253834,81209,265470377984,85043337216,2.6380586156724175
conversation_trace,0.01,1.0,"l1=0.01,l2x1",next_use,3,2,pi2,lru,1857442038,learned,1857442038,tree,union,5183,58742117,117184,6277091,3218284,3058807,6291,5975,1680,859762,271289,117010,154279,96260,0,2624041374439.4233,0,prefix_first,sampled,16,3,onpolicy,250539,0.0,0,0,212363976962.04813,340480,4069087232,342246010787.84,481792,6607357952,507212073553.9199,664064,9407875072,652976416497.6635,761344,11364028416,506537198835.71185,513143,8493987840,402705697802.2401,297984,6738442240,2960,32962016,65773,1918856,1849856,3768712,3613,456306,892,56.2342848777771,5183,15,55523833,110893,3058807,5975,49032355,98070,0,0,525083,1027,35840,70,8546936,16703,8021853,15676,515809,1009,823922,1610,8019700,15676,7503891,14667,1532017,3132,0,0,35038628,70859,33506611,67727,0,0,0,0,0,0,0,0,2572909,859762,1900654,51605264,17426398,True,1.0,0.0547866533308631,0.05207178692589509,0.1068584402567582,0.014636210676574698,0.9452133466691369,0.05207178692589509,0.8347052762841353,0.00893878237313102,0.0006101244189071361,0.1454992846103929,0.1365605022372619,0.00878090587031448,0.014026086257667561,0.1365238505108694,0.1277429446405549,0.026080384539086326,0.0,0.5964822139454048,0.5704018294063185,0.0,0.0,0.0,0.0,0.043800072782531826,0.014636210676574698,0.03235589892002019,0.8785053490666671,0.29665934579783704,not_applicable_to_updated_policy,154279,65465,18978,96260,37788,41412,15667,0.4302098483274465,0.4146025193183021,287050,88547,300157061120,92741464064,2.9820278412632453
conversation_trace,0.01,1.0,"l1=0.01,l2x1",next_use,3,3,pi3,lru,1857442038,learned,1857442038,tree,union,5183,58742117,117184,6269908,3218284,3051624,6291,5961,1760,900722,271289,121188,150101,100305,0,2624013372119.0396,0,prefix_first,sampled,16,3,onpolicy,250406,0.0,0,0,212409484742.65585,335857,4087425024,341847840217.08777,469504,6613172224,505711782739.96826,648192,9417224192,652772615352.3203,760320,11543001088,506755696840.7034,525943,8671463424,404515952226.30396,311808,6751719424,2960,32962016,65773,1918856,1887744,3806600,3687,411762,805,55.96101236343384,5183,16,55523833,110893,3051624,5961,48999025,98005,0,0,526907,1031,35328,69,8494091,16599,7967184,15568,516017,1009,865394,1691,8038768,15714,7522751,14705,1529538,3127,0,0,35038628,70859,33509090,67732,0,0,0,0,0,0,0,0,2572462,900722,1943646,51571487,17433581,True,1.0,0.0547866533308631,0.051949506688701734,0.10673616001956483,0.01533349572675428,0.9452133466691369,0.051949506688701734,0.8341378810028246,0.008969833348021828,0.0006014083557798913,0.14459967454016,0.13562984119213817,0.008784446770959922,0.01473208737097439,0.13684845576811608,0.12806400899715617,0.026038183131874528,0.0,0.5964822139454048,0.5704440308135302,0.0,0.0,0.0,0.0,0.043792463250856284,0.01533349572675428,0.03308777584573603,0.8779303442536809,0.2967816260350304,not_applicable_to_updated_policy,150101,65045,19110,100305,38141,42703,15624,0.42573151886745425,0.40963792244566216,288018,82402,301186078720,86284589056,2.8714221624046656
conversation_trace,0.01,1.0,"l1=0.01,l2x1",next_use,4,0,pi0,lru,1857442038,learned,1857442038,tree,union,5183,58742117,117184,6695395,3218284,3477111,6291,6792,1347,689664,271289,129878,141411,108549,0,2624096602925.0557,0,prefix_first,sampled,16,4,onpolicy,249960,0.0,0,0,273792384868.35184,440832,4990576640,389662855954.43176,576000,7689672704,531029136267.26373,756736,10693611520,635402136573.9521,840704,11909500928,466971972186.11194,556663,8114716672,327238117074.9442,306176,5559945216,2960,32962016,65773,1918856,2002432,3921288,3911,384000,750,56.43241095542908,5183,15,55523833,110893,3477111,6792,48787151,97586,0,0,443869,869,39424,77,8239685,16101,7795816,15232,584863,1144,650240,1270,8078745,15794,7493882,14650,1541175,3155,0,0,35038628,70859,33497453,67704,0,0,0,0,0,0,0,0,2569907,689664,1718396,51357058,17008094,True,1.0,0.0547866533308631,0.0591928105008541,0.1139794638317172,0.011740537032398747,0.9452133466691369,0.0591928105008541,0.83053103108286,0.007556230906693403,0.0006711368607978497,0.14026877853244546,0.13271254762575208,0.009956450837480032,0.011069400171600897,0.1375290066580338,0.12757255582055377,0.0262362863088506,0.0,0.5964822139454048,0.5702459276365542,0.0,0.0,0.0,0.0,0.043748968053024036,0.011740537032398747,0.029253218776572183,0.8742799991358841,0.289538322222878,unavailable_for_cell,141411,63329,19555,108549,39438,40778,14042,0.3756644464711789,0.35605253816116433,146821,48225,153627416576,50449631232,1.3525780983703213
conversation_trace,0.01,1.0,"l1=0.01,l2x1",next_use,4,1,pi1,lru,1857442038,learned,1857442038,tree,union,5183,58742117,117184,6297938,3218284,3079654,6291,6017,1631,835072,271289,121071,150218,100436,0,2624072829648.8965,0,prefix_first,sampled,16,4,onpolicy,250654,0.0,0,0,239208695265.28003,377597,4218699776,368030396758.0161,517746,6693314560,525684897699.8401,683520,9481390080,648109498896.3843,763904,11356184576,478130583685.12006,484983,8447342592,364908757344.2559,251904,6435852288,2960,32962016,65773,1918856,1869938,3788794,3653,475648,929,56.074097633361816,5183,19,55523833,110893,3079654,6017,49039308,98081,0,0,511035,1000,15360,30,8549066,16707,8038031,15707,519845,1016,819712,1601,8021413,15679,7501568,14663,1538919,3148,0,0,35038628,70859,33499709,67711,0,0,0,0,0,0,0,0,2569799,835072,1865952,51609107,17405551,True,1.0,0.0547866533308631,0.052426677097796796,0.1072133304286599,0.014215898960536271,0.9452133466691369,0.052426677097796796,0.8348236411023457,0.00869963539107724,0.000261481893817344,0.14553554479488712,0.13683590940380988,0.008849612961684714,0.013954417066718927,0.13655301187051191,0.1277033989088272,0.026197881155696177,0.0,0.5964822139454048,0.5702843327897086,0.0,0.0,0.0,0.0,0.04374712950845813,0.014215898960536271,0.03176514731329823,0.8785707706108038,0.2963044556259353,not_applicable_to_updated_policy,150218,65537,18857,100436,37717,42008,15440,0.4182564020869011,0.4093644775565395,245762,75828,256725852160,79392258048,2.4469512923652874
conversation_trace,0.01,1.0,"l1=0.01,l2x1",next_use,4,2,pi2,lru,1857442038,learned,1857442038,tree,union,5183,58742117,117184,6322246,3218284,3103962,6291,6064,1619,828928,271289,121943,149346,101019,0,2624007550867.456,0,prefix_first,sampled,16,4,onpolicy,250365,0.0,0,0,214321263583.23196,355313,4132311040,345084139964.4159,498290,6684688384,508877687994.36804,665088,9579055104,653235435204.6082,764416,11645227008,503784207284.2239,520311,8743215104,398704816836.60803,300544,6838173696,2960,32962016,65773,1918856,1865330,3784186,3644,438784,857,55.9883553981781,5183,17,55523833,110893,3103962,6064,49019427,98044,0,0,516698,1011,22528,44,8387439,16393,7870741,15382,522673,1022,806400,1575,8164876,15958,7642203,14936,1532145,3133,0,0,35038628,70859,33506483,67726,0,0,0,0,0,0,0,0,2571516,828928,1868299,51590943,17381243,True,1.0,0.0547866533308631,0.05284048581361138,0.10762713914447448,0.014111306203009334,0.9452133466691369,0.05284048581361138,0.8344851956901723,0.00879603981586159,0.00038350677759877127,0.142784077734209,0.1339880379183474,0.008897755591614105,0.013727799425410562,0.13899526297290238,0.13009750738128828,0.026082563554868137,0.0,0.5964822139454048,0.5703996503905366,0.0,0.0,0.0,0.0,0.04377635896234383,0.014111306203009334,0.031805101610485026,0.8782615546525162,0.29589064691012074,not_applicable_to_updated_policy,149346,64581,19151,101019,38643,43185,16049,0.42749383779289046,0.4153145459721036,294808,90331,308400607232,94607118336,2.9183420940615132
conversation_trace,0.01,1.0,"l1=0.01,l2x1",next_use,4,3,pi3,lru,1857442038,learned,1857442038,tree,union,5183,58742117,117184,6283220,3218284,3064936,6291,5987,1629,834048,271289,124992,146297,104136,0,2623985277804.5435,0,prefix_first,sampled,16,4,onpolicy,250433,0.0,0,0,225480897269.7599,361969,4178079744,351999290624.00006,489984,6764992512,514570326276.09576,666112,9739808768,649011954321.4076,745472,11762460672,494194648719.3602,515191,8830814208,388728160593.9199,286208,6804637696,2960,32962016,65773,1918856,1888768,3807624,3689,395776,773,56.21884608268738,5183,16,55523833,110893,3064936,5987,49053315,98110,0,0,522842,1023,22528,44,8331095,16282,7808253,15259,516153,1010,811520,1585,8255126,16136,7738973,15126,1532539,3134,0,0,35038628,70859,33506089,67725,0,0,0,0,0,0,0,0,2571534,834048,1873043,51624849,17420269,True,1.0,0.0547866533308631,0.0521761243300101,0.1069627776608732,0.01419846683428178,0.9452133466691369,0.0521761243300101,0.8350620901184068,0.008900632573388528,0.00038350677759877127,0.14182490222475297,0.13292426965136445,0.008786761975228097,0.01381496005668301,0.14053163933468724,0.13174487735945914,0.026089270837821525,0.0,0.5964822139454048,0.5703929431075833,0.0,0.0,0.0,0.0,0.04377666538643815,0.01419846683428178,0.03188586138289841,0.878838755504845,0.296555008393722,not_applicable_to_updated_policy,146297,64084,19083,104136,39207,43359,15699,0.4163689790274257,0.4004131915219221,271481,81016,283926521856,84835905536,2.6069850964123837
conversation_trace,0.01,4.0,"l1=0.01,l2x4",binary,0,0,pi0,lru,1857442038,learned,7429768151,tree,union,5183,58742117,117184,12364908,3218284,9146624,6291,17866,2036,1042432,271289,263584,7705,209422,0,10497735314315.262,0,prefix_first,sampled,16,0,onpolicy,217127,0.0,0,0,1088784749355.0074,1127921,9289259008,1659081589876.7366,1586959,15503962112,2268395320111.102,2011136,22990241792,2494109247002.623,2184192,27627419648,1778557786611.7124,1415168,21002741760,1208806621358.08,821248,15064455168,2960,32962016,65773,1918856,5186048,7104904,10129,514560,1005,56.86796307563782,5183,17,55523833,110893,9146624,17866,42799457,85825,0,0,6755,17,0,0,12742,33,5987,16,747370,1468,1042432,2036,10283407,20099,9536037,18631,1781195,3681,0,0,35038628,70859,33257433,67178,0,0,0,0,0,0,0,0,2535320,1042432,1796557,45334777,11338581,True,1.0,0.0547866533308631,0.15570810973666474,0.21049476306752785,0.017745904527070415,0.9452133466691369,0.15570810973666474,0.7285991582496082,0.00011499415317292701,0.0,0.00021691421165498682,0.00010192005848205981,0.012722898631658099,0.017745904527070415,0.17506020424834196,0.16233730561668386,0.030322281370962507,0.0,0.5964822139454048,0.5661599325744423,0.0,0.0,0.0,0.0,0.04316017415579353,0.017745904527070415,0.03058379731190144,0.7717593324054017,0.19302302298706736,matched,7705,3493,47068,209422,87509,97556,40516,0.46583453505362377,0.46299237792684184,436536,176403,457636042752,184929392640,2.0844801405773987
conversation_trace,0.01,4.0,"l1=0.01,l2x4",binary,0,1,pi1,lru,1857442038,learned,7429768151,tree,union,5183,58742117,117184,12162884,3218284,8944600,6291,17473,1702,869493,271289,262031,9258,209244,0,10497549328197.63,0,prefix_first,sampled,16,0,onpolicy,218502,0.0,0,0,932070267922.432,944118,8486836224,1481836241397.76,1357356,14057639936,2127719025739.777,1841471,21542471680,2524014701127.6787,2168832,26180644864,1941035450003.4563,1554551,20046159872,1490873642006.527,1078272,14540615680,2960,32962016,65773,1918856,4911918,6830774,9595,490290,960,57.529067277908325,5183,23,55523833,110893,8944600,17473,43159705,86558,0,0,129882,254,78540,154,846796,1655,716914,1401,771125,1509,790953,1548,9824316,19204,9053191,17695,1649028,3397,0,0,35038628,70859,33389600,67462,0,0,0,0,0,0,0,0,2550035,869493,1770500,45709740,11540605,True,1.0,0.0547866533308631,0.15226894189053486,0.20705559522139796,0.014801866946674734,0.9452133466691369,0.15226894189053486,0.7347318619790295,0.002211054123228143,0.0013370304648707163,0.01441548318730154,0.012204429064073397,0.013127293318352827,0.013464836481804018,0.16724484069922096,0.15411754738086814,0.028072328411316873,0.0,0.5964822139454048,0.5684098855340879,0.0,0.0,0.0,0.0,0.043410675852897845,0.014801866946674734,0.030140214388255704,0.7781425378319273,0.19646219083319724,not_applicable_to_updated_policy,9258,8545,45662,209244,83222,98754,37370,0.4719561851235878,0.4490399173295523,541186,168841,556834072576,173589608448,2.586387184339814
conversation_trace,0.01,4.0,"l1=0.01,l2x4",binary,0,2,pi2,lru,1857442038,learned,7429768151,tree,union,5183,58742117,117184,11910479,3218284,8692195,6291,16979,2537,1298944,271289,254372,16917,201443,0,10497738163144.705,0,prefix_first,sampled,16,0,onpolicy,218360,0.0,0,0,850823602819.0721,902129,7253999616,1385889967235.071,1310587,13325152256,2044083242936.3198,1782784,21183117312,2509430403700.737,2096640,26447955968,2030826020726.7834,1521783,20477655040,1676684925726.722,1078272,14907596800,2960,32962016,65773,1918856,4755631,6674487,9289,727552,1421,58.38182520866394,5183,18,55523833,110893,8692195,16979,42979492,86212,0,0,209529,411,228864,447,853029,1675,643500,1264,684809,1341,1070080,2090,9641037,18843,8956228,17502,1658864,3413,0,0,35038628,70859,33379764,67446,0,0,0,0,0,0,0,0,2553202,1298944,2193282,45532694,11793010,True,1.0,0.0547866533308631,0.14797211002797192,0.20275876335883503,0.02211265215382006,0.9452133466691369,0.14797211002797192,0.7316639950174081,0.0035669296698993672,0.0038960802178784264,0.014521591041739269,0.010954661371839902,0.01165788764473708,0.018216571935941634,0.16412477950020085,0.15246689185546378,0.02823977215530043,0.0,0.5964822139454048,0.5682424417901044,0.0,0.0,0.0,0.0,0.04346458946993688,0.02211265215382006,0.03733746946845651,0.7751285844873449,0.20075902269576018,not_applicable_to_updated_policy,16917,11047,45834,201443,80340,96704,37186,0.48005639312361315,0.46285785411999003,679670,212597,711733307392,222467942400,3.3740065427937433
conversation_trace,0.01,4.0,"l1=0.01,l2x4",binary,0,3,pi3,lru,1857442038,learned,7429768151,tree,union,5183,58742117,117184,12027672,3218284,8809388,6291,17209,2180,1114928,271289,266853,4436,213860,0,10497512585861.12,0,prefix_first,sampled,16,0,onpolicy,218296,0.0,0,0,870847188011.0079,910969,8817035264,1428893721708.5427,1332955,14765993984,2082879628955.6475,1821184,22564163584,2524052162076.6714,2126305,27335600128,1999264685811.713,1541751,21000579072,1591575199297.5366,1076224,15097065472,2960,32962016,65773,1918856,4787970,6706826,9353,666212,1303,58.17986702919006,5183,23,55523833,110893,8809388,17209,43050415,86344,0,0,82944,162,87552,171,366840,717,283896,555,817462,1601,1027376,2009,10194049,19928,9376587,18327,1648696,3397,0,0,35038628,70859,33389932,67462,0,0,0,0,0,0,0,0,2549102,1114928,2015334,45599517,11675817,True,1.0,0.0547866533308631,0.14996715218826723,0.20475380551913033,0.018980044590493735,0.9452133466691369,0.14996715218826723,0.7328713570197002,0.0014120022266136578,0.001490446794758861,0.0062449230421845366,0.004832920815570879,0.013916114054929277,0.017489597795734873,0.1735390129027866,0.15962289884785733,0.028066676589132804,0.0,0.5964822139454048,0.568415537356272,0.0,0.0,0.0,0.0,0.043394792870675734,0.018980044590493735,0.03430816087203667,0.7762661498903759,0.19876398053546487,not_applicable_to_updated_policy,4436,4001,45872,213860,87539,102100,40578,0.47741513139437014,0.4635419641531203,646589,222227,667393509376,229258543104,3.0234218647713456
conversation_trace,0.01,4.0,"l1=0.01,l2x4",binary,1,0,pi0,lru,1857442038,learned,7429768151,tree,union,5183,58742117,117184,12517973,3218284,9299689,6291,18165,1820,931840,271289,263566,7723,209301,0,10497721304819.715,0,prefix_first,sampled,16,1,onpolicy,217024,0.0,0,0,1089467892830.2073,1128960,9291167744,1662645026478.0798,1601138,15498473472,2265511294183.425,2021376,22974642176,2495025493262.3384,2215936,27626651648,1774832727570.4326,1487479,21011126272,1210238870495.2314,844800,15054905344,2960,32962016,65773,1918856,5231730,7150586,10219,487424,952,56.751994371414185,5183,16,55523833,110893,9299689,18165,42759176,85741,0,0,6261,17,512,1,11693,33,5432,16,741425,1456,931328,1819,10241983,20016,9500558,18560,1785442,3694,0,0,35038628,70859,33253186,67165,0,0,0,0,0,0,0,0,2533128,931840,1679526,45292304,11185516,True,1.0,0.0547866533308631,0.15831382106981265,0.21310047440067575,0.01586323489158554,0.9452133466691369,0.15831382106981265,0.7279134321972087,0.00010658451413999941,8.716063127244801e-06,0.00019905649638061223,9.247198224061281e-05,0.012621693562729446,0.015854518828458293,0.17435502026595331,0.16173332670322385,0.03039458043366057,0.0,0.5964822139454048,0.5660876335117442,0.0,0.0,0.0,0.0,0.043122858510530014,0.01586323489158554,0.028591512968454986,0.7710362907077387,0.19041731165391945,matched,7723,3503,47170,209301,87415,97712,40520,0.4668491789336888,0.46353600640622317,438364,176699,459549179904,185245476864,2.094419042431713
conversation_trace,0.01,4.0,"l1=0.01,l2x4",binary,1,1,pi1,lru,1857442038,learned,7429768151,tree,union,5183,58742117,117184,12124605,3218284,8906321,6291,17399,1816,927643,271289,262692,8597,210008,0,10497530537795.584,0,prefix_first,sampled,16,1,onpolicy,218605,0.0,0,0,902798801876.992,922019,8344791040,1452937362225.1519,1348344,14037893120,2104415425871.871,1830207,21619456000,2530006408718.336,2158592,26437017600,1971002917410.8174,1566327,20355344384,1536369621692.4165,1080832,14760689664,2960,32962016,65773,1918856,4869422,6788278,9512,528646,1035,57.67867994308472,5183,25,55523833,110893,8906321,17399,43140237,86520,0,0,140288,274,129054,253,786944,1537,646656,1263,764386,1496,798589,1563,9864297,19282,9099911,17786,1644958,3388,0,0,35038628,70859,33393670,67471,0,0,0,0,0,0,0,0,2549632,927643,1832317,45689869,11578884,True,1.0,0.0547866533308631,0.15161729700684776,0.20640395033771083,0.015791787006927245,0.9452133466691369,0.15161729700684776,0.7344004472974646,0.0023882012968650754,0.0021969586148895518,0.01339658902657526,0.011008387729710184,0.013012571542152625,0.013594828392037692,0.16792545968338185,0.15491288814122922,0.028003042518879598,0.0,0.5964822139454048,0.5684791714265252,0.0,0.0,0.0,0.0,0.0434038153578973,0.015791787006927245,0.031192559845944948,0.777804262655362,0.19711383571688437,not_applicable_to_updated_policy,8597,7827,45542,210008,83916,100975,38433,0.4808150165707973,0.457993707993708,583595,182524,599498000384,187253694464,2.77891794598301
conversation_trace,0.01,4.0,"l1=0.01,l2x4",binary,1,2,pi2,lru,1857442038,learned,7429768151,tree,union,5183,58742117,117184,11846100,3218284,8627816,6291,16852,2506,1283072,271289,252683,18606,199918,0,10497682731167.748,0,prefix_first,sampled,16,1,onpolicy,218524,0.0,0,0,862277007216.6403,898545,7092430848,1386239392065.5369,1312768,13057673216,2053900149803.009,1791488,20793403392,2506679441580.0317,2099200,26128584704,2032697352175.6157,1516663,20337811456,1655889388326.9136,1009152,14854336512,2960,32962016,65773,1918856,4679168,6598024,9139,762880,1490,57.470715284347534,5183,16,55523833,110893,8627816,16852,43059619,86368,0,0,234350,460,189440,370,1007840,1976,773490,1516,659557,1293,1093632,2136,9566477,18700,8906920,17407,1659419,3414,0,0,35038628,70859,33379209,67445,0,0,0,0,0,0,0,0,2553326,1283072,2176979,45612945,11857389,True,1.0,0.0547866533308631,0.14687615020752487,0.20166280353838797,0.02184245419687547,0.9452133466691369,0.14687615020752487,0.7330280418732611,0.00398947147240199,0.0032249433570805766,0.017157025512035937,0.013167554039633949,0.011228008687531639,0.018617510839794894,0.16285550280729583,0.1516274941197642,0.028249220231541878,0.0,0.5964822139454048,0.5682329937138629,0.0,0.0,0.0,0.0,0.04346670039147551,0.02184245419687547,0.0370599343568091,0.7764947422647366,0.20185498251620723,not_applicable_to_updated_policy,18606,12307,45672,199918,79237,95370,36300,0.47704558869136343,0.45811931294723424,645849,197486,676194228224,206558930944,3.2305695335087385
conversation_trace,0.01,4.0,"l1=0.01,l2x4",binary,1,3,pi3,lru,1857442038,learned,7429768151,tree,union,5183,58742117,117184,12066377,3218284,8848093,6291,17285,2025,1035737,271289,260822,10467,208094,0,10497557876533.248,0,prefix_first,sampled,16,1,onpolicy,218561,0.0,0,0,833425640626.1759,901753,7699310592,1388985822959.6145,1325037,13413607424,2054126050828.289,1817088,21396836352,2542888445515.777,2155520,26649987072,2032389892038.656,1570935,20671623168,1645742024564.7363,1077760,14978902016,2960,32962016,65773,1918856,4833569,6752425,9442,578914,1132,56.97472405433655,5183,22,55523833,110893,8848093,17285,43088663,86422,0,0,202328,396,123151,241,884433,1729,682105,1333,702000,1374,912586,1784,9716942,18995,9014942,17621,1647012,3391,0,0,35038628,70859,33391616,67468,0,0,0,0,0,0,0,0,2551340,1035737,1940065,45640003,11637112,True,1.0,0.0547866533308631,0.1506260491088532,0.2054127024397163,0.017631931787545213,0.9452133466691369,0.1506260491088532,0.7335224741730026,0.0034443430086116915,0.002096468535514306,0.015056198944958011,0.011611855936346319,0.011950539678370802,0.015535463252030906,0.16541695288237568,0.1534664132040049,0.02803800891275335,0.0,0.5964822139454048,0.5684442050326515,0.0,0.0,0.0,0.0,0.04343289159973584,0.017631931787545213,0.0330268144745277,0.7769553657727385,0.1981050836148789,not_applicable_to_updated_policy,10467,8577,45609,208094,83055,99182,37683,0.4766211423683528,0.45371139606284994,652653,199771,672450013184,205647144960,3.1363374244331887
conversation_trace,0.01,4.0,"l1=0.01,l2x4",binary,2,0,pi0,lru,1857442038,learned,7429768151,tree,union,5183,58742117,117184,12376120,3218284,9157836,6291,17887,2061,1055232,271289,263494,7795,209335,0,10497703283922.941,0,prefix_first,sampled,16,2,onpolicy,217130,0.0,0,0,1089546415579.1356,1124352,9280704512,1662623799257.0867,1577676,15497924608,2263799824961.535,1993728,22992373760,2492912349997.0557,2165248,27634243584,1776307860903.936,1451520,21008943104,1212513033224.1921,845312,15065677824,2960,32962016,65773,1918856,5157376,7076232,10073,558592,1091,56.65453863143921,5183,15,55523833,110893,9157836,17887,42775715,85777,0,0,5020,15,0,0,10267,29,5247,14,748083,1468,1055232,2061,10261870,20057,9513787,18589,1781947,3685,0,0,35038628,70859,33256681,67174,0,0,0,0,0,0,0,0,2535050,1055232,1808335,45310765,11327369,True,1.0,0.0547866533308631,0.15589897790030277,0.21068563123116588,0.017963806105251535,0.9452133466691369,0.15589897790030277,0.7281949848692039,8.5458275192908e-05,0.0,0.00017478089868637182,8.932262349346382e-05,0.01273503643050522,0.017963806105251535,0.1746935678194914,0.1619585313889862,0.03033508308868065,0.0,0.5964822139454048,0.5661471308567242,0.0,0.0,0.0,0.0,0.04315557779437878,0.017963806105251535,0.030784300810949662,0.7713505626635826,0.19283215482342933,matched,7795,3505,47069,209335,87454,97544,40399,0.4659708123342967,0.46194570860109313,437375,176491,458508810240,185025560576,2.0893543841211457
conversation_trace,0.01,4.0,"l1=0.01,l2x4",binary,2,1,pi1,lru,1857442038,learned,7429768151,tree,union,5183,58742117,117184,12211922,3218284,8993638,6291,17569,1769,903030,271289,262217,9072,209327,0,10497515111464.96,0,prefix_first,sampled,16,2,onpolicy,218399,0.0,0,0,908708454789.1205,926115,8354144256,1461918714849.2805,1359916,13943111680,2106867278721.023,1865535,21502748672,2527385753710.593,2196961,26355138560,1963754767022.0798,1575543,20277311488,1528880142372.8635,1069568,14718038016,2960,32962016,65773,1918856,4939535,6858391,9649,496136,972,57.662829637527466,5183,25,55523833,110893,8993638,17569,43076587,86397,0,0,143872,281,160460,314,825458,1613,681586,1332,756225,1480,742570,1455,9763079,19083,9006854,17603,1650481,3397,0,0,35038628,70859,33388147,67462,0,0,0,0,0,0,0,0,2550578,903030,1803127,45627165,11491567,True,1.0,0.0547866533308631,0.15310374326481968,0.20789039659568279,0.015372786105070065,0.9452133466691369,0.15310374326481968,0.7333168976528374,0.002449213738755789,0.0027316005652298844,0.014052234447049295,0.011603020708293506,0.012873642262501367,0.01264118553984018,0.16620236890679305,0.1533287266442917,0.02809706364515259,0.0,0.5964822139454048,0.5683851503002522,0.0,0.0,0.0,0.0,0.043419919646409746,0.015372786105070065,0.03069564210632722,0.7767368172992472,0.19562738945891242,not_applicable_to_updated_policy,9072,8223,45749,209327,83409,100517,38045,0.48019127967247416,0.4561258377393327,567031,178623,582454794240,183245742080,2.7088287702971905
conversation_trace,0.01,4.0,"l1=0.01,l2x4",binary,2,2,pi2,lru,1857442038,learned,7429768151,tree,union,5183,58742117,117184,11933781,3218284,8715497,6291,17024,2265,1159372,271289,255878,15411,203056,0,10497719640471.55,0,prefix_first,sampled,16,2,onpolicy,218467,0.0,0,0,886369676431.36,903680,7682996224,1421631366735.8706,1310322,13785552896,2081777713788.9275,1784832,21354717184,2514133201698.816,2101760,26390233088,2007186019303.424,1541239,20362594304,1586621662513.152,1073664,14810060800,2960,32962016,65773,1918856,4768882,6687738,9315,666624,1302,57.64699625968933,5183,16,55523833,110893,8715497,17024,43094594,86437,0,0,161022,317,95232,186,691877,1361,530855,1044,737160,1443,1064140,2079,9918459,19384,9181299,17941,1656188,3407,0,0,35038628,70859,33382440,67452,0,0,0,0,0,0,0,0,2554370,1159372,2057554,45648964,11769708,True,1.0,0.0547866533308631,0.14836879304162634,0.20315544637248945,0.01973663972648449,0.9452133466691369,0.14836879304162634,0.7336234409120802,0.002741167806396899,0.001621187741667533,0.011778210172438967,0.009037042366042069,0.012549088075937066,0.01811545198481696,0.16884748978318231,0.15629840170724524,0.02819421710661194,0.0,0.5964822139454048,0.5682879968387928,0.0,0.0,0.0,0.0,0.0434844729889459,0.01973663972648449,0.035026895608818456,0.7771079139010261,0.20036233968210576,not_applicable_to_updated_policy,15411,10239,45727,203056,81376,96996,37371,0.47768103380348276,0.45923859614628393,626214,198025,655712227328,207170039808,3.0839472854778975
conversation_trace,0.01,4.0,"l1=0.01,l2x4",binary,2,3,pi3,lru,1857442038,learned,7429768151,tree,union,5183,58742117,117184,11944276,3218284,8725992,6291,17046,2374,1213834,271289,263883,7406,210953,0,10497538578356.227,0,prefix_first,sampled,16,2,onpolicy,218359,0.0,0,0,821204138483.7117,896633,7960125440,1375187636436.9922,1313016,13979770880,2051863111235.5845,1793024,22048053248,2534641875318.786,2118144,27182385152,2044047589187.5845,1522807,21000609792,1670594227693.5686,1082368,15105943552,2960,32962016,65773,1918856,4788850,6707706,9354,652051,1276,57.065889835357666,5183,22,55523833,110893,8725992,17046,43032570,86312,0,0,180224,352,151569,297,675840,1320,495616,968,724686,1419,1062265,2077,9869539,19294,9144853,17875,1646527,3390,0,0,35038628,70859,33392101,67469,0,0,0,0,0,0,0,0,2551437,1213834,2118744,45584007,11759213,True,1.0,0.0547866533308631,0.14854745531217406,0.20333410864303716,0.020663776894523568,0.9452133466691369,0.14854745531217406,0.7325675715773062,0.00306805422079017,0.002580244086197983,0.011505203327963138,0.008437149107172968,0.012336736178575246,0.018083532808325583,0.16801469718907133,0.1556779610104961,0.02802975248576758,0.0,0.5964822139454048,0.5684524614596372,0.0,0.0,0.0,0.0,0.043434542885132994,0.020663776894523568,0.036068567293888985,0.7760021144624393,0.20018367741155804,not_applicable_to_updated_policy,7406,6211,45811,210953,85303,101442,39538,0.48087488682313123,0.46350069751356926,709864,230736,732159148032,237834379264,3.365033917507691
conversation_trace,0.01,4.0,"l1=0.01,l2x4",binary,3,0,pi0,lru,1857442038,learned,7429768151,tree,union,5183,58742117,117184,12407119,3218284,9188835,6291,17949,1991,1019392,271289,263582,7707,209438,0,10497726236039.168,0,prefix_first,sampled,16,3,onpolicy,217145,0.0,0,0,1088921293760.5114,1130481,9292156928,1660915963691.0085,1591675,15500265472,2259590098941.9517,2015744,22986434560,2496974021214.2095,2193408,27641583616,1781115481266.176,1443959,21007124480,1210209377165.3115,813568,15066671104,2960,32962016,65773,1918856,5184175,7103031,10126,518656,1013,56.545024156570435,5183,18,55523833,110893,9188835,17949,42782878,85788,0,0,6128,17,512,1,11048,32,4920,15,737696,1447,1018880,1990,10265930,20062,9528234,18615,1788904,3701,0,0,35038628,70859,33249724,67158,0,0,0,0,0,0,0,0,2532728,1019392,1763216,45315606,11296370,True,1.0,0.0547866533308631,0.15642669126139938,0.2112133445922625,0.0173536816863444,0.9452133466691369,0.15642669126139938,0.7283169246351813,0.00010432038055421121,8.716063127244801e-06,0.00018807629966757924,8.375591911336802e-05,0.0125582127045234,0.017344965623217155,0.17476268347632073,0.16220447077179734,0.030453516001134245,0.0,0.5964822139454048,0.5660286979442706,0.0,0.0,0.0,0.0,0.04311604908621186,0.0173536816863444,0.03001621477142201,0.7714329737213931,0.19230444146233272,matched,7707,3455,47052,209438,87510,97443,40412,0.46525940851230435,0.46179865158267625,438187,177274,459361951744,185843916800,2.0922038980509745
conversation_trace,0.01,4.0,"l1=0.01,l2x4",binary,3,1,pi1,lru,1857442038,learned,7429768151,tree,union,5183,58742117,117184,12197135,3218284,8978851,6291,17541,1705,871533,271289,257797,13492,205029,0,10497552977029.117,0,prefix_first,sampled,16,3,onpolicy,218521,0.0,0,0,931221714898.9438,939510,8021352448,1485076592658.4314,1377057,13474062336,2121944823488.511,1862463,20641101824,2521526952484.8633,2172630,25420457984,1944605260468.2231,1550967,19550455808,1493177633030.144,1076224,14224332800,2960,32962016,65773,1918856,4948659,6867515,9668,473078,926,57.06281805038452,5183,24,55523833,110893,8978851,17541,43123627,86488,0,0,183613,359,183099,358,1202102,2349,1018489,1990,718552,1407,688434,1347,9432719,18439,8714167,17032,1647657,3393,0,0,35038628,70859,33390971,67466,0,0,0,0,0,0,0,0,2549822,871533,1773698,45673449,11506354,True,1.0,0.0547866533308631,0.1528520158713381,0.2076386692022012,0.01483659501069735,0.9452133466691369,0.1528520158713381,0.734117685952653,0.0031257470683257807,0.003116996958076945,0.020464056479271932,0.017338309410946152,0.012232313656656262,0.011719598052620406,0.1605784653624247,0.14834615170576845,0.02804898910946638,0.0,0.5964822139454048,0.5684332248359384,0.0,0.0,0.0,0.0,0.04340704983444842,0.01483659501069735,0.030194655735679393,0.7775247357871015,0.195879116852394,not_applicable_to_updated_policy,13492,11951,45646,205029,79756,95998,35128,0.4682166912973287,0.44044335222428405,514784,152230,529687652352,156567758848,2.510786279014188
conversation_trace,0.01,4.0,"l1=0.01,l2x4",binary,3,2,pi2,lru,1857442038,learned,7429768151,tree,union,5183,58742117,117184,11992513,3218284,8774229,6291,17140,2412,1234944,271289,257076,14213,204017,0,10497716508049.404,0,prefix_first,sampled,16,3,onpolicy,218230,0.0,0,0,888505117026.3036,924145,7925151744,1433264106264.5747,1344493,14040500224,2079954102624.2563,1815040,21657063424,2504946186272.7666,2128384,26604091392,1989414245095.4233,1537143,20509310976,1601632750766.0798,1025024,14849572864,2960,32962016,65773,1918856,4770081,6688937,9318,721920,1410,57.77063822746277,5183,19,55523833,110893,8774229,17140,42962964,86177,0,0,123009,242,79872,156,556647,1096,433638,854,768143,1503,1155072,2256,9919385,19386,9151242,17883,1660544,3419,0,0,35038628,70859,33378084,67440,0,0,0,0,0,0,0,0,2551696,1234944,2126096,45514660,11710976,True,1.0,0.0547866533308631,0.14936862081426178,0.20415527414512488,0.02102314426291446,0.9452133466691369,0.14936862081426178,0.7313826296045817,0.002094051189881359,0.001359705847850189,0.009476114046077025,0.0073820628561956664,0.013076529060060944,0.019663438415064273,0.16886325360047885,0.15578672454041792,0.028268371737436702,0.0,0.5964822139454048,0.5682138422079681,0.0,0.0,0.0,0.0,0.043438951987379,0.02102314426291446,0.03619372451285676,0.7748215815919607,0.19936251190947032,not_applicable_to_updated_policy,14213,9133,45967,204017,82222,97418,37935,0.4774994240676022,0.46137286857532045,619289,198362,648543320064,207554322432,3.0354774357038874
conversation_trace,0.01,4.0,"l1=0.01,l2x4",binary,3,3,pi3,lru,1857442038,learned,7429768151,tree,union,5183,58742117,117184,12051354,3218284,8833070,6291,17255,2102,1074999,271289,262401,8888,209545,0,10497535146045.44,0,prefix_first,sampled,16,3,onpolicy,218433,0.0,0,0,862124171229.1844,910969,7964213248,1411678854268.928,1339198,13864693760,2075607075835.9036,1831936,21660479488,2527628453072.8955,2135552,26754248704,2010275238193.152,1537143,20705097728,1610221353445.3762,1078272,14935072768,2960,32962016,65773,1918856,4850290,6769146,9474,582848,1140,57.216026067733765,5183,21,55523833,110893,8833070,17255,43064384,86374,0,0,165386,324,213307,417,711176,1391,545790,1067,737918,1444,861692,1685,9865960,19286,9128042,17842,1648076,3394,0,0,35038628,70859,33390552,67465,0,0,0,0,0,0,0,0,2551380,1074999,1978303,45615764,11652135,True,1.0,0.0547866533308631,0.1503703041550239,0.205156957485887,0.018300310831494207,0.9452133466691369,0.1503703041550239,0.7331091591404512,0.0028154586257080247,0.0036312446825843884,0.012106747872229392,0.009291289246521367,0.01256199193501998,0.014669066148909818,0.16795376986498461,0.15539177792996464,0.028056121981439655,0.0,0.5964822139454048,0.5684260919639651,0.0,0.0,0.0,0.0,0.043433572542167655,0.018300310831494207,0.033677761392222214,0.7765427316826188,0.1983608285687082,not_applicable_to_updated_policy,8888,7681,45752,209545,83894,98204,37720,0.468653511178983,0.4496149903449591,628944,196116,650957606912,202929438720,3.001474623589205
conversation_trace,0.01,4.0,"l1=0.01,l2x4",binary,4,0,pi0,lru,1857442038,learned,7429768151,tree,union,5183,58742117,117184,12506372,3218284,9288088,6291,18143,1809,926208,271289,263586,7703,209472,0,10497727452407.809,0,prefix_first,sampled,16,4,onpolicy,217175,0.0,0,0,1088391091609.5995,1135104,9289502720,1660795166676.992,1599777,15502344192,2266422854721.536,2032640,23004628992,2495738497638.4004,2226688,27635388416,1776304044906.496,1452151,21000409088,1210075796854.784,841728,15055001600,2960,32962016,65773,1918856,5237025,7155881,10230,481792,941,56.109859228134155,5183,17,55523833,110893,9288088,18143,42775357,85775,0,0,6241,18,0,0,11958,34,5717,16,741663,1454,926208,1809,10258951,20048,9517288,18594,1786276,3694,0,0,35038628,70859,33252352,67165,0,0,0,0,0,0,0,0,2534180,926208,1674112,45309537,11197117,True,1.0,0.0547866533308631,0.1581163307410252,0.21290298407188832,0.015767358197185846,0.9452133466691369,0.1581163307410252,0.728188890434439,0.00010624404292409141,0.0,0.00020356773999139323,9.732369706730182e-05,0.012625745170198752,0.015767358197185846,0.17464387604552964,0.1620181308753309,0.030408778083363935,0.0,0.5964822139454048,0.5660734358620408,0.0,0.0,0.0,0.0,0.043140767296486776,0.015767358197185846,0.028499347410308688,0.7713296577309259,0.1906148019827069,matched,7703,3509,47020,209472,87441,97637,40382,0.466110029025359,0.4618199700369392,436193,176354,457266014208,184883617792,2.0823451344332415
conversation_trace,0.01,4.0,"l1=0.01,l2x4",binary,4,1,pi1,lru,1857442038,learned,7429768151,tree,union,5183,58742117,117184,12187346,3218284,8969062,6291,17521,1696,866123,271289,258742,12547,206053,0,10497556559446.018,0,prefix_first,sampled,16,4,onpolicy,218600,0.0,0,0,927728424538.1122,936867,8119472128,1477558025406.465,1358892,13474281472,2116988421617.6643,1845567,20772040704,2525518647443.4565,2187745,25600309248,1950948516278.2715,1569399,19747067904,1498814524162.0486,1070592,14352404480,2960,32962016,65773,1918856,4914959,6833815,9601,496136,972,57.98263359069824,5183,25,55523833,110893,8969062,17521,43138339,86518,0,0,179600,351,121863,239,1149840,2246,970240,1895,723057,1415,744260,1457,9500180,18571,8777123,17156,1647652,3392,0,0,35038628,70859,33390976,67467,0,0,0,0,0,0,0,0,2550309,866123,1768780,45688648,11516143,True,1.0,0.0547866533308631,0.15268537223471193,0.20747202556557504,0.014744497546794235,0.9452133466691369,0.15268537223471193,0.734368136579075,0.0030574315188538403,0.0020745421892098305,0.019574371144982738,0.016516939626128897,0.012309004798039539,0.012669955357584405,0.1617268917972432,0.14941788699920366,0.028048903991662405,0.0,0.5964822139454048,0.5684333099537424,0.0,0.0,0.0,0.0,0.04341534030855578,0.014744497546794235,0.030110933863687617,0.7777834768876307,0.19604576048902017,not_applicable_to_updated_policy,12547,11173,45553,206053,80576,97848,36031,0.47486811645547505,0.44716789118347894,535048,159686,549629239296,163910088704,2.5966523176076057
conversation_trace,0.01,4.0,"l1=0.01,l2x4",binary,4,2,pi2,lru,1857442038,learned,7429768151,tree,union,5183,58742117,117184,11857539,3218284,8639255,6291,16875,2534,1297408,271289,258665,12624,205733,0,10497709008846.852,0,prefix_first,sampled,16,4,onpolicy,218357,0.0,0,0,871947716048.8966,916977,8146278400,1411291488352.2573,1311919,14321926144,2072381254920.1924,1763840,22005204992,2506796804765.6963,2094080,26914242560,2006915601555.4575,1496183,20677300224,1628376143204.351,1056256,14968231936,2960,32962016,65773,1918856,4730031,6648887,9239,729600,1425,58.219608545303345,5183,17,55523833,110893,8639255,16875,43035345,86318,0,0,115352,227,99328,194,452189,893,336837,666,779273,1527,1198080,2340,10096353,19732,9317080,18205,1657200,3412,0,0,35038628,70859,33381428,67447,0,0,0,0,0,0,0,0,2551825,1297408,2192033,45587170,11845950,True,1.0,0.0547866533308631,0.14707088271946345,0.20185753605032655,0.022086503964438325,0.9452133466691369,0.14707088271946345,0.7326148119585135,0.001963701784870981,0.0016909162466854915,0.007697866932511132,0.00573416514764015,0.013266001291713746,0.020395587717752836,0.1718758791073192,0.15860987781560545,0.028211444950136885,0.0,0.5964822139454048,0.568270768995268,0.0,0.0,0.0,0.0,0.04344114802672161,0.022086503964438325,0.03731620704102305,0.7760559599852351,0.20166025000426865,not_applicable_to_updated_policy,12624,7789,45838,205733,83707,99008,39184,0.481245108951894,0.46810899924737476,665929,219506,697440350208,229689143296,3.236860396727798
conversation_trace,0.01,4.0,"l1=0.01,l2x4",binary,4,3,pi3,lru,1857442038,learned,7429768151,tree,union,5183,58742117,117184,12075418,3218284,8857134,6291,17302,2032,1039225,271289,263283,8006,210383,0,10497527222472.707,0,prefix_first,sampled,16,4,onpolicy,218389,0.0,0,0,879378232993.7916,924281,8277911552,1436541304805.3772,1345342,14073182208,2090184185577.4724,1824768,21796716544,2532241037056.0015,2132992,26744770560,1988841628993.5356,1553527,20662577152,1570340833046.5278,1076224,14893127680,2960,32962016,65773,1918856,4853874,6772730,9481,578818,1132,57.85022187232971,5183,21,55523833,110893,8857134,17302,43076000,86397,0,0,132213,259,122880,240,659016,1289,526803,1030,770067,1507,916345,1792,9929830,19411,9159763,17904,1649194,3396,0,0,35038628,70859,33389434,67463,0,0,0,0,0,0,0,0,2551474,1039225,1941505,45627474,11628071,True,1.0,0.0547866533308631,0.1507799591220044,0.2055666124528675,0.01769130996759957,0.9452133466691369,0.1507799591220044,0.7333069048226505,0.0022507360434422204,0.002091855150538752,0.011218798941141328,0.008968062897699107,0.013109282391031294,0.015599454817060815,0.1690410646929868,0.1559317823019555,0.02807515432240891,0.0,0.5964822139454048,0.5684070596229959,0.0,0.0,0.0,0.0,0.043435172756882426,0.01769130996759957,0.03305132840207308,0.776742077579533,0.1979511736017277,not_applicable_to_updated_policy,8006,7090,45791,210383,84503,98657,38018,0.46893998089199224,0.4499011869401086,601411,189608,621732110336,195886739456,2.858648274813079
conversation_trace,0.01,4.0,"l1=0.01,l2x4",next_use,0,0,pi0,lru,1857442038,learned,7429768151,tree,union,5183,58742117,117184,12525262,3218284,9306978,6291,18180,1844,944128,271289,268834,2455,214654,0,10497546962122.754,0,prefix_first,sampled,16,0,onpolicy,217109,0.0,0,0,1053865999683.5844,1096825,9529022464,1610557295222.7844,1554034,15614711808,2221311121680.385,1991168,23198760960,2516609541347.329,2182656,27822897152,1825148767748.0955,1484919,21141630976,1270054236440.5762,997376,15080765440,2960,32962016,65773,1918856,5154418,7073274,10068,543744,1062,58.0112247467041,5183,20,55523833,110893,9306978,18180,42737462,85706,0,0,6157,14,0,0,18834,42,12677,28,781150,1535,944128,1844,10215265,19968,9434115,18433,1747958,3614,0,0,35038628,70859,33290670,67245,0,0,0,0,0,0,0,0,2535265,944128,1731435,45272727,11178227,True,1.0,0.0547866533308631,0.15843790580445033,0.21322455913531344,0.016072420406639414,0.9452133466691369,0.15843790580445033,0.7275437825980974,0.00010481406381727781,0.0,0.00032062174402056363,0.00021580768020328583,0.013297954515326713,0.016072420406639414,0.17390018476862182,0.1606022302532951,0.029756469280805796,0.0,0.5964822139454048,0.566725744664599,0.0,0.0,0.0,0.0,0.04315923785994979,0.016072420406639414,0.029475188985783402,0.7707030204580472,0.19029322691928177,matched,2455,1821,47070,214654,89067,98037,40582,0.4567210487575354,0.4556345223258895,441177,176296,461213499392,184370081792,2.055293635338731
conversation_trace,0.01,4.0,"l1=0.01,l2x4",next_use,0,1,pi1,lru,1857442038,learned,7429768151,tree,union,5183,58742117,117184,12689102,3218284,9470818,6291,18500,1706,873472,271289,259913,11376,204957,0,10497721923305.47,0,prefix_first,sampled,16,0,onpolicy,216333,0.0,0,0,1079877773809.6641,1147001,9171154944,1656419954630.6558,1586802,15254968320,2245824929718.274,2019328,22544334848,2493849376178.175,2247168,26913871872,1789870224293.8867,1512055,20114245632,1231879664674.816,958464,13952989184,2960,32962016,65773,1918856,5196914,7115770,10151,564736,1103,58.5698504447937,5183,20,55523833,110893,9470818,18500,42643495,85524,0,0,40147,83,67584,132,460685,911,420538,828,739372,1449,805888,1574,9680230,18917,8940858,17468,1756529,3631,0,0,35038628,70859,33282099,67228,0,0,0,0,0,0,0,0,2536048,873472,1652991,45179543,11014387,True,1.0,0.0547866533308631,0.16122704600516866,0.21601369933603176,0.014869603695079631,0.9452133466691369,0.16122704600516866,0.725944129660836,0.0006834448952529239,0.0011505203327963137,0.00784249910502885,0.007159054209775926,0.012586744192416491,0.013719083362283318,0.16479198391845495,0.15220523972603847,0.02990237822038317,0.0,0.5964822139454048,0.5665798357250216,0.0,0.0,0.0,0.0,0.043172567308052585,0.014869603695079631,0.028139792782749046,0.7691166969688886,0.18750408671856345,not_applicable_to_updated_policy,11376,6809,47863,204957,83888,93724,37729,0.45728616246334597,0.449754434484074,393749,149301,412656992256,156447393792,1.9211297979576203
conversation_trace,0.01,4.0,"l1=0.01,l2x4",next_use,0,2,pi2,lru,1857442038,learned,7429768151,tree,union,5183,58742117,117184,12802708,3218284,9584424,6291,18724,1829,936448,271289,261981,9308,206753,0,10497570971031.553,0,prefix_first,sampled,16,0,onpolicy,216061,0.0,0,0,1134754108547.0718,1205742,9525164032,1721603015792.641,1678317,15399237632,2284061417424.8955,2056192,22689173504,2477512224135.1685,2247894,26824677376,1727007560419.328,1484919,19783479296,1152632644712.448,911360,13225363456,2960,32962016,65773,1918856,5306740,7225596,10367,583680,1140,57.874194383621216,5183,25,55523833,110893,9584424,18724,42470365,85182,0,0,39966,80,66048,129,620455,1217,580489,1137,714350,1402,870400,1700,9343878,18264,8629528,16862,1778280,3676,0,0,35038628,70859,33260348,67183,0,0,0,0,0,0,0,0,2532596,936448,1690764,45002961,10900781,True,1.0,0.0547866533308631,0.16316102465289087,0.21794767798375397,0.01594167945973074,0.9452133466691369,0.16316102465289087,0.7229968405803284,0.0006803636307489564,0.0011243721434145793,0.010562353413309909,0.009881989782560953,0.012160780654193992,0.014817307316316163,0.15906607519780058,0.1469052945436066,0.030272657691243918,0.0,0.5964822139454048,0.5662095562541609,0.0,0.0,0.0,0.0,0.04311380197618687,0.01594167945973074,0.02878282374467369,0.7661106425565153,0.18557010807084123,not_applicable_to_updated_policy,9308,6592,48117,206753,83765,91257,36360,0.44138174536766095,0.43407150958037366,359922,133902,376787613696,140165255168,1.740830846468975
conversation_trace,0.01,4.0,"l1=0.01,l2x4",next_use,0,3,pi3,lru,1857442038,learned,7429768151,tree,union,5183,58742117,117184,12627282,3218284,9408998,6291,18379,1842,943104,271289,260734,10555,206084,0,10497722078504.963,0,prefix_first,sampled,16,0,onpolicy,216639,0.0,0,0,1085104647110.6556,1146621,9201231872,1661135646193.6643,1577074,15286800384,2241840556052.4805,1999872,22587701248,2493521394761.7295,2229760,27044870144,1790793612595.201,1504375,20275689472,1225326221791.2317,951296,14132791296,2960,32962016,65773,1918856,5211762,7130618,10180,568320,1110,58.73429608345032,5183,19,55523833,110893,9408998,18379,42637179,85508,0,0,32097,67,111616,218,350328,692,318231,625,747020,1467,831488,1624,9782775,19121,9035755,17654,1755435,3630,0,0,35038628,70859,33283193,67229,0,0,0,0,0,0,0,0,2534552,943104,1722221,45171731,11076207,True,1.0,0.0547866533308631,0.16017464947679702,0.21496130280766013,0.016054988280384923,0.9452133466691369,0.16017464947679702,0.7258366088508523,0.0005464052308499539,0.0019001017617393666,0.005963830006330892,0.005417424775480938,0.01271694038537971,0.014154886518645557,0.16653766496021927,0.15382072457483956,0.029883754444873,0.0,0.5964822139454048,0.5665984595005318,0.0,0.0,0.0,0.0,0.043147100061102665,0.016054988280384923,0.029318333896614587,0.7689837089119549,0.18855648324693508,not_applicable_to_updated_policy,10555,6252,47556,206084,84432,94403,37956,0.45808020030667107,0.44954519613416716,400366,150381,419564396544,157545693184,1.942732089827449
conversation_trace,0.01,4.0,"l1=0.01,l2x4",next_use,1,0,pi0,lru,1857442038,learned,7429768151,tree,union,5183,58742117,117184,12475335,3218284,9257051,6291,18083,1884,964608,271289,268954,2335,214856,0,10497590757955.586,0,prefix_first,sampled,16,1,onpolicy,217191,0.0,0,0,1055633574615.0402,1088121,9529167872,1608614030792.7039,1537580,15615522816,2224071991891.9683,1973567,23222288384,2511006831120.3857,2179584,27822295040,1825168007507.968,1489527,21130573824,1273096322027.5198,988672,15108454400,2960,32962016,65773,1918856,5115825,7034681,9993,561664,1097,58.20611500740051,5183,22,55523833,110893,9257051,18083,42768435,85765,0,0,6071,13,2560,5,19739,42,13668,29,776904,1527,962048,1879,10243807,20025,9466903,18498,1750764,3621,0,0,35038628,70859,33287864,67238,0,0,0,0,0,0,0,0,2533739,964608,1747583,45302174,11228154,True,1.0,0.0547866533308631,0.1575879704846184,0.2123746238154815,0.016421062931729204,0.9452133466691369,0.1575879704846184,0.7280710533466133,0.00010335003758887341,4.3580315636224005e-05,0.0003360280665404006,0.00023267802895152724,0.013225672476189443,0.01637748261609298,0.1743860712408441,0.16116039876465466,0.029804237392397688,0.0,0.5964822139454048,0.5666779765530071,0.0,0.0,0.0,0.0,0.04313325990617601,0.016421062931729204,0.029750085445507522,0.7712043132527893,0.1911431622391137,matched,2335,1750,46996,214856,89207,98040,40570,0.4563056186469077,0.4547849384016949,440226,177518,460328982528,185703112704,2.0489351007186207
conversation_trace,0.01,4.0,"l1=0.01,l2x4",next_use,1,1,pi1,lru,1857442038,learned,7429768151,tree,union,5183,58742117,117184,12716750,3218284,9498466,6291,18554,1846,945152,271289,259612,11677,204392,0,10497656470059.008,0,prefix_first,sampled,16,1,onpolicy,216069,0.0,0,0,1080503566637.0559,1155705,9193463808,1661408455419.9038,1611378,15242369024,2247143988731.9043,2029056,22475352064,2493349547497.4727,2256896,26817679360,1781673236183.04,1506935,20042110976,1233577675589.632,938496,13835747328,2960,32962016,65773,1918856,5237874,7156730,10231,617472,1206,58.666210651397705,5183,20,55523833,110893,9498466,18554,42545828,85330,0,0,37840,78,105984,207,493140,973,455300,895,740957,1454,839168,1639,9548447,18661,8807490,17207,1755590,3631,0,0,35038628,70859,33283038,67228,0,0,0,0,0,0,0,0,2534387,945152,1723949,45080215,10986739,True,1.0,0.0547866533308631,0.16169771341403988,0.21648436674490298,0.016089852532893904,0.9452133466691369,0.16169771341403988,0.7242814895486317,0.000644171540497936,0.0018042250673396738,0.008394998770643557,0.007750827230145621,0.0126137265362772,0.01428562746555423,0.16254856800615478,0.14993484146987757,0.02988639309679629,0.0,0.5964822139454048,0.5665958208486085,0.0,0.0,0.0,0.0,0.04314429117357142,0.016089852532893904,0.02934775060966904,0.7674257807222031,0.18703341930969222,not_applicable_to_updated_policy,11677,7112,48123,204392,83388,93133,37518,0.4556587341970332,0.44992085192113973,390541,148283,409307842560,155389937664,1.9107450389447729
conversation_trace,0.01,4.0,"l1=0.01,l2x4",next_use,1,2,pi2,lru,1857442038,learned,7429768151,tree,union,5183,58742117,117184,12918565,3218284,9700281,6291,18952,1541,788599,271289,264312,6977,209144,0,10497563348539.39,0,prefix_first,sampled,16,1,onpolicy,216121,0.0,0,0,1144727244972.0322,1206756,9628688384,1715023432292.3513,1681229,15471075328,2276778060566.5283,2085888,22870581248,2471460825649.151,2280977,27115057152,1729740909516.7998,1513591,20028426240,1159832875542.5276,931840,13299374080,2960,32962016,65773,1918856,5372266,7291122,10497,504320,985,58.586834192276,5183,29,55523833,110893,9700281,18952,42502895,85246,0,0,27965,55,58880,115,545519,1067,517554,1012,730982,1434,729719,1426,9450806,18474,8719824,17040,1773111,3665,0,0,35038628,70859,33265517,67194,0,0,0,0,0,0,0,0,2532058,788599,1547546,45034953,10784924,True,1.0,0.0547866533308631,0.16513332333596353,0.21991997666682664,0.013424763019691647,0.9452133466691369,0.16513332333596353,0.7235506170130028,0.0004760638776433611,0.0010023472596331522,0.009286675861545813,0.008810611983902452,0.012443916517343084,0.012422415760058494,0.16088637050653112,0.14844245398918804,0.030184662905492494,0.0,0.5964822139454048,0.5662975510399123,0.0,0.0,0.0,0.0,0.04310464330047894,0.013424763019691647,0.02634474341467809,0.7666552603134817,0.18359780938776857,not_applicable_to_updated_policy,6977,5377,48044,209144,85050,91709,36522,0.43849692078185365,0.4294179894179894,361294,134360,377097826304,140217153536,1.7274891940481198
conversation_trace,0.01,4.0,"l1=0.01,l2x4",next_use,1,3,pi3,lru,1857442038,learned,7429768151,tree,union,5183,58742117,117184,12667712,3218284,9449428,6291,18459,1762,902144,271289,255892,15397,201074,0,10497687224088.578,0,prefix_first,sampled,16,1,onpolicy,216471,0.0,0,0,1089565889720.3197,1147513,9105108992,1668661929537.5356,1595108,15063697408,2250133315811.33,2002944,22145423360,2491540127115.262,2248192,26303129600,1787565712848.8972,1510007,19500138496,1210220249055.2327,945664,13284417536,2960,32962016,65773,1918856,5186276,7105132,10131,583168,1139,58.35984754562378,5183,21,55523833,110893,9449428,18459,42636576,85510,0,0,50895,103,111104,217,747016,1469,696121,1366,733720,1440,791040,1545,9386617,18344,8652897,16904,1751070,3619,0,0,35038628,70859,33287558,67240,0,0,0,0,0,0,0,0,2535685,902144,1686759,45172261,11035777,True,1.0,0.0547866533308631,0.16086291203975506,0.21564956537061816,0.01535770323020534,0.9452133466691369,0.16086291203975506,0.7258263436436927,0.0008664141266818831,0.001891385698612122,0.012716872291136529,0.011850458164454646,0.01249052702680089,0.013466317531593218,0.1597936451626352,0.1473031181358343,0.02980944660200108,0.0,0.5964822139454048,0.5666727673434037,0.0,0.0,0.0,0.0,0.04316638775548386,0.01535770323020534,0.028714644383688114,0.7689927313991765,0.18786822068397704,not_applicable_to_updated_policy,15397,9299,47721,201074,81381,91407,36143,0.4545938311268488,0.44412086359223896,382110,140400,400434008064,147097839616,1.9003451465629568
conversation_trace,0.01,4.0,"l1=0.01,l2x4",next_use,2,0,pi0,lru,1857442038,learned,7429768151,tree,union,5183,58742117,117184,12474733,3218284,9256449,6291,18082,1881,963072,271289,268869,2420,214841,0,10497517617942.527,0,prefix_first,sampled,16,2,onpolicy,217261,0.0,0,0,1054321579200.5122,1085064,9542404096,1610858757400.5752,1554721,15600955392,2225665898975.231,2001920,23210797056,2512827594027.008,2186721,27824961536,1822437043458.048,1472119,21137276928,1271406744881.1523,955904,15076198400,2960,32962016,65773,1918856,5127309,7046165,10016,549888,1074,57.725852727890015,5183,22,55523833,110893,9256449,18082,42769499,85769,0,0,5848,13,5632,11,14971,33,9123,20,773400,1517,957440,1870,10250713,20038,9477313,18521,1755565,3631,0,0,35038628,70859,33283063,67228,0,0,0,0,0,0,0,0,2534813,963072,1742320,45304312,11228756,True,1.0,0.0547866533308631,0.15757772230101955,0.21236437563188265,0.01639491474234747,0.9452133466691369,0.15757772230101955,0.7280891664152996,9.955378353149922e-05,9.587669439969282e-05,0.0002548597286679334,0.0001553059451364342,0.013166021919162363,0.01629903804794778,0.17450363595169716,0.16133761403253477,0.029885967507776404,0.0,0.5964822139454048,0.5665962464376284,0.0,0.0,0.0,0.0,0.04315154321047027,0.01639491474234747,0.02966049044504133,0.7712407096257698,0.19115341042271256,matched,2420,1794,46917,214841,89154,98089,40531,0.45656555312998914,0.45461785225564755,442648,175869,462855694336,183957952512,2.06035160886423
conversation_trace,0.01,4.0,"l1=0.01,l2x4",next_use,2,1,pi1,lru,1857442038,learned,7429768151,tree,union,5183,58742117,117184,12729682,3218284,9511398,6291,18579,1822,932471,271289,257687,13602,202467,0,10497708126808.06,0,prefix_first,sampled,16,2,onpolicy,216069,0.0,0,0,1119251106904.0637,1194237,9176360960,1709210854184.9595,1646706,15244371968,2279323719919.6167,2042368,22438225920,2482059290464.2534,2235904,26630248448,1741088317663.231,1474679,19782838272,1166774837671.9365,917504,13250246656,2960,32962016,65773,1918856,5233266,7152122,10222,586240,1145,58.43937015533447,5183,19,55523833,110893,9511398,18579,42544161,85328,0,0,45331,91,83968,164,626725,1232,581394,1141,727897,1430,848503,1658,9414611,18401,8686714,16971,1762575,3643,0,0,35038628,70859,33276053,67216,0,0,0,0,0,0,0,0,2535803,932471,1705699,45079964,10973807,True,1.0,0.0547866533308631,0.16191786210224599,0.2167045154331091,0.015873976758447435,0.9452133466691369,0.16191786210224599,0.7242531112727858,0.0007716950344162775,0.0014294343528681475,0.010669091139497067,0.009897396105080789,0.012391398832289275,0.014444542405579288,0.16027020272354162,0.14787880389125233,0.03000530266895216,0.0,0.5964822139454048,0.5664769112764526,0.0,0.0,0.0,0.0,0.04316839653565771,0.015873976758447435,0.02903707062515299,0.7674215078084434,0.18681327062148612,not_applicable_to_updated_policy,13602,8177,48127,202467,82326,91507,36565,0.4519600725056429,0.44414887155941013,365542,136030,383057518592,142527758336,1.8054398988477134
conversation_trace,0.01,4.0,"l1=0.01,l2x4",next_use,2,2,pi2,lru,1857442038,learned,7429768151,tree,union,5183,58742117,117184,12647299,3218284,9429015,6291,18423,1905,974915,271289,264608,6681,209730,0,10497579231115.262,0,prefix_first,sampled,16,2,onpolicy,216411,0.0,0,0,1078759119099.9038,1135671,9536749568,1652342440159.2305,1585177,15377967104,2238344604655.615,2014527,22765957120,2496396004481.024,2253329,27040245760,1796075510470.6567,1526903,20183304192,1235661552248.832,913408,13892003840,2960,32962016,65773,1918856,5200553,7119409,10162,625152,1221,58.28623127937317,5183,30,55523833,110893,9429015,18423,42586861,85412,0,0,38686,76,91648,179,510459,1001,471773,925,740252,1450,883267,1726,9570816,18705,8830564,17255,1754104,3627,0,0,35038628,70859,33284524,67232,0,0,0,0,0,0,0,0,2533042,974915,1753853,45119903,11056190,True,1.0,0.0547866533308631,0.16051541009323855,0.21530206342410166,0.01659652477284739,0.9452133466691369,0.16051541009323855,0.7249800173187494,0.0006585734729308445,0.0015601752997768195,0.00868982982005909,0.008031256347128245,0.012601724925916442,0.015036349473070573,0.16292936803758706,0.15032764311167063,0.029861096085454324,0.0,0.5964822139454048,0.5666211178599505,0.0,0.0,0.0,0.0,0.04312139448430161,0.01659652477284739,0.02985682317169468,0.7681014118030509,0.18821572263049355,not_applicable_to_updated_policy,6681,5086,47759,209730,85501,93797,37637,0.44722738759357267,0.4401936819452404,399787,149095,417543647232,155735912448,1.9061984456205598
conversation_trace,0.01,4.0,"l1=0.01,l2x4",next_use,2,3,pi3,lru,1857442038,learned,7429768151,tree,union,5183,58742117,117184,12668285,3218284,9450001,6291,18460,1824,933888,271289,260244,11045,205376,0,10497674095699.967,0,prefix_first,sampled,16,2,onpolicy,216421,0.0,0,0,1066036789944.3197,1121401,9167636480,1648605914261.5046,1570593,15262097408,2233114686314.496,2012160,22533941248,2494590838046.7197,2262016,27002759168,1797982173837.3113,1501303,20233287680,1257343693295.6162,982528,14203211776,2960,32962016,65773,1918856,5241121,7159977,10238,546304,1067,57.83212351799011,5183,21,55523833,110893,9450001,18460,42603109,85447,0,0,31893,66,56832,111,378405,749,346512,683,758688,1486,877056,1713,9722911,19001,8964223,17515,1746254,3610,0,0,35038628,70859,33292374,67249,0,0,0,0,0,0,0,0,2536835,933888,1724469,45139944,11035204,True,1.0,0.0547866533308631,0.16087266654009083,0.2156593198709539,0.015898099144094516,0.9452133466691369,0.16087266654009083,0.725256616134553,0.0005429324244476923,0.0009674830071241729,0.006441800522783338,0.005898868098335646,0.012915571292740437,0.014930616136970344,0.16551856651676344,0.15260299522402299,0.029727461133210436,0.0,0.5964822139454048,0.5667547528121943,0.0,0.0,0.0,0.0,0.043185964850398564,0.015898099144094516,0.02935660286128265,0.7684425809849516,0.1878584661836413,not_applicable_to_updated_policy,11045,6391,47774,205376,84231,94938,38282,0.4622643346837021,0.4544882525436003,413448,156175,433288822784,163639242752,2.0131271424119666
conversation_trace,0.01,4.0,"l1=0.01,l2x4",next_use,3,0,pi0,lru,1857442038,learned,7429768151,tree,union,5183,58742117,117184,12430074,3218284,9211790,6291,17995,1983,1015296,271289,268759,2530,214655,0,10497559124232.188,0,prefix_first,sampled,16,3,onpolicy,217185,0.0,0,0,1053660082948.0961,1085181,9537757184,1609972967041.0227,1533659,15609071616,2224950195187.711,1988927,23201910784,2516983384901.632,2198528,27800838144,1822699712872.4463,1493111,21140750336,1269292781281.28,912384,15079061504,2960,32962016,65773,1918856,5070432,6989288,9905,602624,1177,59.21832776069641,5183,22,55523833,110893,9211790,17995,42759963,85754,0,0,5528,12,3584,7,18669,42,13141,30,781729,1534,1011712,1976,10239450,20014,9457721,18480,1749527,3615,0,0,35038628,70859,33289101,67244,0,0,0,0,0,0,0,0,2536784,1015296,1802553,45296747,11273415,True,1.0,0.0547866533308631,0.1568174670994578,0.2116041204303209,0.01728395318132644,0.9452133466691369,0.1568174670994578,0.7279268297395547,9.410624407697121e-05,6.101244189071361e-05,0.00031781285648932266,0.00022370661241235144,0.013307811157027248,0.017222940739435727,0.17431189958645854,0.1610040884294313,0.02978317924769378,0.0,0.5964822139454048,0.566699034697711,0.0,0.0,0.0,0.0,0.043185096648798,0.01728395318132644,0.03068587058243066,0.7711119263883527,0.1919136656242743,matched,2530,1845,46997,214655,89101,97934,40406,0.4562390813165312,0.4534853705345619,438557,172955,458544035840,180900800512,2.0430784281754444
conversation_trace,0.01,4.0,"l1=0.01,l2x4",next_use,3,1,pi1,lru,1857442038,learned,7429768151,tree,union,5183,58742117,117184,12612302,3218284,9394018,6291,18350,1997,1022464,271289,257874,13415,202816,0,10497695587555.326,0,prefix_first,sampled,16,3,onpolicy,216231,0.0,0,0,1091744072400.8954,1155193,9153417216,1671313278349.312,1595506,15170281472,2252645019013.1187,2001408,22393174016,2490056532045.8237,2231808,26608490496,1771416540303.361,1486967,19790536704,1220520145442.8157,923136,13573056512,2960,32962016,65773,1918856,5165682,7084538,10090,671744,1312,59.19563007354736,5183,20,55523833,110893,9394018,18350,42570565,85383,0,0,41391,86,132608,259,609665,1200,568274,1114,744142,1460,889856,1738,9459058,18487,8714916,17027,1751253,3617,0,0,35038628,70859,33287375,67242,0,0,0,0,0,0,0,0,2536786,1022464,1807997,45107351,11091187,True,1.0,0.0547866533308631,0.15991963653608193,0.21470628986694504,0.01740597806510787,0.9452133466691369,0.15991963653608193,0.7247026013720275,0.0007046222048824015,0.0022574603499564035,0.010378669192327543,0.009674046987445142,0.01266794657741055,0.015148517715151464,0.16102684893021477,0.14835890235280422,0.02981256191362664,0.0,0.5964822139454048,0.5666696520317781,0.0,0.0,0.0,0.0,0.04318513069591959,0.01740597806510787,0.030778546847400817,0.7678877320679471,0.18881149618765017,not_applicable_to_updated_policy,13415,8038,47961,202816,82518,92511,36940,0.45613265225623223,0.4476599045056836,385181,143003,403626211328,149821382656,1.8991647601767119
conversation_trace,0.01,4.0,"l1=0.01,l2x4",next_use,3,2,pi2,lru,1857442038,learned,7429768151,tree,union,5183,58742117,117184,12822943,3218284,9604659,6291,18763,1660,849920,271289,259797,11492,204571,0,10497611448758.273,0,prefix_first,sampled,16,3,onpolicy,216063,0.0,0,0,1124846173044.737,1183930,9384093696,1702036826902.528,1633324,15276670976,2269581925582.8457,2046464,22468618240,2481191487803.394,2251990,26613192704,1746240418117.632,1508983,19589132288,1173714617307.1362,979968,13140873216,2960,32962016,65773,1918856,5360017,7278873,10471,504320,985,58.474613904953,5183,24,55523833,110893,9604659,18763,42534666,85311,0,0,48141,96,101376,198,693694,1362,645553,1266,731802,1437,748544,1462,9336932,18249,8605130,16812,1754645,3626,0,0,35038628,70859,33283983,67233,0,0,0,0,0,0,0,0,2534588,849920,1629863,45069254,10880546,True,1.0,0.0547866533308631,0.1635054964055858,0.2182921497364489,0.01446866479122637,0.9452133466691369,0.1635054964055858,0.7240914725630334,0.0008195312402513516,0.0017257804991944706,0.011809141982404209,0.010989610742152857,0.012457875837195313,0.0127428842920319,0.15894782954451572,0.14648995370732043,0.029870305831844638,0.0,0.5964822139454048,0.5666119081135601,0.0,0.0,0.0,0.0,0.0431477129092913,0.01446866479122637,0.027746071868673033,0.7672391854723247,0.18522563631814631,not_applicable_to_updated_policy,11492,7819,48123,204571,82661,90871,35908,0.44420274623480355,0.43440074521237343,362208,132742,379397642240,139013632000,1.770573541704347
conversation_trace,0.01,4.0,"l1=0.01,l2x4",next_use,3,3,pi3,lru,1857442038,learned,7429768151,tree,union,5183,58742117,117184,12560284,3218284,9342000,6291,18249,2145,1098240,271289,259411,11878,204311,0,10497620988424.19,0,prefix_first,sampled,16,3,onpolicy,216189,0.0,0,0,1078446186981.3759,1129073,9228056576,1659217496702.9766,1566834,15186911232,2252196027709.4395,2001408,22403360768,2495977121245.184,2226390,26627723264,1783006725042.1748,1495671,19842336768,1228777430743.0393,922624,13591468032,2960,32962016,65773,1918856,5097800,7016656,9958,740864,1447,58.48841643333435,5183,22,55523833,110893,9342000,18249,42548254,85338,0,0,46289,93,128000,250,618668,1216,572379,1123,744725,1461,970240,1895,9426297,18424,8681572,16963,1744325,3607,0,0,35038628,70859,33294303,67252,0,0,0,0,0,0,0,0,2535339,1098240,1889254,45083593,11143205,True,1.0,0.0547866533308631,0.1590341049506268,0.21382075828148991,0.0186959554079401,0.9452133466691369,0.1590341049506268,0.7243227887071213,0.0007880036056582707,0.0021790157818112003,0.010531932310168529,0.009743928704510258,0.012677871313354266,0.016516939626128897,0.16046914005499666,0.1477912687416424,0.02969462268443611,0.0,0.5964822139454048,0.5667875912609687,0.0,0.0,0.0,0.0,0.043160497603448644,0.0186959554079401,0.032161830326952634,0.76748328631057,0.1896970277731053,not_applicable_to_updated_policy,11878,7625,48000,204311,82880,92646,36901,0.4534557610701333,0.44523407335907333,390677,144395,409350938624,151270168576,1.9121682141441234
conversation_trace,0.01,4.0,"l1=0.01,l2x4",next_use,4,0,pi0,lru,1857442038,learned,7429768151,tree,union,5183,58742117,117184,12547270,3218284,9328986,6291,18224,1707,873591,271289,268693,2596,214623,0,10497532952899.582,0,prefix_first,sampled,16,4,onpolicy,217219,0.0,0,0,1052757107990.5288,1081390,9501517824,1608975908872.1924,1544885,15596032000,2224198473926.6553,1997824,23197245440,2515107220277.2466,2202624,27805933568,1825863031461.8882,1500791,21130090496,1270631210371.0715,1001472,15059847168,2960,32962016,65773,1918856,5162610,7081466,10084,505344,987,59.24121284484863,5183,22,55523833,110893,9328986,18224,42786477,85801,0,0,5303,12,19968,39,17252,38,11949,26,779964,1532,853623,1668,10265376,20065,9485412,18533,1749512,3617,0,0,35038628,70859,33289116,67242,0,0,0,0,0,0,0,0,2534779,873591,1658858,45321256,11156219,True,1.0,0.0547866533308631,0.15881256033043548,0.21359921366129858,0.014871629498814284,0.9452133466691369,0.15881256033043548,0.728378192430484,9.027594289800621e-05,0.00033992646196254726,0.00029369047084224084,0.00020341452794423462,0.013277764572223367,0.014531703036851737,0.1747532524236401,0.16147548785141672,0.02978292389428185,0.0,0.5964822139454048,0.566699290051123,0.0,0.0,0.0,0.0,0.04315096440940322,0.014871629498814284,0.028239670013935656,0.7715291568398871,0.18991857239329663,matched,2596,1940,46960,214623,89046,98220,40558,0.4576396751513118,0.45547245244031176,439536,174686,459625541632,182738755584,2.0479445353014354
conversation_trace,0.01,4.0,"l1=0.01,l2x4",next_use,4,1,pi1,lru,1857442038,learned,7429768151,tree,union,5183,58742117,117184,12721219,3218284,9502935,6291,18563,1731,886272,271289,260154,11135,205161,0,10497627949707.264,0,prefix_first,sampled,16,4,onpolicy,216296,0.0,0,0,1105114978549.761,1173486,9256552448,1687873649160.1912,1620594,15289100288,2267184193187.8403,2038272,22546239488,2487444119611.3906,2258944,26896515072,1757699794733.0564,1478775,19993604096,1192311214465.0247,932864,13669226496,2960,32962016,65773,1918856,5228015,7146871,10212,568320,1110,58.950594425201416,5183,22,55523833,110893,9502935,18563,42599259,85438,0,0,36074,74,61952,121,497672,980,461598,906,733465,1440,824320,1610,9598326,18760,8864861,17320,1765828,3647,0,0,35038628,70859,33272800,67212,0,0,0,0,0,0,0,0,2535367,886272,1655811,45134626,10982270,True,1.0,0.0547866533308631,0.16177379170723452,0.21656044503809763,0.01508750527326075,0.9452133466691369,0.16177379170723452,0.7251910754254907,0.0006141079321332597,0.001054643638396621,0.00847214954816831,0.00785804161603505,0.012486186018798062,0.01403286163486413,0.16339768619506853,0.15091150017627045,0.030060680312219597,0.0,0.5964822139454048,0.5664215336331851,0.0,0.0,0.0,0.0,0.043160974263150916,0.01508750527326075,0.028187799224192074,0.7683520496886417,0.18695734101649758,not_applicable_to_updated_policy,11135,6967,47898,205161,83646,92826,37253,0.45245441385058566,0.445364990555436,379197,142416,397365788672,149206568960,1.84828987965549
conversation_trace,0.01,4.0,"l1=0.01,l2x4",next_use,4,2,pi2,lru,1857442038,learned,7429768151,tree,union,5183,58742117,117184,12789569,3218284,9571285,6291,18702,1751,896512,271289,265448,5841,210469,0,10497534754594.816,0,prefix_first,sampled,16,4,onpolicy,216310,0.0,0,0,1108080303529.9841,1185269,9613707264,1683787868166.144,1631257,15462621184,2264827484145.665,2038591,22922221568,2486786996099.0723,2243601,27240681472,1756757874276.3513,1513079,20304900096,1197294228377.6006,959488,13808924672,2960,32962016,65773,1918856,5263924,7182780,10286,579584,1132,58.07088851928711,5183,32,55523833,110893,9571285,18702,42523684,85289,0,0,34109,67,70144,137,465054,910,430945,843,729078,1430,826368,1614,9552354,18671,8823276,17241,1769165,3654,0,0,35038628,70859,33269463,67205,0,0,0,0,0,0,0,0,2532352,896512,1659699,45056036,10913920,True,1.0,0.0547866533308631,0.1629373520876001,0.2177240054184632,0.015261826535805647,0.9452133466691369,0.1629373520876001,0.7239045198183783,0.0005806566351702987,0.0011941006484325377,0.007916875042143954,0.007336218406973654,0.012411503657588642,0.014067725887373109,0.1626150790581824,0.15020357540059376,0.030117487934593845,0.0,0.5964822139454048,0.566364726010811,0.0,0.0,0.0,0.0,0.04310964822735279,0.015261826535805647,0.02825398682856459,0.7670141680457312,0.185793780636132,not_applicable_to_updated_policy,5841,4422,47839,210469,86039,93585,37538,0.4446498059096589,0.43629051941561386,387299,147581,403741939712,153874063360,1.8401712366191696
conversation_trace,0.01,4.0,"l1=0.01,l2x4",next_use,4,3,pi3,lru,1857442038,learned,7429768151,tree,union,5183,58742117,117184,12672849,3218284,9454565,6291,18469,1945,995840,271289,256761,14528,201744,0,10497718872516.611,0,prefix_first,sampled,16,4,onpolicy,216272,0.0,0,0,1072527363074.0479,1146753,9102606336,1658587953682.433,1611757,15099238400,2249469306542.081,2028032,22252883968,2501741083166.7207,2224640,26547896320,1780129356376.0645,1485943,19738365952,1235263809675.264,957440,13530097664,2960,32962016,65773,1918856,5254945,7173801,10265,580096,1133,58.075509548187256,5183,20,55523833,110893,9454565,18469,42536674,85316,0,0,50837,103,111104,217,665570,1309,614733,1206,723080,1418,884736,1728,9369230,18311,8646150,16893,1762837,3642,0,0,35038628,70859,33275791,67217,0,0,0,0,0,0,0,0,2536754,995840,1769757,45073428,11030640,True,1.0,0.0547866533308631,0.16095036207156102,0.21573701540242413,0.016952742782491138,0.9452133466691369,0.16095036207156102,0.7241256558731106,0.00086542676015575,0.001891385698612122,0.01133037135859438,0.010464944598438629,0.012309396339937833,0.015061357083879016,0.15949765651108555,0.14718826017114772,0.030009762841880554,0.0,0.5964822139454048,0.5664724511035243,0.0,0.0,0.0,0.0,0.043184585941974135,0.016952742782491138,0.030127565882584723,0.7673102418150848,0.18778077065217108,not_applicable_to_updated_policy,14528,8445,47921,201744,82042,92283,36927,0.45742624315964786,0.45009872991882205,392178,147796,411031568384,154877325312,1.9439388532000952
conversation_trace,0.02,1.0,"l1=0.02,l2x1",binary,0,0,pi0,lru,3714884076,learned,3714884076,tree,union,5183,58742117,117184,10811483,4770907,6040576,9329,11798,1854,949248,261582,196183,65399,161489,0,5248530637021.184,0,prefix_first,sampled,16,0,onpolicy,226888,0.0,0,0,621295636099.072,753152,7284844544,885792046018.5598,1000448,11756556288,1148532993603.5835,1264640,16543268864,1210035172093.9521,1416704,18566195200,827078132518.912,955392,12963008512,555796656687.1036,650240,8453189632,2960,32962016,65773,2856210,3374080,6230290,6590,461824,902,53.852922439575195,5183,25,53971210,107855,6040576,11798,44440362,89045,0,0,198620,391,68096,133,3649759,7138,3451139,6747,648425,1269,881152,1721,8292999,16206,7644574,14937,1693979,3498,0,0,35038628,70859,33344649,67361,0,0,0,0,0,0,0,0,2541024,949248,1796293,46981386,12892006,True,1.0,0.08121782536369944,0.10283211277523416,0.1840499381389336,0.01615958103791186,0.9187821746363005,0.10283211277523416,0.756533204276584,0.0033812196451823485,0.0011592363959235586,0.06213189422505832,0.05875067457987597,0.011038502408757247,0.015000344641988303,0.14117637265269142,0.13013787024393417,0.0288375544926309,0.0,0.5964822139454048,0.5676446594527739,0.0,0.0,0.0,0.0,0.043257276546570494,0.01615958103791186,0.030579303091851456,0.7997904808231545,0.2194678479156616,unavailable_for_cell,65399,34790,31147,161489,59397,63425,22186,0.39275120906067906,0.3735205481758338,217329,75432,227219359744,78800730112,1.3457820656515305
conversation_trace,0.02,1.0,"l1=0.02,l2x1",binary,0,1,pi1,lru,3714884076,learned,3714884076,tree,union,5183,58742117,117184,9958247,4770907,5187340,9329,10132,2839,1453568,261582,148610,112972,114739,0,5248482142992.385,0,prefix_first,sampled,16,0,onpolicy,227711,0.0,0,0,383192716052.4801,499980,4566945792,645513145284.6083,715264,7257427968,975648337958.9125,1037824,10720903168,1265977384984.576,1222144,13377820672,1066463655710.72,914944,10890350592,911686903001.0878,797184,8861124608,2960,32962016,65773,2856210,2874368,5730578,5614,701952,1371,53.679444313049316,5183,27,53971210,107855,5187340,10132,44782463,89728,0,0,485434,950,133632,261,6608777,12914,6123343,11964,433717,848,1319936,2578,5682897,11111,5249180,10263,1628688,3358,0,0,35038628,70859,33409940,67501,0,0,0,0,0,0,0,0,2547839,1453568,2372719,47330302,13745242,True,1.0,0.08121782536369944,0.08830699785641025,0.1695248232201097,0.02474490321824799,0.9187821746363005,0.08830699785641025,0.7623569814482511,0.008263815211154204,0.002274892476210893,0.11250491704274124,0.10424110183158704,0.007383407717498503,0.022470010742037097,0.09674314257349628,0.08935973485599778,0.02772606918473844,0.0,0.5964822139454048,0.5687561447606664,0.0,0.0,0.0,0.0,0.043373292113391144,0.02474490321824799,0.0403921261469007,0.8057302735616423,0.2339929628344855,not_applicable_to_updated_policy,112972,53312,30323,114739,41586,48060,16512,0.4188636819215785,0.3970567017746357,339732,100825,353043468288,105286037504,2.960911285613436
conversation_trace,0.02,1.0,"l1=0.02,l2x1",binary,0,2,pi2,lru,3714884076,learned,3714884076,tree,union,5183,58742117,117184,9981019,4770907,5210112,9329,10176,3219,1648128,261582,138587,122995,103900,0,5248561193967.616,0,prefix_first,sampled,16,0,onpolicy,226895,0.0,0,0,380657865553.9199,536576,4646907904,639031125065.7286,750080,7451195392,976694325149.696,1053184,10856407040,1256094107336.7039,1249792,13509822464,1063809852807.1677,909312,10891128832,932273918054.4001,711168,8555474944,2960,32962016,65773,2856210,2916864,5773074,5697,776704,1517,53.13644790649414,5183,25,53971210,107855,5210112,10176,44566337,89302,0,0,513887,1005,261120,510,6657285,13013,6143398,12008,383004,750,1387008,2709,5417057,10588,5034053,9838,1649742,3403,0,0,35038628,70859,33388886,67456,0,0,0,0,0,0,0,0,2546633,1648128,2545019,47112970,13722470,True,1.0,0.08121782536369944,0.0886946583828431,0.16991248374654253,0.028057007206601016,0.9187821746363005,0.0886946583828431,0.7586777473477846,0.008748186586465721,0.004445192194894848,0.1133306959298045,0.10458250934333878,0.006520091878881382,0.023611815011706165,0.09221759917164715,0.08569750729276576,0.02808448323372479,0.0,0.5964822139454048,0.56839773071168,0.0,0.0,0.0,0.0,0.043352761699071894,0.028057007206601016,0.04332528567194812,0.8020305090468565,0.23360530230805268,not_applicable_to_updated_policy,122995,53558,31142,103900,40892,45023,17328,0.433330125120308,0.4237503668199159,350763,118764,367197599744,124306776064,3.3759672762271413
conversation_trace,0.02,1.0,"l1=0.02,l2x1",binary,0,3,pi3,lru,3714884076,learned,3714884076,tree,union,5183,58742117,117184,9815019,4770907,5044112,9329,9852,3140,1606943,261582,138095,123487,104030,0,5248496388057.09,0,prefix_first,sampled,16,0,onpolicy,227517,0.0,0,0,345837671036.92804,470928,4480698368,610911056455.6803,695808,7211679744,960267426562.0481,1008640,10663936000,1283341019080.7043,1204224,13186111488,1100590841585.6643,915456,10714109952,947548373336.0643,749056,8623683584,2960,32962016,65773,2856210,2862592,5718802,5591,727327,1422,53.442025899887085,5183,26,53971210,107855,5044112,9852,44771259,89706,0,0,488882,956,305951,599,6871110,13425,6382228,12469,432697,847,1300992,2541,5410417,10579,4977720,9732,1627317,3354,0,0,35038628,70859,33411311,67505,0,0,0,0,0,0,0,0,2548896,1606943,2528522,47320155,13888470,True,1.0,0.08121782536369944,0.0858687472908067,0.16708657265450613,0.027355891855242467,0.9187821746363005,0.0858687472908067,0.7621662494730995,0.008322512448776744,0.005208375448913426,0.1169707588168809,0.10864824636810416,0.007366043685487195,0.02214751640632904,0.09210456272796569,0.0847385190424785,0.027702729882887946,0.0,0.5964822139454048,0.5687794840625169,0.0,0.0,0.0,0.0,0.043391286017151885,0.027355891855242467,0.04304444798950641,0.8055575354902514,0.23643121340008907,not_applicable_to_updated_policy,123487,54112,30515,104030,40740,43973,16551,0.4226953763337499,0.40625920471281296,359018,115812,373699567616,121018791936,3.451100644044987
conversation_trace,0.02,1.0,"l1=0.02,l2x1",binary,1,0,pi0,lru,3714884076,learned,3714884076,tree,union,5183,58742117,117184,10810459,4770907,6039552,9329,11796,1823,933376,261582,196281,65301,161595,0,5248557758101.504,0,prefix_first,sampled,16,1,onpolicy,226896,0.0,0,0,624009514821.6315,740864,7301531648,883361459132.416,996864,11828113408,1150623195305.9836,1266688,16565903360,1210077971636.224,1422336,18564380672,825162626510.8481,961536,12929378304,555322990694.4,651264,8395792384,2960,32962016,65773,2856210,3360768,6216978,6564,463872,906,53.22697591781616,5183,25,53971210,107855,6039552,11796,44456973,89078,0,0,198623,390,70144,137,3647691,7135,3449068,6745,647645,1267,863232,1686,8311963,16242,7664318,14975,1695041,3501,0,0,35038628,70859,33343587,67358,0,0,0,0,0,0,0,0,2541309,933376,1779644,46998282,12893030,True,1.0,0.08121782536369944,0.10281468064897968,0.18403250601267912,0.01588938308096727,0.9187821746363005,0.10281468064897968,0.7568159826449564,0.0033812707158647347,0.0011941006484325377,0.06209668950133343,0.058715418785468695,0.011025224031336834,0.014695282432534734,0.1414992074596154,0.13047398342827857,0.028855633514195615,0.0,0.5964822139454048,0.5676265804312092,0.0,0.0,0.0,0.0,0.043262128261397186,0.01588938308096727,0.03029587782816884,0.8000781109063536,0.2194852800419161,unavailable_for_cell,65301,34760,31141,161595,59463,63332,22241,0.39191806677186797,0.37403090997763316,215678,75617,225496356864,78985453568,1.3346823849747826
conversation_trace,0.02,1.0,"l1=0.02,l2x1",binary,1,1,pi1,lru,3714884076,learned,3714884076,tree,union,5183,58742117,117184,10034535,4770907,5263628,9329,10281,2737,1400601,261582,149628,111954,115711,0,5248424955029.502,0,prefix_first,sampled,16,1,onpolicy,227665,0.0,0,0,387873538578.4318,511756,4559497216,656121326608.3835,742912,7268509696,986530988357.6317,1055232,10710568960,1266189861148.6714,1241600,13312059392,1057783276425.2161,912896,10929922048,893925963911.1676,799232,8916172800,2960,32962016,65773,2856210,3012096,5868306,5883,611030,1194,52.74328112602234,5183,27,53971210,107855,5263628,10281,44759068,89681,0,0,490961,960,189721,372,6624530,12943,6133569,11983,423582,829,1210880,2365,5643823,11035,5220241,10206,1633370,3367,0,0,35038628,70859,33405258,67492,0,0,0,0,0,0,0,0,2547913,1400601,2315144,47306981,13668954,True,1.0,0.08121782536369944,0.08960569126236972,0.17082351662606915,0.023843216273598037,0.9187821746363005,0.08960569126236972,0.7619587152434428,0.008357904431670381,0.003229726977664084,0.11277308919595118,0.1044151847642808,0.007210873928837124,0.020613489295933953,0.09607796395897683,0.0888670900301397,0.027805773496382503,0.0,0.5964822139454048,0.5686764404490223,0.0,0.0,0.0,0.0,0.04337455185689001,0.023843216273598037,0.039411994634105545,0.8053332671003328,0.23269426942852606,not_applicable_to_updated_policy,111954,53239,30367,115711,41609,48363,16441,0.4179637199574803,0.3951308611117787,335162,96628,348161267712,100873574400,2.8965439759400575
conversation_trace,0.02,1.0,"l1=0.02,l2x1",binary,1,2,pi2,lru,3714884076,learned,3714884076,tree,union,5183,58742117,117184,9994731,4770907,5223824,9329,10203,3120,1597440,261582,139278,122304,104620,0,5248552919060.48,0,prefix_first,sampled,16,1,onpolicy,226924,0.0,0,0,376252403800.0641,534416,4649025536,635989452472.3201,758784,7460067328,979924236996.6082,1042944,10950907904,1259411119230.9768,1235968,13519456256,1064652974393.3441,934912,10944626688,932322732167.1675,716800,8550332416,2960,32962016,65773,2856210,2951680,5807890,5765,722432,1411,53.337974309921265,5183,26,53971210,107855,5223824,10203,44603983,89375,0,0,505778,989,241152,471,6610878,12921,6105100,11932,388665,761,1356288,2649,5500440,10752,5111775,9991,1651520,3407,0,0,35038628,70859,33387108,67452,0,0,0,0,0,0,0,0,2545963,1597440,2491883,47149946,13708758,True,1.0,0.08121782536369944,0.08892808544846963,0.17014591081216907,0.02719411695700378,0.9187821746363005,0.08892808544846963,0.7593186163174882,0.008610142531975822,0.004105265732932301,0.11254068354397238,0.10393054101199656,0.006616462256544142,0.023088851224071477,0.09363707474144999,0.08702061248490585,0.028114751124819013,0.0,0.5964822139454048,0.5683674628205858,0.0,0.0,0.0,0.0,0.04334135591333898,0.02719411695700378,0.04242072174552374,0.8026599722308272,0.23337187524242614,not_applicable_to_updated_policy,122304,53395,31113,104620,41124,45520,17529,0.4350984515389027,0.42624744674642545,350285,117041,366698117120,122524364800,3.348164786847639
conversation_trace,0.02,1.0,"l1=0.02,l2x1",binary,1,3,pi3,lru,3714884076,learned,3714884076,tree,union,5183,58742117,117184,9865164,4770907,5094257,9329,9950,3162,1618646,261582,140330,121252,106041,0,5248494476433.406,0,prefix_first,sampled,16,1,onpolicy,227293,0.0,0,0,348914996062.2079,482704,4529475584,622487022106.6238,706560,7314485248,970131827748.8638,1022464,10719031296,1279329325510.6553,1228257,13336774656,1089328701310.976,919552,10841661440,938302603694.0796,734720,8608522240,2960,32962016,65773,2856210,2880481,5736691,5626,741590,1449,53.03731894493103,5183,27,53971210,107855,5094257,9950,44711048,89587,0,0,492633,964,190678,373,6754441,13200,6261808,12236,426417,834,1427968,2789,5465238,10684,5038821,9850,1628209,3358,0,0,35038628,70859,33410419,67501,0,0,0,0,0,0,0,0,2547259,1618646,2537696,47258307,13838325,True,1.0,0.08121782536369944,0.08672239374689203,0.16794021911059148,0.02755511858723103,0.9187821746363005,0.08672239374689203,0.7611412438540477,0.00838636782532029,0.003246018525345282,0.1149846370024424,0.1065982691771221,0.007259135723692083,0.02430910006188575,0.09303781135433031,0.08577867563063823,0.027717914899117443,0.0,0.5964822139454048,0.5687642990462873,0.0,0.0,0.0,0.0,0.04336341844812981,0.02755511858723103,0.043200622136243406,0.8045046623021775,0.23557756694400372,not_applicable_to_updated_policy,121252,53761,30740,106041,40971,44658,16476,0.42113899340821004,0.402138097678846,358866,113995,373493254144,119134146560,3.3842193113984216
conversation_trace,0.02,1.0,"l1=0.02,l2x1",binary,2,0,pi0,lru,3714884076,learned,3714884076,tree,union,5183,58742117,117184,10859099,4770907,6088192,9329,11891,1731,886272,261582,195933,65649,161266,0,5248560251265.024,0,prefix_first,sampled,16,2,onpolicy,226915,0.0,0,0,621233348818.944,741376,7329517568,881822297688.064,996352,11698681856,1148608111433.728,1273344,16425742336,1214121856438.2725,1428480,18520121344,825845871745.0239,979968,13005303808,556928765140.9923,668672,8458905600,2960,32962016,65773,2856210,3369984,6226194,6582,458752,896,54.14896297454834,5183,25,53971210,107855,6088192,11891,44455071,89075,0,0,193581,380,78848,154,3606670,7056,3413089,6676,651877,1276,807424,1577,8351448,16318,7699571,15042,1696217,3502,0,0,35038628,70859,33342411,67357,0,0,0,0,0,0,0,0,2541675,886272,1731730,46996746,12844390,True,1.0,0.08121782536369944,0.10364270664606794,0.18486053200976738,0.01508750527326075,0.9187821746363005,0.10364270664606794,0.7567836038323236,0.003295437922334328,0.0013422737215956994,0.06139836601394533,0.058102928091611,0.011097267740622967,0.013745231551665052,0.14217138275762176,0.13107411501699878,0.028875653221691007,0.0,0.5964822139454048,0.5676065607237137,0.0,0.0,0.0,0.0,0.0432683588846483,0.01508750527326075,0.029480210936218047,0.8000519627169719,0.21865725404482783,unavailable_for_cell,65649,34906,31120,161266,59314,63424,22206,0.3932881078466633,0.37438041609063627,215718,74592,225563275264,77914603520,1.3376533181203725
conversation_trace,0.02,1.0,"l1=0.02,l2x1",binary,2,1,pi1,lru,3714884076,learned,3714884076,tree,union,5183,58742117,117184,9960659,4770907,5189752,9329,10137,3030,1551360,261582,157154,104428,123186,0,5248476646260.737,0,prefix_first,sampled,16,2,onpolicy,227614,0.0,0,0,384925187307.52,510615,4626737152,653328941234.176,732672,7409473536,983830562985.9841,1042432,10894135296,1267747030097.9211,1224673,13737916416,1057990903252.9923,910848,11353763840,900654021382.1439,768512,9516861440,2960,32962016,65773,2856210,2948460,5804670,5759,684544,1337,53.59221935272217,5183,29,53971210,107855,5189752,10137,44684129,89534,0,0,474694,928,123904,242,6339896,12389,5865202,11461,436925,855,1427456,2788,5851574,11440,5414649,10585,1634350,3371,0,0,35038628,70859,33404278,67488,0,0,0,0,0,0,0,0,2545969,1551360,2462979,47230098,13742830,True,1.0,0.08121782536369944,0.08834805868504875,0.1695658840487482,0.026409671275551747,0.9187821746363005,0.08834805868504875,0.7606829866209963,0.008080982168211608,0.002109287276793242,0.10792760499251329,0.09984662282430168,0.007438019300530146,0.024300383998758505,0.09961462573778197,0.09217660643725183,0.027822456585961993,0.0,0.5964822139454048,0.5686597573594429,0.0,0.0,0.0,0.0,0.04334145805470375,0.026409671275551747,0.0419286727442935,0.8040244446757001,0.233951902005847,not_applicable_to_updated_policy,104428,51375,30417,123186,43331,51998,17028,0.42210965531797445,0.39297500634649557,363724,98896,377364783104,103160285184,2.9526407221599857
conversation_trace,0.02,1.0,"l1=0.02,l2x1",binary,2,2,pi2,lru,3714884076,learned,3714884076,tree,union,5183,58742117,117184,10033131,4770907,5262224,9329,10278,3044,1558528,261582,140990,120592,106303,0,5248583984642.048,0,prefix_first,sampled,16,2,onpolicy,226895,0.0,0,0,386197117698.0479,546704,4673716224,648553405329.4077,764416,7506849792,984711864631.2959,1057792,10948091904,1247906372640.7676,1253888,13679978496,1058487328772.0962,923648,10981156864,922727895570.4323,715776,8630927360,2960,32962016,65773,2856210,2982400,5838610,5825,709120,1385,53.50895595550537,5183,26,53971210,107855,5262224,10278,44604729,89376,0,0,508474,995,88064,172,6570779,12845,6062305,11850,384433,752,1470464,2872,5541051,10829,5156618,10077,1652822,3410,0,0,35038628,70859,33385806,67449,0,0,0,0,0,0,0,0,2545729,1558528,2451435,47150458,13670358,True,1.0,0.08121782536369944,0.08958179018301299,0.1707996155467124,0.026531696159333176,0.9187821746363005,0.08958179018301299,0.7593313158938415,0.00865603805188022,0.0014991628578861058,0.11185805577963763,0.10320201772775742,0.0065444185472580095,0.025032533301447068,0.09432841856891198,0.08778400002165397,0.028136915800974622,0.0,0.5964822139454048,0.5683452981444301,0.0,0.0,0.0,0.0,0.04333737240011285,0.026531696159333176,0.041732152758471405,0.8026686882939544,0.2327181705078828,not_applicable_to_updated_policy,120592,53080,31142,106303,41441,45908,17402,0.43185987225195904,0.41992229917231727,345870,114848,362010243072,120180742144,3.253624074579269
conversation_trace,0.02,1.0,"l1=0.02,l2x1",binary,2,3,pi3,lru,3714884076,learned,3714884076,tree,union,5183,58742117,117184,9923563,4770907,5152656,9329,10064,3062,1567744,261582,140701,120881,106440,0,5248507259641.855,0,prefix_first,sampled,16,2,onpolicy,227321,0.0,0,0,353378209957.88794,486288,4522639360,623533635786.752,712192,7311157248,967550542749.6953,1021440,10730936320,1272152982677.5042,1221632,13364531200,1091212656211.9684,921600,10939439104,940679232258.0477,789504,8651227136,2960,32962016,65773,2856210,2893312,5749522,5651,736768,1439,53.45060396194458,5183,26,53971210,107855,5152656,10064,44703139,89572,0,0,492090,963,222720,435,6748108,13188,6256018,12225,424369,830,1345024,2627,5464074,10682,5039705,9852,1631212,3364,0,0,35038628,70859,33407416,67495,0,0,0,0,0,0,0,0,2547671,1567744,2484203,47250810,13779926,True,1.0,0.08121782536369944,0.08771655267378259,0.16893437803748204,0.026688585295623582,0.9187821746363005,0.08771655267378259,0.7610066045117169,0.008377124031808387,0.0037914874603514883,0.11487682679192512,0.10649970276011674,0.007224271471183104,0.022897097835272093,0.09301799592956447,0.08579372445838136,0.027769036652186028,0.0,0.5964822139454048,0.5687131772932188,0.0,0.0,0.0,0.0,0.04337043215517752,0.026688585295623582,0.042289980798615075,0.8043770366668944,0.23458340801711317,not_applicable_to_updated_policy,120881,53600,30713,106440,41121,45118,16680,0.42388199924840286,0.4056321587510031,360598,113101,375366168576,118205900800,3.387805336339722
conversation_trace,0.02,1.0,"l1=0.02,l2x1",binary,3,0,pi0,lru,3714884076,learned,3714884076,tree,union,5183,58742117,117184,10830427,4770907,6059520,9329,11835,1833,938496,261582,196509,65073,161785,0,5248517928902.655,0,prefix_first,sampled,16,3,onpolicy,226858,0.0,0,0,620717277827.0719,746496,7277830144,885350339794.9441,994816,11808069632,1147506904070.1438,1263104,16544159744,1211928144457.728,1413120,18631079936,826076554532.8639,974336,13020076032,556938708219.9038,667648,8482367488,2960,32962016,65773,2856210,3358208,6214418,6559,482304,942,53.610241174697876,5183,25,53971210,107855,6059520,11835,44432038,89029,0,0,193522,381,71680,140,3566127,6976,3372605,6595,652448,1276,866816,1693,8368439,16352,7715991,15076,1695186,3501,0,0,35038628,70859,33343442,67358,0,0,0,0,0,0,0,0,2541156,938496,1784466,46973194,12873062,True,1.0,0.08121782536369944,0.10315460711094222,0.18437243247464166,0.01597654371223972,0.9187821746363005,0.10315460711094222,0.7563915001565231,0.003294433532247399,0.0012202488378142721,0.06070817978861742,0.057413746256370024,0.01110698819383714,0.014756294874425448,0.1424606300790964,0.13135364188525925,0.028858101930510947,0.0,0.5964822139454048,0.5676241120148938,0.0,0.0,0.0,0.0,0.04325952365659549,0.01597654371223972,0.030377965438324262,0.7996510238131186,0.21914535357995354,unavailable_for_cell,65073,34595,31178,161785,59578,63790,22422,0.3942887165064746,0.37634697371512976,217497,75862,227391334400,79253522432,1.344358253237321
conversation_trace,0.02,1.0,"l1=0.02,l2x1",binary,3,1,pi1,lru,3714884076,learned,3714884076,tree,union,5183,58742117,117184,10096456,4770907,5325549,9329,10402,2721,1392854,261582,153092,108490,119035,0,5248457397061.633,0,prefix_first,sampled,16,3,onpolicy,227525,0.0,0,0,389257559427.07214,510732,4597422080,656916899354.6243,736768,7385714688,984354887696.3838,1064448,10950182912,1266831012603.9036,1251809,13694785536,1053188156649.4722,954368,11218561024,897908881330.1764,807424,9124413440,2960,32962016,65773,2856210,2978273,5834483,5817,662230,1294,54.006465911865234,5183,28,53971210,107855,5325549,10402,44706528,89577,0,0,483929,947,111830,219,6443169,12590,5959240,11643,430645,842,1281024,2502,5771010,11283,5340365,10441,1631705,3366,0,0,35038628,70859,33406923,67493,0,0,0,0,0,0,0,0,2546279,1392854,2307428,47252807,13607033,True,1.0,0.08121782536369944,0.09065980717038169,0.17187763253408112,0.023711334748116077,0.9187821746363005,0.09065980717038169,0.7610642973592525,0.008238194752157127,0.0019037448037495823,0.10968567918653664,0.10144748443437951,0.007331111338735034,0.021807589944366493,0.09824313958586137,0.09091202824712634,0.027777429267658162,0.0,0.5964822139454048,0.5687047846777467,0.0,0.0,0.0,0.0,0.043346735358550326,0.023711334748116077,0.039280640839008236,0.8044110327178028,0.2316401535205141,not_applicable_to_updated_policy,108490,52028,30504,119035,42707,50043,16886,0.4204057630108792,0.3953918561359964,347638,100014,361059069952,104390443008,2.9204687696895872
conversation_trace,0.02,1.0,"l1=0.02,l2x1",binary,3,2,pi2,lru,3714884076,learned,3714884076,tree,union,5183,58742117,117184,9981019,4770907,5210112,9329,10176,3231,1654272,261582,140212,121370,105419,0,5248609834113.025,0,prefix_first,sampled,16,3,onpolicy,226789,0.0,0,0,391469857994.7522,540160,4659030016,650961943148.544,761344,7508154368,987671115657.216,1040896,10985207808,1252877556897.7937,1220608,13627541504,1050326910861.312,920576,10930561024,915302449553.4081,726528,8624054272,2960,32962016,65773,2856210,2873344,5729554,5612,826368,1614,53.43604516983032,5183,25,53971210,107855,5210112,10176,44560269,89290,0,0,504378,987,161792,316,6599361,12900,6094983,11913,390977,765,1492480,2915,5468837,10689,5077860,9924,1651202,3406,0,0,35038628,70859,33387426,67453,0,0,0,0,0,0,0,0,2546557,1654272,2549627,47106826,13722470,True,1.0,0.08121782536369944,0.0886946583828431,0.16991248374654253,0.028161599964127954,0.9187821746363005,0.0886946583828431,0.7585744483808781,0.008586309546862262,0.002754275948209357,0.11234462319429175,0.10375831364742949,0.006655820729103107,0.025407324015918595,0.09309907914963296,0.08644325842052986,0.028109337632486076,0.0,0.5964822139454048,0.5683728763129188,0.0,0.0,0.0,0.0,0.043351467908451444,0.028161599964127954,0.04340373024009332,0.8019259162893295,0.23360530230805268,not_applicable_to_updated_policy,121370,53167,31246,105419,41265,45640,17454,0.43293903376051757,0.4229734641948382,344893,113655,360980508672,118926641152,3.2716398372209943
conversation_trace,0.02,1.0,"l1=0.02,l2x1",binary,3,3,pi3,lru,3714884076,learned,3714884076,tree,union,5183,58742117,117184,9970155,4770907,5199248,9329,10155,3031,1551872,261582,140037,121545,105657,0,5248521213026.304,0,prefix_first,sampled,16,3,onpolicy,227202,0.0,0,0,357537181954.0481,497552,4535549952,627171344433.1519,716800,7293300736,968007859761.1522,1030656,10791557120,1277802497673.2158,1224704,13402112000,1091938892417.0238,954368,10898321408,926063436787.7123,775168,8677672960,2960,32962016,65773,2856210,2934784,5790994,5732,705536,1378,53.87457990646362,5183,26,53971210,107855,5199248,10155,44673721,89512,0,0,498234,975,189440,370,6741978,13178,6243744,12203,416177,814,1362432,2661,5439484,10632,5023307,9818,1631958,3368,0,0,35038628,70859,33406670,67491,0,0,0,0,0,0,0,0,2546369,1551872,2466283,47220090,13733334,True,1.0,0.08121782536369944,0.08850971441836188,0.16972753978206132,0.026418387338678993,0.9187821746363005,0.08850971441836188,0.7605058054002378,0.008481716789335325,0.0032249433570805766,0.11477247236424931,0.10629075557491399,0.0070848144611471865,0.023193443981598415,0.09259938656960559,0.0855145721084584,0.027781736228539397,0.0,0.5964822139454048,0.5687004777168654,0.0,0.0,0.0,0.0,0.04334826747902191,0.026418387338678993,0.04198491858916151,0.8038540728792597,0.2337902462725339,not_applicable_to_updated_policy,121545,53613,30833,105657,41047,44901,16784,0.424969476702916,0.40889711793797356,354154,112469,368798349312,117557946368,3.351921784642759
conversation_trace,0.02,1.0,"l1=0.02,l2x1",binary,4,0,pi0,lru,3714884076,learned,3714884076,tree,union,5183,58742117,117184,10772059,4770907,6001152,9329,11721,1919,982528,261582,196136,65446,161423,0,5248549339316.224,0,prefix_first,sampled,16,4,onpolicy,226869,0.0,0,0,622288912875.52,736768,7307038720,881925775611.9044,983552,11709212672,1153189011443.711,1278976,16559847424,1211048205576.1921,1441792,18649552896,825526325608.4484,946688,12994625536,554571108200.4476,613376,8487573504,2960,32962016,65773,2856210,3351040,6207250,6545,486912,951,54.18883919715881,5183,25,53971210,107855,6001152,11721,44445161,89057,0,0,200314,395,83968,164,3572308,6990,3371994,6595,649752,1270,898560,1755,8376594,16366,7726842,15096,1692303,3493,0,0,35038628,70859,33346325,67366,0,0,0,0,0,0,0,0,2542369,982528,1832594,46987530,12931430,True,1.0,0.08121782536369944,0.10216097591443632,0.18337880127813574,0.016726125141182775,0.9187821746363005,0.10216097591443632,0.7566149003448411,0.0034100575571697563,0.0014294343528681475,0.06081340241789379,0.057403344860724036,0.011061092673932743,0.015296690788314625,0.14259945721738287,0.13153836454345014,0.02880902300473781,0.0,0.5964822139454048,0.567673190940667,0.0,0.0,0.0,0.0,0.04328017323584031,0.016726125141182775,0.031197275372285272,0.7998950735806815,0.22013898477645946,unavailable_for_cell,65446,34676,31166,161423,59525,63380,22314,0.3926330200776841,0.3748677026459471,215805,75387,225626572800,78743721984,1.336891273238634
conversation_trace,0.02,1.0,"l1=0.02,l2x1",binary,4,1,pi1,lru,3714884076,learned,3714884076,tree,union,5183,58742117,117184,10103275,4770907,5332368,9329,10415,2729,1396950,261582,155989,105593,121932,0,5248466291668.992,0,prefix_first,sampled,16,4,onpolicy,227525,0.0,0,0,387616968243.2002,517520,4614109184,654711986851.8402,750592,7418669056,983993529591.8076,1056256,10950703104,1268495841097.7283,1241088,13815181312,1057169081442.3042,950784,11306276864,896478884442.1116,816128,9316712448,2960,32962016,65773,2856210,2990080,5846290,5840,645846,1262,53.85454034805298,5183,26,53971210,107855,5332368,10415,44693602,89554,0,0,479666,938,100566,197,6338879,12385,5859213,11447,436793,855,1296384,2532,5864385,11467,5427592,10612,1631831,3364,0,0,35038628,70859,33406797,67495,0,0,0,0,0,0,0,0,2548290,1396950,2313409,47241892,13600214,True,1.0,0.08121782536369944,0.09077589083144552,0.17199371619514495,0.023781063253134033,0.9187821746363005,0.09077589083144552,0.7608442508124111,0.008165623312486337,0.0017119914149501965,0.10791029203118437,0.09974466871869804,0.0074357721905051535,0.022069071838183837,0.09983271457513185,0.09239694238462669,0.027779574236318383,0.0,0.5964822139454048,0.5687026397090864,0.0,0.0,0.0,0.0,0.04338096973930987,0.023781063253134033,0.039382458756125525,0.804225220551721,0.23152406985945026,not_applicable_to_updated_policy,105593,51612,30507,121932,43100,51294,16972,0.4206770987107568,0.3937819025522042,361096,98789,374798153728,103057561600,2.961453925138602
conversation_trace,0.02,1.0,"l1=0.02,l2x1",binary,4,2,pi2,lru,3714884076,learned,3714884076,tree,union,5183,58742117,117184,10265067,4770907,5494160,9329,10731,2610,1336320,261582,142286,119296,107575,0,5248566231293.951,0,prefix_first,sampled,16,4,onpolicy,226871,0.0,0,0,394745169414.144,555920,4703123456,656236770754.5602,783360,7522816000,987735585601.5359,1092608,11055472640,1250284204165.1191,1293824,13716690944,1047796120915.9686,986112,11065292800,911768380442.6235,782336,8626827264,2960,32962016,65773,2856210,2985472,5841682,5831,694272,1356,54.254016399383545,5183,26,53971210,107855,5494160,10731,44594163,89357,0,0,509498,997,88576,173,6546241,12796,6036743,11799,379825,743,1247744,2437,5555861,10859,5176036,10116,1657244,3417,0,0,35038628,70859,33381384,67442,0,0,0,0,0,0,0,0,2546567,1336320,2225643,47140730,13438422,True,1.0,0.08121782536369944,0.09353016677965488,0.17474799214335432,0.022748924762108932,0.9187821746363005,0.09353016677965488,0.7591514449504774,0.008673470178134711,0.0015078789210133507,0.1114403316448401,0.1027668614667054,0.006465973979112806,0.021241045841095582,0.09458053750429185,0.08811456352517905,0.028212193986811882,0.0,0.5964822139454048,0.5682700199585929,0.0,0.0,0.0,0.0,0.0433516381440594,0.022748924762108932,0.03788836891935645,0.8025030830945368,0.2287697939112409,not_applicable_to_updated_policy,119296,52803,31165,107575,41696,46499,17609,0.4322472693469672,0.4223186876438987,341737,110218,357700382720,115355152384,3.17673251220079
conversation_trace,0.02,1.0,"l1=0.02,l2x1",binary,4,3,pi3,lru,3714884076,learned,3714884076,tree,union,5183,58742117,117184,9856491,4770907,5085584,9329,9933,3169,1622083,261582,140654,120928,106480,0,5248487986401.28,0,prefix_first,sampled,16,4,onpolicy,227408,0.0,0,0,342725271525.3761,470928,4445253632,616567188267.0078,694272,7286495232,960467406778.3683,1007616,10726522880,1284303926994.9446,1216512,13444784128,1100970695856.128,944128,11006558208,943453496979.4558,752128,8681605120,2960,32962016,65773,2856210,2841600,5697810,5550,766976,1498,54.319278955459595,5183,26,53971210,107855,5085584,9933,44714910,89596,0,0,493490,965,236611,463,6734201,13160,6240711,12195,431161,844,1385472,2706,5490714,10734,5059553,9890,1623982,3348,0,0,35038628,70859,33414646,67511,0,0,0,0,0,0,0,0,2548633,1622083,2546734,47263543,13846998,True,1.0,0.08121782536369944,0.08657474840411353,0.16779257376781295,0.027613628565684823,0.9187821746363005,0.08657474840411353,0.7612069888458395,0.008400957016921947,0.00402796174336039,0.11464008013194349,0.10623912311502154,0.0073398954961054605,0.023585666822324432,0.09347150358915393,0.08613160809304847,0.027645956307635288,0.0,0.5964822139454048,0.5688362576377695,0.0,0.0,0.0,0.0,0.043386808820662696,0.027613628565684823,0.04335448107871223,0.8045937976665022,0.23572521228678225,not_applicable_to_updated_policy,120928,53526,30622,106480,41212,45214,16756,0.42462434259954923,0.40658060759002235,363049,116022,378013896704,121280245760,3.4095510894064613
conversation_trace,0.02,1.0,"l1=0.02,l2x1",next_use,0,0,pi0,lru,3714884076,learned,3714884076,tree,union,5183,58742117,117184,10615787,4770907,5844880,9329,11416,2015,1031680,261582,194121,67461,159567,0,5248543389599.743,0,prefix_first,sampled,16,0,onpolicy,227028,0.0,0,0,569455092123.6478,695696,6789713920,823684753285.1205,911872,10800441344,1094357919064.0635,1204736,15068280832,1232435451236.3518,1358848,16750432256,898061461059.5839,968704,11772493824,630548712830.976,705024,7889287168,2960,32962016,65773,2856210,3197440,6053650,6245,518144,1012,55.00571894645691,5183,26,53971210,107855,5844880,11416,44552953,89267,0,0,237729,466,46080,90,4346273,8496,4108544,8030,626059,1225,985600,1925,7709749,15069,7083690,13844,1677909,3466,0,0,35038628,70859,33360719,67393,0,0,0,0,0,0,0,0,2541697,1031680,1895468,47094650,13087702,True,1.0,0.08121782536369944,0.09950067002181756,0.18071849538551701,0.017562867201398276,0.9187821746363005,0.09950067002181756,0.7584499040100989,0.004046994084329647,0.0007844456814520321,0.07398904264890556,0.0699420485645759,0.01065775344800733,0.016778421519946244,0.13124738081877438,0.12058962737076705,0.028563985870648824,0.0,0.5964822139454048,0.567918228074756,0.0,0.0,0.0,0.0,0.0432687334029858,0.017562867201398276,0.03226761473373525,0.8017186374130847,0.2227992906690782,unavailable_for_cell,67461,40893,31009,159567,53517,62659,19755,0.3926814441582533,0.3691350412018611,225351,73443,235374022656,76721799168,1.4122656940344809
conversation_trace,0.02,1.0,"l1=0.02,l2x1",next_use,0,1,pi1,lru,3714884076,learned,3714884076,tree,union,5183,58742117,117184,11010027,4770907,6239120,9329,12186,1486,760832,261582,176735,84847,141894,0,5248589381609.472,0,prefix_first,sampled,16,0,onpolicy,226741,0.0,0,0,475700182865.9201,653712,4910798848,751226430089.216,944640,8077082624,1050493757102.0792,1286656,12441772032,1246230963716.0967,1505280,16105551872,953800583172.0962,1052672,13238546432,771137464664.0636,796160,10503522304,2960,32962016,65773,2856210,3354624,6210834,6552,364544,712,55.5023672580719,5183,26,53971210,107855,6239120,12186,44427778,89026,0,0,483250,945,95744,187,5182075,10130,4698825,9185,387641,759,665088,1299,6750555,13194,6362914,12435,1672589,3453,0,0,35038628,70859,33366039,67406,0,0,0,0,0,0,0,0,2543480,760832,1631723,46971258,12693462,True,1.0,0.08121782536369944,0.10621203862979606,0.1874298639934955,0.012952069807085775,0.9187821746363005,0.10621203862979606,0.7563189797875347,0.008226635754377052,0.0016299038047947777,0.08821736880882247,0.07999073305444541,0.006599030130289652,0.011322166002290997,0.11491848344519147,0.10831945331490181,0.028473420527217293,0.0,0.5964822139454048,0.5680087934181876,0.0,0.0,0.0,0.0,0.043299086411884,0.012952069807085775,0.02777773569175248,0.7996180661994188,0.2160879220610997,not_applicable_to_updated_policy,84847,44620,31296,141894,49551,58536,19210,0.4125332995052645,0.3876813787814575,297924,86898,311608711168,90847354880,2.0996236627341536
conversation_trace,0.02,1.0,"l1=0.02,l2x1",next_use,0,2,pi2,lru,3714884076,learned,3714884076,tree,union,5183,58742117,117184,10947051,4770907,6176144,9329,12063,1583,810488,261582,157261,104321,122066,0,5248577788211.2,0,prefix_first,sampled,16,0,onpolicy,226387,0.0,0,0,483773146925.0563,654736,4848205824,768817809872.8959,942080,7907178496,1062949174054.9125,1264128,11747004416,1246814699780.0957,1468928,14711392256,941137068003.3279,1047040,11803672576,745085889574.9121,799232,9244250112,2960,32962016,65773,2856210,3308544,6164754,6462,410624,802,55.07342982292175,5183,26,53971210,107855,6176144,12063,44440574,89052,0,0,499770,978,58368,114,5892704,11517,5392934,10539,373169,730,752120,1469,6053246,11833,5680077,11103,1671065,3449,0,0,35038628,70859,33367563,67410,0,0,0,0,0,0,0,0,2544004,810488,1683427,46984578,12756438,True,1.0,0.08121782536369944,0.10513996286514495,0.18635778822884438,0.013797391741942158,0.9187821746363005,0.10513996286514495,0.7565368132714727,0.00850786497871706,0.0009936311965059073,0.10031480479329677,0.09180693981457971,0.006352665158458623,0.012803760545436249,0.10304780129051189,0.09669513613205326,0.028447476620565106,0.0,0.5964822139454048,0.5680347373248397,0.0,0.0,0.0,0.0,0.04330800675774079,0.013797391741942158,0.02865792187911784,0.7998448200292134,0.21715999782575082,not_applicable_to_updated_policy,104321,49354,31651,122066,44845,48313,17209,0.39579407861320925,0.3837440071356896,249514,80023,260611336192,83642877952,2.044090901643373
conversation_trace,0.02,1.0,"l1=0.02,l2x1",next_use,0,3,pi3,lru,3714884076,learned,3714884076,tree,union,5183,58742117,117184,10923499,4770907,6152592,9329,12017,1652,845824,261582,160993,100589,125961,0,5248623944656.8955,0,prefix_first,sampled,16,0,onpolicy,226550,0.0,0,0,472497150828.54395,657296,4808943616,752859169918.9764,946688,7779123200,1052249136527.3595,1270272,11595315200,1243213117331.4563,1464832,14748145664,947665533050.8799,1039360,12034535424,780139836999.6797,774144,9723246592,2960,32962016,65773,2856210,3312640,6168850,6470,414720,810,54.49207377433777,5183,26,53971210,107855,6152592,12017,44429225,89029,0,0,511026,1000,101888,199,5798884,11335,5287858,10335,358321,701,743936,1453,6135282,11992,5776961,11291,1674222,3456,0,0,35038628,70859,33364406,67403,0,0,0,0,0,0,0,0,2543569,845824,1715171,46972794,12779990,True,1.0,0.08121782536369944,0.10473902396129169,0.18595684932499112,0.014398936286208412,0.9187821746363005,0.10473902396129169,0.7563436128800056,0.008699482179030082,0.0017344965623217155,0.09871765431947235,0.09001817214044226,0.006099899327768524,0.012664439723886697,0.10444434612392332,0.0983444467961548,0.02850122000199618,0.0,0.5964822139454048,0.5679809939434086,0.0,0.0,0.0,0.0,0.043300601508794785,0.014398936286208412,0.02919831779300702,0.7996442143888005,0.21756093672960408,not_applicable_to_updated_policy,100589,48915,31484,125961,45258,50698,17592,0.40248965949778104,0.38870475937955723,271083,83994,282997714944,87810424832,2.1521185128730322
conversation_trace,0.02,1.0,"l1=0.02,l2x1",next_use,1,0,pi0,lru,3714884076,learned,3714884076,tree,union,5183,58742117,117184,10691563,4770907,5920656,9329,11564,1835,939520,261582,193598,67984,158998,0,5248631244818.434,0,prefix_first,sampled,16,1,onpolicy,226982,0.0,0,0,567760490444.8002,682384,6725062656,825286037889.0242,926208,10718277632,1098627020257.2798,1217024,15024390144,1227622928381.9524,1398272,16700737536,900130297157.6328,1011712,11687806976,629204470687.7443,685056,7867152384,2960,32962016,65773,2856210,3206144,6062354,6262,502272,981,55.83165192604065,5183,26,53971210,107855,5920656,11564,44568113,89299,0,0,256224,502,48128,94,4352574,8510,4096350,8008,614147,1201,891392,1741,7719832,15087,7105685,13886,1672550,3454,0,0,35038628,70859,33366078,67405,0,0,0,0,0,0,0,0,2542921,939520,1809891,47111034,13011926,True,1.0,0.08121782536369944,0.1007906473646498,0.18200847272834925,0.01599397583849421,0.9187821746363005,0.1007906473646498,0.7587079811917572,0.00436184484124057,0.0008193099339610113,0.07409630810547738,0.0697344632642368,0.010454968791812526,0.015174665904533199,0.1314190293822744,0.12096406059046187,0.028472756608346275,0.0,0.5964822139454048,0.5680094573370585,0.0,0.0,0.0,0.0,0.04328957024139937,0.01599397583849421,0.030810789471547306,0.8019975514331565,0.22150931332624596,unavailable_for_cell,67984,41281,31054,158998,53164,62743,19645,0.39461502660410824,0.36951696636821907,224411,73093,234427928576,76360425472,1.4114076906627757
conversation_trace,0.02,1.0,"l1=0.02,l2x1",next_use,1,1,pi1,lru,3714884076,learned,3714884076,tree,union,5183,58742117,117184,10842603,4770907,6071696,9329,11859,1775,908800,261582,188103,73479,153326,0,5248604834220.03,0,prefix_first,sampled,16,1,onpolicy,226805,0.0,0,0,473066389968.89606,646032,5031069696,748053771122.6881,933888,8553539584,1051873339254.7839,1271808,13318766592,1244363267379.1985,1469440,17278119936,956928774045.696,1016832,14021296128,774319292448.7678,733696,11105804288,2960,32962016,65773,2856210,3308544,6164754,6462,405504,792,55.11621308326721,5183,26,53971210,107855,6071696,11859,44447447,89064,0,0,464818,909,106496,208,4587139,8967,4122321,8058,402481,788,802304,1567,7364947,14395,6962466,13607,1675968,3460,0,0,35038628,70859,33362660,67399,0,0,0,0,0,0,0,0,2543267,908800,1776099,46990714,12860886,True,1.0,0.08121782536369944,0.10336188598718701,0.18457971135088644,0.015471012050859522,0.9187821746363005,0.10336188598718701,0.7566538162048194,0.007912857481796239,0.0018129411304669187,0.07808943964345037,0.07017658216165414,0.006851659772493388,0.013658070920392604,0.12537762300939886,0.11852596323690548,0.028530943139144952,0.0,0.5964822139454048,0.5679512708062598,0.0,0.0,0.0,0.0,0.04329546039343458,0.015471012050859522,0.03023552930514915,0.799949276598254,0.21893807470370877,not_applicable_to_updated_policy,73479,40759,31231,153326,53449,63942,20673,0.41703298853423426,0.386779921046231,326202,91187,341147371520,95308632064,2.127506098117736
conversation_trace,0.02,1.0,"l1=0.02,l2x1",next_use,1,2,pi2,lru,3714884076,learned,3714884076,tree,union,5183,58742117,117184,11108843,4770907,6337936,9329,12379,1279,654840,261582,171785,89797,136714,0,5248532806662.145,0,prefix_first,sampled,16,1,onpolicy,226511,0.0,0,0,490560560656.38434,657296,5033525248,770035001538.5603,956416,8366266368,1068591787446.2719,1288704,12671979520,1249402095022.08,1527296,15777183744,934996437098.4956,1093120,12635865088,734946924900.3519,815104,9731991552,2960,32962016,65773,2856210,3379200,6235410,6600,357376,698,55.8647403717041,5183,26,53971210,107855,6337936,12379,44434976,89040,0,0,445362,871,52736,103,5233574,10230,4788212,9359,426553,835,602104,1176,6706232,13108,6279679,12273,1671543,3451,0,0,35038628,70859,33367085,67408,0,0,0,0,0,0,0,0,2543458,654840,1526755,46978434,12594646,True,1.0,0.08121782536369944,0.1078942388133543,0.18911206417705376,0.011147708551259737,0.9187821746363005,0.1078942388133543,0.75644151537814,0.007581647082960936,0.0008977545021062145,0.08909406516622477,0.08151241808326383,0.007261450927960257,0.010249954049153524,0.11416394816005696,0.10690249723209669,0.028455613882625307,0.0,0.5964822139454048,0.5680266000627795,0.0,0.0,0.0,0.0,0.0432987118935465,0.011147708551259737,0.025990806562180932,0.7997402272716865,0.21440572187754145,not_applicable_to_updated_policy,89797,45493,31525,136714,48692,53687,18071,0.3926957005134807,0.3711287275117062,261802,80023,273236203520,83594835968,1.9149611597934373
conversation_trace,0.02,1.0,"l1=0.02,l2x1",next_use,1,3,pi3,lru,3714884076,learned,3714884076,tree,union,5183,58742117,117184,10913259,4770907,6142352,9329,11997,1708,874496,261582,173317,88265,138256,0,5248641396166.656,0,prefix_first,sampled,16,1,onpolicy,226521,0.0,0,0,482895605032.96,661904,4930830336,761873076451.3278,943616,8163784704,1060164108767.2327,1273344,12413048832,1245035618594.8154,1476096,15840509952,944013788962.8159,1044992,12792944640,754659198357.5042,742400,10122909696,2960,32962016,65773,2856210,3330560,6186770,6505,406016,793,55.369444131851196,5183,26,53971210,107855,6142352,11997,44410984,88993,0,0,479802,939,82432,161,5288798,10342,4808996,9403,392625,768,792064,1547,6626936,12949,6234311,12181,1670951,3450,0,0,35038628,70859,33367677,67409,0,0,0,0,0,0,0,0,2543378,874496,1746923,46954362,12790230,True,1.0,0.08121782536369944,0.10456470269874679,0.18578252806244624,0.01488703582133412,0.9187821746363005,0.10456470269874679,0.7560330861075367,0.008167938516754512,0.001403286163486413,0.09003417428758995,0.08186623577083543,0.006683875557293926,0.013483749657847707,0.11281404788322491,0.10613017232593099,0.02844553593463443,0.0,0.5964822139454048,0.5680366780107704,0.0,0.0,0.0,0.0,0.043297350008682865,0.01488703582133412,0.029738849895382558,0.7993304361162197,0.21773525799214896,not_applicable_to_updated_policy,88265,45605,31514,138256,48530,56294,18652,0.40717220229140144,0.38433958376262106,284804,84055,297801224192,87866447872,2.059975697257262
conversation_trace,0.02,1.0,"l1=0.02,l2x1",next_use,2,0,pi0,lru,3714884076,learned,3714884076,tree,union,5183,58742117,117184,10650091,4770907,5879184,9329,11483,1963,1005056,261582,193740,67842,159121,0,5248556472092.672,0,prefix_first,sampled,16,2,onpolicy,226963,0.0,0,0,569394114504.7037,683920,6822836224,819095650019.328,912896,10708056064,1094850168762.3679,1202176,15087142912,1235049610061.8242,1387008,16811276288,898288788285.4403,997888,11739260928,631878140459.0082,695296,7904049152,2960,32962016,65773,2856210,3214848,6071058,6279,498688,974,56.0047128200531,5183,26,53971210,107855,5879184,11483,44544839,89252,0,0,241869,473,57856,113,4363560,8531,4121691,8058,622943,1220,947200,1850,7684782,15019,7061839,13799,1677319,3464,0,0,35038628,70859,33361309,67395,0,0,0,0,0,0,0,0,2542131,1005056,1869868,47086970,13053398,True,1.0,0.08121782536369944,0.10008464625134297,0.1813024716150424,0.017109631918781544,0.9187821746363005,0.10008464625134297,0.7583117748378051,0.004117471626022603,0.0009849151333786626,0.07428332894437563,0.07016585731835304,0.010604708032568863,0.016124716785402882,0.13082235357639563,0.12021764554382676,0.028553941969779537,0.0,0.5964822139454048,0.5679282719756252,0.0,0.0,0.0,0.0,0.043276121628371,0.017109631918781544,0.03183181157737301,0.801587896466176,0.2222153144395528,unavailable_for_cell,67842,40860,31071,159121,53533,62434,19579,0.3923680720960778,0.36573702202379843,223164,71791,233139234816,74999560192,1.4024798738067257
conversation_trace,0.02,1.0,"l1=0.02,l2x1",next_use,2,1,pi1,lru,3714884076,learned,3714884076,tree,union,5183,58742117,117184,10910699,4770907,6139792,9329,11992,1714,877568,261582,178951,82631,144128,0,5248554765965.312,0,prefix_first,sampled,16,2,onpolicy,226759,0.0,0,0,472298261317.6317,647056,4909813760,745534143229.9518,925696,8151556096,1044522769326.0798,1240576,12624203776,1247918582259.712,1464320,16460978176,954634921158.656,1049600,13512202240,783646088673.2803,812544,10848866304,2960,32962016,65773,2856210,3290112,6146322,6426,468992,916,55.13500618934631,5183,26,53971210,107855,6139792,11992,44410394,88992,0,0,479290,938,159232,311,4997193,9769,4517903,8831,388529,760,718336,1403,6918029,13521,6529500,12761,1675637,3459,0,0,35038628,70859,33362991,67400,0,0,0,0,0,0,0,0,2543456,877568,1745387,46953850,12792790,True,1.0,0.08121782536369944,0.10452112238311057,0.18573894774681002,0.01493933220009759,0.9187821746363005,0.10452112238311057,0.7560230422066675,0.008159222453627267,0.002710695632573133,0.08507001884184733,0.07691079638822006,0.006614147052275967,0.012228636567524456,0.11776948726584029,0.11115534021356431,0.028525308340521673,0.0,0.5964822139454048,0.5679569056048831,0.0,0.0,0.0,0.0,0.04329867784642491,0.01493933220009759,0.029712701706000825,0.7993217200530924,0.2177788383077852,not_applicable_to_updated_policy,82631,43367,31278,144128,50771,59028,19411,0.40955261989342806,0.38232455535640425,298608,86630,312103374848,90555742208,2.0718250444049735
conversation_trace,0.02,1.0,"l1=0.02,l2x1",next_use,2,2,pi2,lru,3714884076,learned,3714884076,tree,union,5183,58742117,117184,10962411,4770907,6191504,9329,12093,1542,789504,261582,167380,94202,132363,0,5248574697807.872,0,prefix_first,sampled,16,2,onpolicy,226565,0.0,0,0,489449583808.51196,652176,5031258112,766457032392.7037,939008,8278358016,1063288142000.128,1280000,12489478144,1246038701451.2637,1490432,15450509312,937029276717.0566,1063424,12318705664,746311961438.2079,766464,9532268544,2960,32962016,65773,2856210,3355648,6211858,6554,372224,727,55.7297637462616,5183,26,53971210,107855,6191504,12093,44446743,89063,0,0,474546,928,45056,88,5424427,10603,4949881,9675,395833,775,744448,1454,6527147,12758,6131314,11983,1673080,3454,0,0,35038628,70859,33365548,67405,0,0,0,0,0,0,0,0,2543459,789504,1659883,46990202,12741078,True,1.0,0.08121782536369944,0.10540144475896229,0.18661927012266175,0.013440169342211483,0.9187821746363005,0.10540144475896229,0.7566418316180195,0.008078462681213889,0.0007670135551975425,0.09234306281470925,0.08426460013349536,0.006738487140325569,0.01267315578701394,0.11111528377501274,0.10437679663468717,0.028481779095567837,0.0,0.5964822139454048,0.568000434849837,0.0,0.0,0.0,0.0,0.043298728917107294,0.013440169342211483,0.02825711916375094,0.7999405605351267,0.21689851593193346,not_applicable_to_updated_policy,94202,46638,31469,132363,47569,52365,17944,0.39561659980508146,0.3772204587020959,263963,80167,275880734720,83801276416,1.9942355492093713
conversation_trace,0.02,1.0,"l1=0.02,l2x1",next_use,2,3,pi3,lru,3714884076,learned,3714884076,tree,union,5183,58742117,117184,10903019,4770907,6132112,9329,11977,1677,858624,261582,164312,97270,129274,0,5248588919191.551,0,prefix_first,sampled,16,2,onpolicy,226544,0.0,0,0,496292061370.3682,659856,4881563648,771713566773.2474,944128,8069498880,1066512065114.1117,1259520,12046778368,1244112653291.5193,1458688,15115724800,935277499205.6318,1038336,12096770048,734681073436.672,771584,9496885248,2960,32962016,65773,2856210,3338240,6194450,6520,380928,744,55.25796103477478,5183,26,53971210,107855,6132112,11977,44436730,89044,0,0,493482,965,105472,206,5649958,11044,5156476,10079,378425,741,753152,1471,6291888,12298,5913463,11557,1671837,3451,0,0,35038628,70859,33366791,67408,0,0,0,0,0,0,0,0,2543744,858624,1730531,46980474,12800470,True,1.0,0.08121782536369944,0.1043903814362019,0.18560820679990134,0.014616837864389531,0.9187821746363005,0.1043903814362019,0.7564713747037751,0.008400820828435584,0.001795509004212429,0.0961824035044566,0.08778158267602103,0.006442140993999246,0.012821328860177103,0.10711033788584773,0.10066819689184849,0.028460618809499155,0.0,0.5964822139454048,0.5680215951359057,0.0,0.0,0.0,0.0,0.043303580631933986,0.014616837864389531,0.029459799686824363,0.7997749553357091,0.21790957925469387,not_applicable_to_updated_policy,97270,48037,31492,129274,46153,51932,17833,0.4017203768739267,0.3863887504604251,255866,80795,267593613312,84477935616,1.9792533688135279
conversation_trace,0.02,1.0,"l1=0.02,l2x1",next_use,3,0,pi0,lru,3714884076,learned,3714884076,tree,union,5183,58742117,117184,10637803,4770907,5866896,9329,11459,1951,998473,261582,194193,67389,159662,0,5248610008801.279,0,prefix_first,sampled,16,3,onpolicy,227051,0.0,0,0,566015895314.4319,675728,6819600384,823427309037.5681,910336,10740305920,1096707091922.9435,1208832,15087906816,1233256481755.1367,1400832,16701165568,898043689885.6954,965632,11810105344,631159540885.504,705536,7973695488,2960,32962016,65773,2856210,3186688,6042898,6224,516681,1010,55.3047878742218,5183,26,53971210,107855,5866896,11459,44562326,89288,0,0,241293,473,49225,97,4368750,8543,4127457,8070,631126,1234,949248,1854,7698463,15043,7067337,13809,1671096,3450,0,0,35038628,70859,33367532,67409,0,0,0,0,0,0,0,0,2543515,998473,1870892,47105841,13065686,True,1.0,0.08121782536369944,0.0998754607362891,0.18109328609998854,0.016997565818065427,0.9187821746363005,0.0998754607362891,0.7586094658454342,0.004107666055004453,0.0008379847801535651,0.07437168122490376,0.0702640151698993,0.010744011830557622,0.01615958103791186,0.1310552529116375,0.12031124108107986,0.02844800435094976,0.0,0.5964822139454048,0.568034209594455,0.0,0.0,0.0,0.0,0.04329968223651184,0.016997565818065427,0.0318492437036275,0.801909148081946,0.22242449995460667,unavailable_for_cell,67389,40851,30987,159662,53584,62721,19808,0.3928361162956746,0.36966258584652134,224767,72455,234754822144,75663681536,1.407767659180018
conversation_trace,0.02,1.0,"l1=0.02,l2x1",next_use,3,1,pi1,lru,3714884076,learned,3714884076,tree,union,5183,58742117,117184,10968423,4770907,6197516,9329,12105,1601,819414,261582,197683,63899,162911,0,5248505595574.271,0,prefix_first,sampled,16,3,onpolicy,226810,0.0,0,0,473309950799.87225,649996,5135255552,744966252263.424,941056,8819122176,1047068779407.3597,1283584,13954351104,1250662019227.6477,1494016,18307018752,956675299270.6564,1053184,14885171200,775823294605.3118,775680,11631562752,2960,32962016,65773,2856210,3361280,6217490,6565,387798,758,54.7560658454895,5183,27,53971210,107855,6197516,12105,44412306,88993,0,0,441402,864,129024,252,4172640,8159,3731238,7295,424153,830,690390,1349,7743012,15131,7318859,14301,1676419,3462,0,0,35038628,70859,33362209,67397,0,0,0,0,0,0,0,0,2541974,819414,1684969,46954280,12735066,True,1.0,0.08121782536369944,0.10550379040646424,0.1867216157701637,0.013949344045601898,0.9187821746363005,0.10550379040646424,0.7560555912549083,0.007514233782211152,0.0021964479080656897,0.07103319071731787,0.06351895693510672,0.007220594382051297,0.011752896137536207,0.13181363552151176,0.12459304113946047,0.028538620765063676,0.0,0.5964822139454048,0.5679435931803412,0.0,0.0,0.0,0.0,0.04327344892932613,0.013949344045601898,0.028684172209864345,0.7993290401842345,0.21679617028443152,not_applicable_to_updated_policy,63899,37306,31228,162911,56837,68177,22018,0.41849230561472217,0.38738849692981686,348955,94000,364215685120,98183688192,2.1419977779278256
conversation_trace,0.02,1.0,"l1=0.02,l2x1",next_use,3,2,pi2,lru,3714884076,learned,3714884076,tree,union,5183,58742117,117184,11033579,4770907,6262672,9329,12232,1462,748246,261582,161571,100011,126495,0,5248610949789.696,0,prefix_first,sampled,16,3,onpolicy,226506,0.0,0,0,487419825444.86383,660368,4918722560,767746554601.4727,945152,8113373184,1065029045628.9281,1282048,12133206016,1247577941821.44,1489408,15186163712,936361192992.7675,1077248,11918211072,744476389300.2241,808448,9254361088,2960,32962016,65773,2856210,3384832,6241042,6611,364758,713,55.588897466659546,5183,26,53971210,107855,6262672,12232,44416861,89004,0,0,484410,948,90112,176,5674631,11091,5190221,10143,385457,754,658134,1286,6247033,12211,5861576,11457,1673564,3455,0,0,35038628,70859,33365064,67404,0,0,0,0,0,0,0,0,2543431,748246,1618113,46960292,12669910,True,1.0,0.08121782536369944,0.10661297753364932,0.18783080289734877,0.01273781127091487,0.9187821746363005,0.10661297753364932,0.7561331335743313,0.008246383084899715,0.001534027110395085,0.09660242581996151,0.0883560427350618,0.0065618506735124985,0.011203784160519785,0.10634674606637007,0.09978489539285756,0.02849001849899281,0.0,0.5964822139454048,0.567992195446412,0.0,0.0,0.0,0.0,0.04329825225740502,0.01273781127091487,0.027546045029327084,0.7994313858317363,0.21568698315724644,not_applicable_to_updated_policy,100011,48224,31527,126495,45921,49960,17413,0.39495632238428396,0.37919470394808474,254044,78119,265473480704,81647044608,2.0083323451519823
conversation_trace,0.02,1.0,"l1=0.02,l2x1",next_use,3,3,pi3,lru,3714884076,learned,3714884076,tree,union,5183,58742117,117184,11016171,4770907,6245264,9329,12198,1486,760534,261582,164163,97419,129184,0,5248553527767.039,0,prefix_first,sampled,16,3,onpolicy,226603,0.0,0,0,478520068134.91187,655760,4875769856,756352572301.312,951808,7893264384,1054893774100.4796,1272320,11917457408,1246777606461.4402,1489408,15209140224,949000384370.6877,1076224,12383197184,763009122398.2078,799744,9789167616,2960,32962016,65773,2856210,3347968,6204178,6539,369366,722,55.42450189590454,5183,26,53971210,107855,6245264,12198,44422170,89014,0,0,495569,969,107734,211,5661222,11065,5165653,10096,375322,735,652800,1275,6265562,12247,5890240,11512,1672351,3453,0,0,35038628,70859,33366277,67406,0,0,0,0,0,0,0,0,2543242,760534,1631425,46965412,12687318,True,1.0,0.08121782536369944,0.106316631387323,0.18753445675102243,0.012946996785968745,0.9187821746363005,0.106316631387323,0.7562235116585941,0.008436348999815584,0.0018340162987316238,0.09637415689325599,0.08793780789344041,0.006389316884851119,0.011112980487237122,0.10666217562434803,0.10027285873949691,0.028469368919747988,0.0,0.5964822139454048,0.5680128450256569,0.0,0.0,0.0,0.0,0.04329503480441469,0.012946996785968745,0.02777266267063545,0.7995185464630088,0.21598332930357278,not_applicable_to_updated_policy,97419,47586,31434,129184,46575,51718,17926,0.4003436958137231,0.3848845947396672,266615,84195,278551973888,87997788160,2.063839175130047
conversation_trace,0.02,1.0,"l1=0.02,l2x1",next_use,4,0,pi0,lru,3714884076,learned,3714884076,tree,union,5183,58742117,117184,10548715,4770907,5777808,9329,11285,2141,1096192,261582,194051,67531,159452,0,5248573095176.192,0,prefix_first,sampled,16,4,onpolicy,226983,0.0,0,0,566893053177.8561,681360,6733328384,822787175141.3762,910848,10755514368,1097391368384.5118,1217024,15120977920,1231059274450.9434,1375744,16728459264,899277780797.4404,915968,11845382144,631164443224.0641,676864,7832260608,2960,32962016,65773,2856210,3202048,6058258,6254,512512,1001,55.357537031173706,5183,26,53971210,107855,5777808,11285,44556326,89272,0,0,251772,494,64512,126,4363729,8532,4111957,8038,610019,1194,1031680,2015,7694853,15038,7084834,13844,1679093,3469,0,0,35038628,70859,33359535,67390,0,0,0,0,0,0,0,0,2540884,1096192,1957983,47097210,13154774,True,1.0,0.08121782536369944,0.0983588657521485,0.17957669111584793,0.01866109115543112,0.9187821746363005,0.0983588657521485,0.7585073244806618,0.00428605594857945,0.0010982239540328449,0.07428620592615005,0.0700001499775706,0.010384695532849115,0.017562867201398276,0.13099379785716608,0.12060910232431699,0.028584141766630575,0.0,0.5964822139454048,0.5678980721787742,0.0,0.0,0.0,0.0,0.04325489324805914,0.01866109115543112,0.03333184263685968,0.8017622177287209,0.22394109493874728,unavailable_for_cell,67531,40945,31052,159452,53467,62834,19785,0.39406216290795976,0.37004133390689586,227087,73804,237229156352,77101950976,1.4241715375159922
conversation_trace,0.02,1.0,"l1=0.02,l2x1",next_use,4,1,pi1,lru,3714884076,learned,3714884076,tree,union,5183,58742117,117184,10879467,4770907,6108560,9329,11931,1771,906454,261582,192549,69033,157696,0,5248616022362.112,0,prefix_first,sampled,16,4,onpolicy,226729,0.0,0,0,474119142131.71173,652688,5055803392,745055808227.3286,939520,8722380800,1048697265534.9758,1272832,13765836800,1249342932187.1367,1479168,17978150912,957368924764.1598,998912,14556958720,774031949516.8,765440,11462975488,2960,32962016,65773,2856210,3317760,6173970,6480,440534,861,56.26349401473999,5183,26,53971210,107855,6108560,11931,44413092,88996,0,0,431538,844,153600,300,4342506,8492,3910968,7648,438321,858,752854,1471,7575062,14802,7136741,13944,1673245,3455,0,0,35038628,70859,33365383,67404,0,0,0,0,0,0,0,0,2543104,906454,1776313,46956196,12824022,True,1.0,0.08121782536369944,0.10398944253234864,0.18520726789604808,0.015431074777233513,0.9187821746363005,0.10398944253234864,0.7560689717736935,0.007346313378525326,0.0026148189381734405,0.07392491489538928,0.06657860151686396,0.007461784191400525,0.012816255839060074,0.12895452848592434,0.12149274429452381,0.028484587983099077,0.0,0.5964822139454048,0.5679976259623057,0.0,0.0,0.0,0.0,0.04329268555302493,0.015431074777233513,0.030239172347159365,0.7993616573267184,0.21831051815854713,not_applicable_to_updated_policy,69033,38633,31306,157696,55505,66288,21611,0.4203530844155844,0.3893523106026484,339244,94668,354860492800,98963200000,2.151253043831169
conversation_trace,0.02,1.0,"l1=0.02,l2x1",next_use,4,2,pi2,lru,3714884076,learned,3714884076,tree,union,5183,58742117,117184,10884587,4770907,6113680,9329,11941,1755,898560,261582,163564,98018,128466,0,5248596580186.112,0,prefix_first,sampled,16,4,onpolicy,226484,0.0,0,0,485305767165.95184,651664,4842688512,762207978096.6403,939008,7947567104,1063108247900.16,1266176,11957534720,1245674344120.32,1462784,15149666304,940066972420.0955,1028096,12275548160,752233270482.9442,765952,9549910016,2960,32962016,65773,2856210,3332608,6188818,6509,411648,804,55.930419921875,5183,26,53971210,107855,6113680,11941,44415339,89002,0,0,485810,950,82432,161,5587052,10921,5101242,9971,383025,750,816128,1594,6333290,12379,5950265,11629,1674796,3457,0,0,35038628,70859,33363832,67402,0,0,0,0,0,0,0,0,2543631,898560,1767395,46958970,12818902,True,1.0,0.08121782536369944,0.10407660316362109,0.18529442852732053,0.015296690788314625,0.9187821746363005,0.10407660316362109,0.7561072237148008,0.008270216070013275,0.001403286163486413,0.09511151938906118,0.0868413033190479,0.006520449373658086,0.013893404624828213,0.10781514734989889,0.1012946979762408,0.028510991525892742,0.0,0.5964822139454048,0.567971222419512,0.0,0.0,0.0,0.0,0.043301656969564103,0.015296690788314625,0.03008735623198599,0.7994088806843649,0.21822335752727468,not_applicable_to_updated_policy,98018,47975,31550,128466,46169,51453,17568,0.40051842510858904,0.3805150642205809,263477,80437,275475826688,84064741376,2.0509473323680973
conversation_trace,0.02,1.0,"l1=0.02,l2x1",next_use,4,3,pi3,lru,3714884076,learned,3714884076,tree,union,5183,58742117,117184,11085795,4770907,6314888,9329,12334,1326,678912,261582,185069,76513,150034,0,5248517201106.943,0,prefix_first,sampled,16,4,onpolicy,226547,0.0,0,0,491901197088.7682,661896,5269131264,773733397975.0404,960512,8748662784,1069247457941.5035,1300992,13459943424,1248080062404.6077,1509888,16754251776,934087397681.1512,1079296,13232287744,731467688015.8718,802304,10158202880,2960,32962016,65773,2856210,3394560,6250770,6630,335872,656,55.28945851325989,5183,27,53971210,107855,6314888,12334,44434190,89039,0,0,422322,826,70144,137,4765778,9314,4343456,8488,447033,875,608768,1189,7173004,14022,6725971,13147,1673865,3455,0,0,35038628,70859,33364763,67404,0,0,0,0,0,0,0,0,2543220,678912,1548267,46977410,12617694,True,1.0,0.08121782536369944,0.10750187978414193,0.18871970514784137,0.011557499706726607,0.9187821746363005,0.10750187978414193,0.7564281348593548,0.0071894242422349194,0.0011941006484325377,0.08113051152037984,0.07394108727814491,0.007610093453050049,0.010363399058294068,0.1221100696796474,0.11449997622659736,0.028495142590792225,0.0,0.5964822139454048,0.5679870713546126,0.0,0.0,0.0,0.0,0.043294660286077195,0.011557499706726607,0.026357017402011577,0.799722795145432,0.21479808090675384,not_applicable_to_updated_policy,76513,42056,31489,150034,52132,59516,19375,0.396683418425157,0.3716527276912453,272737,80279,284065665024,83791386624,1.8178346241518588
conversation_trace,0.02,4.0,"l1=0.02,l2x4",binary,0,0,pi0,lru,3714884076,learned,14859536302,tree,union,5183,58742117,117184,17786624,4770907,13015717,9329,25424,1289,659968,261582,255643,5939,180684,0,20995884708368.375,0,prefix_first,sampled,16,0,onpolicy,186623,0.0,0,0,1988815541350.3982,1400793,8884914176,3126436973262.847,2119747,14881593344,4483771796940.795,2769408,22272385024,5096277691897.855,3019913,26982971392,3692944077617.1533,2153472,20627873792,2607638627299.3276,1552384,15103946752,2960,32962016,65773,2856210,6972191,9828401,13619,368640,720,60.22265315055847,5183,30,53971210,107855,13015717,25424,37790175,75989,0,0,4649,15,0,0,5161,16,512,1,326732,645,659968,1289,5251736,10267,4925004,9622,2173969,4493,0,0,35038628,70859,32864659,66366,0,0,0,0,0,0,0,0,2505350,659968,991349,40295525,5916865,True,1.0,0.08121782536369944,0.22157384964522134,0.3027916750089208,0.011235005371018549,0.9187821746363005,0.22157384964522134,0.6433233415813053,7.914253413781461e-05,0.0,8.785859726505942e-05,8.716063127244801e-06,0.005562142065802633,0.011235005371018549,0.08940324707739082,0.08384110501158819,0.037008693438814945,0.0,0.5964822139454048,0.5594735205065898,0.0,0.0,0.0,0.0,0.04264997803875539,0.011235005371018549,0.016876289970958996,0.6859733196200607,0.10072611104567443,matched,5939,2806,60771,180684,78333,83178,35794,0.4603506674636382,0.4569466253047885,373068,155558,391103916032,163114182656,2.0647539350468223
conversation_trace,0.02,4.0,"l1=0.02,l2x4",binary,0,1,pi1,lru,3714884076,learned,14859536302,tree,union,5183,58742117,117184,17751844,4770907,12980937,9329,25366,1309,669810,261582,261582,0,186173,0,20995760461051.9,0,prefix_first,sampled,16,0,onpolicy,186173,0.0,0,0,1966672253814.7837,1363977,9307439104,3070673729411.0703,2069970,15083550720,4422305963743.23,2722299,22680195072,5084233918918.656,3024162,27342036992,3747737482323.9663,2183121,20908247040,2704137112840.191,1617408,15210940416,2960,32962016,65773,2856210,7100431,9956641,13873,367616,718,60.33126354217529,5183,57,53971210,107855,12980937,25366,37821817,76054,0,0,0,0,0,0,0,0,0,0,374784,733,669810,1309,5281835,10321,4907051,9588,2123862,4393,0,0,35038628,70859,32914766,66466,0,0,0,0,0,0,0,0,2498646,669810,1044594,40320463,5951645,True,1.0,0.08121782536369944,0.22098177020075732,0.30219959556445675,0.011402551256366876,0.9187821746363005,0.22098177020075732,0.6438620010919933,0.0,0.0,0.0,0.0,0.0063801582091431944,0.011402551256366876,0.08991563923377158,0.08353548102462838,0.03615569387803984,0.0,0.5964822139454048,0.5603265200673649,0.0,0.0,0.0,0.0,0.04253585208718304,0.011402551256366876,0.01778270946551007,0.6863978531791763,0.10131819049013845,not_applicable_to_updated_policy,0,0,61052,186173,81234,84256,36244,0.4525683101201571,0.44616786074796266,394413,166219,409609650176,172479410176,2.1185295397291766
conversation_trace,0.02,4.0,"l1=0.02,l2x4",binary,0,2,pi2,lru,3714884076,learned,14859536302,tree,union,5183,58742117,117184,17617345,4770907,12846438,9329,25096,1693,866816,261582,255482,6100,180071,0,20995917441794.047,0,prefix_first,sampled,16,0,onpolicy,186171,0.0,0,0,1824336345479.1665,1344770,8854411264,2941791597815.8066,2029568,14873778176,4337764822478.8477,2678950,22248663040,5102523265421.315,2990014,26954334208,3875718679209.983,2158080,20612898816,2913782731388.9297,1645056,15107305472,2960,32962016,65773,2856210,7043061,9899271,13758,465408,909,59.709484577178955,5183,34,53971210,107855,12846438,25096,37751672,75917,0,0,4316,12,0,0,5878,18,1562,6,380792,749,866816,1693,5213450,10189,4832658,9440,2121176,4388,0,0,35038628,70859,32917452,66471,0,0,0,0,0,0,0,0,2506284,866816,1251924,40257956,6086144,True,1.0,0.08121782536369944,0.2186921182973368,0.29990994366103624,0.014756294874425448,0.9187821746363005,0.2186921182973368,0.64266788342,7.347368839294641e-05,0.0,0.00010006449035536121,2.6590801962414805e-05,0.0064824357624019575,0.014756294874425448,0.08875148302877814,0.08226904726637618,0.036109968593743394,0.0,0.5964822139454048,0.5603722453516614,0.0,0.0,0.0,0.0,0.0426658780445383,0.014756294874425448,0.021312204325220352,0.6853337614645383,0.10360784239355895,not_applicable_to_updated_policy,6100,2981,61223,180071,78074,84936,36676,0.4716806148685796,0.46975945897481874,442533,185877,463896123392,194904569856,2.4575473007869117
conversation_trace,0.02,4.0,"l1=0.02,l2x4",binary,0,3,pi3,lru,3714884076,learned,14859536302,tree,union,5183,58742117,117184,17714385,4770907,12943478,9329,25293,1466,749985,261582,261582,0,186174,0,20995776187105.273,0,prefix_first,sampled,16,0,onpolicy,186174,0.0,0,0,1935447726618.6243,1366454,9307439104,3041948342956.032,2065362,15083550720,4403134602055.678,2693627,22680195072,5090124459010.045,2999074,27342036992,3773350472599.5513,2170833,20908247040,2751770583865.3438,1648128,15210940416,2960,32962016,65773,2856210,7047612,9903822,13770,451887,883,60.35412931442261,5183,58,53971210,107855,12943478,25293,37778468,75971,0,0,0,0,0,0,0,0,0,0,382035,747,749985,1466,5239119,10237,4857084,9490,2117244,4378,0,0,35038628,70859,32921384,66481,0,0,0,0,0,0,0,0,2499279,749985,1132020,40277747,5989104,True,1.0,0.08121782536369944,0.22034408463692243,0.3015619100006219,0.012767415243138071,0.9187821746363005,0.22034408463692243,0.6431240467550735,0.0,0.0,0.0,0.0,0.00650359604847064,0.012767415243138071,0.08918846081083527,0.08268486476236463,0.036043031952695884,0.0,0.5964822139454048,0.5604391819927089,0.0,0.0,0.0,0.0,0.04254662800116652,0.012767415243138071,0.01927101129160871,0.6856706747562401,0.10195587605397334,not_applicable_to_updated_policy,0,0,61008,186174,81141,86359,37159,0.4638617637264065,0.4579559039203362,406747,168436,419442079744,173493374976,2.184768012719284
conversation_trace,0.02,4.0,"l1=0.02,l2x4",binary,1,0,pi0,lru,3714884076,learned,14859536302,tree,union,5183,58742117,117184,17749496,4770907,12978589,9329,25352,1275,652800,261582,255714,5868,180911,0,20995897632763.9,0,prefix_first,sampled,16,1,onpolicy,186779,0.0,0,0,1995342378944.5117,1392528,8881602560,3126371167496.19,2102851,14883760128,4486759678756.862,2749982,22281510912,5100485697378.302,3019180,26987223040,3678972892446.7197,2157056,20627109888,2607965817741.3115,1556992,15100469248,2960,32962016,65773,2856210,6942124,9798334,13560,361984,707,59.2992639541626,5183,30,53971210,107855,12978589,25352,37833666,76075,0,0,4293,12,0,0,5403,16,1110,4,333681,660,652800,1275,5295790,10353,4962109,9693,2168181,4481,0,0,35038628,70859,32870447,66378,0,0,0,0,0,0,0,0,2506155,652800,990774,40339821,5953993,True,1.0,0.08121782536369944,0.22094179888000973,0.3021596242437092,0.011112980487237122,0.9187821746363005,0.22094179888000973,0.644063713263858,7.308214649465221e-05,0.0,9.197829897754622e-05,1.8896152482894004e-05,0.005680438789769868,0.011112980487237122,0.09015320302467138,0.0844727642349015,0.03691016106893117,0.0,0.5964822139454048,0.5595720528764736,0.0,0.0,0.0,0.0,0.04266368200519569,0.011112980487237122,0.016866501423501642,0.6867273952690537,0.10135816181088604,matched,5868,2762,60619,180911,78460,83105,35761,0.4593695242412015,0.45578638796839155,370913,157704,388835264512,165361336320,2.050251228504624
conversation_trace,0.02,4.0,"l1=0.02,l2x4",binary,1,1,pi1,lru,3714884076,learned,14859536302,tree,union,5183,58742117,117184,17745022,4770907,12974115,9329,25352,1217,623104,261582,261578,4,186406,0,20995803382839.297,0,prefix_first,sampled,16,1,onpolicy,186410,0.0,0,0,1944148409085.953,1359588,9307439104,3052015548442.622,2052050,15083550720,4412582276679.679,2699386,22679537664,5092893618305.025,3012386,27340988416,3779816144515.0713,2184657,20907198464,2714347385810.945,1666048,15210940416,2960,32962016,65773,2856210,7087465,9943675,13847,358912,701,60.36675047874451,5183,55,53971210,107855,12974115,25352,37874410,76158,0,0,0,0,0,0,0,0,0,0,388503,761,623104,1217,5335363,10427,4946860,9666,2111078,4367,0,0,35038628,70859,32927550,66492,0,0,0,0,0,0,0,0,2499581,623104,1011607,40373991,5958467,True,1.0,0.08121782536369944,0.2208656354690111,0.30208346083271054,0.010607448825856923,0.9187821746363005,0.2208656354690111,0.6447573212249058,0.0,0.0,0.0,0.0,0.006613704439695287,0.010607448825856923,0.09082687639602774,0.08421317195633246,0.035938064676831444,0.0,0.5964822139454048,0.5605441492685733,0.0,0.0,0.0,0.0,0.042551769116526736,0.010607448825856923,0.01722115326555221,0.6873090903414325,0.10143432522188467,not_applicable_to_updated_policy,4,3,60834,186406,81332,84332,36404,0.45241033013958776,0.44759750159838685,402308,167495,418484736000,174090821632,2.158235249938307
conversation_trace,0.02,4.0,"l1=0.02,l2x4",binary,1,2,pi2,lru,3714884076,learned,14859536302,tree,union,5183,58742117,117184,17688622,4770907,12917715,9329,25233,1612,825344,261582,255971,5611,180412,0,20995884998289.41,0,prefix_first,sampled,16,1,onpolicy,186023,0.0,0,0,1838241180620.8,1355829,8868952064,2971964923787.263,2045952,14881546240,4361813695731.714,2675698,22272335872,5103135084156.928,3015596,26985082880,3848871642732.545,2159616,20624443392,2871858471260.1597,1665024,15101859840,2960,32962016,65773,2856210,7047040,9903250,13765,474624,927,60.60349678993225,5183,33,53971210,107855,12917715,25233,37722368,75860,0,0,4286,13,0,0,6239,21,1953,8,374991,738,825344,1612,5183284,10130,4808293,9392,2126506,4399,0,0,35038628,70859,32912122,66460,0,0,0,0,0,0,0,0,2505783,825344,1204621,40228151,6014867,True,1.0,0.08121782536369944,0.21990550664015054,0.30112333200385,0.01405029376111862,0.9187821746363005,0.21990550664015054,0.6421690249944516,7.29629815690844e-05,0.0,0.00010620999580250061,3.3247014233416205e-05,0.0063836820862278425,0.01405029376111862,0.0882379502938241,0.08185426820759627,0.03620070417278288,0.0,0.5964822139454048,0.5602815097726219,0.0,0.0,0.0,0.0,0.0426573492405798,0.01405029376111862,0.020506938828915546,0.6848263742350315,0.10239445405074522,not_applicable_to_updated_policy,5611,2822,61371,180412,78181,84746,36632,0.4697359377425005,0.4685537406786815,425938,177547,446507216896,186167951360,2.3609183424605904
conversation_trace,0.02,4.0,"l1=0.02,l2x4",binary,1,3,pi3,lru,3714884076,learned,14859536302,tree,union,5183,58742117,117184,17738051,4770907,12967144,9329,25340,1380,706536,261582,261581,1,186204,0,20995837622976.516,0,prefix_first,sampled,16,1,onpolicy,186205,0.0,0,0,1902744289884.161,1365430,9306642432,3018104816599.0386,2061778,15083550720,4389471609602.0483,2707963,22680195072,5085098726397.954,3014036,27342036992,3806185790838.784,2173393,20908247040,2794232389654.529,1644544,15210940416,2960,32962016,65773,2856210,7058876,9915086,13792,434152,848,59.69012141227722,5183,59,53971210,107855,12967144,25340,37798969,76011,0,0,0,0,0,0,0,0,0,0,379475,742,706536,1380,5258902,10276,4879427,9534,2119086,4382,0,0,35038628,70859,32919542,66477,0,0,0,0,0,0,0,0,2498561,706536,1086011,40297530,5965438,True,1.0,0.08121782536369944,0.22074696422670637,0.3019647895904058,0.012027758550138736,0.9187821746363005,0.22074696422670637,0.64347304677494,0.0,0.0,0.0,0.0,0.006460015732834416,0.012027758550138736,0.08952523791405066,0.08306522218121624,0.03607438935168101,0.0,0.5964822139454048,0.5604078245937237,0.0,0.0,0.0,0.0,0.04253440508451543,0.012027758550138736,0.01848777428297315,0.6860074518594554,0.1015529964641894,not_applicable_to_updated_policy,1,1,61007,186204,81182,85706,36937,0.46028012287598546,0.4549900224187628,416835,172601,431857315840,178660876288,2.238593155893536
conversation_trace,0.02,4.0,"l1=0.02,l2x4",binary,2,0,pi0,lru,3714884076,learned,14859536302,tree,union,5183,58742117,117184,17773043,4770907,13002136,9329,25399,1228,628736,261582,255678,5904,180818,0,20995885092544.516,0,prefix_first,sampled,16,2,onpolicy,186722,0.0,0,0,1995089263853.5684,1398233,8882655232,3135208914118.6567,2111043,14888579072,4479854732523.518,2767526,22266925056,5099018666127.362,3037398,26984783872,3683022994264.066,2142720,20628926464,2603690521657.3433,1545216,15108048896,2960,32962016,65773,2856210,6952735,9808945,13581,357888,699,59.96008038520813,5183,31,53971210,107855,13002136,25399,37833878,76076,0,0,4347,11,0,0,5457,15,1110,4,334656,662,628736,1228,5296253,10354,4961597,9692,2167457,4479,0,0,35038628,70859,32871171,66380,0,0,0,0,0,0,0,0,2506460,628736,967739,40340338,5930446,True,1.0,0.08121782536369944,0.22134265266605901,0.30256047802975844,0.010703325520256615,0.9187821746363005,0.22134265266605901,0.6440673222587466,7.40014187776038e-05,0.0,9.289757126049781e-05,1.8896152482894004e-05,0.005697036761545383,0.010703325520256615,0.09016108493331965,0.08446404817177426,0.0368978360109153,0.0,0.5964822139454048,0.5595843779344895,0.0,0.0,0.0,0.0,0.04266887419123829,0.010703325520256615,0.016474363700579604,0.686736196449985,0.10095730802483677,matched,5904,2781,60676,180818,78443,83032,35811,0.4592020705903173,0.4565225705289191,372370,157117,390359005184,164749115392,2.0593635589377164
conversation_trace,0.02,4.0,"l1=0.02,l2x4",binary,2,1,pi1,lru,3714884076,learned,14859536302,tree,union,5183,58742117,117184,17699235,4770907,12928328,9329,25263,1394,713306,261582,261582,0,186263,0,20995787301810.176,0,prefix_first,sampled,16,2,onpolicy,186263,0.0,0,0,1966009942962.177,1369609,9307439104,3066557101914.1113,2067410,15083550720,4421212011122.687,2702458,22680195072,5090069826078.721,3013410,27342036992,3751872787214.3335,2191825,20908247040,2700065632518.145,1583616,15210940416,2960,32962016,65773,2856210,7044750,9900960,13764,426984,834,60.61230421066284,5183,56,53971210,107855,12928328,25263,37829358,76071,0,0,0,0,0,0,0,0,0,0,380801,745,713306,1394,5290948,10339,4910147,9594,2119417,4382,0,0,35038628,70859,32919211,66477,0,0,0,0,0,0,0,0,2500218,713306,1094107,40329576,6004254,True,1.0,0.08121782536369944,0.22008617769087213,0.30130400305457156,0.012143008056723595,0.9187821746363005,0.22008617769087213,0.6439903757639515,0.0,0.0,0.0,0.0,0.006482588974449116,0.012143008056723595,0.09007077494330006,0.08358818596885094,0.036080024150304285,0.0,0.5964822139454048,0.5604021897951005,0.0,0.0,0.0,0.0,0.0425626131247534,0.012143008056723595,0.01862559703117271,0.6865529888887049,0.10221378300002365,not_applicable_to_updated_policy,0,0,60925,186263,81244,85262,36645,0.4577505999581237,0.4510486928265472,401460,167844,414978457600,173368193024,2.155339493082362
conversation_trace,0.02,4.0,"l1=0.02,l2x4",binary,2,2,pi2,lru,3714884076,learned,14859536302,tree,union,5183,58742117,117184,17726800,4770907,12955893,9329,25307,1494,764928,261582,255640,5942,180194,0,20995896706838.527,0,prefix_first,sampled,16,2,onpolicy,186136,0.0,0,0,1838515744464.8953,1351755,8859109376,2972933782247.423,2043904,14870056960,4365538008025.0903,2695636,22248523776,5095679037433.8545,2997462,26966788096,3857326505893.8916,2195968,20619993088,2865903628773.3745,1671168,15103551488,2960,32962016,65773,2856210,7050922,9907132,13772,454144,887,61.29524898529053,5183,32,53971210,107855,12955893,25307,37745201,75903,0,0,4673,13,0,0,5537,18,864,5,365459,721,764928,1494,5206224,10177,4840765,9456,2135056,4417,0,0,35038628,70859,32903572,66442,0,0,0,0,0,0,0,0,2505188,764928,1135060,40250389,5976689,True,1.0,0.08121782536369944,0.22055543214419732,0.30177325750789674,0.013021798312103733,0.9187821746363005,0.22055543214419732,0.642557723958093,7.955109959690421e-05,0.0,9.425945612412982e-05,1.4708356527225601e-05,0.006221413504726089,0.013021798312103733,0.08862847077847058,0.08240705727374449,0.03634625561758355,0.0,0.5964822139454048,0.5601359583278213,0.0,0.0,0.0,0.0,0.04264722022190654,0.013021798312103733,0.019322762916426726,0.6852049441799996,0.10174452854669845,not_applicable_to_updated_policy,5942,2951,61262,180194,78095,84773,36642,0.4704540661731245,0.46919777194442663,433114,180125,454056925184,188873762816,2.4035983440070146
conversation_trace,0.02,4.0,"l1=0.02,l2x4",binary,2,3,pi3,lru,3714884076,learned,14859536302,tree,union,5183,58742117,117184,17741175,4770907,12970268,9329,25345,1425,728993,261582,261581,1,186185,0,20995804990935.04,0,prefix_first,sampled,16,2,onpolicy,186186,0.0,0,0,1907420916625.4084,1359964,9307439104,3022317163274.239,2047442,15083550720,4387644675663.8726,2679291,22680195072,5105581678405.631,3024674,27341103104,3796301721956.352,2196433,20908247040,2776538835009.536,1662464,15210940416,2960,32962016,65773,2856210,7114850,9971060,13901,388399,759,60.32161355018616,5183,56,53971210,107855,12970268,25345,37772820,75958,0,0,0,0,0,0,0,0,0,0,378285,740,728993,1425,5233321,10226,4855036,9486,2120844,4387,0,0,35038628,70859,32917784,66472,0,0,0,0,0,0,0,0,2499129,728993,1107278,40271949,5962314,True,1.0,0.08121782536369944,0.2208001458306312,0.30201797119433066,0.012410056654921033,0.9187821746363005,0.2208001458306312,0.6430278976837012,0.0,0.0,0.0,0.0,0.00643975769548789,0.012410056654921033,0.08908975820534354,0.08265000050985565,0.03610431677155932,0.0,0.5964822139454048,0.5603778971738455,0.0,0.0,0.0,0.0,0.042544074467047215,0.012410056654921033,0.018849814350408924,0.6855719721507483,0.10149981486026458,not_applicable_to_updated_policy,1,1,61029,186185,81137,85355,36783,0.4584418723312834,0.45334434351775393,416202,172983,431598964736,179207477248,2.2354217579289415
conversation_trace,0.02,4.0,"l1=0.02,l2x4",binary,3,0,pi0,lru,3714884076,learned,14859536302,tree,union,5183,58742117,117184,17790238,4770907,13019331,9329,25432,1208,618496,261582,255717,5865,180885,0,20995845203929.094,0,prefix_first,sampled,16,3,onpolicy,186750,0.0,0,0,1997459798069.2493,1397209,8890769408,3125439239804.9316,2106435,14882627584,4485152131387.389,2763294,22286336000,5099545144809.472,3030665,26979194880,3680771420921.8584,2172416,20624238592,2607477468936.194,1549312,15105914880,2960,32962016,65773,2856210,6979359,9835569,13633,328192,641,60.28321361541748,5183,31,53971210,107855,13019331,25432,37827950,76063,0,0,4620,13,0,0,5730,17,1110,4,327314,646,618496,1208,5289025,10339,4961711,9693,2173499,4493,0,0,35038628,70859,32865129,66366,0,0,0,0,0,0,0,0,2505433,618496,950430,40333383,5913251,True,1.0,0.08121782536369944,0.22163537279393591,0.30285319815763534,0.01052900425771172,0.9187821746363005,0.22163537279393591,0.6439664065903515,7.864885087474802e-05,0.0,9.754500335764202e-05,1.8896152482894004e-05,0.005572049778185557,0.01052900425771172,0.0900380386358905,0.08446598885770494,0.03700069236524111,0.0,0.5964822139454048,0.5594815215801637,0.0,0.0,0.0,0.0,0.042651390994301416,0.01052900425771172,0.016179702886772025,0.6866177975846529,0.10066458789695985,matched,5865,2753,60643,180885,78451,83293,35867,0.460474887359372,0.4571898382429797,372300,155824,390294831104,163392317440,2.058213782237333
conversation_trace,0.02,4.0,"l1=0.02,l2x4",binary,3,1,pi1,lru,3714884076,learned,14859536302,tree,union,5183,58742117,117184,17751400,4770907,12980493,9329,25365,1304,667250,261582,261582,0,186201,0,20995790059982.84,0,prefix_first,sampled,16,3,onpolicy,186201,0.0,0,0,1928608460124.1602,1364406,9307439104,3039392225341.439,2056658,15083550720,4404733331554.302,2708090,22680195072,5096111411503.102,3008826,27342036992,3787322500179.966,2181585,20908247040,2739622131279.871,1660928,15210940416,2960,32962016,65773,2856210,7077459,9933669,13828,383488,749,59.51300883293152,5183,56,53971210,107855,12980493,25365,37823478,76059,0,0,0,0,0,0,0,0,0,0,380348,744,667250,1304,5284839,10327,4904491,9583,2119641,4383,0,0,35038628,70859,32918987,66476,0,0,0,0,0,0,0,0,2499989,667250,1047598,40323467,5952089,True,1.0,0.08121782536369944,0.22097421173976417,0.3021920371034636,0.01135897094073065,0.9187821746363005,0.22097421173976417,0.6438902772264745,0.0,0.0,0.0,0.0,0.0064748773014088,0.01135897094073065,0.08996677801040096,0.08349190070899215,0.036083837427922455,0.0,0.5964822139454048,0.5603983765174824,0.0,0.0,0.0,0.0,0.04255871472933126,0.01135897094073065,0.01783384824213945,0.6864489919558058,0.10132574895113161,not_applicable_to_updated_policy,0,0,61010,186201,81221,84870,36510,0.4557977669292861,0.4495142881767031,405546,168589,420988780544,174889807872,2.178001192259977
conversation_trace,0.02,4.0,"l1=0.02,l2x4",binary,3,2,pi2,lru,3714884076,learned,14859536302,tree,union,5183,58742117,117184,17717464,4770907,12946557,9329,25289,1452,743424,261582,255292,6290,179903,0,20995899443316.74,0,prefix_first,sampled,16,3,onpolicy,186193,0.0,0,0,1804974796312.5754,1346769,8840904704,2925411436941.312,2031616,14867535872,4328884603377.6646,2670592,22242375680,5111139401435.137,3008940,26953762816,3891523766704.1284,2228224,20609218560,2933965438545.921,1660416,15097491456,2960,32962016,65773,2856210,7042037,9898247,13756,440832,861,60.76753354072571,5183,31,53971210,107855,12946557,25289,37773696,75962,0,0,4516,12,0,0,6704,21,2188,9,377755,745,743424,1452,5235897,10234,4858142,9489,2125262,4395,0,0,35038628,70859,32913366,66464,0,0,0,0,0,0,0,0,2507533,743424,1125695,40281229,5986025,True,1.0,0.08121782536369944,0.22039650018061147,0.3016143255443109,0.012655723660759451,0.9187821746363005,0.22039650018061147,0.6430428103229578,7.687840055202641e-05,0.0,0.00011412595157236162,3.7247551020335206e-05,0.006430735208266328,0.012655723660759451,0.08913361089795249,0.08270287568968616,0.0361795268631534,0.0,0.5964822139454048,0.5603026870822514,0.0,0.0,0.0,0.0,0.04268714047197175,0.012655723660759451,0.019163337269577807,0.6857299507949296,0.1019034605102843,not_applicable_to_updated_policy,6290,3048,61204,179903,78047,85251,36687,0.47387203103894876,0.47006291081015283,455301,188023,477291976704,197154334720,2.53081382745146
conversation_trace,0.02,4.0,"l1=0.02,l2x4",binary,3,3,pi3,lru,3714884076,learned,14859536302,tree,union,5183,58742117,117184,17706705,4770907,12935798,9329,25278,1457,745562,261582,261582,0,186196,0,20995761900140.543,0,prefix_first,sampled,16,3,onpolicy,186196,0.0,0,0,1884070413840.3838,1353142,9307439104,2994566383486.9756,2040274,15083550720,4372767512983.5522,2691067,22680195072,5093755757438.978,3008290,27342036992,3828861237764.0947,2182097,20908247040,2821740594626.559,1660928,15210940416,2960,32962016,65773,2856210,7078844,9935054,13831,418792,818,60.022714138031006,5183,58,53971210,107855,12935798,25278,37790138,75995,0,0,0,0,0,0,0,0,0,0,381523,746,745562,1457,5251222,10261,4869699,9515,2118189,4379,0,0,35038628,70859,32920439,66480,0,0,0,0,0,0,0,0,2499712,745562,1127085,40289850,5996784,True,1.0,0.08121782536369944,0.22021334369001375,0.3014311690537132,0.012692120033740017,0.9187821746363005,0.22021334369001375,0.6433227117095559,0.0,0.0,0.0,0.0,0.006494879985343395,0.012692120033740017,0.089394496967142,0.0828996169817986,0.03605911921764753,0.0,0.5964822139454048,0.5604230947277573,0.0,0.0,0.0,0.0,0.04255399920299093,0.012692120033740017,0.01918700001908341,0.6858767109125468,0.10208661700088201,not_applicable_to_updated_policy,0,0,60996,186196,81163,86481,37123,0.4644621796386603,0.4573882187696364,427046,176054,441063626752,181713225728,2.293529399127801
conversation_trace,0.02,4.0,"l1=0.02,l2x4",binary,4,0,pi0,lru,3714884076,learned,14859536302,tree,union,5183,58742117,117184,17696034,4770907,12925127,9329,25247,1431,732672,261582,255659,5923,180764,0,20995884457756.67,0,prefix_first,sampled,16,4,onpolicy,186687,0.0,0,0,1993447721136.1277,1398672,8882802688,3129020789415.9355,2116675,14882973696,4484207047004.159,2757662,22281947136,5098376885452.802,3013846,26976638976,3685833761996.8003,2142720,20622444544,2604998252750.8486,1495552,15105802240,2960,32962016,65773,2856210,6935766,9791976,13547,391168,764,59.73839259147644,5183,29,53971210,107855,12925127,25247,37807113,76023,0,0,4835,15,0,0,5547,19,712,4,328631,648,732672,1431,5269236,10299,4940605,9651,2172832,4491,0,0,35038628,70859,32865796,66368,0,0,0,0,0,0,0,0,2506298,732672,1066138,40313411,6007455,True,1.0,0.08121782536369944,0.22003168527276604,0.3012495106364655,0.01247268633508731,0.9187821746363005,0.22003168527276604,0.6436116866540578,8.230891644575901e-05,0.0,9.442969173208382e-05,1.2120775286324801e-05,0.005594469807753098,0.01247268633508731,0.08970115939131032,0.08410668958355723,0.03698933765019058,0.0,0.5964822139454048,0.5594928762952143,0.0,0.0,0.0,0.0,0.04266611637438943,0.01247268633508731,0.018149465059286166,0.6862778030284472,0.10226827541812972,matched,5923,2798,60707,180764,78373,83421,35934,0.4614912261290965,0.45849973843032676,373155,157258,391173124096,164896100352,2.0643214356840964
conversation_trace,0.02,4.0,"l1=0.02,l2x4",binary,4,1,pi1,lru,3714884076,learned,14859536302,tree,union,5183,58742117,117184,17733769,4770907,12962862,9329,25331,1320,675840,261582,261582,0,186283,0,20995782794559.484,0,prefix_first,sampled,16,4,onpolicy,186283,0.0,0,0,1956988513468.4143,1367780,9307439104,3066512828694.526,2064850,15083550720,4421137950050.305,2705403,22680195072,5079736489472.003,2998188,27342036992,3766903309975.5513,2182097,20908247040,2704503702898.6865,1644544,15210940416,2960,32962016,65773,2856210,7094530,9950740,13861,376320,735,60.793394565582275,5183,56,53971210,107855,12962862,25331,37833050,76077,0,0,0,0,0,0,0,0,0,0,382733,749,675840,1320,5293880,10345,4911147,9596,2116725,4378,0,0,35038628,70859,32921903,66481,0,0,0,0,0,0,0,0,2499458,675840,1058573,40332508,5969720,True,1.0,0.08121782536369944,0.22067406933938047,0.3018918947030799,0.011505203327963138,0.9187821746363005,0.22067406933938047,0.6440532267504081,0.0,0.0,0.0,0.0,0.006515478493905829,0.011505203327963138,0.09012068802355216,0.08360520952964634,0.03603419672464307,0.0,0.5964822139454048,0.5604480172207618,0.0,0.0,0.0,0.0,0.042549675218548896,0.011505203327963138,0.018020681821868965,0.686602901968957,0.1016258913515153,not_applicable_to_updated_policy,0,0,60956,186283,81256,84200,36170,0.4520004509268157,0.4451363591611696,395769,164962,411611682816,171467874304,2.124557796470961
conversation_trace,0.02,4.0,"l1=0.02,l2x4",binary,4,2,pi2,lru,3714884076,learned,14859536302,tree,union,5183,58742117,117184,17779329,4770907,13008422,9329,25412,1435,734720,261582,255653,5929,180111,0,20995875791388.668,0,prefix_first,sampled,16,4,onpolicy,186040,0.0,0,0,1877196805576.7021,1373393,8871311360,3005972616359.936,2067041,14877020160,4384659332667.3906,2708510,22269433856,5094441744820.224,3029206,26963095552,3809473393168.3857,2184192,20612628480,2824131898796.031,1646080,15103926272,2960,32962016,65773,2856210,7049021,9905231,13770,453632,886,60.21349549293518,5183,33,53971210,107855,13008422,25412,37721413,75858,0,0,3659,11,0,0,4836,16,1177,5,364632,717,734720,1435,5184604,10133,4819972,9416,2138364,4422,0,0,35038628,70859,32900264,66437,0,0,0,0,0,0,0,0,2506655,734720,1103011,40228068,5924160,True,1.0,0.08121782536369944,0.2214496627692189,0.3026674881329183,0.01250755058759629,0.9187821746363005,0.2214496627692189,0.6421527674938919,6.22892089503686e-05,0.0,8.232594000655442e-05,2.0036731056185802e-05,0.0062073350199482935,0.01250755058759629,0.08826042139407403,0.08205308637412574,0.03640256955669473,0.0,0.5964822139454048,0.56007964438871,0.0,0.0,0.0,0.0,0.04267219378559339,0.01250755058759629,0.018777174816494952,0.6848249612794853,0.10085029792167688,not_applicable_to_updated_policy,5929,2879,61355,180111,78115,84036,36216,0.4665789429851592,0.46362414389041795,408748,171430,428479094784,179753435136,2.26942274486289
conversation_trace,0.02,4.0,"l1=0.02,l2x4",binary,4,3,pi3,lru,3714884076,learned,14859536302,tree,union,5183,58742117,117184,17756735,4770907,12985828,9329,25375,1370,701042,261582,261581,1,186148,0,20995812746512.383,0,prefix_first,sampled,16,4,onpolicy,186149,0.0,0,0,1901753260038.1455,1357453,9307439104,3011475213539.3286,2067410,15083550720,4384968010784.768,2712186,22680195072,5103071524608.001,3015482,27342036992,3800163075270.653,2197969,20908247040,2794381662271.487,1635328,15209891840,2960,32962016,65773,2856210,7073066,9929276,13819,413184,807,59.381083488464355,5183,54,53971210,107855,12985828,25375,37783278,75981,0,0,0,0,0,0,0,0,0,0,373477,731,701042,1370,5245712,10251,4872235,9520,2127585,4398,0,0,35038628,70859,32911043,66461,0,0,0,0,0,0,0,0,2501062,701042,1074519,40284340,5946754,True,1.0,0.08121782536369944,0.22106503243660763,0.30228285780030706,0.01193423110712881,0.9187821746363005,0.22106503243660763,0.6432059300824994,0.0,0.0,0.0,0.0,0.006357908415183607,0.01193423110712881,0.08930069714715934,0.08294278873197573,0.036219072594881115,0.0,0.5964822139454048,0.5602631413505237,0.0,0.0,0.0,0.0,0.04257698101006472,0.01193423110712881,0.018292139522312414,0.6857829110925642,0.10123492825428815,not_applicable_to_updated_policy,1,1,61058,186148,81148,84580,36359,0.4543696413606378,0.4480578695716469,407373,168272,423320178688,174716735488,2.18843608311666
conversation_trace,0.02,4.0,"l1=0.02,l2x4",next_use,0,0,pi0,lru,3714884076,learned,14859536302,tree,union,5183,58742117,117184,17506193,4770907,12735286,9329,24881,1768,905216,261582,261549,33,186129,0,20995755272378.37,0,prefix_first,sampled,16,0,onpolicy,186162,0.0,0,0,2094542832752.6406,1400809,9302245376,3267005325287.426,2089396,15083268096,4565141250156.544,2705544,22675095552,5050541674182.654,2966336,27336435712,3566178592731.1367,2103761,20904198144,2452345597267.9683,1469440,15210608640,2960,32962016,65773,2856210,6999905,9856115,13674,503808,984,61.80185556411743,5183,43,53971210,107855,12735286,24881,37827914,76066,0,0,0,0,0,0,0,0,0,0,385122,760,905216,1768,5292080,10347,4906958,9587,2117672,4380,0,0,35038628,70859,32920956,66479,0,0,0,0,0,0,0,0,2502794,905216,1290338,40330708,6197296,True,1.0,0.08121782536369944,0.21679991546780653,0.29801774083150595,0.015409999608968808,0.9187821746363005,0.21679991546780653,0.6439657937421629,0.0,0.0,0.0,0.0,0.00655614778064604,0.015409999608968808,0.09009004561412044,0.08353389783347441,0.036050318036716315,0.0,0.5964822139454048,0.5604318959086885,0.0,0.0,0.0,0.0,0.042606465817362354,0.015409999608968808,0.02196614738961485,0.6865722595595253,0.10550004522308926,matched,33,33,61215,186129,81201,82598,35651,0.4437674945870875,0.4390463171635817,365377,155406,382946922496,162879039488,1.9630310161232263
conversation_trace,0.02,4.0,"l1=0.02,l2x4",next_use,0,1,pi1,lru,3714884076,learned,14859536302,tree,union,5183,58742117,117184,17758549,4770907,12987642,9329,25376,1486,760832,261582,261486,96,185983,0,20995797512814.594,0,prefix_first,sampled,16,0,onpolicy,186079,0.0,0,0,1977677317632.0015,1395838,9306177536,3114059207995.393,2114778,15080908800,4453636607506.432,2779770,22674065408,5095883978686.466,3004712,27328915456,3704277376126.976,2122752,20892889088,2650263024867.327,1569792,15202095104,2960,32962016,65773,2856210,6960216,9816426,13598,498176,973,60.62454152107239,5183,47,53971210,107855,12987642,25376,37721153,75857,0,0,0,0,0,0,0,0,0,0,342769,675,760832,1486,5184108,10134,4841339,9459,2158814,4461,0,0,35038628,70859,32879814,66398,0,0,0,0,0,0,0,0,2501583,760832,1103601,40222736,5944940,True,1.0,0.08121782536369944,0.22109591317589047,0.3023137385395899,0.012952069807085775,0.9187821746363005,0.22109591317589047,0.6421483413680852,0.0,0.0,0.0,0.0,0.005835148910278464,0.012952069807085775,0.08825197770791951,0.08241682879764105,0.03675070137496066,0.0,0.5964822139454048,0.5597315125704442,0.0,0.0,0.0,0.0,0.042585850285239125,0.012952069807085775,0.01878721871736424,0.6847341916533243,0.1012040475150053,not_applicable_to_updated_policy,96,70,61262,185983,80970,82533,35585,0.4437663657431056,0.4394837594170681,367179,153758,384874754048,161203609600,1.9742610883790455
conversation_trace,0.02,4.0,"l1=0.02,l2x4",next_use,0,2,pi2,lru,3714884076,learned,14859536302,tree,union,5183,58742117,117184,17875483,4770907,13104576,9329,25602,1250,640000,261582,261074,508,185498,0,20995796624164.867,0,prefix_first,sampled,16,0,onpolicy,186006,0.0,0,0,2055149201467.3918,1411961,9304168448,3211608171978.7534,2135137,15077636096,4503067643111.425,2804872,22650449920,5054300500987.906,3041165,27282835456,3622896038520.8325,2148305,20828076032,2548775068098.5596,1563136,15159402496,2960,32962016,65773,2856210,7077247,9933457,13826,380416,743,61.907126903533936,5183,42,53971210,107855,13104576,25602,37724716,75862,0,0,0,0,0,0,0,0,0,0,334867,662,640000,1250,5188006,10144,4853139,9482,2167051,4479,0,0,35038628,70859,32871577,66380,0,0,0,0,0,0,0,0,2501918,640000,974867,40226634,5828006,True,1.0,0.08121782536369944,0.22308654623393978,0.30430437159763923,0.010895078909056001,0.9187821746363005,0.22308654623393978,0.6422089963151992,0.0,0.0,0.0,0.0,0.005700628732873213,0.010895078909056001,0.08831833554789999,0.08261770681502677,0.03689092444523237,0.0,0.5964822139454048,0.5595912895001725,0.0,0.0,0.0,0.0,0.04259155317810558,0.010895078909056001,0.016595707641929212,0.6848005494933048,0.09921341445695599,not_applicable_to_updated_policy,508,329,61356,185498,80714,81717,35110,0.4405276606755868,0.43499269023961146,344480,144382,361122301952,151388104704,1.8570550625882758
conversation_trace,0.02,4.0,"l1=0.02,l2x4",next_use,0,3,pi3,lru,3714884076,learned,14859536302,tree,union,5183,58742117,117184,17854381,4770907,13083474,9329,25563,1345,688640,261582,261445,137,185837,0,20995818435858.43,0,prefix_first,sampled,16,0,onpolicy,185974,0.0,0,0,2055450023135.232,1419307,9306642432,3194850642307.0723,2142553,15083550720,4492281533429.76,2797734,22675744768,5075708576788.48,3043112,27324348416,3627016459476.992,2146304,20881846272,2550511200720.893,1534464,15193589760,2960,32962016,65773,2856210,7084676,9940886,13841,393728,769,61.41718077659607,5183,47,53971210,107855,13083474,25563,37697379,75811,0,0,0,0,0,0,116,1,116,1,340495,670,688640,1345,5160352,10087,4819857,9417,2161222,4466,0,0,35038628,70859,32877406,66393,0,0,0,0,0,0,0,0,2501717,688640,1029135,40199096,5849108,True,1.0,0.08121782536369944,0.22272731505403526,0.3039451404177347,0.011723104906144258,0.9187821746363005,0.22272731505403526,0.6417436232337353,0.0,0.0,1.9747330522664003e-06,1.9747330522664003e-06,0.005796437333029724,0.011723104906144258,0.087847565997664,0.08205112866463427,0.03679169410935598,0.0,0.5964822139454048,0.5596905198360488,0.0,0.0,0.0,0.0,0.042588131442385706,0.011723104906144258,0.017519542239173982,0.6843317546761211,0.09957264563686051,not_applicable_to_updated_policy,137,97,61369,185837,80890,81738,35180,0.43983706151089397,0.4349116083570281,346896,145796,363610365952,152862042112,1.8666681016159323
conversation_trace,0.02,4.0,"l1=0.02,l2x4",next_use,1,0,pi0,lru,3714884076,learned,14859536302,tree,union,5183,58742117,117184,17571929,4770907,12801022,9329,25011,1618,828416,261582,261550,32,186085,0,20995814830262.27,0,prefix_first,sampled,16,1,onpolicy,186117,0.0,0,0,2098244097595.3914,1398836,9301893120,3260005015275.517,2095058,15082317824,4566108299204.609,2707080,22676899840,5051961406439.423,2953631,27336599552,3566499018270.72,2135505,20903632896,2452996993476.608,1510912,15210608640,2960,32962016,65773,2856210,7014271,9870481,13703,470528,919,62.263182401657104,5183,43,53971210,107855,12801022,25011,37839018,76086,0,0,0,0,0,0,0,0,0,0,388578,764,828416,1618,5303144,10367,4914566,9603,2114176,4376,0,0,35038628,70859,32924452,66483,0,0,0,0,0,0,0,0,2502754,828416,1216994,40341772,6131560,True,1.0,0.08121782536369944,0.21791897626025292,0.29913680162395234,0.014102590139882088,0.9187821746363005,0.21791897626025292,0.644154823361235,0.0,0.0,0.0,0.0,0.006614981206754942,0.014102590139882088,0.09027839429076075,0.08366341308400581,0.03599080366817559,0.0,0.5964822139454048,0.5604914102772292,0.0,0.0,0.0,0.0,0.04260578487493054,0.014102590139882088,0.020717571346637032,0.6867606082361656,0.10438098443064284,matched,32,32,61250,186085,81211,82688,35716,0.4443560738372249,0.439792638928224,364595,154644,382094692352,162074808320,1.9592927963027649
conversation_trace,0.02,4.0,"l1=0.02,l2x4",next_use,1,1,pi1,lru,3714884076,learned,14859536302,tree,union,5183,58742117,117184,17893770,4770907,13122863,9329,25642,1174,601064,261582,261567,15,186022,0,20995788455628.797,0,prefix_first,sampled,16,1,onpolicy,186037,0.0,0,0,2000963045926.912,1399256,9306642432,3130220773660.673,2117586,15083550720,4464484295825.407,2781306,22679273472,5084129974077.439,3057978,27341350912,3687973629382.656,2169297,20904165376,2628016736755.711,1597440,15208419328,2960,32962016,65773,2856210,7072773,9928983,13818,365544,714,61.6068377494812,5183,52,53971210,107855,13122863,25642,37748101,75908,0,0,0,0,0,0,0,0,0,0,339620,667,601064,1174,5208655,10180,4869035,9513,2159562,4464,0,0,35038628,70859,32879066,66395,0,0,0,0,0,0,0,0,2499182,601064,940684,40247283,5809719,True,1.0,0.08121782536369944,0.22339785609020527,0.3046156814539047,0.010232249545926306,0.9187821746363005,0.22339785609020527,0.6426070922843996,0.0,0.0,0.0,0.0,0.005781541717333749,0.010232249545926306,0.0886698550547642,0.08288831333743045,0.036763434998435617,0.0,0.5964822139454048,0.5597187789469692,0.0,0.0,0.0,0.0,0.042544976715769366,0.010232249545926306,0.016013791263260056,0.685152069000169,0.0989021046006905,not_applicable_to_updated_policy,15,12,61256,186022,81066,82456,35489,0.44325939942587433,0.4377790935780722,360762,150225,378036357120,157437493248,1.9393512595284428
conversation_trace,0.02,4.0,"l1=0.02,l2x4",next_use,1,2,pi2,lru,3714884076,learned,14859536302,tree,union,5183,58742117,117184,17856789,4770907,13085882,9329,25566,1177,602624,261582,261204,378,185773,0,20995755270971.387,0,prefix_first,sampled,16,1,onpolicy,186151,0.0,0,0,2035165437796.3516,1410374,9299275776,3180071496257.536,2122073,15081510912,4493137917757.435,2774694,22659622912,5080325882986.498,3048821,27300880384,3639425349160.9595,2141184,20852922368,2567629187012.606,1588736,15172659200,2960,32962016,65773,2856210,7046015,9902225,13765,361984,707,60.96214199066162,5183,43,53971210,107855,13085882,25566,37780128,75972,0,0,0,0,0,0,443,2,443,2,342809,677,602624,1177,5243633,10251,4900824,9574,2159767,4463,0,0,35038628,70859,32878861,66396,0,0,0,0,0,0,0,0,2502576,602624,945433,40282704,5846700,True,1.0,0.08121782536369944,0.22276830778843057,0.30398613315213,0.01025880630076713,0.9187821746363005,0.22276830778843057,0.6431523058659939,0.0,0.0,7.541437432362201e-06,7.541437432362201e-06,0.00583582985271028,0.01025880630076713,0.0892653051642657,0.08342947531155542,0.036766924828398675,0.0,0.5964822139454048,0.5597152891170061,0.0,0.0,0.0,0.0,0.042602754681108954,0.01025880630076713,0.01609463615347741,0.6857550605471029,0.0995316529024652,not_applicable_to_updated_policy,378,250,61216,185773,80911,81981,35198,0.44129663621731896,0.4350211961290801,348501,146510,365327988736,153617604608,1.8759507571067917
conversation_trace,0.02,4.0,"l1=0.02,l2x4",next_use,1,3,pi3,lru,3714884076,learned,14859536302,tree,union,5183,58742117,117184,17943946,4770907,13173039,9329,25739,1024,524264,261582,261510,72,186023,0,20995759787536.387,0,prefix_first,sampled,16,1,onpolicy,186095,0.0,0,0,2104015430875.136,1418171,9306642432,3244169328455.6797,2152402,15082670080,4518552870567.936,2809466,22677555200,5056837097195.525,3035944,27333353472,3584136213882.8813,2168832,20897251328,2488048846559.2305,1588224,15193464832,2960,32962016,65773,2856210,7075928,9932138,13824,326120,637,61.944321393966675,5183,50,53971210,107855,13173039,25739,37773825,75959,0,0,0,0,0,0,0,0,0,0,337060,663,524264,1024,5235279,10233,4898219,9570,2163022,4470,0,0,35038628,70859,32875606,66389,0,0,0,0,0,0,0,0,2500082,524264,861324,40273907,5759543,True,1.0,0.08121782536369944,0.22425203027667526,0.3054698556403747,0.008924840076839587,0.9187821746363005,0.22425203027667526,0.6430450063623004,0.0,0.0,0.0,0.0,0.005737961401697525,0.008924840076839587,0.08912309033738093,0.08338512893568341,0.036822336518787704,0.0,0.5964822139454048,0.559659877426617,0.0,0.0,0.0,0.0,0.04256029792048523,0.008924840076839587,0.014662801478537112,0.6856053042827858,0.09804793041422051,not_applicable_to_updated_policy,72,55,61233,186023,81102,81250,34961,0.436773947307591,0.4310744494587063,337483,141089,353719801856,147903852544,1.8142003945748644
conversation_trace,0.02,4.0,"l1=0.02,l2x4",next_use,2,0,pi0,lru,3714884076,learned,14859536302,tree,union,5183,58742117,117184,17581654,4770907,12810747,9329,25029,1594,816128,261582,261550,32,186113,0,20995810967828.484,0,prefix_first,sampled,16,2,onpolicy,186145,0.0,0,0,2094731158812.672,1400038,9303324672,3262117930115.0728,2083131,15082733568,4566957849587.713,2702984,22675269632,5053069553172.482,2954066,27337674752,3561531936759.8105,2112000,20905234432,2457402539380.7354,1558528,15210940416,2960,32962016,65773,2856210,6975078,9831288,13626,506368,989,61.908891439437866,5183,43,53971210,107855,12810747,25029,37842501,76092,0,0,0,0,0,0,0,0,0,0,380805,751,816128,1594,5305707,10373,4924902,9622,2121029,4389,0,0,35038628,70859,32917599,66470,0,0,0,0,0,0,0,0,2501834,816128,1196933,40344335,6121835,True,1.0,0.08121782536369944,0.2180845303889882,0.29930235575268765,0.013893404624828213,0.9187821746363005,0.2180845303889882,0.6442141164234854,0.0,0.0,0.0,0.0,0.006482657068692298,0.013893404624828213,0.09032202567707937,0.08383936860838706,0.03610746613030647,0.0,0.5964822139454048,0.5603747478150983,0.0,0.0,0.0,0.0,0.04259012319899877,0.013893404624828213,0.020376061693520513,0.6868042396224842,0.10421543030190758,matched,32,32,61219,186113,81214,82428,35709,0.4428922213923799,0.439690201196838,364511,154154,382030430208,161568978944,1.958546689376884
conversation_trace,0.02,4.0,"l1=0.02,l2x4",next_use,2,1,pi1,lru,3714884076,learned,14859536302,tree,union,5183,58742117,117184,17857389,4770907,13086482,9329,25571,1319,675328,261582,261565,17,185939,0,20995784053663.746,0,prefix_first,sampled,16,2,onpolicy,185956,0.0,0,0,2051721958881.279,1414075,9307439104,3180546766528.5137,2133458,15083550720,4492497808818.176,2773626,22679318528,5072102727088.131,3003706,27339874304,3638798779869.185,2162641,20906602496,2560116012478.4634,1598976,15207254016,2960,32962016,65773,2856210,7067224,9923434,13807,402432,786,61.60604643821716,5183,52,53971210,107855,13086482,25571,37709787,75834,0,0,0,0,0,0,0,0,0,0,338542,665,675328,1319,5170772,10106,4832230,9441,2161071,4466,0,0,35038628,70859,32877557,66393,0,0,0,0,0,0,0,0,2499613,675328,1013870,40209400,5846100,True,1.0,0.08121782536369944,0.22277852192490782,0.30399634728860725,0.011496487264835892,0.9187821746363005,0.22277852192490782,0.6419548515760847,0.0,0.0,0.0,0.0,0.0057631903187963076,0.011496487264835892,0.08802495150115205,0.08226176118235576,0.03678912355167588,0.0,0.5964822139454048,0.5596930903937289,0.0,0.0,0.0,0.0,0.04255231387047219,0.011496487264835892,0.0172596775836322,0.6845071654465569,0.09952143876598796,not_applicable_to_updated_policy,17,11,61352,185939,80995,81869,35201,0.44030031354368904,0.4346070745107723,351127,148338,368008624128,155500265472,1.8883988835048053
conversation_trace,0.02,4.0,"l1=0.02,l2x4",next_use,2,2,pi2,lru,3714884076,learned,14859536302,tree,union,5183,58742117,117184,17887050,4770907,13116143,9329,25625,1259,644608,261582,260418,1164,184809,0,20995788933398.523,0,prefix_first,sampled,16,2,onpolicy,185973,0.0,0,0,2059005115899.9043,1415116,9294946304,3199777335762.946,2137945,15063384064,4494865198106.619,2798622,22594461696,5071263548547.071,3041196,27199531008,3620456557688.833,2149376,20760088576,2550421177393.151,1573888,15140440064,2960,32962016,65773,2856210,7064478,9920688,13801,406528,794,61.815573930740356,5183,39,53971210,107855,13116143,25625,37705433,75827,0,0,946,2,0,0,946,2,0,0,339136,669,644608,1259,5170885,10110,4831749,9441,2164944,4473,0,0,35038628,70859,32873684,66386,0,0,0,0,0,0,0,0,2505026,644608,984690,40210459,5816439,True,1.0,0.08121782536369944,0.22328345776166017,0.3045012831253596,0.010973523477201205,0.9187821746363005,0.22328345776166017,0.6418807309923815,1.6104288512448402e-05,0.0,1.6104288512448402e-05,0.0,0.005773302313908775,0.010973523477201205,0.08802687516352194,0.08225357284961317,0.03685505580263646,0.0,0.5964822139454048,0.5596271581427683,0.0,0.0,0.0,0.0,0.04264446240505768,0.010973523477201205,0.01676293007962243,0.6845251933974392,0.0990165029292356,not_applicable_to_updated_policy,1164,712,61403,184809,80293,81724,35065,0.4422079011303562,0.43671303849650656,346183,145508,362908114944,152573732864,1.8731934050830858
conversation_trace,0.02,4.0,"l1=0.02,l2x4",next_use,2,3,pi3,lru,3714884076,learned,14859536302,tree,union,5183,58742117,117184,17916186,4770907,13145279,9329,25686,1132,579584,261582,261552,30,185954,0,20995772362674.176,0,prefix_first,sampled,16,2,onpolicy,185984,0.0,0,0,2074722265464.8328,1413992,9306642432,3199269455044.6094,2140114,15081646080,4503234448465.918,2806906,22679789568,5065164619694.077,3073338,27337400320,3614542231246.8525,2154961,20906014720,2538839342757.8877,1555968,15205079040,2960,32962016,65773,2856210,7111173,9967383,13893,331776,648,61.98347616195679,5183,53,53971210,107855,13145279,25686,37747652,75907,0,0,0,0,0,0,0,0,0,0,332052,652,579584,1132,5207719,10178,4875667,9526,2166643,4478,0,0,35038628,70859,32871985,66381,0,0,0,0,0,0,0,0,2498695,579584,911636,40246347,5787303,True,1.0,0.08121782536369944,0.22377945622899495,0.3049972815926944,0.009866583460041115,0.9187821746363005,0.22377945622899495,0.6425994487056025,0.0,0.0,0.0,0.0,0.005652707409234161,0.009866583460041115,0.0886539210018597,0.08300121359262555,0.03688397883242785,0.0,0.5964822139454048,0.5595982351129769,0.0,0.0,0.0,0.0,0.04253668624166201,0.009866583460041115,0.015519290869275277,0.6851361349472646,0.09852050446190082,not_applicable_to_updated_policy,30,22,61304,185954,81064,81326,34939,0.43734471966185184,0.43100513174775484,342376,143773,358749151232,150679027712,1.8411865300020436
conversation_trace,0.02,4.0,"l1=0.02,l2x4",next_use,3,0,pi0,lru,3714884076,learned,14859536302,tree,union,5183,58742117,117184,17606775,4770907,12835868,9329,25080,1535,785920,261582,261550,32,186114,0,20995772014735.363,0,prefix_first,sampled,16,3,onpolicy,186146,0.0,0,0,2100852118093.8245,1395764,9301893120,3264564327905.2803,2093010,15082317824,4567289397192.703,2708646,22675961856,5046721591969.795,2996127,27336415232,3563508624683.009,2114001,20904601600,2452835954890.7524,1528320,15210940416,2960,32962016,65773,2856210,7100287,9956497,13871,382464,747,62.95032095909119,5183,44,53971210,107855,12835868,25080,37844757,76101,0,0,0,0,0,0,0,0,0,0,382273,751,785920,1535,5310794,10381,4928521,9630,2122392,4388,0,0,35038628,70859,32916236,66471,0,0,0,0,0,0,0,0,2504665,785920,1168193,40349422,6096714,True,1.0,0.08121782536369944,0.21851217925972943,0.29973000462342886,0.013379156900320769,0.9187821746363005,0.21851217925972943,0.6442525215766398,0.0,0.0,0.0,0.0,0.006507647655939945,0.013379156900320769,0.09040862453084555,0.08390097687490561,0.0361306692436706,0.0,0.5964822139454048,0.5603515447017342,0.0,0.0,0.0,0.0,0.04263831689961055,0.013379156900320769,0.019886804556260716,0.6868908384762503,0.10378778143116633,matched,32,32,61226,186114,81228,82686,35777,0.4442760888487701,0.44045156842468114,366365,154042,383997306880,161462714368,1.9684978024221713
conversation_trace,0.02,4.0,"l1=0.02,l2x4",next_use,3,1,pi1,lru,3714884076,learned,14859536302,tree,union,5183,58742117,117184,17843433,4770907,13072526,9329,25541,1327,679424,261582,261422,160,185899,0,20995789677371.395,0,prefix_first,sampled,16,3,onpolicy,186059,0.0,0,0,2005463730382.848,1400614,9307439104,3149642916044.8003,2127826,15081187328,4466043726884.863,2769417,22670704640,5082959231010.818,3021709,27323361280,3673522147178.4956,2156032,20880461824,2618157925869.569,1596928,15191861248,2960,32962016,65773,2856210,7047341,9903551,13768,422400,825,61.33775305747986,5183,45,53971210,107855,13072526,25541,37717902,75849,0,0,0,0,0,0,0,0,0,0,337221,665,679424,1327,5180632,10128,4843411,9463,2164137,4473,0,0,35038628,70859,32874491,66386,0,0,0,0,0,0,0,0,2501358,679424,1016645,40219260,5860056,True,1.0,0.08121782536369944,0.2225409411104472,0.3037587664741466,0.011566215769853852,0.9187821746363005,0.2225409411104472,0.6420929977719393,0.0,0.0,0.0,0.0,0.005740702194985584,0.011566215769853852,0.0881928038105947,0.08245210161560912,0.036841317789074575,0.0,0.5964822139454048,0.5596408961563302,0.0,0.0,0.0,0.0,0.04258201998406016,0.011566215769853852,0.017306917964839436,0.6846750177559995,0.09975901958044855,not_applicable_to_updated_policy,160,114,61285,185899,80920,82134,35355,0.4418205584753011,0.43691300049431536,362734,153653,380216821760,161091768320,1.9512423412713356
conversation_trace,0.02,4.0,"l1=0.02,l2x4",next_use,3,2,pi2,lru,3714884076,learned,14859536302,tree,union,5183,58742117,117184,17930590,4770907,13159683,9329,25711,1075,550400,261582,261153,429,185648,0,20995809831290.875,0,prefix_first,sampled,16,3,onpolicy,186077,0.0,0,0,2048992676769.7913,1423403,9303361536,3192542262712.319,2141529,15076816896,4499414489966.589,2805234,22659547136,5069678627901.44,3058573,27297259520,3634622758543.36,2179072,20837740544,2550559015397.377,1551872,15170500608,2960,32962016,65773,2856210,7111256,9967466,13893,289792,566,61.27645516395569,5183,45,53971210,107855,13159683,25711,37760053,75931,0,0,0,0,0,0,0,0,0,0,329936,651,550400,1075,5222499,10210,4892563,9559,2171138,4487,0,0,35038628,70859,32867490,66372,0,0,0,0,0,0,0,0,2501074,550400,880336,40261127,5772899,True,1.0,0.08121782536369944,0.2240246635986919,0.3052424889623913,0.009369767861788161,0.9187821746363005,0.2240246635986919,0.6428105578830262,0.0,0.0,0.0,0.0,0.005616685554591095,0.009369767861788161,0.08890552923041571,0.08328884367582462,0.03696049973820317,0.0,0.5964822139454048,0.5595217142072016,0.0,0.0,0.0,0.0,0.042577185292794265,0.009369767861788161,0.014986453416379256,0.6853877431758205,0.09827529709220388,not_applicable_to_updated_policy,429,278,61281,185648,80829,81595,35131,0.4395145651986555,0.434633609224412,346766,146224,363506921472,153316694016,1.8678682237352409
conversation_trace,0.02,4.0,"l1=0.02,l2x4",next_use,3,3,pi3,lru,3714884076,learned,14859536302,tree,union,5183,58742117,117184,17956335,4770907,13185428,9329,25763,990,506880,261582,261483,99,185916,0,20995782376886.273,0,prefix_first,sampled,16,3,onpolicy,186015,0.0,0,0,2085372057616.3835,1418275,9305683968,3232701901477.8877,2155474,15081805824,4520605501609.987,2818726,22678542336,5060104347496.445,3070760,27329587200,3597199168325.633,2160081,20893186048,2499799400359.935,1562112,15193264128,2960,32962016,65773,2856210,7095857,9952067,13863,302080,590,61.02325773239136,5183,49,53971210,107855,13185428,25763,37778654,75968,0,0,0,0,0,0,0,0,0,0,327231,644,506880,990,5240274,10243,4913043,9599,2173017,4490,0,0,35038628,70859,32865611,66369,0,0,0,0,0,0,0,0,2500248,506880,834111,40278902,5747154,True,1.0,0.08121782536369944,0.22446293517136945,0.3056807605350689,0.008628902495972353,0.9187821746363005,0.22446293517136945,0.6431272131373815,0.0,0.0,0.0,0.0,0.005570636822639538,0.008628902495972353,0.08920812302355395,0.08363748620091441,0.03699248700893773,0.0,0.5964822139454048,0.559489726936467,0.0,0.0,0.0,0.0,0.04256312383157727,0.008628902495972353,0.014199539318611891,0.6856903369689588,0.0978370255195263,not_applicable_to_updated_policy,99,74,61317,185916,81072,81196,34881,0.43673486951096196,0.43024718768502074,338810,141335,355123757056,148168751104,1.822382151078982
conversation_trace,0.02,4.0,"l1=0.02,l2x4",next_use,4,0,pi0,lru,3714884076,learned,14859536302,tree,union,5183,58742117,117184,17642327,4770907,12871420,9329,25147,1524,780264,261582,261556,26,186102,0,20995806721064.953,0,prefix_first,sampled,16,4,onpolicy,186128,0.0,0,0,2100408073424.895,1398761,9302671360,3268841183987.7114,2100027,15082567680,4568380840280.06,2707066,22675689472,5050273340909.568,2974093,27337775104,3558352408752.1265,2175441,20905189376,2449550873710.593,1516032,15210940416,2960,32962016,65773,2856210,7088437,9944647,13847,416744,814,62.673725843429565,5183,43,53971210,107855,12871420,25147,37816215,76044,0,0,0,0,0,0,0,0,0,0,381668,752,780264,1524,5280898,10325,4899230,9573,2121643,4388,0,0,35038628,70859,32916985,66471,0,0,0,0,0,0,0,0,2503311,780264,1161932,40319526,6061162,True,1.0,0.08121782536369944,0.2191174008931275,0.30033522625682696,0.013282871640461987,0.9187821746363005,0.2191174008931275,0.6437666351044175,0.0,0.0,0.0,0.0,0.006497348401658728,0.013282871640461987,0.08989968815730628,0.08340233975564755,0.036117918596634845,0.0,0.5964822139454048,0.56036429534877,0.0,0.0,0.0,0.0,0.04261526699829358,0.013282871640461987,0.019780220042120714,0.6863819021027111,0.10318255979776828,matched,26,26,61242,186102,81177,82633,35791,0.44401994605109024,0.44090074774874655,365098,155222,382666559488,162706655232,1.9618166381876605
conversation_trace,0.02,4.0,"l1=0.02,l2x4",next_use,4,1,pi1,lru,3714884076,learned,14859536302,tree,union,5183,58742117,117184,17817965,4770907,13047058,9329,25494,1322,676864,261582,261518,64,186007,0,20995805331329.027,0,prefix_first,sampled,16,4,onpolicy,186071,0.0,0,0,2023692275652.6084,1406395,9306642432,3148784114882.561,2128338,15083550720,4477282554198.019,2790010,22677133312,5079567474034.6875,3027258,27337297920,3665114611918.8486,2125777,20897163264,2601364300642.3047,1569280,15196026880,2960,32962016,65773,2856210,6999640,9855850,13675,428544,837,60.83494448661804,5183,52,53971210,107855,13047058,25494,37747019,75908,0,0,0,0,0,0,0,0,0,0,336065,660,676864,1322,5208660,10180,4872595,9520,2164204,4471,0,0,35038628,70859,32874424,66388,0,0,0,0,0,0,0,0,2500269,676864,1012929,40247288,5885524,True,1.0,0.08121782536369944,0.22210738506410996,0.3033252104278094,0.011522635454217627,0.9187821746363005,0.22210738506410996,0.642588672791619,0.0,0.0,0.0,0.0,0.005721022958706102,0.011522635454217627,0.08866994017256817,0.08294891721386208,0.036842458367647865,0.0,0.5964822139454048,0.5596397555777569,0.0,0.0,0.0,0.0,0.04256348132635397,0.011522635454217627,0.01724365841292373,0.6851521541179729,0.10019257562678581,not_applicable_to_updated_policy,64,53,61223,186007,81032,82203,35323,0.44193498094157746,0.43591420673314246,356937,149930,374065420288,157143717888,1.9189439107130377
conversation_trace,0.02,4.0,"l1=0.02,l2x4",next_use,4,2,pi2,lru,3714884076,learned,14859536302,tree,union,5183,58742117,117184,17908452,4770907,13137545,9329,25667,1232,630784,261582,261225,357,185572,0,20995776882939.902,0,prefix_first,sampled,16,4,onpolicy,185929,0.0,0,0,2104665072470.017,1429035,9306642432,3256983668832.256,2161731,15082670080,4535113251059.711,2816166,22665867264,5049999386648.575,3025269,27312480256,3574277116645.376,2138624,20842491904,2474738387283.9688,1566720,15175641088,2960,32962016,65773,2856210,7039590,9895800,13752,421376,823,61.59217667579651,5183,44,53971210,107855,13137545,25667,37701670,75817,0,0,488,1,0,0,604,2,116,1,325986,644,630784,1232,5163649,10095,4837663,9451,2174737,4494,0,0,35038628,70859,32863891,66365,0,0,0,0,0,0,0,0,2501211,630784,957258,40202881,5795037,True,1.0,0.08121782536369944,0.22364779600980333,0.30486562137350276,0.010738189772765595,0.9187821746363005,0.22364779600980333,0.6418166713331084,8.307497668155201e-06,0.0,1.0282230720421601e-05,1.9747330522664003e-06,0.005549442489449265,0.010738189772765595,0.08790369267760642,0.08235425018815716,0.03702176753350581,0.0,0.5964822139454048,0.559460446411899,0.0,0.0,0.0,0.0,0.042579517520623236,0.010738189772765595,0.016295939759883016,0.6843961888537317,0.09865216468109245,not_applicable_to_updated_policy,357,222,61440,185572,80774,81051,34839,0.43676308925915547,0.43131453190383046,333524,140070,349627439104,146860521472,1.7972754510378721
conversation_trace,0.02,4.0,"l1=0.02,l2x4",next_use,4,3,pi3,lru,3714884076,learned,14859536302,tree,union,5183,58742117,117184,17817202,4770907,13046295,9329,25490,1337,684544,261582,261055,527,185495,0,20995789398280.195,0,prefix_first,sampled,16,4,onpolicy,186022,0.0,0,0,2078028721080.3193,1417593,9301870592,3218704968777.73,2143186,15079157760,4518392544821.247,2802298,22654255104,5057656873220.096,3035730,27288821760,3604950271803.3926,2145280,20819228672,2518056018577.4087,1502208,15158290432,2960,32962016,65773,2856210,7046269,9902479,13765,394240,770,61.84686803817749,5183,46,53971210,107855,13046295,25490,37738756,75891,0,0,0,0,0,0,327,1,327,1,331570,653,684544,1337,5201416,10168,4869846,9515,2170045,4484,0,0,35038628,70859,32868583,66375,0,0,0,0,0,0,0,0,2501615,684544,1016114,40240371,5886287,True,1.0,0.08121782536369944,0.22209439608722306,0.3033122214509225,0.011653376401126299,0.9187821746363005,0.22209439608722306,0.6424480071087666,0.0,0.0,5.566704380095801e-06,5.566704380095801e-06,0.005644502052930779,0.011653376401126299,0.08854662149816629,0.08290211944523553,0.0369418929862538,0.0,0.5964822139454048,0.559540320959151,0.0,0.0,0.0,0.0,0.04258639503918458,0.011653376401126299,0.01729787845405708,0.6850344021479512,0.10020556460367269,not_applicable_to_updated_policy,527,333,61343,185495,80734,81337,34950,0.43848621256637643,0.43290311392969505,339906,143289,356303151104,150241818624,1.8324267500471711
toolagent_trace,0.0025,1.0,"l1=0.0025,l2x1",binary,0,0,pi0,lru,446163482,learned,446163482,tree,union,9997,83026370,167732,30515623,29393272,1122351,57414,2193,1238,633856,271080,71080,200000,63438,0,629797335525.3759,0,prefix_first,sampled,16,0,onpolicy,263438,176163913.72800002,34304,28311552,91511992592.38396,252416,2846920704,110195140984.83202,325120,4409591808,131198199926.78403,372140,6078617600,156123141910.52786,114307,5656719360,101319466582.01602,24064,3801008128,39273229615.10401,0,2353698816,5712,47202963,95362,16705860,756736,17462596,1478,364544,712,51.02749752998352,9997,9,53633098,110318,1122351,2193,47521959,96899,0,0,744041,1473,196608,384,12799275,25042,12055234,23569,353071,701,437248,854,5205432,10199,4852361,9498,3257820,7814,0,0,33872184,71646,30614364,63832,0,0,0,0,0,0,0,0,4354932,633856,1730968,51876891,18638563,True,1.0,0.3540233301781109,0.013518006387609142,0.36754133656572,0.007634393747432292,0.6459766698218892,0.013518006387609142,0.5723718741407098,0.008961502231158606,0.0023680187391066235,0.1541591544951321,0.1451976522639735,0.004252516399307835,0.0052663750083256685,0.06269612895276525,0.05844361255345741,0.03923837691567149,0.0,0.40796898623895034,0.36873060932327884,0.0,0.0,0.0,0.0,0.05245239554613793,0.007634393747432292,0.020848412377898733,0.6248242696868477,0.22448967719532964,matched,200000,83305,7217,63438,23567,15998,5329,0.25218323402377124,0.22612127126914755,46929,15692,49002653696,16367054848,0.739761657050979
toolagent_trace,0.0025,1.0,"l1=0.0025,l2x1",binary,0,1,pi1,lru,446163482,learned,446163482,tree,union,9997,83026370,167732,30195593,29393272,802321,57414,1572,650,332419,271080,51916,219164,45190,0,629912240885.7601,0,prefix_first,sampled,16,0,onpolicy,264354,191893602.304,33792,31457280,31117651259.391994,139776,1119920128,54114252625.920006,234496,1889286144,83989898975.23198,324232,3303616512,131612597311.48805,47497,3569270784,172331494805.504,22528,2849531904,156554452305.92007,0,2070994944,5712,47202963,95362,16705860,487532,17193392,953,152576,298,48.97500824928284,9997,14,53633098,110318,802321,1572,48141900,98113,0,0,938052,1844,97923,192,15077588,29484,14139536,27640,173781,355,234496,458,3548586,6966,3374805,6611,3244625,7784,0,0,33872184,71646,30627559,63862,0,0,0,0,0,0,0,0,4356458,332419,1444252,52498358,18958593,True,1.0,0.3540233301781109,0.009663447890110094,0.363686778068221,0.004003776149673893,0.6459766698218892,0.009663447890110094,0.5798386705332294,0.011298241751385734,0.0011794204660519302,0.181599990460862,0.17030174870947629,0.0020930819931065277,0.0028243556836219626,0.04274046908229277,0.04064738708918624,0.03907945150438349,0.0,0.40796898623895034,0.36888953473456687,0.0,0.0,0.0,0.0,0.05247077524887575,0.004003776149673893,0.017395099894166155,0.6323094457821051,0.2283442356928287,not_applicable_to_updated_policy,219164,93320,6299,45190,14758,12832,3334,0.2839566275724718,0.2259113701043502,76320,15780,79606003712,16476803072,1.6888692188537286
toolagent_trace,0.0025,1.0,"l1=0.0025,l2x1",binary,0,2,pi2,lru,446163482,learned,446163482,tree,union,9997,83026370,167732,29980644,29393272,587372,57414,1148,1852,946677,271080,52351,218729,45074,0,629832106373.12,0,prefix_first,sampled,16,0,onpolicy,263803,88085626.88,33792,27262976,3835180052.479999,103936,909627392,13683445233.663996,182784,1741355008,48958993121.28001,258156,3378292736,140486626848.76797,8704,4353155072,176151560755.19998,0,3698003968,246628214734.84802,0,2880614400,5712,47202963,95362,16705860,390144,17096004,762,622188,1216,48.6292188167572,9997,8,53633098,110318,587372,1148,47739302,97329,0,0,976604,1922,800626,1566,14490260,28336,13513656,26414,139946,286,146051,286,3736605,7336,3596659,7050,3243197,7781,0,0,33872184,71646,30628987,63865,0,0,0,0,0,0,0,0,4359747,946677,2063227,52099049,19173542,True,1.0,0.3540233301781109,0.007074523431531452,0.36109785360964236,0.01140212440938945,0.6459766698218892,0.007074523431531452,0.5749896328118403,0.011762576155021591,0.009643032689493711,0.17452599698144095,0.16276342082641937,0.001685560864578326,0.0017590917198957391,0.04500503876057691,0.04331947789599858,0.039062252149527917,0.0,0.40796898623895034,0.36890673408942243,0.0,0.0,0.0,0.0,0.052510389169127834,0.01140212440938945,0.024850261428989367,0.6275000219809682,0.23093316015140733,not_applicable_to_updated_policy,218729,90901,6852,45074,16403,12888,3998,0.28592980432178194,0.24373590196915199,111209,29446,115764322304,30724108288,2.4672538492257177
toolagent_trace,0.0025,1.0,"l1=0.0025,l2x1",binary,0,3,pi3,lru,446163482,learned,446163482,tree,union,9997,83026370,167732,30010411,29393272,617139,57414,1209,624,318282,271080,46770,224310,40664,0,629879169548.2881,0,prefix_first,sampled,16,0,onpolicy,264974,75501666.304,30720,23068672,26826835576.832,114688,873418752,53399735148.543976,189440,1430441984,92245449299.96803,267312,2479968256,141023053416.44797,14979,2857062400,183661275676.67203,0,2227845120,132647318763.52007,0,1609465856,5712,47202963,95362,16705860,380436,17086296,744,200192,391,48.389607667922974,9997,12,53633098,110318,617139,1209,48339461,98500,0,0,983260,1934,102214,201,16124808,31535,15141548,29601,134378,275,216068,423,2700685,5304,2566307,5029,3240578,7776,0,0,33872184,71646,30631606,63870,0,0,0,0,0,0,0,0,4358216,318282,1435920,52697677,19143775,True,1.0,0.3540233301781109,0.007433048078580335,0.3614563782566912,0.003833504945476961,0.6459766698218892,0.007433048078580335,0.5822181675532725,0.011842743456085096,0.0012311028411816631,0.19421309157560424,0.18237034811951913,0.0016184978338809706,0.002602402104295298,0.03252803898327724,0.030909541149396272,0.03903070795459322,0.0,0.40796898623895034,0.3689382782843571,0.0,0.0,0.0,0.0,0.052491949244559286,0.003833504945476961,0.01729474623544303,0.6347101167978318,0.23057463550435844,not_applicable_to_updated_policy,224310,96445,5679,40664,12018,11092,2106,0.2727719850481999,0.17523714428357465,70838,9113,73742770176,9484572672,1.742032264410781
toolagent_trace,0.0025,1.0,"l1=0.0025,l2x1",binary,1,0,pi0,lru,446163482,learned,446163482,tree,union,9997,83026370,167732,30566526,29393272,1173254,57414,2293,1155,591360,271080,70619,200461,63003,0,629801663256.5759,0,prefix_first,sampled,16,1,onpolicy,263464,160436322.304,33792,28311552,93144480753.66399,256000,2752100352,110661871431.68,336896,4472406016,131559356655.61604,385536,6042910720,157141135306.75192,125190,5571727360,98367985244.16003,34816,3730403328,38766397542.39998,1024,2320777216,5712,47202963,95362,16705860,799744,17505604,1562,326656,638,50.135188817977905,9997,9,53633098,110318,1173254,2293,47513255,96882,0,0,765894,1514,191488,374,12846858,25132,12080964,23618,332027,661,399872,781,5149442,10092,4817415,9431,3257308,7813,0,0,33872184,71646,30614876,63833,0,0,0,0,0,0,0,0,4355229,591360,1689281,51868484,18587660,True,1.0,0.3540233301781109,0.01413110075750632,0.3681544309356172,0.007122556363719141,0.6459766698218892,0.01413110075750632,0.5722670399777805,0.009224707764533123,0.0023063515844423885,0.15473226156942668,0.14550755380489355,0.0039990547581449125,0.004816204779276753,0.062021764892286634,0.05802271013414172,0.039232210200205064,0.0,0.40796898623895034,0.3687367760387453,0.0,0.0,0.0,0.0,0.052455972722883104,0.007122556363719141,0.020346318886397177,0.6247230127006637,0.22387658282543246,matched,200461,83567,7191,63003,23288,15857,5279,0.2516864276304303,0.2266832703538303,46203,14995,48255891456,15654922240,0.7333460311413742
toolagent_trace,0.0025,1.0,"l1=0.0025,l2x1",binary,1,1,pi1,lru,446163482,learned,446163482,tree,union,9997,83026370,167732,30206321,29393272,813049,57414,1592,671,342790,271080,51394,219686,44704,0,629902034116.6079,0,prefix_first,sampled,16,1,onpolicy,264390,220210397.18400002,34304,29360128,30885034924.031994,145408,1137743872,53205090912.25597,231936,1859514368,86192598495.23201,325744,3160197120,132325739814.91199,52105,3626950656,167330260629.50403,23552,2902437888,159743098943.48798,0,2152390656,5712,47202963,95362,16705860,496128,17201988,969,164864,322,48.445372104644775,9997,12,53633098,110318,813049,1592,48119953,98070,0,0,931967,1833,91398,180,14977742,29287,14045775,27454,179782,366,251392,491,3627333,7122,3447551,6756,3245557,7786,0,0,33872184,71646,30626627,63860,0,0,0,0,0,0,0,0,4357306,342790,1454539,52477259,18947865,True,1.0,0.3540233301781109,0.0097926598501175,0.3638159900282284,0.004128688270967405,0.6459766698218892,0.0097926598501175,0.5795743328294372,0.011224951783391229,0.0011008309769534668,0.18039740867871257,0.16917245689532134,0.0021653602343448233,0.003027857294013938,0.043688926783141305,0.041523566548796485,0.03909067685363096,0.0,0.40796898623895034,0.3688783093853194,0.0,0.0,0.0,0.0,0.05248098887136701,0.004128688270967405,0.017519000288703457,0.6320553217008043,0.22821502373282126,not_applicable_to_updated_policy,219686,93266,6263,44704,14774,13101,3491,0.2930610236220472,0.2362934885609855,79369,16676,82748387328,17405065216,1.7754339656406586
toolagent_trace,0.0025,1.0,"l1=0.0025,l2x1",binary,1,2,pi2,lru,446163482,learned,446163482,tree,union,9997,83026370,167732,29971940,29393272,578668,57414,1131,1708,874115,271080,53522,217558,46391,0,629832962560.0002,0,prefix_first,sampled,16,1,onpolicy,263949,88086675.456,33792,28311552,5289281079.296,102912,905787392,17406188419.072006,180736,1810733056,52756443637.760025,254060,3650220032,137578915121.152,7168,4366127104,170238152919.04016,0,3692738560,246475894708.22406,0,2815436800,5712,47202963,95362,16705860,381952,17087812,746,585728,1144,48.9210045337677,9997,8,53633098,110318,578668,1131,47820476,97490,0,0,977029,1921,794755,1553,14517949,28392,13540920,26471,140033,288,79360,155,3790182,7441,3650149,7153,3242777,7780,0,0,33872184,71646,30629407,63866,0,0,0,0,0,0,0,0,4359839,874115,1991177,52180315,19182246,True,1.0,0.3540233301781109,0.006969689268602253,0.36099301944671314,0.010528161113149954,0.6459766698218892,0.006969689268602253,0.5759673221893237,0.011767695010633369,0.009572320215854312,0.17485949343563978,0.16309179842500643,0.0016866087244329724,0.0009558408972956423,0.04565033976554678,0.043963731041113806,0.039057193515746866,0.0,0.40796898623895034,0.36891179272320346,0.0,0.0,0.0,0.0,0.05251149725081321,0.010528161113149954,0.023982464848216294,0.628478819440137,0.23103799431433653,not_applicable_to_updated_policy,217558,90611,6705,46391,16855,13080,4001,0.28195124054234655,0.23737763274992585,115520,29681,120476004352,31006173184,2.49013817335259
toolagent_trace,0.0025,1.0,"l1=0.0025,l2x1",binary,1,3,pi3,lru,446163482,learned,446163482,tree,union,9997,83026370,167732,30002219,29393272,608947,57414,1193,622,317171,271080,43759,227321,37612,0,629924007415.8081,0,prefix_first,sampled,16,1,onpolicy,264933,88085626.88,33792,26214400,22375086348.28799,118272,810561536,50200396840.95999,179712,1393631232,89506906638.33601,263728,2225068032,148142721865.72797,13443,2393702400,182400530282.49606,0,2046676992,137210279813.12006,0,1622155264,5712,47202963,95362,16705860,377876,17083736,739,176236,345,48.116283893585205,9997,12,53633098,110318,608947,1193,48348764,98518,0,0,999600,1964,85747,170,16273783,31822,15274183,29858,125718,260,231424,452,2561013,5035,2435295,4775,3232898,7761,0,0,33872184,71646,30639286,63885,0,0,0,0,0,0,0,0,4358216,317171,1442489,52706980,19151967,True,1.0,0.3540233301781109,0.007334380631117559,0.36135771080922846,0.003820123654689468,0.6459766698218892,0.007334380631117559,0.5823302162915228,0.012039548398900254,0.0010327682638660465,0.196007401022109,0.18396785262320875,0.0015141936230621668,0.0027873553908234214,0.03084577827502274,0.029331584651960577,0.03893820722259687,0.0,0.40796898623895034,0.3690307790163535,0.0,0.0,0.0,0.0,0.052491949244559286,0.003820123654689468,0.01737386567665189,0.6348221655360821,0.2306733029518212,not_applicable_to_updated_policy,227321,97367,5720,37612,11109,10021,1890,0.266430926300117,0.17013232514177692,60884,6409,63315945472,6670272512,1.6187387004147613
toolagent_trace,0.0025,1.0,"l1=0.0025,l2x1",binary,2,0,pi0,lru,446163482,learned,446163482,tree,union,9997,83026370,167732,30512123,29393272,1118851,57414,2186,1261,645632,271080,70095,200985,62480,0,629799194865.6638,0,prefix_first,sampled,16,2,onpolicy,263465,210769018.88,33792,28311552,92157604085.75995,259072,2753302528,110924751304.70406,331776,4479154176,132349319907.32793,372224,6092535808,155481992484.86398,90755,5624567808,99155525648.38394,31232,3640139776,39519232415.743996,0,2270883840,5712,47202963,95362,16705860,750080,17455940,1465,378880,740,49.92915916442871,9997,8,53633098,110318,1118851,2186,47513325,96882,0,0,748771,1480,177664,347,12853415,25145,12104644,23665,348769,695,467968,914,5143016,10080,4794247,9385,3257750,7814,0,0,33872184,71646,30614434,63832,0,0,0,0,0,0,0,0,4355290,645632,1743172,51868615,18642063,True,1.0,0.3540233301781109,0.013475851106100388,0.3674991812842113,0.007776228203160032,0.6459766698218892,0.013475851106100388,0.5722678830834107,0.009018472083026152,0.002139850266848954,0.1548112364782418,0.14579276439521563,0.004200701536150503,0.005636377936311078,0.06194436779543656,0.05774366625928606,0.03923753381004132,0.0,0.40796898623895034,0.36873145242890903,0.0,0.0,0.0,0.0,0.05245670742921797,0.007776228203160032,0.020995401822336685,0.6247245905126287,0.2245318324768384,matched,200985,83576,7190,62480,23280,15911,5309,0.25465749039692703,0.22804982817869415,46146,15175,48214939648,15839092736,0.7385723431498079
toolagent_trace,0.0025,1.0,"l1=0.0025,l2x1",binary,2,1,pi1,lru,446163482,learned,446163482,tree,union,9997,83026370,167732,30218414,29393272,825142,57414,1616,659,336646,271080,53318,217762,46553,0,629921787852.8,0,prefix_first,sampled,16,2,onpolicy,264315,235933794.304,33792,29360128,31908469166.079994,141312,1206067200,54123032541.18406,236544,1962788864,86755664760.83203,334384,3502944256,132225735364.608,55558,3764582400,164955819190.27197,23552,2913480704,159717133035.52005,0,2163380224,5712,47202963,95362,16705860,513556,17219416,1004,148992,291,47.7901508808136,9997,13,53633098,110318,825142,1616,48114252,98059,0,0,921773,1815,104710,206,14820779,28986,13899006,27171,189636,383,231936,453,3778347,7411,3588711,7028,3245649,7786,0,0,33872184,71646,30626535,63860,0,0,0,0,0,0,0,0,4357058,336646,1448055,52471310,18935772,True,1.0,0.3540233301781109,0.009938312369913318,0.3639616425480242,0.0040546876853703225,0.6459766698218892,0.009938312369913318,0.5795056678980425,0.011102171514905446,0.0012611655790804777,0.17850688883543867,0.16740471732053322,0.0022840454183411848,0.002793522106289845,0.04550779469221646,0.043223749273875275,0.039091784935316336,0.0,0.40796898623895034,0.368877201303634,0.0,0.0,0.0,0.0,0.05247800186856296,0.0040546876853703225,0.017440904618616953,0.6319836697666055,0.22806937121302545,not_applicable_to_updated_policy,217762,92670,6338,46553,15357,13737,3785,0.2950830236504629,0.24646740899915348,82516,18216,86080212992,19008579584,1.7725173458208923
toolagent_trace,0.0025,1.0,"l1=0.0025,l2x1",binary,2,2,pi2,lru,446163482,learned,446163482,tree,union,9997,83026370,167732,29972880,29393272,579608,57414,1133,1724,881141,271080,51447,219633,44249,0,629860625569.7921,0,prefix_first,sampled,16,2,onpolicy,263882,100666441.72800002,33792,28311552,5668019599.359998,102400,883175424,19176895111.168,180736,1754509312,58257635690.496025,255000,3322345472,141066065651.712,7680,4099178496,164835416711.168,0,3484475392,240755926364.16003,0,2716241920,5712,47202963,95362,16705860,381952,17087812,746,585324,1144,48.477564096450806,9997,9,53633098,110318,579608,1133,47812938,97473,0,0,984697,1936,720265,1409,14658172,28663,13673475,26727,131937,272,160876,315,3641993,7152,3510056,6880,3242777,7780,0,0,33872184,71646,30629407,63866,0,0,0,0,0,0,0,0,4359411,881141,1997775,52172349,19181306,True,1.0,0.3540233301781109,0.00698101097277889,0.36100434115088975,0.010612784829687243,0.6459766698218892,0.00698101097277889,0.57587653175732,0.011860051210235976,0.008675135381686565,0.17654839058964036,0.16468833937940439,0.0015890975361201507,0.0019376494480006774,0.04386549719083226,0.04227639965471211,0.039057193515746866,0.0,0.40796898623895034,0.36891179272320346,0.0,0.0,0.0,0.0,0.05250634226210299,0.010612784829687243,0.02406193357604337,0.6283828740194229,0.23102667261015988,not_applicable_to_updated_policy,219633,91636,6773,44249,15810,12487,3778,0.2821984677619833,0.2389626818469323,102928,27213,107165839360,28400834560,2.3261090646116296
toolagent_trace,0.0025,1.0,"l1=0.0025,l2x1",binary,2,3,pi3,lru,446163482,learned,446163482,tree,union,9997,83026370,167732,30018175,29393272,624903,57414,1224,654,334086,271080,46848,224232,40708,0,629903827666.944,0,prefix_first,sampled,16,2,onpolicy,264940,91230306.30399999,33792,28311552,19512366440.447994,113664,822130688,45818391205.88801,193536,1428627456,85974568460.28792,268420,2453129216,144371029508.096,15491,2939807744,188983117420.544,0,2350462976,145153124325.37598,0,1767790592,5712,47202963,95362,16705860,379412,17085272,742,209920,410,47.50303888320923,9997,11,53633098,110318,624903,1224,48315465,98454,0,0,985368,1939,116355,228,16019598,31326,15034230,29387,129114,264,217731,426,2782327,5468,2653213,5204,3244162,7783,0,0,33872184,71646,30628022,63863,0,0,0,0,0,0,0,0,4358644,334086,1448568,52674109,19136011,True,1.0,0.3540233301781109,0.007526560537332898,0.3615498907154438,0.0040238541080382054,0.6459766698218892,0.007526560537332898,0.5819291509432485,0.011868132979919512,0.0014014222228431762,0.1929459038134511,0.18107777083353158,0.001555096290491804,0.002622431885195029,0.03351136512411659,0.03195626883362479,0.039073874962858184,0.0,0.40796898623895034,0.36889511127609215,0.0,0.0,0.0,0.0,0.052497104233269504,0.0040238541080382054,0.01744708337844952,0.634426255176518,0.23048112304560586,not_applicable_to_updated_policy,224232,96156,5713,40708,12267,11090,2185,0.2724280239756313,0.1781201597782669,77346,10305,80563664896,10740090880,1.9000196521568242
toolagent_trace,0.0025,1.0,"l1=0.0025,l2x1",binary,3,0,pi0,lru,446163482,learned,446163482,tree,union,9997,83026370,167732,30527102,29393272,1133830,57414,2216,1229,629248,271080,70839,200241,63189,0,629795638085.632,0,prefix_first,sampled,16,3,onpolicy,263430,179310690.304,33792,30408704,93289523492.86394,252928,2797172736,109345150849.02406,334848,4422428672,131481478871.03998,380416,6117347328,156304216725.504,109318,5602744320,100121841418.23994,22528,3703369728,39074116038.65599,0,2284603392,5712,47202963,95362,16705860,770048,17475908,1504,357888,699,50.45727038383484,9997,9,53633098,110318,1133830,2216,47514791,96885,0,0,729225,1438,146432,286,12812410,25059,12083185,23621,368696,737,482816,943,5185426,10168,4816730,9431,3257308,7813,0,0,33872184,71646,30614876,63833,0,0,0,0,0,0,0,0,4355229,629248,1727169,51870020,18627084,True,1.0,0.3540233301781109,0.01365626366659171,0.3676795938447026,0.00757889330823448,0.6459766698218892,0.01365626366659171,0.5722855401241799,0.008783052902348976,0.0017636806233971207,0.15431735724445136,0.1455343043421024,0.004440709620329059,0.00581521268483736,0.06245516936366121,0.05801445974333215,0.039232210200205064,0.0,0.40796898623895034,0.3687367760387453,0.0,0.0,0.0,0.0,0.052455972722883104,0.00757889330823448,0.020802655830912516,0.6247415128470629,0.22435141991634705,matched,200241,83499,7225,63189,23359,16064,5368,0.254221462596338,0.22980435806327326,47514,15989,49597667328,16675010560,0.7519346721739544
toolagent_trace,0.0025,1.0,"l1=0.0025,l2x1",binary,3,1,pi1,lru,446163482,learned,446163482,tree,union,9997,83026370,167732,30214914,29393272,821642,57414,1609,646,329586,271080,53700,217380,46955,0,629914952183.808,0,prefix_first,sampled,16,3,onpolicy,264335,273681481.7279999,33792,30408704,33926132203.520004,145408,1259685888,56255146782.72002,240640,2030802944,88435962804.22398,326276,3563913216,134066161256.44801,51974,3731537920,162152221597.69595,23552,2985871360,154805646057.47195,0,2162139136,5712,47202963,95362,16705860,504852,17210712,987,146028,286,47.982255935668945,9997,12,53633098,110318,821642,1609,48124072,98078,0,0,921373,1812,69632,136,14779904,28905,13858531,27093,190356,386,259954,510,3829782,7512,3639426,7126,3246069,7787,0,0,33872184,71646,30626115,63859,0,0,0,0,0,0,0,0,4357798,329586,1441315,52481870,18939272,True,1.0,0.3540233301781109,0.009896157088404564,0.36391948726651546,0.003969654460384092,0.6459766698218892,0.009896157088404564,0.5796239435735899,0.011097353768447301,0.0008386733034335958,0.17801457536924714,0.16691722160079983,0.002292717361965843,0.0031309811569504966,0.04612729666490297,0.043834579302937125,0.039096843569097386,0.0,0.40796898623895034,0.36887214266985296,0.0,0.0,0.0,0.0,0.05248691469951053,0.003969654460384092,0.017359725590797237,0.6321108582731004,0.2281115264945342,not_applicable_to_updated_policy,217380,92402,6318,46955,15643,13627,3732,0.29021403471408797,0.23857316371539986,77727,17364,81107881984,18121390080,1.6553508678521989
toolagent_trace,0.0025,1.0,"l1=0.0025,l2x1",binary,3,2,pi2,lru,446163482,learned,446163482,tree,union,9997,83026370,167732,29980263,29393272,586991,57414,1148,1766,903788,271080,52549,218531,45330,0,629839569111.0399,0,prefix_first,sampled,16,3,onpolicy,263861,88085626.88,33792,28311552,5737934708.736005,103424,935524352,18800346978.304,182784,1845213184,58194002966.528,257644,3554019328,143317386801.152,9347,4343883776,168586114500.60794,0,3568320512,235115697528.83197,0,2747992064,5712,47202963,95362,16705860,390144,17096004,762,589420,1152,48.5719313621521,9997,9,53633098,110318,586991,1148,47783084,97416,0,0,976895,1923,765036,1495,14478189,28315,13501294,26392,139143,284,138752,271,3791946,7443,3652803,7159,3243197,7781,0,0,33872184,71646,30628987,63865,0,0,0,0,0,0,0,0,4359235,903788,2019826,52142319,19173923,True,1.0,0.3540233301781109,0.00706993452803007,0.36109326470614095,0.010885553589781174,0.6459766698218892,0.00706993452803007,0.5755169592504165,0.011766081065569891,0.009214373698380407,0.17438060943770034,0.16261452837213045,0.0016758892385636034,0.0016711798914007682,0.04567158602742719,0.043995696788863586,0.039062252149527917,0.0,0.40796898623895034,0.36890673408942243,0.0,0.0,0.0,0.0,0.05250422245366141,0.010885553589781174,0.024327523893914668,0.6280211817040778,0.2309377490549087,not_applicable_to_updated_policy,218531,90871,6794,45330,16517,13029,4065,0.2874255459960291,0.24611006841436095,111118,29801,115787155456,31124905984,2.4513125965144495
toolagent_trace,0.0025,1.0,"l1=0.0025,l2x1",binary,3,3,pi3,lru,446163482,learned,446163482,tree,union,9997,83026370,167732,30022652,29393272,629380,57414,1232,613,312713,271080,46221,224859,40063,0,629901788723.2002,0,prefix_first,sampled,16,3,onpolicy,264922,106961043.456,33792,30408704,23357544382.464012,118272,854235136,50376068034.560005,195584,1410455552,88150350419.96805,267908,2380732416,141870315458.56006,13824,2900561920,187163473055.7441,0,2276239360,138877076328.448,0,1717876736,5712,47202963,95362,16705860,386580,17092440,756,192512,376,47.665199279785156,9997,10,53633098,110318,629380,1232,48331849,98486,0,0,997577,1963,94089,186,16150833,31586,15153256,29623,117417,241,218624,427,2667988,5241,2550571,5000,3244162,7783,0,0,33872184,71646,30628022,63863,0,0,0,0,0,0,0,0,4359156,312713,1427707,52691005,19131534,True,1.0,0.3540233301781109,0.007580483164565667,0.36160381334267655,0.00376642987041346,0.6459766698218892,0.007580483164565667,0.5821264858381741,0.012015182646188192,0.0011332423662506262,0.1945265462045372,0.182511363558349,0.0014142133396895468,0.0026331875041628343,0.03213422434342246,0.030720011003732912,0.039073874962858184,0.0,0.40796898623895034,0.36889511127609215,0.0,0.0,0.0,0.0,0.05250327094873593,0.00376642987041346,0.0171958258562912,0.63462975678691,0.2304272004183731,not_applicable_to_updated_policy,224859,96380,5731,40063,12079,10767,2083,0.26875171604722564,0.17244805033529265,73018,8902,76056322048,9269413888,1.8225794373861168
toolagent_trace,0.0025,1.0,"l1=0.0025,l2x1",binary,4,0,pi0,lru,446163482,learned,446163482,tree,union,9997,83026370,167732,30517624,29393272,1124352,57414,2196,1239,634368,271080,71032,200048,63409,0,629785840619.5201,0,prefix_first,sampled,16,4,onpolicy,263457,185602146.30400002,34304,29360128,92253180041.21603,257024,2760931328,110479791519.74405,336384,4411787264,132192604526.59196,378368,6105321472,156579344961.53604,95232,5709297664,98719606239.23203,23040,3770212352,39375711184.89602,0,2286655488,5712,47202963,95362,16705860,754688,17460548,1474,373760,730,50.23724603652954,9997,7,53633098,110318,1124352,2196,47519004,96893,0,0,738080,1459,147456,288,12774167,24991,12036087,23532,359583,717,486912,951,5228027,10246,4868444,9529,3257711,7814,0,0,33872184,71646,30614473,63832,0,0,0,0,0,0,0,0,4355374,634368,1732031,51874378,18636562,True,1.0,0.3540233301781109,0.013542107164266003,0.3675654373423769,0.007640560462898715,0.6459766698218892,0.013542107164266003,0.5723362830387502,0.008889705764566125,0.0017760140543299676,0.15385674454995443,0.1449670387853883,0.004330949311646408,0.005864546408568747,0.06296827140581962,0.05863732209417321,0.039237064079761644,0.0,0.40796898623895034,0.3687319221591887,0.0,0.0,0.0,0.0,0.05245771915597418,0.007640560462898715,0.020861215539111248,0.6247940021947244,0.22446557641867276,matched,200048,83277,7198,63409,23590,15957,5210,0.2516519736945859,0.2208562950402713,46915,15372,48981442560,16040923136,0.7398791969594222
toolagent_trace,0.0025,1.0,"l1=0.0025,l2x1",binary,4,1,pi1,lru,446163482,learned,446163482,tree,union,9997,83026370,167732,30240137,29393272,846865,57414,1660,632,322799,271080,52057,219023,45272,0,629926613348.3522,0,prefix_first,sampled,16,4,onpolicy,264295,242230493.184,34304,31457280,31112963776.511993,146432,1231140864,52240197703.68,243712,2008383488,86938188460.03203,337544,3229784064,131257158678.52802,59785,3742922752,166899539947.52005,25088,2953558016,161236334288.89612,0,2202935296,5712,47202963,95362,16705860,523796,17229656,1024,142444,279,48.36202907562256,9997,14,53633098,110318,846865,1660,48106660,98043,0,0,921333,1812,107139,210,14789733,28926,13868400,27114,188860,383,215660,422,3801517,7454,3612657,7071,3246581,7788,0,0,33872184,71646,30625603,63858,0,0,0,0,0,0,0,0,4356774,322799,1432992,52463434,18914049,True,1.0,0.3540233301781109,0.010199952135688937,0.3642232823137998,0.003887909347355545,0.6459766698218892,0.010199952135688937,0.5794142270702669,0.011096871993801487,0.0012904213444475533,0.17813295944408988,0.1670360874502884,0.002274698990212387,0.0025974880029079918,0.045786862655804415,0.043512163665592025,0.03910301028456381,0.0,0.40796898623895034,0.3688659759543865,0.0,0.0,0.0,0.0,0.05247458126857768,0.003887909347355545,0.01725948033136942,0.6318888083388446,0.22780773144724983,not_applicable_to_updated_policy,219023,92807,6358,45272,15201,13545,3835,0.2991915532779643,0.2522860338135649,81369,19001,84836253696,19835842560,1.7973361017847675
toolagent_trace,0.0025,1.0,"l1=0.0025,l2x1",binary,4,2,pi2,lru,446163482,learned,446163482,tree,union,9997,83026370,167732,29979536,29393272,586264,57414,1146,1746,892405,271080,53104,217976,45905,0,629835696594.9437,0,prefix_first,sampled,16,4,onpolicy,263881,88085626.88,33792,27262976,7071422619.647998,102400,915003392,18966541885.440018,182784,1841127424,54781226319.872,259608,3686877184,138541663356.9279,7680,4217188352,166468676120.576,0,3591088128,243918080665.59988,0,2755508224,5712,47202963,95362,16705860,389120,17094980,760,580716,1135,48.43320322036743,9997,9,53633098,110318,586264,1146,47795018,97438,0,0,971327,1910,741365,1451,14545122,28440,13573795,26530,145819,299,151040,295,3737123,7340,3591304,7041,3242265,7779,0,0,33872184,71646,30629919,63867,0,0,0,0,0,0,0,0,4359411,892405,2009551,52154429,19174650,True,1.0,0.3540233301781109,0.0070611782738423945,0.3610845084519533,0.01074845256994856,0.6459766698218892,0.0070611782738423945,0.5756606967159952,0.011699018034872536,0.008929271507353627,0.1751867749969076,0.16348775696203507,0.001756297426950016,0.0018191810625949323,0.04501127774224021,0.04325498031529019,0.03905102680028044,0.0,0.40796898623895034,0.3689179594386699,0.0,0.0,0.0,0.0,0.05250634226210299,0.01074845256994856,0.02420376803177111,0.6281670389780981,0.23094650530909638,not_applicable_to_updated_policy,217976,90814,6774,45905,16598,12765,3993,0.2780742838470755,0.24057115315098204,103552,28020,107836850176,29238300672,2.255789129724431
toolagent_trace,0.0025,1.0,"l1=0.0025,l2x1",binary,4,3,pi3,lru,446163482,learned,446163482,tree,union,9997,83026370,167732,29984744,29393272,591472,57414,1157,641,327407,271080,45747,225333,39600,0,629903646937.088,0,prefix_first,sampled,16,4,onpolicy,264933,88085626.88,33792,27262976,18064012161.024002,109568,784648192,47390738792.447975,186880,1341771776,85268555948.03206,255600,2402318336,145594802069.5041,5632,2744168448,192162297917.43988,0,2342582272,141335154421.76004,0,1762322432,5712,47202963,95362,16705860,377856,17083716,738,184940,362,48.260302782058716,9997,9,53633098,110318,591472,1157,48355043,98532,0,0,1001061,1967,118511,233,16131150,31548,15130089,29581,113953,238,208896,408,2710885,5326,2596932,5088,3244162,7783,0,0,33872184,71646,30628022,63863,0,0,0,0,0,0,0,0,4359176,327407,1442421,52714219,19169442,True,1.0,0.3540233301781109,0.007123905332727422,0.3611472355108383,0.0039434097865533565,0.6459766698218892,0.007123905332727422,0.5824058428665495,0.012057145217838622,0.0014273898762525688,0.1942894769456981,0.18223233172785946,0.0013724916553620253,0.0025160199103007874,0.0326508915179599,0.031278399862597873,0.039073874962858184,0.0,0.40796898623895034,0.36889511127609215,0.0,0.0,0.0,0.0,0.052503511836058836,0.0039434097865533565,0.017373046659754005,0.6349093547026083,0.23088377825021134,not_applicable_to_updated_policy,225333,96448,5720,39600,12057,10545,2115,0.2662878787878788,0.17541677034088082,71144,9680,74024513536,10061488128,1.7965656565656565
toolagent_trace,0.0025,1.0,"l1=0.0025,l2x1",next_use,0,0,pi0,lru,446163482,learned,446163482,tree,union,9997,83026370,167732,30816240,29393272,1422968,57414,2783,733,375296,271080,68216,202864,59830,0,629891650887.6798,0,prefix_first,sampled,16,0,onpolicy,262694,487594131.45600003,35840,31457280,69050525124.608,245760,2452596736,97371410036.73602,352256,4037820416,134353513158.65593,470636,5575989248,155804198883.3279,196108,5218766848,121063088760.83197,113152,3537537024,51761320792.06401,9216,2423029760,5712,47202963,95362,16705860,940544,17646404,1837,180736,353,52.515106439590454,9997,12,53633098,110318,1422968,2783,47478705,96817,0,0,777205,1532,54784,107,13105784,25635,12328579,24103,325436,650,320512,626,4856866,9521,4531430,8871,3253488,7803,0,0,33872184,71646,30618696,63843,0,0,0,0,0,0,0,0,4356129,375296,1477937,51834834,18337946,True,1.0,0.3540233301781109,0.017138747605128346,0.37116207778323923,0.004520202436888425,0.6459766698218892,0.017138747605128346,0.5718509071274585,0.009360941590003273,0.0006598385549073144,0.15785086111797975,0.14848991952797647,0.003919670340880855,0.0038603638819811104,0.05849787242294225,0.0545782020820614,0.0391862007215298,0.0,0.40796898623895034,0.36878278551742055,0.0,0.0,0.0,0.0,0.05246681265241392,0.004520202436888425,0.017800814367772554,0.6243177197798724,0.22086893597781043,matched,202864,85256,7960,59830,21532,14816,4852,0.2476349657362527,0.22533903028051272,42018,13776,43832932352,14363541504,0.7022898211599532
toolagent_trace,0.0025,1.0,"l1=0.0025,l2x1",next_use,0,1,pi1,lru,446163482,learned,446163482,tree,union,9997,83026370,167732,30555114,29393272,1161842,57414,2281,720,367735,271080,49536,221544,41769,0,629837060257.792,0,prefix_first,sampled,16,0,onpolicy,263313,267388977.15199998,33792,28311552,61519898546.17597,207226,1595478016,89009311873.02394,302275,2499405824,127611585757.18402,417702,3909926912,161239081056.25592,158863,4116082688,113530402473.9841,41984,2926125056,76659391574.01602,0,2056101888,5712,47202963,95362,16705860,733855,17439715,1436,212349,415,51.45981526374817,9997,25,53633098,110318,1161842,2281,47751730,97345,0,0,879857,1732,143491,281,14496357,28346,13616500,26614,219062,438,224244,439,3734980,7325,3515918,6887,3252872,7802,0,0,33872184,71646,30619312,63844,0,0,0,0,0,0,0,0,4351791,367735,1466654,52103521,18599072,True,1.0,0.3540233301781109,0.01399365045105549,0.3680169806291664,0.00442913498446337,0.6459766698218892,0.01399365045105549,0.5751393201942949,0.010597319863556602,0.0017282581425636216,0.17459943148182921,0.1640021116182726,0.002638462936534501,0.0027008768418997483,0.0449854666655907,0.042347003729056205,0.03917878139198426,0.0,0.40796898623895034,0.36879020484696606,0.0,0.0,0.0,0.0,0.05241456419207536,0.00442913498446337,0.017664917784554472,0.6275538843863703,0.22401403313188328,not_applicable_to_updated_policy,221544,90999,7338,41769,16297,12627,4511,0.3023055375996552,0.2767994109345278,59029,18353,61409560576,19150530560,1.413225119107472
toolagent_trace,0.0025,1.0,"l1=0.0025,l2x1",next_use,0,2,pi2,lru,446163482,learned,446163482,tree,union,9997,83026370,167732,30417743,29393272,1024471,57414,2008,748,382659,271080,53041,218039,45479,0,629945096933.376,0,prefix_first,sampled,16,0,onpolicy,263518,119541858.30399999,33792,28311552,43584908120.06402,174080,1222252544,70751878432.76797,273408,2200848384,114228077766.65602,380744,3861870592,167791512096.76797,121487,4159182848,134946222835.71199,40960,3144671232,98522955823.10396,0,2086647808,5712,47202963,95362,16705860,674412,17380272,1318,230912,451,51.490381956100464,9997,16,53633098,110318,1024471,2008,47871778,97581,0,0,929105,1830,155331,304,14701733,28759,13772628,26929,174894,354,227328,444,3652051,7157,3477157,6803,3250191,7797,0,0,33872184,71646,30621993,63849,0,0,0,0,0,0,0,0,4354190,382659,1486658,52225968,18736443,True,1.0,0.3540233301781109,0.012339103829301461,0.36636243400741236,0.004608885104816699,0.6459766698218892,0.012339103829301461,0.5765852222613129,0.011190480807483213,0.001870863437724665,0.17707305522329833,0.1658825744158151,0.0021064873726263115,0.0027380216670920337,0.04398663942552228,0.04188015205289596,0.039146490446348554,0.0,0.40796898623895034,0.3688224957926018,0.0,0.0,0.0,0.0,0.05244345862645808,0.004608885104816699,0.017905853284926224,0.629028680887771,0.2256685797536373,not_applicable_to_updated_policy,218039,91628,7134,45479,15915,12879,4138,0.28318564612238617,0.26000628338045867,72185,19744,75216543744,20620918784,1.5872160777501705
toolagent_trace,0.0025,1.0,"l1=0.0025,l2x1",next_use,0,3,pi3,lru,446163482,learned,446163482,tree,union,9997,83026370,167732,30466645,29393272,1073373,57414,2104,682,348410,271080,56053,215027,48583,0,629858276192.256,0,prefix_first,sampled,16,0,onpolicy,263610,144707682.304,33792,27262976,45469067372.543976,181510,1339959296,73079713437.69604,285696,2375921664,114777021722.62396,398152,3817592832,170949322940.41602,131215,4388276224,131887918110.71996,43008,3410106368,93550524925.95206,0,2469906432,5712,47202963,95362,16705860,673257,17379117,1316,219648,429,51.97065758705139,9997,18,53633098,110318,1073373,2104,47858047,97553,0,0,920794,1809,193786,380,14389736,28135,13468942,26326,181541,372,154624,302,3949395,7751,3767854,7379,3250933,7798,0,0,33872184,71646,30621251,63848,0,0,0,0,0,0,0,0,4353268,348410,1450745,52211315,18687541,True,1.0,0.3540233301781109,0.012928097422541779,0.36695142760065264,0.004196377608704319,0.6459766698218892,0.012928097422541779,0.576419841069771,0.011090380080449139,0.0023340295378444223,0.17331524911904495,0.16222486903859581,0.0021865462743945086,0.0018623480708598967,0.04756795943264772,0.04538141315825322,0.03915542736602841,0.0,0.40796898623895034,0.36881355887292194,0.0,0.0,0.0,0.0,0.05243235372087206,0.004196377608704319,0.017473303963547966,0.628852194790643,0.225079586160397,not_applicable_to_updated_policy,215027,90193,7041,48583,17321,14982,4867,0.3083794743017105,0.2809883955891692,89275,25116,92881780736,26200395776,1.8375769302019225
toolagent_trace,0.0025,1.0,"l1=0.0025,l2x1",next_use,1,0,pi0,lru,446163482,learned,446163482,tree,union,9997,83026370,167732,30825706,29393272,1432434,57414,2800,709,362627,271080,67541,203539,59164,0,629894109497.3441,0,prefix_first,sampled,16,1,onpolicy,262703,531634323.45600003,35840,32505856,70777205458.944,244736,2498729984,99157829646.336,360448,3947286528,136093221689.34398,461420,5633933312,155040808269.82407,191238,5137565696,117612729047.04004,115712,3527086080,50680681062.40002,23040,2399684608,5712,47202963,95362,16705860,922112,17627972,1801,206336,403,52.396429777145386,9997,10,53633098,110318,1432434,2800,47481146,96822,0,0,777028,1532,73859,145,13155657,25734,12378629,24202,327280,654,288768,564,4810196,9429,4482916,8775,3252583,7801,0,0,33872184,71646,30619601,63845,0,0,0,0,0,0,0,0,4356891,362627,1466935,51838037,18328480,True,1.0,0.3540233301781109,0.017252759575060308,0.37127608975317117,0.004367612362192879,0.6459766698218892,0.017252759575060308,0.5718803074252192,0.009358809737195543,0.0008895848391300258,0.15845154979074721,0.14909274005355166,0.003941880152052896,0.0034780275230628533,0.05793576185493838,0.05399388170288548,0.03917530057016825,0.0,0.40796898623895034,0.3687936856687821,0.0,0.0,0.0,0.0,0.05247599045941669,0.004367612362192879,0.01766830225144132,0.624356297884636,0.22075492400787847,matched,203539,85352,7951,59164,21441,14770,4883,0.24964505442498816,0.2277412434121543,42075,13893,43930621952,14496622592,0.7111588127915625
toolagent_trace,0.0025,1.0,"l1=0.0025,l2x1",next_use,1,1,pi1,lru,446163482,learned,446163482,tree,union,9997,83026370,167732,30522722,29393272,1129450,57414,2217,727,371450,271080,49108,221972,41343,0,629821529028.6078,0,prefix_first,sampled,16,1,onpolicy,263315,267391074.304,33792,29360128,60520265607.16796,211206,1556486144,87059776927.74405,302787,2451761152,125184517855.23198,408466,3816153088,161728879749.11993,134287,3971817472,118123597848.5759,38912,2847139840,76937099966.464,0,2054936576,5712,47202963,95362,16705860,731164,17437024,1431,195584,382,51.813512325286865,9997,24,53633098,110318,1129450,2217,47780605,97401,0,0,897783,1766,179450,352,14617180,28579,13719397,26813,199675,402,192000,375,3642834,7149,3443159,6747,3254135,7805,0,0,33872184,71646,30618049,63841,0,0,0,0,0,0,0,0,4351593,371450,1468908,52132198,18631464,True,1.0,0.3540233301781109,0.01360350934287504,0.3676268395209859,0.004473879804693376,0.6459766698218892,0.01360350934287504,0.5754871012667421,0.010813227171078297,0.002161361504784564,0.17605466793260985,0.16524144076153155,0.0024049588100744377,0.002312518299908812,0.04387562650276051,0.04147066769268607,0.03919399342642584,0.0,0.40796898623895034,0.3687749928125245,0.0,0.0,0.0,0.0,0.05241217940757858,0.004473879804693376,0.01769206578584611,0.6278992806743207,0.22440417424006373,not_applicable_to_updated_policy,221972,91381,7336,41343,15974,12300,4364,0.29751106596038024,0.2731939401527482,59402,19439,61783828480,20282183680,1.436809133347846
toolagent_trace,0.0025,1.0,"l1=0.0025,l2x1",next_use,1,2,pi2,lru,446163482,learned,446163482,tree,union,9997,83026370,167732,30365519,29393272,972247,57414,1906,774,396288,271080,52855,218225,45407,0,629897121869.8241,0,prefix_first,sampled,16,1,onpolicy,263632,91231354.88,33792,27262976,41860898803.71202,168960,1194246144,69210640568.32,267264,2076454912,108567384709.11995,372040,3747833856,168429317044.22415,103567,4230559744,138790210340.864,26624,3161323520,102947439048.704,0,2147092480,5712,47202963,95362,16705860,619628,17325488,1211,258048,504,52.06159949302673,9997,16,53633098,110318,972247,1906,47910233,97657,0,0,939337,1850,191488,374,14809671,28969,13870334,27119,164927,335,204800,400,3582708,7023,3417781,6688,3250066,7796,0,0,33872184,71646,30622118,63850,0,0,0,0,0,0,0,0,4354330,396288,1500552,52264563,18788667,True,1.0,0.3540233301781109,0.011710098851726265,0.36573342902983713,0.004773037771011788,0.6459766698218892,0.011710098851726265,0.5770483883614327,0.01131371876188252,0.0023063515844423885,0.17837310001629603,0.1670593812544135,0.0019864411752555243,0.0024666861865693997,0.04315144694390469,0.04116500576864916,0.03914498490058038,0.0,0.40796898623895034,0.36882400133836996,0.0,0.0,0.0,0.0,0.05244514483771843,0.004773037771011788,0.018073197708149833,0.629493533199151,0.2262975847312125,not_applicable_to_updated_policy,218225,91622,7020,45407,16000,12768,3993,0.2811901248706147,0.2495625,74544,20112,77685186560,21007808512,1.6416852027220472
toolagent_trace,0.0025,1.0,"l1=0.0025,l2x1",next_use,1,3,pi3,lru,446163482,learned,446163482,tree,union,9997,83026370,167732,30376632,29393272,983360,57414,1928,832,424762,271080,55677,215403,48221,0,629879828645.8881,0,prefix_first,sampled,16,1,onpolicy,263624,88085626.88,33792,28311552,40321870702.592,167305,1260945408,68607032158.208015,268288,2238304256,112916841906.17603,377640,3734626304,172278335395.83994,106127,4407150592,135094391904.25601,30208,3509088256,100573270951.93605,0,2563246080,5712,47202963,95362,16705860,637036,17342896,1245,259965,508,51.78027153015137,9997,18,53633098,110318,983360,1928,47870956,97579,0,0,937151,1844,215159,422,14448723,28256,13511572,26412,168605,343,209603,410,3904069,7656,3735464,7313,3248264,7792,0,0,33872184,71646,30623920,63854,0,0,0,0,0,0,0,0,4354020,424762,1530518,52224976,18777554,True,1.0,0.3540233301781109,0.011843947892699633,0.36586727807081054,0.0051159890526347234,0.6459766698218892,0.011843947892699633,0.5765753217923414,0.011287389777488766,0.0025914537754691673,0.1740257101448612,0.16273832036737243,0.0020307403539381523,0.0025245352771655558,0.04702203649274321,0.04499129613880506,0.03912328095278644,0.0,0.40796898623895034,0.3688457052861639,0.0,0.0,0.0,0.0,0.052441411084213366,0.0051159890526347234,0.018434119184061643,0.6290167328765548,0.22616373569023915,not_applicable_to_updated_policy,215403,90413,7028,48221,17126,14937,4890,0.3097613073142407,0.28553077192572696,91205,26188,94942304256,27343183872,1.8913958648721512
toolagent_trace,0.0025,1.0,"l1=0.0025,l2x1",next_use,2,0,pi0,lru,446163482,learned,446163482,tree,union,9997,83026370,167732,30801773,29393272,1408501,57414,2754,783,400515,271080,67950,203130,59563,0,629892090544.128,0,prefix_first,sampled,16,2,onpolicy,262693,462427258.88,35840,31457280,70954655195.13599,246784,2507917312,97060735139.84004,361472,3977056256,136734651228.15999,491628,5685362688,154399160463.36005,195465,5153595392,118912058150.91203,77312,3509088256,51368403107.839966,0,2358069248,5712,47202963,95362,16705860,910336,17616196,1778,221184,432,52.53312683105469,9997,11,53633098,110318,1408501,2754,47467441,96795,0,0,772404,1525,69763,137,13162472,25746,12390068,24221,330749,658,330752,646,4789426,9389,4458677,8731,3253488,7803,0,0,33872184,71646,30618696,63843,0,0,0,0,0,0,0,0,4356641,400515,1503668,51824082,18352413,True,1.0,0.3540233301781109,0.016964501760103445,0.37098783193821433,0.004823949306708218,0.6459766698218892,0.016964501760103445,0.5717152393871971,0.009303116588139407,0.0008402511153986378,0.1585336321460278,0.1492305155578884,0.003983662058211144,0.00398369819130958,0.05768560037009928,0.05370193831188814,0.0391862007215298,0.0,0.40796898623895034,0.36878278551742055,0.0,0.0,0.0,0.0,0.05247297936788035,0.004823949306708218,0.01811072795305877,0.6241882187550775,0.22104318182283533,matched,203130,85337,7961,59563,21427,14687,4848,0.24657925222033814,0.226256592150091,41335,13626,43152547840,14221142016,0.6939710894347162
toolagent_trace,0.0025,1.0,"l1=0.0025,l2x1",next_use,2,1,pi1,lru,446163482,learned,446163482,tree,union,9997,83026370,167732,30569403,29393272,1176131,57414,2309,727,370942,271080,49409,221671,41552,0,629859504168.9602,0,prefix_first,sampled,16,2,onpolicy,263223,232788066.304,33792,30408704,62402470887.42398,212727,1560383488,88929073250.30402,316099,2495031296,127568873203.71199,424954,3814795264,161700233005.0561,154767,4059668480,112497491705.85608,33792,2885568512,76528574050.30403,0,2055518208,5712,47202963,95362,16705860,719900,17425760,1409,233984,457,52.16749811172485,9997,25,53633098,110318,1176131,2309,47734512,97310,0,0,894579,1760,159744,312,14563520,28479,13668941,26719,203814,409,211198,415,3650321,7157,3446507,6748,3253120,7803,0,0,33872184,71646,30619064,63843,0,0,0,0,0,0,0,0,4351513,370942,1469335,52086025,18584783,True,1.0,0.3540233301781109,0.014165752398906516,0.3681890825770174,0.004467761266691534,0.6459766698218892,0.014165752398906516,0.5749319402980041,0.010774637021948568,0.0019240152255241318,0.1754083672452499,0.16463373022330136,0.002454810441550076,0.0025437460411674028,0.043965802672090805,0.04151099223054073,0.039181768394788305,0.0,0.40796898623895034,0.368787217844162,0.0,0.0,0.0,0.0,0.05241121585828695,0.004467761266691534,0.017697208730190178,0.6273431561562911,0.22384193118403226,not_applicable_to_updated_policy,221671,91243,7425,41552,16019,12459,4394,0.2998411628802464,0.2742992696173294,60419,18793,62846621696,19602581504,1.4540575664227955
toolagent_trace,0.0025,1.0,"l1=0.0025,l2x1",next_use,2,2,pi2,lru,446163482,learned,446163482,tree,union,9997,83026370,167732,30433099,29393272,1039827,57414,2037,649,331971,271080,53230,217850,45710,0,629911349868.5442,0,prefix_first,sampled,16,2,onpolicy,263560,106959994.88,33792,29360128,39050977945.60002,174080,1193717760,67515524237.31201,271360,2110593024,109225219915.77608,391492,3696205824,165650915395.58398,130191,4240865280,138997955907.58398,38912,3215949824,109363796471.8081,0,2129723392,5712,47202963,95362,16705860,668780,17374640,1307,219648,429,52.14411282539368,9997,15,53633098,110318,1039827,2037,47906715,97650,0,0,940620,1854,181248,354,14694086,28743,13753466,26889,162941,330,150723,295,3695030,7243,3532089,6913,3251024,7798,0,0,33872184,71646,30621160,63848,0,0,0,0,0,0,0,0,4354585,331971,1435532,52261300,18721087,True,1.0,0.3540233301781109,0.012524057115829585,0.3665473872939405,0.0039983802736407725,0.6459766698218892,0.012524057115829585,0.5770060162813333,0.011329171683647015,0.002183017275113919,0.17698095195538477,0.16565178027173777,0.0019625210640908425,0.0018153629985268535,0.044504294238083636,0.04254177317399279,0.03915652340334764,0.0,0.40796898623895034,0.3688124628356027,0.0,0.0,0.0,0.0,0.05244821615108549,0.0039983802736407725,0.01729007302137863,0.6294542324324187,0.22548362646710918,not_applicable_to_updated_policy,217850,91732,7092,45710,15884,13171,4203,0.2881426383723474,0.2646058927222362,75972,21319,79180658688,22264922112,1.6620433165609276
toolagent_trace,0.0025,1.0,"l1=0.0025,l2x1",next_use,2,3,pi3,lru,446163482,learned,446163482,tree,union,9997,83026370,167732,30437476,29393272,1044204,57414,2048,782,399991,271080,57730,213350,50209,0,629831137615.8721,0,prefix_first,sampled,16,2,onpolicy,263559,113251450.88,33792,27262976,42709674864.640015,179974,1309415424,68896063363.07196,281088,2361567232,113260902311.93596,392916,3959375872,172309371670.52817,125714,4819101696,137105828112.38405,30720,3594893312,95436045842.43198,0,2495879168,5712,47202963,95362,16705860,638953,17344813,1249,267776,523,51.80485248565674,9997,21,53633098,110318,1044204,2048,47837054,97512,0,0,918278,1807,227447,445,14257791,27884,13339513,26077,181930,369,172544,337,4058928,7958,3876998,7589,3251641,7800,0,0,33872184,71646,30620543,63846,0,0,0,0,0,0,0,0,4351849,399991,1500199,52188903,18716710,True,1.0,0.3540233301781109,0.012576775306447819,0.3666001054845587,0.0048176380588480505,0.6459766698218892,0.012576775306447819,0.5761669936912814,0.011060076455227417,0.002739454946663331,0.17172605522799564,0.16066597877276823,0.0021912315328250533,0.0020781831121847194,0.048887214989647265,0.046695983456822215,0.03916395477725932,0.0,0.40796898623895034,0.368805031461691,0.0,0.0,0.0,0.0,0.05241526276531179,0.0048176380588480505,0.01806894604690052,0.6285822564565933,0.22543090827649095,not_applicable_to_updated_policy,213350,89603,7093,50209,17868,15327,5059,0.30526399649465236,0.28313185583165434,94135,26490,98039074816,27668154368,1.8748630723575455
toolagent_trace,0.0025,1.0,"l1=0.0025,l2x1",next_use,3,0,pi0,lru,446163482,learned,446163482,tree,union,9997,83026370,167732,30791021,29393272,1397749,57414,2733,793,406016,271080,68248,202832,59853,0,629873946304.512,0,prefix_first,sampled,16,3,onpolicy,262685,412096659.456,35328,30408704,69792837044.22398,249856,2544726016,97301186627.58405,351744,4014477312,135395805122.55998,458348,5682429952,155307340853.2479,180105,5124810752,121375000614.91211,88064,3549007872,50289679382.527985,34304,2330900480,5712,47202963,95362,16705860,910848,17616708,1779,215552,421,51.875892877578735,9997,11,53633098,110318,1397749,2733,47473273,96806,0,0,770755,1521,46592,91,13122939,25670,12352184,24149,332737,664,359424,702,4834210,9476,4501473,8812,3252568,7801,0,0,33872184,71646,30619616,63845,0,0,0,0,0,0,0,0,4356060,406016,1509508,51829333,18363165,True,1.0,0.3540233301781109,0.016835000735308553,0.3708583309134194,0.004890205364873835,0.6459766698218892,0.016835000735308553,0.5717854821305568,0.009283255428365712,0.0005611711074445384,0.15805748221920338,0.14877422679083765,0.004007606258108117,0.0043290342574292965,0.058224995263553014,0.0542173890054449,0.03917511990467607,0.0,0.40796898623895034,0.3687938663342743,0.0,0.0,0.0,0.0,0.052465981591149895,0.004890205364873835,0.01818106705134766,0.6242514637217067,0.22117268284763023,matched,202832,85272,7969,59853,21503,14997,4904,0.25056388150969877,0.22806120076268427,42573,14112,44425975808,14725928960,0.7112926670342339
toolagent_trace,0.0025,1.0,"l1=0.0025,l2x1",next_use,3,1,pi1,lru,446163482,learned,446163482,tree,union,9997,83026370,167732,30494493,29393272,1101221,57414,2160,821,419578,271080,51831,219249,44082,0,629796275607.552,0,prefix_first,sampled,16,3,onpolicy,263331,311430217.72800004,33792,30408704,62664273438.720055,204023,1601058816,88551969226.75203,301251,2559182848,127480542767.10399,401756,4010387456,162074179225.59998,129679,4543565824,112042643265.53603,30720,3090227200,76671237466.11197,0,2014048256,5712,47202963,95362,16705860,690685,17396545,1351,246272,481,51.98646378517151,9997,21,53633098,110318,1101221,2160,47760053,97361,0,0,889168,1749,124416,243,14428535,28212,13539367,26463,210849,426,295162,578,3811580,7479,3600731,7053,3252229,7801,0,0,33872184,71646,30619955,63845,0,0,0,0,0,0,0,0,4352246,419578,1519595,52112299,18659693,True,1.0,0.3540233301781109,0.01326350893095772,0.3672868391090686,0.005053551058537185,0.6459766698218892,0.01326350893095772,0.5752395654537227,0.010709464956736034,0.0014985118583409102,0.1737825584811187,0.16307309352438268,0.0025395425573826727,0.0035550392001962748,0.045908065112325154,0.04336852255494248,0.03917103686455279,0.0,0.40796898623895034,0.3687979493743976,0.0,0.0,0.0,0.0,0.052420044378671496,0.005053551058537185,0.01830255857265589,0.6276596098323942,0.22474417465198104,not_applicable_to_updated_policy,219249,90395,7318,44082,16919,12993,4684,0.29474615489315364,0.2768485135055263,62405,19963,64954253312,20812828672,1.4156571843382786
toolagent_trace,0.0025,1.0,"l1=0.0025,l2x1",next_use,3,2,pi2,lru,446163482,learned,446163482,tree,union,9997,83026370,167732,30406162,29393272,1012890,57414,1986,785,401920,271080,51551,219529,43944,0,629896433344.5121,0,prefix_first,sampled,16,3,onpolicy,263473,125834362.88,33792,28311552,41214839252.992004,172032,1217925120,69667567024.128,268995,2128715776,112010454167.55203,380744,3557439488,171026108606.46405,118927,4179085312,134379342239.74399,38400,3112833024,101472287690.75204,0,2181969920,5712,47202963,95362,16705860,661612,17367472,1293,258560,505,52.04975414276123,9997,17,53633098,110318,1012890,1986,47864180,97567,0,0,939011,1847,254464,497,14726218,28798,13787207,26951,165570,338,147456,288,3619886,7103,3454316,6765,3249527,7795,0,0,33872184,71646,30622657,63851,0,0,0,0,0,0,0,0,4354108,401920,1506501,52218288,18748024,True,1.0,0.3540233301781109,0.012199618024972067,0.36622294820308293,0.0048408716411424465,0.6459766698218892,0.012199618024972067,0.5764937091673404,0.011309792298519134,0.003064857586812479,0.17736796152836742,0.1660581692298483,0.0019941857026869896,0.0017760140543299676,0.043599232388456824,0.041605046685769836,0.03913849298722803,0.0,0.40796898623895034,0.3688304932517223,0.0,0.0,0.0,0.0,0.05244247098843416,0.0048408716411424465,0.018144849642348568,0.6289361801557746,0.2258080655579667,not_applicable_to_updated_policy,219529,91728,7179,43944,15800,12733,4142,0.2897551429091571,0.2621518987341772,72335,20287,75216308224,21161482240,1.646072273803022
toolagent_trace,0.0025,1.0,"l1=0.0025,l2x1",next_use,3,3,pi3,lru,446163482,learned,446163482,tree,union,9997,83026370,167732,30435544,29393272,1042272,57414,2043,709,362496,271080,57282,213798,49827,0,629812636577.7919,0,prefix_first,sampled,16,3,onpolicy,263625,144707682.304,33792,30408704,42501903734.784,179593,1343590400,70471947220.99196,281600,2293714944,113276079341.56792,395080,4009355264,171056904249.344,121487,4676083712,137884399566.848,30720,3538657280,94476694781.95201,0,2497882112,5712,47202963,95362,16705860,643692,17349552,1258,240509,470,51.37665557861328,9997,17,53633098,110318,1042272,2043,47874103,97586,0,0,917820,1807,185344,363,14329118,28022,13411298,26215,185856,376,177152,346,4027028,7898,3841172,7522,3250551,7797,0,0,33872184,71646,30621633,63849,0,0,0,0,0,0,0,0,4354227,362496,1466172,52228330,18718642,True,1.0,0.3540233301781109,0.012553505591054986,0.3665768357691659,0.004366034550227838,0.6459766698218892,0.012553505591054986,0.5766132254126008,0.011054560135532843,0.0022323509988453065,0.17258514373204561,0.16153058359651276,0.00223851771431173,0.0021336835513825307,0.048502999709610334,0.046264481995298604,0.03915082641816088,0.0,0.40796898623895034,0.36881815982078947,0.0,0.0,0.0,0.0,0.05244390426800546,0.004366034550227838,0.01765911240007241,0.6290571296806063,0.22545417799188378,not_applicable_to_updated_policy,213798,89667,7027,49827,17881,15269,5035,0.3064402833804965,0.2815838040378055,90728,26649,94420002816,27830671360,1.8208601762096854
toolagent_trace,0.0025,1.0,"l1=0.0025,l2x1",next_use,4,0,pi0,lru,446163482,learned,446163482,tree,union,9997,83026370,167732,30816109,29393272,1422837,57414,2782,761,389632,271080,68280,202800,59902,0,629867248306.1758,0,prefix_first,sampled,16,4,onpolicy,262702,465571938.304,35840,31457280,70447337793.53596,244736,2554042368,97007490080.76794,354304,4112070656,136792846909.43993,480364,5736796160,156229990649.85593,185225,5222199296,117803446464.51202,92160,3569934336,51120564469.75998,30208,2393114624,5712,47202963,95362,16705860,937984,17643844,1832,197632,386,51.896528244018555,9997,11,53633098,110318,1422837,2782,47464751,96789,0,0,767501,1513,89088,174,13058002,25539,12290501,24026,334889,670,300544,587,4890443,9590,4555554,8920,3253488,7803,0,0,33872184,71646,30618696,63843,0,0,0,0,0,0,0,0,4355878,389632,1492022,51820629,18338077,True,1.0,0.3540233301781109,0.017137169793163303,0.3711604999712742,0.004692870469948283,0.6459766698218892,0.017137169793163303,0.5716828400422661,0.009244063060928714,0.0010730084911576888,0.15727535721482222,0.14803129415389352,0.004033525734052928,0.003619861978790594,0.058902286105004954,0.05486876037095202,0.0391862007215298,0.0,0.40796898623895034,0.36878278551742055,0.0,0.0,0.0,0.0,0.05246378951651144,0.004692870469948283,0.017970459264929926,0.6241466295587775,0.22087051378977546,matched,202800,84873,7952,59902,21885,14963,4917,0.24979132583219257,0.22467443454420835,42184,13458,44003297280,14022008832,0.7042168875830523
toolagent_trace,0.0025,1.0,"l1=0.0025,l2x1",next_use,4,1,pi1,lru,446163482,learned,446163482,tree,union,9997,83026370,167732,30478941,29393272,1085669,57414,2130,801,409021,271080,50989,220091,43271,0,629786804987.904,0,prefix_first,sampled,16,4,onpolicy,263362,223349833.728,33792,29360128,57813574420.48001,194822,1490688000,85287906715.648,292352,2413643776,123861340495.87201,402256,3922554880,163008548935.68008,131215,4398145536,117855354202.11191,31232,3195592704,81736730384.38403,0,2172106752,5712,47202963,95362,16705860,660989,17366849,1293,260608,509,51.25549912452698,9997,21,53633098,110318,1085669,2130,47785174,97411,0,0,899784,1772,157303,308,14527948,28407,13628164,26635,201324,404,251718,493,3738276,7334,3536952,6930,3252126,7800,0,0,33872184,71646,30620058,63846,0,0,0,0,0,0,0,0,4353234,409021,1510129,52138408,18675245,True,1.0,0.3540233301781109,0.013076194948665104,0.36709952512677596,0.004926398685140636,0.6459766698218892,0.013076194948665104,0.5755421319756603,0.010837327947735158,0.001894614927763312,0.17497992505272722,0.16414259710499207,0.0024248199698481336,0.0030317837573773246,0.0450251648964058,0.04260034492655767,0.03916979629483982,0.0,0.40796898623895034,0.36879918994411054,0.0,0.0,0.0,0.0,0.052431944212423115,0.004926398685140636,0.01818854660272393,0.6279740761880834,0.22493148863427367,not_applicable_to_updated_policy,220091,90405,7288,43271,16965,12676,4602,0.29294446627071247,0.271264367816092,64677,20577,67304390656,21451225088,1.4946962168657993
toolagent_trace,0.0025,1.0,"l1=0.0025,l2x1",next_use,4,2,pi2,lru,446163482,learned,446163482,tree,union,9997,83026370,167732,30350354,29393272,957082,57414,1877,851,435319,271080,52963,218117,45471,0,629850109378.5602,0,prefix_first,sampled,16,4,onpolicy,263588,88085626.88,33792,26214400,41196811900.928,164864,1182285824,69551853412.352,261315,2049835008,109964757923.84,368456,3669487616,171256690010.1121,98959,4287868928,137283393232.89601,29696,3204141056,100508517271.55203,0,2224617472,5712,47202963,95362,16705860,608876,17314736,1190,283648,554,51.28103828430176,9997,17,53633098,110318,957082,1877,47886344,97610,0,0,941935,1854,228983,448,14761282,28866,13819347,27012,163670,333,206336,403,3607231,7078,3443561,6745,3248748,7793,0,0,33872184,71646,30623436,63853,0,0,0,0,0,0,0,0,4354353,435319,1540924,52240697,18803832,True,1.0,0.3540233301781109,0.011527446039131905,0.3655507762172428,0.005243141426031272,0.6459766698218892,0.011527446039131905,0.5767606604985862,0.01134501002512816,0.0027579550930626018,0.17779028518288828,0.16644527515776011,0.0019713014070108087,0.00248518633296867,0.043446810934887316,0.04147550952787651,0.0391291104260008,0.0,0.40796898623895034,0.3688398758129495,0.0,0.0,0.0,0.0,0.05244542185813977,0.005243141426031272,0.01855945285817024,0.6292060823567259,0.22648023754380686,not_applicable_to_updated_policy,218117,91583,7064,45471,15991,13118,4161,0.2884915660530888,0.26020886748796196,77177,20527,80338696192,21422290944,1.697279584790306
toolagent_trace,0.0025,1.0,"l1=0.0025,l2x1",next_use,4,3,pi3,lru,446163482,learned,446163482,tree,union,9997,83026370,167732,30432341,29393272,1039069,57414,2037,663,338365,271080,57816,213264,50454,0,629848334127.1039,0,prefix_first,sampled,16,4,onpolicy,263718,144707682.304,33792,27262976,41709878009.85603,175366,1263353856,69444359278.59198,278016,2254825472,110801773514.752,392520,3912816640,168420951926.78397,120975,4529516544,143241801668.60797,38400,3442302976,96084862046.20795,0,2508634112,5712,47202963,95362,16705860,664553,17370413,1299,207872,406,50.66672921180725,9997,18,53633098,110318,1039069,2037,47902204,97639,0,0,935726,1841,159677,314,14411737,28180,13476011,26339,167134,341,178688,349,3971743,7792,3804609,7451,3250600,7797,0,0,33872184,71646,30621584,63849,0,0,0,0,0,0,0,0,4353460,338365,1441225,52255664,18721845,True,1.0,0.3540233301781109,0.012514927486291403,0.3665382576644023,0.004075391950774194,0.6459766698218892,0.012514927486291403,0.5769516841456516,0.01127022655573163,0.0019232082529923927,0.173580237218609,0.16231001066287734,0.00201302309133833,0.0021521836977818013,0.0478371269272642,0.04582410383592586,0.039151416592102,0.0,0.40796898623895034,0.36881756964684836,0.0,0.0,0.0,0.0,0.052434666239171965,0.004075391950774194,0.017358641597844154,0.6293863503848235,0.22549275609664737,not_applicable_to_updated_policy,213264,90119,6934,50454,17480,15354,4785,0.3043168034249019,0.2737414187643021,94743,24362,98532069376,25397338112,1.8778094898323225
toolagent_trace,0.0025,4.0,"l1=0.0025,l2x4",binary,0,0,pi0,lru,446163482,learned,1784653926,tree,union,9997,83026370,167732,32932074,29393272,3538802,57414,6914,1756,899072,271080,118826,152254,98139,0,2520927409106.944,0,prefix_first,sampled,16,0,onpolicy,250393,497033412.608,35840,32505856,301310358552.5759,525312,4439693312,405989224873.98425,683520,7240509440,552068063498.2397,879724,10229037056,596640358639.616,675078,10326616064,401637219407.8719,443904,7289286656,262785150722.04807,295424,4811896832,5712,47202963,95362,16705860,2152448,18858308,4204,550912,1076,54.011722803115845,9997,10,53633098,110318,3538802,6914,44848963,91661,0,0,571434,1131,148480,290,8329417,16306,7757983,15175,469783,936,750592,1466,6993623,13696,6523840,12760,3305044,7920,0,0,33872184,71646,30567140,63726,0,0,0,0,0,0,0,0,4346261,899072,1940289,49195224,16222112,True,1.0,0.3540233301781109,0.042622627003926584,0.3966459571820375,0.010828752359039665,0.6459766698218892,0.042622627003926584,0.5401773316116314,0.00688256032390673,0.0017883474852628148,0.1003225481253727,0.09343998780146597,0.005658238460864904,0.00904040487377685,0.08423375609459982,0.07857551763373492,0.03980716006251989,0.0,0.40796898623895034,0.36816182617643045,0.0,0.0,0.0,0.0,0.05234795884729153,0.010828752359039665,0.0233695511438113,0.5925252904589229,0.19538505657901217,unavailable_for_cell,152254,65115,18986,98139,36522,33681,11808,0.3431968942010821,0.3233119763430261,123076,41694,128646729728,43567439872,1.2540987782634834
toolagent_trace,0.0025,4.0,"l1=0.0025,l2x4",binary,0,1,pi1,lru,446163482,learned,1784653926,tree,union,9997,83026370,167732,32019627,29393272,2626355,57414,5139,1892,968704,271080,95721,175359,77225,0,2521192515323.904,0,prefix_first,sampled,16,0,onpolicy,252584,1104155770.8799999,36352,32505856,183173472098.30392,332288,2761295872,283831727853.56793,495104,4558190592,452259778488.32007,704807,6836686848,606174375831.5522,450572,7480002560,543990665625.5999,309248,5418448896,450658339655.6799,297984,3996106752,5712,47202963,95362,16705860,1549491,18255351,3030,651776,1273,53.456668853759766,9997,18,53633098,110318,2626355,5139,45685012,93308,0,0,701351,1382,41472,81,10378107,20301,9676756,18919,397244,789,927232,1811,5787748,11340,5390504,10551,3254432,7808,0,0,33872184,71646,30617752,63838,0,0,0,0,0,0,0,0,4353027,968704,2067299,50038039,17134559,True,1.0,0.3540233301781109,0.031632781247692754,0.38565611142580364,0.01166742566247326,0.6459766698218892,0.031632781247692754,0.5502470118830921,0.008447328240413257,0.0004995039527803034,0.124997720603707,0.11655039236329373,0.004784552185046751,0.011167921709692956,0.06970975606906576,0.06492520388401901,0.039197570603171014,0.0,0.40796898623895034,0.3687714156357793,0.0,0.0,0.0,0.0,0.05242945102863102,0.01166742566247326,0.024899306087933268,0.602676462911723,0.20637490233524602,not_applicable_to_updated_policy,175359,77774,16791,77225,25508,28867,8195,0.3738038200064746,0.3212717578798808,161924,32915,168687769600,34273185792,2.0967821301392036
toolagent_trace,0.0025,4.0,"l1=0.0025,l2x4",binary,0,2,pi2,lru,446163482,learned,1784653926,tree,union,9997,83026370,167732,31988212,29393272,2594940,57414,5073,3088,1580358,271080,98641,172439,78540,0,2521002198272.0,0,prefix_first,sampled,16,0,onpolicy,250979,430969978.88,34816,31457280,131384413044.73608,320000,2619056128,239125643446.2719,482816,4696690688,417554898311.1679,685168,7924879360,619799783245.8241,522764,9222092800,561351725283.3279,368640,7316082688,551354764961.7921,180736,5511778304,5712,47202963,95362,16705860,1593856,18299716,3113,877056,1713,53.90665817260742,9997,13,53633098,110318,2594940,5073,45104814,92173,0,0,745936,1471,283974,556,9484332,18558,8738396,17087,348317,696,1296384,2532,6101284,11953,5752967,11257,3258733,7817,0,0,33872184,71646,30613451,63829,0,0,0,0,0,0,0,0,4352986,1580358,2674611,49457800,17165974,True,1.0,0.3540233301781109,0.031254407485236314,0.3852777376633472,0.019034410392746306,0.6459766698218892,0.031254407485236314,0.5432588947342875,0.008984326305004061,0.0034202868317620054,0.1142327672521393,0.10524844094713523,0.0041952574826528005,0.0156141235609843,0.07348609845281685,0.06929084097016405,0.039249373421962205,0.0,0.40796898623895034,0.3687196128169881,0.0,0.0,0.0,0.0,0.05242895720961906,0.019034410392746306,0.03221399418040317,0.5956878519439065,0.20675327609770244,not_applicable_to_updated_policy,172439,71765,18398,78540,30374,29290,10517,0.3729309905780494,0.3462500823072365,242754,67210,253917097984,70261395456,3.0908326967150495
toolagent_trace,0.0025,4.0,"l1=0.0025,l2x4",binary,0,3,pi3,lru,446163482,learned,1784653926,tree,union,9997,83026370,167732,31944744,29393272,2551472,57414,4989,1897,970502,271080,90598,180482,72522,0,2521251479900.1597,0,prefix_first,sampled,16,0,onpolicy,253004,736105594.8800001,36352,32505856,153395442374.65604,292352,2469545984,272031700668.41595,452608,4201613312,441364023349.2481,668848,6563571712,605960685185.024,414720,7554953216,585692506560.5115,347648,5703667712,462071016167.4242,338944,4258359296,5712,47202963,95362,16705860,1516604,18222464,2965,591360,1155,53.11443781852722,9997,13,53633098,110318,2551472,4989,45755197,93448,0,0,766363,1510,44294,88,10802574,21135,10036211,19625,335294,667,926208,1809,5436366,10651,5101072,9984,3254270,7807,0,0,33872184,71646,30617914,63839,0,0,0,0,0,0,0,0,4355927,970502,2072159,50111124,17209442,True,1.0,0.3540233301781109,0.030730862977629878,0.3847541931557408,0.011689081432802614,0.6459766698218892,0.030730862977629878,0.5510923457210041,0.009230356572255297,0.0005334931540425048,0.13011015656832883,0.12087979999607354,0.004038403702341798,0.01115558827876011,0.06547758260417745,0.061439178901835645,0.03919561941585547,0.0,0.40796898623895034,0.36877336682309486,0.0,0.0,0.0,0.0,0.05246437969045256,0.011689081432802614,0.02495784170739971,0.6035567254114567,0.2072768206053089,not_applicable_to_updated_policy,180482,78146,16371,72522,25280,27118,8151,0.37392791153029425,0.32242879746835446,182294,38547,190176706560,40166227968,2.5136372411130417
toolagent_trace,0.0025,4.0,"l1=0.0025,l2x4",binary,1,0,pi0,lru,446163482,learned,1784653926,tree,union,9997,83026370,167732,32941421,29393272,3548149,57414,6933,1738,889856,271080,118810,152270,98131,0,2520944372125.6953,0,prefix_first,sampled,16,1,onpolicy,250401,509614227.45600003,35840,31457280,302796520593.40784,523264,4467339264,406732967297.02405,682496,7199369216,553469539508.2239,891500,10375661568,594863657009.1521,711049,10358697984,399446438264.8316,466432,7239604224,263125635225.60004,237568,4823244800,5712,47202963,95362,16705860,2149376,18855236,4198,555520,1085,54.37607192993164,9997,11,53633098,110318,3548149,6933,44850372,91661,0,0,558266,1108,137216,268,8268239,16189,7709973,15081,482838,959,752640,1470,7054670,13812,6571832,12853,3303617,7919,0,0,33872184,71646,30568567,63727,0,0,0,0,0,0,0,0,4344721,889856,1930960,49195093,16212765,True,1.0,0.3540233301781109,0.04273520569428725,0.3967585358723981,0.010717751480644041,0.6459766698218892,0.04273520569428725,0.5401943021235301,0.006723960110504651,0.0016526797450014978,0.09958569789333196,0.09286173778282732,0.005815477660892557,0.009065071735642543,0.08496902851467551,0.07915355085378296,0.03978997275203047,0.0,0.40796898623895034,0.3681790134869199,0.0,0.0,0.0,0.0,0.052329410523427676,0.010717751480644041,0.02325718925204125,0.5925237126469578,0.1952724778886515,unavailable_for_cell,152270,64981,18978,98131,36654,33750,11829,0.34392801459273825,0.3227205761990506,122950,41762,128454901760,43620472832,1.252917019086731
toolagent_trace,0.0025,4.0,"l1=0.0025,l2x4",binary,1,1,pi1,lru,446163482,learned,1784653926,tree,union,9997,83026370,167732,32031588,29393272,2638316,57414,5163,1921,983171,271080,94395,176685,75806,0,2521221467396.0967,0,prefix_first,sampled,16,1,onpolicy,252491,1371543699.456,35840,32505856,183906034511.872,329084,2774812672,285853517398.01624,482816,4561217536,461183636879.35974,700135,6938195968,600153736638.4641,453001,7417548800,539978567069.69635,335360,5446434816,448774431199.232,302080,3941222400,5712,47202963,95362,16705860,1546951,18252811,3026,661504,1292,53.70753288269043,9997,20,53633098,110318,2638316,5163,45658319,93257,0,0,703196,1386,44163,87,10435328,20416,9732132,19030,396598,786,939008,1834,5704099,11172,5307501,10386,3253498,7805,0,0,33872184,71646,30618686,63841,0,0,0,0,0,0,0,0,4353292,983171,2082965,50011611,17122598,True,1.0,0.3540233301781109,0.031776843911157385,0.38580017408926826,0.01184167150749816,0.6459766698218892,0.031776843911157385,0.5499255116175741,0.008469550095951442,0.0005319153420774628,0.12568691127891055,0.1172173611829591,0.004776771524516849,0.011309756165420697,0.06870225688537268,0.06392548536085584,0.03918632116519125,0.0,0.40796898623895034,0.3687826650737591,0.0,0.0,0.0,0.0,0.052432642785659546,0.01184167150749816,0.025087993127966453,0.6023581544032336,0.20623083967178138,not_applicable_to_updated_policy,176685,77742,16882,75806,25484,28246,8281,0.3726090283091048,0.3249489876000628,150378,32641,156637898752,33970122752,1.9837216051499882
toolagent_trace,0.0025,4.0,"l1=0.0025,l2x4",binary,1,2,pi2,lru,446163482,learned,1784653926,tree,union,9997,83026370,167732,31831706,29393272,2438434,57414,4766,3422,1751683,271080,98688,172392,78493,0,2520982012780.5444,0,prefix_first,sampled,16,1,onpolicy,250885,481303724.032,35328,32505856,126028294520.83202,313856,2623623168,232719534366.71997,472576,4743581696,410464927711.2322,664604,7788996608,622181207554.0476,479494,9152505856,567489172297.7283,333312,7305938944,561617572605.9521,139264,5512216576,5712,47202963,95362,16705860,1488384,18194244,2907,989184,1932,53.4012234210968,9997,12,53633098,110318,2438434,4766,45088980,92145,0,0,757268,1495,243843,477,9441446,18479,8684178,16984,337604,673,1507840,2945,6129351,12005,5791747,11332,3259129,7817,0,0,33872184,71646,30613055,63829,0,0,0,0,0,0,0,0,4354001,1751683,2846555,49442981,17322480,True,1.0,0.3540233301781109,0.029369391917290856,0.38339272209540176,0.02109791142259983,0.6459766698218892,0.029369391917290856,0.5430681842407419,0.009120813062163263,0.0029369343739826274,0.11371623256562945,0.1045954195034662,0.004066226188137576,0.018160977048617206,0.07382414767741863,0.06975792148928106,0.03925414299095577,0.0,0.40796898623895034,0.3687148432479946,0.0,0.0,0.0,0.0,0.0524411822412566,0.02109791142259983,0.03428495067290067,0.5955093664819985,0.2086382916656479,not_applicable_to_updated_policy,172392,71978,18493,78493,30139,29550,10519,0.37646669129731314,0.34901622482497763,257804,70488,269775996928,73721917440,3.2844202667753812
toolagent_trace,0.0025,4.0,"l1=0.0025,l2x4",binary,1,3,pi3,lru,446163482,learned,1784653926,tree,union,9997,83026370,167732,32026664,29393272,2633392,57414,5149,1722,881664,271080,89879,181201,71714,0,2521209836019.7124,0,prefix_first,sampled,16,1,onpolicy,252915,676337811.4560001,36352,32505856,158706046449.66406,298496,2413293568,274851902359.55197,463360,4133498880,449659964966.91205,685232,6483218432,603568966172.6722,442368,7263772672,576695639478.2722,372224,5547370496,457050978781.18396,335360,4090632192,5712,47202963,95362,16705860,1545276,18251136,3021,565248,1104,52.95286178588867,9997,13,53633098,110318,2633392,5149,45761915,93463,0,0,761709,1502,85504,167,10968884,21461,10207175,19959,340764,676,796160,1555,5276974,10340,4936210,9664,3253654,7806,0,0,33872184,71646,30618530,63840,0,0,0,0,0,0,0,0,4356127,881664,1984137,50118042,17127522,True,1.0,0.3540233301781109,0.03171753745225764,0.3857408676303685,0.010619084033181266,0.6459766698218892,0.03171753745225764,0.5511732597727685,0.009174302092214799,0.0010298414828927244,0.1321132551019634,0.1229389530097486,0.0041042863851569085,0.009589242550288542,0.06355780699553648,0.05945352061037957,0.03918820008630993,0.0,0.40796898623895034,0.3687807861526404,0.0,0.0,0.0,0.0,0.052466788563681636,0.010619084033181266,0.023897672510552973,0.6036400483364502,0.20629014613068114,not_applicable_to_updated_policy,181201,78940,16461,71714,24505,26337,7542,0.3672504671333352,0.30777392368904305,171416,34859,178748094464,36323493888,2.3902724712050647
toolagent_trace,0.0025,4.0,"l1=0.0025,l2x4",binary,2,0,pi0,lru,446163482,learned,1784653926,tree,union,9997,83026370,167732,32943446,29393272,3550174,57414,6937,1761,901315,271080,118637,152443,97967,0,2520918555092.9917,0,prefix_first,sampled,16,2,onpolicy,250410,449845395.4559999,35840,30408704,301537639487.4879,530432,4456732672,404321661024.256,685568,7208992768,554060002328.5762,874712,10503215104,598845939249.1516,676102,10368458752,400192234266.6242,451584,7302160384,261511233341.44003,295936,4734296064,5712,47202963,95362,16705860,2176108,18881968,4251,536064,1047,54.341840744018555,9997,11,53633098,110318,3550174,6937,44836134,91634,0,0,572626,1138,147651,289,8270670,16198,7698044,15060,465923,923,753664,1472,7038755,13776,6572832,12853,3306926,7925,0,0,33872184,71646,30565258,63721,0,0,0,0,0,0,0,0,4345475,901315,1939864,49181609,16210740,True,1.0,0.3540233301781109,0.0427595955357316,0.3967829257138425,0.010855767872303704,0.6459766698218892,0.0427595955357316,0.5400228144383525,0.006896917208351997,0.0017783627057283125,0.09961497774743133,0.09271806053907933,0.00561174720754382,0.00907740516657539,0.08477734242747213,0.07916559521992832,0.03982982755960546,0.0,0.40796898623895034,0.3681391586793449,0.0,0.0,0.0,0.0,0.05233849197550128,0.010855767872303704,0.02336443228819952,0.5923613064138538,0.19524808804720717,unavailable_for_cell,152443,64882,18969,97967,36725,33802,11961,0.34503455245133563,0.3256909462219197,122542,42000,128071311360,43868901376,1.250849775944961
toolagent_trace,0.0025,4.0,"l1=0.0025,l2x4",binary,2,1,pi1,lru,446163482,learned,1784653926,tree,union,9997,83026370,167732,31999567,29393272,2606295,57414,5102,1878,960116,271080,93257,177823,74861,0,2521216431360.0,0,prefix_first,sampled,16,2,onpolicy,252684,1500519596.032,36352,32505856,181588797108.2239,319356,2687627264,285291666864.1278,483328,4488398848,457593629429.76,701263,6728773632,605331667355.6481,442892,7338526720,545952664713.2164,321024,5300082688,443957486292.9919,302080,3799756800,5712,47202963,95362,16705860,1558215,18264075,3048,629165,1230,53.17054295539856,9997,21,53633098,110318,2606295,5102,45713419,93362,0,0,712065,1404,47216,94,10586460,20708,9874395,19304,386393,764,912900,1784,5608043,10984,5221650,10220,3254810,7808,0,0,33872184,71646,30617374,63838,0,0,0,0,0,0,0,0,4353268,960116,2058574,50066687,17154619,True,1.0,0.3540233301781109,0.03139117126281686,0.38541450144092776,0.011563988646016921,0.6459766698218892,0.03139117126281686,0.5505891561921833,0.008576371579294627,0.0005686867919192421,0.12750720042319086,0.11893082884389622,0.004653858768003467,0.01099530185409768,0.06754532325091414,0.06289146448291066,0.03920212337357396,0.0,0.40796898623895034,0.3687668628653764,0.0,0.0,0.0,0.0,0.05243235372087206,0.011563988646016921,0.024794218993315017,0.6030215099130554,0.2066165123201219,not_applicable_to_updated_policy,177823,78325,16690,74861,25004,27602,8044,0.3687100092170823,0.3217085266357383,147488,31422,153664243712,32706347008,1.9701580262085732
toolagent_trace,0.0025,4.0,"l1=0.0025,l2x4",binary,2,2,pi2,lru,446163482,learned,1784653926,tree,union,9997,83026370,167732,32062702,29393272,2669430,57414,5217,2991,1530694,271080,99928,171152,79781,0,2520964307099.648,0,prefix_first,sampled,16,2,onpolicy,250933,465575084.032,34816,32505856,130205720092.67198,324096,2658994176,236491840718.84808,497152,4819417088,413264230813.6961,707696,7809540096,621823408259.0718,534278,9291833344,563852705894.4003,371712,7332435968,554860826236.9279,199680,5602746368,5712,47202963,95362,16705860,1643008,18348868,3209,846336,1653,53.25139379501343,9997,11,53633098,110318,2669430,5217,45079910,92124,0,0,746269,1472,244931,479,9384771,18364,8638502,16892,344353,688,1285763,2512,6176019,12100,5831666,11412,3262442,7826,0,0,33872184,71646,30609742,63820,0,0,0,0,0,0,0,0,4353064,1530694,2621316,49432974,17091484,True,1.0,0.3540233301781109,0.032151592319404065,0.38617492249751495,0.018436238992503226,0.6459766698218892,0.032151592319404065,0.5429589418398034,0.008988337078930465,0.0029500386443487773,0.11303361811434126,0.1040452810354108,0.0041475136152526,0.015486200348154448,0.07438623415669021,0.07023872054143762,0.03929404597599534,0.0,0.40796898623895034,0.368674940262955,0.0,0.0,0.0,0.0,0.0524298966701784,0.018436238992503226,0.03157208968668629,0.5953888385099818,0.2058560912635347,not_applicable_to_updated_policy,171152,71684,18445,79781,30414,29856,10570,0.3742244394028653,0.34753731834023804,253135,69477,264907524096,72679153664,3.1728732404958575
toolagent_trace,0.0025,4.0,"l1=0.0025,l2x4",binary,2,3,pi3,lru,446163482,learned,1784653926,tree,union,9997,83026370,167732,31913543,29393272,2520271,57414,4929,1932,987637,271080,92750,178330,74582,0,2521244088850.431,0,prefix_first,sampled,16,2,onpolicy,252912,736106643.4560001,36352,32505856,147992190830.59204,284672,2443819008,260850296840.19186,440832,4265048064,442386224003.07184,658127,6672416768,605855964514.3037,420352,7542444032,589417955893.2478,347136,5869688832,474005350125.5679,332800,4395632640,5712,47202963,95362,16705860,1501275,18207135,2936,602220,1177,53.87986373901367,9997,14,53633098,110318,2520271,4929,45769823,93474,0,0,747292,1473,77193,153,10617352,20771,9870060,19298,354334,703,910444,1779,5635654,11040,5281320,10337,3253741,7807,0,0,33872184,71646,30618443,63839,0,0,0,0,0,0,0,0,4355367,987637,2089263,50125190,17240643,True,1.0,0.3540233301781109,0.03035506670952855,0.3843783968876394,0.011895461646703331,0.6459766698218892,0.03035506670952855,0.5512685066202461,0.009000658465497167,0.0009297407558586507,0.12787927498215326,0.1188786165166561,0.004267728433749422,0.01096572089084468,0.06787788024455363,0.0636101518108042,0.039189247946164574,0.0,0.40796898623895034,0.36877973829278576,0.0,0.0,0.0,0.0,0.05245763484541116,0.011895461646703331,0.02516384854594992,0.6037261414656573,0.20765261687341022,not_applicable_to_updated_policy,178330,77746,16463,74582,25703,28168,8315,0.3776782601700142,0.3235030930241606,199162,39637,207779096576,41318598656,2.67037623018959
toolagent_trace,0.0025,4.0,"l1=0.0025,l2x4",binary,3,0,pi0,lru,446163482,learned,1784653926,tree,union,9997,83026370,167732,32946029,29393272,3552757,57414,6942,1711,876032,271080,118561,152519,97910,0,2520888033290.24,0,prefix_first,sampled,16,3,onpolicy,250429,528487546.88,35840,32505856,301257174136.832,526336,4428554240,406706791397.37585,672768,7174776832,552656361672.7043,868972,10295080960,597380603779.0719,690057,10334103552,398995037466.62415,463360,7231031296,263363577290.75223,295424,4800555008,5712,47202963,95362,16705860,2183680,18889540,4265,508416,993,54.38106560707092,9997,11,53633098,110318,3552757,6942,44858593,91679,0,0,563656,1119,137216,268,8310637,16276,7746981,15157,477430,947,738816,1443,7021488,13743,6544058,12796,3304630,7920,0,0,33872184,71646,30567554,63726,0,0,0,0,0,0,0,0,4345716,876032,1917118,49204309,16208157,True,1.0,0.3540233301781109,0.04279070613348506,0.39681403631159595,0.010551250163050606,0.6459766698218892,0.04279070613348506,0.5402933188576111,0.006788879244028132,0.0016526797450014978,0.10009635492916287,0.09330747568513474,0.005750341728778459,0.008898570418049109,0.08456937235724024,0.07881903062846178,0.039802173694935716,0.0,0.40796898623895034,0.3681668125440146,0.0,0.0,0.0,0.0,0.05234139466774231,0.010551250163050606,0.0230904711358572,0.5926347135253535,0.1952169774494537,unavailable_for_cell,152519,65195,18950,97910,36458,33859,11990,0.345817587580431,0.32887157825442975,122226,42597,127729346560,44499894272,1.248350525993259
toolagent_trace,0.0025,4.0,"l1=0.0025,l2x4",binary,3,1,pi1,lru,446163482,learned,1784653926,tree,union,9997,83026370,167732,32068425,29393272,2675153,57414,5235,1869,955468,271080,94095,176985,75572,0,2521203181055.9995,0,prefix_first,sampled,16,3,onpolicy,252557,1123030138.88,36864,32505856,187562898507.77612,333180,2810626048,292608579385.34393,488960,4572682240,458407120246.784,715087,6842722304,603540432525.3118,466694,7320051712,535139153500.1598,344576,5345300480,442821966751.74384,289792,3749617664,5712,47202963,95362,16705860,1556679,18262539,3045,666624,1302,53.28570771217346,9997,19,53633098,110318,2675153,5235,45648468,93236,0,0,701012,1383,50121,100,10559308,20659,9858296,19276,398699,788,905347,1769,5570985,10909,5172286,10121,3254298,7807,0,0,33872184,71646,30617886,63839,0,0,0,0,0,0,0,0,4354009,955468,2055179,50002477,17085761,True,1.0,0.3540233301781109,0.03222052222685395,0.38624385240496484,0.011508006432173297,0.6459766698218892,0.03222052222685395,0.5498068625666761,0.00844324520028998,0.0006036756755715082,0.12718017179361207,0.11873692659332209,0.004802076737788247,0.010904330756601788,0.06709898313029945,0.062296906392511196,0.03919595665810754,0.0,0.40796898623895034,0.3687730295808428,0.0,0.0,0.0,0.0,0.05244127859618577,0.011508006432173297,0.024753328370251525,0.6022481411628618,0.20578716135608482,not_applicable_to_updated_policy,176985,78151,16817,75572,25048,28042,7947,0.37106335679881436,0.31727083998722455,143776,30042,149740429312,31246047232,1.902503572751813
toolagent_trace,0.0025,4.0,"l1=0.0025,l2x4",binary,3,2,pi2,lru,446163482,learned,1784653926,tree,union,9997,83026370,167732,31799962,29393272,2406690,57414,4704,3477,1779439,271080,101130,169950,80984,0,2520974046877.697,0,prefix_first,sampled,16,3,onpolicy,250934,493886636.032,34816,31457280,126971608543.23204,307200,2668623872,233100436680.70404,461312,4898101248,411834856392.70416,636956,7965440000,622431089895.4242,452870,9461336064,564735057731.5844,331776,7510675456,561407110998.0159,181760,5707812864,5712,47202963,95362,16705860,1515008,18220868,2959,962156,1880,53.751816749572754,9997,12,53633098,110318,2406690,4704,45092180,92152,0,0,738703,1457,305283,597,9253838,18112,8515135,16655,355210,707,1474156,2880,6320947,12379,5965737,11672,3260876,7821,0,0,33872184,71646,30611308,63825,0,0,0,0,0,0,0,0,4354789,1779439,2873352,49446969,17354224,True,1.0,0.3540233301781109,0.0289870555583726,0.3830103857364835,0.0214322148493304,0.6459766698218892,0.0289870555583726,0.543106726212407,0.008897209404674684,0.0036769402299534474,0.11145661312183106,0.10255940371715637,0.004278279298492756,0.01775527461937695,0.07613180005340472,0.07185352075491197,0.039275184498611705,0.0,0.40796898623895034,0.36869380174033867,0.0,0.0,0.0,0.0,0.052450673201779145,0.0214322148493304,0.034607703552497836,0.5955573994141862,0.20902062802456617,not_applicable_to_updated_policy,169950,70889,18444,80984,31236,30207,10726,0.3729996048602193,0.343385836854911,262157,73668,274323847168,77042698240,3.237145609009187
toolagent_trace,0.0025,4.0,"l1=0.0025,l2x4",binary,3,3,pi3,lru,446163482,learned,1784653926,tree,union,9997,83026370,167732,31898183,29393272,2504911,57414,4899,1800,920457,271080,90469,180611,72570,0,2521241483163.6484,0,prefix_first,sampled,16,3,onpolicy,253181,736105594.88,36352,32505856,155991137830.91202,282624,2360166400,270667667984.384,451072,4067033088,450731696691.2,667855,6458159104,604189451382.784,403968,7137751040,578366267865.0881,328704,5564542976,460559155814.4,334336,4182849536,5712,47202963,95362,16705860,1465947,18171807,2867,614912,1201,52.90481352806091,9997,14,53633098,110318,2504911,4899,45852283,93636,0,0,763714,1509,76681,152,10931131,21391,10167417,19882,339240,669,843776,1648,5404415,10582,5065175,9913,3252493,7805,0,0,33872184,71646,30619691,63841,0,0,0,0,0,0,0,0,4355447,920457,2023411,50207730,17256003,True,1.0,0.3540233301781109,0.030170065245535845,0.3841933954236467,0.011086321129058153,0.6459766698218892,0.030170065245535845,0.5522616850525923,0.009198451046336242,0.0009235740403922272,0.13165854414687767,0.12246009310054143,0.004085930771151382,0.010162747088665927,0.0650927530614671,0.06100682229031572,0.03917421657721517,0.0,0.40796898623895034,0.3687947696617352,0.0,0.0,0.0,0.0,0.05245859839470279,0.011086321129058153,0.024370702946545777,0.6047202834472951,0.2078376183374029,not_applicable_to_updated_policy,180611,79056,16192,72570,24553,27051,7710,0.37275733774286895,0.3140145807029691,184846,35006,192749488128,36468264960,2.5471406917459003
toolagent_trace,0.0025,4.0,"l1=0.0025,l2x4",binary,4,0,pi0,lru,446163482,learned,1784653926,tree,union,9997,83026370,167732,32953066,29393272,3559794,57414,6955,1718,879616,271080,118742,152338,98056,0,2520958802460.672,0,prefix_first,sampled,16,4,onpolicy,250394,619714707.4560001,35840,32505856,300744740063.2319,529920,4443187200,406257156763.64795,678400,7166386176,550336277813.2477,874604,10302169088,599384562892.8,701190,10354761728,400087839283.20026,444416,7216652288,263528510937.088,295424,4768575488,5712,47202963,95362,16705860,2168832,18874692,4236,531456,1038,54.739585638046265,9997,10,53633098,110318,3559794,6955,44848792,91658,0,0,570234,1132,167424,327,8335618,16322,7765384,15190,467894,929,712192,1391,6985886,13677,6517992,12748,3306768,7926,0,0,33872184,71646,30565416,63720,0,0,0,0,0,0,0,0,4344896,879616,1917744,49193688,16201120,True,1.0,0.3540233301781109,0.042875462338049945,0.39689879251616084,0.010594417171315571,0.6459766698218892,0.042875462338049945,0.5401752720250205,0.0068681070845323,0.0020165159575204843,0.10039723523984007,0.09352912815530777,0.005635486653216322,0.008577901213795086,0.08414056883373319,0.07850508218051687,0.03982792454975449,0.0,0.40796898623895034,0.36814106168919586,0.0,0.0,0.0,0.0,0.05233151828750311,0.010594417171315571,0.023098010909064194,0.5925067903125236,0.19513222124488883,unavailable_for_cell,152338,65174,18985,98056,36459,33555,11649,0.3422024149465612,0.3195095861104254,122076,41002,127599339520,42854066176,1.244962062494901
toolagent_trace,0.0025,4.0,"l1=0.0025,l2x4",binary,4,1,pi1,lru,446163482,learned,1784653926,tree,union,9997,83026370,167732,31941540,29393272,2548268,57414,4986,2008,1026595,271080,94146,176934,75706,0,2521248406245.3755,0,prefix_first,sampled,16,4,onpolicy,252640,1123030138.88,36864,32505856,186677382420.47995,329084,2751907840,294352660529.15204,483840,4570050560,460383340343.2957,694055,6840612864,602091725647.8717,439689,7307644928,535260038748.1602,290816,5238532096,441360228417.5357,273920,3720929280,5712,47202963,95362,16705860,1542303,18248163,3015,646873,1264,53.472265005111694,9997,18,53633098,110318,2548268,4986,45705791,93345,0,0,712989,1408,79043,155,10543556,20626,9830567,19218,385434,763,947552,1853,5642495,11052,5257061,10289,3254021,7808,0,0,33872184,71646,30618163,63838,0,0,0,0,0,0,0,0,4352444,1026595,2125018,50058235,17212646,True,1.0,0.3540233301781109,0.03069227282850015,0.384715603006611,0.012364686062994203,0.6459766698218892,0.03069227282850015,0.5504972817672265,0.008587500573612938,0.0009520228332275637,0.1269904489380904,0.11840294836447746,0.004642308220870068,0.01141266322976664,0.06796027575335402,0.06331796753248396,0.039192620368685274,0.0,0.40796898623895034,0.3687763658702651,0.0,0.0,0.0,0.0,0.05242242916316828,0.012364686062994203,0.02559449485747721,0.6029197109303948,0.20731541075443863,not_applicable_to_updated_policy,176934,78313,16732,75706,25004,27873,7914,0.36817425303146384,0.31650935850263956,142312,31330,148244039680,32626464768,1.8797981665918158
toolagent_trace,0.0025,4.0,"l1=0.0025,l2x4",binary,4,2,pi2,lru,446163482,learned,1784653926,tree,union,9997,83026370,167732,31893392,29393272,2500120,57414,4884,3288,1682694,271080,99573,171507,79443,0,2520964904204.288,0,prefix_first,sampled,16,4,onpolicy,250950,465572986.88000005,34816,32505856,126748847669.24792,315392,2620809216,232369770291.20023,478720,4727429120,413211971061.76013,670744,7876966400,621759468021.7599,484864,9199245312,566573322151.9359,340992,7286700032,559835952021.5039,174592,5604481024,5712,47202963,95362,16705860,1552896,18258756,3033,930304,1817,52.980737924575806,9997,9,53633098,110318,2500120,4884,45095771,92158,0,0,751527,1484,197382,387,9407637,18411,8656110,16927,342348,683,1485312,2901,6170463,12089,5828115,11406,3260638,7821,0,0,33872184,71646,30611546,63825,0,0,0,0,0,0,0,0,4354513,1682694,2776569,49450284,17260794,True,1.0,0.3540233301781109,0.030112360687333434,0.3841356908654443,0.020266982646597702,0.6459766698218892,0.030112360687333434,0.543149977531235,0.00905166635612276,0.002377341078503131,0.11330902459062103,0.10425735823449826,0.004123364661131156,0.01788964156809457,0.0743193156583866,0.07019595099725545,0.03927231793946911,0.0,0.40796898623895034,0.3686966682994812,0.0,0.0,0.0,0.0,0.052447348956723025,0.020266982646597702,0.03344201366385162,0.5955973264879579,0.20789532289560533,not_applicable_to_updated_policy,171507,71768,18428,79443,30365,29464,10405,0.3708822677894843,0.3426642516054668,254646,69611,266459811840,72790851584,3.2053925455987313
toolagent_trace,0.0025,4.0,"l1=0.0025,l2x4",binary,4,3,pi3,lru,446163482,learned,1784653926,tree,union,9997,83026370,167732,31940703,29393272,2547431,57414,4982,1836,938953,271080,90147,180933,72013,0,2521243817082.8794,0,prefix_first,sampled,16,4,onpolicy,252946,729814138.8800001,36352,32505856,154021610764.288,286720,2383833088,266119056005.12006,453120,4102344704,448916058497.02374,666855,6441840640,599765390106.6237,415232,7295436800,584209871206.4,353280,5613887488,467482016364.54407,335872,4184737792,5712,47202963,95362,16705860,1467452,18173312,2869,634880,1240,53.64181900024414,9997,15,53633098,110318,2547431,4982,45790789,93518,0,0,767343,1512,40774,81,10898111,21321,10130768,19809,333539,662,898179,1755,5376419,10533,5042880,9871,3255043,7808,0,0,33872184,71646,30617141,63838,0,0,0,0,0,0,0,0,4355925,938953,2039835,50146714,17213483,True,1.0,0.3540233301781109,0.030682191694036486,0.38470552187214735,0.011309093725282703,0.6459766698218892,0.030682191694036486,0.5515210288008496,0.009242160051077747,0.0004910969852108432,0.13126083917675793,0.1220186791256802,0.004017265839756694,0.01081799674007186,0.06475555898686164,0.06073829314710495,0.03920492971088583,0.0,0.40796898623895034,0.36876405652806454,0.0,0.0,0.0,0.0,0.052464355601720275,0.011309093725282703,0.024568519616117144,0.6039853844025699,0.20732549188890229,not_applicable_to_updated_policy,180933,78953,16430,72013,24537,26725,7751,0.37111354894255205,0.315890288136284,183845,35859,191717298176,37356500992,2.5529418299473705
toolagent_trace,0.0025,4.0,"l1=0.0025,l2x4",next_use,0,0,pi0,lru,446163482,learned,1784653926,tree,union,9997,83026370,167732,33001060,29393272,3607788,57414,7053,1622,830147,271080,105878,165202,84483,0,2521062280990.72,0,prefix_first,sampled,16,0,onpolicy,249685,931141779.4560001,36352,32505856,247371026327.55203,485376,3698487296,358323158927.3603,669184,6171967488,506771586009.0882,911072,8912646144,609152323205.1202,719372,8903088128,457771408656.3838,484864,6224672768,340741636085.7598,301568,4193257472,5712,47202963,95362,16705860,2142828,18848688,4186,441856,863,55.4639310836792,9997,15,53633098,110318,3607788,7053,44844543,91661,0,0,634548,1252,243907,477,9705927,18993,9071379,17741,446607,889,586240,1145,5617052,11004,5170445,10115,3269465,7841,0,0,33872184,71646,30602719,63805,0,0,0,0,0,0,0,0,4350620,830147,1911302,49195163,16153126,True,1.0,0.3540233301781109,0.04345351964683028,0.39747684982494114,0.009998594422470837,0.6459766698218892,0.04345351964683028,0.5401240955132689,0.00764272844880488,0.0029377052134159304,0.11690173856811999,0.1092590101193151,0.0053790982310800775,0.007060889209054906,0.06765383094551768,0.06227473271443759,0.03937863355943419,0.0,0.40796898623895034,0.3685903526795162,0.0,0.0,0.0,0.0,0.052400460239319144,0.009998594422470837,0.023020421102355793,0.592524555752588,0.1945541639361085,unavailable_for_cell,165202,71081,19690,84483,30544,26298,8586,0.31128155960370724,0.2811026715557884,91339,28181,95287728128,29342668800,1.081152421197164
toolagent_trace,0.0025,4.0,"l1=0.0025,l2x4",next_use,0,1,pi1,lru,446163482,learned,1784653926,tree,union,9997,83026370,167732,32829661,29393272,3436389,57414,6729,1357,694784,271080,99312,171768,79183,0,2521177726875.6475,0,prefix_first,sampled,16,0,onpolicy,250951,937434284.0320002,35840,31457280,230937993082.87988,447603,3330402304,349634158964.73566,630581,5468614656,509534809845.7598,875572,8143341568,619107315867.6481,687378,8797796352,458902989197.312,475255,6349504512,352123025633.27985,284160,4297529344,5712,47202963,95362,16705860,2080416,18786276,4068,412672,806,56.146379232406616,9997,31,53633098,110318,3436389,6729,45155929,92266,0,0,650721,1284,120320,235,9450349,18488,8799628,17204,423270,838,574464,1122,6179392,12098,5756122,11260,3272005,7844,0,0,33872184,71646,30600179,63802,0,0,0,0,0,0,0,0,4345996,694784,1768775,49501925,16324525,True,1.0,0.3540233301781109,0.041389127333881996,0.3954124575119929,0.008368232887936687,0.6459766698218892,0.041389127333881996,0.5438745425098074,0.00783752198247376,0.0014491781346095223,0.11382346355742158,0.10598594157494781,0.0050980188583458486,0.006919054753327165,0.07442685980369851,0.06932884094535266,0.0394092262494434,0.0,0.40796898623895034,0.36855975998950696,0.0,0.0,0.0,0.0,0.052344767090263006,0.008368232887936687,0.021303773728756296,0.5962193096000704,0.19661855624905678,not_applicable_to_updated_policy,171768,72801,18421,79183,29416,29142,9954,0.3680335425533258,0.33838727223279846,136108,40707,142214123520,42523154432,1.7189043102686183
toolagent_trace,0.0025,4.0,"l1=0.0025,l2x4",next_use,0,2,pi2,lru,446163482,learned,1784653926,tree,union,9997,83026370,167732,32477297,29393272,3084025,57414,6032,2121,1085635,271080,98533,172547,78292,0,2521218602598.3994,0,prefix_first,sampled,16,0,onpolicy,250839,849353900.0320001,35840,32505856,204478360412.15988,411398,3023245312,323720507584.5119,591872,5088575488,492050471970.81604,826343,7842844672,624943426643.9678,631820,8679317504,487329773246.46375,417792,6336073728,387846708840.448,168960,4463767552,5712,47202963,95362,16705860,1815549,18521409,3548,630272,1231,55.83323645591736,9997,19,53633098,110318,3084025,6032,45115242,92187,0,0,690606,1363,180419,353,9710826,19001,9020220,17638,385038,768,905216,1768,5880428,11518,5495390,10750,3272552,7847,0,0,33872184,71646,30599632,63799,0,0,0,0,0,0,0,0,4348196,1085635,2161279,49463438,16676889,True,1.0,0.3540233301781109,0.03714512630143893,0.3911684564795498,0.013075785440216163,0.6459766698218892,0.03714512630143893,0.5433844933844513,0.00831791152618138,0.0021730324955794166,0.1169607439178661,0.10864283239168472,0.004637538651876506,0.010902752944636745,0.07082602792341758,0.06618848927154108,0.03941581451772491,0.0,0.40796898623895034,0.3685531717212254,0.0,0.0,0.0,0.0,0.0523712646957828,0.013075785440216163,0.02603123561827405,0.5957557580802341,0.20086255728149985,not_applicable_to_updated_policy,172547,73898,18535,78292,28251,28835,9701,0.36830072038011546,0.3433860748292096,153555,44607,160505276416,46606798848,1.9613115005364532
toolagent_trace,0.0025,4.0,"l1=0.0025,l2x4",next_use,0,3,pi3,lru,446163482,learned,1784653926,tree,union,9997,83026370,167732,32485227,29393272,3091955,57414,6051,2128,1089143,271080,98691,172389,78427,0,2521190542157.824,0,prefix_first,sampled,16,0,onpolicy,250816,1009783930.8800001,35840,32505856,208073707094.01602,422662,3095961600,328432167987.2002,609475,5243123712,495515026429.9517,834971,7941619712,619748637423.6157,606863,8627910656,488661431820.2882,404992,6275502080,379749787471.8724,177152,4298919936,5712,47202963,95362,16705860,1827837,18533697,3572,602624,1177,55.82378053665161,9997,24,53633098,110318,3091955,6051,45105675,92166,0,0,684040,1350,182272,356,9779242,19130,9095202,17780,388485,772,906871,1772,5800574,11363,5412089,10591,3273800,7851,0,0,33872184,71646,30598384,63795,0,0,0,0,0,0,0,0,4346325,1089143,2161668,49452000,16668959,True,1.0,0.3540233301781109,0.03724063812497162,0.3912639683030825,0.01311803707665408,0.6459766698218892,0.03724063812497162,0.5432692649335386,0.008238828218070957,0.0021953507060467657,0.11778477127206693,0.10954594305399598,0.004679055581979556,0.010922686370607315,0.06986423710924614,0.06518518152726657,0.039430845886674316,0.0,0.40796898623895034,0.36853814035227606,0.0,0.0,0.0,0.0,0.05234872968672483,0.01311803707665408,0.026035920876704595,0.5956179946202634,0.20076704545796714,not_applicable_to_updated_policy,172389,73729,18558,78427,28397,28567,9590,0.36424955691279787,0.3377117301123358,142065,42798,148420679680,44715702272,1.8114297372078494
toolagent_trace,0.0025,4.0,"l1=0.0025,l2x4",next_use,1,0,pi0,lru,446163482,learned,1784653926,tree,union,9997,83026370,167732,33069684,29393272,3676412,57414,7187,1467,750787,271080,105943,165137,84585,0,2521034137489.4087,0,prefix_first,sampled,16,1,onpolicy,249722,1006638202.8800002,36352,32505856,247528915136.51205,486912,3726188544,360181871101.9522,673792,6111991808,505069214377.9838,936176,8838297600,608885215510.5283,760844,8908072960,457116109285.376,494592,6164961280,341246173874.1761,287744,4237701120,5712,47202963,95362,16705860,2165376,18871236,4231,411648,804,56.351892709732056,9997,15,53633098,110318,3676412,7187,44855165,91682,0,0,622012,1229,111299,218,9698004,18975,9075992,17746,460151,914,639488,1249,5635711,11043,5175560,10129,3268571,7839,0,0,33872184,71646,30603613,63807,0,0,0,0,0,0,0,0,4350734,750787,1832950,49205899,16084502,True,1.0,0.3540233301781109,0.044280052229189355,0.39830338240730023,0.009042753525175194,0.6459766698218892,0.044280052229189355,0.5402520307704649,0.007491740274806667,0.0013405259076122442,0.11680631105515031,0.10931457078034364,0.0055422271261528116,0.00770222761756295,0.06787856677342391,0.0623363396472711,0.03936786589610024,0.0,0.40796898623895034,0.3686011203428501,0.0,0.0,0.0,0.0,0.05240183329705972,0.009042753525175194,0.022076720926134673,0.5926538640675245,0.19372763135374943,unavailable_for_cell,165137,71161,19654,84585,30487,26204,8560,0.3097948808890465,0.2807754124708892,88908,27663,92743243776,28828413952,1.0511083525447775
toolagent_trace,0.0025,4.0,"l1=0.0025,l2x4",next_use,1,1,pi1,lru,446163482,learned,1784653926,tree,union,9997,83026370,167732,32672050,29393272,3278778,57414,6418,1773,907395,271080,98361,172719,78074,0,2521183888832.512,0,prefix_first,sampled,16,1,onpolicy,250793,1009784979.4560002,35840,32505856,227635155873.792,442483,3293224960,344472187836.4162,630979,5344303104,504902304442.3679,862709,7985885184,620998209216.5121,674447,8695228416,465210132484.09576,430080,6246195200,356956113999.87213,202240,4279910400,5712,47202963,95362,16705860,2005007,18710867,3919,505856,988,56.05213785171509,9997,28,53633098,110318,3278778,6418,45101239,92158,0,0,657255,1300,116355,228,9586815,18759,8929560,17459,416855,823,791040,1545,5987926,11722,5571071,10899,3271576,7846,0,0,33872184,71646,30600608,63800,0,0,0,0,0,0,0,0,4345686,907395,1981505,49446925,16482136,True,1.0,0.3540233301781109,0.039490802741345914,0.3935141329194568,0.010928997618467481,0.6459766698218892,0.039490802741345914,0.5432158361253178,0.007916219870867533,0.0014014222228431762,0.11546711002781405,0.10755089015694652,0.005020754249523375,0.009527575395624306,0.07212077319531132,0.06710001894578795,0.03940405921636704,0.0,0.40796898623895034,0.3685649270225833,0.0,0.0,0.0,0.0,0.05234103333675795,0.010928997618467481,0.02386597173885839,0.5955568694620758,0.19851688084159286,not_applicable_to_updated_policy,172719,73396,18580,78074,28718,28646,9584,0.3669083177498271,0.33372797548575805,133687,38409,139679234048,40107655168,1.712311396879883
toolagent_trace,0.0025,4.0,"l1=0.0025,l2x4",next_use,1,2,pi2,lru,446163482,learned,1784653926,tree,union,9997,83026370,167732,32668170,29393272,3274898,57414,6406,1842,942330,271080,97930,173150,77563,0,2521175114207.231,0,prefix_first,sampled,16,1,onpolicy,250713,893390946.3040001,35840,32505856,205064283099.13614,416768,3005147136,320946046179.32776,599235,5104820224,491460349519.87195,846656,7764836352,627075509510.1434,662159,8556597248,492052833677.31195,465920,6386675712,383682701275.13574,248320,4413958144,5712,47202963,95362,16705860,1972352,18678212,3854,481792,941,56.31637477874756,9997,20,53633098,110318,3274898,6406,45067271,92093,0,0,686899,1359,130298,256,9709478,19000,9022579,17641,392074,777,812032,1586,5834208,11424,5442134,10647,3269626,7841,0,0,33872184,71646,30602558,63805,0,0,0,0,0,0,0,0,4348599,942330,2021303,49415870,16486016,True,1.0,0.3540233301781109,0.03944407060070192,0.3934674007788128,0.011349767549755578,0.6459766698218892,0.03944407060070192,0.5428067130960923,0.008273263060880538,0.0015693568200079084,0.11694450811230216,0.10867124505142162,0.004722282812075248,0.00978041072974767,0.07026933732017912,0.06554705450810387,0.03938057270238359,0.0,0.40796898623895034,0.36858841353656674,0.0,0.0,0.0,0.0,0.05237611857533938,0.011349767549755578,0.024345313422711363,0.5951828316714316,0.19856361298223685,not_applicable_to_updated_policy,173150,73970,18662,77563,28087,28501,9457,0.3674561324342792,0.33670381315199205,151098,42863,157786470400,44748259328,1.9480680221239508
toolagent_trace,0.0025,4.0,"l1=0.0025,l2x4",next_use,1,3,pi3,lru,446163482,learned,1784653926,tree,union,9997,83026370,167732,32686523,29393272,3293251,57414,6443,1800,921106,271080,99168,171912,78797,0,2521193617741.824,0,prefix_first,sampled,16,1,onpolicy,250709,927997100.0320001,35840,32505856,214050259324.92795,433414,3203385344,331761220548.608,619203,5361577984,497664752728.0639,869355,7969056768,617963489861.6317,644239,8664145920,482461223467.00824,446464,6235105280,376364674711.55225,244736,4300648448,5712,47202963,95362,16705860,1932797,18638657,3777,506386,990,55.830406665802,9997,22,53633098,110318,3293251,6443,45070255,92100,0,0,674003,1332,139776,273,9681573,18944,9007570,17612,402004,796,781330,1527,5864984,11485,5462980,10689,3272479,7847,0,0,33872184,71646,30599705,63799,0,0,0,0,0,0,0,0,4348486,921106,1997113,49418741,16467663,True,1.0,0.3540233301781109,0.03966512085256768,0.39368845103067857,0.011094137922686492,0.6459766698218892,0.03966512085256768,0.54284265348467,0.008117938915069995,0.0016835133223336153,0.11660841007501592,0.10849047115994594,0.004841883367898657,0.009410624600352876,0.07064001473266866,0.06579813136477002,0.039414935278996296,0.0,0.40796898623895034,0.368554050959954,0.0,0.0,0.0,0.0,0.052374757561964955,0.011094137922686492,0.02405396020565514,0.595217411046635,0.1983425627303711,not_applicable_to_updated_policy,171912,73475,18667,78797,28588,28981,9645,0.36779319009606964,0.33737931999440324,140745,41502,147051632640,43341531136,1.786172062388162
toolagent_trace,0.0025,4.0,"l1=0.0025,l2x4",next_use,2,0,pi0,lru,446163482,learned,1784653926,tree,union,9997,83026370,167732,32982052,29393272,3588780,57414,7017,1679,859648,271080,106436,164644,85022,0,2521056482549.7603,0,prefix_first,sampled,16,2,onpolicy,249666,956309700.608,36352,32505856,244360929536.0,483840,3715028992,357072852195.32794,674304,6122381312,506494465673.2161,906912,8911892480,613982419523.5844,714252,8986267648,459543903752.19196,477696,6254686208,338645602168.8321,295424,4193161216,5712,47202963,95362,16705860,2138240,18844100,4178,446464,872,56.6909613609314,9997,17,53633098,110318,3588780,7017,44836094,91642,0,0,640111,1266,159232,311,9634810,18854,8994699,17588,436377,865,700416,1368,5677676,11122,5241299,10257,3272088,7849,0,0,33872184,71646,30600096,63797,0,0,0,0,0,0,0,0,4348576,859648,1936136,49184670,16172134,True,1.0,0.3540233301781109,0.043224580335139304,0.3972479105132502,0.010353915268125055,0.6459766698218892,0.043224580335139304,0.5400223326637067,0.007709731257671508,0.001917848510057708,0.11604517938096053,0.10833544812328902,0.005255884365413061,0.008436066758067346,0.06838400859871388,0.06312812423330082,0.039410225931833465,0.0,0.40796898623895034,0.3685587603071169,0.0,0.0,0.0,0.0,0.052375841554918035,0.010353915268125055,0.023319530891209625,0.5923981742186247,0.19478310324779946,unavailable_for_cell,164644,70991,19709,85022,30613,26412,8666,0.31064900849191973,0.283082350635351,90682,28147,94603560960,29333540864,1.0665710051516077
toolagent_trace,0.0025,4.0,"l1=0.0025,l2x4",next_use,2,1,pi1,lru,446163482,learned,1784653926,tree,union,9997,83026370,167732,32581008,29393272,3187736,57414,6241,1748,894202,271080,100919,170161,80930,0,2521201189754.88,0,prefix_first,sampled,16,2,onpolicy,251091,921704595.4560002,35840,32505856,222283809351.68008,428806,3285233664,341829416198.14386,611523,5552207872,506314040154.1122,852928,8227063808,619712640514.0477,640143,8994412544,467140036421.63226,424960,6562011136,362999542519.808,193536,4502683648,5712,47202963,95362,16705860,1892398,18598258,3700,567296,1108,55.985702991485596,9997,28,53633098,110318,3187736,6241,45203873,92360,0,0,656074,1296,128131,251,9316379,18228,8660305,16932,421128,833,766071,1497,6362597,12455,5941469,11622,3270085,7840,0,0,33872184,71646,30602099,63806,0,0,0,0,0,0,0,0,4347287,894202,1971404,49551160,16573178,True,1.0,0.3540233301781109,0.03839425955874019,0.3924175897368511,0.010770096295911769,0.6459766698218892,0.03839425955874019,0.5444519976002805,0.007901995474449865,0.0015432566785709167,0.11220987982492792,0.10430788435047805,0.00507221982606249,0.009226839617340853,0.0766334479033589,0.07156122807729641,0.039386101066444315,0.0,0.40796898623895034,0.36858288517250604,0.0,0.0,0.0,0.0,0.052360316366956663,0.010770096295911769,0.023744311596424122,0.5968123139672371,0.19961342402419857,not_applicable_to_updated_policy,170161,72146,18281,80930,30166,30012,10294,0.3708389966637835,0.3412451103891799,146443,45151,152997959680,47159101440,1.809502038798962
toolagent_trace,0.0025,4.0,"l1=0.0025,l2x4",next_use,2,2,pi2,lru,446163482,learned,1784653926,tree,union,9997,83026370,167732,32472150,29393272,3078878,57414,6026,2104,1076855,271080,98315,172765,78124,0,2521162352185.3438,0,prefix_first,sampled,16,2,onpolicy,250889,972037292.0320002,35840,32505856,205798377336.8321,408969,3074066432,324462060224.5121,584387,5162346496,492173167583.2318,806915,7844116480,623989505949.6962,599695,8639565824,490696710621.18365,416768,6365143040,383070493177.85583,226304,4455280640,5712,47202963,95362,16705860,1843840,18549700,3603,576000,1125,56.40011262893677,9997,23,53633098,110318,3078878,6026,45128558,92214,0,0,690575,1364,156672,306,9694182,18968,9003607,17604,388353,769,920183,1798,5910999,11574,5522646,10805,3269879,7841,0,0,33872184,71646,30602305,63805,0,0,0,0,0,0,0,0,4348807,1076855,2155783,49477365,16682036,True,1.0,0.3540233301781109,0.03708313394888877,0.3911064641269997,0.012970035905459917,0.6459766698218892,0.03708313394888877,0.5435448761640428,0.008317538150830875,0.0018870149327255908,0.11676027748774274,0.10844273933691187,0.004677465725648369,0.011083020972734326,0.07119423624084734,0.06651677051519897,0.039383619927018367,0.0,0.40796898623895034,0.368585366311932,0.0,0.0,0.0,0.0,0.052378623803497615,0.012970035905459917,0.02596503978193916,0.5959234999675405,0.20092454963405001,not_applicable_to_updated_policy,172765,73669,18487,78124,28507,29035,9796,0.3716527571552916,0.34363489669204056,152238,44896,159114844160,46901780480,1.9486713429931903
toolagent_trace,0.0025,4.0,"l1=0.0025,l2x4",next_use,2,3,pi3,lru,446163482,learned,1784653926,tree,union,9997,83026370,167732,32594902,29393272,3201630,57414,6267,1852,948224,271080,98333,172747,78092,0,2521208173770.752,0,prefix_first,sampled,16,2,onpolicy,250839,902830227.4560001,35840,31457280,211123049510.91196,411383,3077828608,332236610193.408,592579,5169924096,496747252039.67975,830997,7815350272,621781987948.5441,619663,8523970560,482384483698.68787,432640,6140284928,376031960152.0642,278528,4304242688,5712,47202963,95362,16705860,1867791,18573651,3651,510464,997,55.71881723403931,9997,26,53633098,110318,3201630,6267,45136410,92228,0,0,686512,1353,176640,345,9876503,19323,9189991,17970,388970,773,771584,1507,5734557,11230,5345587,10457,3271352,7845,0,0,33872184,71646,30600832,63801,0,0,0,0,0,0,0,0,4346834,948224,2023706,49483244,16559284,True,1.0,0.3540233301781109,0.0385616039819638,0.3925849341600747,0.01142075704381632,0.6459766698218892,0.0385616039819638,0.5436394485270162,0.008268601891182283,0.002127516835916107,0.11895621836773064,0.11068761647654836,0.004684897099560055,0.009293240207900212,0.06906910418942801,0.06438420708986796,0.03940136127835048,0.0,0.40796898623895034,0.36856762496059986,0.0,0.0,0.0,0.0,0.05235486026909282,0.01142075704381632,0.02437425603455866,0.595994308796109,0.19944607960097496,not_applicable_to_updated_policy,172747,74144,18534,78092,28038,28297,9429,0.3623546586077959,0.3362936015407661,138347,41480,144443420672,43293609984,1.7715899195820315
toolagent_trace,0.0025,4.0,"l1=0.0025,l2x4",next_use,3,0,pi0,lru,446163482,learned,1784653926,tree,union,9997,83026370,167732,33099380,29393272,3706108,57414,7245,1426,730112,271080,106329,164751,84937,0,2521055370246.1445,0,prefix_first,sampled,16,3,onpolicy,249688,1022368940.0320001,36864,32505856,247050837661.69608,486400,3717742592,357536266315.77625,678912,6175139840,506079203524.60803,946416,8969494528,611542104690.6881,742924,8882307072,457206408237.0561,489472,6251247616,340618180876.2878,325120,4186482688,5712,47202963,95362,16705860,2173568,18879428,4247,406528,794,56.79997491836548,9997,15,53633098,110318,3706108,7245,44846636,91665,0,0,651795,1289,112128,219,9723692,19029,9071897,17740,429136,851,617984,1207,5601002,10972,5171866,10121,3269311,7842,0,0,33872184,71646,30602873,63804,0,0,0,0,0,0,0,0,4350242,730112,1811043,49196878,16054806,True,1.0,0.3540233301781109,0.04463772172624192,0.3986610519043528,0.00879373625511991,0.6459766698218892,0.04463772172624192,0.5401493043716111,0.007850457631713876,0.0013505106871467463,0.11711570673269228,0.1092652491009784,0.005168671110154521,0.007443225567973164,0.06746051886888467,0.062291847758730146,0.039376778727047805,0.0,0.40796898623895034,0.3685922075119025,0.0,0.0,0.0,0.0,0.0523959074689162,0.00879373625511991,0.021812864996988306,0.5925452118405273,0.19336996185669686,unavailable_for_cell,164751,70969,19688,84937,30661,26408,8613,0.31091279418863393,0.28091060304621507,90112,27685,93969195008,28843089920,1.0609275109787255
toolagent_trace,0.0025,4.0,"l1=0.0025,l2x4",next_use,3,1,pi1,lru,446163482,learned,1784653926,tree,union,9997,83026370,167732,32585377,29393272,3192105,57414,6251,1808,924922,271080,99007,172073,78945,0,2521195081039.8726,0,prefix_first,sampled,16,3,onpolicy,251018,918559916.0320001,35840,32505856,221267327369.21606,429571,3223748608,339657187762.1761,604355,5370210304,505392218347.5201,845780,8029335552,621134077855.7441,634511,8829865984,469862822971.39185,416256,6501416960,362962886817.79224,225792,4412620800,5712,47202963,95362,16705860,1933378,18639238,3781,556544,1087,56.471274614334106,9997,32,53633098,110318,3192105,6251,45170240,92294,0,0,674994,1331,156803,307,9453075,18498,8778081,17167,402277,796,768119,1501,6190812,12115,5788535,11319,3268560,7838,0,0,33872184,71646,30603624,63808,0,0,0,0,0,0,0,0,4345831,924922,2002193,49516071,16568809,True,1.0,0.3540233301781109,0.03844688139442926,0.39247021157254014,0.011140099223897179,0.6459766698218892,0.03844688139442926,0.5440469094337137,0.008129874881920046,0.0018885927446906326,0.11385629649953383,0.10572642161761378,0.004845171479856339,0.009251506479206546,0.0745644064650785,0.06971923498522216,0.03936773340807264,0.0,0.40796898623895034,0.3686012528308777,0.0,0.0,0.0,0.0,0.052342779769849024,0.011140099223897179,0.024115145585673563,0.5963896892035627,0.1995608021885095,not_applicable_to_updated_policy,172073,72904,18352,78945,29340,29303,10014,0.3711824688073976,0.3413087934560327,140977,41596,147240361984,43442597888,1.7857622395338526
toolagent_trace,0.0025,4.0,"l1=0.0025,l2x4",next_use,3,2,pi2,lru,446163482,learned,1784653926,tree,union,9997,83026370,167732,32491498,29393272,3098226,57414,6060,2100,1074819,271080,100362,170718,80126,0,2521174186239.9995,0,prefix_first,sampled,16,3,onpolicy,250844,921705644.0320001,35328,32505856,203893972047.87198,402694,3074465792,322719551064.064,585216,5219770368,490903972485.12,813408,8000825344,621843135465.4718,600076,8715886592,491163247507.4558,425984,6530111488,389728602025.98395,235520,4509294592,5712,47202963,95362,16705860,1877501,18583361,3669,542208,1059,56.484930992126465,9997,19,53633098,110318,3098226,6060,45112054,92180,0,0,689158,1360,147075,288,9623777,18831,8934619,17471,387695,771,927744,1812,5964092,11681,5576397,10910,3271146,7847,0,0,33872184,71646,30601038,63799,0,0,0,0,0,0,0,0,4347999,1074819,2151672,49460053,16662688,True,1.0,0.3540233301781109,0.037316168345069164,0.39133949852318006,0.012945513575987966,0.6459766698218892,0.037316168345069164,0.5433460959451798,0.008300471284002901,0.0017714251508285862,0.11591229388927879,0.1076118226052759,0.0046695405327247235,0.01117408842515938,0.07183370777260285,0.06716416723987813,0.039398880138924536,0.0,0.40796898623895034,0.36857010610002583,0.0,0.0,0.0,0.0,0.05236889195565216,0.012945513575987966,0.02591552539271559,0.595714987900832,0.2006915152378696,not_applicable_to_updated_policy,170718,73019,18532,80126,29123,29191,9724,0.36431370591318674,0.33389417299041996,151874,45196,158711986176,47213119488,1.8954396825000623
toolagent_trace,0.0025,4.0,"l1=0.0025,l2x4",next_use,3,3,pi3,lru,446163482,learned,1784653926,tree,union,9997,83026370,167732,32493952,29393272,3100680,57414,6068,2103,1075471,271080,97486,173594,77231,0,2521225379479.552,0,prefix_first,sampled,16,3,onpolicy,250825,946871468.0320001,35840,32505856,201277831315.45593,408311,2967785472,321453650989.0562,597504,5033934848,492555678980.0959,833535,7772409856,624493397182.4642,630034,8472463360,493451695536.12775,419840,6259412992,387046254008.3199,175616,4322347008,5712,47202963,95362,16705860,1822717,18528577,3562,590996,1155,56.14385771751404,9997,24,53633098,110318,3100680,6068,45109606,92174,0,0,707396,1394,235668,461,9895029,19356,9187633,17962,369843,737,839803,1642,5689734,11145,5319891,10408,3270102,7842,0,0,33872184,71646,30602082,63804,0,0,0,0,0,0,0,0,4347341,1075471,2152710,49456947,16660234,True,1.0,0.3540233301781109,0.03734572521958987,0.3913690553977007,0.01295336650271474,0.6459766698218892,0.03734572521958987,0.5433166113368559,0.008520136433761948,0.0028384716807443224,0.11917935229493955,0.11065921586117759,0.0044545245082977854,0.010114894821970418,0.06852923956569461,0.06407471505739683,0.03938630582066878,0.0,0.40796898623895034,0.36858268041828157,0.0,0.0,0.0,0.0,0.052360966762728514,0.01295336650271474,0.025928027444774474,0.5956775780995845,0.2006619583633489,not_applicable_to_updated_policy,173594,74411,18550,77231,27726,28370,9485,0.36733953982209216,0.3420976700569862,146318,41511,152751923200,43342983168,1.894550115886108
toolagent_trace,0.0025,4.0,"l1=0.0025,l2x4",next_use,4,0,pi0,lru,446163482,learned,1784653926,tree,union,9997,83026370,167732,33136740,29393272,3743468,57414,7318,1360,696320,271080,106385,164695,85037,0,2521077159997.4395,0,prefix_first,sampled,16,4,onpolicy,249732,943725740.0320001,36352,32505856,247487289303.03995,487936,3761729536,358886720331.77563,681984,6152478720,506595562051.5842,941280,8980844544,610715702779.9042,770060,8988305408,456276056209.4077,513024,6320189440,340172103581.696,312832,4180881408,5712,47202963,95362,16705860,2158188,18864048,4216,413184,807,56.56365895271301,9997,15,53633098,110318,3743468,7318,44842563,91658,0,0,641966,1267,126976,248,9630937,18844,8988971,17577,437653,871,569344,1112,5690189,11150,5252536,10279,3271128,7844,0,0,33872184,71646,30601056,63802,0,0,0,0,0,0,0,0,4350747,696320,1775939,49193310,16017446,True,1.0,0.3540233301781109,0.0450876992454325,0.3991110294235434,0.008386733034335958,0.6459766698218892,0.0450876992454325,0.540100247668301,0.007732073556871148,0.0015293454356730277,0.11599853155087955,0.10826645799400841,0.005271252976614538,0.006857387598662931,0.06853471975229075,0.06326346677567621,0.03939866334033392,0.0,0.40796898623895034,0.3685703228986164,0.0,0.0,0.0,0.0,0.05240198987381961,0.008386733034335958,0.021390059567821647,0.5925022375421206,0.19291998433750626,unavailable_for_cell,164695,70803,19644,85037,30822,26397,8682,0.31041781812622743,0.28168191551489197,89916,27915,93786427392,29071253504,1.0573750249891223
toolagent_trace,0.0025,4.0,"l1=0.0025,l2x4",next_use,4,1,pi1,lru,446163482,learned,1784653926,tree,union,9997,83026370,167732,32716954,29393272,3323682,57414,6507,1587,811372,271080,98234,172846,78064,0,2521196164712.4487,0,prefix_first,sampled,16,4,onpolicy,250910,927997100.0320001,35840,31457280,225614392819.7121,440967,3263778816,344472172777.47217,620227,5392117760,507060822452.22424,853321,8000274432,620479357540.352,654991,8685611008,465606045513.72815,445952,6289451008,357035376508.928,272384,4330072064,5712,47202963,95362,16705860,2106434,18812294,4119,391282,765,56.51490879058838,9997,30,53633098,110318,3323682,6507,45151778,92257,0,0,656795,1296,174330,342,9535715,18658,8878920,17362,418505,828,637042,1245,6090145,11920,5671640,11092,3270966,7843,0,0,33872184,71646,30601218,63803,0,0,0,0,0,0,0,0,4346266,811372,1886672,49498044,16437232,True,1.0,0.3540233301781109,0.04003164295873709,0.39405497313684795,0.009772461448091734,0.6459766698218892,0.04003164295873709,0.543824546345938,0.007910679462440668,0.002099694350120329,0.11485164291778624,0.10694096345534557,0.005040627453663215,0.007672767097971403,0.07335193625832372,0.06831130880466049,0.03939671215301837,0.0,0.40796898623895034,0.36857227408593196,0.0,0.0,0.0,0.0,0.05234801906912226,0.009772461448091734,0.022723768364195616,0.5961725654150603,0.19797604062420168,not_applicable_to_updated_policy,172846,73315,18464,78064,28893,28970,9809,0.3711057593769215,0.3394939950853148,137015,39728,143162175488,41494446080,1.755162430825989
toolagent_trace,0.0025,4.0,"l1=0.0025,l2x4",next_use,4,2,pi2,lru,446163482,learned,1784653926,tree,union,9997,83026370,167732,32585067,29393272,3191795,57414,6242,1946,995146,271080,97480,173600,77145,0,2521132483715.072,0,prefix_first,sampled,16,4,onpolicy,250745,792729747.4560001,35840,31457280,203409358077.9519,412672,2997299200,321608013568.0,605696,5113526272,491561286873.0877,836071,7763169280,622198552674.3041,614924,8527759360,495960854573.05597,430080,6289524736,385601688201.21594,256512,4441444352,5712,47202963,95362,16705860,1906816,18612676,3726,509440,995,56.17031407356262,9997,17,53633098,110318,3191795,6242,45094785,92150,0,0,701181,1382,205955,403,9788406,19151,9087225,17769,380774,758,789191,1543,5785567,11333,5404793,10575,3269417,7840,0,0,33872184,71646,30602767,63806,0,0,0,0,0,0,0,0,4351372,995146,2077101,49446157,16569119,True,1.0,0.3540233301781109,0.0384431476409242,0.3924664778190351,0.011985902792088826,0.6459766698218892,0.0384431476409242,0.5431381017862157,0.008445280698168545,0.0024805974294672887,0.117895145843423,0.10944986514525445,0.004586181474632698,0.009505305362621539,0.06968348730650274,0.06509730583187004,0.03937805542985921,0.0,0.40796898623895034,0.3685909308090911,0.0,0.0,0.0,0.0,0.05240951760266046,0.011985902792088826,0.02501736496489007,0.5955476193888761,0.19956453594201456,not_applicable_to_updated_policy,173600,74037,18631,77145,28079,28346,9349,0.36743794153866094,0.33295345275828914,148002,40942,154713999360,42760364032,1.9184911530235271
toolagent_trace,0.0025,4.0,"l1=0.0025,l2x4",next_use,4,3,pi3,lru,446163482,learned,1784653926,tree,union,9997,83026370,167732,32492386,29393272,3099114,57414,6067,2127,1088631,271080,99443,171637,79176,0,2521172427495.4233,0,prefix_first,sampled,16,4,onpolicy,250813,953160826.8800001,35840,32505856,212359398860.80005,426743,3185158144,330707045392.38403,608451,5369268224,496733093046.2715,824225,7989374976,618836702177.2798,614031,8658116608,484616905320.44794,412160,6338754560,376966121871.36017,177664,4318783488,5712,47202963,95362,16705860,1819151,18525011,3556,630784,1232,56.35997939109802,9997,28,53633098,110318,3099114,6067,45099682,92155,0,0,675560,1331,119808,234,9657257,18893,8981697,17562,396974,789,968823,1893,5915912,11585,5518938,10796,3273137,7849,0,0,33872184,71646,30599047,63797,0,0,0,0,0,0,0,0,4345671,1088631,2161165,49445353,16661800,True,1.0,0.3540233301781109,0.03732686374220624,0.3913501939203171,0.013111870361187656,0.6459766698218892,0.03732686374220624,0.5431970830472295,0.008136691993158317,0.0014430114191430988,0.1163155392678254,0.10817884727466708,0.004781300206187504,0.011668858942044558,0.07125341021171948,0.06647211000553198,0.039422860471919945,0.0,0.40796898623895034,0.3685461257670304,0.0,0.0,0.0,0.0,0.052340852671265765,0.013111870361187656,0.026029862560533478,0.5955379357184952,0.20068081984073252,not_applicable_to_updated_policy,171637,73358,18562,79176,28754,29049,9858,0.36689148226735374,0.3428392571468317,144243,43396,150766360576,45335476224,1.821802061230676
toolagent_trace,0.01,1.0,"l1=0.01,l2x1",binary,0,0,pi0,lru,1784653926,learned,1784653926,tree,union,9997,83026370,167732,33778369,30578881,3199488,59743,6249,1634,836608,265705,141169,124536,120930,0,2520914364131.328,0,prefix_first,sampled,16,0,onpolicy,245466,374338486.272,1024,5242880,297132740089.8559,453632,5190453248,407786298454.0158,553984,8730001408,553240450783.2324,688128,12748658688,593486667657.2158,757248,12807636992,404200663449.6,466432,8952330240,264693205211.13602,279040,6092843008,5712,47202963,95362,17491966,1941504,19433470,3792,483328,944,53.426047801971436,9997,33,52447489,107989,3199488,6249,44081428,90142,0,0,437419,871,43008,84,6146743,12039,5709324,11168,558882,1104,793600,1550,8392466,16421,7833584,15317,3333664,7989,0,0,33872184,71646,30538520,63657,0,0,0,0,0,0,0,0,4329965,836608,1832909,48411393,15375817,True,1.0,0.3683032390793431,0.038535804949680445,0.40683904402902354,0.010076413072135998,0.6316967609206569,0.038535804949680445,0.5309328590422537,0.005268434594936524,0.0005180040991795739,0.0740336232934187,0.06876518869848218,0.006731379440050192,0.009558408972956423,0.1010819333664714,0.09435055392642121,0.04015186982160005,0.0,0.40796898623895034,0.3678171164173503,0.0,0.0,0.0,0.0,0.05215168385658677,0.010076413072135998,0.022076227107122714,0.5830845428988405,0.1851919697320261,unavailable_for_cell,124536,53831,18537,120930,46298,44486,16529,0.3678657074340528,0.35701326191196164,175708,64273,183699935232,67161622528,1.4529727941784503
toolagent_trace,0.01,1.0,"l1=0.01,l2x1",binary,0,1,pi1,lru,1784653926,learned,1784653926,tree,union,9997,83026370,167732,32795602,30578881,2216721,59743,4337,2242,1147511,265705,106375,159330,87586,0,2521179380662.2715,0,prefix_first,sampled,16,0,onpolicy,246916,1198519222.272,1536,5242880,167058736891.90402,241152,3084728320,274714173353.9839,317952,5136287744,448110949119.9999,463633,7863250944,612885530318.8479,490496,8881199104,550340394588.1599,368640,6842832896,466871077167.10394,333312,5098573824,5712,47202963,95362,17491966,1292394,18784360,2528,687104,1342,52.359033823013306,9997,41,52447489,107989,2216721,4337,44744993,91454,0,0,640091,1258,78967,155,8915949,17437,8275858,16179,418325,829,1068544,2087,6295124,12327,5876799,11498,3279848,7869,0,0,33872184,71646,30592336,63777,0,0,0,0,0,0,0,0,4338264,1147511,2205927,49083257,16358584,True,1.0,0.3683032390793431,0.02669899936610501,0.39500223844544813,0.013821042639826359,0.6316967609206569,0.02669899936610501,0.5389250788634984,0.007709490370348601,0.0009511074614005165,0.10738695428934204,0.09967746391899344,0.005038459467757051,0.012869935178425843,0.07582077838643313,0.07078231891867608,0.039503690213121445,0.0,0.40796898623895034,0.3684652960258289,0.0,0.0,0.0,0.0,0.0522516400512271,0.013821042639826359,0.02656899247793201,0.5911767189147256,0.19702877531560153,not_applicable_to_updated_policy,159330,70135,17067,87586,31289,33349,10806,0.3807571986390519,0.34536098948512256,220530,49588,229603004416,51673622528,2.5178681524444544
toolagent_trace,0.01,1.0,"l1=0.01,l2x1",binary,0,2,pi2,lru,1784653926,learned,1784653926,tree,union,9997,83026370,167732,32467788,30578881,1888907,59743,3690,3849,1970688,265705,107454,158251,87333,0,2520977951145.984,0,prefix_first,sampled,16,0,onpolicy,245584,393212854.27199996,512,5242880,123057691496.44789,218624,2782240768,225822658603.008,304128,5165701120,402738962225.152,410763,8493467648,612092339384.3198,484864,10239524864,586977724725.248,344064,8329363456,569895361857.5363,125952,6455726080,5712,47202963,95362,17491966,1076224,18568190,2102,1131008,2209,52.565749406814575,9997,34,52447489,107989,1888907,3690,44250654,90487,0,0,691318,1363,276480,540,8259734,16160,7568416,14797,356887,710,1694208,3309,6455976,12644,6099089,11934,3289035,7890,0,0,33872184,71646,30583149,63756,0,0,0,0,0,0,0,0,4337240,1970688,3018893,48587894,16686398,True,1.0,0.3683032390793431,0.022750687522530493,0.3910539266018736,0.023735687830264047,0.6316967609206569,0.022750687522530493,0.5329710789475681,0.008326487114876876,0.0033300263518686894,0.0994832605592657,0.09115677344438881,0.004298477700518522,0.020405661478395357,0.07775813876964632,0.0734596610691278,0.03961434180489885,0.0,0.40796898623895034,0.36835464443405147,0.0,0.0,0.0,0.0,0.05223930662029425,0.023735687830264047,0.03636065264565944,0.5852103855678623,0.20097708715917606,not_applicable_to_updated_policy,158251,66279,18420,87333,34194,33601,12262,0.38474574330436373,0.3586009241387378,302605,84043,316731893760,87908714496,3.4649559731144013
toolagent_trace,0.01,1.0,"l1=0.01,l2x1",binary,0,3,pi3,lru,1784653926,learned,1784653926,tree,union,9997,83026370,167732,32710385,30578881,2131504,59743,4167,2207,1129984,265705,105402,160303,86741,0,2521108498110.464,0,prefix_first,sampled,16,0,onpolicy,247044,585102262.2720001,2048,5242880,151888639336.4479,219136,2833547264,268861269909.50394,302080,4862091264,438594706937.8563,442416,7663616000,602721992110.0798,460800,8632135680,584442253123.5841,375296,6881671168,474014534430.71985,329728,5367437312,5712,47202963,95362,17491966,1148968,18640934,2246,684544,1337,53.1943097114563,9997,37,52447489,107989,2131504,4167,44847831,91655,0,0,673825,1327,89088,174,9240698,18072,8566873,16745,385840,766,1040896,2033,6073119,11897,5687279,11131,3278505,7867,0,0,33872184,71646,30593679,63779,0,0,0,0,0,0,0,0,4338170,1129984,2189649,49186001,16443801,True,1.0,0.3683032390793431,0.025672614616296004,0.3939758536956391,0.013609941034396663,0.6316967609206569,0.025672614616296004,0.5401636973891548,0.00811579501789612,0.0010730084911576888,0.11129835015068104,0.10318255513278492,0.004647198233525084,0.012536932543238974,0.07314686888033284,0.06849967064680776,0.03948751462938823,0.0,0.40796898623895034,0.36848147160956213,0.0,0.0,0.0,0.0,0.052250507880809434,0.013609941034396663,0.026372934285817867,0.5924142052699642,0.19805516006541055,not_applicable_to_updated_policy,160303,70680,16944,86741,30957,32667,10327,0.37660391279786953,0.3335917563071357,241485,48224,251335790592,50245888000,2.7839775884529807
toolagent_trace,0.01,1.0,"l1=0.01,l2x1",binary,1,0,pi0,lru,1784653926,learned,1784653926,tree,union,9997,83026370,167732,33772225,30578881,3193344,59743,6237,1631,835072,265705,140944,124761,120761,0,2520892945061.888,0,prefix_first,sampled,16,1,onpolicy,245522,390069223.424,1024,5242880,297066281672.70416,449536,5184845824,407889076033.536,555520,8740378624,552929223841.792,680960,12557854720,593981667622.9121,753664,12731375616,404391609044.9919,474624,8932669440,264245017622.5279,278016,6063538176,5712,47202963,95362,17491966,1939968,19431934,3789,486912,951,53.51158428192139,9997,33,52447489,107989,3193344,6237,44089142,90157,0,0,447846,890,42496,83,6151464,12047,5703618,11157,548911,1086,792576,1548,8395425,16428,7846514,15342,3333174,7988,0,0,33872184,71646,30539010,63658,0,0,0,0,0,0,0,0,4329931,835072,1831829,48419073,15381961,True,1.0,0.3683032390793431,0.03846180436408336,0.40676504344342646,0.010057912925736727,0.6316967609206569,0.03846180436408336,0.531025769282699,0.005394021200734176,0.0005118373837131505,0.07409048474599095,0.06869646354525677,0.006611285065214823,0.009546075542023576,0.10111757264589552,0.09450628758068069,0.04014596808218883,0.0,0.40796898623895034,0.3678230181567615,0.0,0.0,0.0,0.0,0.05215127434813783,0.010057912925736727,0.022063219191685725,0.5831770436308368,0.18526597031762318,unavailable_for_cell,124761,54246,18480,120761,45896,44439,16539,0.3679913217015427,0.36035820115042705,173836,64216,181736923136,67105587200,1.4395044757827444
toolagent_trace,0.01,1.0,"l1=0.01,l2x1",binary,1,1,pi1,lru,1784653926,learned,1784653926,tree,union,9997,83026370,167732,32981132,30578881,2402251,59743,4697,1954,1000055,265705,108242,157463,89390,0,2521154809548.8003,0,prefix_first,sampled,16,1,onpolicy,246853,1267724189.696,2048,5242880,166406602377.216,240508,3106750464,275725052858.3679,332800,5162901504,444380765513.7282,504911,8039655424,612101330079.7443,532480,8971638784,557141120563.2001,390144,6890582016,464132213966.84784,399360,5131751424,5712,47202963,95362,17491966,1404487,18896453,2746,594432,1161,52.07768249511719,9997,39,52447489,107989,2402251,4697,44707144,91380,0,0,631310,1242,67703,133,8857289,17324,8225979,16082,427432,848,932352,1821,6315710,12368,5888278,11520,3279297,7868,0,0,33872184,71646,30592887,63778,0,0,0,0,0,0,0,0,4338039,1000055,2058797,49045183,16173054,True,1.0,0.3683032390793431,0.02893359061705335,0.39723682969639645,0.01204502858549639,0.6316967609206569,0.02893359061705335,0.5384692116492628,0.007603728791226209,0.0008154397211391995,0.10668043177125533,0.09907670298002912,0.00514814751024283,0.011229588864357192,0.07606872370790148,0.07092057619765865,0.039497053767375355,0.0,0.40796898623895034,0.368471932471575,0.0,0.0,0.0,0.0,0.052248930068844394,0.01204502858549639,0.02479690488696543,0.5907181417181071,0.19479418406465318,not_applicable_to_updated_policy,157463,69655,17135,89390,31702,34122,10932,0.38172055039713615,0.3448362879313608,225948,48961,235080200192,50976841728,2.5276652869448486
toolagent_trace,0.01,1.0,"l1=0.01,l2x1",binary,1,2,pi2,lru,1784653926,learned,1784653926,tree,union,9997,83026370,167732,32510677,30578881,1931796,59743,3774,3777,1933824,265705,107078,158627,86983,0,2520917048164.3516,0,prefix_first,sampled,16,1,onpolicy,245610,349174759.42399997,0,4194304,120716699054.08,218112,2784284672,225546596866.0478,302080,5097359360,400111038492.672,415764,8511039488,615176249448.4478,500224,10284484608,586496717000.7037,332800,8306276352,572520572542.9762,162816,6342408192,5712,47202963,95362,17491966,1179156,18671122,2304,1025536,2003,52.97794771194458,9997,34,52447489,107989,1931796,3774,44244962,90475,0,0,698277,1378,376832,736,8267606,16179,7569329,14801,349566,694,1556992,3041,6442079,12613,6092513,11919,3289064,7891,0,0,33872184,71646,30583120,63755,0,0,0,0,0,0,0,0,4336907,1933824,2981667,48581869,16643509,True,1.0,0.3683032390793431,0.023267258342138768,0.39157049742148187,0.023291684316681556,0.6316967609206569,0.023267258342138768,0.5329025224154688,0.008410303858882424,0.004538702583287695,0.09957807380956195,0.09116776995067953,0.0042103008959683535,0.01875298173339386,0.07759075821332427,0.07338045731735592,0.039614691091517065,0.0,0.40796898623895034,0.3683542951474333,0.0,0.0,0.0,0.0,0.052235295846367845,0.023291684316681556,0.035912289071532336,0.5851378182618365,0.20046051633956777,not_applicable_to_updated_policy,158627,66465,18392,86983,33997,33578,12400,0.3860294540312475,0.36473806512339324,301600,86840,315696183296,90862188544,3.4673441936930205
toolagent_trace,0.01,1.0,"l1=0.01,l2x1",binary,1,3,pi3,lru,1784653926,learned,1784653926,tree,union,9997,83026370,167732,32732005,30578881,2153124,59743,4210,2249,1151488,265705,105862,159843,87098,0,2521118430087.1675,0,prefix_first,sampled,16,1,onpolicy,246941,641725366.2720001,2048,5242880,152680492122.11206,215040,2807891968,268781676449.792,299008,4904302592,441258833389.5679,447140,7650177024,607023856148.4797,478720,8724492288,580335374915.5839,379904,6961479680,470396471695.36,331264,5401079808,5712,47202963,95362,17491966,1152017,18643983,2252,720896,1408,53.06290149688721,9997,39,52447489,107989,2153124,4210,44804851,91572,0,0,664776,1305,52224,102,9227973,18045,8563197,16740,395285,788,1099264,2147,6042720,11839,5647435,11051,3277965,7865,0,0,33872184,71646,30594219,63781,0,0,0,0,0,0,0,0,4338026,1151488,2211549,49142877,16422181,True,1.0,0.3683032390793431,0.02593301381235865,0.3942362528917018,0.01386894308398645,0.6316967609206569,0.02593301381235865,0.5396460305322273,0.008006805548646773,0.0006290049775751969,0.11114508559148135,0.10313828004283458,0.004760957271767994,0.013239938106411253,0.0727807321938801,0.0680197749221121,0.03948101067166974,0.0,0.40796898623895034,0.36848797556728063,0.0,0.0,0.0,0.0,0.0522487734920845,0.01386894308398645,0.026636705904401217,0.5918948040243118,0.19779476086934789,not_applicable_to_updated_policy,159843,70533,17049,87098,31018,32663,10206,0.3750143516498657,0.32903475401379845,240699,46812,250477758464,48727406592,2.763542216813245
toolagent_trace,0.01,1.0,"l1=0.01,l2x1",binary,2,0,pi0,lru,1784653926,learned,1784653926,tree,union,9997,83026370,167732,33794241,30578881,3215360,59743,6280,1567,802304,265705,140404,125301,120255,0,2520893646307.328,0,prefix_first,sampled,16,2,onpolicy,245556,386922446.848,1024,5242880,296664893302.78394,450048,5170065408,409940091305.98425,551936,8703592448,550599735451.6481,685568,12620398592,592852893857.792,774656,12688814080,405309359458.3037,474112,8893442048,265139750483.96814,278016,6123980800,5712,47202963,95362,17491966,1951744,19443710,3812,459776,898,53.56530427932739,9997,33,52447489,107989,3215360,6280,44100341,90178,0,0,440495,878,29184,57,6169897,12084,5729402,11206,554865,1096,773120,1510,8387744,16412,7832879,15316,3334124,7990,0,0,33872184,71646,30538060,63656,0,0,0,0,0,0,0,0,4329484,802304,1797664,48429825,15359945,True,1.0,0.3683032390793431,0.03872697312913957,0.4070302122084827,0.009663243135885622,0.6316967609206569,0.03872697312913957,0.5311606541391608,0.005305483065199647,0.00035150278158613946,0.07431249854714833,0.06900701548194868,0.006682997221244286,0.009311740354299483,0.10102505986953302,0.09434206264828873,0.04015741023002692,0.0,0.40796898623895034,0.36781157600892345,0.0,0.0,0.0,0.0,0.05214589051647085,0.009663243135885622,0.021651723422329558,0.5833065446556317,0.18500080155256698,unavailable_for_cell,125301,54196,18447,120255,45971,44296,16499,0.36835058833312545,0.3589001761980379,176302,64745,184384974848,67680921600,1.4660679389630369
toolagent_trace,0.01,1.0,"l1=0.01,l2x1",binary,2,1,pi1,lru,1784653926,learned,1784653926,tree,union,9997,83026370,167732,32869481,30578881,2290600,59743,4478,2178,1114743,265705,109925,155780,91036,0,2521130804914.176,0,prefix_first,sampled,16,2,onpolicy,246816,1025504182.2720001,2048,5242880,164901200750.59207,251245,3123216384,269798993047.55203,325632,5249632256,446456160036.8638,481339,8128030720,613133695174.6561,515072,9186740224,557197939865.6,360960,7075964928,468617311856.63983,354304,5378760704,5712,47202963,95362,17491966,1289779,18781745,2521,711680,1390,52.38820934295654,9997,39,52447489,107989,2290600,4478,44705162,91375,0,0,634841,1249,65655,129,8716926,17047,8082085,15798,421376,837,1049088,2049,6453036,12640,6031660,11803,3280767,7872,0,0,33872184,71646,30591417,63774,0,0,0,0,0,0,0,0,4336984,1114743,2170960,49042146,16284705,True,1.0,0.3683032390793431,0.02758882509255794,0.39589206417190104,0.013426372849975254,0.6316967609206569,0.02758882509255794,0.5384453397155626,0.00764625744808547,0.0007907728592735056,0.10498984840599439,0.09734359095790891,0.005075206828866539,0.012635599990701749,0.07772272833317896,0.07264752150431243,0.03951475898560903,0.0,0.40796898623895034,0.3684542272533413,0.0,0.0,0.0,0.0,0.05223622326256104,0.013426372849975254,0.026147837126927264,0.5906815629781237,0.1961389495891486,not_applicable_to_updated_policy,155780,68897,17171,91036,32456,34873,11271,0.38306823674150886,0.34727015035740694,231778,51035,241117661184,53157273600,2.5460037787249
toolagent_trace,0.01,1.0,"l1=0.01,l2x1",binary,2,2,pi2,lru,1784653926,learned,1784653926,tree,union,9997,83026370,167732,32573121,30578881,1994240,59743,3895,3653,1870336,265705,104965,160740,84863,0,2520945995907.0713,0,prefix_first,sampled,16,2,onpolicy,245603,462418870.272,512,5242880,118652829618.1759,225280,2735642624,219556193337.344,313856,4943888384,396796339124.2238,436224,8226179072,613766357813.2478,515584,10068688896,588100370003.9678,347648,8076083200,583611487139.8401,155136,6328289280,5712,47202963,95362,17491966,1144320,18636286,2235,1048064,2047,52.568843841552734,9997,33,52447489,107989,1994240,3895,44244952,90477,0,0,703210,1386,363520,710,8382953,16401,7679743,15015,347795,693,1506816,2943,6327776,12394,5979981,11701,3286956,7885,0,0,33872184,71646,30585228,63761,0,0,0,0,0,0,0,0,4337961,1870336,2921341,48582913,16581065,True,1.0,0.3683032390793431,0.024019356741719528,0.39232259582106266,0.022527011598845043,0.6316967609206569,0.024019356741719528,0.5329024019718073,0.008469718717077478,0.004378367981160684,0.10096735531133061,0.09249763659425313,0.004188970323524923,0.018148643617684358,0.07621405102981137,0.07202508070628645,0.03958930156768265,0.0,0.40796898623895034,0.3683796846712677,0.0,0.0,0.0,0.0,0.052247990608285055,0.022527011598845043,0.03518570063944744,0.5851503925800923,0.19970841793998703,not_applicable_to_updated_policy,160740,67439,18397,84863,33025,32607,11987,0.3842310547588466,0.3629674489023467,292343,81918,305985005568,85693401088,3.444881750586239
toolagent_trace,0.01,1.0,"l1=0.01,l2x1",binary,2,3,pi3,lru,1784653926,learned,1784653926,tree,union,9997,83026370,167732,32855778,30578881,2276897,59743,4451,2037,1042551,265705,106657,159048,87935,0,2521133157011.456,0,prefix_first,sampled,16,2,onpolicy,246983,622852046.848,2048,5242880,149825764380.67197,215025,2878801920,265945104279.55203,302080,4957718528,439515030200.3201,459312,7832018944,605235968563.2,491520,8918802432,585302555639.8081,413696,7151757312,474685881901.0557,393216,5537206272,5712,47202963,95362,17491966,1282600,18774566,2507,577024,1127,52.773215770721436,9997,38,52447489,107989,2276897,4451,44790340,91542,0,0,664192,1310,91255,179,9098425,17797,8434233,16487,393440,779,951296,1858,6157432,12058,5763992,11279,3280069,7870,0,0,33872184,71646,30592115,63776,0,0,0,0,0,0,0,0,4337701,1042551,2100183,49128041,16298408,True,1.0,0.3683032390793431,0.027423781143268097,0.3957270202226112,0.012556865969209541,0.6316967609206569,0.027423781143268097,0.5394712547350919,0.007999771638817883,0.0010991086325946805,0.10958476204608247,0.10158499040726458,0.0047387354162298076,0.011457757336614862,0.07416236552314644,0.06942363010691663,0.03950635201803957,0.0,0.40796898623895034,0.3684626342209108,0.0,0.0,0.0,0.0,0.05224485907308726,0.012556865969209541,0.025295373024257235,0.5917161138081792,0.19630399353843844,not_applicable_to_updated_policy,159048,69699,17005,87935,31821,33481,10788,0.38074714277591404,0.33902140096162914,248075,53403,258194157568,55636180992,2.82111787115483
toolagent_trace,0.01,1.0,"l1=0.01,l2x1",binary,3,0,pi0,lru,1784653926,learned,1784653926,tree,union,9997,83026370,167732,33751233,30578881,3172352,59743,6196,1645,842240,265705,140494,125211,120362,0,2520888387661.824,0,prefix_first,sampled,16,3,onpolicy,245573,399503261.696,1024,5242880,296174622048.2562,444416,5124583424,408532025083.9038,551424,8662423552,553092478965.7604,675840,12564418560,592548472758.2716,749568,12751112192,405869075519.488,470528,8861806592,264272210024.448,279552,6078158848,5712,47202963,95362,17491966,1895424,19387390,3702,508928,994,53.62316846847534,9997,33,52447489,107989,3172352,6196,44103929,90184,0,0,443946,884,18944,37,6214344,12173,5770398,11289,550421,1088,823296,1608,8346369,16329,7795948,15241,3334601,7992,0,0,33872184,71646,30537583,63654,0,0,0,0,0,0,0,0,4328968,842240,1836607,48432897,15402953,True,1.0,0.3683032390793431,0.03820896902996,0.4065122081093031,0.010144246942266656,0.6316967609206569,0.03820896902996,0.5312038693248904,0.005347048172767279,0.00022816847225766947,0.07484783448921108,0.0695007863164438,0.006629472058094314,0.009916078470008987,0.10052672422026881,0.0938972521621745,0.04016315539267826,0.0,0.40796898623895034,0.3678058308462721,0.0,0.0,0.0,0.0,0.05213967562353985,0.010144246942266656,0.022120767173128247,0.5833435449484302,0.18551880565174655,unavailable_for_cell,125211,54298,18427,120362,45870,44486,16607,0.36960170153370664,0.3620449095269239,174146,63915,182084708352,66796144640,1.4468519964772935
toolagent_trace,0.01,1.0,"l1=0.01,l2x1",binary,3,1,pi1,lru,1784653926,learned,1784653926,tree,union,9997,83026370,167732,32840491,30578881,2261610,59743,4424,2181,1115898,265705,105978,159727,87102,0,2521172149526.5283,0,prefix_first,sampled,16,3,onpolicy,246829,1082127286.272,2048,5242880,166273862424.57587,238972,3038226432,278404675739.64795,328192,5114843136,445987655540.73615,479470,7902752768,611726101139.4562,503808,8865609728,551413502169.0881,359424,6768027648,466284225226.7519,349696,5079449600,5712,47202963,95362,17491966,1304647,18796613,2551,674816,1318,53.23914933204651,9997,41,52447489,107989,2261610,4424,44732788,91428,0,0,631720,1243,123130,242,8959655,17521,8327935,16278,425839,843,992768,1939,6238142,12217,5812303,11374,3279634,7870,0,0,33872184,71646,30592550,63776,0,0,0,0,0,0,0,0,4337193,1115898,2173457,49069981,16313695,True,1.0,0.3683032390793431,0.027239658918004003,0.3955428979973471,0.013440284092873143,0.6316967609206569,0.027239658918004003,0.5387780773746943,0.007608666981345806,0.0014830228034779793,0.10791336535609108,0.10030469837474527,0.005128960834973274,0.011957261289395164,0.07513446631473832,0.07000550547976504,0.039501112718766336,0.0,0.40796898623895034,0.368467873520184,0.0,0.0,0.0,0.0,0.05223874053508542,0.013440284092873143,0.026177911909192223,0.5910168179097798,0.19648811576370254,not_applicable_to_updated_policy,159727,70206,17157,87102,31195,33209,10779,0.3812656425799637,0.3455361436127585,214144,49584,222887184384,51649589248,2.4585428577989026
toolagent_trace,0.01,1.0,"l1=0.01,l2x1",binary,3,2,pi2,lru,1784653926,learned,1784653926,tree,union,9997,83026370,167732,32504001,30578881,1925120,59743,3760,3776,1933312,265705,106607,159098,86522,0,2520965139216.385,0,prefix_first,sampled,16,3,onpolicy,245620,393213902.84799993,512,5242880,123567321851.90396,227328,2765813760,220275328106.49594,310272,5018347520,399780245843.96814,425984,8450555904,615274973382.6562,520704,10213349376,587755798417.4086,342016,8217626624,573918257711.1041,98304,6386698240,5712,47202963,95362,17491966,1072128,18564094,2094,1125888,2199,52.55373549461365,9997,33,52447489,107989,1925120,3760,44252414,90489,0,0,692174,1368,390656,763,8338735,16322,7646561,14954,349545,693,1542656,3013,6378138,12485,6028593,11792,3294924,7903,0,0,33872184,71646,30577260,63743,0,0,0,0,0,0,0,0,4336643,1933312,2975031,48589057,16650185,True,1.0,0.3683032390793431,0.023186850153752357,0.3914900892330955,0.023285517601215132,0.6316967609206569,0.023186850153752357,0.5329922770319839,0.008336797092297303,0.00470520390088113,0.10043477752911514,0.09209798043681784,0.0042100479642793,0.018580313700334004,0.07682062939762391,0.07261058143334462,0.03968527107712887,0.0,0.40796898623895034,0.36828371516182146,0.0,0.0,0.0,0.0,0.05223211613370547,0.023285517601215132,0.03583236265779174,0.5852243931656894,0.2005409245279542,not_applicable_to_updated_policy,159098,66774,18382,86522,33703,33563,12320,0.3879129007651233,0.3655460938195413,303907,87980,318120564736,92041232384,3.5124823744250016
toolagent_trace,0.01,1.0,"l1=0.01,l2x1",binary,3,3,pi3,lru,1784653926,learned,1784653926,tree,union,9997,83026370,167732,32768380,30578881,2189499,59743,4281,2182,1116791,265705,104677,161028,85972,0,2521118685468.672,0,prefix_first,sampled,16,3,onpolicy,247000,585102262.2720001,2048,5242880,155901210683.39194,221696,2855749632,266305167042.56003,301056,4857860096,445782415724.54407,444603,7635658752,605488700860.4159,488960,8697063424,577715126140.9276,404480,6979502080,469340962754.5601,326656,5319630848,5712,47202963,95362,17491966,1195560,18687526,2337,656896,1283,52.26764273643494,9997,38,52447489,107989,2189499,4281,44802709,91567,0,0,667260,1312,86647,170,9235643,18063,8568383,16751,392778,781,1030144,2012,6033372,11817,5640594,11036,3278452,7866,0,0,33872184,71646,30593732,63780,0,0,0,0,0,0,0,0,4338490,1116791,2176829,49141199,16385806,True,1.0,0.3683032390793431,0.026371127630896062,0.39467436671023914,0.013451039711840949,0.6316967609206569,0.026371127630896062,0.539620231499944,0.008036723754151844,0.001043608193396869,0.11123746587981626,0.10320074212566441,0.00473076204584158,0.01240743151844408,0.07266814145915328,0.0679373794133117,0.03948687627798252,0.0,0.40796898623895034,0.3684821099609678,0.0,0.0,0.0,0.0,0.05225436207797595,0.013451039711840949,0.026218525511834373,0.5918745935779198,0.1973566470508105,not_applicable_to_updated_policy,161028,70695,16992,85972,30852,32343,10266,0.37620388033313173,0.33274990276157135,231969,48336,241410234368,50330368000,2.6981924347461965
toolagent_trace,0.01,1.0,"l1=0.01,l2x1",binary,4,0,pi0,lru,1784653926,learned,1784653926,tree,union,9997,83026370,167732,33739457,30578881,3160576,59743,6173,1675,857600,265705,141093,124612,120954,0,2520893178329.089,0,prefix_first,sampled,16,4,onpolicy,245566,500169703.424,1536,5242880,296611286341.63184,445440,5195718656,408836517097.47205,547328,8754456576,552395761197.0563,663552,12672032768,592780055810.0483,742400,12781774848,404373301501.9522,481280,8910262272,265396086677.5041,279040,6101407744,5712,47202963,95362,17491966,1906688,19398654,3724,519680,1015,53.726781129837036,9997,33,52447489,107989,3160576,6173,44100001,90177,0,0,432433,859,25600,50,6146002,12036,5713569,11177,563475,1116,832000,1625,8411127,16459,7847652,15343,3333404,7989,0,0,33872184,71646,30538780,63657,0,0,0,0,0,0,0,0,4329312,857600,1853508,48429313,15414729,True,1.0,0.3683032390793431,0.03806713457423226,0.40637037365357537,0.01032924840625936,0.6316967609206569,0.03806713457423226,0.5311565590546714,0.005208381385335767,0.00030833577332117497,0.074024698418105,0.06881631703276923,0.006786699213755822,0.010020912632938186,0.10130669328310993,0.09451999406935412,0.04014873828640226,0.0,0.40796898623895034,0.3678202479525481,0.0,0.0,0.0,0.0,0.052143818885493846,0.01032924840625936,0.02232432900535095,0.5833003779401653,0.1856606401074743,unavailable_for_cell,124612,53904,18434,120954,46257,44557,16607,0.3683797146022455,0.35901593272369586,175718,64332,183718461440,67232505856,1.4527671676835823
toolagent_trace,0.01,1.0,"l1=0.01,l2x1",binary,4,1,pi1,lru,1784653926,learned,1784653926,tree,union,9997,83026370,167732,32965911,30578881,2387030,59743,4668,2041,1044634,265705,106582,159123,87596,0,2521157842610.1763,0,prefix_first,sampled,16,4,onpolicy,246719,1229976502.272,2048,5242880,167799286583.2959,251772,3128866816,274582796273.66415,347136,5172934656,443942150209.5361,496346,7942533120,611762282868.7361,519168,8907261952,556147464407.0399,409088,6901393408,465693885765.63214,361472,5187911680,5712,47202963,95362,17491966,1390663,18882629,2719,637082,1245,52.84820103645325,9997,40,52447489,107989,2387030,4668,44677880,91323,0,0,627251,1235,100506,197,8837164,17285,8209913,16050,431352,854,944128,1844,6306477,12349,5875125,11495,3279342,7868,0,0,33872184,71646,30592842,63778,0,0,0,0,0,0,0,0,4337945,1044634,2103237,49015825,16188275,True,1.0,0.3683032390793431,0.028750263319954852,0.39705350239929793,0.012581954383890323,0.6316967609206569,0.028750263319954852,0.5381167453183849,0.007554840709042199,0.001210531063805391,0.10643803890257998,0.09888319819353779,0.005195361425532635,0.011371423320084933,0.07595751807528138,0.07076215664974875,0.039497595763851895,0.0,0.40796898623895034,0.36847139047509847,0.0,0.0,0.0,0.0,0.05224779789842673,0.012581954383890323,0.025332156518465158,0.5903645432168118,0.1949775113617517,not_applicable_to_updated_policy,159123,69831,17270,87596,31472,33715,10963,0.3848920042011051,0.3483413828164718,213589,51374,222301118464,53528264704,2.4383419334216176
toolagent_trace,0.01,1.0,"l1=0.01,l2x1",binary,4,2,pi2,lru,1784653926,learned,1784653926,tree,union,9997,83026370,167732,32604865,30578881,2025984,59743,3957,3457,1769984,265705,107062,158643,87082,0,2520993991532.5444,0,prefix_first,sampled,16,4,onpolicy,245725,396357533.696,512,4194304,119477297850.36798,223232,2761302016,220375261638.6559,316416,5022967808,397334626097.1521,436736,8439580672,617146537566.2081,527872,10155380736,585896818733.056,342016,8223660032,580367092113.4082,179200,6356733952,5712,47202963,95362,17491966,1231872,18723838,2406,930816,1818,52.85642099380493,9997,33,52447489,107989,2025984,3957,44313865,90611,0,0,687959,1358,302080,590,8266620,16180,7578661,14822,360928,717,1467904,2867,6512717,12749,6151789,12032,3288769,7889,0,0,33872184,71646,30583415,63757,0,0,0,0,0,0,0,0,4337656,1769984,2818871,48651521,16549321,True,1.0,0.3683032390793431,0.024401693100637785,0.39270493217998087,0.021318335367426035,0.6316967609206569,0.024401693100637785,0.5337324153759824,0.008286030088994617,0.0036383621251898646,0.09956619806454263,0.09128016797554801,0.0043471489841119156,0.01767997324223617,0.0784415481491001,0.07409439916498818,0.03961113800350419,0.0,0.40796898623895034,0.36835784823544615,0.0,0.0,0.0,0.0,0.05224431707661072,0.021318335367426035,0.03395151444053257,0.5859767324525931,0.19932608158106876,not_applicable_to_updated_policy,158643,66815,18279,87082,33784,33720,12276,0.3872212397510392,0.3633672744494435,305776,82746,320028514304,86554431488,3.5113571116878344
toolagent_trace,0.01,1.0,"l1=0.01,l2x1",binary,4,3,pi3,lru,1784653926,learned,1784653926,tree,union,9997,83026370,167732,32796401,30578881,2217520,59743,4335,2182,1116791,265705,106538,159167,87664,0,2521153886107.6484,0,prefix_first,sampled,16,4,onpolicy,246831,597685174.2720001,2048,5242880,154111187576.83203,226304,2940071936,268881760333.824,307712,5016774656,437428714465.28033,457776,7906062336,606189682714.6237,496128,8904028160,581110214629.3763,402432,7056955392,472834641213.43994,325120,5521436672,5712,47202963,95362,17491966,1221160,18713126,2387,664064,1297,53.34866166114807,9997,37,52447489,107989,2217520,4335,44774524,91512,0,0,655627,1289,89719,176,9040188,17679,8384561,16390,404550,805,1027072,2006,6200806,12147,5796256,11342,3278477,7866,0,0,33872184,71646,30593707,63780,0,0,0,0,0,0,0,0,4338654,1116791,2176968,49113178,16357785,True,1.0,0.3683032390793431,0.02670862281465515,0.3950118618939983,0.013451039711840949,0.6316967609206569,0.02670862281465515,0.539280761040137,0.007896611642782889,0.00108060848619541,0.10888333429487523,0.10098672265209234,0.0048725483241047396,0.012370431225645538,0.07468477786033521,0.06981222953623048,0.03948717738713616,0.0,0.40796898623895034,0.3684818088518142,0.0,0.0,0.0,0.0,0.05225633735402379,0.013451039711840949,0.026220199678728576,0.5915370983941608,0.1970191518670514,not_applicable_to_updated_policy,159167,69733,17161,87664,31759,33123,10712,0.377840390582223,0.3372902169463774,238346,50166,248131360768,52262852608,2.718858368315386
toolagent_trace,0.01,1.0,"l1=0.01,l2x1",next_use,0,0,pi0,lru,1784653926,learned,1784653926,tree,union,9997,83026370,167732,34072285,30578881,3493404,59743,6826,1158,592503,265705,139642,126063,118847,0,2521081163636.7363,0,prefix_first,sampled,16,0,onpolicy,244910,839907278.848,2048,5242880,246047489716.224,410624,4935710720,360974661404.6722,550912,8456550400,508308411793.4078,745500,12203364352,606103716585.4722,830464,12522166272,462320170383.3602,577024,8834449408,336486806474.75214,376832,6004639744,5712,47202963,95362,17491966,1998356,19490322,3904,290304,567,55.18047904968262,9997,36,52447489,107989,3493404,6826,44028236,90044,0,0,414991,823,37495,74,6279781,12293,5864790,11470,612500,1210,555008,1084,8209617,16066,7597117,14856,3305855,7928,0,0,33872184,71646,30566329,63718,0,0,0,0,0,0,0,0,4333346,592503,1619994,48361582,15081901,True,1.0,0.3683032390793431,0.04207583686965961,0.4103790759490027,0.007136323074223286,0.6316967609206569,0.04207583686965961,0.5302921951182498,0.004998303551028426,0.0004516035086202131,0.0756359816766649,0.07063767812563647,0.007377174264032018,0.006684719565603073,0.09887963306115877,0.09150245879712675,0.03981692804346378,0.0,0.40796898623895034,0.3681520581954866,0.0,0.0,0.0,0.0,0.05219240585852423,0.007136323074223286,0.01951180088928373,0.582484600976774,0.18165193781204694,unavailable_for_cell,126063,55350,19090,118847,44676,42732,15164,0.35955472161686874,0.3394216133942161,158956,50435,166125266944,52641329152,1.3374843285905407
toolagent_trace,0.01,1.0,"l1=0.01,l2x1",next_use,0,1,pi1,lru,1784653926,learned,1784653926,tree,union,9997,83026370,167732,33523784,30578881,2944903,59743,5761,1549,793032,265705,119437,146268,99502,0,2521156144529.4077,0,prefix_first,sampled,16,0,onpolicy,245770,780136349.6960001,1024,5242880,227766769739.77594,359809,4111640576,349212566505.4721,473714,6881128448,511986628315.13574,630557,10154483712,618902492850.1763,710656,11313831936,458411819597.8238,499831,8362041344,354095731171.328,269312,6040819712,5712,47202963,95362,17491966,1730200,19222166,3382,491008,959,54.8588125705719,9997,46,52447489,107989,2944903,5761,44377417,90728,0,0,510610,1009,23040,45,7063403,13826,6552793,12817,519821,1026,769992,1504,7773967,15207,7254146,14181,3301706,7916,0,0,33872184,71646,30570478,63730,0,0,0,0,0,0,0,0,4332137,793032,1823463,48709554,15630402,True,1.0,0.3683032390793431,0.035469489994564375,0.4037727290739075,0.00955156777298586,0.6316967609206569,0.035469489994564375,0.5344978589332522,0.006149973797481451,0.00027750219598905745,0.08507421196422293,0.07892423816674148,0.006260914454046347,0.009274065576996803,0.09363250494993337,0.08737159049588702,0.03976695596832669,0.0,0.40796898623895034,0.36820203027062365,0.0,0.0,0.0,0.0,0.05217784421985449,0.00955156777298586,0.021962456024513657,0.5866757031531067,0.18825828468714217,not_applicable_to_updated_policy,146268,61276,18229,99502,39428,40003,15412,0.4020321199573878,0.39088972303946434,239302,78017,250031052800,81574461440,2.404996884484734
toolagent_trace,0.01,1.0,"l1=0.01,l2x1",next_use,0,2,pi2,lru,1784653926,learned,1784653926,tree,union,9997,83026370,167732,33301920,30578881,2723039,59743,5323,1907,976384,265705,120038,145667,100175,0,2521146399479.8076,0,prefix_first,sampled,16,0,onpolicy,245842,676329422.848,1024,5242880,203225317525.5039,315392,4072927232,323865236117.5041,440832,6795395072,493277923565.5679,596584,10155358208,623769818875.9038,692224,11306629120,488252648134.6558,465527,8499066880,388079125837.8239,211456,6265284608,5712,47202963,95362,17491966,1555988,19047954,3040,623104,1217,55.52061724662781,9997,39,52447489,107989,2723039,5323,44413423,90801,0,0,510031,1006,29696,58,6990026,13679,6479995,12673,526051,1043,946688,1849,7885856,15434,7359805,14391,3298561,7909,0,0,33872184,71646,30573623,63737,0,0,0,0,0,0,0,0,4334643,976384,2012466,48748066,15852266,True,1.0,0.3683032390793431,0.03279727874409058,0.4011005178234337,0.011759926394469612,0.6316967609206569,0.03279727874409058,0.5349315283806819,0.006143000109483288,0.0003576694970525629,0.08419043250957498,0.07804743240009168,0.00633595085513193,0.01140225689741705,0.09498013703357139,0.08864418617843946,0.039729076436799536,0.0,0.40796898623895034,0.3682399098021508,0.0,0.0,0.0,0.0,0.05220802740141475,0.011759926394469612,0.02423887735908483,0.5871395557820966,0.19093049593761596,not_applicable_to_updated_policy,145667,61125,18158,100175,39655,41278,15884,0.41205889693037184,0.40055478502080444,286618,89098,299976267776,93241382912,2.861172947342151
toolagent_trace,0.01,1.0,"l1=0.01,l2x1",next_use,0,3,pi3,lru,1784653926,learned,1784653926,tree,union,9997,83026370,167732,33409597,30578881,2830716,59743,5535,1695,867840,265705,117210,148495,97319,0,2521165184278.5273,0,prefix_first,sampled,16,0,onpolicy,245814,676329422.848,1024,5242880,200932002338.81595,315904,3990652928,325561002444.79987,429568,6738636800,496045517451.26404,602373,10054285312,624733672933.376,700928,11199875072,486686533687.2957,488567,8301545472,386530126000.1279,292352,6085148672,5712,47202963,95362,17491966,1709094,19201060,3340,473088,924,55.15591216087341,9997,41,52447489,107989,2830716,5535,44414383,90803,0,0,528230,1041,33792,66,7125408,13941,6597178,12900,510771,1013,834048,1629,7751341,15172,7240570,14159,3295549,7902,0,0,33872184,71646,30576635,63744,0,0,0,0,0,0,0,0,4334550,867840,1906841,48748933,15744589,True,1.0,0.3683032390793431,0.03409417995752434,0.40239741903686743,0.01045258271558783,0.6316967609206569,0.03409417995752434,0.5349430909721815,0.0063621955289626655,0.00040700322078395093,0.08582102288706588,0.07945882735810321,0.006151912940430854,0.010045579494803879,0.0933599891215285,0.08720807618109765,0.039692798805969716,0.0,0.40796898623895034,0.36827618743298063,0.0,0.0,0.0,0.0,0.052206907275363236,0.01045258271558783,0.02296669118498135,0.5871499982475448,0.1896335947241822,not_applicable_to_updated_policy,148495,61735,18185,97319,39050,39974,15735,0.41075226831348455,0.4029449423815621,270658,88573,283046729728,92671277056,2.781142428508308
toolagent_trace,0.01,1.0,"l1=0.01,l2x1",next_use,1,0,pi0,lru,1784653926,learned,1784653926,tree,union,9997,83026370,167732,34045646,30578881,3466765,59743,6774,1240,634487,265705,139594,126111,118773,0,2521033481697.2803,0,prefix_first,sampled,16,1,onpolicy,244884,808451047.424,1536,5242880,246317889529.8561,411121,5009068032,358117443106.8162,553984,8433090560,511139082344.44775,744476,12227250176,606838383935.4879,823808,12631889920,460460611684.3522,578560,8832448512,337351620048.8959,353280,5947236352,5712,47202963,95362,17491966,1991700,19483666,3891,301568,589,56.234713315963745,9997,37,52447489,107989,3466765,6774,44012601,90015,0,0,421208,835,48247,95,6358314,12448,5937106,11613,601042,1187,586240,1145,8115739,15881,7514697,14694,3311386,7938,0,0,33872184,71646,30560798,63708,0,0,0,0,0,0,0,0,4333636,634487,1656737,48346237,15108540,True,1.0,0.3683032390793431,0.0417549869999134,0.4100582260792565,0.007641993742470013,0.6316967609206569,0.0417549869999134,0.5301038814535671,0.0050731833753541195,0.0005811045334151065,0.07658186188315833,0.07150867850780421,0.007239169916738501,0.007060889209054906,0.0977489320561648,0.09050976213942631,0.03988354543261376,0.0,0.40796898623895034,0.3680854408063366,0.0,0.0,0.0,0.0,0.05219589872470638,0.007641993742470013,0.019954347034562635,0.5822997801782734,0.18197278768179315,unavailable_for_cell,126111,55216,19117,118773,44780,42699,15188,0.35950089666843477,0.339169271996427,159568,50844,166740660224,53076113408,1.3434703173280123
toolagent_trace,0.01,1.0,"l1=0.01,l2x1",next_use,1,1,pi1,lru,1784653926,learned,1784653926,tree,union,9997,83026370,167732,33526226,30578881,2947345,59743,5764,1508,772096,265705,117339,148366,97484,0,2521123135614.977,0,prefix_first,sampled,16,1,onpolicy,245850,789575630.848,1024,5242880,235966515625.98407,368513,4216432640,356973582481.408,484352,6909741056,516135805902.84796,635673,10142861312,616594604445.6965,725504,11110146048,448341950715.90424,500855,8115128320,346321100812.2881,231424,5811005440,5712,47202963,95362,17491966,1695782,19187748,3314,526336,1028,55.54135060310364,9997,44,52447489,107989,2947345,5764,44396810,90764,0,0,498021,982,22528,44,7120105,13931,6622084,12949,530048,1051,749568,1464,7735759,15140,7205711,14089,3303169,7920,0,0,33872184,71646,30569015,63726,0,0,0,0,0,0,0,0,4331238,772096,1800165,48728048,15627960,True,1.0,0.3683032390793431,0.03549890233669134,0.40380214141603443,0.009299406923366636,0.6316967609206569,0.03549890233669134,0.534731435325909,0.005998347272077534,0.00027133548052263393,0.08575715161339705,0.07975880434131952,0.006384092186614928,0.009028071442844003,0.09317231380825153,0.0867882216216366,0.039784576875997346,0.0,0.40796898623895034,0.368184409362953,0.0,0.0,0.0,0.0,0.05216701633468981,0.009299406923366636,0.021681846382059097,0.586898451660599,0.1882288723450152,not_applicable_to_updated_policy,148366,61841,18147,97484,38900,38792,15155,0.39793196832300687,0.38958868894601545,215341,72043,225158375424,75337084928,2.208988141643757
toolagent_trace,0.01,1.0,"l1=0.01,l2x1",next_use,1,2,pi2,lru,1784653926,learned,1784653926,tree,union,9997,83026370,167732,33403566,30578881,2824685,59743,5520,1734,887808,265705,115251,150454,95324,0,2521144946958.3364,0,prefix_first,sampled,16,1,onpolicy,245778,701496295.424,512,5242880,195142200084.47995,314865,3883606016,317724462997.504,423936,6585974784,488513348126.72003,603132,9861601280,628359562586.112,703488,10997532672,493947860670.4642,500224,8352124928,396756016197.6322,278528,6138431488,5712,47202963,95362,17491966,1651732,19143698,3227,546816,1068,56.10118651390076,9997,38,52447489,107989,2824685,5520,44399004,90776,0,0,548275,1083,41984,82,7205391,14101,6657116,13018,495091,980,845824,1652,7657421,14988,7162330,14008,3292626,7896,0,0,33872184,71646,30579558,63750,0,0,0,0,0,0,0,0,4335992,887808,1931174,48734996,15750620,True,1.0,0.3683032390793431,0.03402154038530168,0.4023247794646448,0.010693084618778347,0.6316967609206569,0.03402154038530168,0.534757860665232,0.006603624848346375,0.0005056706682467269,0.08678436742447009,0.0801807425761237,0.0059630572792716335,0.01018741395053162,0.09222878225315644,0.08626572497388481,0.03965759312372683,0.0,0.40796898623895034,0.36831139311522354,0.0,0.0,0.0,0.0,0.05222427525134484,0.010693084618778347,0.023259766746396356,0.5869821359165769,0.18970623429640487,not_applicable_to_updated_policy,150454,62357,18221,95324,38400,39452,15416,0.4138726868364735,0.4014583333333333,282847,89833,295909584896,93994094592,2.967217070202677
toolagent_trace,0.01,1.0,"l1=0.01,l2x1",next_use,1,3,pi3,lru,1784653926,learned,1784653926,tree,union,9997,83026370,167732,33281089,30578881,2702208,59743,5285,2058,1053696,265705,117239,148466,97187,0,2521134967646.208,0,prefix_first,sampled,16,1,onpolicy,245653,509605838.8480001,1024,5242880,196010309498.87994,307712,3898660864,318621392115.71185,433152,6656649216,487043175321.6,602889,10002032640,625973515370.4958,680960,11164868608,493745815302.14417,460919,8431572992,399231154198.528,215552,6226657280,5712,47202963,95362,17491966,1556006,19047972,3041,637952,1246,55.835861682891846,9997,42,52447489,107989,2702208,5285,44357634,90691,0,0,536319,1060,68608,134,7147668,13988,6611349,12928,503733,995,985088,1924,7671733,15012,7168000,14017,3293899,7900,0,0,33872184,71646,30578285,63746,0,0,0,0,0,0,0,0,4333951,1053696,2093748,48691585,15873097,True,1.0,0.3683032390793431,0.03254638255291662,0.40084962163225973,0.01269110042989956,0.6316967609206569,0.03254638255291662,0.5342595852377986,0.00645962240671247,0.0008263398725007489,0.08608913047746156,0.07962950807074909,0.006067144691499821,0.011864760557398811,0.0924011612214288,0.08633401652992899,0.039672925601829875,0.0,0.40796898623895034,0.36829606063712045,0.0,0.0,0.0,0.0,0.05219969270004217,0.01269110042989956,0.02521786752811185,0.5864592779378407,0.19118139212878993,not_applicable_to_updated_policy,148466,61692,18347,97187,38978,40243,15499,0.414078014549271,0.3976345630868695,289824,88969,303297257472,93079838720,2.982127239239816
toolagent_trace,0.01,1.0,"l1=0.01,l2x1",next_use,2,0,pi0,lru,1784653926,learned,1784653926,tree,union,9997,83026370,167732,33961181,30578881,3382300,59743,6609,1366,698999,265705,139605,126100,118824,0,2521067327432.704,0,prefix_first,sampled,16,2,onpolicy,244924,802157494.2720001,1536,5242880,247090789195.77597,398336,4939798528,361785043970.0479,531968,8377120768,509004830464.0,722972,12154257408,607616926310.4003,816640,12535449600,458184831188.9921,587264,8887379968,336582748809.216,323584,5980731392,5712,47202963,95362,17491966,1921556,19413522,3754,371200,725,54.939093351364136,9997,36,52447489,107989,3382300,6609,44032792,90053,0,0,429989,852,78848,154,6393832,12515,5963843,11663,596990,1180,620151,1212,8100174,15853,7503184,14673,3306419,7929,0,0,33872184,71646,30565765,63717,0,0,0,0,0,0,0,0,4333398,698999,1725978,48366190,15193005,True,1.0,0.3683032390793431,0.040737659613445706,0.4090408986927888,0.008418999891239374,0.6316967609206569,0.040737659613445706,0.5303470692504081,0.005178944954476511,0.0009496741818292189,0.07700965367990917,0.07183070872543265,0.007190366145117509,0.0074693257094101545,0.0975614614971123,0.09037109535199479,0.039823721065969764,0.0,0.40796898623895034,0.3681452651729806,0.0,0.0,0.0,0.0,0.052193032165563785,0.008418999891239374,0.020788310990833395,0.5825401014159718,0.18299011506826085,unavailable_for_cell,126100,55524,19075,118824,44509,42738,15104,0.35967481316905675,0.33934709833966165,158531,50418,165665998848,52648480768,1.3341664983505015
toolagent_trace,0.01,1.0,"l1=0.01,l2x1",next_use,2,1,pi1,lru,1784653926,learned,1784653926,tree,union,9997,83026370,167732,33491128,30578881,2912247,59743,5697,1627,833024,265705,119317,146388,99465,0,2521153111400.448,0,prefix_first,sampled,16,2,onpolicy,245853,802157494.2720001,1024,5242880,223180619880.44797,350193,4130271232,341202374139.9038,460402,6874736640,506034753005.56824,629533,10147651584,619113966708.736,724992,11186776064,465031235731.45605,506999,8338728960,365788004440.0641,239104,5981270016,5712,47202963,95362,17491966,1679512,19171478,3283,530432,1036,54.76567244529724,9997,45,52447489,107989,2912247,5697,44370165,90713,0,0,505532,999,22016,43,7054719,13805,6549187,12806,524787,1036,811008,1584,7775315,15214,7250528,14178,3301734,7917,0,0,33872184,71646,30570450,63729,0,0,0,0,0,0,0,0,4332053,833024,1863343,48702218,15663058,True,1.0,0.3683032390793431,0.035076169173721555,0.4033794082530647,0.010033246063871033,0.6316967609206569,0.035076169173721555,0.534410513189966,0.006088812506195321,0.0002651687650562105,0.08496961868861665,0.07888080618242133,0.006320726776324196,0.009768077298814822,0.09364874075549733,0.08732801397917313,0.03976729321057876,0.0,0.40796898623895034,0.3682016930283716,0.0,0.0,0.0,0.0,0.05217683249309828,0.010033246063871033,0.02244278534639055,0.5865873456830643,0.188651605507985,not_applicable_to_updated_policy,146388,61520,18144,99465,39166,40261,15468,0.4047755491881566,0.39493438186181895,243924,78412,255211933696,82039427072,2.4523601266777257
toolagent_trace,0.01,1.0,"l1=0.01,l2x1",next_use,2,2,pi2,lru,1784653926,learned,1784653926,tree,union,9997,83026370,167732,33376815,30578881,2797934,59743,5471,1783,912896,265705,117959,147746,98095,0,2521137370853.376,0,prefix_first,sampled,16,2,onpolicy,245841,657451909.12,1024,5242880,196063180810.24,308736,3881363456,319459313498.11224,429568,6644086784,492922157883.39185,596215,10009280512,627894149584.8956,684544,11183882240,491431396179.9682,501879,8460429312,392709720987.6479,275968,6159513600,5712,47202963,95362,17491966,1619476,19111442,3164,578560,1130,54.90187692642212,9997,41,52447489,107989,2797934,5471,44404189,90779,0,0,542681,1071,41984,82,7163792,14019,6621111,12948,491837,975,870912,1701,7700683,15070,7208846,14095,3297952,7910,0,0,33872184,71646,30574232,63736,0,0,0,0,0,0,0,0,4332470,912896,1947414,48736659,15777371,True,1.0,0.3683032390793431,0.0336993415465472,0.4020025806258903,0.010995253676633098,0.6316967609206569,0.0336993415465472,0.5348203107036957,0.00653624866412924,0.0005056706682467269,0.08628333383718932,0.07974708517306008,0.005923864911834637,0.010489583008386372,0.09274984562133694,0.0868259807095023,0.039721741417817015,0.0,0.40796898623895034,0.36824724482113336,0.0,0.0,0.0,0.0,0.05218185499378089,0.010995253676633098,0.023455367252596976,0.5870021656974767,0.19002843313515935,not_applicable_to_updated_policy,147746,61793,18158,98095,38965,40559,15693,0.4134665375401397,0.4027460541511613,294600,94449,308157632512,98822617088,3.0032111728426525
toolagent_trace,0.01,1.0,"l1=0.01,l2x1",next_use,2,3,pi3,lru,1784653926,learned,1784653926,tree,union,9997,83026370,167732,33346641,30578881,2767760,59743,5413,1932,988405,265705,116919,148786,96946,0,2521165154369.536,0,prefix_first,sampled,16,2,onpolicy,245732,594540494.848,1024,5242880,203267092963.32803,320000,3998392320,324552501051.392,432128,6728056832,493435504007.1677,586521,9984251904,622592696610.8163,681472,11138934784,488742643695.6161,477815,8269051904,387980175546.3681,268800,6072371200,5712,47202963,95362,17491966,1613862,19105828,3154,587890,1149,55.561628341674805,9997,42,52447489,107989,2767760,5413,44357228,90689,0,0,530910,1047,56963,112,7137483,13963,6606573,12916,508071,1006,931442,1820,7681657,15035,7173586,14029,3295115,7902,0,0,33872184,71646,30577069,63744,0,0,0,0,0,0,0,0,4334096,988405,2027386,48691324,15807545,True,1.0,0.3683032390793431,0.03333591484247715,0.40163915392182026,0.011904711719902965,0.6316967609206569,0.03333591484247715,0.5342546952251436,0.006394474430232226,0.0006860832287380503,0.08596645860827108,0.07957198417803886,0.0061193931518383855,0.011218628491164916,0.09252068951105534,0.08640129635921695,0.03968757155106263,0.0,0.40796898623895034,0.3682814146878877,0.0,0.0,0.0,0.0,0.05220143913313324,0.011904711719902965,0.024418579301973577,0.5864561343582768,0.1903918598392294,not_applicable_to_updated_policy,148786,61958,18267,96946,38710,40236,15573,0.4150351742207002,0.4022991475071041,276339,86544,289230196736,90552133632,2.850442514389454
toolagent_trace,0.01,1.0,"l1=0.01,l2x1",next_use,3,0,pi0,lru,1784653926,learned,1784653926,tree,union,9997,83026370,167732,34054365,30578881,3475484,59743,6791,1194,610935,265705,139762,125943,118973,0,2521023125266.4316,0,prefix_first,sampled,16,3,onpolicy,244916,871365607.424,1536,5242880,245873019787.26382,405504,4947374080,360507581892.60803,538112,8394211328,509672367990.78424,727580,12140922880,605853193646.0801,804864,12576593920,460591750793.2157,585216,8804999168,337653845549.0558,412672,5923178496,5712,47202963,95362,17491966,1946132,19438098,3802,345088,674,55.526891231536865,9997,36,52447489,107989,3475484,6791,44027412,90043,0,0,423371,839,58487,115,6320873,12372,5897502,11533,600536,1187,552448,1079,8168013,15986,7567477,14799,3309751,7935,0,0,33872184,71646,30562433,63711,0,0,0,0,0,0,0,0,4333658,610935,1634842,48361070,15099821,True,1.0,0.3683032390793431,0.041860001828334784,0.41016324090767786,0.007358324831014532,0.6316967609206569,0.041860001828334784,0.530282270560546,0.005099235339326529,0.0007044388427435766,0.07613090877030997,0.07103167343098343,0.00723307546746895,0.0066538859882709555,0.09837853925204727,0.09114546378457831,0.0398638528939661,0.0,0.40796898623895034,0.36810513334498424,0.0,0.0,0.0,0.0,0.05219616370076158,0.007358324831014532,0.01969063563781001,0.5824784342613076,0.18186777285337177,unavailable_for_cell,125943,55511,19084,118973,44516,42884,15113,0.3604515310196431,0.3394959115823524,160628,49833,167883808768,52011290624,1.3501214561287014
toolagent_trace,0.01,1.0,"l1=0.01,l2x1",next_use,3,1,pi1,lru,1784653926,learned,1784653926,tree,union,9997,83026370,167732,33526851,30578881,2947970,59743,5769,1576,806912,265705,118536,147169,98562,0,2521157526409.2153,0,prefix_first,sampled,16,3,onpolicy,245731,789575630.848,1024,5242880,225500350873.5999,358273,4107270144,347138493804.5439,473202,6811203584,510363570825.2158,643864,10097551360,621293699010.5599,732672,11246209024,458998629281.792,487031,8288122880,357073206982.656,251904,5958340608,5712,47202963,95362,17491966,1746635,19238601,3416,492032,961,55.29127788543701,9997,49,52447489,107989,2947970,5769,44361738,90696,0,0,510162,1009,22528,44,7071665,13843,6561503,12834,518682,1021,784384,1532,7748758,15155,7230076,14134,3302025,7918,0,0,33872184,71646,30570159,63728,0,0,0,0,0,0,0,0,4330869,806912,1835756,48692607,15627335,True,1.0,0.3683032390793431,0.03550643006553219,0.4038096691448753,0.009718743575083434,0.6316967609206569,0.03550643006553219,0.5343090153164591,0.00614457792144833,0.00027133548052263393,0.08517372251731588,0.07902914459586756,0.0062471959210067835,0.009447408094560801,0.09332887852377504,0.08708168260276826,0.039770798121127056,0.0,0.40796898623895034,0.3681981881178233,0.0,0.0,0.0,0.0,0.05216257196358217,0.009718743575083434,0.02211051741753855,0.5864715872800412,0.18822134461617435,not_applicable_to_updated_policy,147169,61650,18266,98562,39018,39839,15294,0.404202430957164,0.3919729355681993,237521,76738,248131835904,80237498368,2.4098638420486598
toolagent_trace,0.01,1.0,"l1=0.01,l2x1",next_use,3,2,pi2,lru,1784653926,learned,1784653926,tree,union,9997,83026370,167732,33322324,30578881,2743443,59743,5362,1926,986112,265705,116952,148753,97029,0,2521099769831.424,0,prefix_first,sampled,16,3,onpolicy,245782,594539446.272,1024,5242880,198927055286.27194,317440,3993559040,321890379155.4559,441856,6789279744,489501418045.4402,607772,10013945856,625595110948.8639,694784,11250309120,489332716992.5121,464503,8430546944,395258549956.6081,216064,6187251712,5712,47202963,95362,17491966,1577492,19069458,3082,626688,1224,54.961960554122925,9997,37,52447489,107989,2743443,5362,44382488,90741,0,0,529134,1046,52224,102,7018951,13736,6489817,12690,512906,1017,933888,1824,7826799,15319,7313893,14302,3293406,7897,0,0,33872184,71646,30578778,63749,0,0,0,0,0,0,0,0,4335446,986112,2028152,48717934,15831862,True,1.0,0.3683032390793431,0.03304303199092048,0.4013462710702636,0.01187709398833166,0.6316967609206569,0.03304303199092048,0.5345589359139753,0.00637308363595807,0.0006290049775751969,0.08453881580032946,0.0781657321643714,0.006177627662151194,0.011248089010756463,0.09426883290212495,0.08809120523997375,0.039666987729320216,0.0,0.40796898623895034,0.36830199850963014,0.0,0.0,0.0,0.0,0.052217699027429475,0.01187709398833166,0.024427805286440923,0.5867766349414048,0.19068474269078609,not_applicable_to_updated_policy,148753,61429,18218,97029,39294,40387,15910,0.41623638293706006,0.4048964218455744,284525,93368,297769103360,97711130624,2.9323707345226686
toolagent_trace,0.01,1.0,"l1=0.01,l2x1",next_use,3,3,pi3,lru,1784653926,learned,1784653926,tree,union,9997,83026370,167732,33292241,30578881,2713360,59743,5305,1936,990828,265705,115451,150254,95503,0,2521163536510.9756,0,prefix_first,sampled,16,3,onpolicy,245757,629142454.2720001,1024,5242880,192201607071.7439,306176,3870543872,316535675604.99176,423424,6478555136,492031792400.3842,588953,9859723264,626372909950.9756,688640,11067267072,491845794697.216,470647,8220526592,401546614331.39197,234496,6078908416,5712,47202963,95362,17491966,1598502,19090468,3124,579072,1131,54.83270788192749,9997,40,52447489,107989,2713360,5305,44407197,90791,0,0,548820,1082,65644,129,7252393,14193,6703573,13111,495753,982,925184,1807,7618724,14909,7122971,13927,3291531,7893,0,0,33872184,71646,30580653,63753,0,0,0,0,0,0,0,0,4336104,990828,2035401,48743301,15861945,True,1.0,0.3683032390793431,0.032680701324169656,0.40098394040351276,0.01193389521907317,0.6316967609206569,0.032680701324169656,0.534856540157061,0.006610189027895595,0.0007906403712459065,0.08735047672203422,0.08074028769413862,0.005971030649659861,0.011143254847827263,0.0917627014164295,0.08579167076676965,0.03964440454279767,0.0,0.40796898623895034,0.3683245816961527,0.0,0.0,0.0,0.0,0.05222562422035312,0.01193389521907317,0.024515114896628627,0.5870821643774141,0.1910470733575369,not_applicable_to_updated_policy,150254,62507,18239,95503,38263,39639,15437,0.4150550244494937,0.40344458092674385,286873,92832,299883610112,97102886912,3.0038113985948085
toolagent_trace,0.01,1.0,"l1=0.01,l2x1",next_use,4,0,pi0,lru,1784653926,learned,1784653926,tree,union,9997,83026370,167732,34015410,30578881,3436529,59743,6716,1276,652919,265705,139933,125772,119123,0,2521080682024.96,0,prefix_first,sampled,16,4,onpolicy,244895,855635918.848,1024,5242880,247983750885.3758,402417,5041248256,360744506195.96814,547328,8459296768,507835081891.8402,735744,12266393600,605483403026.4319,829440,12622997504,462054576891.9039,571392,8834373632,336123727214.59186,349184,6028820480,5712,47202963,95362,17491966,2001940,19493906,3911,288256,563,55.222739934921265,9997,39,52447489,107989,3436529,6716,44025381,90039,0,0,416384,826,39543,78,6349354,12429,5932970,11603,607054,1198,613376,1198,8136503,15922,7529449,14724,3309222,7934,0,0,33872184,71646,30562962,63712,0,0,0,0,0,0,0,0,4332660,652919,1676357,48358041,15138776,True,1.0,0.3683032390793431,0.041390813545142346,0.40969405262448544,0.00786399549926126,0.6316967609206569,0.041390813545142346,0.5302578084529048,0.00501508135306891,0.0004762703704859071,0.07647394436249591,0.071458863009427,0.007311580646004396,0.007387725128775352,0.09799902127480703,0.09068744062880263,0.039857481424275205,0.0,0.40796898623895034,0.36811150481467514,0.0,0.0,0.0,0.0,0.05218414342334851,0.00786399549926126,0.020190657498334565,0.5824419518762532,0.1823369611365642,unavailable_for_cell,125772,55025,19105,119123,44993,42643,15125,0.35797453052727013,0.3361634031960527,159585,49638,166765965312,51788484608,1.3396657236637761
toolagent_trace,0.01,1.0,"l1=0.01,l2x1",next_use,4,1,pi1,lru,1784653926,learned,1784653926,tree,union,9997,83026370,167732,33543240,30578881,2964359,59743,5799,1444,739328,265705,118710,146995,98877,0,2521171920027.6484,0,prefix_first,sampled,16,4,onpolicy,245872,839907278.848,1024,5242880,222266438156.288,343937,4074872832,346163494320.12805,457842,6829441024,508006280419.32837,631581,10115072000,621229734916.0958,734720,11159365632,461720833525.76013,517751,8314824704,360945231411.19995,277504,6070134784,5712,47202963,95362,17491966,1756312,19248278,3433,444928,869,54.81662440299988,9997,46,52447489,107989,2964359,5799,44411983,90795,0,0,516356,1020,20992,41,7092515,13880,6576159,12860,518819,1025,718336,1403,7779103,15220,7260284,14195,3296644,7906,0,0,33872184,71646,30575540,63740,0,0,0,0,0,0,0,0,4331819,739328,1774503,48743802,15610946,True,1.0,0.3683032390793431,0.03570382518228847,0.4040070642616316,0.008904737133515533,0.6316967609206569,0.03570382518228847,0.5349141844934326,0.00621918072535268,0.00025283533412336345,0.08542484755144661,0.07920566682609392,0.006248845999168698,0.008651901799392169,0.09369436481445594,0.08744551881528724,0.039705987386898886,0.0,0.40796898623895034,0.36826299885205144,0.0,0.0,0.0,0.0,0.05217401411142027,0.008904737133515533,0.021372763858036912,0.5870881986048528,0.18802394949941809,not_applicable_to_updated_policy,146995,61609,18128,98877,39161,39948,15454,0.40401711216966535,0.3946273077807002,240141,76934,250964563968,80452790272,2.4286841226978972
toolagent_trace,0.01,1.0,"l1=0.01,l2x1",next_use,4,2,pi2,lru,1784653926,learned,1784653926,tree,union,9997,83026370,167732,33205682,30578881,2626801,59743,5136,2130,1090560,265705,118849,146856,98945,0,2521138165743.616,0,prefix_first,sampled,16,4,onpolicy,245801,566227894.2720001,1024,5242880,203806676875.2638,325120,4044107776,324597456324.6081,438784,6740826112,494215130427.3919,599162,10088380416,623640041162.7524,685056,11186941952,485830020274.1757,452727,8513656832,388482612785.15216,124928,6253858816,5712,47202963,95362,17491966,1423910,18915876,2783,780800,1525,54.47482085227966,9997,40,52447489,107989,2626801,5136,44395772,90766,0,0,521866,1031,29184,57,7098023,13891,6576157,12860,516277,1021,1061376,2073,7759921,15186,7243644,14165,3296213,7905,0,0,33872184,71646,30575971,63741,0,0,0,0,0,0,0,0,4334356,1090560,2128703,48730128,15948504,True,1.0,0.3683032390793431,0.03163815303499358,0.3999413921143367,0.013135103943482053,0.6316967609206569,0.03163815303499358,0.5347189332738502,0.0062855451828136046,0.00035150278158613946,0.08549118792017524,0.07920564273736164,0.006218229220427197,0.012783601161895914,0.09346332978305567,0.08724510056262848,0.03970079626509024,0.0,0.40796898623895034,0.3682681899738601,0.0,0.0,0.0,0.0,0.052204570668331035,0.013135103943482053,0.025638878346722856,0.5869235039421813,0.19208962164671298,not_applicable_to_updated_policy,146856,61378,18199,98945,39368,40808,15830,0.412431148617919,0.4021032310505995,284246,88356,297469917184,92437250048,2.872767699226843
toolagent_trace,0.01,1.0,"l1=0.01,l2x1",next_use,4,3,pi3,lru,1784653926,learned,1784653926,tree,union,9997,83026370,167732,33202237,30578881,2623356,59743,5130,2179,1115648,265705,118763,146942,98859,0,2521136803053.568,0,prefix_first,sampled,16,4,onpolicy,245801,795866038.2720001,1024,5242880,197763008534.52805,314368,3959109632,320885035915.26416,429056,6695514112,490256823996.4159,583429,10011844608,625826698430.4636,666112,11224459264,489574277414.91205,458871,8493594624,396035092723.71216,170496,6274844672,5712,47202963,95362,17491966,1478182,18970148,2889,727552,1421,54.42098379135132,9997,41,52447489,107989,2623356,5130,44373320,90724,0,0,532590,1052,94720,185,7074373,13842,6541783,12790,511151,1011,1020928,1994,7761928,15192,7250777,14181,3291424,7893,0,0,33872184,71646,30580760,63753,0,0,0,0,0,0,0,0,4335165,1115648,2159389,48708485,15951949,True,1.0,0.3683032390793431,0.031596660193622825,0.39989989927296593,0.013437273001336804,0.6316967609206569,0.031596660193622825,0.5344485131651546,0.006414708965356428,0.0011408423612883473,0.08520633866083752,0.07879162969548109,0.00615648979956609,0.012296430640048457,0.09348750282590941,0.08733101302634332,0.03964311579562011,0.0,0.40796898623895034,0.36832587044333026,0.0,0.0,0.0,0.0,0.05221431456054263,0.013437273001336804,0.02600847176625932,0.5866628277256972,0.19213111448808373,not_applicable_to_updated_policy,146942,61406,18198,98859,39298,40633,15608,0.41101973517838536,0.39717033945747876,283984,89848,296828340224,93984577536,2.8726165548913096
toolagent_trace,0.01,4.0,"l1=0.01,l2x4",binary,0,0,pi0,lru,1784653926,learned,7138615706,tree,union,9997,83026370,167732,39742158,30578881,9163277,59743,17901,2378,1217536,265705,251991,13714,197550,0,10086291368056.832,0,prefix_first,sampled,16,0,onpolicy,211264,890238926.848,2048,5242880,966485596909.5685,1094510,8484272128,1593147562299.391,1541632,15580127232,2278659977490.4326,1995292,24241131520,2376933784418.304,2189955,25179518976,1700666965047.2964,1454592,18311264256,1169507242964.9922,885248,12313317376,5712,47202963,95362,17491966,5125521,22617487,10012,616448,1204,54.474677324295044,9997,39,52447489,107989,9163277,17901,37775833,77752,0,0,11866,42,10240,20,18813,63,6947,21,723013,1436,1207296,2358,8175679,16001,7452666,14565,3555964,8480,0,0,33872184,71646,30316220,63166,0,0,0,0,0,0,0,0,4290843,1217536,1952415,42066676,9412028,True,1.0,0.3683032390793431,0.11036586327934125,0.4786691023586844,0.01466444937915508,0.6316967609206569,0.11036586327934125,0.45498596409791253,0.00014291844868082274,0.00012333430932847,0.00022659066029262752,8.367221161180477e-05,0.00870823329985401,0.01454111506982661,0.09847087136291759,0.08976263806306357,0.042829332415713225,0.0,0.40796898623895034,0.3651396538232371,0.0,0.0,0.0,0.0,0.05168048416424806,0.01466444937915508,0.023515601127689915,0.5066664482621606,0.1133619114023653,matched,13714,6107,47618,197550,81618,87171,35795,0.44126044039483675,0.4385674728613786,426853,167968,447500048384,176102109184,2.1607339913945838
toolagent_trace,0.01,4.0,"l1=0.01,l2x4",binary,0,1,pi1,lru,1784653926,learned,7138615706,tree,union,9997,83026370,167732,39461690,30578881,8882809,59743,17366,2074,1060824,265705,258493,7212,205376,0,10086166797449.215,0,prefix_first,sampled,16,0,onpolicy,212588,1321202614.272,2560,5242880,864113893498.8793,927353,7552860160,1431953665761.2798,1353754,14513170432,2136384939945.983,1843055,24199632896,2436687698599.937,2161152,24682717184,1848474927706.112,1538167,18185089024,1367230469322.7524,1056768,12262963200,5712,47202963,95362,17491966,4904040,22396006,9585,537429,1051,56.15981841087341,9997,60,52447489,107989,8882809,17366,38197359,78612,0,0,144771,285,175931,344,591827,1159,447056,874,735447,1453,884893,1730,8039845,15744,7304398,14291,3426279,8199,0,0,33872184,71646,30445905,63447,0,0,0,0,0,0,0,0,4306497,1060824,1941042,42503856,9692496,True,1.0,0.3683032390793431,0.10698780399528487,0.475291043074628,0.012776952671783675,0.6316967609206569,0.10698780399528487,0.46006297758170084,0.0017436749312296804,0.002118977380319048,0.007128181082709024,0.005384506151479344,0.008857992948505396,0.010657975291464627,0.09683483693192897,0.08797684398342358,0.041267358792152424,0.0,0.40796898623895034,0.3667016274467979,0.0,0.0,0.0,0.0,0.051869026671887496,0.012776952671783675,0.023378620551518754,0.5119320042535883,0.11673997068642168,not_applicable_to_updated_policy,7212,6101,46236,205376,82503,89685,34766,0.4366868572764101,0.4213907373065222,543358,168671,560700506112,173721219072,2.645674275475226
toolagent_trace,0.01,4.0,"l1=0.01,l2x4",binary,0,2,pi2,lru,1784653926,learned,7138615706,tree,union,9997,83026370,167732,39477129,30578881,8898248,59743,17387,2772,1419264,265705,248069,17636,194126,0,10086246989903.87,0,prefix_first,sampled,16,0,onpolicy,211762,1160771534.848,2048,5242880,822037219534.8483,921585,7421401088,1385596198809.5994,1328754,14678218752,2090420279443.4565,1837550,23635476480,2396064428003.327,2161664,24846356480,1877734986307.583,1546359,18156378112,1513233106270.2068,1100288,12287266816,5712,47202963,95362,17491966,4696748,22188714,9177,941056,1838,55.63115930557251,9997,44,52447489,107989,8898248,17387,37820748,77877,0,0,117073,242,158208,309,365957,739,248884,497,748700,1476,1261056,2463,7891836,15445,7143136,13969,3443456,8235,0,0,33872184,71646,30428728,63411,0,0,0,0,0,0,0,0,4309229,1419264,2285037,42129977,9677057,True,1.0,0.3683032390793431,0.10717375696420306,0.47547699604354615,0.01709413527292594,0.6316967609206569,0.10717375696420306,0.4555269368033313,0.0014100700777355435,0.0019055150791248612,0.004407720101456922,0.002997650023721379,0.009017616933029831,0.015188620193801078,0.09505216234312062,0.0860345454100908,0.04147424486943124,0.0,0.40796898623895034,0.3664947413695191,0.0,0.0,0.0,0.0,0.051901931880196615,0.01709413527292594,0.027521822283691315,0.5074288686835279,0.11655401771750348,not_applicable_to_updated_policy,17636,9064,47121,194126,78789,88359,35102,0.45516314146482184,0.4455190445366739,625690,208639,655122120704,218288605184,3.2231128236300135
toolagent_trace,0.01,4.0,"l1=0.01,l2x4",binary,0,3,pi3,lru,1784653926,learned,7138615706,tree,union,9997,83026370,167732,39669831,30578881,9090950,59743,17772,2125,1086822,265705,261264,4441,207470,0,10086127118034.945,0,prefix_first,sampled,16,0,onpolicy,211911,1321202614.272,2560,5242880,819642236434.432,923769,7821817856,1394299790252.0327,1338057,15147474944,2116875927433.2156,1863653,24976318464,2424381645740.0312,2199016,25224392704,1881273451683.8403,1592951,18397696000,1448332863877.1206,1170944,12377339904,5712,47202963,95362,17491966,4871636,22363602,9521,693064,1355,56.614920139312744,9997,60,52447489,107989,9090950,17772,37965218,78155,0,0,99085,194,114206,224,326966,640,227881,446,767884,1521,972616,1901,8070567,15806,7302683,14285,3437530,8222,0,0,33872184,71646,30434654,63424,0,0,0,0,0,0,0,0,4304499,1086822,1953791,42269717,9484355,True,1.0,0.3683032390793431,0.10949473040914591,0.477797969488489,0.013090082102830703,0.6316967609206569,0.10949473040914591,0.4572669863803512,0.0011934160195128368,0.001375538879996801,0.003938098221083253,0.0027446822015704166,0.009248676053162387,0.011714543222833902,0.09720486394864668,0.08795618789548429,0.04140286995565385,0.0,0.40796898623895034,0.3665661162832965,0.0,0.0,0.0,0.0,0.05184496202832907,0.013090082102830703,0.023532174175505925,0.5091119484086802,0.11423304427256063,not_applicable_to_updated_policy,4441,3586,46914,207470,84561,91051,36349,0.43886345013736927,0.4298553706791547,614875,207447,636056236032,214222159872,2.963681496119921
toolagent_trace,0.01,4.0,"l1=0.01,l2x4",binary,1,0,pi0,lru,1784653926,learned,7138615706,tree,union,9997,83026370,167732,39755821,30578881,9176940,59743,17929,2341,1198592,265705,252007,13698,197516,0,10086277470128.127,0,prefix_first,sampled,16,1,onpolicy,211214,896528285.6960001,2048,5242880,969730868850.6887,1097201,8485396480,1588322043312.1272,1549312,15585603584,2281847369287.6797,1967662,24240820224,2374197040134.1436,2189526,25193678848,1700600880261.1199,1466999,18311530496,1170682739996.6716,904192,12320120832,5712,47202963,95362,17491966,5146364,22638330,10054,604160,1180,55.22502017021179,9997,40,52447489,107989,9176940,17929,37781258,77762,0,0,11551,39,0,0,17234,55,5683,16,728923,1449,1198592,2341,8182539,16018,7453616,14569,3550225,8469,0,0,33872184,71646,30321959,63177,0,0,0,0,0,0,0,0,4290699,1198592,1939066,42071957,9398365,True,1.0,0.3683032390793431,0.11053042545398528,0.4788336645333284,0.01443628090689741,0.6316967609206569,0.11053042545398528,0.4550513047842511,0.00013912447334503484,0.0,0.0002075726061491066,6.844813280407177e-05,0.008779415503773078,0.01443628090689741,0.09855349571467474,0.08977408021090166,0.042760209798405016,0.0,0.40796898623895034,0.36520877644054534,0.0,0.0,0.0,0.0,0.05167874977552313,0.01443628090689741,0.023354820884015526,0.5067300545597742,0.11319734922772126,matched,13698,6084,47672,197516,81659,87681,36072,0.44391846736466917,0.44173942859941956,428619,170707,449346926592,178969921536,2.170046983535511
toolagent_trace,0.01,4.0,"l1=0.01,l2x4",binary,1,1,pi1,lru,1784653926,learned,7138615706,tree,union,9997,83026370,167732,39525576,30578881,8946695,59743,17492,2019,1032306,265705,258274,7431,205083,0,10086119961610.24,0,prefix_first,sampled,16,1,onpolicy,212514,1321202614.272,2560,5242880,854631926075.3917,921721,7506286592,1424313120581.6326,1344538,14483214336,2136188622958.592,1830653,24184430592,2432174501027.84,2158080,24716802048,1848737452075.008,1571447,18175653888,1388753136277.5034,1117696,12299567104,5712,47202963,95362,17491966,4865014,22356980,9510,585745,1145,56.69024348258972,9997,61,52447489,107989,8946695,17492,38162930,78542,0,0,138922,274,145110,284,598272,1174,459350,900,742633,1466,887196,1735,7998032,15658,7255399,14192,3424003,8196,0,0,33872184,71646,30448181,63450,0,0,0,0,0,0,0,0,4305558,1032306,1913861,42468488,9628610,True,1.0,0.3683032390793431,0.10775727037084724,0.47606050945019035,0.012433471438050344,0.6316967609206569,0.10775727037084724,0.4596483020996823,0.0016732274336454791,0.0017477579713529568,0.007205807022515859,0.00553257958887038,0.008944543763625941,0.010685713466697389,0.0963312258502931,0.08738668208666717,0.041239945814805584,0.0,0.40796898623895034,0.3667290404241448,0.0,0.0,0.0,0.0,0.051857717012077004,0.012433471438050344,0.023051242635321767,0.5115060191117593,0.11597050431085931,not_applicable_to_updated_policy,7431,6101,46302,205083,82434,90170,34974,0.4396756435199407,0.42426668607613366,544577,175604,561158821888,180662949888,2.6553980583471084
toolagent_trace,0.01,4.0,"l1=0.01,l2x4",binary,1,2,pi2,lru,1784653926,learned,7138615706,tree,union,9997,83026370,167732,39308215,30578881,8729334,59743,17057,3084,1579008,265705,245376,20329,191415,0,10086277915721.729,0,prefix_first,sampled,16,1,onpolicy,211744,1198520270.848,2048,5242880,811808288956.4164,913393,6888710144,1370342559682.5603,1317818,14061682688,2076898369300.4807,1802833,23225937920,2399817793601.535,2120835,24649924608,1893460525975.5525,1520759,18119616512,1532751857934.335,1051648,12261744640,5712,47202963,95362,17491966,4667450,22159416,9119,974848,1904,55.191197633743286,9997,44,52447489,107989,8729334,17057,37832044,77895,0,0,191207,391,225280,440,609352,1216,418145,825,676001,1335,1353728,2644,7657611,14986,6981610,13651,3439895,8227,0,0,33872184,71646,30432289,63419,0,0,0,0,0,0,0,0,4307103,1579008,2446216,42139147,9845971,True,1.0,0.3683032390793431,0.10513929490112599,0.4734425339804691,0.01901815049845007,0.6316967609206569,0.10513929490112599,0.45566298996330923,0.002302967117555543,0.0027133548052263395,0.007339258599406429,0.0050362914818508865,0.008142003558628421,0.016304795693223732,0.09223107068272406,0.08408906712409564,0.04143135488158762,0.0,0.40796898623895034,0.3665376313573627,0.0,0.0,0.0,0.0,0.05187632555777159,0.01901815049845007,0.029463121174634035,0.5075393155210808,0.11858847978058056,not_applicable_to_updated_policy,20329,10805,47129,191415,77060,87014,34086,0.45458297416607896,0.44233065144043604,620444,201181,649551740928,210424555520,3.2413551707024006
toolagent_trace,0.01,4.0,"l1=0.01,l2x4",binary,1,3,pi3,lru,1784653926,learned,7138615706,tree,union,9997,83026370,167732,39671895,30578881,9093014,59743,17776,2096,1071631,265705,262424,3281,208620,0,10086133978525.697,0,prefix_first,sampled,16,1,onpolicy,211901,1321202614.272,2560,5242880,833061834178.5598,936057,8096540672,1411308486602.7527,1357338,15370854400,2127089113821.1846,1864844,25160353792,2414694964649.9834,2190336,25318178816,1867547756611.5837,1580151,18482300928,1431110620047.3604,1161728,12375296000,5712,47202963,95362,17491966,4862757,22354723,9503,695823,1362,55.73622727394104,9997,59,52447489,107989,9093014,17776,37977792,78179,0,0,67799,134,72704,142,253271,497,185472,363,799253,1578,998927,1954,8157389,15974,7358136,14396,3438000,8226,0,0,33872184,71646,30434184,63420,0,0,0,0,0,0,0,0,4305052,1071631,1938683,42282844,9482291,True,1.0,0.3683032390793431,0.10951958998086993,0.47782282906021306,0.012907116136716563,0.6316967609206569,0.10951958998086993,0.45741843224026296,0.0008165959802891539,0.0008756735962321369,0.0030504886580010665,0.0022338926777119125,0.009626495774776134,0.012031442540484426,0.09825057990611899,0.08862408413134285,0.041408530807742164,0.0,0.40796898623895034,0.3665604554312082,0.0,0.0,0.0,0.0,0.05185162256280745,0.012907116136716563,0.02335020789178185,0.5092700548030704,0.11420818470083662,not_applicable_to_updated_policy,3281,2676,46917,208620,85501,91590,36766,0.4390278976128847,0.43000666658869485,589203,204749,608814243840,211187529728,2.8242881794650563
toolagent_trace,0.01,4.0,"l1=0.01,l2x4",binary,2,0,pi0,lru,1784653926,learned,7138615706,tree,union,9997,83026370,167732,39767380,30578881,9188499,59743,17950,2369,1212928,265705,252163,13542,197647,0,10086277949288.451,0,prefix_first,sampled,16,2,onpolicy,211189,902819741.6960001,2048,5242880,967990897602.5596,1093120,8478150656,1590381214228.4797,1545728,15594420224,2281644358207.4897,1988636,24255076352,2377751624056.8325,2195456,25180565504,1699643503661.0566,1466487,18316122112,1167963531790.3364,897024,12318717952,5712,47202963,95362,17491966,5173780,22665746,10106,604160,1180,55.30826663970947,9997,37,52447489,107989,9188499,17950,37755496,77710,0,0,11498,42,0,0,17095,58,5597,16,723782,1437,1212928,2369,8156783,15966,7433001,14529,3555286,8481,0,0,33872184,71646,30316898,63165,0,0,0,0,0,0,0,0,4290566,1212928,1948208,42046062,9386806,True,1.0,0.3683032390793431,0.11066964628225948,0.4789728853616026,0.014608948939957268,0.6316967609206569,0.11066964628225948,0.45474101782361437,0.00013848612193933084,0.0,0.00020589843925490178,6.741231731557094e-05,0.00871749541741979,0.014608948939957268,0.0982432810202349,0.0895257856028151,0.04282116633546667,0.0,0.40796898623895034,0.36514781990348366,0.0,0.0,0.0,0.0,0.051677147874825795,0.014608948939957268,0.02346493047931639,0.5064181656984401,0.11305812839944707,matched,13542,6017,47695,197647,81672,86974,35719,0.4400471547759389,0.4373469487706925,422867,169109,443289204736,177275850752,2.1395062915197296
toolagent_trace,0.01,4.0,"l1=0.01,l2x4",binary,2,1,pi1,lru,1784653926,learned,7138615706,tree,union,9997,83026370,167732,39607171,30578881,9028290,59743,17653,1695,866033,265705,258229,7476,205297,0,10086150816940.03,0,prefix_first,sampled,16,2,onpolicy,212773,1321202614.272,2560,5242880,864161726482.4318,921209,7553652736,1431910442029.0562,1340617,14340552704,2148467711752.191,1849097,24098193408,2439030703687.6807,2184192,24651511808,1838582104719.3574,1588343,18067904512,1362676925655.0408,1142272,12256575488,5712,47202963,95362,17491966,4883696,22375662,9547,530935,1039,57.11941385269165,9997,65,52447489,107989,9028290,17653,38247811,78709,0,0,151260,296,201269,395,674012,1317,522752,1021,733162,1447,664764,1300,8006970,15678,7273808,14231,3420933,8189,0,0,33872184,71646,30451251,63457,0,0,0,0,0,0,0,0,4305355,866033,1750455,42553166,9547015,True,1.0,0.3683032390793431,0.10874003042647776,0.4770432695058209,0.010430818545963168,0.6316967609206569,0.10874003042647776,0.4606706399424665,0.001821830823146911,0.002424157529710139,0.008118047314365303,0.006296216491218393,0.008830471571863252,0.008006661016253028,0.09643887839490031,0.08760840682303707,0.04120296961073933,0.0,0.40796898623895034,0.366766016628211,0.0,0.0,0.0,0.0,0.0518552720057495,0.010430818545963168,0.02108312094097333,0.512525911948216,0.11498774425522879,not_applicable_to_updated_policy,7476,6276,46026,205297,82436,92468,35587,0.45041086815686543,0.43169246445727594,534088,168651,546810566656,172228714496,2.6015382592049567
toolagent_trace,0.01,4.0,"l1=0.01,l2x4",binary,2,2,pi2,lru,1784653926,learned,7138615706,tree,union,9997,83026370,167732,39287268,30578881,8708387,59743,17014,3043,1557708,265705,246359,19346,192529,0,10086263341576.193,0,prefix_first,sampled,16,2,onpolicy,211875,1233122230.272,2048,5242880,810859983149.0564,900081,6986612736,1359969367406.5918,1307136,14205640704,2084470683539.4573,1793723,23406628864,2399227881750.5273,2118656,24775434240,1901520331595.7773,1518711,18155872256,1528981971904.5112,1068032,12280479744,5712,47202963,95362,17491966,4609576,22101542,9005,995328,1944,56.61332058906555,9997,40,52447489,107989,8708387,17014,37869435,77975,0,0,185194,374,249856,488,543939,1086,358745,712,692750,1370,1307852,2555,7765271,15200,7072521,13830,3434015,8213,0,0,33872184,71646,30438169,63433,0,0,0,0,0,0,0,0,4311959,1557708,2435652,42181394,9866918,True,1.0,0.3683032390793431,0.10488700156347917,0.4731902406428223,0.018761605499553937,0.6316967609206569,0.10488700156347917,0.4561133408578503,0.002230544343923503,0.0030093571476146673,0.006551400476740101,0.004320856132816598,0.008343734647197029,0.01575224835193927,0.09352776714193334,0.08518403249473631,0.041360534008652916,0.0,0.40796898623895034,0.3666084522302974,0.0,0.0,0.0,0.0,0.05193481299977345,0.018761605499553937,0.02933588449067447,0.5080481538576238,0.11884077311822738,not_applicable_to_updated_policy,19346,10128,47005,192529,77821,87867,34689,0.4563831942200915,0.44575371686305754,645717,214227,675990411264,224051806208,3.3538687678219903
toolagent_trace,0.01,4.0,"l1=0.01,l2x4",binary,2,3,pi3,lru,1784653926,learned,7138615706,tree,union,9997,83026370,167732,39711004,30578881,9132123,59743,17855,2071,1057167,265705,262615,3090,208770,0,10086101582206.975,0,prefix_first,sampled,16,2,onpolicy,211860,1321202614.272,2560,5242880,822562127667.1998,929913,8049070080,1404262672543.7434,1351706,15355031552,2130562250174.4639,1878163,25239003136,2410192272623.6157,2212030,25269872640,1867559107383.2957,1590391,18428665856,1449641949200.3833,1167360,12380628992,5712,47202963,95362,17491966,4893354,22385320,9566,684006,1339,55.865965127944946,9997,65,52447489,107989,9132123,17855,37954683,78131,0,0,76695,151,92393,182,256919,503,180224,352,791965,1563,964774,1889,8129096,15914,7337131,14351,3434856,8218,0,0,33872184,71646,30437328,63428,0,0,0,0,0,0,0,0,4303516,1057167,1925827,42258199,9443182,True,1.0,0.3683032390793431,0.10999063309644876,0.47829387217579183,0.0127329064247901,0.6316967609206569,0.10999063309644876,0.45714009898300983,0.0009237426615182622,0.0011128151212680983,0.003094426505699334,0.0021706838441810715,0.009538716434308762,0.011620091303522002,0.09790980865476835,0.0883710922204596,0.04137066332058116,0.0,0.40796898623895034,0.3665983229183692,0.0,0.0,0.0,0.0,0.05183312241640818,0.0127329064247901,0.023195365520617125,0.508973221399418,0.11373714158525779,not_applicable_to_updated_policy,3090,2622,46928,208770,85515,95330,38107,0.456626909996647,0.44561772788399695,620005,214494,636206088192,219565889536,2.9697993006658043
toolagent_trace,0.01,4.0,"l1=0.01,l2x4",binary,3,0,pi0,lru,1784653926,learned,7138615706,tree,union,9997,83026370,167732,39717361,30578881,9138480,59743,17854,2426,1242112,265705,252161,13544,197670,0,10086291682400.256,0,prefix_first,sampled,16,3,onpolicy,211214,909113294.848,2048,5242880,970404163209.2164,1094144,8473532416,1589003717269.5037,1534976,15587563520,2281221468145.6646,1973945,24268421120,2374453815529.472,2187264,25179041792,1700641164158.9753,1462903,18322237440,1169658240792.576,883200,12318560256,5712,47202963,95362,17491966,5095974,22587940,9955,652800,1275,55.91887354850769,9997,39,52447489,107989,9138480,17854,37776776,77751,0,0,9985,37,0,0,17769,60,7784,23,728268,1446,1242112,2426,8176944,16003,7448676,14557,3551868,8475,0,0,33872184,71646,30320316,63171,0,0,0,0,0,0,0,0,4290121,1242112,1980365,42066897,9436825,True,1.0,0.3683032390793431,0.1100671991320348,0.4783704382113779,0.014960451721543408,0.6316967609206569,0.1100671991320348,0.4549973219351876,0.00012026299596140358,0.0,0.00021401634203687336,9.375334607546976e-05,0.008771526443947868,0.014960451721543408,0.09848610748609146,0.0897145810421436,0.04277999869198184,0.0,0.40796898623895034,0.3651889875469685,0.0,0.0,0.0,0.0,0.051671788131891105,0.014960451721543408,0.02385224116145268,0.5066691100670787,0.11366057554967175,matched,13544,6034,47665,197670,81689,87239,35664,0.4413365710527647,0.4365826488266474,425892,168340,446476376064,176466812928,2.154560631355289
toolagent_trace,0.01,4.0,"l1=0.01,l2x4",binary,3,1,pi1,lru,1784653926,learned,7138615706,tree,union,9997,83026370,167732,39558615,30578881,8979734,59743,17556,1701,870322,265705,255388,10317,202465,0,10086139257176.066,0,prefix_first,sampled,16,3,onpolicy,212782,1321202614.272,2560,5242880,866222067218.432,926329,7173750784,1429867306422.2717,1340680,13940545536,2140823691153.4077,1826078,23519086592,2445367064748.0337,2160640,24254246912,1850136972910.5938,1589367,17888839680,1352400952109.0547,1134080,12149680128,5712,47202963,95362,17491966,4863443,22355409,9506,535867,1047,55.96876287460327,9997,61,52447489,107989,8979734,17556,38288951,78796,0,0,180890,355,198656,388,835971,1635,655081,1280,703785,1390,671666,1313,7889278,15451,7185493,14061,3423807,8191,0,0,33872184,71646,30448377,63455,0,0,0,0,0,0,0,0,4308482,870322,1754997,42597433,9595571,True,1.0,0.3683032390793431,0.10815520418392373,0.47645844326326686,0.01048247683236061,0.6316967609206569,0.10815520418392373,0.4611661451656865,0.00217870539203388,0.0023926856009723178,0.010068740810901405,0.007890035418867524,0.008476644227611059,0.008089791231388293,0.0950213528545208,0.08654470862690974,0.0412375851190411,0.0,0.40796898623895034,0.36673140111990926,0.0,0.0,0.0,0.0,0.05189293473868604,0.01048247683236061,0.02113782645200555,0.5130590799043726,0.11557257049778281,not_applicable_to_updated_policy,10317,8553,46050,202465,80234,88292,33460,0.43608524930234854,0.41703018670389114,521777,156283,537710848000,160835028992,2.577121971698812
toolagent_trace,0.01,4.0,"l1=0.01,l2x4",binary,3,2,pi2,lru,1784653926,learned,7138615706,tree,union,9997,83026370,167732,39323621,30578881,8744740,59743,17088,3128,1601143,265705,248525,17180,194576,0,10086236795594.75,0,prefix_first,sampled,16,3,onpolicy,211756,1229976502.272,2048,5242880,806410190258.1764,917884,7403276288,1371644005679.1035,1323634,14729082880,2093546997241.8555,1804991,23768791040,2398876831473.665,2136064,24969578496,1886205662115.8389,1525879,18266243072,1528323132323.8396,1034240,12299552768,5712,47202963,95362,17491966,4656713,22148679,9100,987648,1929,55.26524209976196,9997,45,52447489,107989,8744740,17088,37794650,77821,0,0,129956,266,229888,449,347845,698,217889,432,732995,1449,1371255,2679,7881577,15429,7148582,13980,3444005,8237,0,0,33872184,71646,30428179,63409,0,0,0,0,0,0,0,0,4306956,1601143,2464094,42101606,9830565,True,1.0,0.3683032390793431,0.10532485040596139,0.4736280894853045,0.019284752543077578,0.6316967609206569,0.10532485040596139,0.45521260293566973,0.0015652376467861957,0.002768855244424151,0.004189572541832191,0.0026243348950459955,0.008828460162716979,0.016515897298653427,0.09492859919083539,0.08610013902811842,0.041480857226445046,0.0,0.40796898623895034,0.3664881290125053,0.0,0.0,0.0,0.0,0.05187455503594822,0.019284752543077578,0.02967845035258075,0.507087157971618,0.11840292427574517,not_applicable_to_updated_policy,17180,8619,47115,194576,79164,89092,35554,0.4578776416413124,0.4491182860896367,654801,225067,685672714240,235502338048,3.365271153688019
toolagent_trace,0.01,4.0,"l1=0.01,l2x4",binary,3,3,pi3,lru,1784653926,learned,7138615706,tree,union,9997,83026370,167732,39505114,30578881,8926233,59743,17452,2417,1236249,265705,261670,4035,207937,0,10086154495655.936,0,prefix_first,sampled,16,3,onpolicy,211972,1321202614.272,2560,5242880,798082505439.2322,910969,7785852928,1376582773424.1284,1326106,15194580992,2107238915020.801,1829433,25117499392,2423739630295.0396,2172630,25309100032,1898883316246.5273,1564279,18430050304,1480306152615.9355,1120256,12387334144,5712,47202963,95362,17491966,4810180,22302146,9402,742002,1450,55.842525005340576,9997,62,52447489,107989,8926233,17452,37980055,78185,0,0,110709,217,167870,329,306033,599,195324,382,760866,1504,1068379,2088,8106790,15875,7345924,14371,3433377,8214,0,0,33872184,71646,30438807,63432,0,0,0,0,0,0,0,0,4304952,1236249,2107824,42285007,9649072,True,1.0,0.3683032390793431,0.10751081855078091,0.475814057630124,0.014889835602833173,0.6316967609206569,0.10751081855078091,0.4574456886408499,0.0013334197315864828,0.002021887744821314,0.003685973504562466,0.0023525537729759834,0.009164148691554262,0.012867947858011859,0.09764114702353,0.08847699833197573,0.041352849703052176,0.0,0.40796898623895034,0.3666161365358982,0.0,0.0,0.0,0.0,0.05185041812619292,0.014889835602833173,0.025387404025973916,0.5092961067670428,0.11621695613092563,not_applicable_to_updated_policy,4035,3229,46853,207937,84963,92546,37003,0.4450674964051612,0.4355189906194461,654129,224309,675154040832,231162949632,3.1458037771055656
toolagent_trace,0.01,4.0,"l1=0.01,l2x4",binary,4,0,pi0,lru,1784653926,learned,7138615706,tree,union,9997,83026370,167732,39736370,30578881,9157489,59743,17891,2394,1225728,265705,252183,13522,197687,0,10086238906400.77,0,prefix_first,sampled,16,4,onpolicy,211209,899675062.2720001,2048,5242880,970354071521.2797,1086976,8486213632,1589451836590.0784,1536716,15590930432,2280434231748.608,1973294,24274044928,2375223914113.027,2191360,25179185152,1701120728231.9363,1480311,18321788928,1168754449133.568,886784,12314740736,5712,47202963,95362,17491966,5135910,22627876,10033,615424,1202,55.390650272369385,9997,39,52447489,107989,9157489,17891,37772255,77746,0,0,10641,36,1536,3,17048,55,6407,19,724323,1439,1224192,2391,8175040,16003,7450717,14564,3557053,8483,0,0,33872184,71646,30315131,63163,0,0,0,0,0,0,0,0,4292017,1225728,1960692,42064272,9417816,True,1.0,0.3683032390793431,0.11029615048809191,0.47859938956743503,0.014763116826617857,0.6316967609206569,0.11029615048809191,0.45494286935584444,0.0001281641001527587,1.8500146399270496e-05,0.00020533235404606993,7.716825389331125e-05,0.00872401141950443,0.014744616680218587,0.09846317501295071,0.08973916359344628,0.04284244873044552,0.0,0.40796898623895034,0.3651265375085048,0.0,0.0,0.0,0.0,0.05169462425010271,0.014763116826617857,0.023615292346275046,0.5066374936059471,0.11343162419361463,matched,13522,5961,47664,197687,81755,87020,35764,0.4401908066792455,0.4374533667665586,420714,166730,441047224320,174799951872,2.1281824298006446
toolagent_trace,0.01,4.0,"l1=0.01,l2x4",binary,4,1,pi1,lru,1784653926,learned,7138615706,tree,union,9997,83026370,167732,39464065,30578881,8885184,59743,17373,1958,1001223,265705,255258,10447,202336,0,10086151831701.504,0,prefix_first,sampled,16,4,onpolicy,212783,1321202614.272,2560,5242880,859819255719.9366,917625,7129737216,1424571670796.288,1340035,13802186752,2136758827724.8005,1837645,23410722816,2441137974294.5273,2152960,24262207488,1858247276009.4717,1542775,17934710784,1364295624542.2075,1091584,12223578112,5712,47202963,95362,17491966,4855217,22347183,9491,557581,1090,56.35775923728943,9997,64,52447489,107989,8885184,17373,38253752,78725,0,0,180901,354,160899,315,910155,1780,729254,1426,706333,1396,840324,1643,7778743,15232,7072410,13836,3420096,8183,0,0,33872184,71646,30452088,63463,0,0,0,0,0,0,0,0,4307330,1001223,1888457,42561082,9690121,True,1.0,0.3683032390793431,0.10701640936488009,0.4753196484442232,0.012059096405154169,0.6316967609206569,0.10701640936488009,0.46074219552173606,0.0021788378800614793,0.0019379264684220205,0.010962240069028671,0.008783402188967192,0.008507333272549432,0.01012116993673215,0.0936900288426436,0.08518269557009418,0.04119288847627567,0.0,0.40796898623895034,0.36677609776267467,0.0,0.0,0.0,0.0,0.05187905962888658,0.012059096405154169,0.02274526755776508,0.5126212551506226,0.11671136531682645,not_applicable_to_updated_policy,10447,8556,46030,202336,80163,89346,33815,0.4415724339712162,0.42182802539825104,527998,158904,542369456128,162930790400,2.609510912541515
toolagent_trace,0.01,4.0,"l1=0.01,l2x4",binary,4,2,pi2,lru,1784653926,learned,7138615706,tree,union,9997,83026370,167732,39389673,30578881,8810792,59743,17216,2928,1499136,265705,249180,16525,195198,0,10086268600485.887,0,prefix_first,sampled,16,4,onpolicy,211723,1242559414.272,2048,5242880,829817616556.0323,922112,7689353216,1399343932186.6235,1327104,14901387264,2106783859081.2156,1818289,23781756928,2402914772588.5435,2145280,24946905088,1868134411524.0962,1538679,18245156864,1478031449135.103,1057280,12302942208,5712,47202963,95362,17491966,4689466,22181432,9162,941568,1839,55.77467393875122,9997,42,52447489,107989,8810792,17216,37829688,77890,0,0,93963,197,179712,351,285631,582,191668,385,769085,1519,1319424,2577,7979746,15617,7210661,14098,3444825,8239,0,0,33872184,71646,30427359,63407,0,0,0,0,0,0,0,0,4307873,1499136,2362184,42137561,9764513,True,1.0,0.3683032390793431,0.1061204048785946,0.4744236439579377,0.018056142885688006,0.6316967609206569,0.1061204048785946,0.4556346134366708,0.001131724776116311,0.0021645171287146482,0.003440244346464864,0.0023085195703485533,0.009263141336902963,0.01589162575697336,0.09611098257095908,0.08684784123405612,0.04149073360668424,0.0,0.40796898623895034,0.36647825263226613,0.0,0.0,0.0,0.0,0.05188559971970351,0.018056142885688006,0.028451008998707276,0.5075202131563743,0.11760736980311196,not_applicable_to_updated_policy,16525,8147,47159,195198,79719,89063,35818,0.4562700437504483,0.44930317741065495,620247,217609,649436381184,227672899584,3.177527433682722
toolagent_trace,0.01,4.0,"l1=0.01,l2x4",binary,4,3,pi3,lru,1784653926,learned,7138615706,tree,union,9997,83026370,167732,39588052,30578881,9009171,59743,17613,2182,1114454,265705,259258,6447,205513,0,10086128542390.271,0,prefix_first,sampled,16,4,onpolicy,211960,1321202614.272,2560,5242880,823859852906.4958,921209,7440975872,1395264084082.6882,1341262,14559375360,2123861855911.9353,1852373,24554813440,2425372031682.561,2192384,24986447872,1874840214716.4155,1579127,18293673984,1441609300475.9038,1120256,12330483712,5712,47202963,95362,17491966,4859118,22351084,9497,675312,1322,56.315476417541504,9997,61,52447489,107989,9009171,17613,38016844,78258,0,0,146168,286,114098,224,540394,1057,394226,771,729141,1442,1000356,1958,7911286,15491,7182145,14049,3431711,8208,0,0,33872184,71646,30440473,63438,0,0,0,0,0,0,0,0,4307020,1114454,1989763,42323864,9566134,True,1.0,0.3683032390793431,0.10850975419014465,0.47681299326948773,0.013422892028159246,0.6316967609206569,0.10850975419014465,0.4578887888269715,0.001760500910734746,0.0013742380884531023,0.006508703198754805,0.004748202288020059,0.008782041175592767,0.012048653939706144,0.09528642526464784,0.08650438408905509,0.04133278378905401,0.0,0.40796898623895034,0.36663620244989636,0.0,0.0,0.0,0.0,0.05187532587538152,0.013422892028159246,0.023965434114486758,0.5097641147023529,0.11521802049156189,not_applicable_to_updated_policy,6447,5225,46850,205513,83047,91592,35759,0.44567496946665175,0.4305874986453454,588925,190750,605946685440,195953000448,2.8656338041875697
toolagent_trace,0.01,4.0,"l1=0.01,l2x4",next_use,0,0,pi0,lru,1784653926,learned,7138615706,tree,union,9997,83026370,167732,39686468,30578881,9107587,59743,17803,2237,1145344,265705,262399,3306,208258,0,10086171034208.258,0,prefix_first,sampled,16,0,onpolicy,211564,1270869917.696,2048,5242880,960546840422.3999,1035006,8718469120,1548468899307.5203,1457953,15852253184,2241796952690.6885,1913907,25116899328,2390503341737.9854,2170810,25356843008,1733892749021.1838,1491063,18414254080,1209691381110.7837,1036800,12350541824,5712,47202963,95362,17491966,4993306,22485272,9759,698880,1365,56.799185037612915,9997,55,52447489,107989,9107587,17803,37903536,78007,0,0,6736,19,0,0,14856,36,8120,17,778659,1547,1145344,2237,8307518,16267,7528859,14720,3505627,8376,0,0,33872184,71646,30366557,63270,0,0,0,0,0,0,0,0,4291022,1145344,1930739,42194558,9467718,True,1.0,0.3683032390793431,0.10969511252870624,0.4779983516080493,0.013794942498389367,0.6316967609206569,0.10969511252870624,0.4565240657877732,8.113085035513416e-05,0.0,0.00017893110345544434,9.780025310031018e-05,0.009378454098378624,0.013794942498389367,0.10005878855115549,0.09068033445277687,0.042223055157054316,0.0,0.40796898623895034,0.365745931081896,0.0,0.0,0.0,0.0,0.051682640105788075,0.013794942498389367,0.023254527447123124,0.5082067058935613,0.1140326621530003,matched,3306,2393,47262,208258,85619,87967,35989,0.42239433779254576,0.42033894345881173,417870,162923,436509204480,170272595968,2.0065015509608273
toolagent_trace,0.01,4.0,"l1=0.01,l2x4",next_use,0,1,pi1,lru,1784653926,learned,7138615706,tree,union,9997,83026370,167732,39655029,30578881,9076148,59743,17739,2636,1349251,265705,250199,15506,195604,0,10086250644494.338,0,prefix_first,sampled,16,0,onpolicy,211110,1132458934.272,2048,5242880,910210748528.6399,1026681,8328675328,1506207353092.096,1437104,15317178368,2204313136596.9927,1905940,23883644928,2388070042773.5054,2187776,24862124032,1765521492623.3606,1523831,18058364928,1310795411945.4717,992768,12221906944,5712,47202963,95362,17491966,4932894,22424860,9639,790016,1543,57.339614391326904,9997,52,52447489,107989,9076148,17739,37724588,77669,0,0,39345,94,151171,296,160785,337,121440,243,770145,1518,1198080,2340,7989121,15631,7218976,14113,3488012,8333,0,0,33872184,71646,30384172,63313,0,0,0,0,0,0,0,0,4297502,1349251,2158741,42022090,9499157,True,1.0,0.3683032390793431,0.10931644970146231,0.4776196887808054,0.01625087306599096,0.6316967609206569,0.10931644970146231,0.4543687505547936,0.0004738855859891261,0.0018207588745599741,0.0019365534106814497,0.0014626678246923237,0.009275908365017042,0.014430114191430988,0.09622389850357181,0.08694799013855478,0.04201089364740383,0.0,0.40796898623895034,0.3659580925915465,0.0,0.0,0.0,0.0,0.05176068759841,0.01625087306599096,0.02600066701699713,0.5061294381532037,0.11441132498024423,not_applicable_to_updated_policy,15506,7449,47763,195604,80179,86988,35179,0.44471483200752543,0.4387557839334489,462280,174805,484468989952,183160307712,2.3633463528353205
toolagent_trace,0.01,4.0,"l1=0.01,l2x4",next_use,0,2,pi2,lru,1784653926,learned,7138615706,tree,union,9997,83026370,167732,40042153,30578881,9463272,59743,18504,1885,965120,265705,261910,3795,207203,0,10086139055876.098,0,prefix_first,sampled,16,0,onpolicy,210998,1229976502.272,2048,5242880,978231712880.6406,1094126,8776216576,1590744195772.4158,1538487,15778473984,2261135463514.111,2012603,25082290176,2367525308241.9214,2298385,25123610624,1684617996802.049,1545847,18144378880,1202654402162.6877,971776,12062689280,5712,47202963,95362,17491966,5126681,22618647,10023,620032,1211,56.62127900123596,9997,69,52447489,107989,9463272,18504,37729100,77672,0,0,25707,53,87552,171,179673,355,153966,302,760689,1506,877568,1714,7967240,15599,7206551,14093,3503601,8369,0,0,33872184,71646,30368583,63277,0,0,0,0,0,0,0,0,4289997,965120,1751516,42019097,9112033,True,1.0,0.3683032390793431,0.11397911290111805,0.48228235198046115,0.011624258654208295,0.6316967609206569,0.11397911290111805,0.4544230947348415,0.0003096245204987283,0.0010545083447584182,0.002164047398434979,0.001854422877936251,0.009162016838746533,0.010569750309449876,0.09596035572794523,0.0867983388891987,0.04219865327124382,0.0,0.40796898623895034,0.3657703329677065,0.0,0.0,0.0,0.0,0.05167029463048908,0.011624258654208295,0.02109590001345356,0.5060933893653305,0.10974866178058851,not_applicable_to_updated_policy,3795,2831,47792,207203,84804,85703,34653,0.4136185286892564,0.408624593179567,381495,145127,397494104064,151090196480,1.841165427141499
toolagent_trace,0.01,4.0,"l1=0.01,l2x4",next_use,0,3,pi3,lru,1784653926,learned,7138615706,tree,union,9997,83026370,167732,39968206,30578881,9389325,59743,18351,2201,1126912,265705,251234,14471,196240,0,10086271209428.994,0,prefix_first,sampled,16,0,onpolicy,210711,1236267958.272,2048,5242880,965680070873.088,1089145,8436525056,1568351666262.0166,1510002,15495301120,2241581707810.816,1984296,24095168512,2371165109733.377,2256003,25004208128,1707982093897.7283,1546871,18087380992,1230274292893.6956,1000960,12195368960,5712,47202963,95362,17491966,5103276,22595242,9971,679936,1328,56.985220193862915,9997,52,52447489,107989,9389325,18351,37636825,77492,0,0,17159,49,15360,30,77505,176,60346,127,765604,1511,1111552,2171,7981563,15615,7215959,14104,3511664,8385,0,0,33872184,71646,30360520,63261,0,0,0,0,0,0,0,0,4294427,1126912,1909675,41931252,9185980,True,1.0,0.3683032390793431,0.11308846815776723,0.48139170723711033,0.013572940741598122,0.6316967609206569,0.11308846815776723,0.45331170084877853,0.0002066692786882047,0.00018500146399270497,0.0009334985980960025,0.0007268293194077978,0.00922121489835097,0.013387939277605416,0.0961328671842452,0.08691165228589423,0.04229576699547385,0.0,0.40796898623895034,0.3656732192434765,0.0,0.0,0.0,0.0,0.05172365117251302,0.013572940741598122,0.023000824918637294,0.5050353520212916,0.11063930652393932,not_applicable_to_updated_policy,14471,6772,48155,196240,80670,86118,35071,0.4388401956787607,0.4347464980785918,403178,155679,422508769280,163094130688,2.054514879739095
toolagent_trace,0.01,4.0,"l1=0.01,l2x4",next_use,1,0,pi0,lru,1784653926,learned,7138615706,tree,union,9997,83026370,167732,39767606,30578881,9188725,59743,17958,2114,1082368,265705,262398,3307,208197,0,10086155253569.535,0,prefix_first,sampled,16,1,onpolicy,211504,1236267958.272,2048,5242880,958017298423.8081,1039745,8723408896,1547925091670.0168,1485938,15850876928,2241075566188.544,1945355,25115060224,2391329500088.3193,2179584,25376022528,1736087113801.7273,1503351,18413326336,1210484415438.8474,1032704,12347359232,5712,47202963,95362,17491966,5077694,22569660,9922,625664,1222,57.03735065460205,9997,49,52447489,107989,9188725,17958,37883113,77969,0,0,6495,19,12800,25,13420,34,6925,15,769364,1529,1069568,2089,8290792,16237,7521428,14708,3517424,8400,0,0,33872184,71646,30354760,63246,0,0,0,0,0,0,0,0,4293283,1082368,1858227,42176396,9386580,True,1.0,0.3683032390793431,0.11067236830900833,0.47897560738835143,0.013036436496019276,0.6316967609206569,0.11067236830900833,0.45627808369798656,7.822815811410278e-05,0.00015416788666058748,0.00016163539367070967,8.340723555660689e-05,0.009266501715057517,0.012882268609358689,0.09985733448300824,0.09059083276795071,0.04236514254447111,0.0,0.40796898623895034,0.36560384369447924,0.0,0.0,0.0,0.0,0.05170987241764273,0.013036436496019276,0.022381166369190898,0.5079879561156293,0.11305540637269822,matched,3307,2366,47304,208197,85598,87656,35861,0.42102431831390463,0.41894670436225145,418833,164896,437456506880,172285310976,2.0117148662084468
toolagent_trace,0.01,4.0,"l1=0.01,l2x4",next_use,1,1,pi1,lru,1784653926,learned,7138615706,tree,union,9997,83026370,167732,39801704,30578881,9222823,59743,18029,2320,1187840,265705,250798,14907,196351,0,10086218466148.355,0,prefix_first,sampled,16,1,onpolicy,211258,1236267958.272,2048,5242880,925200155453.4407,1025657,8368465920,1524264699662.3362,1456109,15363033088,2201164230744.0635,1939914,23984283648,2390154998347.7783,2227712,24961378304,1748846711588.8643,1555575,18174330880,1295351402393.6,1015808,12230565888,5712,47202963,95362,17491966,5002749,22494715,9778,695296,1358,57.71359443664551,9997,56,52447489,107989,9222823,18029,37740547,77699,0,0,22038,58,60416,118,127091,273,105053,215,782902,1541,1127424,2202,8037551,15721,7254649,14180,3491339,8342,0,0,33872184,71646,30380845,63304,0,0,0,0,0,0,0,0,4296279,1187840,1992780,42036826,9352482,True,1.0,0.3683032390793431,0.11108305710583276,0.47938629618517586,0.014306779882102518,0.6316967609206569,0.11108305710583276,0.4545609665941074,0.00026543374111140833,0.0007276724250379729,0.001530730537779744,0.0012652967966683356,0.00942955834393338,0.013579107457064544,0.09680720715599152,0.08737764881205815,0.04205096525356944,0.0,0.40796898623895034,0.3659180209853809,0.0,0.0,0.0,0.0,0.05174595733861423,0.014306779882102518,0.024001771967147305,0.5063069239327216,0.11264471757587378,not_applicable_to_updated_policy,14907,7002,47615,196351,80653,87232,35331,0.444265626352807,0.438061820391058,452962,170090,474651711488,178161567744,2.3068993791730117
toolagent_trace,0.01,4.0,"l1=0.01,l2x4",next_use,1,2,pi2,lru,1784653926,learned,7138615706,tree,union,9997,83026370,167732,39747983,30578881,9169102,59743,17928,2405,1230967,265705,259456,6249,204808,0,10086153951834.115,0,prefix_first,sampled,16,1,onpolicy,211057,1204810678.272,2048,5242880,901092847472.6406,1022446,8500664320,1504106098018.3047,1456084,15480289280,2203977493352.448,1939612,24615417856,2394329811290.1113,2225145,25036615680,1764443559770.114,1531511,18160836608,1316999331252.224,992256,12190240768,5712,47202963,95362,17491966,5005305,22497271,9783,720896,1408,57.09090518951416,9997,67,52447489,107989,9169102,17928,37756450,77726,0,0,39630,81,102400,200,210270,419,170640,338,764767,1515,1128567,2205,7964966,15591,7200199,14076,3486573,8334,0,0,33872184,71646,30385611,63312,0,0,0,0,0,0,0,0,4290970,1230967,2035364,42047420,9406203,True,1.0,0.3683032390793431,0.11043602171213797,0.47873926079148105,0.014826217260853388,0.6316967609206569,0.11043602171213797,0.45475250814891705,0.00047731823034055323,0.0012333430932846999,0.00253256886938451,0.002055250639043957,0.009211133763887304,0.01359287416756869,0.09593296683933068,0.08672183307544339,0.04199356180452066,0.0,0.40796898623895034,0.3659754244344297,0.0,0.0,0.0,0.0,0.05168201379874852,0.014826217260853388,0.024514669255081247,0.5064345219476656,0.11329175296956859,not_applicable_to_updated_policy,6249,4288,47763,204808,83405,86875,35023,0.42417776649349637,0.41991487320904025,456497,173582,477062797312,181356668928,2.2289021913206515
toolagent_trace,0.01,4.0,"l1=0.01,l2x4",next_use,1,3,pi3,lru,1784653926,learned,7138615706,tree,union,9997,83026370,167732,39921687,30578881,9342806,59743,18260,2075,1062019,265705,250540,15165,195904,0,10086217774008.32,0,prefix_first,sampled,16,1,onpolicy,211069,1248849821.696,2048,5242880,971852054851.5845,1073785,8420833280,1585719076421.6318,1522494,15432835072,2248765133266.946,2000168,23995199488,2372616016209.92,2258432,24881027072,1690755851857.9197,1527927,18000785408,1215260791578.623,957952,12095883264,5712,47202963,95362,17491966,5049516,22541482,9866,658432,1286,57.38836860656738,9997,52,52447489,107989,9342806,18260,37748275,77709,0,0,29146,72,73347,144,126642,269,97496,197,763734,1508,988672,1931,8043838,15739,7280104,14231,3501509,8365,0,0,33872184,71646,30370675,63281,0,0,0,0,0,0,0,0,4294389,1062019,1854899,42042664,9232499,True,1.0,0.3683032390793431,0.1125281762890513,0.4808314153683944,0.012791345689327379,0.6316967609206569,0.1125281762890513,0.4546540454556787,0.0003510450956726158,0.0008834181236636023,0.001525322617380478,0.0011742775217078623,0.00919869193365915,0.011907927565663777,0.0968829300859474,0.08768423815228825,0.042173456457267736,0.0,0.40796898623895034,0.3657955297816826,0.0,0.0,0.0,0.0,0.0517231934865995,0.012791345689327379,0.022341082718659144,0.5063772389422783,0.11119959839265525,not_applicable_to_updated_policy,15165,7254,47807,195904,80417,85456,34494,0.43621365566808235,0.42893915465635374,392338,148321,411148122112,155387748352,2.002705406729827
toolagent_trace,0.01,4.0,"l1=0.01,l2x4",next_use,2,0,pi0,lru,1784653926,learned,7138615706,tree,union,9997,83026370,167732,39763583,30578881,9184702,59743,17950,2135,1092727,265705,262502,3203,208386,0,10086175913142.271,0,prefix_first,sampled,16,2,onpolicy,211589,1245704093.696,2048,5242880,959280757563.3922,1043329,8714790912,1550082559467.5195,1477234,15871891456,2240717528371.1997,1950946,25154629632,2389934602684.416,2195058,25374287872,1732915183732.736,1495159,18410395648,1211999577229.3123,1020928,12363210752,5712,47202963,95362,17491966,5051143,22543109,9870,649728,1269,57.22354507446289,9997,51,52447489,107989,9184702,17950,37877947,77958,0,0,4649,14,2560,5,14049,35,9400,21,773645,1538,1090167,2130,8283827,16223,7510182,14685,3513819,8394,0,0,33872184,71646,30358365,63252,0,0,0,0,0,0,0,0,4292113,1092727,1871021,42170060,9390603,True,1.0,0.3683032390793431,0.11062391382400555,0.47892715290334864,0.013161204084919045,0.6316967609206569,0.11062391382400555,0.45621586250247964,5.5994258209771184e-05,3.08335773321175e-05,0.00016921129997614012,0.00011321704176636892,0.009318063646525796,0.013130370507586926,0.09977344547280581,0.09045538182628002,0.042321722604517095,0.0,0.40796898623895034,0.36564726363443323,0.0,0.0,0.0,0.0,0.051695780509252665,0.013161204084919045,0.022535261989654613,0.5079116430117323,0.113103860857701,matched,3203,2283,47228,208386,85674,87897,35887,0.421798969220581,0.4188785395802694,420747,164288,439440037888,171673712640,2.0190751777950533
toolagent_trace,0.01,4.0,"l1=0.01,l2x4",next_use,2,1,pi1,lru,1784653926,learned,7138615706,tree,union,9997,83026370,167732,39701796,30578881,9122915,59743,17831,2498,1278976,265705,250943,14762,196402,0,10086255446509.566,0,prefix_first,sampled,16,2,onpolicy,211164,1138750390.272,2048,5242880,930847618543.6154,1043065,8405778432,1530260274704.384,1465388,15407433728,2215834844008.448,1944391,24049936384,2383663983929.3438,2217472,24976087040,1740160136658.9438,1500279,18131310592,1284349838274.5596,950272,12220346368,5712,47202963,95362,17491966,4936395,22428361,9646,764928,1494,57.239261865615845,9997,53,52447489,107989,9122915,17831,37750568,77716,0,0,22209,58,90624,177,110024,238,87815,180,773419,1527,1188352,2321,8063390,15776,7289971,14249,3499402,8359,0,0,33872184,71646,30372782,63287,0,0,0,0,0,0,0,0,4295030,1278976,2074604,42045598,9452390,True,1.0,0.3683032390793431,0.1098797285729823,0.4781829676523254,0.0154044552351259,0.6316967609206569,0.1098797285729823,0.45468166318725,0.00026749332772226463,0.0010915086375569594,0.0013251693407769123,0.0010576760130546477,0.009315341619776946,0.01431294659756894,0.09711842153282144,0.0878030799130445,0.042148078977799465,0.0,0.40796898623895034,0.3658209072611509,0.0,0.0,0.0,0.0,0.051730913925298674,0.0154044552351259,0.024987290182625112,0.5064125771125487,0.11384804610872425,not_applicable_to_updated_policy,14762,6911,47712,196402,80770,87209,35508,0.44403315648516817,0.4396186702983781,446297,171273,467696848896,179437178880,2.272364843535198
toolagent_trace,0.01,4.0,"l1=0.01,l2x4",next_use,2,2,pi2,lru,1784653926,learned,7138615706,tree,union,9997,83026370,167732,40030820,30578881,9451939,59743,18478,1960,1003520,265705,254637,11068,199773,0,10086195988783.104,0,prefix_first,sampled,16,2,onpolicy,210841,1223685046.272,2048,5242880,980773429579.7758,1106545,8510013440,1598321789704.1917,1540122,15390703616,2253383242348.5444,2023056,24028971008,2369965855956.991,2270225,24532744192,1689404757157.8887,1515127,17592477696,1193123228989.4404,994816,11669454848,5712,47202963,95362,17491966,5167437,22659403,10099,593408,1159,56.55627775192261,9997,61,52447489,107989,9451939,18478,37699491,77615,0,0,44878,97,95744,187,352030,701,307152,604,741079,1465,907776,1773,7767816,15204,7026737,13739,3506582,8374,0,0,33872184,71646,30365602,63272,0,0,0,0,0,0,0,0,4292539,1003520,1789477,41992030,9123366,True,1.0,0.3683032390793431,0.11384261409959269,0.4821458531789358,0.012086762314190059,0.6316967609206569,0.11384261409959269,0.45406647309764353,0.0005405270638713941,0.0011531757922211942,0.004239978214150516,0.0036994511502791223,0.008925826818636054,0.010933586521968864,0.09355842005377328,0.08463259323513722,0.042234557526723136,0.0,0.40796898623895034,0.3657344287122272,0.0,0.0,0.0,0.0,0.05170091140923058,0.012086762314190059,0.021553116196697506,0.5057673845068742,0.10988516058211385,not_applicable_to_updated_policy,11068,7124,48013,199773,80456,83335,33004,0.4171484635060794,0.41021179278114744,367087,134334,384184078336,140537733120,1.8375205858649568
toolagent_trace,0.01,4.0,"l1=0.01,l2x4",next_use,2,3,pi3,lru,1784653926,learned,7138615706,tree,union,9997,83026370,167732,39926094,30578881,9347213,59743,18272,2248,1150976,265705,250061,15644,195230,0,10086263253002.242,0,prefix_first,sampled,16,2,onpolicy,210874,1229976502.272,2048,5242880,972766264993.7927,1094134,8396800000,1587362753038.3357,1519950,15366758400,2255982769131.5186,1994748,23883876352,2370934074998.7847,2241238,24727334912,1688887172696.0657,1530487,17889812480,1209100241641.4731,964608,11976648704,5712,47202963,95362,17491966,5039503,22531469,9849,731136,1428,56.682945728302,9997,58,52447489,107989,9347213,18272,37655913,77530,0,0,37766,87,110592,216,207310,426,169544,339,744771,1468,1040384,2032,7869806,15397,7125035,13929,3510850,8384,0,0,33872184,71646,30361334,63262,0,0,0,0,0,0,0,0,4293387,1150976,1933513,41949300,9228092,True,1.0,0.3683032390793431,0.1125812558106539,0.480884494889997,0.013862776368520026,0.6316967609206569,0.1125812558106539,0.45354160370976115,0.0004548675318456052,0.0013320105407474757,0.002496917545594249,0.002042050013748644,0.008970294618444717,0.01253076582777255,0.09478682495693838,0.08581653033849367,0.04228596288143153,0.0,0.40796898623895034,0.36568302335751884,0.0,0.0,0.0,0.0,0.05171112503172185,0.013862776368520026,0.02328793851881035,0.505252728741483,0.11114651887105266,not_applicable_to_updated_policy,15644,7733,48000,195230,79753,84972,34133,0.43524048558110945,0.427983900292152,387077,145379,405602125824,152288925696,1.982671720534754
toolagent_trace,0.01,4.0,"l1=0.01,l2x4",next_use,3,0,pi0,lru,1784653926,learned,7138615706,tree,union,9997,83026370,167732,39776091,30578881,9197210,59743,17977,2052,1050254,265705,262365,3340,208226,0,10086185510813.697,0,prefix_first,sampled,16,3,onpolicy,211566,1245704093.696,2048,5242880,957033696366.5922,1051009,8717684736,1548509611343.8723,1483696,15859910656,2241201864818.69,1950962,25124081664,2391543642591.2324,2178560,25365821440,1735435952353.279,1495159,18416642048,1211215039246.3357,1035776,12358815744,5712,47202963,95362,17491966,5083276,22575242,9934,607886,1188,56.9940230846405,9997,53,52447489,107989,9197210,17977,37906895,78016,0,0,6212,15,1536,3,12320,28,6108,13,771425,1533,1048718,2049,8315521,16286,7544096,14753,3515493,8396,0,0,33872184,71646,30356691,63250,0,0,0,0,0,0,0,0,4293130,1050254,1827891,42200025,9378095,True,1.0,0.3683032390793431,0.1107745647557517,0.4790778038350948,0.012649643721627237,0.6316967609206569,0.1107745647557517,0.45656452281365545,7.481960249496636e-05,1.8500146399270496e-05,0.00014838659091081545,7.356698841584908e-05,0.0092913251536831,0.012631143575227967,0.1001551796134168,0.0908638544597337,0.042341884873444424,0.0,0.40796898623895034,0.3656271013655059,0.0,0.0,0.0,0.0,0.051708029629622496,0.012649643721627237,0.022015788477805304,0.508272552443278,0.11295320992595485,matched,3340,2379,47254,208226,85644,87595,35777,0.4206727305908004,0.41774088085563493,419624,163602,438350376960,170963539968,2.01523344827255
toolagent_trace,0.01,4.0,"l1=0.01,l2x4",next_use,3,1,pi1,lru,1784653926,learned,7138615706,tree,union,9997,83026370,167732,39726103,30578881,9147222,59743,17878,2450,1254400,265705,251639,14066,197018,0,10086272256761.857,0,prefix_first,sampled,16,3,onpolicy,211084,1123021750.272,2048,5242880,927563170842.6239,1046137,8423825408,1527843873679.3596,1462590,15483115520,2214379367088.129,1943848,24140120064,2384181058113.5366,2196992,25026727936,1749455688108.0325,1502839,18185129984,1281726077179.904,992768,12281006080,5712,47202963,95362,17491966,4939948,22431914,9652,752128,1469,57.5859010219574,9997,52,52447489,107989,9147222,17878,37749931,77716,0,0,16052,48,52224,102,66522,154,50470,106,778532,1535,1202176,2348,8107161,15861,7328629,14326,3501352,8362,0,0,33872184,71646,30370832,63284,0,0,0,0,0,0,0,0,4295936,1254400,2048984,42045867,9428083,True,1.0,0.3683032390793431,0.11017249098087752,0.47847573006022065,0.015108452892737573,0.6316967609206569,0.11017249098087752,0.45467399092601546,0.00019333616536529297,0.0006290049775751969,0.0008012153247215312,0.0006078791593562382,0.009376924463878163,0.014479447915162376,0.09764561548336992,0.08826869101949177,0.042171565491782914,0.0,0.40796898623895034,0.3657974207471674,0.0,0.0,0.0,0.0,0.05174182612102637,0.015108452892737573,0.02467871352198103,0.5064158170470417,0.11355528370082903,not_applicable_to_updated_policy,14066,6514,47785,197018,81160,87417,35612,0.44370057558192655,0.43878758008871366,447567,172438,469017024512,180649955328,2.271706138525414
toolagent_trace,0.01,4.0,"l1=0.01,l2x4",next_use,3,2,pi2,lru,1784653926,learned,7138615706,tree,union,9997,83026370,167732,39979193,30578881,9400312,59743,18378,2002,1024643,265705,260258,5447,205608,0,10086194485282.814,0,prefix_first,sampled,16,3,onpolicy,211055,1248849821.696,2048,5242880,980516726745.0876,1096174,8714203136,1597123765346.3037,1544993,15676928000,2260946260647.9355,2010922,24835149824,2362899168952.319,2249032,24945778688,1678739145369.6,1528439,18016258048,1204720568399.872,968704,12015546368,5712,47202963,95362,17491966,5088586,22580552,9947,656384,1282,56.98282742500305,9997,62,52447489,107989,9400312,18378,37730032,77674,0,0,27706,57,47747,94,208590,414,180884,357,762720,1513,976896,1908,7941760,15549,7179040,14036,3502076,8365,0,0,33872184,71646,30370108,63281,0,0,0,0,0,0,0,0,4292502,1024643,1815069,42022534,9174993,True,1.0,0.3683032390793431,0.11322079960860627,0.4815240386879494,0.012341175460278464,0.6316967609206569,0.11322079960860627,0.45443432008408896,0.0003337012084232997,0.0005750823503424274,0.002512334334260308,0.002178633125837008,0.009186478946387756,0.011766093109936036,0.0956534652785615,0.08646698633217374,0.042180285612872154,0.0,0.40796898623895034,0.3657887006260782,0.0,0.0,0.0,0.0,0.05170046576768321,0.012341175460278464,0.02186135561508952,0.5061347858517722,0.11050697507310027,not_applicable_to_updated_policy,5447,3827,47764,205608,83827,85107,34196,0.4139284463639547,0.4079353907452253,379084,142970,395778816000,149228050432,1.8437220341620948
toolagent_trace,0.01,4.0,"l1=0.01,l2x4",next_use,3,3,pi3,lru,1784653926,learned,7138615706,tree,union,9997,83026370,167732,39633852,30578881,9054971,59743,17698,2634,1348608,265705,250218,15487,195657,0,10086288011272.19,0,prefix_first,sampled,16,3,onpolicy,211144,1195373494.272,2048,5242880,910858778484.7362,1020025,8300617728,1507794571530.2407,1450098,15300030464,2206733111336.959,1944985,23902509056,2388231421951.9985,2197504,24889712640,1759557039503.3608,1480311,18078363648,1311917714970.6223,960000,12216231936,5712,47202963,95362,17491966,4882205,22374171,9540,808448,1579,57.902363538742065,9997,52,52447489,107989,9054971,17698,37747464,77712,0,0,33407,77,51200,100,152130,317,118723,240,774214,1532,1297408,2534,8019596,15694,7245382,14162,3488825,8336,0,0,33872184,71646,30383359,63310,0,0,0,0,0,0,0,0,4296446,1348608,2156229,42043910,9520334,True,1.0,0.3683032390793431,0.10906138615960206,0.4773646252389452,0.016243128538559495,0.6316967609206569,0.10906138615960206,0.45464427747473485,0.00040236613981798795,0.0006166715466423499,0.0018323094216933728,0.001429943281875385,0.009324916890862506,0.015626456991917146,0.09659095056185162,0.0872660336709891,0.04202068571708001,0.0,0.40796898623895034,0.36594830052187033,0.0,0.0,0.0,0.0,0.0517479687477605,0.016243128538559495,0.02597041156923999,0.5063922462224953,0.11466638852210448,not_applicable_to_updated_policy,15487,7377,47726,195657,80297,86782,35116,0.4435415037540185,0.4373264256447937,459917,175230,481960372224,183570630656,2.35062890670919
toolagent_trace,0.01,4.0,"l1=0.01,l2x4",next_use,4,0,pi0,lru,1784653926,learned,7138615706,tree,union,9997,83026370,167732,39846542,30578881,9267661,59743,18114,1957,1001984,265705,262394,3311,208186,0,10086137260707.84,0,prefix_first,sampled,16,4,onpolicy,211497,1239413686.272,2048,5242880,958938736537.6,1047425,8722995200,1550194989969.4084,1479282,15843426304,2240723195396.096,1952300,25137063936,2394124809807.8716,2214199,25369856000,1731547880396.7996,1525879,18401665024,1209368234913.7915,1046528,12353126400,5712,47202963,95362,17491966,5095051,22587017,9957,610816,1193,56.87579679489136,9997,52,52447489,107989,9267661,18114,37886732,77973,0,0,8133,20,8704,17,19681,47,11548,27,770135,1532,993280,1940,8285979,16225,7515844,14693,3512844,8393,0,0,33872184,71646,30359340,63253,0,0,0,0,0,0,0,0,4291112,1001984,1780252,42177844,9307644,True,1.0,0.3683032390793431,0.11162310239505834,0.47992634147440144,0.012068262167790788,0.6316967609206569,0.11162310239505834,0.4563216722590666,9.795682986019984e-05,0.00010483416292919948,0.0002370451701067986,0.00013908834024659877,0.009275787921355588,0.011963428004861588,0.09979936494875062,0.09052357702739502,0.04230997934752537,0.0,0.40796898623895034,0.365659006891425,0.0,0.0,0.0,0.0,0.05168372409874116,0.012068262167790788,0.021442006919006575,0.5080053963578077,0.11210467228664821,matched,3311,2390,47319,208186,85570,87838,35867,0.42192078237729724,0.41915390908028516,419818,165273,438535653376,172734349312,2.016552505932195
toolagent_trace,0.01,4.0,"l1=0.01,l2x4",next_use,4,1,pi1,lru,1784653926,learned,7138615706,tree,union,9997,83026370,167732,39793064,30578881,9214183,59743,18008,2347,1201664,265705,249027,16678,194407,0,10086265877086.209,0,prefix_first,sampled,16,4,onpolicy,211085,1242560462.848,2048,5242880,964404538183.6804,1077881,8365049856,1576989725575.1685,1497714,15282122752,2244679919425.5366,1962885,23758987264,2374092334548.9907,2191872,24569405440,1706028426813.4402,1498231,17815597056,1218828372076.5437,983552,11978082304,5712,47202963,95362,17491966,4983069,22475035,9737,746496,1458,56.81189489364624,9997,51,52447489,107989,9214183,18008,37735050,77688,0,0,38478,91,62976,123,260759,531,222281,440,757061,1494,1138688,2224,7898699,15457,7141638,13963,3501053,8361,0,0,33872184,71646,30371131,63285,0,0,0,0,0,0,0,0,4296592,1201664,1997203,42031642,9361122,True,1.0,0.3683032390793431,0.11097899378233686,0.47928223286168,0.014473281199695952,0.6316967609206569,0.11097899378233686,0.45449475871340633,0.0004634431205411004,0.0007585060023700904,0.00314067687169751,0.00267723375115641,0.009118319878371172,0.013714775197325862,0.09513482282797622,0.08601650294960504,0.04216796422630545,0.0,0.40796898623895034,0.3658010220126449,0.0,0.0,0.0,0.0,0.05174972722521772,0.014473281199695952,0.024055044198608225,0.506244485938624,0.11274878089936968,not_applicable_to_updated_policy,16678,8300,47787,194407,79348,85064,34234,0.4375562608342292,0.4314412461561728,392424,146495,411174381568,153432469504,2.018569290200456
toolagent_trace,0.01,4.0,"l1=0.01,l2x4",next_use,4,2,pi2,lru,1784653926,learned,7138615706,tree,union,9997,83026370,167732,39991453,30578881,9412572,59743,18400,2013,1030656,265705,253576,12129,198742,0,10086225156390.91,0,prefix_first,sampled,16,4,onpolicy,210871,1239413686.272,2048,5242880,959353763100.6721,1085049,8447956992,1570034688190.4644,1498650,15430361088,2236514111459.3267,1981948,24001433600,2380774680827.9023,2236118,24798939136,1708590079672.3196,1575031,17994719232,1229718419453.9526,1033728,12034158592,5712,47202963,95362,17491966,5118482,22610448,10003,626176,1223,57.09893488883972,9997,58,52447489,107989,9412572,18400,37712628,77637,0,0,30714,77,30720,60,191090,395,160376,318,760920,1498,999936,1953,7940987,15535,7180067,14037,3499999,8364,0,0,33872184,71646,30372185,63282,0,0,0,0,0,0,0,0,4291633,1030656,1822290,42004261,9162733,True,1.0,0.3683032390793431,0.11336846353754837,0.48167170261689146,0.012413598233910503,0.6316967609206569,0.11336846353754837,0.45422469993569514,0.0003699306617885378,0.00037000292798540995,0.002301557926716536,0.0019316272649279982,0.009164799087326111,0.012043595305925093,0.09564415498353114,0.08647935589620502,0.042155269464388245,0.0,0.40796898623895034,0.3658137167745621,0.0,0.0,0.0,0.0,0.05168999921350289,0.012413598233910503,0.02194832798302515,0.5059146991491981,0.11035931114415817,not_applicable_to_updated_policy,12129,6878,47991,198742,80721,85144,34408,0.4284147286431655,0.4262583466508096,393649,149407,412432412672,156492783616,1.9807036258063218
toolagent_trace,0.01,4.0,"l1=0.01,l2x4",next_use,4,3,pi3,lru,1784653926,learned,7138615706,tree,union,9997,83026370,167732,39894110,30578881,9315229,59743,18208,2335,1195520,265705,250002,15703,195087,0,10086205137797.121,0,prefix_first,sampled,16,4,onpolicy,210790,1245704093.696,2048,5242880,976317849393.1516,1102326,8365690880,1591861031405.5679,1530994,15303325696,2252196715061.2495,1989608,23765518336,2371903088031.745,2263766,24554831872,1690298996834.3042,1488503,17741740032,1202381752977.4077,937984,11798419456,5712,47202963,95362,17491966,5031823,22523789,9834,737792,1441,57.27389979362488,9997,55,52447489,107989,9315229,18208,37642627,77504,0,0,44303,101,65536,128,287260,581,242957,480,740652,1460,1129984,2207,7777296,15219,7036644,13759,3509158,8381,0,0,33872184,71646,30363026,63265,0,0,0,0,0,0,0,0,4294113,1195520,1980475,41936740,9260076,True,1.0,0.3683032390793431,0.11219602880386075,0.48049926788320385,0.01439928061409887,0.6316967609206569,0.11219602880386075,0.4533815822611539,0.000533601553337813,0.0007893395797022079,0.003459864618915653,0.0029262630655778397,0.008920683874291986,0.013609941034396663,0.09367260064483128,0.08475191677053928,0.04226558381391358,0.0,0.40796898623895034,0.3657034024250368,0.0,0.0,0.0,0.0,0.05171986924154338,0.01439928061409887,0.02385356604172867,0.5051014515026973,0.1115317458778458,not_applicable_to_updated_policy,15703,8267,48085,195087,79205,84214,33861,0.4316740736184369,0.42751088946404897,374757,141325,392655716352,148019191808,1.9209737194174907
toolagent_trace,0.02,1.0,"l1=0.02,l2x1",binary,0,0,pi0,lru,3569307853,learned,3569307853,tree,union,9997,83026370,167732,37982637,32176527,5806110,62876,11342,2166,1108992,255969,200089,55880,165738,0,5042854724014.079,0,prefix_first,sampled,16,0,onpolicy,221618,745535438.848,2048,5242880,552292217223.168,695808,6649425920,819302533570.5602,930816,11834396672,1118564427051.0076,1203742,18160486400,1170598460010.496,1386496,18569703424,814060029003.7756,933888,13435699200,567291521716.2239,653312,9223331840,5712,47202963,95362,18432681,3249178,21681859,6347,530944,1037,52.8001651763916,9997,59,50849843,104856,5806110,11342,39636174,81410,0,0,200170,402,78336,153,2390259,4695,2190089,4293,636786,1258,1030656,2013,7672298,15007,7035512,13749,3461611,8278,0,0,33872184,71646,30410573,63368,0,0,0,0,0,0,0,0,4298567,1108992,1945948,43934741,11171549,True,1.0,0.38754587247401034,0.06993091472022683,0.4574767871942372,0.013357105700273299,0.6124541275259896,0.06993091472022683,0.4773925922571347,0.00241092077131639,0.0009435074663627954,0.028789154578238215,0.026378233806921825,0.007669683740238192,0.012413598233910503,0.09240796628830093,0.08473828254806275,0.041692910336800226,0.0,0.40796898623895034,0.3662760759021501,0.0,0.0,0.0,0.0,0.0517735148483548,0.013357105700273299,0.023437710211827882,0.5291661071054895,0.13455422656681246,unavailable_for_cell,55880,28337,30939,165738,62965,64013,23251,0.38623007397217296,0.36926864130866355,231432,78712,241788930048,82141403136,1.396372588060674
toolagent_trace,0.02,1.0,"l1=0.02,l2x1",binary,0,1,pi1,lru,3569307853,learned,3569307853,tree,union,9997,83026370,167732,37569717,32176527,5393190,62876,10539,2693,1377910,255969,153384,102585,118969,0,5042784464078.847,0,prefix_first,sampled,16,0,onpolicy,221554,1204810678.272,2560,5242880,375771633080.31995,514828,4245258240,633097616199.6802,744814,7338874880,965913806583.8077,1069228,11876020224,1212738612357.1196,1267712,13523992576,1012462946711.5515,972288,10552457216,841595038468.0958,821760,8156901376,5712,47202963,95362,18432681,3067044,21499725,5993,555008,1084,52.97485065460205,9997,65,50849843,104856,5393190,10539,39774489,81692,0,0,485246,954,203300,398,5230229,10229,4744983,9275,415351,824,1174610,2295,4976330,9749,4560979,8925,3403657,8154,0,0,33872184,71646,30468527,63492,0,0,0,0,0,0,0,0,4304254,1377910,2278507,44078743,11584469,True,1.0,0.38754587247401034,0.06495755505148545,0.4525034275254958,0.016596052555350786,0.6124541275259896,0.06495755505148545,0.4790585087605299,0.005844480494570581,0.002448619637351362,0.0629947931000717,0.057150312605501116,0.005002639522840756,0.014147432917999426,0.05993674058013135,0.054934101057290595,0.040994891141212124,0.0,0.40796898623895034,0.3669740950977382,0.0,0.0,0.0,0.0,0.05184201115862346,0.016596052555350786,0.027443172572762124,0.5309005199191534,0.13952758623555384,not_applicable_to_updated_policy,102585,48168,30994,118969,43447,46208,15564,0.3884037018046718,0.3582295670587152,306128,83198,316987594752,86532184064,2.5731745244559505
toolagent_trace,0.02,1.0,"l1=0.02,l2x1",binary,0,2,pi2,lru,3569307853,learned,3569307853,tree,union,9997,83026370,167732,37555495,32176527,5378968,62876,10508,3120,1597010,255969,139303,116666,104252,0,5042875356917.761,0,prefix_first,sampled,16,0,onpolicy,220918,855635918.848,2048,5242880,378765150533.63214,543632,4408832000,637230673248.2561,761856,7493826560,977510585341.9521,1064968,11751946240,1204258775801.856,1266176,13231728640,992370657476.6079,960000,10347081728,851883878596.6086,780288,7851436032,5712,47202963,95362,18432681,2925056,21357737,5713,747008,1459,52.21960973739624,9997,60,50849843,104856,5378968,10508,39572258,81291,0,0,490350,970,103506,203,5160694,10105,4670344,9135,383037,760,1493504,2917,4840987,9477,4457950,8717,3428220,8207,0,0,33872184,71646,30443964,63439,0,0,0,0,0,0,0,0,4301607,1597010,2470397,43873865,11598691,True,1.0,0.38754587247401034,0.06478626007616617,0.4523321325501765,0.019234973177798813,0.6124541275259896,0.06478626007616617,0.47662276455058794,0.0059059549393764895,0.0012466641622414661,0.0621572881001542,0.05625133316077771,0.004613437875219644,0.017988309015557348,0.058306619932920106,0.05369318205770046,0.04129073690684056,0.0,0.40796898623895034,0.3666782493321098,0.0,0.0,0.0,0.0,0.0518101297214367,0.019234973177798813,0.029754365992394945,0.5284328942720247,0.13969888121087312,not_applicable_to_updated_policy,116666,50124,31641,104252,41063,42181,16218,0.4046061466446687,0.3949540949273068,317968,101650,332631658496,106265333760,3.0499942447147297
toolagent_trace,0.02,1.0,"l1=0.02,l2x1",binary,0,3,pi3,lru,3569307853,learned,3569307853,tree,union,9997,83026370,167732,37720539,32176527,5544012,62876,10833,2817,1441366,255969,141247,114722,106226,0,5042802963345.407,0,prefix_first,sampled,16,0,onpolicy,220948,1116730294.272,2048,5242880,374605738139.64777,529296,4281366528,637512826222.5918,753152,7285051392,968519746699.2634,1100476,11729035264,1215378411898.8801,1333248,13289220096,1001787224444.9277,1006592,10313013248,843882285645.8243,819200,7867475968,5712,47202963,95362,18432681,3072133,21504814,6002,623616,1218,52.63386535644531,9997,63,50849843,104856,5544012,10833,39560908,81272,0,0,498312,981,75346,148,5304312,10380,4806000,9399,391751,777,1366020,2669,4687969,9180,4296218,8403,3413494,8176,0,0,33872184,71646,30458690,63470,0,0,0,0,0,0,0,0,4303557,1441366,2331429,43864465,11433647,True,1.0,0.38754587247401034,0.0667741104422607,0.45431998291627107,0.01736033985347065,0.6124541275259896,0.0667741104422607,0.47648606099483815,0.006001852182625833,0.0009074948115881737,0.06388707587721829,0.05788522369459245,0.0047183924818102975,0.016452845041882477,0.056463615114089656,0.05174522263227936,0.04111337157098401,0.0,0.40796898623895034,0.36685561466796635,0.0,0.0,0.0,0.0,0.05183361623542015,0.01736033985347065,0.028080584517906782,0.5283196772302583,0.1377110308447786,not_applicable_to_updated_policy,114722,49682,31606,106226,41495,41073,15433,0.3866567507013349,0.37192432823231714,290050,87572,301564434432,91302653952,2.7304991245081243
toolagent_trace,0.02,1.0,"l1=0.02,l2x1",binary,1,0,pi0,lru,3569307853,learned,3569307853,tree,union,9997,83026370,167732,38186895,32176527,6010368,62876,11739,1805,923674,255969,200071,55898,165608,0,5042793425840.13,0,prefix_first,sampled,16,1,onpolicy,221506,764409806.848,2048,5242880,548655551088.64014,699904,6637271040,818306982236.1602,946688,11807760384,1116385131440.1292,1245696,18089213952,1171618315495.424,1414656,18579298304,816217118844.9279,989696,13322246144,570845916928.0001,711680,9242261504,5712,47202963,95362,18432681,3346432,21779113,6536,459802,899,52.2096734046936,9997,57,50849843,104856,6010368,11739,39617677,81372,0,0,219454,440,80410,158,2409579,4730,2190125,4290,615028,1217,843264,1647,7634038,14936,7019010,13719,3463642,8283,0,0,33872184,71646,30408542,63363,0,0,0,0,0,0,0,0,4298124,923674,1758156,43915801,10967291,True,1.0,0.38754587247401034,0.07239107286034545,0.4599369453343558,0.011125067854947771,0.6124541275259896,0.07239107286034545,0.477169807616544,0.0026431843280634816,0.0009684874817482686,0.02902185173216654,0.026378667404103058,0.007407622421647483,0.010156580373199503,0.09194714883957952,0.08453952641793204,0.041717372444441445,0.0,0.40796898623895034,0.3662516137945089,0.0,0.0,0.0,0.0,0.051768179194152414,0.011125067854947771,0.021175874604658737,0.5289379868106964,0.13209406842669383,unavailable_for_cell,55898,28473,31046,165608,62788,63705,22986,0.38467344572725953,0.3660890616041282,229766,78048,240016558080,81453893632,1.3874088208299116
toolagent_trace,0.02,1.0,"l1=0.02,l2x1",binary,1,1,pi1,lru,3569307853,learned,3569307853,tree,union,9997,83026370,167732,37421653,32176527,5245126,62876,10252,2980,1524336,255969,148198,107771,113835,0,5042856059461.633,0,prefix_first,sampled,16,1,onpolicy,221606,1126167478.272,2048,5242880,367453913620.4801,510088,4187770880,632089615853.5677,721774,7223078912,965850637019.1361,1045743,11624341504,1219019933345.7927,1265633,13101162496,1015934218702.8484,958464,10451582976,841381573441.5356,741376,8044206080,5712,47202963,95362,18432681,2890373,21323054,5648,727066,1421,51.56119728088379,9997,69,50849843,104856,5245126,10252,39776509,81696,0,0,484612,951,176748,347,5363585,10489,4878973,9538,416081,825,1347588,2633,4844612,9489,4428531,8664,3403179,8152,0,0,33872184,71646,30469005,63494,0,0,0,0,0,0,0,0,4303872,1524336,2425029,44080381,11732533,True,1.0,0.38754587247401034,0.0631742180225391,0.4507200904965495,0.018359660912551038,0.6124541275259896,0.0631742180225391,0.47908283838014354,0.0058368443664344235,0.0021288176274598058,0.06460098159175212,0.05876413722531769,0.005011431910126867,0.01623084328509123,0.058350280760197035,0.05333884885007016,0.04098913393419464,0.0,0.40796898623895034,0.3669798523047557,0.0,0.0,0.0,0.0,0.051837410210755934,0.018359660912551038,0.029207937189112326,0.5309202485908995,0.14131092326450018,not_applicable_to_updated_policy,107771,49214,30943,113835,42410,44173,15332,0.3880440989150964,0.361518509785428,307749,85771,319058182144,89301536768,2.7034655422321783
toolagent_trace,0.02,1.0,"l1=0.02,l2x1",binary,1,2,pi2,lru,3569307853,learned,3569307853,tree,union,9997,83026370,167732,37738473,32176527,5561946,62876,10866,2858,1462334,255969,138230,117739,103073,0,5042884597362.687,0,prefix_first,sampled,16,1,onpolicy,220812,1016068046.848,2048,5242880,384230855854.07996,565760,4429510656,644620931196.9279,797696,7587586048,981457029738.4958,1121882,11807277056,1206270946760.7031,1340416,13295151104,982742132506.6241,1007616,10175148032,842546633259.008,726528,7752914944,5712,47202963,95362,18432681,3020800,21453481,5900,686618,1342,52.42958903312683,9997,60,50849843,104856,5561946,10866,39522911,81195,0,0,492872,970,80958,160,5201797,10179,4708925,9209,379855,758,1381376,2698,4751582,9307,4371727,8549,3429925,8209,0,0,33872184,71646,30442259,63437,0,0,0,0,0,0,0,0,4302652,1462334,2335061,43825563,11415713,True,1.0,0.38754587247401034,0.06699011410471155,0.4545359865787219,0.017612886122806527,0.6124541275259896,0.06699011410471155,0.47602841121441297,0.005936330830795084,0.000975087794395925,0.06265234768182687,0.05671601685103179,0.004575112702145114,0.0166377983284106,0.05722979337769434,0.05265468067554922,0.0413112725511184,0.0,0.40796898623895034,0.36665771368783195,0.0,0.0,0.0,0.0,0.0518227160840586,0.017612886122806527,0.02812432965574672,0.5278511272984716,0.13749502718232773,not_applicable_to_updated_policy,117739,50123,31746,103073,40967,41462,16057,0.4022585934240781,0.3919496179852076,301850,98228,315700944896,102649374720,2.928506980489556
toolagent_trace,0.02,1.0,"l1=0.02,l2x1",binary,1,3,pi3,lru,3569307853,learned,3569307853,tree,union,9997,83026370,167732,37549136,32176527,5372609,62876,10500,2953,1510707,255969,137250,118719,102580,0,5042826175262.72,0,prefix_first,sampled,16,1,onpolicy,221299,1116730294.272,2048,5242880,356135463813.1203,502160,4187179008,619098702532.6082,723968,7172458496,957556578533.3761,1064753,11381239808,1224848658075.6472,1277440,12788578304,1026318321029.1191,983040,10058809344,857751720984.5768,819200,7736451072,5712,47202963,95362,18432681,2972328,21405009,5808,685808,1341,52.00951385498047,9997,65,50849843,104856,5372609,10500,39661542,81471,0,0,501984,987,217395,427,5493630,10743,4991646,9756,402380,798,1293312,2526,4600713,9014,4198333,8216,3400621,8147,0,0,33872184,71646,30471563,63499,0,0,0,0,0,0,0,0,4304985,1510707,2415071,43966527,11605050,True,1.0,0.38754587247401034,0.06470966995184783,0.4522555424258582,0.018195508246355945,0.6124541275259896,0.06470966995184783,0.47769813373751013,0.006046079095111589,0.0026183849781701886,0.06616729118712525,0.06012121209201366,0.004846412049569312,0.015577123268185758,0.055412671901710266,0.05056625985214095,0.040958324445594815,0.0,0.40796898623895034,0.3670106617933555,0.0,0.0,0.0,0.0,0.05185081559027572,0.018195508246355945,0.02908799939103685,0.5295489493277858,0.13977547133519147,not_applicable_to_updated_policy,118719,50857,31253,102580,40519,39796,15109,0.3879508676155196,0.37288679384979884,293523,91953,305077866496,95842181120,2.8614057321115225
toolagent_trace,0.02,1.0,"l1=0.02,l2x1",binary,2,0,pi0,lru,3569307853,learned,3569307853,tree,union,9997,83026370,167732,38141817,32176527,5965290,62876,11654,1934,990208,255969,200200,55769,165700,0,5042826937944.063,0,prefix_first,sampled,16,2,onpolicy,221469,773846990.848,2048,5242880,549821412569.0878,705936,6597609472,815828895197.1843,950784,11766601728,1120264771491.84,1231962,18056402944,1172854433716.2239,1399808,18574180352,814961965660.16,977408,13375422464,568321612318.7197,697344,9169969152,5712,47202963,95362,18432681,3340800,21773481,6525,457728,894,52.24087119102478,9997,61,50849843,104856,5965290,11654,39597441,81332,0,0,209361,422,80384,157,2442122,4796,2232761,4374,623607,1229,909824,1777,7580039,14826,6956432,13597,3463936,8285,0,0,33872184,71646,30408248,63361,0,0,0,0,0,0,0,0,4296904,990208,1823176,43894345,11012369,True,1.0,0.38754587247401034,0.07184813692324499,0.45939400939725533,0.011926427712063047,0.6124541275259896,0.07184813692324499,0.47692607782322655,0.0025216205405583793,0.0009681743282284893,0.02941381153963494,0.026892190999076557,0.007510951038808514,0.010958253383834557,0.09129676511209632,0.0837858140732878,0.04172091348808818,0.0,0.40796898623895034,0.3662480727508622,0.0,0.0,0.0,0.0,0.05175348506745508,0.011926427712063047,0.02195899929142994,0.5286795628906816,0.1326370043637943,unavailable_for_cell,55769,28643,31086,165700,62576,63927,22853,0.38579963789981897,0.36520391204295577,229502,77304,239720220672,80634841088,1.3850452625226313
toolagent_trace,0.02,1.0,"l1=0.02,l2x1",binary,2,1,pi1,lru,3569307853,learned,3569307853,tree,union,9997,83026370,167732,37589664,32176527,5413137,62876,10582,2632,1346486,255969,149214,106755,114833,0,5042792589430.785,0,prefix_first,sampled,16,2,onpolicy,221588,1204810678.272,2560,5242880,373019978692.6083,518280,4181067776,633591855341.568,738158,7240818688,968666662000.64,1063195,11647940608,1220888251969.5354,1274368,13066393600,1008719145435.1361,985600,10309105664,836701885313.0249,830976,8011100160,5712,47202963,95362,18432681,3052196,21484877,5964,550756,1077,52.369603633880615,9997,70,50849843,104856,5413137,10582,39787072,81715,0,0,495238,972,239030,469,5391646,10543,4896408,9571,404872,802,1107456,2163,4826390,9453,4421518,8651,3403038,8153,0,0,33872184,71646,30469146,63493,0,0,0,0,0,0,0,0,4303148,1346486,2246596,44090220,11564522,True,1.0,0.38754587247401034,0.06519780402298692,0.45274367649699726,0.016217570393599046,0.6124541275259896,0.06519780402298692,0.479210063019737,0.005964827801095002,0.0028789648397250173,0.06493895855015702,0.05897413074906201,0.004876426610003545,0.013338605553874028,0.05813080832029631,0.053254381710292766,0.04098743567856815,0.0,0.40796898623895034,0.3669815505603822,0.0,0.0,0.0,0.0,0.051828690089666694,0.016217570393599046,0.027058824804697592,0.5310387531094036,0.13928733726405237,not_applicable_to_updated_policy,106755,49307,30956,114833,42337,44760,15330,0.38978342462532545,0.3620946217256773,304209,83012,315113381888,86372734976,2.649142668048383
toolagent_trace,0.02,1.0,"l1=0.02,l2x1",binary,2,2,pi2,lru,3569307853,learned,3569307853,tree,union,9997,83026370,167732,37628199,32176527,5451672,62876,10650,3006,1538586,255969,138014,117955,103001,0,5042874359216.13,0,prefix_first,sampled,16,2,onpolicy,220956,1047525326.848,2048,5242880,383572375535.6159,552336,4419727360,642053644490.7523,776704,7526699008,985764794419.2008,1092616,11867904000,1205519703597.056,1307648,13287442432,981500384665.6002,983552,10162552832,843415931181.0564,736768,7755280384,5712,47202963,95362,18432681,2988032,21420713,5836,694810,1358,52.148537397384644,9997,60,50849843,104856,5451672,10650,39557788,81263,0,0,503292,993,131610,258,5187949,10155,4684657,9162,372103,739,1406976,2748,4799452,9399,4427349,8660,3426402,8205,0,0,33872184,71646,30445782,63441,0,0,0,0,0,0,0,0,4301797,1538586,2413981,43859585,11525987,True,1.0,0.38754587247401034,0.0656619336723983,0.45320780614640865,0.018531293130122393,0.6124541275259896,0.0656619336723983,0.47644848257246464,0.006061833126029718,0.0015851590283906185,0.062485557299445944,0.05642372417341623,0.004481744775786296,0.016946134101731774,0.05780635718507265,0.05332461240928635,0.0412688402491883,0.0,0.40796898623895034,0.366700145989762,0.0,0.0,0.0,0.0,0.05181241815100431,0.018531293130122393,0.029074871031938405,0.528260900723469,0.13882320761464098,not_applicable_to_updated_policy,117955,50135,31605,103001,41024,41507,16031,0.40297667012941624,0.39077125585023403,307286,98621,321408661504,103059230720,2.983330258929525
toolagent_trace,0.02,1.0,"l1=0.02,l2x1",binary,2,3,pi3,lru,3569307853,learned,3569307853,tree,union,9997,83026370,167732,37469577,32176527,5293050,62876,10343,3097,1583466,255969,138593,117376,103966,0,5042831478953.985,0,prefix_first,sampled,16,2,onpolicy,221342,1132457885.696,2048,5242880,361263368138.7517,513424,4218392576,625160710877.1838,741888,7184916480,961894888790.0164,1052266,11464372224,1224788656590.8484,1243136,12862429184,1018717932253.1844,947200,10198982656,849873464418.3043,793088,7751852032,5712,47202963,95362,18432681,2940979,21373660,5746,705264,1379,51.900169372558594,9997,63,50849843,104856,5293050,10343,39668316,81482,0,0,498483,978,170854,337,5470912,10698,4972429,9720,401902,800,1412612,2760,4630231,9072,4228329,8272,3404626,8156,0,0,33872184,71646,30467558,63490,0,0,0,0,0,0,0,0,4305011,1583466,2483851,43973327,11684609,True,1.0,0.38754587247401034,0.06375143222568926,0.45129730469969964,0.01907184428272608,0.6124541275259896,0.06375143222568926,0.4777797222737788,0.00600391176923669,0.0020578281333990633,0.065893667277035,0.059889755507798306,0.00484065484255183,0.017014016149327016,0.055768197501588956,0.05092754265903712,0.04100656213200698,0.0,0.40796898623895034,0.36696242410694335,0.0,0.0,0.0,0.0,0.051851128743795494,0.01907184428272608,0.0299164108945146,0.5296308510175743,0.14073370906135002,not_applicable_to_updated_policy,117376,50268,31213,103966,41136,40134,14962,0.38603004828501625,0.36372034227926875,291037,89998,302322350080,93791469568,2.7993478637246794
toolagent_trace,0.02,1.0,"l1=0.02,l2x1",binary,3,0,pi0,lru,3569307853,learned,3569307853,tree,union,9997,83026370,167732,38096305,32176527,5919778,62876,11565,2034,1040978,255969,200233,55736,165862,0,5042851719923.711,0,prefix_first,sampled,16,3,onpolicy,221598,673182646.2720001,2048,5242880,550304143570.944,705536,6557036544,819850694893.5677,955392,11855185920,1118476652414.9763,1230370,18104668160,1171547524296.7034,1391616,18629533696,812962009665.5356,968704,13276901376,569037512435.7122,666112,9190082560,5712,47202963,95362,18432681,3339802,21772483,6524,468480,915,53.11134481430054,9997,60,50849843,104856,5919778,11565,39591684,81320,0,0,209684,421,82514,162,2413793,4736,2204109,4315,622251,1230,958464,1872,7603110,14875,6980859,13645,3465468,8286,0,0,33872184,71646,30406716,63360,0,0,0,0,0,0,0,0,4297403,1040978,1872913,43889087,11057881,True,1.0,0.38754587247401034,0.07129997373123743,0.4588458462052478,0.012537920181262893,0.6124541275259896,0.07129997373123743,0.4768567384073277,0.00252551087082333,0.0009938288281181027,0.02907260669110308,0.02654709582027975,0.007494618878315407,0.01154409135314479,0.09157464068343588,0.08408002180512048,0.04173936545702287,0.0,0.40796898623895034,0.3662296207819275,0.0,0.0,0.0,0.0,0.05175949520616161,0.012537920181262893,0.02255804993040163,0.5286162336134893,0.13318516755580184,unavailable_for_cell,55736,28525,30964,165862,62695,64032,22981,0.3860558777779118,0.36655235664726055,231685,77819,242032916480,81173311488,1.396854011165909
toolagent_trace,0.02,1.0,"l1=0.02,l2x1",binary,3,1,pi1,lru,3569307853,learned,3569307853,tree,union,9997,83026370,167732,37418232,32176527,5241705,62876,10245,3045,1557748,255969,153310,102659,118813,0,5042780554295.297,0,prefix_first,sampled,16,3,onpolicy,221472,1113584566.272,2048,5242880,374166000871.42413,511756,4263641088,630401673175.0402,720238,7288356864,961787763533.8236,1042159,11874469888,1218754766739.456,1243648,13602689024,1011615076431.8723,947200,10574317568,844941688977.4088,774656,8245229568,5712,47202963,95362,18432681,2952356,21385037,5769,680688,1331,52.353015422821045,9997,67,50849843,104856,5241705,10245,39745961,81636,0,0,486188,955,273136,535,5193780,10155,4707592,9200,413318,819,1284612,2510,4984426,9765,4571108,8946,3404923,8156,0,0,33872184,71646,30467261,63490,0,0,0,0,0,0,0,0,4304429,1557748,2457254,44050390,11735954,True,1.0,0.38754587247401034,0.06313301424595583,0.4506788867199662,0.01876208727419975,0.6124541275259896,0.06313301424595583,0.47871490708313513,0.005855826287479508,0.003289749991478611,0.06255578799843953,0.05669996171096003,0.004978153326467242,0.01547233728272114,0.06003425176844417,0.05505609844197693,0.04101013930875215,0.0,0.40796898623895034,0.3669588469301982,0.0,0.0,0.0,0.0,0.0518441189226989,0.01876208727419975,0.0295960668881465,0.530559026005834,0.14135212704108346,not_applicable_to_updated_policy,102659,48166,31074,118813,43379,46512,15732,0.3914723136357133,0.3626639618248461,317073,86668,328707051520,90263169024,2.668672619999495
toolagent_trace,0.02,1.0,"l1=0.02,l2x1",binary,3,2,pi2,lru,3569307853,learned,3569307853,tree,union,9997,83026370,167732,37705019,32176527,5528492,62876,10801,2940,1504794,255969,137982,117987,102824,0,5042883497560.063,0,prefix_first,sampled,16,3,onpolicy,220811,968881078.2720001,2048,5242880,385274304903.168,563600,4407582720,645155500011.5198,780288,7507384320,979416060762.1119,1082908,11735930880,1204568208666.6235,1294848,13203580928,985333855680.512,1000960,10217365504,842166686457.8558,803840,7736991744,5712,47202963,95362,18432681,2973204,21405885,5808,753690,1473,52.41533708572388,9997,61,50849843,104856,5528492,10801,39514947,81179,0,0,507420,1001,82458,162,5220830,10219,4713410,9218,364883,724,1422336,2778,4723543,9250,4358660,8526,3429307,8211,0,0,33872184,71646,30442877,63435,0,0,0,0,0,0,0,0,4301610,1504794,2377097,43816557,11449167,True,1.0,0.38754587247401034,0.06658718187968474,0.4541330543536951,0.018124289909338443,0.6124541275259896,0.06658718187968474,0.4759324898824313,0.006111552269477757,0.0009931543436139626,0.06288158810267147,0.05677003583319372,0.004394784452216808,0.01713113556572448,0.056892081395344636,0.052497296943127825,0.041303829132840565,0.0,0.40796898623895034,0.3666651571061098,0.0,0.0,0.0,0.0,0.05181016585453513,0.018124289909338443,0.028630626631033006,0.5277426557369664,0.13789795940735455,not_applicable_to_updated_policy,117987,50370,31748,102824,40708,41293,15920,0.4015891231619077,0.391077920801808,296381,94759,309932849152,99016914944,2.882410721232397
toolagent_trace,0.02,1.0,"l1=0.02,l2x1",binary,3,3,pi3,lru,3569307853,learned,3569307853,tree,union,9997,83026370,167732,37465253,32176527,5288726,62876,10335,3249,1662064,255969,142200,113769,107355,0,5042790887577.6,0,prefix_first,sampled,16,3,onpolicy,221124,1129312157.696,2048,5242880,366203876630.528,526224,4265166848,630513972975.616,762368,7280435200,965295257120.7683,1076614,11759984640,1220928009246.7195,1262080,13352464384,1009157115359.2319,942592,10402052096,849563344087.04,716800,7954249728,5712,47202963,95362,18432681,2920581,21353262,5706,756250,1478,52.234079360961914,9997,64,50849843,104856,5288726,10335,39594975,81339,0,0,496825,978,96876,191,5282215,10333,4785390,9355,394060,781,1565188,3058,4744654,9293,4350594,8512,3413193,8174,0,0,33872184,71646,30458991,63472,0,0,0,0,0,0,0,0,4304078,1662064,2552949,43899053,11688933,True,1.0,0.38754587247401034,0.06369935238647673,0.45124522486048707,0.020018507373018957,0.6124541275259896,0.06369935238647673,0.47689637641631205,0.005983942210167685,0.00116681001469774,0.0636209315185043,0.05763698930833662,0.0047462029232399295,0.018851697358321217,0.057146350009039296,0.05240014708579937,0.04110974621677426,0.0,0.40796898623895034,0.36685924002217607,0.0,0.0,0.0,0.0,0.051839891350181876,0.020018507373018957,0.030748652506426572,0.528736267766494,0.14078578890056256,not_applicable_to_updated_policy,113769,49480,31429,107355,41765,41856,15556,0.3898840296213497,0.37246498264096733,303626,91666,315710552064,95585941504,2.8282427460295283
toolagent_trace,0.02,1.0,"l1=0.02,l2x1",binary,4,0,pi0,lru,3569307853,learned,3569307853,tree,union,9997,83026370,167732,38130583,32176527,5954056,62876,11631,1917,981018,255969,200263,55706,165838,0,5042810039128.063,0,prefix_first,sampled,16,4,onpolicy,221544,663746510.848,2048,5242880,548974923712.5117,693248,6537043968,819425600376.8323,936448,11824818176,1119186018134.016,1224200,18108182528,1172403501629.4395,1419776,18579793920,813010811805.6958,985088,13322215424,569145436958.72,693248,9249366016,5712,47202963,95362,18432681,3358720,21791401,6560,439322,859,52.647483825683594,9997,59,50849843,104856,5954056,11631,39617674,81370,0,0,235227,474,80922,159,2425225,4764,2189998,4290,597747,1179,900096,1758,7617360,14898,7019613,13719,3464121,8285,0,0,33872184,71646,30408063,63361,0,0,0,0,0,0,0,0,4297095,981018,1813992,43914769,11023603,True,1.0,0.38754587247401034,0.07171283051396803,0.4592587029879784,0.011815739987187204,0.6124541275259896,0.07171283051396803,0.4771697714834456,0.0028331601152742194,0.0009746541972146922,0.029210297884876817,0.0263771377696026,0.007199483730289545,0.010841085789972511,0.09174627290100723,0.08454678917071769,0.041723141695825076,0.0,0.40796898623895034,0.36624584454312525,0.0,0.0,0.0,0.0,0.051755785541388835,0.011815739987187204,0.021848383832750968,0.5289255570248343,0.13277231077307125,unavailable_for_cell,55706,28486,31012,165838,62777,63955,23065,0.38564743906704135,0.3674116316485337,232151,79726,242539157504,83174094848,1.399866134420338
toolagent_trace,0.02,1.0,"l1=0.02,l2x1",binary,4,1,pi1,lru,3569307853,learned,3569307853,tree,union,9997,83026370,167732,37463715,32176527,5287188,62876,10334,2887,1477269,255969,152395,103574,118086,0,5042799350847.487,0,prefix_first,sampled,16,4,onpolicy,221660,1154477981.696,2048,5242880,368060105648.1281,501116,4190416896,627643860305.9192,714752,7254097920,966553416374.2722,1050008,11796334592,1220244260165.6313,1248768,13311504384,1017126101247.9999,956416,10514622464,842017129123.8401,814080,8309764096,5712,47202963,95362,18432681,2985336,21418017,5834,625152,1221,52.65647292137146,9997,66,50849843,104856,5287188,10334,39780270,81704,0,0,490490,963,136274,267,5273348,10312,4782858,9349,410129,814,1340995,2620,4939854,9677,4529725,8863,3404497,8154,0,0,33872184,71646,30467687,63492,0,0,0,0,0,0,0,0,4305116,1477269,2377888,44085386,11690471,True,1.0,0.38754587247401034,0.06368082815134517,0.4512267006253555,0.01779276873118745,0.6124541275259896,0.06368082815134517,0.4791281372412163,0.00590764115063684,0.0016413339520925702,0.06351413412389341,0.05760649297325657,0.004939743842829694,0.01615143477909488,0.059497410280613255,0.054557666437783564,0.041005008408774225,0.0,0.40796898623895034,0.36696397783017615,0.0,0.0,0.0,0.0,0.05185239340224076,0.01779276873118745,0.028640153724653988,0.530980530643457,0.1408043131356941,not_applicable_to_updated_policy,103574,48554,30891,118086,43068,46465,15719,0.39348440966753045,0.36498096034178507,323509,87004,335290292224,90569447424,2.7396050336195654
toolagent_trace,0.02,1.0,"l1=0.02,l2x1",binary,4,2,pi2,lru,3569307853,learned,3569307853,tree,union,9997,83026370,167732,37703489,32176527,5526962,62876,10798,2880,1474560,255969,138539,117430,103448,0,5042847050172.416,0,prefix_first,sampled,16,4,onpolicy,220878,953153486.848,2048,5242880,390290939144.19226,564112,4432611328,649390603507.7123,788992,7523768320,985822163585.0242,1103906,11882932224,1203809208221.6953,1317376,13227980800,979529564590.08,971264,10291292160,833051417636.8636,779264,7753560064,5712,47202963,95362,18432681,2995738,21428419,5852,716800,1400,52.39567947387695,9997,61,50849843,104856,5526962,10798,39547178,81242,0,0,506731,1002,155648,304,5192436,10166,4685705,9164,364650,723,1318912,2576,4783701,9366,4419051,8643,3429762,8211,0,0,33872184,71646,30442422,63435,0,0,0,0,0,0,0,0,4301143,1474560,2345941,43848321,11450697,True,1.0,0.38754587247401034,0.06656875399948234,0.4541146264734927,0.017760140543299677,0.6124541275259896,0.06656875399948234,0.47632069184766235,0.006103253701203606,0.0018746815017927436,0.06253960037034018,0.056436346669136564,0.004391978114904939,0.015885459041506934,0.057616646373917106,0.05322466825901217,0.0413093093194367,0.0,0.40796898623895034,0.3666596769195136,0.0,0.0,0.0,0.0,0.05180454113554525,0.017760140543299677,0.028255372359408223,0.5281252329832076,0.13791638728755695,not_applicable_to_updated_policy,117430,50048,31680,103448,41092,41513,16009,0.4012934034490759,0.3895892144456342,299459,95489,313177499648,99788140544,2.894778052741474
toolagent_trace,0.02,1.0,"l1=0.02,l2x1",binary,4,3,pi3,lru,3569307853,learned,3569307853,tree,union,9997,83026370,167732,37545501,32176527,5368974,62876,10493,3122,1597548,255969,141851,114118,106980,0,5042807796877.3125,0,prefix_first,sampled,16,4,onpolicy,221098,1151332253.696,2048,5242880,359042158211.07214,521616,4254738432,625390739830.7844,751104,7296540672,966699074344.9597,1083134,11628965888,1216728963991.5518,1282048,13176027136,1010048513925.12,968704,10321983488,863747014320.128,760320,7875080192,5712,47202963,95362,18432681,2975431,21408112,5815,732698,1432,51.849443674087524,9997,65,50849843,104856,5368974,10493,39579374,81309,0,0,496334,975,135788,267,5364723,10489,4868389,9514,401855,797,1461760,2855,4646414,9106,4244559,8309,3405758,8160,0,0,33872184,71646,30466426,63486,0,0,0,0,0,0,0,0,4303947,1597548,2495737,43883321,11608685,True,1.0,0.38754587247401034,0.06466588868090944,0.4522117611549198,0.019241453046785015,0.6124541275259896,0.06466588868090944,0.47670847226007834,0.005978028426390314,0.001635480390145926,0.06461468808042553,0.058636659654035216,0.004840088757342998,0.017605972656639088,0.05596311147891929,0.05112302272157629,0.04102019635448352,0.0,0.40796898623895034,0.36694878988446683,0.0,0.0,0.0,0.0,0.051838313538216836,0.019241453046785015,0.030059570230518327,0.5285467857982952,0.13981925260612985,not_applicable_to_updated_policy,114118,49483,31453,106980,41745,41436,15310,0.3873247335950645,0.36675050904299916,306134,93059,318003038208,96996546560,2.861600299121331
toolagent_trace,0.02,1.0,"l1=0.02,l2x1",next_use,0,0,pi0,lru,3569307853,learned,3569307853,tree,union,9997,83026370,167732,37967787,32176527,5791260,62876,11316,1965,1006080,255969,196799,59170,162636,0,5042813335928.831,0,prefix_first,sampled,16,0,onpolicy,221806,1088418742.272,2048,5242880,513030470430.7197,649104,6181969920,763993114820.6083,882176,10816675840,1056334478075.9036,1194124,16467023872,1190002805430.2722,1358848,16858085376,884604199737.3439,950272,11979896832,633759848691.7117,754688,8168050688,5712,47202963,95362,18432681,3199508,21632189,6250,473088,924,55.218244791030884,9997,63,50849843,104856,5791260,11316,39755477,81641,0,0,256074,509,48128,94,3162844,6192,2906770,5683,599547,1186,957952,1871,7017475,13737,6417928,12551,3441405,8239,0,0,33872184,71646,30430779,63407,0,0,0,0,0,0,0,0,4297026,1006080,1861701,44052503,11186399,True,1.0,0.38754587247401034,0.06975205588296826,0.45729792835697863,0.012117595891522176,0.6124541275259896,0.06975205588296826,0.4788295212713744,0.003084249016306506,0.0005796712538438088,0.038094451196649934,0.035010202180343425,0.00722116358935119,0.011537924637678366,0.08452103831589891,0.07729987472654772,0.04144954187446711,0.0,0.40796898623895034,0.36651944436448325,0.0,0.0,0.0,0.0,0.05175495448012481,0.012117595891522176,0.02242300849717987,0.5305844757514991,0.13473308540407103,unavailable_for_cell,59170,34831,30745,162636,56704,61057,19922,0.37542118596128776,0.35133323927765236,225079,71007,234625177600,73970155520,1.38394328438968
toolagent_trace,0.02,1.0,"l1=0.02,l2x1",next_use,0,1,pi1,lru,3569307853,learned,3569307853,tree,union,9997,83026370,167732,38090774,32176527,5914247,62876,11559,2160,1105136,255969,164210,91759,129333,0,5042900614465.536,0,prefix_first,sampled,16,0,onpolicy,221092,811595726.848,2048,5242880,426639966410.7517,621968,4543492096,693584627425.2799,885760,7871799296,1013888460666.88,1214199,12821059584,1189090099523.584,1423872,15138848768,928990337884.16,1021952,12103000064,789895526828.0325,744448,9671110656,5712,47202963,95362,18432681,3197608,21630289,6248,503024,984,54.10493302345276,9997,66,50849843,104856,5914247,11559,39531103,81206,0,0,484487,955,209434,410,4340399,8496,3855912,7541,371893,736,895702,1750,5617877,10995,5245984,10259,3442977,8240,0,0,33872184,71646,30429207,63406,0,0,0,0,0,0,0,0,4299357,1105136,1961516,43830460,11063412,True,1.0,0.38754587247401034,0.07123335634208745,0.45877922881609784,0.013310662624416797,0.6124541275259896,0.07123335634208745,0.47612707866187576,0.0058353388206662535,0.0025224997792869905,0.05227735477294744,0.04644201595228119,0.00447921545889577,0.010788162845129807,0.06766376754758759,0.06318455208869182,0.04146847561804762,0.0,0.40796898623895034,0.3665005106209027,0.0,0.0,0.0,0.0,0.05178302989760964,0.013310662624416797,0.02362521690397882,0.5279101085594854,0.13325178494495182,not_applicable_to_updated_policy,91759,43239,31464,129333,47861,51744,18202,0.4000835053698592,0.3803096466851925,298470,87819,311888336896,91674796032,2.3077636798032986
toolagent_trace,0.02,1.0,"l1=0.02,l2x1",next_use,0,2,pi2,lru,3569307853,learned,3569307853,tree,union,9997,83026370,167732,38229979,32176527,6053452,62876,11831,1821,931866,255969,156471,99498,121384,0,5042866856130.56,0,prefix_first,sampled,16,0,onpolicy,220882,852489142.2720001,2048,5242880,445445510348.8,634124,4576716800,718602954686.4644,891904,8023715840,1036747703959.5526,1214784,12967962624,1197868264159.2314,1443840,14491586560,912179059501.0552,1069056,11164975104,731170874333.1837,797696,8417009664,5712,47202963,95362,18432681,3171973,21604654,6197,528410,1033,53.958062410354614,9997,67,50849843,104856,6053452,11831,39566021,81274,0,0,473119,934,50714,100,4584699,8978,4111580,8044,384882,761,881152,1721,5407642,10580,5022760,9819,3440503,8235,0,0,33872184,71646,30431681,63411,0,0,0,0,0,0,0,0,4298504,931866,1789867,43864525,10924207,True,1.0,0.38754587247401034,0.07290999233135208,0.46045586480536244,0.011223735302410547,0.6124541275259896,0.07290999233135208,0.4765476438389394,0.005698418466325819,0.0006108179846957057,0.055219793422258495,0.04952137495593267,0.00463565973075783,0.010612917317714842,0.06513162023101816,0.06049596050026034,0.041438677856204,0.0,0.40796898623895034,0.36653030838274636,0.0,0.0,0.0,0.0,0.05177275605328765,0.011223735302410547,0.021557813499494198,0.528320399892227,0.1315751489556872,not_applicable_to_updated_policy,99498,45573,31670,121384,45587,46566,16719,0.3836255190140381,0.36674929256147587,265200,80064,276919480320,83542937600,2.1848019508337178
toolagent_trace,0.02,1.0,"l1=0.02,l2x1",next_use,0,3,pi3,lru,3569307853,learned,3569307853,tree,union,9997,83026370,167732,38203329,32176527,6026802,62876,11779,1928,985876,255969,150890,105079,115826,0,5042850385057.79,0,prefix_first,sampled,16,0,onpolicy,220905,817887182.848,2048,5242880,442844918972.4159,631564,4485574656,715319872397.3116,902656,7844700160,1035196233275.3921,1243942,12442202112,1201005976774.6548,1468928,14162999296,912980462979.0719,1036288,10882631680,734685033476.096,741376,8294572032,5712,47202963,95362,18432681,3250821,21683502,6351,442024,865,54.23335289955139,9997,67,50849843,104856,6026802,11779,39539162,81219,0,0,496076,979,97044,192,4755269,9305,4259193,8326,359431,711,888832,1736,5209712,10198,4850281,9487,3442496,8240,0,0,33872184,71646,30429688,63406,0,0,0,0,0,0,0,0,4298003,985876,1841383,43837165,10950857,True,1.0,0.38754587247401034,0.07258900997357827,0.46013488244758866,0.011874251517921354,0.6124541275259896,0.07258900997357827,0.4762241442086412,0.005974920979924812,0.0011688334682101603,0.057274200955672275,0.051299279975747465,0.004329118567992314,0.010705418049711195,0.06274767883986739,0.058418560271875065,0.0414626822779317,0.0,0.40796898623895034,0.36650630396101863,0.0,0.0,0.0,0.0,0.05176672182584882,0.011874251517921354,0.02217829106583848,0.52799086603449,0.131896131313461,not_applicable_to_updated_policy,105079,46794,31648,115826,44316,43935,16167,0.3793189784677016,0.3648118061196859,248919,79227,259577970688,82634727424,2.1490770638716694
toolagent_trace,0.02,1.0,"l1=0.02,l2x1",next_use,1,0,pi0,lru,3569307853,learned,3569307853,tree,union,9997,83026370,167732,37946283,32176527,5769756,62876,11274,2002,1025024,255969,196461,59508,162316,0,5042834476533.762,0,prefix_first,sampled,16,1,onpolicy,221824,1113584566.272,2048,5242880,513281837541.3761,639376,6083807232,767722661595.1366,871424,10783293440,1054201749010.4319,1162380,16411693056,1189143987496.9602,1359360,16876748800,885423456497.6644,988160,11811860480,631947199825.9204,747008,8269600768,5712,47202963,95362,18432681,3164180,21596861,6181,501248,979,55.72639608383179,9997,63,50849843,104856,5769756,11274,39757257,81646,0,0,274223,544,43008,84,3263322,6391,2989099,5847,582318,1152,982016,1918,6919557,13543,6337239,12391,3441265,8238,0,0,33872184,71646,30430919,63408,0,0,0,0,0,0,0,0,4297806,1025024,1881565,44055063,11207903,True,1.0,0.38754587247401034,0.06949305383337848,0.45703892630738885,0.012345764363779845,0.6124541275259896,0.06949305383337848,0.47885096024311313,0.0033028422174786157,0.0005180040991795739,0.03930464501820325,0.03600180280072464,0.00701365120503281,0.01182776026460027,0.08334167807167771,0.0763280268666449,0.04144785566320676,0.0,0.40796898623895034,0.3665211305757436,0.0,0.0,0.0,0.0,0.05176434908571819,0.012345764363779845,0.02266225778629127,0.5306153093288313,0.13499208745366081,unavailable_for_cell,59508,35090,30727,162316,56446,60929,19763,0.3753727297370561,0.3501222407256493,226477,70113,236041455616,73028126720,1.3952845067645827
toolagent_trace,0.02,1.0,"l1=0.02,l2x1",next_use,1,1,pi1,lru,3569307853,learned,3569307853,tree,union,9997,83026370,167732,38012403,32176527,5835876,62876,11405,2353,1204250,255969,164149,91820,129314,0,5042878701111.295,0,prefix_first,sampled,16,1,onpolicy,221134,789575630.848,2048,5242880,428011585546.24005,618384,4575852544,694110679775.2323,884224,7903375360,1009742471849.9832,1210580,12694614016,1186389255313.4082,1398784,15047854080,929463639959.5511,978432,12220315648,794371493036.0319,743424,9760131072,5712,47202963,95362,18432681,3137669,21570350,6130,579098,1132,54.27491569519043,9997,65,50849843,104856,5835876,11405,39510303,81166,0,0,469957,927,214042,419,4323702,8465,3853745,7538,384758,761,990208,1934,5613831,10987,5229073,10226,3444699,8244,0,0,33872184,71646,30427485,63402,0,0,0,0,0,0,0,0,4299414,1204250,2058965,43809717,11141783,True,1.0,0.38754587247401034,0.07028942732290958,0.45783529979691995,0.01450442793054785,0.6124541275259896,0.07028942732290958,0.47587655584605226,0.005660334180574196,0.002578000218484802,0.05207624999141839,0.04641591581084419,0.0046341662293558055,0.011926427712063047,0.06761503604216347,0.06298086981280766,0.041489216016549924,0.0,0.40796898623895034,0.3664797702224004,0.0,0.0,0.0,0.0,0.05178371642647992,0.01450442793054785,0.024798928340477852,0.5276602722725322,0.13419571396412971,not_applicable_to_updated_policy,91820,43074,31417,129314,47979,51950,18260,0.40173531094854387,0.38058317180433104,296250,88043,309680855040,91935137792,2.290935242897134
toolagent_trace,0.02,1.0,"l1=0.02,l2x1",next_use,1,2,pi2,lru,3569307853,learned,3569307853,tree,union,9997,83026370,167732,38183822,32176527,6007295,62876,11741,1792,916316,255969,158301,97668,123399,0,5042795966619.648,0,prefix_first,sampled,16,1,onpolicy,221067,824177590.2720001,2048,5242880,449834391154.68805,631564,4530477056,720899292123.136,895488,8065701888,1041414458513.4084,1208563,13320609792,1200767994554.3684,1434112,14645514240,912112874256.384,1033728,11185229824,716942778427.3917,801792,8313423872,5712,47202963,95362,18432681,3191972,21624653,6237,470256,920,54.65369725227356,9997,67,50849843,104856,6007295,11741,39626983,81393,0,0,482490,948,52870,105,4646381,9087,4163891,8139,377446,749,863446,1687,5407667,10590,5030221,9841,3439313,8233,0,0,33872184,71646,30432871,63413,0,0,0,0,0,0,0,0,4299249,916316,1776252,43926232,10970364,True,1.0,0.38754587247401034,0.07235406052318077,0.4598999329971911,0.011036445408850225,0.6124541275259896,0.07235406052318077,0.4772818924878927,0.0058112862214739726,0.0006367856381050984,0.05596271401483649,0.05015142779336252,0.004546097824100945,0.010399659770745126,0.0651319213401718,0.06058582351607086,0.04142434506049102,0.0,0.40796898623895034,0.3665446411784593,0.0,0.0,0.0,0.0,0.05178172910606594,0.011036445408850225,0.021393829454425143,0.5290636215939586,0.13213108076385852,not_applicable_to_updated_policy,97668,44318,31482,123399,46975,45594,16667,0.36948435562686893,0.3548057477381586,257920,79914,267831033856,83156602880,2.0901303900355757
toolagent_trace,0.02,1.0,"l1=0.02,l2x1",next_use,1,3,pi3,lru,3569307853,learned,3569307853,tree,union,9997,83026370,167732,37999490,32176527,5822963,62876,11379,2297,1175634,255969,150972,104997,115904,0,5042862705336.32,0,prefix_first,sampled,16,1,onpolicy,220901,811595726.848,2048,5242880,435622692218.88007,621456,4565946368,704149621948.4163,877568,7812947968,1024424036798.4647,1188963,12474464256,1198774131288.0642,1397248,14100076544,923335183435.7755,1013248,10837657600,755745443919.872,722432,8438996992,5712,47202963,95362,18432681,3141652,21574333,6137,535552,1046,54.2962486743927,9997,64,50849843,104856,5822963,11379,39551216,81247,0,0,491350,967,111186,218,4742548,9282,4251198,8315,369110,733,1064448,2079,5236514,10252,4867404,9519,3439570,8233,0,0,33872184,71646,30432614,63413,0,0,0,0,0,0,0,0,4300030,1175634,2036094,43851246,11154696,True,1.0,0.38754587247401034,0.07013389842287457,0.45767977089688494,0.014159766348932273,0.6124541275259896,0.07013389842287457,0.4763693269981573,0.0059179993055218484,0.0013391648942378187,0.057120984573937175,0.051202985268415324,0.004445695987913238,0.012820601454694455,0.06307049194129528,0.05862479595338204,0.04142744046259038,0.0,0.40796898623895034,0.36654154577635994,0.0,0.0,0.0,0.0,0.051791135756025466,0.014159766348932273,0.024523461642367357,0.5281604627541828,0.13435124286416472,not_applicable_to_updated_policy,104997,46968,31650,115904,44169,45526,16652,0.39279058531198235,0.3770064977699291,270920,84498,283264571392,88252372992,2.337451684152402
toolagent_trace,0.02,1.0,"l1=0.02,l2x1",next_use,2,0,pi0,lru,3569307853,learned,3569307853,tree,union,9997,83026370,167732,37974463,32176527,5797936,62876,11330,1918,981530,255969,196052,59917,161953,0,5042861761302.527,0,prefix_first,sampled,16,2,onpolicy,221870,1113584566.272,2048,5242880,513355607625.72754,648080,6069958656,767634423457.7922,877056,10693799936,1057321030604.8003,1169568,16409999360,1189434948753.408,1375232,16775716864,880488522407.9354,990720,11939534848,633513643886.5917,735232,8156962816,5712,47202963,95362,18432681,3162644,21595325,6178,490522,959,54.984436988830566,9997,64,50849843,104856,5797936,11330,39773070,81675,0,0,265887,529,41498,82,3242318,6352,2976431,5823,593149,1170,940032,1836,6955875,13610,6362726,12440,3438271,8234,0,0,33872184,71646,30433913,63412,0,0,0,0,0,0,0,0,4297307,981530,1840566,44070377,11179723,True,1.0,0.38754587247401034,0.06983246407135468,0.457378336545365,0.011821906702653626,0.6124541275259896,0.06983246407135468,0.47904141780496967,0.003202440381290908,0.0004998171063000827,0.03905166515168614,0.03584922477039524,0.007144103734753188,0.011322089596353543,0.08377910536134484,0.07663500162659165,0.04141179483096756,0.0,0.40796898623895034,0.36655719140798276,0.0,0.0,0.0,0.0,0.05175833894701166,0.011821906702653626,0.022168450818697723,0.5307997567519813,0.1346526772156846,unavailable_for_cell,59917,35319,30684,161953,56249,60800,19584,0.37541755941538596,0.3481661896211488,225291,69049,234909050880,71962705920,1.3910887726686136
toolagent_trace,0.02,1.0,"l1=0.02,l2x1",next_use,2,1,pi1,lru,3569307853,learned,3569307853,tree,union,9997,83026370,167732,37895042,32176527,5718515,62876,11175,2493,1276012,255969,163210,92759,128565,0,5042842478077.951,0,prefix_first,sampled,16,2,onpolicy,221324,780137398.2720001,2048,5242880,424617917872.1281,607632,4534745088,684738724157.4403,859136,7807870976,1003732045137.9193,1186915,12636168192,1190267238252.544,1390592,14883807232,936284844283.9036,974848,12139849728,802421570975.7443,697344,9795510272,5712,47202963,95362,18432681,3112468,21545149,6080,578048,1129,53.623783349990845,9997,64,50849843,104856,5718515,11175,39554736,81255,0,0,478286,944,194668,381,4363376,8548,3885090,7604,380126,752,1081344,2112,5619756,10994,5239630,10242,3442168,8237,0,0,33872184,71646,30430016,63409,0,0,0,0,0,0,0,0,4300580,1276012,2134424,43855316,11259144,True,1.0,0.38754587247401034,0.06887588846772418,0.45642176094173453,0.015368755733871057,0.6124541275259896,0.06887588846772418,0.476411723166989,0.005760651706198886,0.0023446526687846284,0.052554098173869336,0.04679344646767045,0.004578376725370506,0.01302410306508643,0.06768639891157471,0.06310802218620422,0.04145873172583602,0.0,0.40796898623895034,0.3665102545131143,0.0,0.0,0.0,0.0,0.05179776015740541,0.015368755733871057,0.02570778416544045,0.5282094833243944,0.13560925281931513,not_applicable_to_updated_policy,92759,43585,31230,128565,47561,52213,18407,0.4061214171819702,0.38701877588780725,310704,92002,324840566784,96106528768,2.4167075020417688
toolagent_trace,0.02,1.0,"l1=0.02,l2x1",next_use,2,2,pi2,lru,3569307853,learned,3569307853,tree,union,9997,83026370,167732,38248574,32176527,6072047,62876,11868,1764,902738,255969,150437,105532,115382,0,5042857715546.111,0,prefix_first,sampled,16,2,onpolicy,220914,808449998.848,2048,5242880,451378876006.4001,641936,4592752640,724832551223.2959,898048,7946127360,1039211529990.1443,1218911,12753661952,1203190730827.7754,1444864,14404886528,908876355227.6477,1054720,10900168704,714559222271.9999,811520,8148189184,5712,47202963,95362,18432681,3244708,21677389,6340,443392,866,54.57287335395813,9997,67,50849843,104856,6072047,11868,39575838,81294,0,0,481556,950,59474,117,4711693,9223,4230137,8273,377216,745,843264,1647,5291181,10355,4913965,9610,3440448,8235,0,0,33872184,71646,30431736,63411,0,0,0,0,0,0,0,0,4299220,902738,1761510,43875058,10905612,True,1.0,0.38754587247401034,0.07313395731982501,0.46067982979383537,0.010872907005328548,0.6124541275259896,0.07313395731982501,0.4766658833813883,0.005800036783494208,0.0007163266321290453,0.05674935565652214,0.05094931887302793,0.004543327619887513,0.010156580373199503,0.06372892130536359,0.05918559368547607,0.041438015416066,0.0,0.40796898623895034,0.3665309708228843,0.0,0.0,0.0,0.0,0.05178137981944773,0.010872907005328548,0.02121627140871027,0.5284472632008361,0.13135118396721426,not_applicable_to_updated_policy,105532,46441,31639,115382,44739,43477,16424,0.37680920767537396,0.367106998368314,249507,78260,260413409280,81664010240,2.162443015375015
toolagent_trace,0.02,1.0,"l1=0.02,l2x1",next_use,2,3,pi3,lru,3569307853,learned,3569307853,tree,union,9997,83026370,167732,38296450,32176527,6119923,62876,11959,1761,900716,255969,148739,107230,113651,0,5042862710794.24,0,prefix_first,sampled,16,2,onpolicy,220881,855634870.2720001,2048,5242880,442084271534.08014,632208,4544524288,711345941450.752,905728,7747049472,1030413535381.5035,1239651,12239951872,1200061489920.0007,1465856,14071640064,917386127400.9602,1073664,10752000000,740715710236.672,800768,8296192000,5712,47202963,95362,18432681,3227156,21659837,6304,467482,914,54.57231283187866,9997,64,50849843,104856,6119923,11959,39529582,81203,0,0,497771,980,105068,207,4799464,9393,4301693,8413,359417,715,795648,1554,5157556,10097,4798139,9382,3442434,8238,0,0,33872184,71646,30429750,63408,0,0,0,0,0,0,0,0,4299622,900716,1757904,43829204,10857736,True,1.0,0.38754587247401034,0.07371059339340019,0.46125646586741054,0.010848553296982633,0.6124541275259896,0.07371059339340019,0.4761087591809686,0.005995336180541194,0.001265477462160516,0.05780650171746639,0.0518111655369252,0.004328949946866278,0.009583075834822118,0.062119492879190066,0.05779054293232379,0.04146193552723069,0.0,0.40796898623895034,0.3665070507117197,0.0,0.0,0.0,0.0,0.051786221654638157,0.010848553296982633,0.021172839424390105,0.5278949808356068,0.1307745478936391,not_applicable_to_updated_policy,107230,47524,31671,113651,43571,43981,16365,0.38698295659519055,0.37559385830024555,251303,80011,262613536768,83535812608,2.2111815998099447
toolagent_trace,0.02,1.0,"l1=0.02,l2x1",next_use,3,0,pi0,lru,3569307853,learned,3569307853,tree,union,9997,83026370,167732,37913427,32176527,5736900,62876,11210,2056,1052186,255969,196223,59746,162090,0,5042839887915.009,0,prefix_first,sampled,16,3,onpolicy,221836,1126167478.272,2048,5242880,514790710747.1359,643472,6123943936,763756018337.7916,869376,10722258944,1058993611481.0879,1153076,16337108992,1188950020573.1843,1349120,16748445696,882621977296.896,956928,11866372096,632601382000.6406,762880,8147834880,5712,47202963,95362,18432681,3136532,21569213,6127,512538,1002,55.09960460662842,9997,63,50849843,104856,5736900,11210,39761773,81656,0,0,264610,525,43546,86,3301174,6465,3036564,5940,588829,1163,1008640,1970,6887399,13479,6298570,12316,3445545,8246,0,0,33872184,71646,30426639,63400,0,0,0,0,0,0,0,0,4298984,1052186,1905625,44060757,11240759,True,1.0,0.38754587247401034,0.06909732413930658,0.4566431966133169,0.01267291343702007,0.6124541275259896,0.06909732413930658,0.47890535260062556,0.003187059725723285,0.0005244839681657767,0.03976054836553736,0.03657348863981407,0.0070920720730052395,0.012148429468854293,0.08295435534517527,0.07586228327217004,0.0414994055503089,0.0,0.40796898623895034,0.36646958068864144,0.0,0.0,0.0,0.0,0.05177853734903742,0.01267291343702007,0.022952045235748595,0.530683889949663,0.1353878171477327,unavailable_for_cell,59746,35419,30718,162090,56133,60707,19614,0.37452649762477636,0.349420127197905,224704,69526,234212655104,72409866240,1.3862915664137208
toolagent_trace,0.02,1.0,"l1=0.02,l2x1",next_use,3,1,pi1,lru,3569307853,learned,3569307853,tree,union,9997,83026370,167732,38206451,32176527,6029924,62876,11784,1940,992794,255969,168026,87943,133132,0,5042831138508.801,0,prefix_first,sampled,16,3,onpolicy,221075,824177590.2720001,2048,5242880,446356001968.12823,635792,4640686080,709456519299.0718,908800,8087521280,1026541271793.6638,1243348,13161918464,1192042239115.2644,1460224,15409895424,914509153058.8162,1040896,12315107328,753101775683.5845,738816,9517029376,5712,47202963,95362,18432681,3212421,21645102,6276,495130,968,54.74436616897583,9997,65,50849843,104856,6029924,11784,39528565,81200,0,0,460877,910,170010,333,4201678,8224,3740801,7314,393572,779,822784,1607,5753263,11262,5359691,10483,3444111,8243,0,0,33872184,71646,30428073,63403,0,0,0,0,0,0,0,0,4298560,992794,1847243,43827125,10947735,True,1.0,0.38754587247401034,0.07262661248468408,0.46017248495869445,0.011957574442914945,0.6124541275259896,0.07262661248468408,0.47609651006059883,0.005550971335974341,0.002047662688372381,0.05060654825689718,0.04505557692092284,0.004740325272560995,0.009909911754542563,0.06929440610254309,0.06455408082998208,0.041482133929256454,0.0,0.40796898623895034,0.3664868523096939,0.0,0.0,0.0,0.0,0.051773430537791786,0.011957574442914945,0.02224887105145028,0.5278699405983907,0.1318585288023552,not_applicable_to_updated_policy,87943,42227,31476,133132,48864,52805,18344,0.3966364209957035,0.3754092992796333,286999,84316,299969460224,88044582912,2.155747678995283
toolagent_trace,0.02,1.0,"l1=0.02,l2x1",next_use,3,2,pi2,lru,3569307853,learned,3569307853,tree,union,9997,83026370,167732,38086131,32176527,5909604,62876,11549,2066,1057306,255969,162043,93926,126991,0,5042820715520.001,0,prefix_first,sampled,16,3,onpolicy,220917,868218830.848,2048,5242880,442864467838.97577,628624,4602980352,715467559938.0491,888832,8141606912,1031223413768.1913,1224404,13231763456,1198527518732.2886,1414656,14899279872,917352571643.9044,1012736,11482636288,736516964767.7441,738304,8632774656,5712,47202963,95362,18432681,3220101,21652782,6291,485914,950,54.02966809272766,9997,65,50849843,104856,5909604,11549,39584107,81309,0,0,471385,927,60442,119,4458195,8725,3986810,7798,386632,769,996864,1947,5552554,10870,5165922,10101,3440809,8236,0,0,33872184,71646,30431375,63410,0,0,0,0,0,0,0,0,4298826,1057306,1915323,43882933,11068055,True,1.0,0.38754587247401034,0.07117743435007456,0.4587233068240849,0.012734580591684305,0.6124541275259896,0.07117743435007456,0.47676547824504434,0.005677533535429768,0.0007279855785577522,0.053696132927406076,0.04801859939197631,0.0046567373715122075,0.012006595013126552,0.06687699341787434,0.06222025604636214,0.04144236343224448,0.0,0.40796898623895034,0.3665266228067059,0.0,0.0,0.0,0.0,0.05177663433918645,0.012734580591684305,0.02306885149862628,0.5285421125842308,0.13330770693696473,not_applicable_to_updated_policy,93926,43946,31632,126991,47253,47943,16999,0.3775306911513414,0.3597443548557763,269702,80258,281075116032,83714652160,2.1237882999582647
toolagent_trace,0.02,1.0,"l1=0.02,l2x1",next_use,3,3,pi3,lru,3569307853,learned,3569307853,tree,union,9997,83026370,167732,38117851,32176527,5941324,62876,11612,2094,1072128,255969,156234,99735,121165,0,5042873977466.878,0,prefix_first,sampled,16,3,onpolicy,220900,902821838.848,2048,5242880,446747243487.23193,635148,4589191168,713985493051.392,903680,7977046016,1035466662561.7915,1229120,12778434560,1200006922672.1277,1433600,14434125824,914390235123.7115,1001984,11014369280,731374598731.7758,735744,8465655808,5712,47202963,95362,18432681,3196037,21628718,6244,500224,977,54.15599727630615,9997,67,50849843,104856,5941324,11612,39537889,81220,0,0,477311,943,79360,155,4577129,8963,4099818,8020,379154,749,992768,1939,5387078,10541,5007924,9792,3442037,8238,0,0,33872184,71646,30430147,63408,0,0,0,0,0,0,0,0,4298502,1072128,1928593,43836391,11036335,True,1.0,0.38754587247401034,0.07155948164420532,0.4591053541182157,0.012913102186690806,0.6124541275259896,0.07155948164420532,0.47620881173053814,0.0057489084492071615,0.0009558408972956423,0.05512861757053813,0.04937970912133097,0.004566669601477218,0.011957261289395164,0.06488393988560502,0.060317270284127804,0.041457153913870975,0.0,0.40796898623895034,0.3665118323250794,0.0,0.0,0.0,0.0,0.051772731964555355,0.012913102186690806,0.023228680237375187,0.5279815436950935,0.13292565964283395,not_applicable_to_updated_policy,99735,45936,31650,121165,45171,46818,16757,0.38639871249948415,0.3709680990015718,265395,81392,277303142400,84971347968,2.190360252548178
toolagent_trace,0.02,1.0,"l1=0.02,l2x1",next_use,4,0,pi0,lru,3569307853,learned,3569307853,tree,union,9997,83026370,167732,37930923,32176527,5754396,62876,11244,2000,1023514,255969,196432,59537,162303,0,5042805037481.984,0,prefix_first,sampled,16,4,onpolicy,221840,1113584566.272,2048,5242880,512682261706.75195,643472,6099855360,765460806070.2719,860672,10710745088,1054357701666.816,1157772,16389165056,1188761759051.7764,1337856,16832008192,885861606914.048,981504,11874359296,634567317506.048,771072,8042405888,5712,47202963,95362,18432681,3161620,21594301,6176,496666,971,54.421616315841675,9997,63,50849843,104856,5754396,11244,39773387,81678,0,0,270962,537,46106,91,3266187,6395,2995225,5858,588615,1164,977408,1909,6933562,13571,6344947,12407,3438969,8233,0,0,33872184,71646,30433215,63413,0,0,0,0,0,0,0,0,4298546,1023514,1883091,44071933,11223263,True,1.0,0.38754587247401034,0.06930805236938578,0.45685392484339615,0.012327577370900353,0.6124541275259896,0.06930805236938578,0.47904523586903774,0.003263565539478602,0.0005553175454978942,0.0393391521272097,0.0360755865877311,0.007089494578650132,0.01177225982540246,0.08351035941954345,0.07642086484089332,0.04142020179853702,0.0,0.40796898623895034,0.36654878444041333,0.0,0.0,0.0,0.0,0.05177326191666575,0.012327577370900353,0.022680637489029088,0.5308184977857036,0.1351770889176535,unavailable_for_cell,59537,35349,30714,162303,56223,60961,19664,0.3755999581030542,0.3497501022713125,226467,69084,236111067136,71956205568,1.3953346518548642
toolagent_trace,0.02,1.0,"l1=0.02,l2x1",next_use,4,1,pi1,lru,3569307853,learned,3569307853,tree,union,9997,83026370,167732,38096371,32176527,5919844,62876,11569,2118,1083930,255969,155295,100674,120462,0,5042870069100.544,0,prefix_first,sampled,16,4,onpolicy,221136,792720310.2720001,2048,5242880,435804289294.33575,632208,4553185280,700935923247.1038,883200,7841089536,1017501901283.328,1209044,12483997696,1187075898169.3438,1428480,14398437376,924886299250.6879,1027584,11493097472,775873037545.4724,737280,9095553024,5712,47202963,95362,18432681,3190405,21623086,6233,504858,987,53.59230422973633,9997,65,50849843,104856,5919844,11569,39546454,81237,0,0,485698,959,166426,326,4594457,8995,4108759,8036,369693,731,917504,1792,5379428,10528,5009735,9797,3444224,8242,0,0,33872184,71646,30427960,63404,0,0,0,0,0,0,0,0,4299615,1083930,1939321,43846069,11057815,True,1.0,0.38754587247401034,0.07130076865940303,0.4588466411334134,0.013055249795938327,0.6124541275259896,0.07130076865940303,0.47631197172657314,0.005849924548068282,0.0020044956801074164,0.0553373223471049,0.04948739779903662,0.004452717853375982,0.01105075411583091,0.06479180048459303,0.060339082631217046,0.04148349494263088,0.0,0.40796898623895034,0.36648549129631947,0.0,0.0,0.0,0.0,0.05178613734407514,0.013055249795938327,0.02335789219738259,0.5280981090706482,0.13318437262763624,not_applicable_to_updated_policy,100674,45365,31416,120462,45761,47474,17298,0.3940993840381199,0.3780074736129018,268433,83545,280607080448,87238242304,2.2283624711527286
toolagent_trace,0.02,1.0,"l1=0.02,l2x1",next_use,4,2,pi2,lru,3569307853,learned,3569307853,tree,union,9997,83026370,167732,38258733,32176527,6082206,62876,11888,1728,884250,255969,157308,98661,122240,0,5042861177532.417,0,prefix_first,sampled,16,4,onpolicy,220901,937423798.2720001,2048,5242880,451547046946.8161,638220,4635201536,723391448256.5122,901632,8165271552,1042419033438.2086,1236370,13189136384,1199300535226.368,1476608,14604015616,910248791269.3757,1031680,11091388416,715016898596.8643,795648,8347006976,5712,47202963,95362,18432681,3254917,21687598,6359,445466,871,54.54357361793518,9997,68,50849843,104856,6082206,11888,39585476,81311,0,0,466276,917,61978,122,4526932,8857,4060656,7940,388571,771,822272,1606,5484271,10737,5095700,9966,3443064,8241,0,0,33872184,71646,30429120,63405,0,0,0,0,0,0,0,0,4297911,884250,1739097,43883387,10895453,True,1.0,0.38754587247401034,0.0732563160354957,0.46080218850950605,0.010650230764033162,0.6124541275259896,0.0732563160354957,0.4767819669822973,0.005615998868793132,0.0007464857249570227,0.05452402652313958,0.048908027654346445,0.0046800913974680575,0.00990374503907614,0.06605456796437084,0.06137447656690278,0.04146952347790226,0.0,0.40796898623895034,0.3664994627610481,0.0,0.0,0.0,0.0,0.05176561374416345,0.010650230764033162,0.02094632103029435,0.5285475807264608,0.13122882525154358,not_applicable_to_updated_policy,98661,45053,31646,122240,46140,45968,16668,0.3760471204188482,0.3612483745123537,254032,78587,264980989952,81984477184,2.0781413612565447
toolagent_trace,0.02,1.0,"l1=0.02,l2x1",next_use,4,3,pi3,lru,3569307853,learned,3569307853,tree,union,9997,83026370,167732,38065733,32176527,5889206,62876,11510,2110,1079834,255969,148226,107743,113354,0,5042862923694.082,0,prefix_first,sampled,16,4,onpolicy,221097,786428854.2720001,2048,5242880,435608130738.1762,618896,4527104000,707130366040.0638,882688,7772166144,1033817391550.4641,1203494,12294981632,1197146125873.1528,1426432,13954553856,919842339891.2002,1019392,10794752000,748532140746.7526,736256,8330323968,5712,47202963,95362,18432681,3167365,21600046,6188,497178,972,54.210978746414185,9997,66,50849843,104856,5889206,11510,39581776,81305,0,0,491743,970,107034,210,4875205,9543,4383462,8573,368916,731,972800,1900,5133414,10047,4764498,9316,3438368,8230,0,0,33872184,71646,30433816,63416,0,0,0,0,0,0,0,0,4299027,1079834,1940493,43880803,11088453,True,1.0,0.38754587247401034,0.07093175336944155,0.4584776258434519,0.01300591607220694,0.6124541275259896,0.07093175336944155,0.4767374028275595,0.005922732741416974,0.0012891566860022906,0.05871875405368198,0.052796021312265004,0.0044433593808810385,0.011716759386204648,0.06182871779170883,0.057385358410827786,0.04141296313448366,0.0,0.40796898623895034,0.36655602310446667,0.0,0.0,0.0,0.0,0.05177905525678167,0.01300591607220694,0.02337200819450495,0.5285164580843411,0.13355338791759774,not_applicable_to_updated_policy,107743,47507,31451,113354,43681,43733,16254,0.3858090583481836,0.37210686568530943,256574,82627,267974348800,86301601792,2.2634754838823508
toolagent_trace,0.02,4.0,"l1=0.02,l2x4",binary,0,0,pi0,lru,3569307853,learned,14277231411,tree,union,9997,83026370,167732,45009680,32176527,12833153,62876,25074,1601,819712,255969,246451,9518,171627,0,20173041215455.23,0,prefix_first,sampled,16,0,onpolicy,181145,1113584566.272,2048,5242880,1692798571311.105,1359760,8086501376,3031787713345.5376,2062336,14956589056,4671895395921.917,2738441,23715031040,4805701602027.519,2991336,24483262464,3496114419789.824,2127872,18015082496,2473629928493.0566,1551360,12387719168,5712,47202963,95362,18432681,6826756,25259437,13336,485888,949,57.742977142333984,9997,69,50849843,104856,12833153,25074,32939789,68253,0,0,7385,27,0,0,8233,31,848,4,285764,581,819712,1601,3316561,6504,3030797,5923,3964040,9320,0,0,33872184,71646,29908144,62326,0,0,0,0,0,0,0,0,4257189,819712,1112861,37196978,4144506,True,1.0,0.38754587247401034,0.15456719353140455,0.5421130660054149,0.009872911461744021,0.6124541275259896,0.15456719353140455,0.3967388794668489,8.894764398347176e-05,0.0,9.916126647473568e-05,1.021362249126392e-05,0.0034418462471621967,0.009872911461744021,0.03994587502741599,0.03650402878025379,0.0477443491748465,0.0,0.40796898623895034,0.36022463706410385,0.0,0.0,0.0,0.0,0.051275143065992165,0.009872911461744021,0.01340370535288969,0.44801402253284106,0.049917947755634746,matched,9518,4340,61172,171627,73844,73456,31321,0.4279979257342959,0.42415091273495475,361047,149229,378495481856,156477337600,2.1036724990823124
toolagent_trace,0.02,4.0,"l1=0.02,l2x4",binary,0,1,pi1,lru,3569307853,learned,14277231411,tree,union,9997,83026370,167732,45251801,32176527,13075274,62876,25574,1424,729088,255969,255969,0,180311,0,20172999406321.676,0,prefix_first,sampled,16,0,onpolicy,180311,1204810678.272,2560,5242880,1714568647825.4082,1344175,8420474880,3021653637789.6987,2042474,15314788352,4687514812880.9,2766168,24864417792,4794814254913.537,3037448,24825780224,3502373626632.192,2209233,18238597120,2450869615601.666,1673216,12469925888,5712,47202963,95362,18432681,7142814,25575495,13963,410112,801,57.73409390449524,9997,123,50849843,104856,13075274,25574,32800623,67984,0,0,0,0,0,0,0,0,0,0,321397,635,729088,1424,3173297,6212,2851900,5577,3923461,9239,0,0,33872184,71646,29948723,62407,0,0,0,0,0,0,0,0,4244858,729088,1050485,37045481,3902385,True,1.0,0.38754587247401034,0.15748338750688487,0.5450292599808952,0.008781402824187063,0.6124541275259896,0.15748338750688487,0.39506271320786396,0.0,0.0,0.0,0.0,0.0038710231460197526,0.008781402824187063,0.03822035095596736,0.03434932780994761,0.047255600841034,0.0,0.40796898623895034,0.36071338539791636,0.0,0.0,0.0,0.0,0.051126623987053754,0.008781402824187063,0.012652425970206814,0.4461893371949177,0.04700175378015443,not_applicable_to_updated_policy,0,0,61708,180311,77906,73652,31335,0.4084720288834292,0.4022154904628655,383067,153889,400674478080,160924823552,2.1244793717521393
toolagent_trace,0.02,4.0,"l1=0.02,l2x4",binary,0,2,pi2,lru,3569307853,learned,14277231411,tree,union,9997,83026370,167732,45089104,32176527,12912577,62876,25232,1755,898560,255969,246593,9376,170881,0,20173023550754.816,0,prefix_first,sampled,16,0,onpolicy,180257,1204810678.272,2560,5242880,1664750979762.1768,1325265,8047960064,2974039216527.358,2003822,14942339072,4588497991661.566,2697174,23685120000,4815464471922.688,3001260,24492879872,3574794795415.551,2195968,18023053312,2554271284787.2026,1686528,12395507712,5712,47202963,95362,18432681,7100538,25533219,13872,448000,875,57.74049758911133,9997,74,50849843,104856,12912577,25232,32780326,67946,0,0,7569,26,0,0,9759,35,2190,9,333397,670,898560,1755,3156763,6188,2823366,5518,3917414,9227,0,0,33872184,71646,29954770,62419,0,0,0,0,0,0,0,0,4258380,898560,1239526,37038706,4065082,True,1.0,0.38754587247401034,0.15552380526813347,0.5430696777421439,0.01082258564357324,0.6124541275259896,0.15552380526813347,0.39481824870821164,9.116380735421771e-05,0.0,0.00011754096921255258,2.637716185833489e-05,0.004015555539764053,0.01082258564357324,0.038021209406120006,0.034005653866355956,0.047182768558953016,0.0,0.40796898623895034,0.36078621767999736,0.0,0.0,0.0,0.0,0.05128948790607129,0.01082258564357324,0.014929304990691512,0.44610773661428293,0.0489613360189058,not_applicable_to_updated_policy,9376,4568,62065,170881,73295,74088,31582,0.43356487848268677,0.4308888737294495,422044,170178,442459924480,178439739392,2.4698123255364846
toolagent_trace,0.02,4.0,"l1=0.02,l2x4",binary,0,3,pi3,lru,3569307853,learned,14277231411,tree,union,9997,83026370,167732,45185495,32176527,13008968,62876,25444,1607,822050,255969,255969,0,180023,0,20173022821058.56,0,prefix_first,sampled,16,0,onpolicy,180023,1204810678.272,2560,5242880,1637462792341.5042,1330083,8420474880,2958320304861.183,2023018,15314788352,4677525438384.128,2726892,24864417792,4794643684325.375,3020926,24825780224,3549364206229.505,2211793,18238597120,2554501584238.591,1693696,12469925888,5712,47202963,95362,18432681,7089674,25522355,13859,455856,891,57.19329047203064,9997,122,50849843,104856,13008968,25444,32772927,67930,0,0,0,0,0,0,0,0,0,0,323204,638,822050,1607,3146641,6159,2823437,5521,3922694,9237,0,0,33872184,71646,29949490,62409,0,0,0,0,0,0,0,0,4245898,822050,1145254,37018825,3968691,True,1.0,0.38754587247401034,0.15668477376525072,0.5442306462392611,0.00990107118979187,0.6124541275259896,0.15668477376525072,0.3947291324431021,0.0,0.0,0.0,0.0,0.003892787315644415,0.00990107118979187,0.03789929633199669,0.03400650901635228,0.04724636281220051,0.0,0.40796898623895034,0.3607226234267498,0.0,0.0,0.0,0.0,0.05113915012784492,0.00990107118979187,0.013793858505436286,0.445868282570947,0.04780036752178856,not_applicable_to_updated_policy,0,0,61932,180023,77844,74815,31790,0.41558578626064446,0.40838086429268794,416859,170263,434339260416,177331851264,2.3155874527143756
toolagent_trace,0.02,4.0,"l1=0.02,l2x4",binary,1,0,pi0,lru,3569307853,learned,14277231411,tree,union,9997,83026370,167732,45121229,32176527,12944702,62876,25296,1365,698880,255969,246421,9548,171622,0,20173039672619.016,0,prefix_first,sampled,16,1,onpolicy,181170,1009776590.848,2048,5242880,1699670863710.2083,1350805,8077664256,3033345656111.1035,2063675,14962563072,4675434054918.147,2764440,23719817216,4800938132393.985,3013334,24481693696,3491015591827.457,2173440,18018256896,2471625597067.264,1576960,12390240256,5712,47202963,95362,18432681,6926010,25358691,13532,379392,741,57.09505844116211,9997,74,50849843,104856,12944702,25296,32949482,68272,0,0,9100,30,0,0,10274,33,1174,3,277972,562,698880,1365,3323803,6516,3045831,5954,3969707,9331,0,0,33872184,71646,29902477,62315,0,0,0,0,0,0,0,0,4256779,698880,985952,37206261,4032957,True,1.0,0.38754587247401034,0.15591073053055313,0.5434566030045634,0.008417566611668077,0.6124541275259896,0.15591073053055313,0.3968556255078959,0.00010960373192276141,0.0,0.00012374381777741216,1.4140085854650758e-05,0.0033479965461575643,0.008417566611668077,0.040033100327040674,0.03668510378088311,0.04781260459779224,0.0,0.40796898623895034,0.3601563816411581,0.0,0.0,0.0,0.0,0.05127020487587257,0.008417566611668077,0.011875166889748401,0.4481258303837684,0.048574410756486164,matched,9548,4312,61136,171622,73884,73406,31233,0.42771905699735463,0.42273022575929836,361168,147856,378628296704,155038216192,2.1044388248592836
toolagent_trace,0.02,4.0,"l1=0.02,l2x4",binary,1,1,pi1,lru,3569307853,learned,14277231411,tree,union,9997,83026370,167732,45248445,32176527,13071918,62876,25565,1373,702976,255969,255967,2,180282,0,20172994761146.37,0,prefix_first,sampled,16,1,onpolicy,180284,1204810678.272,2560,5242880,1738691695921.152,1351182,8420474880,3049528120928.258,2057322,15314788352,4708845223405.567,2766159,24863635456,4781732754161.666,3021462,24825780224,3474409254303.7446,2201553,18238597120,2418582901747.713,1671680,12469925888,5712,47202963,95362,18432681,7122173,25554854,13922,412160,805,58.102787256240845,9997,119,50849843,104856,13071918,25565,32829104,68040,0,0,0,0,0,0,0,0,0,0,324880,644,702976,1373,3202765,6272,2877885,5628,3920965,9234,0,0,33872184,71646,29951219,62412,0,0,0,0,0,0,0,0,4245845,702976,1027856,37074949,3905741,True,1.0,0.38754587247401034,0.15744296661410104,0.5449888390881114,0.008466900335399465,0.6124541275259896,0.15744296661410104,0.3954057488000499,0.0,0.0,0.0,0.0,0.003912973673304036,0.008466900335399465,0.03857527433753878,0.03466230066423475,0.047225538103135185,0.0,0.40796898623895034,0.36074344813581516,0.0,0.0,0.0,0.0,0.05113851177643922,0.008466900335399465,0.0123798740087035,0.4465442605764891,0.047042174672938246,not_applicable_to_updated_policy,2,1,61723,180282,77959,73726,31315,0.40894820337027543,0.40168550135327546,375663,152239,392847069184,159173255168,2.083752121676041
toolagent_trace,0.02,4.0,"l1=0.02,l2x4",binary,1,2,pi2,lru,3569307853,learned,14277231411,tree,union,9997,83026370,167732,45056457,32176527,12879930,62876,25172,1852,948224,255969,247180,8789,171433,0,20173082275829.758,0,prefix_first,sampled,16,1,onpolicy,180222,1204810678.272,2560,5242880,1591394592202.7515,1308296,8055339008,2892158363719.6777,1992046,14960033792,4545485719738.367,2690736,23761473536,4843873368844.287,2992020,24513896448,3636594272251.905,2196992,18039560192,2662371148394.4966,1697280,12411754496,5712,47202963,95362,18432681,7071373,25504054,13817,479232,936,58.103182554244995,9997,79,50849843,104856,12879930,25172,32764244,67914,0,0,9085,28,0,0,10566,34,1481,6,333438,668,948224,1852,3138939,6152,2805501,5484,3914922,9222,0,0,33872184,71646,29957262,62424,0,0,0,0,0,0,0,0,4257445,948224,1290747,37021689,4097729,True,1.0,0.38754587247401034,0.15513059284658598,0.5426764653205963,0.01142075704381632,0.6124541275259896,0.15513059284658598,0.39462455121186196,0.00010942306643058103,0.0,0.0001272607726918568,1.7837706261275786e-05,0.004016049358776013,0.01142075704381632,0.037806530623945137,0.03379048126516913,0.04715275399851879,0.0,0.40796898623895034,0.3608162322404316,0.0,0.0,0.0,0.0,0.05127822642372538,0.01142075704381632,0.015546229469022914,0.44590277763558733,0.04935454844045332,not_applicable_to_updated_policy,8789,4161,62090,171433,73672,74717,31932,0.4358379075207224,0.43343468346183084,454824,183303,476784060416,192207126528,2.6530714623205567
toolagent_trace,0.02,4.0,"l1=0.02,l2x4",binary,1,3,pi3,lru,3569307853,learned,14277231411,tree,union,9997,83026370,167732,45230869,32176527,13054342,62876,25532,1494,764928,255969,255968,1,180111,0,20172994296016.895,0,prefix_first,sampled,16,1,onpolicy,180112,1204810678.272,2560,5242880,1634954349244.4148,1337470,8420474880,2953812824326.141,2039914,15313999872,4664277586601.984,2757061,24864417792,4802608213843.969,3045128,24825780224,3557102450974.7207,2194385,18238597120,2559034060347.393,1677824,12469925888,5712,47202963,95362,18432681,7073021,25505702,13826,465408,909,56.42207622528076,9997,120,50849843,104856,13054342,25532,32784835,67953,0,0,0,0,0,0,0,0,0,0,319416,632,764928,1494,3158389,6184,2838973,5552,3926322,9245,0,0,33872184,71646,29945862,62401,0,0,0,0,0,0,0,0,4245738,764928,1084344,37030573,3923317,True,1.0,0.38754587247401034,0.1572312748347302,0.5447771473087406,0.009213072906836707,0.6124541275259896,0.1572312748347302,0.39487255675516103,0.0,0.0,0.0,0.0,0.0038471632566857974,0.009213072906836707,0.03804079354547236,0.03419363028878656,0.04729005977257587,0.0,0.40796898623895034,0.3606789264663745,0.0,0.0,0.0,0.0,0.051137223029261665,0.009213072906836707,0.013060236163522506,0.4460097797844227,0.04725386645230907,not_applicable_to_updated_policy,1,1,61865,180111,77854,74574,31645,0.41404467245198795,0.4064659490841832,415860,167616,434318745600,175021453312,2.3089095058047535
toolagent_trace,0.02,4.0,"l1=0.02,l2x4",binary,2,0,pi0,lru,3569307853,learned,14277231411,tree,union,9997,83026370,167732,45138940,32176527,12962413,62876,25325,1335,683520,255969,246222,9747,171437,0,20173045569595.395,0,prefix_first,sampled,16,2,onpolicy,181184,990901174.2720001,2048,5242880,1697225645277.183,1359648,8079329280,3033134782902.2734,2055680,14965207040,4671808437813.245,2764407,23713994752,4804058839922.69,3019990,24481333248,3489201333858.3037,2156032,18018803712,2476625628647.426,1604608,12390363136,5712,47202963,95362,18432681,6902136,25334817,13483,411648,804,57.77103018760681,9997,68,50849843,104856,12962413,25325,32947250,68267,0,0,8046,27,0,0,9406,32,1360,5,279747,572,683520,1335,3322320,6518,3042573,5946,3968867,9330,0,0,33872184,71646,29903317,62316,0,0,0,0,0,0,0,0,4256660,683520,971313,37203910,4015246,True,1.0,0.38754587247401034,0.15612404829935356,0.543669920773364,0.008232565147675371,0.6124541275259896,0.15612404829935356,0.3968287424826594,9.690897000555365e-05,0.0,0.00011328930796324108,1.6380337957687418e-05,0.0033693752960655752,0.008232565147675371,0.04001523853204711,0.036645863235981534,0.04780248733023014,0.0,0.40796898623895034,0.3601664989087202,0.0,0.0,0.0,0.0,0.05126877159630127,0.008232565147675371,0.0116988494137465,0.4480975140789607,0.04836109298768572,matched,9747,4390,61123,171437,73807,73604,31434,0.42933555766841464,0.4258945628463425,361636,149792,379124097024,157068296192,2.1094396192187217
toolagent_trace,0.02,4.0,"l1=0.02,l2x4",binary,2,1,pi1,lru,3569307853,learned,14277231411,tree,union,9997,83026370,167732,45155009,32176527,12978482,62876,25385,1550,792890,255969,255969,0,180273,0,20172980900505.6,0,prefix_first,sampled,16,2,onpolicy,180273,1204810678.272,2560,5242880,1728935622473.7283,1341215,8420474880,3030108503746.561,2031064,15314788352,4705913878239.23,2721772,24864417792,4777913986205.696,3008638,24825780224,3489860246487.0396,2192337,18238597120,2439043852675.073,1680896,12469925888,5712,47202963,95362,18432681,7074548,25507229,13830,450760,881,58.17662715911865,9997,124,50849843,104856,12978482,25385,32834141,68048,0,0,0,0,0,0,0,0,0,0,329602,650,792890,1550,3206287,6275,2876685,5625,3914728,9223,0,0,33872184,71646,29957456,62423,0,0,0,0,0,0,0,0,4244330,792890,1122492,37078471,3999177,True,1.0,0.38754587247401034,0.15631758921894334,0.5438634616929537,0.00954985747299322,0.6124541275259896,0.15631758921894334,0.3954664162723241,0.0,0.0,0.0,0.0,0.0039698471702424186,0.00954985747299322,0.03861769459510274,0.034647847424860316,0.047150417391486586,0.0,0.40796898623895034,0.36081856884746377,0.0,0.0,0.0,0.0,0.051120264561729,0.00954985747299322,0.013519704643235637,0.44658668083405306,0.048167552068095955,not_applicable_to_updated_policy,0,0,61682,180273,77959,74261,31541,0.411936340993937,0.4045844610628664,384089,155731,400085362688,162070183936,2.1305963732783058
toolagent_trace,0.02,4.0,"l1=0.02,l2x4",binary,2,2,pi2,lru,3569307853,learned,14277231411,tree,union,9997,83026370,167732,45128081,32176527,12951554,62876,25312,1714,877568,255969,245894,10075,170049,0,20173063601164.293,0,prefix_first,sampled,16,2,onpolicy,180124,1204810678.272,2560,5242880,1637632352788.4814,1333896,8036669440,2942354183749.633,2017713,14923966464,4575616325257.217,2708211,23631771648,4830083786733.569,3006166,24471040000,3597018271717.3774,2200576,18008954880,2589153870239.744,1682432,12386738176,5712,47202963,95362,18432681,7035240,25467921,13745,512000,1000,57.83223557472229,9997,79,50849843,104856,12951554,25312,32764023,67912,0,0,8274,28,0,0,10026,34,1752,6,320746,642,877568,1714,3138511,6150,2817765,5508,3927678,9248,0,0,33872184,71646,29944506,62398,0,0,0,0,0,0,0,0,4256698,877568,1206588,37020721,4026105,True,1.0,0.38754587247401034,0.1559932585273811,0.5435391310013915,0.010569750309449876,0.6124541275259896,0.1559932585273811,0.3946218894069438,9.965508548669537e-05,0.0,0.00012075681497336328,2.110172948666791e-05,0.003863182263659124,0.010569750309449876,0.037801375635234925,0.0339381933715758,0.04730639193306897,0.0,0.40796898623895034,0.3606625943058814,0.0,0.0,0.0,0.0,0.05126922928221479,0.010569750309449876,0.014532587658595697,0.44589111868915865,0.04849188275965817,not_applicable_to_updated_policy,10075,4856,62189,170049,72960,74238,31623,0.43656828325953106,0.4334292763157895,425773,171253,446367465472,179570657280,2.50382536798217
toolagent_trace,0.02,4.0,"l1=0.02,l2x4",binary,2,3,pi3,lru,3569307853,learned,14277231411,tree,union,9997,83026370,167732,45177933,32176527,13001406,62876,25430,1545,791016,255969,255969,0,180152,0,20172965340291.07,0,prefix_first,sampled,16,2,onpolicy,180152,1204810678.272,2560,5242880,1646135506579.4553,1330702,8420474880,2964173323558.9116,2029162,15314788352,4686754497097.729,2724205,24864417792,4801578406176.77,3019016,24825780224,3542800236021.76,2211793,18238597120,2530318560178.1753,1683968,12469925888,5712,47202963,95362,18432681,7112318,25544999,13903,410600,802,56.79448056221008,9997,123,50849843,104856,13001406,25430,32812276,68007,0,0,0,0,0,0,0,0,0,0,328705,649,791016,1545,3185237,6235,2856532,5586,3916440,9225,0,0,33872184,71646,29955744,62421,0,0,0,0,0,0,0,0,4245145,791016,1119721,37057421,3976253,True,1.0,0.38754587247401034,0.15659369426845954,0.5441395667424699,0.009527286330836817,0.6124541275259896,0.15659369426845954,0.3952030662065558,0.0,0.0,0.0,0.0,0.003959043373810031,0.009527286330836817,0.03836416068774294,0.03440511731393291,0.04717103734632744,0.0,0.40796898623895034,0.3607979488926229,0.0,0.0,0.0,0.0,0.05113008072013747,0.009527286330836817,0.01348632970464685,0.4463331469266933,0.04789144701857976,not_applicable_to_updated_policy,0,0,61768,180152,77907,75349,32221,0.41825236466983434,0.4135828616170562,421058,170014,437730613248,176630919168,2.337237443936232
toolagent_trace,0.02,4.0,"l1=0.02,l2x4",binary,3,0,pi0,lru,3569307853,learned,14277231411,tree,union,9997,83026370,167732,45025304,32176527,12848777,62876,25108,1527,781824,255969,246436,9533,171744,0,20173076149676.027,0,prefix_first,sampled,16,3,onpolicy,181277,1012922318.848,2048,5242880,1698417979017.216,1360272,8081369088,3037436707235.8364,2055235,14955669504,4671998522613.759,2740686,23719026688,4800876326692.863,2981096,24480534528,3482166320136.194,2134016,18007822336,2481167371661.312,1575424,12386549760,5712,47202963,95362,18432681,6875908,25308589,13432,428032,836,57.221057176589966,9997,73,50849843,104856,12848777,25108,32962331,68297,0,0,7722,27,0,0,9378,32,1656,5,282276,571,781824,1527,3337680,6543,3055404,5972,3966913,9326,0,0,33872184,71646,29905271,62320,0,0,0,0,0,0,0,0,4256911,781824,1071822,37219242,4128882,True,1.0,0.38754587247401034,0.1547553747080596,0.54230124718207,0.009416574517228682,0.6124541275259896,0.1547553747080596,0.39701038356849755,9.300659537445754e-05,0.0,0.00011295206571117104,1.9945470336713505e-05,0.0033998354980471867,0.009416574517228682,0.04020023999603981,0.03680040449799263,0.04777895263878211,0.0,0.40796898623895034,0.3601900336001682,0.0,0.0,0.0,0.0,0.05127179473220376,0.009416574517228682,0.012909416610650327,0.44828217830070133,0.049729766578979664,matched,9533,4388,61040,171744,73853,73598,31334,0.4285331656418856,0.4242752494820793,360895,147426,378343065600,154587035648,2.101354341345258
toolagent_trace,0.02,4.0,"l1=0.02,l2x4",binary,3,1,pi1,lru,3569307853,learned,14277231411,tree,union,9997,83026370,167732,45245260,32176527,13068733,62876,25560,1350,691200,255969,255968,1,180366,0,20173004268281.863,0,prefix_first,sampled,16,3,onpolicy,180367,1204810678.272,2560,5242880,1732794029494.2727,1339193,8420474880,3037897530961.9204,2032746,15313795072,4699201386956.803,2738521,24864417792,4785820850493.44,3062512,24825780224,3487035639179.265,2222545,18238597120,2429050020517.889,1670656,12469925888,5712,47202963,95362,18432681,7153680,25586361,13984,363520,710,58.557456254959106,9997,123,50849843,104856,13068733,25560,32845243,68072,0,0,0,0,0,0,0,0,0,0,336618,666,691200,1350,3217726,6300,2881108,5634,3908049,9208,0,0,33872184,71646,29964135,62438,0,0,0,0,0,0,0,0,4244667,691200,1027818,37089910,3908926,True,1.0,0.38754587247401034,0.15740460530792807,0.5449504777819384,0.008325065879671724,0.6124541275259896,0.15740460530792807,0.39560013282526985,0.0,0.0,0.0,0.0,0.004054350443118253,0.008325065879671724,0.03875547009943949,0.034701119656321236,0.047069973070001735,0.0,0.40796898623895034,0.3608990131689486,0.0,0.0,0.0,0.0,0.05112432351311999,0.008325065879671724,0.012379416322789976,0.44672445633838986,0.047080535979111215,not_applicable_to_updated_policy,1,1,61604,180366,77977,74016,31447,0.41036558996706696,0.4032855842107288,379478,154121,395858747392,160695164928,2.103933113779759
toolagent_trace,0.02,4.0,"l1=0.02,l2x4",binary,3,2,pi2,lru,3569307853,learned,14277231411,tree,union,9997,83026370,167732,44989923,32176527,12813396,62876,25042,1945,995840,255969,245653,10316,169923,0,20173035886731.26,0,prefix_first,sampled,16,3,onpolicy,180239,1204810678.272,2560,5242880,1615996542947.329,1321608,8036569088,2923572813957.1196,1997233,14934251520,4553424554545.151,2678597,23623192576,4834209061193.726,2981078,24473923584,3618593593448.448,2167808,18008494080,2626034509961.2144,1664512,12394958848,5712,47202963,95362,18432681,6992422,25425103,13662,557568,1089,57.259483337402344,9997,78,50849843,104856,12813396,25042,32782860,67950,0,0,8742,29,0,0,9628,34,886,5,332869,666,995840,1945,3158795,6189,2825926,5523,3916136,9224,0,0,33872184,71646,29956048,62422,0,0,0,0,0,0,0,0,4257747,995840,1337451,37040607,4164263,True,1.0,0.38754587247401034,0.15432923298947068,0.541875105463481,0.011994261582193706,0.6124541275259896,0.15432923298947068,0.39484876913202394,0.0001052918488427231,0.0,0.00011596315724751064,1.067130840478754e-05,0.004009196114439304,0.011994261582193706,0.038045683558127374,0.03403648744368807,0.04716737585901925,0.0,0.40796898623895034,0.3608016103799311,0.0,0.0,0.0,0.0,0.05128186382230127,0.011994261582193706,0.016108749545475733,0.44613063295432526,0.050155908297568594,not_applicable_to_updated_policy,10316,4754,62076,169923,73107,74384,31726,0.4377512167275766,0.4339666516202279,441709,179768,463059685376,188500410368,2.5994656403194387
toolagent_trace,0.02,4.0,"l1=0.02,l2x4",binary,3,3,pi3,lru,3569307853,learned,14277231411,tree,union,9997,83026370,167732,45184427,32176527,13007900,62876,25442,1515,775495,255969,255968,1,180105,0,20173034083016.703,0,prefix_first,sampled,16,3,onpolicy,180106,1204810678.272,2560,5242880,1650974309810.176,1325070,8420474880,2973832182212.606,2015850,15314788352,4673699488993.281,2727277,24864417792,4802528149172.224,3026534,24825780224,3548216689592.3184,2219473,18238597120,2522578452557.8247,1691136,12469925888,5712,47202963,95362,18432681,7101006,25533687,13881,435527,851,54.52294874191284,9997,124,50849843,104856,13007900,25442,32821073,68026,0,0,0,0,0,0,0,0,0,0,334475,661,775495,1515,3194264,6253,2859789,5592,3910900,9212,0,0,33872184,71646,29961284,62434,0,0,0,0,0,0,0,0,4245375,775495,1109970,37066448,3969759,True,1.0,0.38754587247401034,0.15667191038220749,0.5442177828562178,0.00934034572389471,0.6124541275259896,0.15667191038220749,0.3953090204955365,0.0,0.0,0.0,0.0,0.00402853936646875,0.00934034572389471,0.03847288518093709,0.03444434581446834,0.04710431155788215,0.0,0.40796898623895034,0.3608646746810682,0.0,0.0,0.0,0.0,0.0511328509243509,0.00934034572389471,0.013368885090363459,0.44644187141988745,0.047813230904831805,not_applicable_to_updated_policy,1,0,61860,180105,77936,74871,31802,0.4157075039560256,0.4080527612399918,417902,167564,435638951936,174556780544,2.320324255295522
toolagent_trace,0.02,4.0,"l1=0.02,l2x4",binary,4,0,pi0,lru,3569307853,learned,14277231411,tree,union,9997,83026370,167732,45087578,32176527,12911051,62876,25230,1382,707584,255969,246365,9604,171637,0,20173049808654.336,0,prefix_first,sampled,16,4,onpolicy,181241,1088418742.272,2048,5242880,1701833156577.2786,1357785,8085407744,3032061441200.128,2063872,14957756416,4675340773963.776,2755868,23723153408,4806920030095.362,2992854,24485564416,3485492874829.823,2173952,18014593024,2470313113245.6973,1564672,12388814848,5712,47202963,95362,18432681,6886881,25319562,13456,412160,805,57.88199520111084,9997,73,50849843,104856,12911051,25230,32974162,68320,0,0,7427,24,0,0,8380,26,953,2,279504,568,707584,1382,3350644,6572,3071140,6004,3970115,9332,0,0,33872184,71646,29902069,62314,0,0,0,0,0,0,0,0,4257046,707584,994515,37231208,4066608,True,1.0,0.38754587247401034,0.15550542556539568,0.543051298039406,0.008522400774597276,0.6124541275259896,0.15550542556539568,0.3971528804643633,8.945350736157681e-05,0.0,0.00010093178829810336,1.1478280936526552e-05,0.0033664485150922533,0.008522400774597276,0.04035638315874824,0.036989934643655985,0.04781751869917955,0.0,0.40796898623895034,0.3601514675397708,0.0,0.0,0.0,0.0,0.05127342072163338,0.008522400774597276,0.011978302797051105,0.4484263011859967,0.04897971572164362,matched,9604,4351,61076,171637,73902,73496,31301,0.4282060394903197,0.4235474006116208,360510,149268,377940398080,156517933056,2.1004212378449867
toolagent_trace,0.02,4.0,"l1=0.02,l2x4",binary,4,1,pi1,lru,3569307853,learned,14277231411,tree,union,9997,83026370,167732,45243034,32176527,13066507,62876,25556,1417,725504,255969,255969,0,180249,0,20172984190330.875,0,prefix_first,sampled,16,4,onpolicy,180249,1204810678.272,2560,5242880,1742474673047.5535,1346042,8420474880,3054438216435.7124,2050154,15314788352,4700864426092.539,2756160,24864417792,4777635166953.473,3026070,24825780224,3471107898640.3843,2197457,18238597120,2425258998482.9424,1688064,12469925888,5712,47202963,95362,18432681,7178361,25611042,14032,362496,708,57.73461151123047,9997,120,50849843,104856,13066507,25556,32812033,68006,0,0,0,0,0,0,0,0,0,0,331219,656,725504,1417,3185648,6237,2854429,5581,3914580,9221,0,0,33872184,71646,29957604,62425,0,0,0,0,0,0,0,0,4245799,725504,1056723,37057832,3911152,True,1.0,0.38754587247401034,0.1573777945488885,0.5449236670228988,0.008738235815922098,0.6124541275259896,0.1573777945488885,0.3952001394255825,0.0,0.0,0.0,0.0,0.0039893229102994626,0.008738235815922098,0.03836911092222869,0.03437978801192922,0.04714863482529707,0.0,0.40796898623895034,0.36082035141365326,0.0,0.0,0.0,0.0,0.05113795773559653,0.008738235815922098,0.01272755872622156,0.44633809716117906,0.047107346738150785,not_applicable_to_updated_policy,0,0,61757,180249,77928,73769,31280,0.4092616325194592,0.4013961605584642,379171,153688,395856828416,160372330496,2.103595581667582
toolagent_trace,0.02,4.0,"l1=0.02,l2x4",binary,4,2,pi2,lru,3569307853,learned,14277231411,tree,union,9997,83026370,167732,45090275,32176527,12913748,62876,25236,1763,902656,255969,246236,9733,170525,0,20173059621119.996,0,prefix_first,sampled,16,4,onpolicy,180258,1204810678.272,2560,5242880,1643709009002.4958,1322608,8033769472,2948530816153.6016,2012892,14933467136,4577931891523.583,2710560,23638720512,4828409658497.02,3016424,24474720256,3589512222939.1353,2181632,18019000320,2583761212325.8896,1667072,12396191744,5712,47202963,95362,18432681,7051241,25483922,13775,492032,961,57.28285193443298,9997,77,50849843,104856,12913748,25236,32776063,67937,0,0,8174,31,0,0,9926,37,1752,6,329444,658,902656,1763,3151329,6174,2821885,5516,3919758,9231,0,0,33872184,71646,29952426,62415,0,0,0,0,0,0,0,0,4257376,902656,1240274,37033439,4063911,True,1.0,0.38754587247401034,0.1555379092208897,0.5430837816949,0.010871919367304628,0.6124541275259896,0.1555379092208897,0.39476690357533395,9.845064887215953e-05,0.0,0.00011955237835882745,2.110172948666791e-05,0.003967944160391451,0.010871919367304628,0.03795576032048613,0.03398781616009468,0.047211000553197734,0.0,0.40796898623895034,0.3607579856857526,0.0,0.0,0.0,0.0,0.05127739536246135,0.010871919367304628,0.01493831417656824,0.4460442989377953,0.048947232066149586,not_applicable_to_updated_policy,9733,4721,62061,170525,73144,74335,31694,0.43591848702536284,0.4333096357869408,427237,173726,447877197824,182160304128,2.5054214924497873
toolagent_trace,0.02,4.0,"l1=0.02,l2x4",binary,4,3,pi3,lru,3569307853,learned,14277231411,tree,union,9997,83026370,167732,45202070,32176527,13025543,62876,25476,1516,776168,255969,255968,1,180082,0,20173031727489.02,0,prefix_first,sampled,16,4,onpolicy,180083,1204810678.272,2560,5242880,1647111758002.1755,1331326,8420474880,2966682760994.816,2022506,15314788352,4686409526163.453,2734406,24864417792,4794771341531.137,3029768,24825780224,3542047447810.048,2208209,18238597120,2534804082309.12,1696768,12469925888,5712,47202963,95362,18432681,7083134,25515815,13846,442344,864,54.17731165885925,9997,121,50849843,104856,13025543,25476,32802909,67988,0,0,0,0,0,0,0,0,0,0,323512,640,776168,1516,3175948,6218,2852436,5578,3921711,9236,0,0,33872184,71646,29950473,62410,0,0,0,0,0,0,0,0,4245223,776168,1099680,37048132,3952116,True,1.0,0.38754587247401034,0.15688440913411003,0.5444302816081205,0.009348451582310536,0.6124541275259896,0.15688440913411003,0.39509024662887227,0.0,0.0,0.0,0.0,0.0038964969804171855,0.009348451582310536,0.03825228057061871,0.03435578359020152,0.04723452320027962,0.0,0.40796898623895034,0.36073446303867074,0.0,0.0,0.0,0.0,0.05113102018069681,0.009348451582310536,0.013244948562727722,0.4462212668095691,0.047600732152929245,not_applicable_to_updated_policy,1,0,61875,180082,77900,74511,31752,0.41376150864606126,0.407599486521181,407099,164913,424640905216,171909396480,2.2606312679779212
toolagent_trace,0.02,4.0,"l1=0.02,l2x4",next_use,0,0,pi0,lru,3569307853,learned,14277231411,tree,union,9997,83026370,167732,45050826,32176527,12874299,62876,25169,1460,747520,255969,255902,67,180701,0,20173018977513.477,0,prefix_first,sampled,16,0,onpolicy,180768,1204810678.272,2560,5242880,1813719826690.0488,1353788,8420474880,3153349918015.4897,2025721,15311816704,4735053189249.023,2704808,24840493056,4801493009424.387,2965389,24820822016,3385218852429.8247,2166737,18236000256,2282979371026.4316,1655296,12468850688,5712,47202963,95362,18432681,7120180,25552861,13915,358400,700,59.828604221343994,9997,97,50849843,104856,12874299,25169,32976047,68327,0,0,0,0,0,0,0,0,0,0,347306,698,747520,1460,3355840,6581,3008534,5883,3904671,9202,0,0,33872184,71646,29967513,62444,0,0,0,0,0,0,0,0,4251977,747520,1094826,37228024,4103360,True,1.0,0.38754587247401034,0.15506277102082144,0.5426086434948318,0.009003404580978308,0.6124541275259896,0.15506277102082144,0.3971755840945473,0.0,0.0,0.0,0.0,0.004183080628479843,0.009003404580978308,0.04041896568523952,0.036235885056759676,0.047029287201162714,0.0,0.40796898623895034,0.3609396990377876,0.0,0.0,0.0,0.0,0.05121236782964256,0.009003404580978308,0.013186485209458152,0.44838795192418984,0.04942237026621783,matched,67,61,61489,180701,78190,72959,31060,0.4037553749010797,0.3972374984013301,352624,144412,369639364608,151391383552,1.9514225156473954
toolagent_trace,0.02,4.0,"l1=0.02,l2x4",next_use,0,1,pi1,lru,3569307853,learned,14277231411,tree,union,9997,83026370,167732,45382082,32176527,13205555,62876,25822,1223,626176,255969,255666,303,179932,0,20172991771248.637,0,prefix_first,sampled,16,0,onpolicy,180235,1204810678.272,2560,5242880,1755081605756.9275,1380553,8408094720,3126852560842.7505,2105518,15304609792,4743556722284.541,2826760,24811278336,4766344602720.256,3081955,24809740288,3408672118867.969,2192337,18220433408,2371279350097.92,1615872,12458625024,5712,47202963,95362,18432681,7149383,25582064,13974,357376,698,58.45375347137451,9997,108,50849843,104856,13205555,25822,32770153,67922,0,0,0,0,0,0,0,0,0,0,283731,569,626176,1223,3145928,6165,2862197,5596,3964228,9320,0,0,33872184,71646,29907956,62326,0,0,0,0,0,0,0,0,4247959,626176,909907,37018112,3772104,True,1.0,0.38754587247401034,0.1590525395726683,0.5465984120466787,0.007541893015435939,0.6124541275259896,0.1590525395726683,0.3946957213714149,0.0,0.0,0.0,0.0,0.003417360050788683,0.007541893015435939,0.03789070869893505,0.034473348648146364,0.047746613515681824,0.0,0.40796898623895034,0.3602223727232685,0.0,0.0,0.0,0.0,0.05116397356647051,0.007541893015435939,0.010959253066224622,0.4458596949378854,0.04543260171437099,not_applicable_to_updated_policy,303,178,61966,179932,77676,72221,30739,0.4013794099993331,0.39573355991554665,331899,136950,347917680640,143592675328,1.8445801747326769
toolagent_trace,0.02,4.0,"l1=0.02,l2x4",next_use,0,2,pi2,lru,3569307853,learned,14277231411,tree,union,9997,83026370,167732,45477826,32176527,13301299,62876,26005,1092,559104,255969,255516,453,179730,0,20172964494446.594,0,prefix_first,sampled,16,0,onpolicy,180183,1204810678.272,2560,5242880,1818562054725.633,1405380,8417163264,3200942219247.6147,2136629,15308412928,4777991442765.829,2857350,24781514752,4750838296657.919,3097827,24789399552,3338483767482.3667,2180049,18202587136,2284941902888.959,1621504,12454074368,5712,47202963,95362,18432681,7219547,25652228,14110,313856,613,59.0235960483551,9997,104,50849843,104856,13301299,26005,32741525,67866,0,0,0,0,0,0,0,0,0,0,283219,572,559104,1092,3117256,6113,2834037,5541,3964696,9321,0,0,33872184,71646,29907488,62325,0,0,0,0,0,0,0,0,4247915,559104,842323,36989440,3676360,True,1.0,0.38754587247401034,0.1602057153648895,0.5477515878388999,0.006734053289334461,0.6124541275259896,0.1602057153648895,0.39435091525740557,0.0,0.0,0.0,0.0,0.00341119333532226,0.006734053289334461,0.037545372632815335,0.03413417929749307,0.04775225027903785,0.0,0.40796898623895034,0.3602167359599125,0.0,0.0,0.0,0.0,0.051163443614360114,0.006734053289334461,0.01014524662465672,0.44551435887176566,0.04427942592214979,not_applicable_to_updated_policy,453,268,62043,179730,77523,71548,30413,0.39808601791576254,0.3923093791519936,313917,129189,329087959040,135459553280,1.7466032381906194
toolagent_trace,0.02,4.0,"l1=0.02,l2x4",next_use,0,3,pi3,lru,3569307853,learned,14277231411,tree,union,9997,83026370,167732,45446516,32176527,13269989,62876,25946,1128,577536,255969,255726,243,179910,0,20172978639745.02,0,prefix_first,sampled,16,0,onpolicy,180153,1151332253.696,2048,5242880,1835343338061.8237,1403015,8418076672,3215759657558.014,2128558,15302901760,4792171483521.022,2846117,24827252736,4738309957564.415,3086650,24805576704,3323634404042.753,2185681,18227050496,2266608466743.2964,1617920,12453095424,5712,47202963,95362,18432681,7161892,25594573,13999,368640,720,59.10215783119202,9997,103,50849843,104856,13269989,25946,32752888,67888,0,0,0,0,0,0,0,0,0,0,293722,590,577536,1128,3130134,6136,2836412,5546,3955708,9304,0,0,33872184,71646,29916476,62342,0,0,0,0,0,0,0,0,4249430,577536,871258,37002318,3707670,True,1.0,0.38754587247401034,0.15982860626087833,0.5473744787348886,0.006956055046125707,0.6124541275259896,0.15982860626087833,0.39448777538991525,0.0,0.0,0.0,0.0,0.0035376953129469587,0.006956055046125707,0.037700479980035256,0.0341627846670883,0.047643995516123375,0.0,0.40796898623895034,0.360324990722827,0.0,0.0,0.0,0.0,0.05118169082907033,0.006956055046125707,0.010493750359072665,0.4456694662189856,0.044656535026160966,not_applicable_to_updated_policy,243,152,62074,179910,77671,71496,30464,0.3973986993496748,0.3922184599142537,309492,127670,324448055296,133865345024,1.7202601300650324
toolagent_trace,0.02,4.0,"l1=0.02,l2x4",next_use,1,0,pi0,lru,3569307853,learned,14277231411,tree,union,9997,83026370,167732,45022008,32176527,12845481,62876,25115,1537,786944,255969,255893,76,180701,0,20173044194965.508,0,prefix_first,sampled,16,1,onpolicy,180777,1204810678.272,2560,5242880,1813037433337.8557,1341500,8416124928,3142009280937.985,2023598,15309142016,4752547569471.485,2716630,24844404736,4798614501068.805,2973417,24817659904,3379105463863.2964,2135552,18236762112,2286525135607.808,1652224,12468850688,5712,47202963,95362,18432681,7084935,25517616,13847,412672,806,59.22415566444397,9997,101,50849843,104856,12845481,25115,32966402,68308,0,0,0,0,0,0,0,0,0,0,344507,690,786944,1537,3345234,6558,3000727,5868,3906509,9206,0,0,33872184,71646,29965675,62440,0,0,0,0,0,0,0,0,4251016,786944,1131451,37217418,4132178,True,1.0,0.38754587247401034,0.15471567647724452,0.5422615489512549,0.009478241671892918,0.6124541275259896,0.15471567647724452,0.39705941618307533,0.0,0.0,0.0,0.0,0.004149368447638985,0.009478241671892918,0.04029122313790185,0.03614185469026286,0.04705142474613788,0.0,0.40796898623895034,0.36091756149281246,0.0,0.0,0.0,0.0,0.05120079319377687,0.009478241671892918,0.013627610119531904,0.4482602093768522,0.049769464809794765,matched,76,70,61484,180701,78157,73022,31300,0.40410401713327543,0.40047596504471766,352171,144966,369138761728,151976998912,1.9489156119777975
toolagent_trace,0.02,4.0,"l1=0.02,l2x4",next_use,1,1,pi1,lru,3569307853,learned,14277231411,tree,union,9997,83026370,167732,45447040,32176527,13270513,62876,25946,1098,562176,255969,255870,99,180096,0,20172975991812.094,0,prefix_first,sampled,16,1,onpolicy,180195,1204810678.272,2560,5242880,1812445557596.1606,1400446,8417327104,3187561375373.312,2124394,15312001024,4772461892943.87,2828797,24853010432,4747043025915.904,3074828,24817926144,3352634733920.255,2201088,18230904832,2299624595384.3193,1638400,12461815808,5712,47202963,95362,18432681,7200642,25633323,14074,329728,644,59.09401321411133,9997,106,50849843,104856,13270513,25946,32769409,67921,0,0,0,0,0,0,0,0,0,0,292813,589,562176,1098,3144970,6166,2852157,5577,3954932,9302,0,0,33872184,71646,29917252,62344,0,0,0,0,0,0,0,0,4247745,562176,854989,37017154,3707146,True,1.0,0.38754587247401034,0.1598349175087385,0.5473807899827489,0.0067710535821330015,0.6124541275259896,0.1598349175087385,0.39468676036300276,0.0,0.0,0.0,0.0,0.003526746984120828,0.0067710535821330015,0.037879170196167794,0.03435242321204697,0.04763464908799457,0.0,0.40796898623895034,0.36033433715095575,0.0,0.0,0.0,0.0,0.0511613960721154,0.0067710535821330015,0.01029780056625383,0.44584815643511816,0.044650223778300795,not_applicable_to_updated_policy,99,63,62005,180096,77794,71634,30546,0.3977545309168444,0.3926523896444456,321071,131300,336578830336,137670662144,1.7827769633972992
toolagent_trace,0.02,4.0,"l1=0.02,l2x4",next_use,1,2,pi2,lru,3569307853,learned,14277231411,tree,union,9997,83026370,167732,45354366,32176527,13177839,62876,25765,1258,644096,255969,255698,271,179923,0,20173007418720.254,0,prefix_first,sampled,16,1,onpolicy,180194,1195373494.272,2048,5242880,1795818939758.5916,1385118,8414674944,3156950604806.1445,2108522,15302625280,4756196776404.992,2830223,24818962432,4756381391419.393,3079559,24804081664,3374562070861.821,2172881,18218594304,2331902261975.04,1599488,12459872256,5712,47202963,95362,18432681,7136095,25568776,13947,376832,736,58.383949279785156,9997,105,50849843,104856,13177839,25765,32779248,67941,0,0,0,0,0,0,0,0,0,0,291991,588,644096,1258,3155724,6187,2863733,5599,3956669,9304,0,0,33872184,71646,29915515,62342,0,0,0,0,0,0,0,0,4248660,644096,936087,37027908,3799820,True,1.0,0.38754587247401034,0.15871871792058354,0.546264590394594,0.007757728056760762,0.6124541275259896,0.15871871792058354,0.3948052648815069,0.0,0.0,0.0,0.0,0.0035168465151493434,0.007757728056760762,0.03800869530969498,0.034491848794545636,0.04765557015198906,0.0,0.40796898623895034,0.36031341608696127,0.0,0.0,0.0,0.0,0.051172416667138405,0.007757728056760762,0.011274574571910105,0.4459776815486453,0.04576642336645574,not_applicable_to_updated_policy,271,174,62014,179923,77687,71795,30422,0.3990318080512219,0.39159704969943493,327971,135144,343802855424,141703041024,1.8228408819328268
toolagent_trace,0.02,4.0,"l1=0.02,l2x4",next_use,1,3,pi3,lru,3569307853,learned,14277231411,tree,union,9997,83026370,167732,45427466,32176527,13250939,62876,25908,1147,587264,255969,255556,413,179811,0,20172972634828.797,0,prefix_first,sampled,16,1,onpolicy,180224,1195373494.272,2048,5242880,1784104267616.2563,1382935,8414316544,3162715082733.5674,2110126,15301623808,4757521185955.838,2831274,24798027776,4756850405801.985,3089164,24800991232,3373640016033.7925,2196992,18208598016,2336946303193.0864,1638400,12453646336,5712,47202963,95362,18432681,7168918,25601599,14011,355840,695,59.52655601501465,9997,100,50849843,104856,13250939,25908,32761134,67904,0,0,0,0,0,0,0,0,0,0,293828,591,587264,1147,3139456,6155,2845628,5564,3956678,9306,0,0,33872184,71646,29915506,62340,0,0,0,0,0,0,0,0,4250506,587264,881092,37011640,3726720,True,1.0,0.38754587247401034,0.15959916108580924,0.5471450335598196,0.0070732226399877534,0.6124541275259896,0.15959916108580924,0.3945870932331499,0.0,0.0,0.0,0.0,0.003538972015758367,0.0070732226399877534,0.03781275756124229,0.03427378554548392,0.04765567855128437,0.0,0.40796898623895034,0.36031330768766595,0.0,0.0,0.0,0.0,0.051194650567042733,0.0070732226399877534,0.01061219465574612,0.44578174380019264,0.044885980201230045,not_applicable_to_updated_policy,413,244,62008,179811,77574,71881,30627,0.39975863545611784,0.3948101167917086,324913,133321,340588038144,139781337088,1.8069695402394736
toolagent_trace,0.02,4.0,"l1=0.02,l2x4",next_use,2,0,pi0,lru,3569307853,learned,14277231411,tree,union,9997,83026370,167732,45037016,32176527,12860489,62876,25147,1482,758784,255969,255884,85,180782,0,20173029506453.51,0,prefix_first,sampled,16,2,onpolicy,180867,1204810678.272,2560,5242880,1815001179439.1047,1339415,8415350784,3148705053734.914,2016942,15310213120,4738152572178.433,2679392,24839979008,4807108966989.825,2957092,24819769344,3376869264216.0645,2189312,18236502016,2285987659216.897,1675776,12468850688,5712,47202963,95362,18432681,7086998,25519679,13851,401408,784,60.14797830581665,9997,103,50849843,104856,12860489,25147,32978610,68333,0,0,0,0,0,0,0,0,0,0,340238,680,758784,1482,3358386,6581,3018148,5901,3911722,9214,0,0,33872184,71646,29960462,62432,0,0,0,0,0,0,0,0,4251960,758784,1099022,37230570,4117170,True,1.0,0.38754587247401034,0.15489643832435407,0.5424423107983645,0.009139072321239625,0.6124541275259896,0.15489643832435407,0.3972064538049779,0.0,0.0,0.0,0.0,0.00409795104856445,0.009139072321239625,0.040449630641445605,0.03635167959288115,0.04711421202685364,0.0,0.40796898623895034,0.3608547742120967,0.0,0.0,0.0,0.0,0.051212163075418086,0.009139072321239625,0.013237023369804075,0.44841861688039597,0.04958870296268523,matched,85,83,61402,180782,78168,72752,31086,0.4024294454093881,0.3976819158735032,350110,144186,367005874176,151155474432,1.9366419223152747
toolagent_trace,0.02,4.0,"l1=0.02,l2x4",next_use,2,1,pi1,lru,3569307853,learned,14277231411,tree,union,9997,83026370,167732,45461895,32176527,13285368,62876,25975,1091,558592,255969,255845,124,180072,0,20173015494418.44,0,prefix_first,sampled,16,2,onpolicy,180196,1204810678.272,2560,5242880,1802348165935.1038,1393873,8419678208,3174181882114.05,2110096,15311370240,4775846865776.641,2847581,24847640576,4754932699512.837,3112762,24816691200,3358642658893.824,2187776,18222682112,2305858411507.714,1630720,12464590848,5712,47202963,95362,18432681,7251147,25683828,14172,280576,548,59.42124795913696,9997,105,50849843,104856,13285368,25975,32758202,67898,0,0,0,0,0,0,0,0,0,0,293191,590,558592,1091,3133699,6144,2840508,5554,3954490,9302,0,0,33872184,71646,29917694,62344,0,0,0,0,0,0,0,0,4247681,558592,851783,37005883,3692291,True,1.0,0.38754587247401034,0.16001383656782778,0.5475597090418381,0.006727886573868037,0.6124541275259896,0.16001383656782778,0.3945517791516117,0.0,0.0,0.0,0.0,0.0035312997545237737,0.006727886573868037,0.03774341814534346,0.03421211839081969,0.047629325478158326,0.0,0.40796898623895034,0.36033966076079205,0.0,0.0,0.0,0.0,0.0511606252326821,0.006727886573868037,0.01025918632839181,0.4457124043842938,0.0444713047192115,not_applicable_to_updated_policy,124,73,61982,180072,77754,71845,30622,0.3989792971700209,0.3938318285875968,323414,132929,339022471168,139369967616,1.796026034030832
toolagent_trace,0.02,4.0,"l1=0.02,l2x4",next_use,2,2,pi2,lru,3569307853,learned,14277231411,tree,union,9997,83026370,167732,45346325,32176527,13169798,62876,25749,1316,673792,255969,255671,298,179811,0,20172987835965.434,0,prefix_first,sampled,16,2,onpolicy,180109,1204810678.272,2560,5242880,1843947431772.1604,1402345,8417927168,3225376249106.4287,2122045,15310272512,4788426946387.965,2825205,24822366208,4743575270156.288,3065195,24801701888,3317549713940.48,2167808,18213425152,2252907413923.8394,1584640,12455237632,5712,47202963,95362,18432681,7110566,25543247,13897,410624,802,59.22122597694397,9997,101,50849843,104856,13169798,25749,32755182,67895,0,0,481,1,0,0,481,1,0,0,287472,579,673792,1316,3133588,6144,2846116,5565,3963118,9316,0,0,33872184,71646,29909066,62330,0,0,0,0,0,0,0,0,4251071,673792,961745,37006253,3807861,True,1.0,0.38754587247401034,0.15862186917240872,0.5461677416464191,0.008115397553813325,0.6124541275259896,0.15862186917240872,0.3945154051658527,5.793340115917388e-06,0.0,5.793340115917388e-06,0.0,0.003462418024538469,0.008115397553813325,0.03774208122070133,0.03427966319616286,0.047733244269260476,0.0,0.40796898623895034,0.3602357419696899,0.0,0.0,0.0,0.0,0.051201455633914865,0.008115397553813325,0.01158360891846771,0.4457168607997676,0.045863272114630566,not_applicable_to_updated_policy,298,183,62129,179811,77640,71403,30498,0.39710028863640157,0.3928129829984544,312157,129111,327253184512,135378860032,1.7360283853601837
toolagent_trace,0.02,4.0,"l1=0.02,l2x4",next_use,2,3,pi3,lru,3569307853,learned,14277231411,tree,union,9997,83026370,167732,45484676,32176527,13308149,62876,26020,1064,544744,255969,255758,211,179865,0,20172986414178.305,0,prefix_first,sampled,16,2,onpolicy,180076,1204810678.272,2560,5242880,1820021284034.5603,1398137,8415522816,3196928209571.838,2123920,15308810240,4779833680467.968,2847095,24828608512,4740692377055.232,3102581,24807649280,3347676175433.73,2214400,18220441600,2286629876936.7046,1619456,12462526464,5712,47202963,95362,18432681,7184479,25617160,14041,346088,676,58.947360038757324,9997,104,50849843,104856,13308149,26020,32748019,67879,0,0,418,1,0,0,418,1,0,0,291335,586,544744,1064,3124348,6125,2833013,5539,3957178,9306,0,0,33872184,71646,29915006,62340,0,0,0,0,0,0,0,0,4248931,544744,836497,36996950,3669510,True,1.0,0.38754587247401034,0.1602882192729852,0.5478340917469956,0.006561096191487114,0.6124541275259896,0.1602882192729852,0.39442913137115354,5.0345450487598095e-06,0.0,5.0345450487598095e-06,0.0,0.0035089454109579884,0.006561096191487114,0.037630791277518214,0.034121845866560224,0.04766170073435705,0.0,0.40796898623895034,0.3603072855045933,0.0,0.0,0.0,0.0,0.051175680690363795,0.006561096191487114,0.010075076147493863,0.4456048120615173,0.04419692201405409,not_applicable_to_updated_policy,211,135,62125,179865,77675,71585,30442,0.39799293914880607,0.39191503057611843,316658,130271,331935342592,136586246144,1.7605315097434187
toolagent_trace,0.02,4.0,"l1=0.02,l2x4",next_use,3,0,pi0,lru,3569307853,learned,14277231411,tree,union,9997,83026370,167732,45042118,32176527,12865591,62876,25156,1506,771072,255969,255891,78,180687,0,20173050439094.273,0,prefix_first,sampled,16,3,onpolicy,180765,1204810678.272,2560,5242880,1812764794513.4082,1339964,8414115840,3152480112656.3843,2026301,15311116288,4748931000582.143,2685262,24844578816,4798818727315.458,2976159,24818067456,3377754580142.079,2171857,18235912192,2281096413206.53,1663488,12468850688,5712,47202963,95362,18432681,7071170,25503851,13820,418304,817,60.11581993103027,9997,101,50849843,104856,12865591,25156,32961037,68298,0,0,0,0,0,0,0,0,0,0,345286,690,771072,1506,3340996,6548,2995710,5858,3906857,9206,0,0,33872184,71646,29965327,62440,0,0,0,0,0,0,0,0,4252143,771072,1116358,37213180,4112068,True,1.0,0.38754587247401034,0.15495788868042767,0.542503761154438,0.00928707349243379,0.6124541275259896,0.15495788868042767,0.3969947981587055,0.0,0.0,0.0,0.0,0.004158751008866219,0.00928707349243379,0.04024017911417782,0.0360814281053116,0.04705561618555647,0.0,0.40796898623895034,0.36091337005339386,0.0,0.0,0.0,0.0,0.05121436719442269,0.00928707349243379,0.013445824501300009,0.44820916535312816,0.04952725260661161,matched,78,73,61499,180687,78148,72881,31086,0.4033549729642974,0.3977836924809336,349288,142584,366120820736,149464156160,1.933110849147974
toolagent_trace,0.02,4.0,"l1=0.02,l2x4",next_use,3,1,pi1,lru,3569307853,learned,14277231411,tree,union,9997,83026370,167732,45358297,32176527,13181770,62876,25775,1243,636416,255969,255905,64,180103,0,20173011158767.613,0,prefix_first,sampled,16,3,onpolicy,180167,1204810678.272,2560,5242880,1800109225269.2478,1390457,8417943552,3167646663901.1846,2104426,15312265216,4776012788088.831,2814556,24855930880,4746038698418.177,3055930,24819437568,3366322086582.2705,2184657,18235688960,2315676885829.632,1629184,12467296256,5712,47202963,95362,18432681,7143037,25575718,13961,358912,701,59.62798571586609,9997,110,50849843,104856,13181770,25775,32785337,67951,0,0,0,0,0,0,0,0,0,0,294204,590,636416,1243,3159473,6192,2865269,5602,3952116,9297,0,0,33872184,71646,29920068,62349,0,0,0,0,0,0,0,0,4246320,636416,930620,37031657,3795889,True,1.0,0.38754587247401034,0.15876606432390095,0.5463119367979113,0.007665227324764409,0.6124541275259896,0.15876606432390095,0.39487860302696604,0.0,0.0,0.0,0.0,0.003543500697429022,0.007665227324764409,0.03805384963837393,0.03451034894094491,0.047600732152929245,0.0,0.40796898623895034,0.3603682540860211,0.0,0.0,0.0,0.0,0.05114423285035827,0.007665227324764409,0.01120872802219343,0.4460228358773243,0.04571907696313834,not_applicable_to_updated_policy,64,38,61976,180103,77825,71715,30406,0.3981888141785534,0.3906970767748153,321344,131614,336831541248,137987622912,1.7842234721242844
toolagent_trace,0.02,4.0,"l1=0.02,l2x4",next_use,3,2,pi2,lru,3569307853,learned,14277231411,tree,union,9997,83026370,167732,45479680,32176527,13303153,62876,26007,1114,570368,255969,254894,1075,179042,0,20173011067232.258,0,prefix_first,sampled,16,3,onpolicy,180117,1204810678.272,2560,5242880,1805111176374.2708,1397625,8404822016,3175944427429.886,2128490,15286630400,4755242637309.954,2840706,24679467008,4750985873055.746,3073292,24756539392,3367685201606.6567,2207232,18179346432,2316836940777.4717,1653248,12437663744,5712,47202963,95362,18432681,7206708,25639389,14084,338432,661,59.262706995010376,9997,99,50849843,104856,13303153,26007,32726080,67837,0,0,1310,4,0,0,1310,4,0,0,287920,581,570368,1114,3102828,6085,2814908,5504,3961012,9313,0,0,33872184,71646,29911172,62333,0,0,0,0,0,0,0,0,4250242,570368,859598,36976322,3674506,True,1.0,0.38754587247401034,0.16022804561972298,0.5477739180937333,0.006869721029595778,0.6124541275259896,0.16022804561972298,0.3941648900222905,1.57781196504195e-05,0.0,1.57781196504195e-05,0.0,0.0034678139005715897,0.006869721029595778,0.0373715965180701,0.03390378261749851,0.047707878834158356,0.0,0.40796898623895034,0.360261107404792,0.0,0.0,0.0,0.0,0.05119147085438036,0.006869721029595778,0.010353313049817786,0.44535636087667085,0.0442570956673163,not_applicable_to_updated_policy,1075,578,62117,179042,77184,71552,30430,0.3996380737480591,0.39425269485903813,321782,131939,337317851136,138340114432,1.7972431049697837
toolagent_trace,0.02,4.0,"l1=0.02,l2x4",next_use,3,3,pi3,lru,3569307853,learned,14277231411,tree,union,9997,83026370,167732,45430065,32176527,13253538,62876,25914,1165,596480,255969,255784,185,179898,0,20173000610451.457,0,prefix_first,sampled,16,3,onpolicy,180083,1204810678.272,2560,5242880,1824707294439.424,1404801,8418840576,3207242715830.274,2127466,15308965888,4788866234607.614,2833533,24831975424,4740970627561.473,3081530,24816926720,3336217192333.312,2183168,18224588800,2273791735001.0884,1620480,12457506816,5712,47202963,95362,18432681,7180304,25612985,14034,353280,690,59.90894556045532,9997,106,50849843,104856,13253538,25914,32751059,67886,0,0,22,1,0,0,22,1,0,0,296327,594,596480,1165,3127619,6130,2831292,5536,3952417,9296,0,0,33872184,71646,29919767,62350,0,0,0,0,0,0,0,0,4248766,596480,892829,36999825,3724121,True,1.0,0.38754587247401034,0.15963046439342102,0.5471763368674314,0.007184223518383376,0.6124541275259896,0.15963046439342102,0.3944657462442354,2.649760551978847e-07,0.0,2.649760551978847e-07,0.0,0.0035690708867556174,0.007184223518383376,0.03767018839917968,0.03410111751242406,0.047604357507139,0.0,0.40796898623895034,0.36036462873181135,0.0,0.0,0.0,0.0,0.05117369336994981,0.007184223518383376,0.010753559381194192,0.44563943961418523,0.04485467689361826,not_applicable_to_updated_policy,185,118,62111,179898,77703,71459,30246,0.39721953551456934,0.3892513802555886,313411,127026,328532971520,133186437120,1.7421594459082368
toolagent_trace,0.02,4.0,"l1=0.02,l2x4",next_use,4,0,pi0,lru,3569307853,learned,14277231411,tree,union,9997,83026370,167732,44991467,32176527,12814940,62876,25057,1589,813568,255969,255884,85,180739,0,20172988330913.793,0,prefix_first,sampled,16,4,onpolicy,180824,1204810678.272,2560,5242880,1814423850639.3604,1352756,8415780864,3157624267010.047,2034229,15312046080,4737240407089.153,2702590,24842094592,4805759393085.438,2961700,24819486720,3376437648351.2334,2138577,18237853696,2280297954060.289,1622528,12469182464,5712,47202963,95362,18432681,7021737,25454418,13724,458240,895,60.38449573516846,9997,102,50849843,104856,12814940,25057,32970954,68315,0,0,0,0,0,0,0,0,0,0,339353,680,813568,1589,3349151,6564,3009798,5884,3911028,9215,0,0,33872184,71646,29961156,62431,0,0,0,0,0,0,0,0,4250381,813568,1152921,37221335,4162719,True,1.0,0.38754587247401034,0.15434782949079912,0.5418937019648095,0.00979891087614694,0.6124541275259896,0.15434782949079912,0.397114242137769,0.0,0.0,0.0,0.0,0.004087291784525808,0.00979891087614694,0.04033840092009322,0.03625110913556741,0.047105853236748756,0.0,0.40796898623895034,0.3608631330022016,0.0,0.0,0.0,0.0,0.05119314502127457,0.00979891087614694,0.013886202660672748,0.44830738715904356,0.05013731179624016,matched,85,77,61440,180739,78159,73093,31201,0.40441188675382733,0.39919906856536036,350528,142816,367417186304,149709035520,1.9394154001073372
toolagent_trace,0.02,4.0,"l1=0.02,l2x4",next_use,4,1,pi1,lru,3569307853,learned,14277231411,tree,union,9997,83026370,167732,45340104,32176527,13163577,62876,25738,1324,677888,255969,255845,124,179982,0,20173019982612.477,0,prefix_first,sampled,16,4,onpolicy,180106,1204810678.272,2560,5242880,1804450313129.9844,1397308,8417073152,3179382866245.63,2115178,15305955328,4771863961335.808,2825999,24850305024,4749396241494.016,3055236,24817303552,3357827173924.8647,2155520,18230304768,2308894615803.902,1611776,12462538752,5712,47202963,95362,18432681,7136834,25569515,13949,401920,785,59.225581407547,9997,106,50849843,104856,13163577,25738,32760133,67903,0,0,0,0,0,0,512,1,512,1,293157,590,677888,1324,3135682,6147,2842525,5557,3955088,9301,0,0,33872184,71646,29917096,62345,0,0,0,0,0,0,0,0,4248245,677888,971045,37008378,3814082,True,1.0,0.38754587247401034,0.15854694117061843,0.5460928136446288,0.008164731277544713,0.6124541275259896,0.15854694117061843,0.3945750368226384,0.0,0.0,6.166715466423499e-06,6.166715466423499e-06,0.0035308902460748316,0.008164731277544713,0.03776730212340971,0.03423641187733487,0.04763652800911325,0.0,0.40796898623895034,0.3603324582298371,0.0,0.0,0.0,0.0,0.05116741825518808,0.008164731277544713,0.011695621523619543,0.4457424550778265,0.045938200116420844,not_applicable_to_updated_policy,124,71,62072,179982,77744,71789,30614,0.3988676645442322,0.39377958427660015,322992,133493,338564024320,139966461952,1.7945794579457945
toolagent_trace,0.02,4.0,"l1=0.02,l2x4",next_use,4,2,pi2,lru,3569307853,learned,14277231411,tree,union,9997,83026370,167732,45371734,32176527,13195207,62876,25796,1279,654848,255969,255516,453,179625,0,20172972847650.816,0,prefix_first,sampled,16,4,onpolicy,180078,1204810678.272,2560,5242880,1770721699188.7349,1383908,8406847488,3140236180291.585,2109493,15284484096,4739186797563.905,2820153,24791044096,4761783163262.974,3078517,24794884096,3397756823076.8657,2164224,18212818944,2362083373588.48,1636352,12458768384,5712,47202963,95362,18432681,7130531,25563212,13935,410624,802,59.37428903579712,9997,97,50849843,104856,13195207,25796,32748847,67881,0,0,0,0,0,0,0,0,0,0,301047,608,654848,1279,3127604,6135,2826557,5527,3949894,9292,0,0,33872184,71646,29922290,62354,0,0,0,0,0,0,0,0,4250941,654848,955895,36999788,3782452,True,1.0,0.38754587247401034,0.15892790447179614,0.5464737769458065,0.007887229081555655,0.6124541275259896,0.15892790447179614,0.3944391041063219,0.0,0.0,0.0,0.0,0.003625920294961709,0.007887229081555655,0.037670007733687505,0.03404408743872579,0.047573969571354256,0.0,0.40796898623895034,0.3603950166675961,0.0,0.0,0.0,0.0,0.05119988986631597,0.007887229081555655,0.011513149376517364,0.44563899397263784,0.04555723681524316,not_applicable_to_updated_policy,453,280,62165,179625,77515,72021,30701,0.4009519832985386,0.3960652776881894,333401,136469,349506779136,143092340736,1.8560946416144746
toolagent_trace,0.02,4.0,"l1=0.02,l2x4",next_use,4,3,pi3,lru,3569307853,learned,14277231411,tree,union,9997,83026370,167732,45361418,32176527,13184891,62876,25779,1240,634880,255969,255775,194,179948,0,20172995706046.473,0,prefix_first,sampled,16,4,onpolicy,180142,1204810678.272,2560,5242880,1779247964268.5444,1387209,8415483904,3155637911025.6636,2110126,15301822464,4749545931517.955,2825541,24830855168,4759087650279.426,3072703,24814258176,3386921316001.7935,2162688,18228477952,2341350122274.817,1624064,12463415296,5712,47202963,95362,18432681,7157678,25590359,13990,367616,718,58.2720890045166,9997,102,50849843,104856,13184891,25779,32779852,67942,0,0,480,1,0,0,635,2,155,1,303619,611,634880,1240,3157253,6189,2853634,5578,3946121,9283,0,0,33872184,71646,29926063,62363,0,0,0,0,0,0,0,0,4250220,634880,938979,37030072,3792768,True,1.0,0.38754587247401034,0.15880365479064062,0.546349527264651,0.0076467271783651385,0.6124541275259896,0.15880365479064062,0.3948125396786587,5.7812957497720305e-06,0.0,7.648172502302582e-06,1.8668767525305514e-06,0.003656898404687571,0.0076467271783651385,0.038027111145531235,0.03437021274084366,0.04752852617788782,0.0,0.40796898623895034,0.3604404600610625,0.0,0.0,0.0,0.0,0.051191205878325166,0.0076467271783651385,0.011309406878802481,0.4460037455569839,0.04568148649639867,not_applicable_to_updated_policy,194,115,62072,179948,77756,72024,30680,0.40024896081090094,0.3945676217912444,331299,136299,347261417472,142896965632,1.8410818680952274
