trace,l1_fraction,l2_multiplier,cell,target,seed,iteration,policy,l2_admissions,l2_rejections,l2_evictions,l2_decisions,l1_evictions,removal_rejections,removal_rejections_window,removal_promotions,resident_evictions,resident_evictions_window,evictions_with_orphans,evictions_with_orphans_window,share_evictions_with_orphans,share_evictions_with_orphans_window,orphaned_blocks,orphaned_blocks_window,orphaned_bytes,orphaned_bytes_window,orphaned_blocks_per_eviction
conversation_trace,0.0025,1.0,"l1=0.0025,l2x1",binary,0,0,pi0,60944,214888,53922,268810,275832,214888,89332,6580,53922,20289,14916,5050,0.2766217870257038,0.24890334664103703,43548,14753,45512816640,15412011008,0.8076109936575053
conversation_trace,0.0025,1.0,"l1=0.0025,l2x1",binary,0,1,pi1,44029,231803,37685,269488,275832,231803,98120,5901,37685,12540,12781,3607,0.3391535093538543,0.28763955342902714,74500,18880,77759571968,19746551808,1.976913891468754
conversation_trace,0.0025,1.0,"l1=0.0025,l2x1",binary,0,2,pi2,43579,232253,36765,269018,275832,232253,97227,6372,36765,12869,11893,3616,0.3234870121039032,0.28098531354417594,100116,27113,104382679040,28328898560,2.7231334149326805
conversation_trace,0.0025,1.0,"l1=0.0025,l2x1",binary,0,3,pi3,37777,238055,32171,270226,275832,238055,103100,5163,32171,8171,9882,1564,0.3071710546765721,0.19140864031330315,66028,6581,68811642880,6869454848,2.052407447701346
conversation_trace,0.0025,1.0,"l1=0.0025,l2x1",binary,1,0,pi0,60571,215261,53573,268834,275832,215261,89397,6556,53573,20225,14760,5090,0.2755119183170627,0.25166872682323854,42894,14978,44836759552,15639826432,0.8006645138409273
conversation_trace,0.0025,1.0,"l1=0.0025,l2x1",binary,1,1,pi1,43544,232288,37247,269535,275832,232288,98547,5854,37247,12165,12431,3390,0.333744999597283,0.2786683107274969,71316,16982,74445268992,17749067776,1.9146776921631272
conversation_trace,0.0025,1.0,"l1=0.0025,l2x1",binary,1,2,pi2,44056,231776,37205,268981,275832,231776,96710,6409,37205,13298,12236,3866,0.3288805268109125,0.2907204090840728,105636,33371,110256451584,34902571008,2.8392957935761323
conversation_trace,0.0025,1.0,"l1=0.0025,l2x1",binary,1,3,pi3,36750,239082,31094,270176,275832,239082,103561,5213,31094,7705,9677,1450,0.31121759825046635,0.18818948734587929,60556,5633,63137415168,5874939904,1.9475139898372675
conversation_trace,0.0025,1.0,"l1=0.0025,l2x1",binary,2,0,pi0,60918,214914,53914,268828,275832,214914,89503,6562,53914,20123,14926,5115,0.27684831398152615,0.2541867514784078,43482,15063,45455413248,15736915968,0.8065066587528286
conversation_trace,0.0025,1.0,"l1=0.0025,l2x1",binary,2,1,pi1,44987,230845,38594,269439,275832,230845,97950,5950,38594,12711,13206,3743,0.3421775405503446,0.2944693572496263,80585,19433,84139913216,20321323008,2.088018863035705
conversation_trace,0.0025,1.0,"l1=0.0025,l2x1",binary,2,2,pi2,44224,231608,37419,269027,275832,231608,96938,6363,37419,13135,12369,3876,0.33055399663272667,0.29508945565283595,109922,32035,114714327040,33505959936,2.9375985461931107
conversation_trace,0.0025,1.0,"l1=0.0025,l2x1",binary,2,3,pi3,38219,237613,32574,270187,275832,237613,102712,5202,32574,8484,10202,1737,0.3131945723583226,0.20473833097595473,71091,7223,74104713216,7531618304,2.1824461226745258
conversation_trace,0.0025,1.0,"l1=0.0025,l2x1",next_use,1,0,pi0,58828,217004,50849,267853,275832,217004,90803,7537,50849,18659,13905,4690,0.2734567051466106,0.25135323436411383,39953,13435,41743341568,14020917248,0.7857184998721706
conversation_trace,0.0025,1.0,"l1=0.0025,l2x1",next_use,1,1,pi1,43183,232649,35727,268376,275832,232649,96137,7009,35727,13831,12490,4586,0.34959554398634085,0.33157400043380814,65281,20103,67987148800,20994197504,1.8272175105662385
conversation_trace,0.0025,1.0,"l1=0.0025,l2x1",next_use,1,2,pi2,46216,229616,39133,268749,275832,229616,96604,6641,39133,13647,12519,4016,0.31990902818593003,0.29427713050487286,71052,20188,74118256640,21098983424,1.815654307106534
conversation_trace,0.0025,1.0,"l1=0.0025,l2x1",next_use,1,3,pi3,48665,227167,41466,268633,275832,227167,94645,6755,41466,15279,14658,5135,0.35349442917088697,0.33608220433274427,95873,30230,99897640960,31574515712,2.3120870110451937
conversation_trace,0.0025,1.0,"l1=0.0025,l2x1",next_use,0,0,pi0,59163,216669,51203,267872,275832,216669,90658,7518,51203,18822,14007,4774,0.27355818994980763,0.25363935819785355,40316,13890,42105673728,14495414272,0.7873757397027518
conversation_trace,0.0025,1.0,"l1=0.0025,l2x1",next_use,0,1,pi1,42973,232859,35547,268406,275832,232859,96400,6982,35547,13586,12360,4454,0.34770866739809264,0.327837479758575,64519,19281,67218317312,20132624384,1.8150336174642023
conversation_trace,0.0025,1.0,"l1=0.0025,l2x1",next_use,0,2,pi2,46360,229472,39338,268810,275832,229472,96297,6579,39338,13977,12901,4170,0.32795261579134677,0.2983472848250698,70808,19181,73768749056,20029990912,1.7999898317148812
conversation_trace,0.0025,1.0,"l1=0.0025,l2x1",next_use,0,3,pi3,49315,226517,42095,268612,275832,226517,94627,6776,42095,15281,14821,5100,0.3520845706140872,0.33374779137491,98566,31044,102653681664,32433950720,2.341513243853189
conversation_trace,0.0025,1.0,"l1=0.0025,l2x1",next_use,4,0,pi0,59233,216599,51241,267840,275832,216599,90720,7550,51241,18748,13935,4712,0.27195019613200366,0.25133347557072755,40764,14344,42591326208,14985451520,0.7955348256279151
conversation_trace,0.0025,1.0,"l1=0.0025,l2x1",next_use,4,1,pi1,42903,232929,35462,268391,275832,232929,96296,6996,35462,13691,12264,4462,0.34583497828661663,0.32590753049448545,61644,19282,64205619200,20119691264,1.7383114319553326
conversation_trace,0.0025,1.0,"l1=0.0025,l2x1",next_use,4,2,pi2,44934,230898,37820,268718,275832,230898,96980,6671,37820,13270,12453,3997,0.3292702273929138,0.30120572720422006,69167,19280,72056258560,20139694080,1.8288471708090956
conversation_trace,0.0025,1.0,"l1=0.0025,l2x1",next_use,4,3,pi3,49974,225858,42794,268652,275832,225858,94641,6736,42794,15346,15140,5136,0.3537879141935785,0.3346800469177636,97524,30105,101533214720,31440275456,2.2789176052717672
conversation_trace,0.0025,1.0,"l1=0.0025,l2x1",next_use,2,0,pi0,59096,216736,51131,267867,275832,216736,90709,7523,51131,18781,14045,4780,0.27468658934892726,0.25451253926840955,40583,13956,42398523392,14577680384,0.7937063620895347
conversation_trace,0.0025,1.0,"l1=0.0025,l2x1",next_use,2,1,pi1,42852,232980,35419,268399,275832,232980,96125,6987,35419,13811,12373,4555,0.34933227928512944,0.32980957208022593,64899,20301,67604606976,21193385984,1.8323216352804992
conversation_trace,0.0025,1.0,"l1=0.0025,l2x1",next_use,2,2,pi2,44593,231239,37525,268764,275832,231239,97335,6625,37525,12966,12046,3757,0.3210126582278481,0.28975782816597256,62077,17253,64606799872,18017239040,1.6542838107928048
conversation_trace,0.0025,1.0,"l1=0.0025,l2x1",next_use,2,3,pi3,49862,225970,42644,268614,275832,225970,94269,6775,42644,15631,14976,5130,0.35118656786417785,0.32819397351417057,97309,29693,101318492160,30988539904,2.2818919425945032
conversation_trace,0.0025,1.0,"l1=0.0025,l2x1",next_use,3,0,pi0,59126,216706,51176,267882,275832,216706,90780,7508,51176,18713,14093,4776,0.2753829920275129,0.2552236413188692,40550,13833,42378172416,14450905088,0.7923636079412224
conversation_trace,0.0025,1.0,"l1=0.0025,l2x1",next_use,3,1,pi1,44621,231211,37202,268413,275832,231211,95482,6973,37202,14464,12886,4686,0.3463792269232837,0.3239767699115044,66745,22270,69564715008,23260399616,1.7941239718294715
conversation_trace,0.0025,1.0,"l1=0.0025,l2x1",next_use,3,2,pi2,45449,230383,38367,268750,275832,230383,96867,6639,38367,13415,12590,4017,0.3281465843042198,0.2994409243384271,66454,19349,69151522816,20199487488,1.7320614069382543
conversation_trace,0.0025,1.0,"l1=0.0025,l2x1",next_use,3,3,pi3,49681,226151,42501,268652,275832,226151,94581,6737,42501,15348,14941,5062,0.3515446695371874,0.3298149596038572,95152,29032,99108386816,30303582208,2.2388179101668197
conversation_trace,0.0025,1.0,"l1=0.0025,l2x1",binary,4,0,pi0,61028,214804,53975,268779,275832,214804,89365,6611,53975,20258,14925,5177,0.2765169059749884,0.25555336163490966,43608,15098,45583124480,15783917568,0.8079295970356647
conversation_trace,0.0025,1.0,"l1=0.0025,l2x1",binary,4,1,pi1,44418,231414,38083,269497,275832,231414,98262,5892,38083,12432,12950,3617,0.3400467400152299,0.29094272844272845,75649,18952,78975903744,19808546816,1.9864243888349131
conversation_trace,0.0025,1.0,"l1=0.0025,l2x1",binary,4,2,pi2,43963,231869,37117,268986,275832,231869,96836,6404,37117,13200,12287,3857,0.3310342969528787,0.2921969696969697,106835,31227,111422924800,32645091328,2.8783306840531293
conversation_trace,0.0025,1.0,"l1=0.0025,l2x1",binary,4,3,pi3,38498,237334,32864,270198,275832,237334,102704,5191,32864,8521,10366,1746,0.315421129503408,0.2049055275202441,69826,8533,72804200448,8911880192,2.1246957156767285
conversation_trace,0.0025,1.0,"l1=0.0025,l2x1",binary,3,0,pi0,60528,215304,53540,268844,275832,215304,89412,6546,53540,20196,14898,5099,0.27825924542398206,0.25247573776985544,43717,14833,45690273792,15486349312,0.8165296974224878
conversation_trace,0.0025,1.0,"l1=0.0025,l2x1",binary,3,1,pi1,44637,231195,38196,269391,275832,231195,97745,5998,38196,12872,12946,3746,0.33893601424232905,0.2910192666252331,81369,21548,84952954880,22540472320,2.130301602262017
conversation_trace,0.0025,1.0,"l1=0.0025,l2x1",binary,3,2,pi2,44213,231619,37389,269008,275832,231619,96923,6382,37389,13144,12270,3705,0.32817138730642703,0.2818776628119294,104735,28431,109250807808,29725405184,2.8012249592126026
conversation_trace,0.0025,1.0,"l1=0.0025,l2x1",binary,3,3,pi3,37697,238135,32072,270207,275832,238135,102722,5182,32072,8477,9964,1688,0.31067597904714395,0.19912704966379616,67764,7634,70602231808,7964147712,2.1128710401596407
conversation_trace,0.0025,4.0,"l1=0.0025,l2x4",next_use,0,0,pi0,98123,177709,76782,254491,275832,177709,76320,19570,76782,27941,25476,8667,0.33179651480815814,0.31018932751154216,87601,29565,91485515776,30850426880,1.1409054205412728
conversation_trace,0.0025,4.0,"l1=0.0025,l2x4",next_use,0,1,pi1,96023,179809,75895,255704,275832,179809,77323,18354,75895,27348,29169,9859,0.38433361881546874,0.3605016820242797,132295,39414,138278404096,41184301056,1.7431319586270506
conversation_trace,0.0025,4.0,"l1=0.0025,l2x4",next_use,0,2,pi2,94634,181198,74261,255459,275832,181198,77847,18602,74261,26755,28451,9500,0.38312169240920535,0.35507381797794807,149245,43414,156160921600,45377683456,2.0097359313771697
conversation_trace,0.0025,4.0,"l1=0.0025,l2x4",next_use,0,3,pi3,96167,179665,76007,255672,275832,179665,77565,18389,76007,27153,29538,9734,0.3886221005959977,0.35848709166574594,145892,43000,152254658560,44905592832,1.9194547870590866
conversation_trace,0.0025,4.0,"l1=0.0025,l2x4",binary,0,0,pi0,111342,164490,90927,255417,275832,164490,69835,18644,90927,34455,33937,12429,0.37323347300581783,0.3607313887679582,116492,42278,121821091840,44192749568,1.2811596115565234
conversation_trace,0.0025,4.0,"l1=0.0025,l2x4",binary,0,1,pi1,90319,185513,71915,257428,275832,185513,81615,16633,71915,24101,28227,8246,0.3925050406730168,0.3421434795236712,152009,32818,158597238784,34215325696,2.1137314885628866
conversation_trace,0.0025,4.0,"l1=0.0025,l2x4",binary,0,2,pi2,95555,180277,75567,255844,275832,180277,75811,18217,75567,28983,31093,11156,0.41146267550650417,0.38491529517303247,261462,74156,273710043136,77622614016,3.4600023819921395
conversation_trace,0.0025,4.0,"l1=0.0025,l2x4",binary,0,3,pi3,89106,186726,71888,258614,275832,186726,82118,15447,71888,24289,28277,8334,0.39334798575561986,0.343118283996871,190083,41899,198401159168,43767138304,2.6441547963498775
conversation_trace,0.0025,4.0,"l1=0.0025,l2x4",next_use,1,0,pi0,98014,177818,76724,254542,275832,177818,76043,19519,76724,28252,25334,8754,0.33019654866795267,0.30985416961631035,87466,29908,91323443200,31203766272,1.1400083415880298
conversation_trace,0.0025,4.0,"l1=0.0025,l2x4",next_use,1,1,pi1,96246,179586,76237,255823,275832,179586,76666,18235,76237,28105,29717,10226,0.38979760483754605,0.3638498487813556,134579,40977,140667809792,42818381824,1.7652714561171086
conversation_trace,0.0025,4.0,"l1=0.0025,l2x4",next_use,1,2,pi2,93715,182117,73432,255549,275832,182117,78146,18512,73432,26508,28492,9564,0.3880052293278135,0.3607967406066093,147575,43103,154330636288,45038006272,2.0096824272796603
conversation_trace,0.0025,4.0,"l1=0.0025,l2x4",next_use,1,3,pi3,95246,180586,74975,255561,275832,180586,77792,18499,74975,26859,28814,9515,0.3843147715905302,0.35425741837000635,130882,38717,136837558272,40441696256,1.745675225075025
conversation_trace,0.0025,4.0,"l1=0.0025,l2x4",next_use,4,0,pi0,97804,178028,76555,254583,275832,178028,76305,19478,76555,28005,25407,8687,0.33187904121220035,0.31019460810569544,87911,29458,91769178112,30726201344,1.1483377963555614
conversation_trace,0.0025,4.0,"l1=0.0025,l2x4",next_use,4,1,pi1,95020,180812,75092,255904,275832,180812,77266,18155,75092,27473,29998,10232,0.39948330048473873,0.3724383940596222,142378,42888,148600133632,44764983296,1.8960475150482075
conversation_trace,0.0025,4.0,"l1=0.0025,l2x4",next_use,4,2,pi2,94395,181437,73917,255354,275832,181437,77635,18706,73917,26879,28654,9633,0.3876510139751343,0.3583838684474869,150611,43030,157519990784,44965505024,2.0375691654152632
conversation_trace,0.0025,4.0,"l1=0.0025,l2x4",next_use,4,3,pi3,95485,180347,75333,255680,275832,180347,77266,18380,75333,27450,29671,10100,0.3938645746220116,0.3679417122040073,147619,43246,154295570432,45185161216,1.959552918375745
conversation_trace,0.0025,4.0,"l1=0.0025,l2x4",next_use,2,0,pi0,97628,178204,76286,254490,275832,178204,76369,19570,76286,27880,25269,8619,0.3312403324332119,0.30914634146341463,88131,29300,92051253248,30581710848,1.1552709540413706
conversation_trace,0.0025,4.0,"l1=0.0025,l2x4",next_use,2,1,pi1,94777,181055,74617,255672,275832,181055,77206,18385,74617,27494,28954,9890,0.3880348982135438,0.35971484687568195,134187,40525,140225214464,42346725376,1.7983435410161224
conversation_trace,0.0025,4.0,"l1=0.0025,l2x4",next_use,2,2,pi2,94407,181425,74114,255539,275832,181425,77689,18522,74114,26904,28652,9589,0.38659362603556685,0.3564154029140648,149779,43898,156503906304,45871390720,2.020927220228297
conversation_trace,0.0025,4.0,"l1=0.0025,l2x4",next_use,2,3,pi3,94780,181052,74456,255508,275832,181052,77718,18553,74456,26891,28797,9642,0.38676533791769635,0.3585586255624558,135726,40725,141867988992,42549962752,1.822902116686365
conversation_trace,0.0025,4.0,"l1=0.0025,l2x4",next_use,3,0,pi0,98250,177582,76959,254541,275832,177582,76143,19520,76959,28145,25323,8600,0.32904533582816825,0.3055604903179961,87026,28903,90851911680,30141083648,1.130809911771203
conversation_trace,0.0025,4.0,"l1=0.0025,l2x4",next_use,3,1,pi1,95782,180050,75670,255720,275832,180050,77089,18339,75670,27560,29421,9986,0.38880666049953744,0.3623367198838897,137335,41309,143530545152,43150833664,1.8149200475749967
conversation_trace,0.0025,4.0,"l1=0.0025,l2x4",next_use,3,2,pi2,93843,181989,73430,255419,275832,181989,78195,18641,73430,26373,28519,9523,0.3883834944845431,0.36108899253023924,143950,42554,150408978432,44454256640,1.9603704208089336
conversation_trace,0.0025,4.0,"l1=0.0025,l2x4",next_use,3,3,pi3,98255,177577,78161,255738,275832,177577,76528,18322,78161,28241,30590,10314,0.3913716559409424,0.3652136963988527,144362,43499,151010627584,45465221120,1.8469825104591804
conversation_trace,0.0025,4.0,"l1=0.0025,l2x4",binary,1,0,pi0,111196,164636,90739,255375,275832,164636,69766,18686,90739,34497,33925,12369,0.3738745192254709,0.3585529176450126,118579,42896,124008126464,44837009408,1.3068140490858395
conversation_trace,0.0025,4.0,"l1=0.0025,l2x4",binary,1,1,pi1,89535,186297,71145,257442,275832,186297,82266,16619,71145,23482,27965,7994,0.3930704898446834,0.3404309684013287,146772,31575,153108695040,32909692928,2.062998102466793
conversation_trace,0.0025,4.0,"l1=0.0025,l2x4",binary,1,2,pi2,95012,180820,75034,255854,275832,180820,76053,18207,75034,28743,30523,10887,0.406788922355199,0.3787704832480952,244403,71193,255811895296,74500587520,3.257230055708079
conversation_trace,0.0025,4.0,"l1=0.0025,l2x4",binary,1,3,pi3,88483,187349,71143,258492,275832,187349,81863,15569,71143,24478,28371,8500,0.398788355846675,0.3472505923686576,200260,43156,209120782336,45074368512,2.814893945996092
conversation_trace,0.0025,4.0,"l1=0.0025,l2x4",binary,2,0,pi0,111291,164541,90875,255416,275832,164541,69809,18645,90875,34489,34067,12393,0.3748775790921596,0.35933196091507436,117956,42648,123375052800,44588945408,1.2980027510316368
conversation_trace,0.0025,4.0,"l1=0.0025,l2x4",binary,2,1,pi1,89918,185914,71554,257468,275832,185914,81652,16593,71554,24136,27947,8168,0.3905721552953014,0.33841564468014584,154436,32571,161137516544,33968105472,2.1583140006149204
conversation_trace,0.0025,4.0,"l1=0.0025,l2x4",binary,2,2,pi2,95309,180523,75411,255934,275832,180523,76042,18127,75411,28800,30919,11038,0.41000649772579595,0.3832638888888889,254466,72178,266301306880,75527028736,3.374388351831961
conversation_trace,0.0025,4.0,"l1=0.0025,l2x4",binary,2,3,pi3,88676,187156,71479,258635,275832,187156,82275,15426,71479,24190,28440,8380,0.3978790973572658,0.34642414220752377,200061,42467,208820170752,44352051200,2.798877992137551
conversation_trace,0.0025,4.0,"l1=0.0025,l2x4",binary,3,0,pi0,111354,164478,90887,255365,275832,164478,69850,18696,90887,34425,34038,12433,0.3745090056883823,0.3611619462599855,116924,41837,122261266432,43721656320,1.2864766138171575
conversation_trace,0.0025,4.0,"l1=0.0025,l2x4",binary,3,1,pi1,91103,184729,72559,257288,275832,184729,81412,16773,72559,24241,28474,8343,0.392425474441489,0.3441689699269832,149690,32994,156240609280,34407731200,2.063010791218181
conversation_trace,0.0025,4.0,"l1=0.0025,l2x4",binary,3,2,pi2,95952,179880,76062,255942,275832,179880,75748,18118,76062,29138,31287,11255,0.4113354894691173,0.3862653579518155,261394,74526,273557835776,77989945344,3.436591201914228
conversation_trace,0.0025,4.0,"l1=0.0025,l2x4",binary,3,3,pi3,88869,186963,71478,258441,275832,186963,82113,15620,71478,24180,28337,8329,0.3964436609865973,0.3444582299421009,204667,41822,213631719424,43671394304,2.8633565572623745
conversation_trace,0.0025,4.0,"l1=0.0025,l2x4",binary,4,0,pi0,111495,164337,91003,255340,275832,164337,69750,18721,91003,34538,34049,12367,0.3741525004670176,0.3580693728646708,118329,41973,123743150080,43873187840,1.3002758150830191
conversation_trace,0.0025,4.0,"l1=0.0025,l2x4",binary,4,1,pi1,90643,185189,72357,257546,275832,185189,81775,16514,72357,23963,28283,8172,0.3908813245435825,0.3410257480282102,151899,31902,158498179072,33279485952,2.0992993075998174
conversation_trace,0.0025,4.0,"l1=0.0025,l2x4",binary,4,2,pi2,96825,179007,76786,255793,275832,179007,75657,18268,76786,29143,31595,11080,0.41146823639725993,0.3801942147342415,264986,75059,277365309440,78541975552,3.4509676243065144
conversation_trace,0.0025,4.0,"l1=0.0025,l2x4",binary,4,3,pi3,88647,187185,71451,258636,275832,187185,82227,15424,71451,24206,28489,8438,0.39872080166827617,0.34859125836569443,200184,43041,208944521216,44949624832,2.801696267372045
conversation_trace,0.01,1.0,"l1=0.01,l2x1",next_use,1,0,pi0,130004,141285,108653,249938,271289,141285,62957,19578,108653,39826,40782,14113,0.37534168407683177,0.35436649424998745,147270,48310,154082666496,50526042112,1.3554158651854988
conversation_trace,0.01,1.0,"l1=0.01,l2x1",next_use,1,1,pi1,119792,151497,99193,250690,271289,151497,65801,18824,99193,37556,42063,15428,0.4240521004506366,0.41079987219086167,254929,79387,266414706688,83127865344,2.5700301432560764
conversation_trace,0.01,1.0,"l1=0.01,l2x1",next_use,1,2,pi2,118910,152379,98068,250447,271289,152379,65542,19070,98068,37664,41608,15302,0.42427703226332747,0.4062765505522515,293100,87352,306457882624,91481798656,2.9887425052004732
conversation_trace,0.01,1.0,"l1=0.01,l2x1",next_use,1,3,pi3,126159,145130,105346,250476,271289,145130,63979,19040,105346,39302,44367,15837,0.42115505097488276,0.40295659253981986,281926,81277,294868236288,85103007744,2.676190837810643
conversation_trace,0.01,1.0,"l1=0.01,l2x1",next_use,0,0,pi0,130294,140995,108942,249937,271289,140995,62881,19580,108942,39904,40900,14131,0.37542912742560264,0.35412489975942263,145769,47787,152540223488,49992845312,1.3380422610196252
conversation_trace,0.01,1.0,"l1=0.01,l2x1",next_use,0,1,pi1,116962,154327,96274,250601,271289,154327,66066,18912,96274,37229,40748,15359,0.4232503064171012,0.4125547288404201,234763,77262,245235437568,80880332800,2.4384880653135843
conversation_trace,0.01,1.0,"l1=0.01,l2x1",next_use,0,2,pi2,119303,151986,98489,250475,271289,151986,65228,19041,98489,38046,42165,15809,0.42811887621967937,0.415523313883194,298518,91121,312254898176,95421444096,3.030978078770218
conversation_trace,0.01,1.0,"l1=0.01,l2x1",next_use,0,3,pi3,122505,148784,101695,250479,271289,148784,64497,19034,101695,38845,43158,15983,0.4243866463444614,0.41145578581542025,279386,84604,291898802176,88581724160,2.747293377255519
conversation_trace,0.01,1.0,"l1=0.01,l2x1",next_use,3,0,pi0,130017,141272,108686,249958,271289,141272,63025,19559,108686,39754,40825,14185,0.3756233553539554,0.3568194395532525,147020,48408,153841932288,50639577088,1.3527041201258672
conversation_trace,0.01,1.0,"l1=0.01,l2x1",next_use,3,1,pi1,116912,154377,96220,250597,271289,154377,66006,18918,96220,37263,41056,15435,0.4266888380794014,0.41421785685532564,253834,81209,265470377984,85043337216,2.6380586156724175
conversation_trace,0.01,1.0,"l1=0.01,l2x1",next_use,3,2,pi2,117010,154279,96260,250539,271289,154279,65465,18978,96260,37788,41412,15667,0.4302098483274465,0.4146025193183021,287050,88547,300157061120,92741464064,2.9820278412632453
conversation_trace,0.01,1.0,"l1=0.01,l2x1",next_use,3,3,pi3,121188,150101,100305,250406,271289,150101,65045,19110,100305,38141,42703,15624,0.42573151886745425,0.40963792244566216,288018,82402,301186078720,86284589056,2.8714221624046656
conversation_trace,0.01,1.0,"l1=0.01,l2x1",next_use,2,0,pi0,130189,141100,108801,249901,271289,141100,63101,19614,108801,39659,40899,14228,0.3759064714478727,0.3587584154920699,147843,49191,154727938048,51475243008,1.3588386136156836
conversation_trace,0.01,1.0,"l1=0.01,l2x1",next_use,2,1,pi1,119768,151521,99094,250615,271289,151521,65910,18896,99094,37361,41726,15239,0.42107493894685855,0.4078852279114585,246001,76505,256764344320,80066310144,2.4825014632571096
conversation_trace,0.01,1.0,"l1=0.01,l2x1",next_use,2,2,pi2,122619,148670,101669,250339,271289,148670,64132,19178,101669,39063,43662,16269,0.42945243879648665,0.41648106904231624,302253,91753,316401385472,96105424896,2.9729120970994107
conversation_trace,0.01,1.0,"l1=0.01,l2x1",next_use,2,3,pi3,121677,149612,100843,250455,271289,149612,65016,19062,100843,38287,42628,15645,0.42271649990579413,0.40862433724240604,282502,84052,295548694528,88022534144,2.8014041629066964
conversation_trace,0.01,1.0,"l1=0.01,l2x1",binary,0,0,pi0,132803,138486,111999,250485,271289,138486,60753,19032,111999,42067,43928,16258,0.3922177876588184,0.38647871253001165,161262,60302,168797657088,63127293952,1.439852141536978
conversation_trace,0.01,1.0,"l1=0.01,l2x1",binary,0,1,pi1,105846,165443,86796,252239,271289,165443,72674,17275,86796,31572,35589,11989,0.4100304161482096,0.3797352084125174,230596,55653,240544622592,58197325824,2.656758375962026
conversation_trace,0.01,1.0,"l1=0.01,l2x1",binary,0,2,pi2,103945,167344,83324,250668,271289,167344,71148,18848,83324,32083,35085,12719,0.42106715952186646,0.3964404824985195,324055,91324,339461148672,95679342592,3.889095578704815
conversation_trace,0.01,1.0,"l1=0.01,l2x1",binary,0,3,pi3,106654,164635,88222,252857,271289,164635,74107,16657,88222,30603,36185,11252,0.41015846387522387,0.3676763715975558,278834,61717,290566375424,64554735616,3.1605948629593525
conversation_trace,0.01,1.0,"l1=0.01,l2x1",next_use,4,0,pi0,129878,141411,108549,249960,271289,141411,63329,19555,108549,39438,40778,14042,0.3756644464711789,0.35605253816116433,146821,48225,153627416576,50449631232,1.3525780983703213
conversation_trace,0.01,1.0,"l1=0.01,l2x1",next_use,4,1,pi1,121071,150218,100436,250654,271289,150218,65537,18857,100436,37717,42008,15440,0.4182564020869011,0.4093644775565395,245762,75828,256725852160,79392258048,2.4469512923652874
conversation_trace,0.01,1.0,"l1=0.01,l2x1",next_use,4,2,pi2,121943,149346,101019,250365,271289,149346,64581,19151,101019,38643,43185,16049,0.42749383779289046,0.4153145459721036,294808,90331,308400607232,94607118336,2.9183420940615132
conversation_trace,0.01,1.0,"l1=0.01,l2x1",next_use,4,3,pi3,124992,146297,104136,250433,271289,146297,64084,19083,104136,39207,43359,15699,0.4163689790274257,0.4004131915219221,271481,81016,283926521856,84835905536,2.6069850964123837
conversation_trace,0.01,1.0,"l1=0.01,l2x1",binary,1,0,pi0,132816,138473,111973,250446,271289,138473,60615,19070,111973,42177,44067,16397,0.39355023085922497,0.38876638926429097,160811,59747,168333383680,62557442048,1.4361587168335224
conversation_trace,0.01,1.0,"l1=0.01,l2x1",binary,1,1,pi1,108198,163091,88994,252085,271289,163091,72346,17427,88994,31798,36704,12089,0.4124322988066611,0.38018114346814263,245303,56631,255794696192,59199358976,2.7563993078185045
conversation_trace,0.01,1.0,"l1=0.01,l2x1",binary,1,2,pi2,106009,165280,85356,250636,271289,165280,70094,18881,85356,33150,36597,13507,0.4287572051173907,0.4074509803921569,339632,98732,355661703168,103438569472,3.979005576643704
conversation_trace,0.01,1.0,"l1=0.01,l2x1",binary,1,3,pi3,105803,165486,87228,252714,271289,165486,74061,16800,87228,30551,36042,11376,0.4131930114183519,0.37236097018100883,277526,61927,289328670720,64760621056,3.1816159948640346
conversation_trace,0.01,1.0,"l1=0.01,l2x1",binary,2,0,pi0,133054,138235,112193,250428,271289,138235,60492,19089,112193,42293,44047,16458,0.3926002513525799,0.3891424112737332,161889,60010,169465237504,62835646464,1.4429509862469139
conversation_trace,0.01,1.0,"l1=0.01,l2x1",binary,2,1,pi1,109321,161968,90101,252069,271289,161968,71803,17443,90101,32295,37092,12271,0.41167134659992677,0.37996593899984515,239862,56662,250041229312,59245686784,2.6621458141419074
conversation_trace,0.01,1.0,"l1=0.01,l2x1",binary,2,2,pi2,105618,165671,85003,250674,271289,165671,70424,18842,85003,32875,36344,13296,0.42756138018658163,0.40444106463878327,342266,98825,358425761792,103538425856,4.026516711174899
conversation_trace,0.01,1.0,"l1=0.01,l2x1",binary,2,3,pi3,105084,166205,86661,252866,271289,166205,75031,16647,86661,29697,35431,10849,0.4088459630052734,0.3653230966090851,259645,54740,270493159424,57232689152,2.9960997449833258
conversation_trace,0.01,1.0,"l1=0.01,l2x1",binary,3,0,pi0,132977,138312,112144,250456,271289,138312,60565,19060,112144,42236,44009,16356,0.392432943358539,0.3872525807368122,161186,60048,168704569344,62866718720,1.4373127407618775
conversation_trace,0.01,1.0,"l1=0.01,l2x1",binary,3,1,pi1,105638,165651,86503,252154,271289,165651,72778,17359,86503,31414,35377,11911,0.4089684750817891,0.37916215700006367,226435,56002,236265703424,58550052864,2.617654879021537
conversation_trace,0.01,1.0,"l1=0.01,l2x1",binary,3,2,pi2,104929,166360,84232,250592,271289,166360,70741,18925,84232,32473,35890,13076,0.4260850982999335,0.40267298986850614,331191,93725,346904832000,98197370880,3.931890492924304
conversation_trace,0.01,1.0,"l1=0.01,l2x1",binary,3,3,pi3,107011,164278,88474,252752,271289,164278,74114,16764,88474,30505,36630,11349,0.41401993806089926,0.37203737092279954,272191,59039,283634227200,61735081984,3.076508352736397
conversation_trace,0.01,1.0,"l1=0.01,l2x1",binary,4,0,pi0,132798,138491,111988,250479,271289,138491,60599,19039,111988,42220,43962,16296,0.39255991713397864,0.38597820937944105,161123,60039,168652273664,62861568000,1.4387523663249633
conversation_trace,0.01,1.0,"l1=0.01,l2x1",binary,4,1,pi1,107690,163599,88516,252115,271289,163599,72008,17400,88516,32162,36383,12255,0.4110330335758507,0.38103973633480503,233380,58163,243415191552,60804814848,2.6365854760721223
conversation_trace,0.01,1.0,"l1=0.01,l2x1",binary,4,2,pi2,105251,166038,84604,250642,271289,166038,71035,18874,84604,32241,36004,12935,0.42555907522102976,0.401197233336435,329659,92229,345302644736,96634550272,3.8964942555907522
conversation_trace,0.01,1.0,"l1=0.01,l2x1",binary,4,3,pi3,106448,164841,88067,252908,271289,164841,73770,16607,88067,30954,36452,11610,0.41391213507897395,0.37507268850552433,276787,63764,288403359744,66704488448,3.1429139178125745
conversation_trace,0.01,4.0,"l1=0.01,l2x4",next_use,0,0,pi0,268834,2455,214654,217109,271289,2455,1821,47070,214654,89067,98037,40582,0.4567210487575354,0.4556345223258895,441177,176296,461213499392,184370081792,2.055293635338731
conversation_trace,0.01,4.0,"l1=0.01,l2x4",next_use,0,1,pi1,259913,11376,204957,216333,271289,11376,6809,47863,204957,83888,93724,37729,0.45728616246334597,0.449754434484074,393749,149301,412656992256,156447393792,1.9211297979576203
conversation_trace,0.01,4.0,"l1=0.01,l2x4",next_use,0,2,pi2,261981,9308,206753,216061,271289,9308,6592,48117,206753,83765,91257,36360,0.44138174536766095,0.43407150958037366,359922,133902,376787613696,140165255168,1.740830846468975
conversation_trace,0.01,4.0,"l1=0.01,l2x4",next_use,0,3,pi3,260734,10555,206084,216639,271289,10555,6252,47556,206084,84432,94403,37956,0.45808020030667107,0.44954519613416716,400366,150381,419564396544,157545693184,1.942732089827449
conversation_trace,0.01,4.0,"l1=0.01,l2x4",next_use,1,0,pi0,268954,2335,214856,217191,271289,2335,1750,46996,214856,89207,98040,40570,0.4563056186469077,0.4547849384016949,440226,177518,460328982528,185703112704,2.0489351007186207
conversation_trace,0.01,4.0,"l1=0.01,l2x4",next_use,1,1,pi1,259612,11677,204392,216069,271289,11677,7112,48123,204392,83388,93133,37518,0.4556587341970332,0.44992085192113973,390541,148283,409307842560,155389937664,1.9107450389447729
conversation_trace,0.01,4.0,"l1=0.01,l2x4",next_use,1,2,pi2,264312,6977,209144,216121,271289,6977,5377,48044,209144,85050,91709,36522,0.43849692078185365,0.4294179894179894,361294,134360,377097826304,140217153536,1.7274891940481198
conversation_trace,0.01,4.0,"l1=0.01,l2x4",next_use,1,3,pi3,255892,15397,201074,216471,271289,15397,9299,47721,201074,81381,91407,36143,0.4545938311268488,0.44412086359223896,382110,140400,400434008064,147097839616,1.9003451465629568
conversation_trace,0.01,4.0,"l1=0.01,l2x4",next_use,2,0,pi0,268869,2420,214841,217261,271289,2420,1794,46917,214841,89154,98089,40531,0.45656555312998914,0.45461785225564755,442648,175869,462855694336,183957952512,2.06035160886423
conversation_trace,0.01,4.0,"l1=0.01,l2x4",next_use,2,1,pi1,257687,13602,202467,216069,271289,13602,8177,48127,202467,82326,91507,36565,0.4519600725056429,0.44414887155941013,365542,136030,383057518592,142527758336,1.8054398988477134
conversation_trace,0.01,4.0,"l1=0.01,l2x4",next_use,2,2,pi2,264608,6681,209730,216411,271289,6681,5086,47759,209730,85501,93797,37637,0.44722738759357267,0.4401936819452404,399787,149095,417543647232,155735912448,1.9061984456205598
conversation_trace,0.01,4.0,"l1=0.01,l2x4",next_use,2,3,pi3,260244,11045,205376,216421,271289,11045,6391,47774,205376,84231,94938,38282,0.4622643346837021,0.4544882525436003,413448,156175,433288822784,163639242752,2.0131271424119666
conversation_trace,0.01,4.0,"l1=0.01,l2x4",next_use,3,0,pi0,268759,2530,214655,217185,271289,2530,1845,46997,214655,89101,97934,40406,0.4562390813165312,0.4534853705345619,438557,172955,458544035840,180900800512,2.0430784281754444
conversation_trace,0.01,4.0,"l1=0.01,l2x4",next_use,3,1,pi1,257874,13415,202816,216231,271289,13415,8038,47961,202816,82518,92511,36940,0.45613265225623223,0.4476599045056836,385181,143003,403626211328,149821382656,1.8991647601767119
conversation_trace,0.01,4.0,"l1=0.01,l2x4",next_use,3,2,pi2,259797,11492,204571,216063,271289,11492,7819,48123,204571,82661,90871,35908,0.44420274623480355,0.43440074521237343,362208,132742,379397642240,139013632000,1.770573541704347
conversation_trace,0.01,4.0,"l1=0.01,l2x4",next_use,3,3,pi3,259411,11878,204311,216189,271289,11878,7625,48000,204311,82880,92646,36901,0.4534557610701333,0.44523407335907333,390677,144395,409350938624,151270168576,1.9121682141441234
conversation_trace,0.01,4.0,"l1=0.01,l2x4",binary,0,0,pi0,263584,7705,209422,217127,271289,7705,3493,47068,209422,87509,97556,40516,0.46583453505362377,0.46299237792684184,436536,176403,457636042752,184929392640,2.0844801405773987
conversation_trace,0.01,4.0,"l1=0.01,l2x4",binary,0,1,pi1,262031,9258,209244,218502,271289,9258,8545,45662,209244,83222,98754,37370,0.4719561851235878,0.4490399173295523,541186,168841,556834072576,173589608448,2.586387184339814
conversation_trace,0.01,4.0,"l1=0.01,l2x4",binary,0,2,pi2,254372,16917,201443,218360,271289,16917,11047,45834,201443,80340,96704,37186,0.48005639312361315,0.46285785411999003,679670,212597,711733307392,222467942400,3.3740065427937433
conversation_trace,0.01,4.0,"l1=0.01,l2x4",binary,0,3,pi3,266853,4436,213860,218296,271289,4436,4001,45872,213860,87539,102100,40578,0.47741513139437014,0.4635419641531203,646589,222227,667393509376,229258543104,3.0234218647713456
conversation_trace,0.01,4.0,"l1=0.01,l2x4",next_use,4,0,pi0,268693,2596,214623,217219,271289,2596,1940,46960,214623,89046,98220,40558,0.4576396751513118,0.45547245244031176,439536,174686,459625541632,182738755584,2.0479445353014354
conversation_trace,0.01,4.0,"l1=0.01,l2x4",next_use,4,1,pi1,260154,11135,205161,216296,271289,11135,6967,47898,205161,83646,92826,37253,0.45245441385058566,0.445364990555436,379197,142416,397365788672,149206568960,1.84828987965549
conversation_trace,0.01,4.0,"l1=0.01,l2x4",next_use,4,2,pi2,265448,5841,210469,216310,271289,5841,4422,47839,210469,86039,93585,37538,0.4446498059096589,0.43629051941561386,387299,147581,403741939712,153874063360,1.8401712366191696
conversation_trace,0.01,4.0,"l1=0.01,l2x4",next_use,4,3,pi3,256761,14528,201744,216272,271289,14528,8445,47921,201744,82042,92283,36927,0.45742624315964786,0.45009872991882205,392178,147796,411031568384,154877325312,1.9439388532000952
conversation_trace,0.01,4.0,"l1=0.01,l2x4",binary,1,0,pi0,263566,7723,209301,217024,271289,7723,3503,47170,209301,87415,97712,40520,0.4668491789336888,0.46353600640622317,438364,176699,459549179904,185245476864,2.094419042431713
conversation_trace,0.01,4.0,"l1=0.01,l2x4",binary,1,1,pi1,262692,8597,210008,218605,271289,8597,7827,45542,210008,83916,100975,38433,0.4808150165707973,0.457993707993708,583595,182524,599498000384,187253694464,2.77891794598301
conversation_trace,0.01,4.0,"l1=0.01,l2x4",binary,1,2,pi2,252683,18606,199918,218524,271289,18606,12307,45672,199918,79237,95370,36300,0.47704558869136343,0.45811931294723424,645849,197486,676194228224,206558930944,3.2305695335087385
conversation_trace,0.01,4.0,"l1=0.01,l2x4",binary,1,3,pi3,260822,10467,208094,218561,271289,10467,8577,45609,208094,83055,99182,37683,0.4766211423683528,0.45371139606284994,652653,199771,672450013184,205647144960,3.1363374244331887
conversation_trace,0.01,4.0,"l1=0.01,l2x4",binary,2,0,pi0,263494,7795,209335,217130,271289,7795,3505,47069,209335,87454,97544,40399,0.4659708123342967,0.46194570860109313,437375,176491,458508810240,185025560576,2.0893543841211457
conversation_trace,0.01,4.0,"l1=0.01,l2x4",binary,2,1,pi1,262217,9072,209327,218399,271289,9072,8223,45749,209327,83409,100517,38045,0.48019127967247416,0.4561258377393327,567031,178623,582454794240,183245742080,2.7088287702971905
conversation_trace,0.01,4.0,"l1=0.01,l2x4",binary,2,2,pi2,255878,15411,203056,218467,271289,15411,10239,45727,203056,81376,96996,37371,0.47768103380348276,0.45923859614628393,626214,198025,655712227328,207170039808,3.0839472854778975
conversation_trace,0.01,4.0,"l1=0.01,l2x4",binary,2,3,pi3,263883,7406,210953,218359,271289,7406,6211,45811,210953,85303,101442,39538,0.48087488682313123,0.46350069751356926,709864,230736,732159148032,237834379264,3.365033917507691
conversation_trace,0.01,4.0,"l1=0.01,l2x4",binary,3,0,pi0,263582,7707,209438,217145,271289,7707,3455,47052,209438,87510,97443,40412,0.46525940851230435,0.46179865158267625,438187,177274,459361951744,185843916800,2.0922038980509745
conversation_trace,0.01,4.0,"l1=0.01,l2x4",binary,3,1,pi1,257797,13492,205029,218521,271289,13492,11951,45646,205029,79756,95998,35128,0.4682166912973287,0.44044335222428405,514784,152230,529687652352,156567758848,2.510786279014188
conversation_trace,0.01,4.0,"l1=0.01,l2x4",binary,3,2,pi2,257076,14213,204017,218230,271289,14213,9133,45967,204017,82222,97418,37935,0.4774994240676022,0.46137286857532045,619289,198362,648543320064,207554322432,3.0354774357038874
conversation_trace,0.01,4.0,"l1=0.01,l2x4",binary,3,3,pi3,262401,8888,209545,218433,271289,8888,7681,45752,209545,83894,98204,37720,0.468653511178983,0.4496149903449591,628944,196116,650957606912,202929438720,3.001474623589205
conversation_trace,0.01,4.0,"l1=0.01,l2x4",binary,4,0,pi0,263586,7703,209472,217175,271289,7703,3509,47020,209472,87441,97637,40382,0.466110029025359,0.4618199700369392,436193,176354,457266014208,184883617792,2.0823451344332415
conversation_trace,0.01,4.0,"l1=0.01,l2x4",binary,4,1,pi1,258742,12547,206053,218600,271289,12547,11173,45553,206053,80576,97848,36031,0.47486811645547505,0.44716789118347894,535048,159686,549629239296,163910088704,2.5966523176076057
conversation_trace,0.01,4.0,"l1=0.01,l2x4",binary,4,2,pi2,258665,12624,205733,218357,271289,12624,7789,45838,205733,83707,99008,39184,0.481245108951894,0.46810899924737476,665929,219506,697440350208,229689143296,3.236860396727798
conversation_trace,0.01,4.0,"l1=0.01,l2x4",binary,4,3,pi3,263283,8006,210383,218389,271289,8006,7090,45791,210383,84503,98657,38018,0.46893998089199224,0.4499011869401086,601411,189608,621732110336,195886739456,2.858648274813079
conversation_trace,0.02,1.0,"l1=0.02,l2x1",next_use,0,0,pi0,194121,67461,159567,227028,261582,67461,40893,31009,159567,53517,62659,19755,0.3926814441582533,0.3691350412018611,225351,73443,235374022656,76721799168,1.4122656940344809
conversation_trace,0.02,1.0,"l1=0.02,l2x1",next_use,0,1,pi1,176735,84847,141894,226741,261582,84847,44620,31296,141894,49551,58536,19210,0.4125332995052645,0.3876813787814575,297924,86898,311608711168,90847354880,2.0996236627341536
conversation_trace,0.02,1.0,"l1=0.02,l2x1",next_use,0,2,pi2,157261,104321,122066,226387,261582,104321,49354,31651,122066,44845,48313,17209,0.39579407861320925,0.3837440071356896,249514,80023,260611336192,83642877952,2.044090901643373
conversation_trace,0.02,1.0,"l1=0.02,l2x1",next_use,0,3,pi3,160993,100589,125961,226550,261582,100589,48915,31484,125961,45258,50698,17592,0.40248965949778104,0.38870475937955723,271083,83994,282997714944,87810424832,2.1521185128730322
conversation_trace,0.02,1.0,"l1=0.02,l2x1",next_use,1,0,pi0,193598,67984,158998,226982,261582,67984,41281,31054,158998,53164,62743,19645,0.39461502660410824,0.36951696636821907,224411,73093,234427928576,76360425472,1.4114076906627757
conversation_trace,0.02,1.0,"l1=0.02,l2x1",next_use,1,1,pi1,188103,73479,153326,226805,261582,73479,40759,31231,153326,53449,63942,20673,0.41703298853423426,0.386779921046231,326202,91187,341147371520,95308632064,2.127506098117736
conversation_trace,0.02,1.0,"l1=0.02,l2x1",next_use,1,2,pi2,171785,89797,136714,226511,261582,89797,45493,31525,136714,48692,53687,18071,0.3926957005134807,0.3711287275117062,261802,80023,273236203520,83594835968,1.9149611597934373
conversation_trace,0.02,1.0,"l1=0.02,l2x1",next_use,1,3,pi3,173317,88265,138256,226521,261582,88265,45605,31514,138256,48530,56294,18652,0.40717220229140144,0.38433958376262106,284804,84055,297801224192,87866447872,2.059975697257262
conversation_trace,0.02,1.0,"l1=0.02,l2x1",next_use,2,0,pi0,193740,67842,159121,226963,261582,67842,40860,31071,159121,53533,62434,19579,0.3923680720960778,0.36573702202379843,223164,71791,233139234816,74999560192,1.4024798738067257
conversation_trace,0.02,1.0,"l1=0.02,l2x1",next_use,2,1,pi1,178951,82631,144128,226759,261582,82631,43367,31278,144128,50771,59028,19411,0.40955261989342806,0.38232455535640425,298608,86630,312103374848,90555742208,2.0718250444049735
conversation_trace,0.02,1.0,"l1=0.02,l2x1",next_use,2,2,pi2,167380,94202,132363,226565,261582,94202,46638,31469,132363,47569,52365,17944,0.39561659980508146,0.3772204587020959,263963,80167,275880734720,83801276416,1.9942355492093713
conversation_trace,0.02,1.0,"l1=0.02,l2x1",next_use,2,3,pi3,164312,97270,129274,226544,261582,97270,48037,31492,129274,46153,51932,17833,0.4017203768739267,0.3863887504604251,255866,80795,267593613312,84477935616,1.9792533688135279
conversation_trace,0.02,1.0,"l1=0.02,l2x1",binary,0,0,pi0,196183,65399,161489,226888,261582,65399,34790,31147,161489,59397,63425,22186,0.39275120906067906,0.3735205481758338,217329,75432,227219359744,78800730112,1.3457820656515305
conversation_trace,0.02,1.0,"l1=0.02,l2x1",binary,0,1,pi1,148610,112972,114739,227711,261582,112972,53312,30323,114739,41586,48060,16512,0.4188636819215785,0.3970567017746357,339732,100825,353043468288,105286037504,2.960911285613436
conversation_trace,0.02,1.0,"l1=0.02,l2x1",binary,0,2,pi2,138587,122995,103900,226895,261582,122995,53558,31142,103900,40892,45023,17328,0.433330125120308,0.4237503668199159,350763,118764,367197599744,124306776064,3.3759672762271413
conversation_trace,0.02,1.0,"l1=0.02,l2x1",binary,0,3,pi3,138095,123487,104030,227517,261582,123487,54112,30515,104030,40740,43973,16551,0.4226953763337499,0.40625920471281296,359018,115812,373699567616,121018791936,3.451100644044987
conversation_trace,0.02,1.0,"l1=0.02,l2x1",next_use,3,0,pi0,194193,67389,159662,227051,261582,67389,40851,30987,159662,53584,62721,19808,0.3928361162956746,0.36966258584652134,224767,72455,234754822144,75663681536,1.407767659180018
conversation_trace,0.02,1.0,"l1=0.02,l2x1",next_use,3,1,pi1,197683,63899,162911,226810,261582,63899,37306,31228,162911,56837,68177,22018,0.41849230561472217,0.38738849692981686,348955,94000,364215685120,98183688192,2.1419977779278256
conversation_trace,0.02,1.0,"l1=0.02,l2x1",next_use,3,2,pi2,161571,100011,126495,226506,261582,100011,48224,31527,126495,45921,49960,17413,0.39495632238428396,0.37919470394808474,254044,78119,265473480704,81647044608,2.0083323451519823
conversation_trace,0.02,1.0,"l1=0.02,l2x1",next_use,3,3,pi3,164163,97419,129184,226603,261582,97419,47586,31434,129184,46575,51718,17926,0.4003436958137231,0.3848845947396672,266615,84195,278551973888,87997788160,2.063839175130047
conversation_trace,0.02,1.0,"l1=0.02,l2x1",next_use,4,0,pi0,194051,67531,159452,226983,261582,67531,40945,31052,159452,53467,62834,19785,0.39406216290795976,0.37004133390689586,227087,73804,237229156352,77101950976,1.4241715375159922
conversation_trace,0.02,1.0,"l1=0.02,l2x1",next_use,4,1,pi1,192549,69033,157696,226729,261582,69033,38633,31306,157696,55505,66288,21611,0.4203530844155844,0.3893523106026484,339244,94668,354860492800,98963200000,2.151253043831169
conversation_trace,0.02,1.0,"l1=0.02,l2x1",next_use,4,2,pi2,163564,98018,128466,226484,261582,98018,47975,31550,128466,46169,51453,17568,0.40051842510858904,0.3805150642205809,263477,80437,275475826688,84064741376,2.0509473323680973
conversation_trace,0.02,1.0,"l1=0.02,l2x1",next_use,4,3,pi3,185069,76513,150034,226547,261582,76513,42056,31489,150034,52132,59516,19375,0.396683418425157,0.3716527276912453,272737,80279,284065665024,83791386624,1.8178346241518588
conversation_trace,0.02,1.0,"l1=0.02,l2x1",binary,1,0,pi0,196281,65301,161595,226896,261582,65301,34760,31141,161595,59463,63332,22241,0.39191806677186797,0.37403090997763316,215678,75617,225496356864,78985453568,1.3346823849747826
conversation_trace,0.02,1.0,"l1=0.02,l2x1",binary,1,1,pi1,149628,111954,115711,227665,261582,111954,53239,30367,115711,41609,48363,16441,0.4179637199574803,0.3951308611117787,335162,96628,348161267712,100873574400,2.8965439759400575
conversation_trace,0.02,1.0,"l1=0.02,l2x1",binary,1,2,pi2,139278,122304,104620,226924,261582,122304,53395,31113,104620,41124,45520,17529,0.4350984515389027,0.42624744674642545,350285,117041,366698117120,122524364800,3.348164786847639
conversation_trace,0.02,1.0,"l1=0.02,l2x1",binary,1,3,pi3,140330,121252,106041,227293,261582,121252,53761,30740,106041,40971,44658,16476,0.42113899340821004,0.402138097678846,358866,113995,373493254144,119134146560,3.3842193113984216
conversation_trace,0.02,1.0,"l1=0.02,l2x1",binary,2,0,pi0,195933,65649,161266,226915,261582,65649,34906,31120,161266,59314,63424,22206,0.3932881078466633,0.37438041609063627,215718,74592,225563275264,77914603520,1.3376533181203725
conversation_trace,0.02,1.0,"l1=0.02,l2x1",binary,2,1,pi1,157154,104428,123186,227614,261582,104428,51375,30417,123186,43331,51998,17028,0.42210965531797445,0.39297500634649557,363724,98896,377364783104,103160285184,2.9526407221599857
conversation_trace,0.02,1.0,"l1=0.02,l2x1",binary,2,2,pi2,140990,120592,106303,226895,261582,120592,53080,31142,106303,41441,45908,17402,0.43185987225195904,0.41992229917231727,345870,114848,362010243072,120180742144,3.253624074579269
conversation_trace,0.02,1.0,"l1=0.02,l2x1",binary,2,3,pi3,140701,120881,106440,227321,261582,120881,53600,30713,106440,41121,45118,16680,0.42388199924840286,0.4056321587510031,360598,113101,375366168576,118205900800,3.387805336339722
conversation_trace,0.02,1.0,"l1=0.02,l2x1",binary,3,0,pi0,196509,65073,161785,226858,261582,65073,34595,31178,161785,59578,63790,22422,0.3942887165064746,0.37634697371512976,217497,75862,227391334400,79253522432,1.344358253237321
conversation_trace,0.02,1.0,"l1=0.02,l2x1",binary,3,1,pi1,153092,108490,119035,227525,261582,108490,52028,30504,119035,42707,50043,16886,0.4204057630108792,0.3953918561359964,347638,100014,361059069952,104390443008,2.9204687696895872
conversation_trace,0.02,1.0,"l1=0.02,l2x1",binary,3,2,pi2,140212,121370,105419,226789,261582,121370,53167,31246,105419,41265,45640,17454,0.43293903376051757,0.4229734641948382,344893,113655,360980508672,118926641152,3.2716398372209943
conversation_trace,0.02,1.0,"l1=0.02,l2x1",binary,3,3,pi3,140037,121545,105657,227202,261582,121545,53613,30833,105657,41047,44901,16784,0.424969476702916,0.40889711793797356,354154,112469,368798349312,117557946368,3.351921784642759
conversation_trace,0.02,1.0,"l1=0.02,l2x1",binary,4,0,pi0,196136,65446,161423,226869,261582,65446,34676,31166,161423,59525,63380,22314,0.3926330200776841,0.3748677026459471,215805,75387,225626572800,78743721984,1.336891273238634
conversation_trace,0.02,1.0,"l1=0.02,l2x1",binary,4,1,pi1,155989,105593,121932,227525,261582,105593,51612,30507,121932,43100,51294,16972,0.4206770987107568,0.3937819025522042,361096,98789,374798153728,103057561600,2.961453925138602
conversation_trace,0.02,1.0,"l1=0.02,l2x1",binary,4,2,pi2,142286,119296,107575,226871,261582,119296,52803,31165,107575,41696,46499,17609,0.4322472693469672,0.4223186876438987,341737,110218,357700382720,115355152384,3.17673251220079
conversation_trace,0.02,1.0,"l1=0.02,l2x1",binary,4,3,pi3,140654,120928,106480,227408,261582,120928,53526,30622,106480,41212,45214,16756,0.42462434259954923,0.40658060759002235,363049,116022,378013896704,121280245760,3.4095510894064613
conversation_trace,0.02,4.0,"l1=0.02,l2x4",next_use,1,0,pi0,261550,32,186085,186117,261582,32,32,61250,186085,81211,82688,35716,0.4443560738372249,0.439792638928224,364595,154644,382094692352,162074808320,1.9592927963027649
conversation_trace,0.02,4.0,"l1=0.02,l2x4",next_use,1,1,pi1,261567,15,186022,186037,261582,15,12,61256,186022,81066,82456,35489,0.44325939942587433,0.4377790935780722,360762,150225,378036357120,157437493248,1.9393512595284428
conversation_trace,0.02,4.0,"l1=0.02,l2x4",next_use,1,2,pi2,261204,378,185773,186151,261582,378,250,61216,185773,80911,81981,35198,0.44129663621731896,0.4350211961290801,348501,146510,365327988736,153617604608,1.8759507571067917
conversation_trace,0.02,4.0,"l1=0.02,l2x4",next_use,1,3,pi3,261510,72,186023,186095,261582,72,55,61233,186023,81102,81250,34961,0.436773947307591,0.4310744494587063,337483,141089,353719801856,147903852544,1.8142003945748644
conversation_trace,0.02,4.0,"l1=0.02,l2x4",next_use,0,0,pi0,261549,33,186129,186162,261582,33,33,61215,186129,81201,82598,35651,0.4437674945870875,0.4390463171635817,365377,155406,382946922496,162879039488,1.9630310161232263
conversation_trace,0.02,4.0,"l1=0.02,l2x4",next_use,0,1,pi1,261486,96,185983,186079,261582,96,70,61262,185983,80970,82533,35585,0.4437663657431056,0.4394837594170681,367179,153758,384874754048,161203609600,1.9742610883790455
conversation_trace,0.02,4.0,"l1=0.02,l2x4",next_use,0,2,pi2,261074,508,185498,186006,261582,508,329,61356,185498,80714,81717,35110,0.4405276606755868,0.43499269023961146,344480,144382,361122301952,151388104704,1.8570550625882758
conversation_trace,0.02,4.0,"l1=0.02,l2x4",next_use,0,3,pi3,261445,137,185837,185974,261582,137,97,61369,185837,80890,81738,35180,0.43983706151089397,0.4349116083570281,346896,145796,363610365952,152862042112,1.8666681016159323
conversation_trace,0.02,4.0,"l1=0.02,l2x4",next_use,2,0,pi0,261550,32,186113,186145,261582,32,32,61219,186113,81214,82428,35709,0.4428922213923799,0.439690201196838,364511,154154,382030430208,161568978944,1.958546689376884
conversation_trace,0.02,4.0,"l1=0.02,l2x4",next_use,2,1,pi1,261565,17,185939,185956,261582,17,11,61352,185939,80995,81869,35201,0.44030031354368904,0.4346070745107723,351127,148338,368008624128,155500265472,1.8883988835048053
conversation_trace,0.02,4.0,"l1=0.02,l2x4",next_use,2,2,pi2,260418,1164,184809,185973,261582,1164,712,61403,184809,80293,81724,35065,0.4422079011303562,0.43671303849650656,346183,145508,362908114944,152573732864,1.8731934050830858
conversation_trace,0.02,4.0,"l1=0.02,l2x4",next_use,2,3,pi3,261552,30,185954,185984,261582,30,22,61304,185954,81064,81326,34939,0.43734471966185184,0.43100513174775484,342376,143773,358749151232,150679027712,1.8411865300020436
conversation_trace,0.02,4.0,"l1=0.02,l2x4",next_use,3,0,pi0,261550,32,186114,186146,261582,32,32,61226,186114,81228,82686,35777,0.4442760888487701,0.44045156842468114,366365,154042,383997306880,161462714368,1.9684978024221713
conversation_trace,0.02,4.0,"l1=0.02,l2x4",next_use,3,1,pi1,261422,160,185899,186059,261582,160,114,61285,185899,80920,82134,35355,0.4418205584753011,0.43691300049431536,362734,153653,380216821760,161091768320,1.9512423412713356
conversation_trace,0.02,4.0,"l1=0.02,l2x4",next_use,3,2,pi2,261153,429,185648,186077,261582,429,278,61281,185648,80829,81595,35131,0.4395145651986555,0.434633609224412,346766,146224,363506921472,153316694016,1.8678682237352409
conversation_trace,0.02,4.0,"l1=0.02,l2x4",next_use,3,3,pi3,261483,99,185916,186015,261582,99,74,61317,185916,81072,81196,34881,0.43673486951096196,0.43024718768502074,338810,141335,355123757056,148168751104,1.822382151078982
conversation_trace,0.02,4.0,"l1=0.02,l2x4",binary,0,0,pi0,255643,5939,180684,186623,261582,5939,2806,60771,180684,78333,83178,35794,0.4603506674636382,0.4569466253047885,373068,155558,391103916032,163114182656,2.0647539350468223
conversation_trace,0.02,4.0,"l1=0.02,l2x4",binary,0,1,pi1,261582,0,186173,186173,261582,0,0,61052,186173,81234,84256,36244,0.4525683101201571,0.44616786074796266,394413,166219,409609650176,172479410176,2.1185295397291766
conversation_trace,0.02,4.0,"l1=0.02,l2x4",binary,0,2,pi2,255482,6100,180071,186171,261582,6100,2981,61223,180071,78074,84936,36676,0.4716806148685796,0.46975945897481874,442533,185877,463896123392,194904569856,2.4575473007869117
conversation_trace,0.02,4.0,"l1=0.02,l2x4",binary,0,3,pi3,261582,0,186174,186174,261582,0,0,61008,186174,81141,86359,37159,0.4638617637264065,0.4579559039203362,406747,168436,419442079744,173493374976,2.184768012719284
conversation_trace,0.02,4.0,"l1=0.02,l2x4",next_use,4,0,pi0,261556,26,186102,186128,261582,26,26,61242,186102,81177,82633,35791,0.44401994605109024,0.44090074774874655,365098,155222,382666559488,162706655232,1.9618166381876605
conversation_trace,0.02,4.0,"l1=0.02,l2x4",next_use,4,1,pi1,261518,64,186007,186071,261582,64,53,61223,186007,81032,82203,35323,0.44193498094157746,0.43591420673314246,356937,149930,374065420288,157143717888,1.9189439107130377
conversation_trace,0.02,4.0,"l1=0.02,l2x4",next_use,4,2,pi2,261225,357,185572,185929,261582,357,222,61440,185572,80774,81051,34839,0.43676308925915547,0.43131453190383046,333524,140070,349627439104,146860521472,1.7972754510378721
conversation_trace,0.02,4.0,"l1=0.02,l2x4",next_use,4,3,pi3,261055,527,185495,186022,261582,527,333,61343,185495,80734,81337,34950,0.43848621256637643,0.43290311392969505,339906,143289,356303151104,150241818624,1.8324267500471711
conversation_trace,0.02,4.0,"l1=0.02,l2x4",binary,1,0,pi0,255714,5868,180911,186779,261582,5868,2762,60619,180911,78460,83105,35761,0.4593695242412015,0.45578638796839155,370913,157704,388835264512,165361336320,2.050251228504624
conversation_trace,0.02,4.0,"l1=0.02,l2x4",binary,1,1,pi1,261578,4,186406,186410,261582,4,3,60834,186406,81332,84332,36404,0.45241033013958776,0.44759750159838685,402308,167495,418484736000,174090821632,2.158235249938307
conversation_trace,0.02,4.0,"l1=0.02,l2x4",binary,1,2,pi2,255971,5611,180412,186023,261582,5611,2822,61371,180412,78181,84746,36632,0.4697359377425005,0.4685537406786815,425938,177547,446507216896,186167951360,2.3609183424605904
conversation_trace,0.02,4.0,"l1=0.02,l2x4",binary,1,3,pi3,261581,1,186204,186205,261582,1,1,61007,186204,81182,85706,36937,0.46028012287598546,0.4549900224187628,416835,172601,431857315840,178660876288,2.238593155893536
conversation_trace,0.02,4.0,"l1=0.02,l2x4",binary,2,0,pi0,255678,5904,180818,186722,261582,5904,2781,60676,180818,78443,83032,35811,0.4592020705903173,0.4565225705289191,372370,157117,390359005184,164749115392,2.0593635589377164
conversation_trace,0.02,4.0,"l1=0.02,l2x4",binary,2,1,pi1,261582,0,186263,186263,261582,0,0,60925,186263,81244,85262,36645,0.4577505999581237,0.4510486928265472,401460,167844,414978457600,173368193024,2.155339493082362
conversation_trace,0.02,4.0,"l1=0.02,l2x4",binary,2,2,pi2,255640,5942,180194,186136,261582,5942,2951,61262,180194,78095,84773,36642,0.4704540661731245,0.46919777194442663,433114,180125,454056925184,188873762816,2.4035983440070146
conversation_trace,0.02,4.0,"l1=0.02,l2x4",binary,2,3,pi3,261581,1,186185,186186,261582,1,1,61029,186185,81137,85355,36783,0.4584418723312834,0.45334434351775393,416202,172983,431598964736,179207477248,2.2354217579289415
toolagent_trace,0.0025,1.0,"l1=0.0025,l2x1",next_use,0,0,pi0,68216,202864,59830,262694,271080,202864,85256,7960,59830,21532,14816,4852,0.2476349657362527,0.22533903028051272,42018,13776,43832932352,14363541504,0.7022898211599532
toolagent_trace,0.0025,1.0,"l1=0.0025,l2x1",next_use,0,1,pi1,49536,221544,41769,263313,271080,221544,90999,7338,41769,16297,12627,4511,0.3023055375996552,0.2767994109345278,59029,18353,61409560576,19150530560,1.413225119107472
toolagent_trace,0.0025,1.0,"l1=0.0025,l2x1",next_use,0,2,pi2,53041,218039,45479,263518,271080,218039,91628,7134,45479,15915,12879,4138,0.28318564612238617,0.26000628338045867,72185,19744,75216543744,20620918784,1.5872160777501705
toolagent_trace,0.0025,1.0,"l1=0.0025,l2x1",next_use,0,3,pi3,56053,215027,48583,263610,271080,215027,90193,7041,48583,17321,14982,4867,0.3083794743017105,0.2809883955891692,89275,25116,92881780736,26200395776,1.8375769302019225
toolagent_trace,0.0025,1.0,"l1=0.0025,l2x1",next_use,1,0,pi0,67541,203539,59164,262703,271080,203539,85352,7951,59164,21441,14770,4883,0.24964505442498816,0.2277412434121543,42075,13893,43930621952,14496622592,0.7111588127915625
toolagent_trace,0.0025,1.0,"l1=0.0025,l2x1",next_use,1,1,pi1,49108,221972,41343,263315,271080,221972,91381,7336,41343,15974,12300,4364,0.29751106596038024,0.2731939401527482,59402,19439,61783828480,20282183680,1.436809133347846
toolagent_trace,0.0025,1.0,"l1=0.0025,l2x1",next_use,1,2,pi2,52855,218225,45407,263632,271080,218225,91622,7020,45407,16000,12768,3993,0.2811901248706147,0.2495625,74544,20112,77685186560,21007808512,1.6416852027220472
toolagent_trace,0.0025,1.0,"l1=0.0025,l2x1",next_use,1,3,pi3,55677,215403,48221,263624,271080,215403,90413,7028,48221,17126,14937,4890,0.3097613073142407,0.28553077192572696,91205,26188,94942304256,27343183872,1.8913958648721512
toolagent_trace,0.0025,1.0,"l1=0.0025,l2x1",next_use,3,0,pi0,68248,202832,59853,262685,271080,202832,85272,7969,59853,21503,14997,4904,0.25056388150969877,0.22806120076268427,42573,14112,44425975808,14725928960,0.7112926670342339
toolagent_trace,0.0025,1.0,"l1=0.0025,l2x1",next_use,3,1,pi1,51831,219249,44082,263331,271080,219249,90395,7318,44082,16919,12993,4684,0.29474615489315364,0.2768485135055263,62405,19963,64954253312,20812828672,1.4156571843382786
toolagent_trace,0.0025,1.0,"l1=0.0025,l2x1",next_use,3,2,pi2,51551,219529,43944,263473,271080,219529,91728,7179,43944,15800,12733,4142,0.2897551429091571,0.2621518987341772,72335,20287,75216308224,21161482240,1.646072273803022
toolagent_trace,0.0025,1.0,"l1=0.0025,l2x1",next_use,3,3,pi3,57282,213798,49827,263625,271080,213798,89667,7027,49827,17881,15269,5035,0.3064402833804965,0.2815838040378055,90728,26649,94420002816,27830671360,1.8208601762096854
toolagent_trace,0.0025,1.0,"l1=0.0025,l2x1",next_use,2,0,pi0,67950,203130,59563,262693,271080,203130,85337,7961,59563,21427,14687,4848,0.24657925222033814,0.226256592150091,41335,13626,43152547840,14221142016,0.6939710894347162
toolagent_trace,0.0025,1.0,"l1=0.0025,l2x1",next_use,2,1,pi1,49409,221671,41552,263223,271080,221671,91243,7425,41552,16019,12459,4394,0.2998411628802464,0.2742992696173294,60419,18793,62846621696,19602581504,1.4540575664227955
toolagent_trace,0.0025,1.0,"l1=0.0025,l2x1",next_use,2,2,pi2,53230,217850,45710,263560,271080,217850,91732,7092,45710,15884,13171,4203,0.2881426383723474,0.2646058927222362,75972,21319,79180658688,22264922112,1.6620433165609276
toolagent_trace,0.0025,1.0,"l1=0.0025,l2x1",next_use,2,3,pi3,57730,213350,50209,263559,271080,213350,89603,7093,50209,17868,15327,5059,0.30526399649465236,0.28313185583165434,94135,26490,98039074816,27668154368,1.8748630723575455
conversation_trace,0.02,4.0,"l1=0.02,l2x4",binary,3,0,pi0,255717,5865,180885,186750,261582,5865,2753,60643,180885,78451,83293,35867,0.460474887359372,0.4571898382429797,372300,155824,390294831104,163392317440,2.058213782237333
conversation_trace,0.02,4.0,"l1=0.02,l2x4",binary,3,1,pi1,261582,0,186201,186201,261582,0,0,61010,186201,81221,84870,36510,0.4557977669292861,0.4495142881767031,405546,168589,420988780544,174889807872,2.178001192259977
conversation_trace,0.02,4.0,"l1=0.02,l2x4",binary,3,2,pi2,255292,6290,179903,186193,261582,6290,3048,61204,179903,78047,85251,36687,0.47387203103894876,0.47006291081015283,455301,188023,477291976704,197154334720,2.53081382745146
conversation_trace,0.02,4.0,"l1=0.02,l2x4",binary,3,3,pi3,261582,0,186196,186196,261582,0,0,60996,186196,81163,86481,37123,0.4644621796386603,0.4573882187696364,427046,176054,441063626752,181713225728,2.293529399127801
conversation_trace,0.02,4.0,"l1=0.02,l2x4",binary,4,0,pi0,255659,5923,180764,186687,261582,5923,2798,60707,180764,78373,83421,35934,0.4614912261290965,0.45849973843032676,373155,157258,391173124096,164896100352,2.0643214356840964
conversation_trace,0.02,4.0,"l1=0.02,l2x4",binary,4,1,pi1,261582,0,186283,186283,261582,0,0,60956,186283,81256,84200,36170,0.4520004509268157,0.4451363591611696,395769,164962,411611682816,171467874304,2.124557796470961
conversation_trace,0.02,4.0,"l1=0.02,l2x4",binary,4,2,pi2,255653,5929,180111,186040,261582,5929,2879,61355,180111,78115,84036,36216,0.4665789429851592,0.46362414389041795,408748,171430,428479094784,179753435136,2.26942274486289
conversation_trace,0.02,4.0,"l1=0.02,l2x4",binary,4,3,pi3,261581,1,186148,186149,261582,1,1,61058,186148,81148,84580,36359,0.4543696413606378,0.4480578695716469,407373,168272,423320178688,174716735488,2.18843608311666
toolagent_trace,0.0025,1.0,"l1=0.0025,l2x1",next_use,4,0,pi0,68280,202800,59902,262702,271080,202800,84873,7952,59902,21885,14963,4917,0.24979132583219257,0.22467443454420835,42184,13458,44003297280,14022008832,0.7042168875830523
toolagent_trace,0.0025,1.0,"l1=0.0025,l2x1",next_use,4,1,pi1,50989,220091,43271,263362,271080,220091,90405,7288,43271,16965,12676,4602,0.29294446627071247,0.271264367816092,64677,20577,67304390656,21451225088,1.4946962168657993
toolagent_trace,0.0025,1.0,"l1=0.0025,l2x1",next_use,4,2,pi2,52963,218117,45471,263588,271080,218117,91583,7064,45471,15991,13118,4161,0.2884915660530888,0.26020886748796196,77177,20527,80338696192,21422290944,1.697279584790306
toolagent_trace,0.0025,1.0,"l1=0.0025,l2x1",next_use,4,3,pi3,57816,213264,50454,263718,271080,213264,90119,6934,50454,17480,15354,4785,0.3043168034249019,0.2737414187643021,94743,24362,98532069376,25397338112,1.8778094898323225
toolagent_trace,0.0025,1.0,"l1=0.0025,l2x1",binary,0,0,pi0,71080,200000,63438,263438,271080,200000,83305,7217,63438,23567,15998,5329,0.25218323402377124,0.22612127126914755,46929,15692,49002653696,16367054848,0.739761657050979
toolagent_trace,0.0025,1.0,"l1=0.0025,l2x1",binary,0,1,pi1,51916,219164,45190,264354,271080,219164,93320,6299,45190,14758,12832,3334,0.2839566275724718,0.2259113701043502,76320,15780,79606003712,16476803072,1.6888692188537286
toolagent_trace,0.0025,1.0,"l1=0.0025,l2x1",binary,0,2,pi2,52351,218729,45074,263803,271080,218729,90901,6852,45074,16403,12888,3998,0.28592980432178194,0.24373590196915199,111209,29446,115764322304,30724108288,2.4672538492257177
toolagent_trace,0.0025,1.0,"l1=0.0025,l2x1",binary,0,3,pi3,46770,224310,40664,264974,271080,224310,96445,5679,40664,12018,11092,2106,0.2727719850481999,0.17523714428357465,70838,9113,73742770176,9484572672,1.742032264410781
toolagent_trace,0.0025,1.0,"l1=0.0025,l2x1",binary,1,0,pi0,70619,200461,63003,263464,271080,200461,83567,7191,63003,23288,15857,5279,0.2516864276304303,0.2266832703538303,46203,14995,48255891456,15654922240,0.7333460311413742
toolagent_trace,0.0025,1.0,"l1=0.0025,l2x1",binary,1,1,pi1,51394,219686,44704,264390,271080,219686,93266,6263,44704,14774,13101,3491,0.2930610236220472,0.2362934885609855,79369,16676,82748387328,17405065216,1.7754339656406586
toolagent_trace,0.0025,1.0,"l1=0.0025,l2x1",binary,1,2,pi2,53522,217558,46391,263949,271080,217558,90611,6705,46391,16855,13080,4001,0.28195124054234655,0.23737763274992585,115520,29681,120476004352,31006173184,2.49013817335259
toolagent_trace,0.0025,1.0,"l1=0.0025,l2x1",binary,1,3,pi3,43759,227321,37612,264933,271080,227321,97367,5720,37612,11109,10021,1890,0.266430926300117,0.17013232514177692,60884,6409,63315945472,6670272512,1.6187387004147613
toolagent_trace,0.0025,1.0,"l1=0.0025,l2x1",binary,2,0,pi0,70095,200985,62480,263465,271080,200985,83576,7190,62480,23280,15911,5309,0.25465749039692703,0.22804982817869415,46146,15175,48214939648,15839092736,0.7385723431498079
toolagent_trace,0.0025,1.0,"l1=0.0025,l2x1",binary,2,1,pi1,53318,217762,46553,264315,271080,217762,92670,6338,46553,15357,13737,3785,0.2950830236504629,0.24646740899915348,82516,18216,86080212992,19008579584,1.7725173458208923
toolagent_trace,0.0025,1.0,"l1=0.0025,l2x1",binary,2,2,pi2,51447,219633,44249,263882,271080,219633,91636,6773,44249,15810,12487,3778,0.2821984677619833,0.2389626818469323,102928,27213,107165839360,28400834560,2.3261090646116296
toolagent_trace,0.0025,1.0,"l1=0.0025,l2x1",binary,2,3,pi3,46848,224232,40708,264940,271080,224232,96156,5713,40708,12267,11090,2185,0.2724280239756313,0.1781201597782669,77346,10305,80563664896,10740090880,1.9000196521568242
toolagent_trace,0.0025,1.0,"l1=0.0025,l2x1",binary,3,0,pi0,70839,200241,63189,263430,271080,200241,83499,7225,63189,23359,16064,5368,0.254221462596338,0.22980435806327326,47514,15989,49597667328,16675010560,0.7519346721739544
toolagent_trace,0.0025,1.0,"l1=0.0025,l2x1",binary,3,1,pi1,53700,217380,46955,264335,271080,217380,92402,6318,46955,15643,13627,3732,0.29021403471408797,0.23857316371539986,77727,17364,81107881984,18121390080,1.6553508678521989
toolagent_trace,0.0025,1.0,"l1=0.0025,l2x1",binary,3,2,pi2,52549,218531,45330,263861,271080,218531,90871,6794,45330,16517,13029,4065,0.2874255459960291,0.24611006841436095,111118,29801,115787155456,31124905984,2.4513125965144495
toolagent_trace,0.0025,1.0,"l1=0.0025,l2x1",binary,3,3,pi3,46221,224859,40063,264922,271080,224859,96380,5731,40063,12079,10767,2083,0.26875171604722564,0.17244805033529265,73018,8902,76056322048,9269413888,1.8225794373861168
toolagent_trace,0.0025,1.0,"l1=0.0025,l2x1",binary,4,0,pi0,71032,200048,63409,263457,271080,200048,83277,7198,63409,23590,15957,5210,0.2516519736945859,0.2208562950402713,46915,15372,48981442560,16040923136,0.7398791969594222
toolagent_trace,0.0025,1.0,"l1=0.0025,l2x1",binary,4,1,pi1,52057,219023,45272,264295,271080,219023,92807,6358,45272,15201,13545,3835,0.2991915532779643,0.2522860338135649,81369,19001,84836253696,19835842560,1.7973361017847675
toolagent_trace,0.0025,1.0,"l1=0.0025,l2x1",binary,4,2,pi2,53104,217976,45905,263881,271080,217976,90814,6774,45905,16598,12765,3993,0.2780742838470755,0.24057115315098204,103552,28020,107836850176,29238300672,2.255789129724431
toolagent_trace,0.0025,1.0,"l1=0.0025,l2x1",binary,4,3,pi3,45747,225333,39600,264933,271080,225333,96448,5720,39600,12057,10545,2115,0.2662878787878788,0.17541677034088082,71144,9680,74024513536,10061488128,1.7965656565656565
toolagent_trace,0.0025,4.0,"l1=0.0025,l2x4",next_use,0,0,pi0,105878,165202,84483,249685,271080,165202,71081,19690,84483,30544,26298,8586,0.31128155960370724,0.2811026715557884,91339,28181,95287728128,29342668800,1.081152421197164
toolagent_trace,0.0025,4.0,"l1=0.0025,l2x4",next_use,0,1,pi1,99312,171768,79183,250951,271080,171768,72801,18421,79183,29416,29142,9954,0.3680335425533258,0.33838727223279846,136108,40707,142214123520,42523154432,1.7189043102686183
toolagent_trace,0.0025,4.0,"l1=0.0025,l2x4",next_use,0,2,pi2,98533,172547,78292,250839,271080,172547,73898,18535,78292,28251,28835,9701,0.36830072038011546,0.3433860748292096,153555,44607,160505276416,46606798848,1.9613115005364532
toolagent_trace,0.0025,4.0,"l1=0.0025,l2x4",next_use,0,3,pi3,98691,172389,78427,250816,271080,172389,73729,18558,78427,28397,28567,9590,0.36424955691279787,0.3377117301123358,142065,42798,148420679680,44715702272,1.8114297372078494
toolagent_trace,0.0025,4.0,"l1=0.0025,l2x4",next_use,1,0,pi0,105943,165137,84585,249722,271080,165137,71161,19654,84585,30487,26204,8560,0.3097948808890465,0.2807754124708892,88908,27663,92743243776,28828413952,1.0511083525447775
toolagent_trace,0.0025,4.0,"l1=0.0025,l2x4",next_use,1,1,pi1,98361,172719,78074,250793,271080,172719,73396,18580,78074,28718,28646,9584,0.3669083177498271,0.33372797548575805,133687,38409,139679234048,40107655168,1.712311396879883
toolagent_trace,0.0025,4.0,"l1=0.0025,l2x4",next_use,1,2,pi2,97930,173150,77563,250713,271080,173150,73970,18662,77563,28087,28501,9457,0.3674561324342792,0.33670381315199205,151098,42863,157786470400,44748259328,1.9480680221239508
toolagent_trace,0.0025,4.0,"l1=0.0025,l2x4",next_use,1,3,pi3,99168,171912,78797,250709,271080,171912,73475,18667,78797,28588,28981,9645,0.36779319009606964,0.33737931999440324,140745,41502,147051632640,43341531136,1.786172062388162
toolagent_trace,0.0025,4.0,"l1=0.0025,l2x4",next_use,2,0,pi0,106436,164644,85022,249666,271080,164644,70991,19709,85022,30613,26412,8666,0.31064900849191973,0.283082350635351,90682,28147,94603560960,29333540864,1.0665710051516077
toolagent_trace,0.0025,4.0,"l1=0.0025,l2x4",next_use,2,1,pi1,100919,170161,80930,251091,271080,170161,72146,18281,80930,30166,30012,10294,0.3708389966637835,0.3412451103891799,146443,45151,152997959680,47159101440,1.809502038798962
toolagent_trace,0.0025,4.0,"l1=0.0025,l2x4",next_use,2,2,pi2,98315,172765,78124,250889,271080,172765,73669,18487,78124,28507,29035,9796,0.3716527571552916,0.34363489669204056,152238,44896,159114844160,46901780480,1.9486713429931903
toolagent_trace,0.0025,4.0,"l1=0.0025,l2x4",next_use,2,3,pi3,98333,172747,78092,250839,271080,172747,74144,18534,78092,28038,28297,9429,0.3623546586077959,0.3362936015407661,138347,41480,144443420672,43293609984,1.7715899195820315
toolagent_trace,0.0025,4.0,"l1=0.0025,l2x4",next_use,3,0,pi0,106329,164751,84937,249688,271080,164751,70969,19688,84937,30661,26408,8613,0.31091279418863393,0.28091060304621507,90112,27685,93969195008,28843089920,1.0609275109787255
toolagent_trace,0.0025,4.0,"l1=0.0025,l2x4",next_use,3,1,pi1,99007,172073,78945,251018,271080,172073,72904,18352,78945,29340,29303,10014,0.3711824688073976,0.3413087934560327,140977,41596,147240361984,43442597888,1.7857622395338526
toolagent_trace,0.0025,4.0,"l1=0.0025,l2x4",next_use,3,2,pi2,100362,170718,80126,250844,271080,170718,73019,18532,80126,29123,29191,9724,0.36431370591318674,0.33389417299041996,151874,45196,158711986176,47213119488,1.8954396825000623
toolagent_trace,0.0025,4.0,"l1=0.0025,l2x4",next_use,3,3,pi3,97486,173594,77231,250825,271080,173594,74411,18550,77231,27726,28370,9485,0.36733953982209216,0.3420976700569862,146318,41511,152751923200,43342983168,1.894550115886108
toolagent_trace,0.0025,4.0,"l1=0.0025,l2x4",binary,0,0,pi0,118826,152254,98139,250393,271080,152254,65115,18986,98139,36522,33681,11808,0.3431968942010821,0.3233119763430261,123076,41694,128646729728,43567439872,1.2540987782634834
toolagent_trace,0.0025,4.0,"l1=0.0025,l2x4",binary,0,1,pi1,95721,175359,77225,252584,271080,175359,77774,16791,77225,25508,28867,8195,0.3738038200064746,0.3212717578798808,161924,32915,168687769600,34273185792,2.0967821301392036
toolagent_trace,0.0025,4.0,"l1=0.0025,l2x4",binary,0,2,pi2,98641,172439,78540,250979,271080,172439,71765,18398,78540,30374,29290,10517,0.3729309905780494,0.3462500823072365,242754,67210,253917097984,70261395456,3.0908326967150495
toolagent_trace,0.0025,4.0,"l1=0.0025,l2x4",binary,0,3,pi3,90598,180482,72522,253004,271080,180482,78146,16371,72522,25280,27118,8151,0.37392791153029425,0.32242879746835446,182294,38547,190176706560,40166227968,2.5136372411130417
toolagent_trace,0.0025,4.0,"l1=0.0025,l2x4",next_use,4,0,pi0,106385,164695,85037,249732,271080,164695,70803,19644,85037,30822,26397,8682,0.31041781812622743,0.28168191551489197,89916,27915,93786427392,29071253504,1.0573750249891223
toolagent_trace,0.0025,4.0,"l1=0.0025,l2x4",next_use,4,1,pi1,98234,172846,78064,250910,271080,172846,73315,18464,78064,28893,28970,9809,0.3711057593769215,0.3394939950853148,137015,39728,143162175488,41494446080,1.755162430825989
toolagent_trace,0.0025,4.0,"l1=0.0025,l2x4",next_use,4,2,pi2,97480,173600,77145,250745,271080,173600,74037,18631,77145,28079,28346,9349,0.36743794153866094,0.33295345275828914,148002,40942,154713999360,42760364032,1.9184911530235271
toolagent_trace,0.0025,4.0,"l1=0.0025,l2x4",next_use,4,3,pi3,99443,171637,79176,250813,271080,171637,73358,18562,79176,28754,29049,9858,0.36689148226735374,0.3428392571468317,144243,43396,150766360576,45335476224,1.821802061230676
toolagent_trace,0.0025,4.0,"l1=0.0025,l2x4",binary,1,0,pi0,118810,152270,98131,250401,271080,152270,64981,18978,98131,36654,33750,11829,0.34392801459273825,0.3227205761990506,122950,41762,128454901760,43620472832,1.252917019086731
toolagent_trace,0.0025,4.0,"l1=0.0025,l2x4",binary,1,1,pi1,94395,176685,75806,252491,271080,176685,77742,16882,75806,25484,28246,8281,0.3726090283091048,0.3249489876000628,150378,32641,156637898752,33970122752,1.9837216051499882
toolagent_trace,0.0025,4.0,"l1=0.0025,l2x4",binary,1,2,pi2,98688,172392,78493,250885,271080,172392,71978,18493,78493,30139,29550,10519,0.37646669129731314,0.34901622482497763,257804,70488,269775996928,73721917440,3.2844202667753812
toolagent_trace,0.0025,4.0,"l1=0.0025,l2x4",binary,1,3,pi3,89879,181201,71714,252915,271080,181201,78940,16461,71714,24505,26337,7542,0.3672504671333352,0.30777392368904305,171416,34859,178748094464,36323493888,2.3902724712050647
toolagent_trace,0.0025,4.0,"l1=0.0025,l2x4",binary,2,0,pi0,118637,152443,97967,250410,271080,152443,64882,18969,97967,36725,33802,11961,0.34503455245133563,0.3256909462219197,122542,42000,128071311360,43868901376,1.250849775944961
toolagent_trace,0.0025,4.0,"l1=0.0025,l2x4",binary,2,1,pi1,93257,177823,74861,252684,271080,177823,78325,16690,74861,25004,27602,8044,0.3687100092170823,0.3217085266357383,147488,31422,153664243712,32706347008,1.9701580262085732
toolagent_trace,0.0025,4.0,"l1=0.0025,l2x4",binary,2,2,pi2,99928,171152,79781,250933,271080,171152,71684,18445,79781,30414,29856,10570,0.3742244394028653,0.34753731834023804,253135,69477,264907524096,72679153664,3.1728732404958575
toolagent_trace,0.0025,4.0,"l1=0.0025,l2x4",binary,2,3,pi3,92750,178330,74582,252912,271080,178330,77746,16463,74582,25703,28168,8315,0.3776782601700142,0.3235030930241606,199162,39637,207779096576,41318598656,2.67037623018959
toolagent_trace,0.0025,4.0,"l1=0.0025,l2x4",binary,3,0,pi0,118561,152519,97910,250429,271080,152519,65195,18950,97910,36458,33859,11990,0.345817587580431,0.32887157825442975,122226,42597,127729346560,44499894272,1.248350525993259
toolagent_trace,0.0025,4.0,"l1=0.0025,l2x4",binary,3,1,pi1,94095,176985,75572,252557,271080,176985,78151,16817,75572,25048,28042,7947,0.37106335679881436,0.31727083998722455,143776,30042,149740429312,31246047232,1.902503572751813
toolagent_trace,0.0025,4.0,"l1=0.0025,l2x4",binary,3,2,pi2,101130,169950,80984,250934,271080,169950,70889,18444,80984,31236,30207,10726,0.3729996048602193,0.343385836854911,262157,73668,274323847168,77042698240,3.237145609009187
toolagent_trace,0.0025,4.0,"l1=0.0025,l2x4",binary,3,3,pi3,90469,180611,72570,253181,271080,180611,79056,16192,72570,24553,27051,7710,0.37275733774286895,0.3140145807029691,184846,35006,192749488128,36468264960,2.5471406917459003
toolagent_trace,0.0025,4.0,"l1=0.0025,l2x4",binary,4,0,pi0,118742,152338,98056,250394,271080,152338,65174,18985,98056,36459,33555,11649,0.3422024149465612,0.3195095861104254,122076,41002,127599339520,42854066176,1.244962062494901
toolagent_trace,0.0025,4.0,"l1=0.0025,l2x4",binary,4,1,pi1,94146,176934,75706,252640,271080,176934,78313,16732,75706,25004,27873,7914,0.36817425303146384,0.31650935850263956,142312,31330,148244039680,32626464768,1.8797981665918158
toolagent_trace,0.0025,4.0,"l1=0.0025,l2x4",binary,4,2,pi2,99573,171507,79443,250950,271080,171507,71768,18428,79443,30365,29464,10405,0.3708822677894843,0.3426642516054668,254646,69611,266459811840,72790851584,3.2053925455987313
toolagent_trace,0.0025,4.0,"l1=0.0025,l2x4",binary,4,3,pi3,90147,180933,72013,252946,271080,180933,78953,16430,72013,24537,26725,7751,0.37111354894255205,0.315890288136284,183845,35859,191717298176,37356500992,2.5529418299473705
toolagent_trace,0.01,1.0,"l1=0.01,l2x1",next_use,0,0,pi0,139642,126063,118847,244910,265705,126063,55350,19090,118847,44676,42732,15164,0.35955472161686874,0.3394216133942161,158956,50435,166125266944,52641329152,1.3374843285905407
toolagent_trace,0.01,1.0,"l1=0.01,l2x1",next_use,0,1,pi1,119437,146268,99502,245770,265705,146268,61276,18229,99502,39428,40003,15412,0.4020321199573878,0.39088972303946434,239302,78017,250031052800,81574461440,2.404996884484734
toolagent_trace,0.01,1.0,"l1=0.01,l2x1",next_use,0,2,pi2,120038,145667,100175,245842,265705,145667,61125,18158,100175,39655,41278,15884,0.41205889693037184,0.40055478502080444,286618,89098,299976267776,93241382912,2.861172947342151
toolagent_trace,0.01,1.0,"l1=0.01,l2x1",next_use,0,3,pi3,117210,148495,97319,245814,265705,148495,61735,18185,97319,39050,39974,15735,0.41075226831348455,0.4029449423815621,270658,88573,283046729728,92671277056,2.781142428508308
toolagent_trace,0.01,1.0,"l1=0.01,l2x1",next_use,1,0,pi0,139594,126111,118773,244884,265705,126111,55216,19117,118773,44780,42699,15188,0.35950089666843477,0.339169271996427,159568,50844,166740660224,53076113408,1.3434703173280123
toolagent_trace,0.01,1.0,"l1=0.01,l2x1",next_use,1,1,pi1,117339,148366,97484,245850,265705,148366,61841,18147,97484,38900,38792,15155,0.39793196832300687,0.38958868894601545,215341,72043,225158375424,75337084928,2.208988141643757
toolagent_trace,0.01,1.0,"l1=0.01,l2x1",next_use,1,2,pi2,115251,150454,95324,245778,265705,150454,62357,18221,95324,38400,39452,15416,0.4138726868364735,0.4014583333333333,282847,89833,295909584896,93994094592,2.967217070202677
toolagent_trace,0.01,1.0,"l1=0.01,l2x1",next_use,1,3,pi3,117239,148466,97187,245653,265705,148466,61692,18347,97187,38978,40243,15499,0.414078014549271,0.3976345630868695,289824,88969,303297257472,93079838720,2.982127239239816
toolagent_trace,0.01,1.0,"l1=0.01,l2x1",next_use,2,0,pi0,139605,126100,118824,244924,265705,126100,55524,19075,118824,44509,42738,15104,0.35967481316905675,0.33934709833966165,158531,50418,165665998848,52648480768,1.3341664983505015
toolagent_trace,0.01,1.0,"l1=0.01,l2x1",next_use,2,1,pi1,119317,146388,99465,245853,265705,146388,61520,18144,99465,39166,40261,15468,0.4047755491881566,0.39493438186181895,243924,78412,255211933696,82039427072,2.4523601266777257
toolagent_trace,0.01,1.0,"l1=0.01,l2x1",next_use,2,2,pi2,117959,147746,98095,245841,265705,147746,61793,18158,98095,38965,40559,15693,0.4134665375401397,0.4027460541511613,294600,94449,308157632512,98822617088,3.0032111728426525
toolagent_trace,0.01,1.0,"l1=0.01,l2x1",next_use,2,3,pi3,116919,148786,96946,245732,265705,148786,61958,18267,96946,38710,40236,15573,0.4150351742207002,0.4022991475071041,276339,86544,289230196736,90552133632,2.850442514389454
toolagent_trace,0.01,1.0,"l1=0.01,l2x1",binary,0,0,pi0,141169,124536,120930,245466,265705,124536,53831,18537,120930,46298,44486,16529,0.3678657074340528,0.35701326191196164,175708,64273,183699935232,67161622528,1.4529727941784503
toolagent_trace,0.01,1.0,"l1=0.01,l2x1",binary,0,1,pi1,106375,159330,87586,246916,265705,159330,70135,17067,87586,31289,33349,10806,0.3807571986390519,0.34536098948512256,220530,49588,229603004416,51673622528,2.5178681524444544
toolagent_trace,0.01,1.0,"l1=0.01,l2x1",binary,0,2,pi2,107454,158251,87333,245584,265705,158251,66279,18420,87333,34194,33601,12262,0.38474574330436373,0.3586009241387378,302605,84043,316731893760,87908714496,3.4649559731144013
toolagent_trace,0.01,1.0,"l1=0.01,l2x1",binary,0,3,pi3,105402,160303,86741,247044,265705,160303,70680,16944,86741,30957,32667,10327,0.37660391279786953,0.3335917563071357,241485,48224,251335790592,50245888000,2.7839775884529807
toolagent_trace,0.01,1.0,"l1=0.01,l2x1",next_use,4,0,pi0,139933,125772,119123,244895,265705,125772,55025,19105,119123,44993,42643,15125,0.35797453052727013,0.3361634031960527,159585,49638,166765965312,51788484608,1.3396657236637761
toolagent_trace,0.01,1.0,"l1=0.01,l2x1",next_use,4,1,pi1,118710,146995,98877,245872,265705,146995,61609,18128,98877,39161,39948,15454,0.40401711216966535,0.3946273077807002,240141,76934,250964563968,80452790272,2.4286841226978972
toolagent_trace,0.01,1.0,"l1=0.01,l2x1",next_use,4,2,pi2,118849,146856,98945,245801,265705,146856,61378,18199,98945,39368,40808,15830,0.412431148617919,0.4021032310505995,284246,88356,297469917184,92437250048,2.872767699226843
toolagent_trace,0.01,1.0,"l1=0.01,l2x1",next_use,4,3,pi3,118763,146942,98859,245801,265705,146942,61406,18198,98859,39298,40633,15608,0.41101973517838536,0.39717033945747876,283984,89848,296828340224,93984577536,2.8726165548913096
toolagent_trace,0.01,1.0,"l1=0.01,l2x1",next_use,3,0,pi0,139762,125943,118973,244916,265705,125943,55511,19084,118973,44516,42884,15113,0.3604515310196431,0.3394959115823524,160628,49833,167883808768,52011290624,1.3501214561287014
toolagent_trace,0.01,1.0,"l1=0.01,l2x1",next_use,3,1,pi1,118536,147169,98562,245731,265705,147169,61650,18266,98562,39018,39839,15294,0.404202430957164,0.3919729355681993,237521,76738,248131835904,80237498368,2.4098638420486598
toolagent_trace,0.01,1.0,"l1=0.01,l2x1",next_use,3,2,pi2,116952,148753,97029,245782,265705,148753,61429,18218,97029,39294,40387,15910,0.41623638293706006,0.4048964218455744,284525,93368,297769103360,97711130624,2.9323707345226686
toolagent_trace,0.01,1.0,"l1=0.01,l2x1",next_use,3,3,pi3,115451,150254,95503,245757,265705,150254,62507,18239,95503,38263,39639,15437,0.4150550244494937,0.40344458092674385,286873,92832,299883610112,97102886912,3.0038113985948085
toolagent_trace,0.01,1.0,"l1=0.01,l2x1",binary,1,0,pi0,140944,124761,120761,245522,265705,124761,54246,18480,120761,45896,44439,16539,0.3679913217015427,0.36035820115042705,173836,64216,181736923136,67105587200,1.4395044757827444
toolagent_trace,0.01,1.0,"l1=0.01,l2x1",binary,1,1,pi1,108242,157463,89390,246853,265705,157463,69655,17135,89390,31702,34122,10932,0.38172055039713615,0.3448362879313608,225948,48961,235080200192,50976841728,2.5276652869448486
toolagent_trace,0.01,1.0,"l1=0.01,l2x1",binary,1,2,pi2,107078,158627,86983,245610,265705,158627,66465,18392,86983,33997,33578,12400,0.3860294540312475,0.36473806512339324,301600,86840,315696183296,90862188544,3.4673441936930205
toolagent_trace,0.01,1.0,"l1=0.01,l2x1",binary,1,3,pi3,105862,159843,87098,246941,265705,159843,70533,17049,87098,31018,32663,10206,0.3750143516498657,0.32903475401379845,240699,46812,250477758464,48727406592,2.763542216813245
toolagent_trace,0.01,1.0,"l1=0.01,l2x1",binary,2,0,pi0,140404,125301,120255,245556,265705,125301,54196,18447,120255,45971,44296,16499,0.36835058833312545,0.3589001761980379,176302,64745,184384974848,67680921600,1.4660679389630369
toolagent_trace,0.01,1.0,"l1=0.01,l2x1",binary,2,1,pi1,109925,155780,91036,246816,265705,155780,68897,17171,91036,32456,34873,11271,0.38306823674150886,0.34727015035740694,231778,51035,241117661184,53157273600,2.5460037787249
toolagent_trace,0.01,1.0,"l1=0.01,l2x1",binary,2,2,pi2,104965,160740,84863,245603,265705,160740,67439,18397,84863,33025,32607,11987,0.3842310547588466,0.3629674489023467,292343,81918,305985005568,85693401088,3.444881750586239
toolagent_trace,0.01,1.0,"l1=0.01,l2x1",binary,2,3,pi3,106657,159048,87935,246983,265705,159048,69699,17005,87935,31821,33481,10788,0.38074714277591404,0.33902140096162914,248075,53403,258194157568,55636180992,2.82111787115483
toolagent_trace,0.01,1.0,"l1=0.01,l2x1",binary,3,0,pi0,140494,125211,120362,245573,265705,125211,54298,18427,120362,45870,44486,16607,0.36960170153370664,0.3620449095269239,174146,63915,182084708352,66796144640,1.4468519964772935
toolagent_trace,0.01,1.0,"l1=0.01,l2x1",binary,3,1,pi1,105978,159727,87102,246829,265705,159727,70206,17157,87102,31195,33209,10779,0.3812656425799637,0.3455361436127585,214144,49584,222887184384,51649589248,2.4585428577989026
toolagent_trace,0.01,1.0,"l1=0.01,l2x1",binary,3,2,pi2,106607,159098,86522,245620,265705,159098,66774,18382,86522,33703,33563,12320,0.3879129007651233,0.3655460938195413,303907,87980,318120564736,92041232384,3.5124823744250016
toolagent_trace,0.01,1.0,"l1=0.01,l2x1",binary,3,3,pi3,104677,161028,85972,247000,265705,161028,70695,16992,85972,30852,32343,10266,0.37620388033313173,0.33274990276157135,231969,48336,241410234368,50330368000,2.6981924347461965
toolagent_trace,0.01,1.0,"l1=0.01,l2x1",binary,4,0,pi0,141093,124612,120954,245566,265705,124612,53904,18434,120954,46257,44557,16607,0.3683797146022455,0.35901593272369586,175718,64332,183718461440,67232505856,1.4527671676835823
toolagent_trace,0.01,1.0,"l1=0.01,l2x1",binary,4,1,pi1,106582,159123,87596,246719,265705,159123,69831,17270,87596,31472,33715,10963,0.3848920042011051,0.3483413828164718,213589,51374,222301118464,53528264704,2.4383419334216176
toolagent_trace,0.01,1.0,"l1=0.01,l2x1",binary,4,2,pi2,107062,158643,87082,245725,265705,158643,66815,18279,87082,33784,33720,12276,0.3872212397510392,0.3633672744494435,305776,82746,320028514304,86554431488,3.5113571116878344
toolagent_trace,0.01,1.0,"l1=0.01,l2x1",binary,4,3,pi3,106538,159167,87664,246831,265705,159167,69733,17161,87664,31759,33123,10712,0.377840390582223,0.3372902169463774,238346,50166,248131360768,52262852608,2.718858368315386
toolagent_trace,0.01,4.0,"l1=0.01,l2x4",next_use,0,0,pi0,262399,3306,208258,211564,265705,3306,2393,47262,208258,85619,87967,35989,0.42239433779254576,0.42033894345881173,417870,162923,436509204480,170272595968,2.0065015509608273
toolagent_trace,0.01,4.0,"l1=0.01,l2x4",next_use,0,1,pi1,250199,15506,195604,211110,265705,15506,7449,47763,195604,80179,86988,35179,0.44471483200752543,0.4387557839334489,462280,174805,484468989952,183160307712,2.3633463528353205
toolagent_trace,0.01,4.0,"l1=0.01,l2x4",next_use,0,2,pi2,261910,3795,207203,210998,265705,3795,2831,47792,207203,84804,85703,34653,0.4136185286892564,0.408624593179567,381495,145127,397494104064,151090196480,1.841165427141499
toolagent_trace,0.01,4.0,"l1=0.01,l2x4",next_use,0,3,pi3,251234,14471,196240,210711,265705,14471,6772,48155,196240,80670,86118,35071,0.4388401956787607,0.4347464980785918,403178,155679,422508769280,163094130688,2.054514879739095
toolagent_trace,0.01,4.0,"l1=0.01,l2x4",next_use,1,0,pi0,262398,3307,208197,211504,265705,3307,2366,47304,208197,85598,87656,35861,0.42102431831390463,0.41894670436225145,418833,164896,437456506880,172285310976,2.0117148662084468
toolagent_trace,0.01,4.0,"l1=0.01,l2x4",next_use,1,1,pi1,250798,14907,196351,211258,265705,14907,7002,47615,196351,80653,87232,35331,0.444265626352807,0.438061820391058,452962,170090,474651711488,178161567744,2.3068993791730117
toolagent_trace,0.01,4.0,"l1=0.01,l2x4",next_use,1,2,pi2,259456,6249,204808,211057,265705,6249,4288,47763,204808,83405,86875,35023,0.42417776649349637,0.41991487320904025,456497,173582,477062797312,181356668928,2.2289021913206515
toolagent_trace,0.01,4.0,"l1=0.01,l2x4",next_use,1,3,pi3,250540,15165,195904,211069,265705,15165,7254,47807,195904,80417,85456,34494,0.43621365566808235,0.42893915465635374,392338,148321,411148122112,155387748352,2.002705406729827
toolagent_trace,0.01,4.0,"l1=0.01,l2x4",next_use,2,0,pi0,262502,3203,208386,211589,265705,3203,2283,47228,208386,85674,87897,35887,0.421798969220581,0.4188785395802694,420747,164288,439440037888,171673712640,2.0190751777950533
toolagent_trace,0.01,4.0,"l1=0.01,l2x4",next_use,2,1,pi1,250943,14762,196402,211164,265705,14762,6911,47712,196402,80770,87209,35508,0.44403315648516817,0.4396186702983781,446297,171273,467696848896,179437178880,2.272364843535198
toolagent_trace,0.01,4.0,"l1=0.01,l2x4",next_use,2,2,pi2,254637,11068,199773,210841,265705,11068,7124,48013,199773,80456,83335,33004,0.4171484635060794,0.41021179278114744,367087,134334,384184078336,140537733120,1.8375205858649568
toolagent_trace,0.01,4.0,"l1=0.01,l2x4",next_use,2,3,pi3,250061,15644,195230,210874,265705,15644,7733,48000,195230,79753,84972,34133,0.43524048558110945,0.427983900292152,387077,145379,405602125824,152288925696,1.982671720534754
toolagent_trace,0.01,4.0,"l1=0.01,l2x4",next_use,3,0,pi0,262365,3340,208226,211566,265705,3340,2379,47254,208226,85644,87595,35777,0.4206727305908004,0.41774088085563493,419624,163602,438350376960,170963539968,2.01523344827255
toolagent_trace,0.01,4.0,"l1=0.01,l2x4",next_use,3,1,pi1,251639,14066,197018,211084,265705,14066,6514,47785,197018,81160,87417,35612,0.44370057558192655,0.43878758008871366,447567,172438,469017024512,180649955328,2.271706138525414
toolagent_trace,0.01,4.0,"l1=0.01,l2x4",next_use,3,2,pi2,260258,5447,205608,211055,265705,5447,3827,47764,205608,83827,85107,34196,0.4139284463639547,0.4079353907452253,379084,142970,395778816000,149228050432,1.8437220341620948
toolagent_trace,0.01,4.0,"l1=0.01,l2x4",next_use,3,3,pi3,250218,15487,195657,211144,265705,15487,7377,47726,195657,80297,86782,35116,0.4435415037540185,0.4373264256447937,459917,175230,481960372224,183570630656,2.35062890670919
toolagent_trace,0.01,4.0,"l1=0.01,l2x4",binary,0,0,pi0,251991,13714,197550,211264,265705,13714,6107,47618,197550,81618,87171,35795,0.44126044039483675,0.4385674728613786,426853,167968,447500048384,176102109184,2.1607339913945838
toolagent_trace,0.01,4.0,"l1=0.01,l2x4",binary,0,1,pi1,258493,7212,205376,212588,265705,7212,6101,46236,205376,82503,89685,34766,0.4366868572764101,0.4213907373065222,543358,168671,560700506112,173721219072,2.645674275475226
toolagent_trace,0.01,4.0,"l1=0.01,l2x4",binary,0,2,pi2,248069,17636,194126,211762,265705,17636,9064,47121,194126,78789,88359,35102,0.45516314146482184,0.4455190445366739,625690,208639,655122120704,218288605184,3.2231128236300135
toolagent_trace,0.01,4.0,"l1=0.01,l2x4",binary,0,3,pi3,261264,4441,207470,211911,265705,4441,3586,46914,207470,84561,91051,36349,0.43886345013736927,0.4298553706791547,614875,207447,636056236032,214222159872,2.963681496119921
toolagent_trace,0.01,4.0,"l1=0.01,l2x4",next_use,4,0,pi0,262394,3311,208186,211497,265705,3311,2390,47319,208186,85570,87838,35867,0.42192078237729724,0.41915390908028516,419818,165273,438535653376,172734349312,2.016552505932195
toolagent_trace,0.01,4.0,"l1=0.01,l2x4",next_use,4,1,pi1,249027,16678,194407,211085,265705,16678,8300,47787,194407,79348,85064,34234,0.4375562608342292,0.4314412461561728,392424,146495,411174381568,153432469504,2.018569290200456
toolagent_trace,0.01,4.0,"l1=0.01,l2x4",next_use,4,2,pi2,253576,12129,198742,210871,265705,12129,6878,47991,198742,80721,85144,34408,0.4284147286431655,0.4262583466508096,393649,149407,412432412672,156492783616,1.9807036258063218
toolagent_trace,0.01,4.0,"l1=0.01,l2x4",next_use,4,3,pi3,250002,15703,195087,210790,265705,15703,8267,48085,195087,79205,84214,33861,0.4316740736184369,0.42751088946404897,374757,141325,392655716352,148019191808,1.9209737194174907
toolagent_trace,0.01,4.0,"l1=0.01,l2x4",binary,1,0,pi0,252007,13698,197516,211214,265705,13698,6084,47672,197516,81659,87681,36072,0.44391846736466917,0.44173942859941956,428619,170707,449346926592,178969921536,2.170046983535511
toolagent_trace,0.01,4.0,"l1=0.01,l2x4",binary,1,1,pi1,258274,7431,205083,212514,265705,7431,6101,46302,205083,82434,90170,34974,0.4396756435199407,0.42426668607613366,544577,175604,561158821888,180662949888,2.6553980583471084
toolagent_trace,0.01,4.0,"l1=0.01,l2x4",binary,1,2,pi2,245376,20329,191415,211744,265705,20329,10805,47129,191415,77060,87014,34086,0.45458297416607896,0.44233065144043604,620444,201181,649551740928,210424555520,3.2413551707024006
toolagent_trace,0.01,4.0,"l1=0.01,l2x4",binary,1,3,pi3,262424,3281,208620,211901,265705,3281,2676,46917,208620,85501,91590,36766,0.4390278976128847,0.43000666658869485,589203,204749,608814243840,211187529728,2.8242881794650563
toolagent_trace,0.01,4.0,"l1=0.01,l2x4",binary,2,0,pi0,252163,13542,197647,211189,265705,13542,6017,47695,197647,81672,86974,35719,0.4400471547759389,0.4373469487706925,422867,169109,443289204736,177275850752,2.1395062915197296
toolagent_trace,0.01,4.0,"l1=0.01,l2x4",binary,2,1,pi1,258229,7476,205297,212773,265705,7476,6276,46026,205297,82436,92468,35587,0.45041086815686543,0.43169246445727594,534088,168651,546810566656,172228714496,2.6015382592049567
toolagent_trace,0.01,4.0,"l1=0.01,l2x4",binary,2,2,pi2,246359,19346,192529,211875,265705,19346,10128,47005,192529,77821,87867,34689,0.4563831942200915,0.44575371686305754,645717,214227,675990411264,224051806208,3.3538687678219903
toolagent_trace,0.01,4.0,"l1=0.01,l2x4",binary,2,3,pi3,262615,3090,208770,211860,265705,3090,2622,46928,208770,85515,95330,38107,0.456626909996647,0.44561772788399695,620005,214494,636206088192,219565889536,2.9697993006658043
toolagent_trace,0.01,4.0,"l1=0.01,l2x4",binary,3,0,pi0,252161,13544,197670,211214,265705,13544,6034,47665,197670,81689,87239,35664,0.4413365710527647,0.4365826488266474,425892,168340,446476376064,176466812928,2.154560631355289
toolagent_trace,0.01,4.0,"l1=0.01,l2x4",binary,3,1,pi1,255388,10317,202465,212782,265705,10317,8553,46050,202465,80234,88292,33460,0.43608524930234854,0.41703018670389114,521777,156283,537710848000,160835028992,2.577121971698812
toolagent_trace,0.01,4.0,"l1=0.01,l2x4",binary,3,2,pi2,248525,17180,194576,211756,265705,17180,8619,47115,194576,79164,89092,35554,0.4578776416413124,0.4491182860896367,654801,225067,685672714240,235502338048,3.365271153688019
toolagent_trace,0.01,4.0,"l1=0.01,l2x4",binary,3,3,pi3,261670,4035,207937,211972,265705,4035,3229,46853,207937,84963,92546,37003,0.4450674964051612,0.4355189906194461,654129,224309,675154040832,231162949632,3.1458037771055656
toolagent_trace,0.02,1.0,"l1=0.02,l2x1",next_use,0,0,pi0,196799,59170,162636,221806,255969,59170,34831,30745,162636,56704,61057,19922,0.37542118596128776,0.35133323927765236,225079,71007,234625177600,73970155520,1.38394328438968
toolagent_trace,0.02,1.0,"l1=0.02,l2x1",next_use,0,1,pi1,164210,91759,129333,221092,255969,91759,43239,31464,129333,47861,51744,18202,0.4000835053698592,0.3803096466851925,298470,87819,311888336896,91674796032,2.3077636798032986
toolagent_trace,0.02,1.0,"l1=0.02,l2x1",next_use,0,2,pi2,156471,99498,121384,220882,255969,99498,45573,31670,121384,45587,46566,16719,0.3836255190140381,0.36674929256147587,265200,80064,276919480320,83542937600,2.1848019508337178
toolagent_trace,0.02,1.0,"l1=0.02,l2x1",next_use,0,3,pi3,150890,105079,115826,220905,255969,105079,46794,31648,115826,44316,43935,16167,0.3793189784677016,0.3648118061196859,248919,79227,259577970688,82634727424,2.1490770638716694
toolagent_trace,0.02,1.0,"l1=0.02,l2x1",next_use,1,0,pi0,196461,59508,162316,221824,255969,59508,35090,30727,162316,56446,60929,19763,0.3753727297370561,0.3501222407256493,226477,70113,236041455616,73028126720,1.3952845067645827
toolagent_trace,0.02,1.0,"l1=0.02,l2x1",next_use,1,1,pi1,164149,91820,129314,221134,255969,91820,43074,31417,129314,47979,51950,18260,0.40173531094854387,0.38058317180433104,296250,88043,309680855040,91935137792,2.290935242897134
toolagent_trace,0.02,1.0,"l1=0.02,l2x1",next_use,1,2,pi2,158301,97668,123399,221067,255969,97668,44318,31482,123399,46975,45594,16667,0.36948435562686893,0.3548057477381586,257920,79914,267831033856,83156602880,2.0901303900355757
toolagent_trace,0.02,1.0,"l1=0.02,l2x1",next_use,1,3,pi3,150972,104997,115904,220901,255969,104997,46968,31650,115904,44169,45526,16652,0.39279058531198235,0.3770064977699291,270920,84498,283264571392,88252372992,2.337451684152402
toolagent_trace,0.01,4.0,"l1=0.01,l2x4",binary,4,0,pi0,252183,13522,197687,211209,265705,13522,5961,47664,197687,81755,87020,35764,0.4401908066792455,0.4374533667665586,420714,166730,441047224320,174799951872,2.1281824298006446
toolagent_trace,0.01,4.0,"l1=0.01,l2x4",binary,4,1,pi1,255258,10447,202336,212783,265705,10447,8556,46030,202336,80163,89346,33815,0.4415724339712162,0.42182802539825104,527998,158904,542369456128,162930790400,2.609510912541515
toolagent_trace,0.01,4.0,"l1=0.01,l2x4",binary,4,2,pi2,249180,16525,195198,211723,265705,16525,8147,47159,195198,79719,89063,35818,0.4562700437504483,0.44930317741065495,620247,217609,649436381184,227672899584,3.177527433682722
toolagent_trace,0.01,4.0,"l1=0.01,l2x4",binary,4,3,pi3,259258,6447,205513,211960,265705,6447,5225,46850,205513,83047,91592,35759,0.44567496946665175,0.4305874986453454,588925,190750,605946685440,195953000448,2.8656338041875697
toolagent_trace,0.02,1.0,"l1=0.02,l2x1",next_use,2,0,pi0,196052,59917,161953,221870,255969,59917,35319,30684,161953,56249,60800,19584,0.37541755941538596,0.3481661896211488,225291,69049,234909050880,71962705920,1.3910887726686136
toolagent_trace,0.02,1.0,"l1=0.02,l2x1",next_use,2,1,pi1,163210,92759,128565,221324,255969,92759,43585,31230,128565,47561,52213,18407,0.4061214171819702,0.38701877588780725,310704,92002,324840566784,96106528768,2.4167075020417688
toolagent_trace,0.02,1.0,"l1=0.02,l2x1",next_use,2,2,pi2,150437,105532,115382,220914,255969,105532,46441,31639,115382,44739,43477,16424,0.37680920767537396,0.367106998368314,249507,78260,260413409280,81664010240,2.162443015375015
toolagent_trace,0.02,1.0,"l1=0.02,l2x1",next_use,2,3,pi3,148739,107230,113651,220881,255969,107230,47524,31671,113651,43571,43981,16365,0.38698295659519055,0.37559385830024555,251303,80011,262613536768,83535812608,2.2111815998099447
toolagent_trace,0.02,1.0,"l1=0.02,l2x1",next_use,3,0,pi0,196223,59746,162090,221836,255969,59746,35419,30718,162090,56133,60707,19614,0.37452649762477636,0.349420127197905,224704,69526,234212655104,72409866240,1.3862915664137208
toolagent_trace,0.02,1.0,"l1=0.02,l2x1",next_use,3,1,pi1,168026,87943,133132,221075,255969,87943,42227,31476,133132,48864,52805,18344,0.3966364209957035,0.3754092992796333,286999,84316,299969460224,88044582912,2.155747678995283
toolagent_trace,0.02,1.0,"l1=0.02,l2x1",next_use,3,2,pi2,162043,93926,126991,220917,255969,93926,43946,31632,126991,47253,47943,16999,0.3775306911513414,0.3597443548557763,269702,80258,281075116032,83714652160,2.1237882999582647
toolagent_trace,0.02,1.0,"l1=0.02,l2x1",next_use,3,3,pi3,156234,99735,121165,220900,255969,99735,45936,31650,121165,45171,46818,16757,0.38639871249948415,0.3709680990015718,265395,81392,277303142400,84971347968,2.190360252548178
toolagent_trace,0.02,1.0,"l1=0.02,l2x1",next_use,4,0,pi0,196432,59537,162303,221840,255969,59537,35349,30714,162303,56223,60961,19664,0.3755999581030542,0.3497501022713125,226467,69084,236111067136,71956205568,1.3953346518548642
toolagent_trace,0.02,1.0,"l1=0.02,l2x1",next_use,4,1,pi1,155295,100674,120462,221136,255969,100674,45365,31416,120462,45761,47474,17298,0.3940993840381199,0.3780074736129018,268433,83545,280607080448,87238242304,2.2283624711527286
toolagent_trace,0.02,1.0,"l1=0.02,l2x1",next_use,4,2,pi2,157308,98661,122240,220901,255969,98661,45053,31646,122240,46140,45968,16668,0.3760471204188482,0.3612483745123537,254032,78587,264980989952,81984477184,2.0781413612565447
toolagent_trace,0.02,1.0,"l1=0.02,l2x1",next_use,4,3,pi3,148226,107743,113354,221097,255969,107743,47507,31451,113354,43681,43733,16254,0.3858090583481836,0.37210686568530943,256574,82627,267974348800,86301601792,2.2634754838823508
toolagent_trace,0.02,1.0,"l1=0.02,l2x1",binary,0,0,pi0,200089,55880,165738,221618,255969,55880,28337,30939,165738,62965,64013,23251,0.38623007397217296,0.36926864130866355,231432,78712,241788930048,82141403136,1.396372588060674
toolagent_trace,0.02,1.0,"l1=0.02,l2x1",binary,0,1,pi1,153384,102585,118969,221554,255969,102585,48168,30994,118969,43447,46208,15564,0.3884037018046718,0.3582295670587152,306128,83198,316987594752,86532184064,2.5731745244559505
toolagent_trace,0.02,1.0,"l1=0.02,l2x1",binary,0,2,pi2,139303,116666,104252,220918,255969,116666,50124,31641,104252,41063,42181,16218,0.4046061466446687,0.3949540949273068,317968,101650,332631658496,106265333760,3.0499942447147297
toolagent_trace,0.02,1.0,"l1=0.02,l2x1",binary,0,3,pi3,141247,114722,106226,220948,255969,114722,49682,31606,106226,41495,41073,15433,0.3866567507013349,0.37192432823231714,290050,87572,301564434432,91302653952,2.7304991245081243
toolagent_trace,0.02,1.0,"l1=0.02,l2x1",binary,1,0,pi0,200071,55898,165608,221506,255969,55898,28473,31046,165608,62788,63705,22986,0.38467344572725953,0.3660890616041282,229766,78048,240016558080,81453893632,1.3874088208299116
toolagent_trace,0.02,1.0,"l1=0.02,l2x1",binary,1,1,pi1,148198,107771,113835,221606,255969,107771,49214,30943,113835,42410,44173,15332,0.3880440989150964,0.361518509785428,307749,85771,319058182144,89301536768,2.7034655422321783
toolagent_trace,0.02,1.0,"l1=0.02,l2x1",binary,1,2,pi2,138230,117739,103073,220812,255969,117739,50123,31746,103073,40967,41462,16057,0.4022585934240781,0.3919496179852076,301850,98228,315700944896,102649374720,2.928506980489556
toolagent_trace,0.02,1.0,"l1=0.02,l2x1",binary,1,3,pi3,137250,118719,102580,221299,255969,118719,50857,31253,102580,40519,39796,15109,0.3879508676155196,0.37288679384979884,293523,91953,305077866496,95842181120,2.8614057321115225
toolagent_trace,0.02,1.0,"l1=0.02,l2x1",binary,2,0,pi0,200200,55769,165700,221469,255969,55769,28643,31086,165700,62576,63927,22853,0.38579963789981897,0.36520391204295577,229502,77304,239720220672,80634841088,1.3850452625226313
toolagent_trace,0.02,1.0,"l1=0.02,l2x1",binary,2,1,pi1,149214,106755,114833,221588,255969,106755,49307,30956,114833,42337,44760,15330,0.38978342462532545,0.3620946217256773,304209,83012,315113381888,86372734976,2.649142668048383
toolagent_trace,0.02,1.0,"l1=0.02,l2x1",binary,2,2,pi2,138014,117955,103001,220956,255969,117955,50135,31605,103001,41024,41507,16031,0.40297667012941624,0.39077125585023403,307286,98621,321408661504,103059230720,2.983330258929525
toolagent_trace,0.02,1.0,"l1=0.02,l2x1",binary,2,3,pi3,138593,117376,103966,221342,255969,117376,50268,31213,103966,41136,40134,14962,0.38603004828501625,0.36372034227926875,291037,89998,302322350080,93791469568,2.7993478637246794
toolagent_trace,0.02,1.0,"l1=0.02,l2x1",binary,3,0,pi0,200233,55736,165862,221598,255969,55736,28525,30964,165862,62695,64032,22981,0.3860558777779118,0.36655235664726055,231685,77819,242032916480,81173311488,1.396854011165909
toolagent_trace,0.02,1.0,"l1=0.02,l2x1",binary,3,1,pi1,153310,102659,118813,221472,255969,102659,48166,31074,118813,43379,46512,15732,0.3914723136357133,0.3626639618248461,317073,86668,328707051520,90263169024,2.668672619999495
toolagent_trace,0.02,1.0,"l1=0.02,l2x1",binary,3,2,pi2,137982,117987,102824,220811,255969,117987,50370,31748,102824,40708,41293,15920,0.4015891231619077,0.391077920801808,296381,94759,309932849152,99016914944,2.882410721232397
toolagent_trace,0.02,1.0,"l1=0.02,l2x1",binary,3,3,pi3,142200,113769,107355,221124,255969,113769,49480,31429,107355,41765,41856,15556,0.3898840296213497,0.37246498264096733,303626,91666,315710552064,95585941504,2.8282427460295283
toolagent_trace,0.02,1.0,"l1=0.02,l2x1",binary,4,0,pi0,200263,55706,165838,221544,255969,55706,28486,31012,165838,62777,63955,23065,0.38564743906704135,0.3674116316485337,232151,79726,242539157504,83174094848,1.399866134420338
toolagent_trace,0.02,1.0,"l1=0.02,l2x1",binary,4,1,pi1,152395,103574,118086,221660,255969,103574,48554,30891,118086,43068,46465,15719,0.39348440966753045,0.36498096034178507,323509,87004,335290292224,90569447424,2.7396050336195654
toolagent_trace,0.02,1.0,"l1=0.02,l2x1",binary,4,2,pi2,138539,117430,103448,220878,255969,117430,50048,31680,103448,41092,41513,16009,0.4012934034490759,0.3895892144456342,299459,95489,313177499648,99788140544,2.894778052741474
toolagent_trace,0.02,1.0,"l1=0.02,l2x1",binary,4,3,pi3,141851,114118,106980,221098,255969,114118,49483,31453,106980,41745,41436,15310,0.3873247335950645,0.36675050904299916,306134,93059,318003038208,96996546560,2.861600299121331
toolagent_trace,0.02,4.0,"l1=0.02,l2x4",next_use,0,0,pi0,255902,67,180701,180768,255969,67,61,61489,180701,78190,72959,31060,0.4037553749010797,0.3972374984013301,352624,144412,369639364608,151391383552,1.9514225156473954
toolagent_trace,0.02,4.0,"l1=0.02,l2x4",next_use,0,1,pi1,255666,303,179932,180235,255969,303,178,61966,179932,77676,72221,30739,0.4013794099993331,0.39573355991554665,331899,136950,347917680640,143592675328,1.8445801747326769
toolagent_trace,0.02,4.0,"l1=0.02,l2x4",next_use,0,2,pi2,255516,453,179730,180183,255969,453,268,62043,179730,77523,71548,30413,0.39808601791576254,0.3923093791519936,313917,129189,329087959040,135459553280,1.7466032381906194
toolagent_trace,0.02,4.0,"l1=0.02,l2x4",next_use,0,3,pi3,255726,243,179910,180153,255969,243,152,62074,179910,77671,71496,30464,0.3973986993496748,0.3922184599142537,309492,127670,324448055296,133865345024,1.7202601300650324
toolagent_trace,0.02,4.0,"l1=0.02,l2x4",next_use,1,0,pi0,255893,76,180701,180777,255969,76,70,61484,180701,78157,73022,31300,0.40410401713327543,0.40047596504471766,352171,144966,369138761728,151976998912,1.9489156119777975
toolagent_trace,0.02,4.0,"l1=0.02,l2x4",next_use,1,1,pi1,255870,99,180096,180195,255969,99,63,62005,180096,77794,71634,30546,0.3977545309168444,0.3926523896444456,321071,131300,336578830336,137670662144,1.7827769633972992
toolagent_trace,0.02,4.0,"l1=0.02,l2x4",next_use,1,2,pi2,255698,271,179923,180194,255969,271,174,62014,179923,77687,71795,30422,0.3990318080512219,0.39159704969943493,327971,135144,343802855424,141703041024,1.8228408819328268
toolagent_trace,0.02,4.0,"l1=0.02,l2x4",next_use,1,3,pi3,255556,413,179811,180224,255969,413,244,62008,179811,77574,71881,30627,0.39975863545611784,0.3948101167917086,324913,133321,340588038144,139781337088,1.8069695402394736
toolagent_trace,0.02,4.0,"l1=0.02,l2x4",next_use,2,0,pi0,255884,85,180782,180867,255969,85,83,61402,180782,78168,72752,31086,0.4024294454093881,0.3976819158735032,350110,144186,367005874176,151155474432,1.9366419223152747
toolagent_trace,0.02,4.0,"l1=0.02,l2x4",next_use,2,1,pi1,255845,124,180072,180196,255969,124,73,61982,180072,77754,71845,30622,0.3989792971700209,0.3938318285875968,323414,132929,339022471168,139369967616,1.796026034030832
toolagent_trace,0.02,4.0,"l1=0.02,l2x4",next_use,2,2,pi2,255671,298,179811,180109,255969,298,183,62129,179811,77640,71403,30498,0.39710028863640157,0.3928129829984544,312157,129111,327253184512,135378860032,1.7360283853601837
toolagent_trace,0.02,4.0,"l1=0.02,l2x4",next_use,2,3,pi3,255758,211,179865,180076,255969,211,135,62125,179865,77675,71585,30442,0.39799293914880607,0.39191503057611843,316658,130271,331935342592,136586246144,1.7605315097434187
toolagent_trace,0.02,4.0,"l1=0.02,l2x4",next_use,3,0,pi0,255891,78,180687,180765,255969,78,73,61499,180687,78148,72881,31086,0.4033549729642974,0.3977836924809336,349288,142584,366120820736,149464156160,1.933110849147974
toolagent_trace,0.02,4.0,"l1=0.02,l2x4",next_use,3,1,pi1,255905,64,180103,180167,255969,64,38,61976,180103,77825,71715,30406,0.3981888141785534,0.3906970767748153,321344,131614,336831541248,137987622912,1.7842234721242844
toolagent_trace,0.02,4.0,"l1=0.02,l2x4",next_use,3,2,pi2,254894,1075,179042,180117,255969,1075,578,62117,179042,77184,71552,30430,0.3996380737480591,0.39425269485903813,321782,131939,337317851136,138340114432,1.7972431049697837
toolagent_trace,0.02,4.0,"l1=0.02,l2x4",next_use,3,3,pi3,255784,185,179898,180083,255969,185,118,62111,179898,77703,71459,30246,0.39721953551456934,0.3892513802555886,313411,127026,328532971520,133186437120,1.7421594459082368
toolagent_trace,0.02,4.0,"l1=0.02,l2x4",binary,0,0,pi0,246451,9518,171627,181145,255969,9518,4340,61172,171627,73844,73456,31321,0.4279979257342959,0.42415091273495475,361047,149229,378495481856,156477337600,2.1036724990823124
toolagent_trace,0.02,4.0,"l1=0.02,l2x4",binary,0,1,pi1,255969,0,180311,180311,255969,0,0,61708,180311,77906,73652,31335,0.4084720288834292,0.4022154904628655,383067,153889,400674478080,160924823552,2.1244793717521393
toolagent_trace,0.02,4.0,"l1=0.02,l2x4",binary,0,2,pi2,246593,9376,170881,180257,255969,9376,4568,62065,170881,73295,74088,31582,0.43356487848268677,0.4308888737294495,422044,170178,442459924480,178439739392,2.4698123255364846
toolagent_trace,0.02,4.0,"l1=0.02,l2x4",binary,0,3,pi3,255969,0,180023,180023,255969,0,0,61932,180023,77844,74815,31790,0.41558578626064446,0.40838086429268794,416859,170263,434339260416,177331851264,2.3155874527143756
toolagent_trace,0.02,4.0,"l1=0.02,l2x4",binary,2,0,pi0,246222,9747,171437,181184,255969,9747,4390,61123,171437,73807,73604,31434,0.42933555766841464,0.4258945628463425,361636,149792,379124097024,157068296192,2.1094396192187217
toolagent_trace,0.02,4.0,"l1=0.02,l2x4",binary,2,1,pi1,255969,0,180273,180273,255969,0,0,61682,180273,77959,74261,31541,0.411936340993937,0.4045844610628664,384089,155731,400085362688,162070183936,2.1305963732783058
toolagent_trace,0.02,4.0,"l1=0.02,l2x4",binary,2,2,pi2,245894,10075,170049,180124,255969,10075,4856,62189,170049,72960,74238,31623,0.43656828325953106,0.4334292763157895,425773,171253,446367465472,179570657280,2.50382536798217
toolagent_trace,0.02,4.0,"l1=0.02,l2x4",binary,2,3,pi3,255969,0,180152,180152,255969,0,0,61768,180152,77907,75349,32221,0.41825236466983434,0.4135828616170562,421058,170014,437730613248,176630919168,2.337237443936232
toolagent_trace,0.02,4.0,"l1=0.02,l2x4",next_use,4,0,pi0,255884,85,180739,180824,255969,85,77,61440,180739,78159,73093,31201,0.40441188675382733,0.39919906856536036,350528,142816,367417186304,149709035520,1.9394154001073372
toolagent_trace,0.02,4.0,"l1=0.02,l2x4",next_use,4,1,pi1,255845,124,179982,180106,255969,124,71,62072,179982,77744,71789,30614,0.3988676645442322,0.39377958427660015,322992,133493,338564024320,139966461952,1.7945794579457945
toolagent_trace,0.02,4.0,"l1=0.02,l2x4",next_use,4,2,pi2,255516,453,179625,180078,255969,453,280,62165,179625,77515,72021,30701,0.4009519832985386,0.3960652776881894,333401,136469,349506779136,143092340736,1.8560946416144746
toolagent_trace,0.02,4.0,"l1=0.02,l2x4",next_use,4,3,pi3,255775,194,179948,180142,255969,194,115,62072,179948,77756,72024,30680,0.40024896081090094,0.3945676217912444,331299,136299,347261417472,142896965632,1.8410818680952274
toolagent_trace,0.02,4.0,"l1=0.02,l2x4",binary,1,0,pi0,246421,9548,171622,181170,255969,9548,4312,61136,171622,73884,73406,31233,0.42771905699735463,0.42273022575929836,361168,147856,378628296704,155038216192,2.1044388248592836
toolagent_trace,0.02,4.0,"l1=0.02,l2x4",binary,1,1,pi1,255967,2,180282,180284,255969,2,1,61723,180282,77959,73726,31315,0.40894820337027543,0.40168550135327546,375663,152239,392847069184,159173255168,2.083752121676041
toolagent_trace,0.02,4.0,"l1=0.02,l2x4",binary,1,2,pi2,247180,8789,171433,180222,255969,8789,4161,62090,171433,73672,74717,31932,0.4358379075207224,0.43343468346183084,454824,183303,476784060416,192207126528,2.6530714623205567
toolagent_trace,0.02,4.0,"l1=0.02,l2x4",binary,1,3,pi3,255968,1,180111,180112,255969,1,1,61865,180111,77854,74574,31645,0.41404467245198795,0.4064659490841832,415860,167616,434318745600,175021453312,2.3089095058047535
toolagent_trace,0.02,4.0,"l1=0.02,l2x4",binary,3,0,pi0,246436,9533,171744,181277,255969,9533,4388,61040,171744,73853,73598,31334,0.4285331656418856,0.4242752494820793,360895,147426,378343065600,154587035648,2.101354341345258
toolagent_trace,0.02,4.0,"l1=0.02,l2x4",binary,3,1,pi1,255968,1,180366,180367,255969,1,1,61604,180366,77977,74016,31447,0.41036558996706696,0.4032855842107288,379478,154121,395858747392,160695164928,2.103933113779759
toolagent_trace,0.02,4.0,"l1=0.02,l2x4",binary,3,2,pi2,245653,10316,169923,180239,255969,10316,4754,62076,169923,73107,74384,31726,0.4377512167275766,0.4339666516202279,441709,179768,463059685376,188500410368,2.5994656403194387
toolagent_trace,0.02,4.0,"l1=0.02,l2x4",binary,3,3,pi3,255968,1,180105,180106,255969,1,0,61860,180105,77936,74871,31802,0.4157075039560256,0.4080527612399918,417902,167564,435638951936,174556780544,2.320324255295522
toolagent_trace,0.02,4.0,"l1=0.02,l2x4",binary,4,0,pi0,246365,9604,171637,181241,255969,9604,4351,61076,171637,73902,73496,31301,0.4282060394903197,0.4235474006116208,360510,149268,377940398080,156517933056,2.1004212378449867
toolagent_trace,0.02,4.0,"l1=0.02,l2x4",binary,4,1,pi1,255969,0,180249,180249,255969,0,0,61757,180249,77928,73769,31280,0.4092616325194592,0.4013961605584642,379171,153688,395856828416,160372330496,2.103595581667582
toolagent_trace,0.02,4.0,"l1=0.02,l2x4",binary,4,2,pi2,246236,9733,170525,180258,255969,9733,4721,62061,170525,73144,74335,31694,0.43591848702536284,0.4333096357869408,427237,173726,447877197824,182160304128,2.5054214924497873
toolagent_trace,0.02,4.0,"l1=0.02,l2x4",binary,4,3,pi3,255968,1,180082,180083,255969,1,0,61875,180082,77900,74511,31752,0.41376150864606126,0.407599486521181,407099,164913,424640905216,171909396480,2.2606312679779212
