trace,l1_fraction,l2_multiplier,cell,target,seed,iteration,policy,window,population_path,population_sha256,feature_dtype,fit_feature_dtype,rows,decisions_kept,decisions_offered,decisions_eligible,decision_cap,cap_bound,l2_decisions_prefix,replay_seconds,recorded_argmin_groups,recorded_argmin_mismatches,recorded_argmin_match_rate,fit_target,fit_seed,fit_rows,fit_positives,fit_seconds,fit_converged,fit_iterations,fit_condition_number
conversation_trace,0.0025,1.0,"l1=0.0025,l2x1",binary,2,0,pi0,train,/home/ubuntu/Desktop/persistent-kv-admission/results/onpolicy_full_feb30eb_001/populations/train/conversation_trace__l1_0.0025__l2x_1__binary__seed_2/pi0.npz,dea2a9166d572ca33518352305b8d72fc4d1adca012ca830b6c306b82424554e,float64,float32,679532,40000,159202,115072,40000,True,159202,31.936192512512207,40000.0,0.0,1.0,binary,0,150000,88989,0.13508057594299316,True,5,nan
conversation_trace,0.0025,1.0,"l1=0.0025,l2x1",binary,2,1,pi1,train,/home/ubuntu/Desktop/persistent-kv-admission/results/onpolicy_full_feb30eb_001/populations/train/conversation_trace__l1_0.0025__l2x_1__binary__seed_2/pi1.npz,624a22b74f7cb988994f64d872c672480a0589ab90e8b8901b6778a9e2a77271,float64,float32,679589,40000,158778,115009,40000,True,158778,32.08624720573425,40000.0,0.0,1.0,binary,0,150000,97770,0.1340196132659912,True,6,nan
conversation_trace,0.0025,1.0,"l1=0.0025,l2x1",binary,2,2,pi2,train,/home/ubuntu/Desktop/persistent-kv-admission/results/onpolicy_full_feb30eb_001/populations/train/conversation_trace__l1_0.0025__l2x_1__binary__seed_2/pi2.npz,813cfcfbf3149cd37d4ae25dfa9ceead5a5e666b777545efcc973b6c44687c74,float64,float32,679501,40000,158954,115053,40000,True,158954,32.55115795135498,40000.0,0.0,1.0,binary,0,150000,98674,0.11568093299865723,True,6,nan
conversation_trace,0.0025,1.0,"l1=0.0025,l2x1",binary,2,3,pi3,train,/home/ubuntu/Desktop/persistent-kv-admission/results/onpolicy_full_feb30eb_001/populations/train/conversation_trace__l1_0.0025__l2x_1__binary__seed_2/pi3.npz,e7d438c73d28cf4fcd07c124498e3615c6cde080d7e252b7dc1e608ee2c51f5a,float64,float32,679547,40000,158991,114985,40000,True,158991,32.60558342933655,40000.0,0.0,1.0,,,,,,,,
conversation_trace,0.0025,1.0,"l1=0.0025,l2x1",binary,0,0,pi0,train,/home/ubuntu/Desktop/persistent-kv-admission/results/onpolicy_full_feb30eb_001/populations/train/conversation_trace__l1_0.0025__l2x_1__binary__seed_0/pi0.npz,ad07d128f935b5e3d9b789e70ff349fabb67cb390cc841c382d334112abce61b,float64,float32,679513,40000,159189,115066,40000,True,159189,31.89536762237549,40000.0,0.0,1.0,binary,0,150000,89457,0.13295269012451172,True,5,nan
conversation_trace,0.0025,1.0,"l1=0.0025,l2x1",binary,0,1,pi1,train,/home/ubuntu/Desktop/persistent-kv-admission/results/onpolicy_full_feb30eb_001/populations/train/conversation_trace__l1_0.0025__l2x_1__binary__seed_0/pi1.npz,8180270c77e70972ce542d3477f879d5f25447b96880927215b131e42ce79435,float64,float32,679602,40000,158828,115047,40000,True,158828,32.26358389854431,40000.0,0.0,1.0,binary,0,150000,98365,0.11983180046081543,True,6,nan
conversation_trace,0.0025,1.0,"l1=0.0025,l2x1",binary,0,2,pi2,train,/home/ubuntu/Desktop/persistent-kv-admission/results/onpolicy_full_feb30eb_001/populations/train/conversation_trace__l1_0.0025__l2x_1__binary__seed_0/pi2.npz,cbaf6e52882bac899a03b9c26f00d5cbdf5b64fe0deb2d92333ec45ab1636002,float64,float32,679574,40000,158922,114993,40000,True,158922,32.53870487213135,40000.0,0.0,1.0,binary,0,150000,98961,0.12635064125061035,True,6,nan
conversation_trace,0.0025,1.0,"l1=0.0025,l2x1",binary,0,3,pi3,train,/home/ubuntu/Desktop/persistent-kv-admission/results/onpolicy_full_feb30eb_001/populations/train/conversation_trace__l1_0.0025__l2x_1__binary__seed_0/pi3.npz,dd88c6389759ebb901e529c564bce1179ee7448e704c41d52afdaf6c8ee63868,float64,float32,679549,40000,158955,115015,40000,True,158955,32.60329556465149,40000.0,0.0,1.0,,,,,,,,
conversation_trace,0.0025,1.0,"l1=0.0025,l2x1",binary,1,0,pi0,train,/home/ubuntu/Desktop/persistent-kv-admission/results/onpolicy_full_feb30eb_001/populations/train/conversation_trace__l1_0.0025__l2x_1__binary__seed_1/pi0.npz,cb1913c69eea126294a8ef239242b2482b2e60ee766b704363582e44bbf40252,float64,float32,679536,40000,159212,115085,40000,True,159212,31.9299955368042,40000.0,0.0,1.0,binary,0,150000,89142,0.1358323097229004,True,5,nan
conversation_trace,0.0025,1.0,"l1=0.0025,l2x1",binary,1,1,pi1,train,/home/ubuntu/Desktop/persistent-kv-admission/results/onpolicy_full_feb30eb_001/populations/train/conversation_trace__l1_0.0025__l2x_1__binary__seed_1/pi1.npz,baaefc53399f876a6dc4d6c649dc116980eab853dcdbb41fe5e645ad4862387b,float64,float32,679611,40000,158823,115038,40000,True,158823,32.12058162689209,40000.0,0.0,1.0,binary,0,150000,97413,0.13598370552062988,True,6,nan
conversation_trace,0.0025,1.0,"l1=0.0025,l2x1",binary,1,2,pi2,train,/home/ubuntu/Desktop/persistent-kv-admission/results/onpolicy_full_feb30eb_001/populations/train/conversation_trace__l1_0.0025__l2x_1__binary__seed_1/pi2.npz,c8fce63d28b07347c2456a43549190bc5d8f51459bfa82f73e46ed3089808b49,float64,float32,679539,40000,158973,115094,40000,True,158973,32.686232566833496,40000.0,0.0,1.0,binary,0,150000,96822,0.12158608436584473,True,6,nan
conversation_trace,0.0025,1.0,"l1=0.0025,l2x1",binary,1,3,pi3,train,/home/ubuntu/Desktop/persistent-kv-admission/results/onpolicy_full_feb30eb_001/populations/train/conversation_trace__l1_0.0025__l2x_1__binary__seed_1/pi3.npz,8e9c06faad6a06826b795832110104d09a134e783ece3e151b06ca53a749f80a,float64,float32,679613,40000,158910,114954,40000,True,158910,32.7936053276062,40000.0,0.0,1.0,,,,,,,,
conversation_trace,0.0025,1.0,"l1=0.0025,l2x1",next_use,0,0,pi0,train,/home/ubuntu/Desktop/persistent-kv-admission/results/onpolicy_full_feb30eb_001/populations/train/conversation_trace__l1_0.0025__l2x_1__next_use__seed_0/pi0.npz,2501feff73abf183c9aa7553d2015f9a21a5e0f27ff13a75313a3d4c59824d62,float64,float32,679524,40000,158392,114812,40000,True,158392,32.98018956184387,40000.0,0.0,1.0,next_use,0,150000,95318,0.08860993385314941,True,1,1025.4699099347488
conversation_trace,0.0025,1.0,"l1=0.0025,l2x1",next_use,0,1,pi1,train,/home/ubuntu/Desktop/persistent-kv-admission/results/onpolicy_full_feb30eb_001/populations/train/conversation_trace__l1_0.0025__l2x_1__next_use__seed_0/pi1.npz,794108898be624c855ceac7e8d0a8a0341944a6b08933171319c2226c2ee3e33,float64,float32,679648,40000,158420,114627,40000,True,158420,33.84604239463806,40000.0,0.0,1.0,next_use,0,150000,91118,0.07497620582580566,True,1,1131.5198955964256
conversation_trace,0.0025,1.0,"l1=0.0025,l2x1",next_use,0,2,pi2,train,/home/ubuntu/Desktop/persistent-kv-admission/results/onpolicy_full_feb30eb_001/populations/train/conversation_trace__l1_0.0025__l2x_1__next_use__seed_0/pi2.npz,d87210ca0f00dfdb30248aa103291652539906aaf89d91dabf62c20fb89e519c,float64,float32,679561,40000,158536,114754,40000,True,158536,34.09433174133301,40000.0,0.0,1.0,next_use,0,150000,96111,0.06284976005554199,True,1,1036.8720969017668
conversation_trace,0.0025,1.0,"l1=0.0025,l2x1",next_use,0,3,pi3,train,/home/ubuntu/Desktop/persistent-kv-admission/results/onpolicy_full_feb30eb_001/populations/train/conversation_trace__l1_0.0025__l2x_1__next_use__seed_0/pi3.npz,cffb62b808d0e1873eda342935b3c87446fb5a128697343724a4fe932a1308a7,float64,float32,679601,40000,158704,114765,40000,True,158704,34.22165012359619,40000.0,0.0,1.0,,,,,,,,
conversation_trace,0.0025,1.0,"l1=0.0025,l2x1",next_use,2,0,pi0,train,/home/ubuntu/Desktop/persistent-kv-admission/results/onpolicy_full_feb30eb_001/populations/train/conversation_trace__l1_0.0025__l2x_1__next_use__seed_2/pi0.npz,9155a02781f0a946bf20d0ab2c98bf549a58abd876277fcbff7bb26191e83548,float64,float32,679526,40000,158377,114790,40000,True,158377,32.98956298828125,40000.0,0.0,1.0,next_use,0,150000,95417,0.09085345268249512,True,1,1022.4098368322122
conversation_trace,0.0025,1.0,"l1=0.0025,l2x1",next_use,2,1,pi1,train,/home/ubuntu/Desktop/persistent-kv-admission/results/onpolicy_full_feb30eb_001/populations/train/conversation_trace__l1_0.0025__l2x_1__next_use__seed_2/pi1.npz,81c033412a2b378a3f4cb9bb5d3a495b3960a97e72e6c2368def6327a74d3fa9,float64,float32,679677,40000,158463,114630,40000,True,158463,33.86347723007202,40000.0,0.0,1.0,next_use,0,150000,90617,0.07865738868713379,True,1,1128.780905906851
conversation_trace,0.0025,1.0,"l1=0.0025,l2x1",next_use,2,2,pi2,train,/home/ubuntu/Desktop/persistent-kv-admission/results/onpolicy_full_feb30eb_001/populations/train/conversation_trace__l1_0.0025__l2x_1__next_use__seed_2/pi2.npz,dbd997b2fa0b6bc61931c6414e460cdd3e51682eb83fc81e66f9c2149e62d3e7,float64,float32,679599,40000,158463,114720,40000,True,158463,34.381510972976685,40000.0,0.0,1.0,next_use,0,150000,95272,0.06334733963012695,True,1,1046.705600143317
conversation_trace,0.0025,1.0,"l1=0.0025,l2x1",next_use,2,3,pi3,train,/home/ubuntu/Desktop/persistent-kv-admission/results/onpolicy_full_feb30eb_001/populations/train/conversation_trace__l1_0.0025__l2x_1__next_use__seed_2/pi3.npz,4c48cbbc41df413659452e11c502612f26150ba785b8eb4e9b2032ef51ba4754,float64,float32,679585,40000,158714,114762,40000,True,158714,34.42485189437866,40000.0,0.0,1.0,,,,,,,,
conversation_trace,0.0025,1.0,"l1=0.0025,l2x1",next_use,3,0,pi0,train,/home/ubuntu/Desktop/persistent-kv-admission/results/onpolicy_full_feb30eb_001/populations/train/conversation_trace__l1_0.0025__l2x_1__next_use__seed_3/pi0.npz,42134d50da1b025ed5bccb3439c728613d7d490a4ff32e714c95b8aba2931cf9,float64,float32,679552,40000,158389,114812,40000,True,158389,33.00642466545105,40000.0,0.0,1.0,next_use,0,150000,95462,0.08806896209716797,True,1,1027.0044100743858
conversation_trace,0.0025,1.0,"l1=0.0025,l2x1",next_use,3,1,pi1,train,/home/ubuntu/Desktop/persistent-kv-admission/results/onpolicy_full_feb30eb_001/populations/train/conversation_trace__l1_0.0025__l2x_1__next_use__seed_3/pi1.npz,6196c62db11b66feca281a72e7200fd40f8a4f1d6d94be5ca6e06666080da130,float64,float32,679663,40000,158467,114602,40000,True,158467,33.83928155899048,40000.0,0.0,1.0,next_use,0,150000,90810,0.0788583755493164,True,1,1127.2655865825836
conversation_trace,0.0025,1.0,"l1=0.0025,l2x1",next_use,3,2,pi2,train,/home/ubuntu/Desktop/persistent-kv-admission/results/onpolicy_full_feb30eb_001/populations/train/conversation_trace__l1_0.0025__l2x_1__next_use__seed_3/pi2.npz,fc7f891fd100f270f54cbe1c61a7b78a1b15bc20abe8009c3f07969aa271d4b4,float64,float32,679571,40000,158468,114727,40000,True,158468,34.49346423149109,40000.0,0.0,1.0,next_use,0,150000,95915,0.07330584526062012,True,1,1048.8281511773991
conversation_trace,0.0025,1.0,"l1=0.0025,l2x1",next_use,3,3,pi3,train,/home/ubuntu/Desktop/persistent-kv-admission/results/onpolicy_full_feb30eb_001/populations/train/conversation_trace__l1_0.0025__l2x_1__next_use__seed_3/pi3.npz,ca70b5f5307c8938914cf3ea2bca02881a95e1d890710e3a262783ef0c45a166,float64,float32,679585,40000,158723,114802,40000,True,158723,34.38062882423401,40000.0,0.0,1.0,,,,,,,,
conversation_trace,0.0025,1.0,"l1=0.0025,l2x1",next_use,1,0,pi0,train,/home/ubuntu/Desktop/persistent-kv-admission/results/onpolicy_full_feb30eb_001/populations/train/conversation_trace__l1_0.0025__l2x_1__next_use__seed_1/pi0.npz,4872882fc2a239cc13b1c4e6d378a6725be015d81939e14e6ac90f16f9097b4a,float64,float32,679552,40000,158391,114807,40000,True,158391,33.018852949142456,40000.0,0.0,1.0,next_use,0,150000,95369,0.08777356147766113,True,1,1025.4854349246364
conversation_trace,0.0025,1.0,"l1=0.0025,l2x1",next_use,1,1,pi1,train,/home/ubuntu/Desktop/persistent-kv-admission/results/onpolicy_full_feb30eb_001/populations/train/conversation_trace__l1_0.0025__l2x_1__next_use__seed_1/pi1.npz,e5a6c20767a5d0524c2394e99a67122f03cc237b0d70463e488d6fbf1a2fbc5c,float64,float32,679676,40000,158408,114597,40000,True,158408,33.97290086746216,40000.0,0.0,1.0,next_use,0,150000,90705,0.0639333724975586,True,1,1135.5996758005397
conversation_trace,0.0025,1.0,"l1=0.0025,l2x1",next_use,1,2,pi2,train,/home/ubuntu/Desktop/persistent-kv-admission/results/onpolicy_full_feb30eb_001/populations/train/conversation_trace__l1_0.0025__l2x_1__next_use__seed_1/pi2.npz,2be178f53d1d9fe30e71cbff36b933251f2a3aadc29f7b0642986639d413ce93,float64,float32,679564,40000,158498,114713,40000,True,158498,34.43643021583557,40000.0,0.0,1.0,next_use,0,150000,96482,0.07106328010559082,True,1,1042.5705270560477
conversation_trace,0.0025,1.0,"l1=0.0025,l2x1",next_use,1,3,pi3,train,/home/ubuntu/Desktop/persistent-kv-admission/results/onpolicy_full_feb30eb_001/populations/train/conversation_trace__l1_0.0025__l2x_1__next_use__seed_1/pi3.npz,949d0a9d47fb64b0851193bd9227b1cf1b78b6f16c6e29735a2de5f4e234f466,float64,float32,679585,40000,158709,114773,40000,True,158709,34.65358591079712,40000.0,0.0,1.0,,,,,,,,
conversation_trace,0.0025,1.0,"l1=0.0025,l2x1",next_use,4,0,pi0,train,/home/ubuntu/Desktop/persistent-kv-admission/results/onpolicy_full_feb30eb_001/populations/train/conversation_trace__l1_0.0025__l2x_1__next_use__seed_4/pi0.npz,b763cb97311035ab8753066da15528968df1e3d37cf5dd06e957e959c9d39f8e,float64,float32,679551,40000,158372,114790,40000,True,158372,33.32231545448303,40000.0,0.0,1.0,next_use,0,150000,96141,0.08161783218383789,True,1,1026.7327964067451
conversation_trace,0.0025,1.0,"l1=0.0025,l2x1",next_use,4,1,pi1,train,/home/ubuntu/Desktop/persistent-kv-admission/results/onpolicy_full_feb30eb_001/populations/train/conversation_trace__l1_0.0025__l2x_1__next_use__seed_4/pi1.npz,88742d506e7c413a8c163e991a639e76c766b13f2ba28368e76fa61beb822b1f,float64,float32,679702,40000,158404,114602,40000,True,158404,34.097487926483154,40000.0,0.0,1.0,next_use,0,150000,90424,0.07948780059814453,True,1,1131.9762878071613
conversation_trace,0.0025,1.0,"l1=0.0025,l2x1",next_use,4,2,pi2,train,/home/ubuntu/Desktop/persistent-kv-admission/results/onpolicy_full_feb30eb_001/populations/train/conversation_trace__l1_0.0025__l2x_1__next_use__seed_4/pi2.npz,dc6ffde922ec9401fa2c354d8e8ba7ec1dca9d5c53d5c8c7e9cf7cdd251c2453,float64,float32,679603,40000,158468,114724,40000,True,158468,34.659764766693115,40000.0,0.0,1.0,next_use,0,150000,96252,0.08011507987976074,True,1,1045.2422201759287
conversation_trace,0.0025,1.0,"l1=0.0025,l2x1",next_use,4,3,pi3,train,/home/ubuntu/Desktop/persistent-kv-admission/results/onpolicy_full_feb30eb_001/populations/train/conversation_trace__l1_0.0025__l2x_1__next_use__seed_4/pi3.npz,01681168b5bc468f1e088c27437735df17de30063743c6bc6441d37f3ee848a7,float64,float32,679575,40000,158665,114760,40000,True,158665,34.772740840911865,40000.0,0.0,1.0,,,,,,,,
conversation_trace,0.0025,1.0,"l1=0.0025,l2x1",binary,3,0,pi0,train,/home/ubuntu/Desktop/persistent-kv-admission/results/onpolicy_full_feb30eb_001/populations/train/conversation_trace__l1_0.0025__l2x_1__binary__seed_3/pi0.npz,8ffe22e5360bdd19bcd29bf114912c13f88da6ac3ac069888b0632c8bab84418,float64,float32,679531,40000,159236,115096,40000,True,159236,33.457653284072876,40000.0,0.0,1.0,binary,0,150000,89305,0.10687255859375,True,5,nan
conversation_trace,0.0025,1.0,"l1=0.0025,l2x1",binary,3,1,pi1,train,/home/ubuntu/Desktop/persistent-kv-admission/results/onpolicy_full_feb30eb_001/populations/train/conversation_trace__l1_0.0025__l2x_1__binary__seed_3/pi1.npz,2a3c2b55aa6a01934d9080c979c50e4c6e932a0790e78be47933497ba0c836cc,float64,float32,679618,40000,158774,115013,40000,True,158774,32.34273338317871,40000.0,0.0,1.0,binary,0,150000,98476,0.11506438255310059,True,6,nan
conversation_trace,0.0025,1.0,"l1=0.0025,l2x1",binary,3,2,pi2,train,/home/ubuntu/Desktop/persistent-kv-admission/results/onpolicy_full_feb30eb_001/populations/train/conversation_trace__l1_0.0025__l2x_1__binary__seed_3/pi2.npz,6ade5a0c1f66ab9086b94c9e71b2022aaef3199795ac542f93907f3c9e0aeae5,float64,float32,679540,40000,158941,115007,40000,True,158941,32.591899394989014,40000.0,0.0,1.0,binary,0,150000,99477,0.11506247520446777,True,6,nan
conversation_trace,0.0025,1.0,"l1=0.0025,l2x1",binary,3,3,pi3,train,/home/ubuntu/Desktop/persistent-kv-admission/results/onpolicy_full_feb30eb_001/populations/train/conversation_trace__l1_0.0025__l2x_1__binary__seed_3/pi3.npz,a39253f5b76c984e56584156680d4058db251956160056945a8b7fd7466cd61f,float64,float32,679549,40000,159008,115007,40000,True,159008,32.364728689193726,40000.0,0.0,1.0,,,,,,,,
conversation_trace,0.0025,1.0,"l1=0.0025,l2x1",binary,4,0,pi0,train,/home/ubuntu/Desktop/persistent-kv-admission/results/onpolicy_full_feb30eb_001/populations/train/conversation_trace__l1_0.0025__l2x_1__binary__seed_4/pi0.npz,79d4a66d95dc8f84070c716f365ec363e78591d26e8999fcf7ad595a1441f652,float64,float32,679531,40000,159156,115046,40000,True,159156,33.491148948669434,40000.0,0.0,1.0,binary,0,150000,89280,0.10719084739685059,True,5,nan
conversation_trace,0.0025,1.0,"l1=0.0025,l2x1",binary,4,1,pi1,train,/home/ubuntu/Desktop/persistent-kv-admission/results/onpolicy_full_feb30eb_001/populations/train/conversation_trace__l1_0.0025__l2x_1__binary__seed_4/pi1.npz,ea8f6bf4a0c45fe4141a89895f3dbe476613601cb9b55a592e44eeaac0f5ce3b,float64,float32,679605,40000,158803,115035,40000,True,158803,32.54059910774231,40000.0,0.0,1.0,binary,0,150000,97774,0.12710857391357422,True,6,nan
conversation_trace,0.0025,1.0,"l1=0.0025,l2x1",binary,4,2,pi2,train,/home/ubuntu/Desktop/persistent-kv-admission/results/onpolicy_full_feb30eb_001/populations/train/conversation_trace__l1_0.0025__l2x_1__binary__seed_4/pi2.npz,4fdfe687d54c226b08e9d661dd85bb599bb450d27da82f057b250c587ff52dc4,float64,float32,679584,40000,158950,115015,40000,True,158950,32.56516623497009,40000.0,0.0,1.0,binary,0,150000,98402,0.11562800407409668,True,6,nan
conversation_trace,0.0025,1.0,"l1=0.0025,l2x1",binary,4,3,pi3,train,/home/ubuntu/Desktop/persistent-kv-admission/results/onpolicy_full_feb30eb_001/populations/train/conversation_trace__l1_0.0025__l2x_1__binary__seed_4/pi3.npz,485473f2df4794248547f937a2e56b7988aa7298c14d9cd2b3a374d2d705a6f6,float64,float32,679565,40000,158973,115010,40000,True,158973,32.46508312225342,40000.0,0.0,1.0,,,,,,,,
conversation_trace,0.0025,4.0,"l1=0.0025,l2x4",next_use,0,0,pi0,train,/home/ubuntu/Desktop/persistent-kv-admission/results/onpolicy_full_feb30eb_001/populations/train/conversation_trace__l1_0.0025__l2x_4__next_use__seed_0/pi0.npz,8fc07d25dce8322cd55b0d607850612183ab039e2ccbb5901d48008df841ae18,float64,float32,679613,40000,150230,108944,40000,True,150230,37.66729235649109,40000.0,0.0,1.0,next_use,0,150000,74207,0.06381011009216309,True,1,977.4050709841384
conversation_trace,0.0025,4.0,"l1=0.0025,l2x4",next_use,0,1,pi1,train,/home/ubuntu/Desktop/persistent-kv-admission/results/onpolicy_full_feb30eb_001/populations/train/conversation_trace__l1_0.0025__l2x_4__next_use__seed_0/pi1.npz,9e4df1f9b0053eb28a77443d95298d53bdbd031ec235615d3d46ef785a7b23f7,float64,float32,679619,40000,151033,109530,40000,True,151033,37.643701791763306,40000.0,0.0,1.0,next_use,0,150000,74424,0.06489992141723633,True,1,1020.4201511042651
conversation_trace,0.0025,4.0,"l1=0.0025,l2x4",next_use,0,2,pi2,train,/home/ubuntu/Desktop/persistent-kv-admission/results/onpolicy_full_feb30eb_001/populations/train/conversation_trace__l1_0.0025__l2x_4__next_use__seed_0/pi2.npz,15631049c7d164dbe045836d7439499e6de21c15a239ef24379efed7bc32d716,float64,float32,679657,40000,150857,109426,40000,True,150857,37.61085343360901,40000.0,0.0,1.0,next_use,0,150000,74203,0.06521773338317871,True,1,1005.222010458366
conversation_trace,0.0025,4.0,"l1=0.0025,l2x4",next_use,0,3,pi3,train,/home/ubuntu/Desktop/persistent-kv-admission/results/onpolicy_full_feb30eb_001/populations/train/conversation_trace__l1_0.0025__l2x_4__next_use__seed_0/pi3.npz,9c595cd99bd90f100ccb8bd97dcae103f76008a5e1af08f4fec1835fa6ba0ec0,float64,float32,679593,40000,150954,109485,40000,True,150954,37.567503213882446,40000.0,0.0,1.0,,,,,,,,
conversation_trace,0.0025,4.0,"l1=0.0025,l2x4",binary,0,0,pi0,train,/home/ubuntu/Desktop/persistent-kv-admission/results/onpolicy_full_feb30eb_001/populations/train/conversation_trace__l1_0.0025__l2x_4__binary__seed_0/pi0.npz,a26a04aa772772ce6ea9d5c0e30a41efdd2b1ecf86cf4124a15e8301a1677bd2,float64,float32,679645,40000,151127,109726,40000,True,151127,36.637006759643555,40000.0,0.0,1.0,binary,0,150000,74275,0.10703039169311523,True,5,nan
conversation_trace,0.0025,4.0,"l1=0.0025,l2x4",binary,0,1,pi1,train,/home/ubuntu/Desktop/persistent-kv-admission/results/onpolicy_full_feb30eb_001/populations/train/conversation_trace__l1_0.0025__l2x_4__binary__seed_0/pi1.npz,33f39b8b9f43c1b06198d6a1b64701dd6b2a495448dbe140b0dc39a03c5ed956,float64,float32,679631,40000,151712,109882,40000,True,151712,36.17000365257263,40000.0,0.0,1.0,binary,0,150000,75995,0.11461806297302246,True,5,nan
conversation_trace,0.0025,4.0,"l1=0.0025,l2x4",binary,0,2,pi2,train,/home/ubuntu/Desktop/persistent-kv-admission/results/onpolicy_full_feb30eb_001/populations/train/conversation_trace__l1_0.0025__l2x_4__binary__seed_0/pi2.npz,c72c1d72e96f1df55276805ea02191e8defee530f14c0ea442696ff21510769f,float64,float32,679655,40000,151050,109697,40000,True,151050,36.265971183776855,40000.0,0.0,1.0,binary,0,150000,76154,0.10992980003356934,True,5,nan
conversation_trace,0.0025,4.0,"l1=0.0025,l2x4",binary,0,3,pi3,train,/home/ubuntu/Desktop/persistent-kv-admission/results/onpolicy_full_feb30eb_001/populations/train/conversation_trace__l1_0.0025__l2x_4__binary__seed_0/pi3.npz,532b05b55e42167ca78c677653c8a2ace44678c7653f4c3df4297382cf04226f,float64,float32,679606,40000,152207,110212,40000,True,152207,36.08792471885681,40000.0,0.0,1.0,,,,,,,,
conversation_trace,0.0025,4.0,"l1=0.0025,l2x4",next_use,1,0,pi0,train,/home/ubuntu/Desktop/persistent-kv-admission/results/onpolicy_full_feb30eb_001/populations/train/conversation_trace__l1_0.0025__l2x_4__next_use__seed_1/pi0.npz,7843faf847b361ad98b34245f72b23050b382d6e9577d16c46989ee08a5e4ac6,float64,float32,679633,40000,150247,108968,40000,True,150247,37.21723008155823,40000.0,0.0,1.0,next_use,0,150000,74383,0.0634303092956543,True,1,977.3003275258483
conversation_trace,0.0025,4.0,"l1=0.0025,l2x4",next_use,1,1,pi1,train,/home/ubuntu/Desktop/persistent-kv-admission/results/onpolicy_full_feb30eb_001/populations/train/conversation_trace__l1_0.0025__l2x_4__next_use__seed_1/pi1.npz,84cea0462932f27d95d868b932b42ea1251cf75592c492ae0a4963d33ab39013,float64,float32,679640,40000,151052,109514,40000,True,151052,37.23853945732117,40000.0,0.0,1.0,next_use,0,150000,74997,0.07170605659484863,True,1,1002.5319911148576
conversation_trace,0.0025,4.0,"l1=0.0025,l2x4",next_use,1,2,pi2,train,/home/ubuntu/Desktop/persistent-kv-admission/results/onpolicy_full_feb30eb_001/populations/train/conversation_trace__l1_0.0025__l2x_4__next_use__seed_1/pi2.npz,1f025ed11de937e85a58f1ad10896aeb98892e18b0f8f16ee29cebaf95434cfc,float64,float32,679653,40000,150895,109444,40000,True,150895,37.167335748672485,40000.0,0.0,1.0,next_use,0,150000,74716,0.0639190673828125,True,1,1000.1514627241487
conversation_trace,0.0025,4.0,"l1=0.0025,l2x4",next_use,1,3,pi3,train,/home/ubuntu/Desktop/persistent-kv-admission/results/onpolicy_full_feb30eb_001/populations/train/conversation_trace__l1_0.0025__l2x_4__next_use__seed_1/pi3.npz,ae5e2d59fb2d8555fced41e943a94eb094ed628a31988e4246049b5ce7adbee0,float64,float32,679606,40000,150910,109433,40000,True,150910,37.20722007751465,40000.0,0.0,1.0,,,,,,,,
conversation_trace,0.0025,4.0,"l1=0.0025,l2x4",next_use,2,0,pi0,train,/home/ubuntu/Desktop/persistent-kv-admission/results/onpolicy_full_feb30eb_001/populations/train/conversation_trace__l1_0.0025__l2x_4__next_use__seed_2/pi0.npz,a6cce6adbae5ca5e45f0df0b88f6da76655fd97a3767e7adfa0630b3f2f6a8bf,float64,float32,679647,40000,150241,108949,40000,True,150241,37.456977128982544,40000.0,0.0,1.0,next_use,0,150000,74373,0.06776690483093262,True,1,978.6114209597569
conversation_trace,0.0025,4.0,"l1=0.0025,l2x4",next_use,2,1,pi1,train,/home/ubuntu/Desktop/persistent-kv-admission/results/onpolicy_full_feb30eb_001/populations/train/conversation_trace__l1_0.0025__l2x_4__next_use__seed_2/pi1.npz,7111b409bcf2da47c41caf4ceb76b9ccbed0e88514fdb2bdebd6b2fa87855a5b,float64,float32,679650,40000,150972,109483,40000,True,150972,37.427369356155396,40000.0,0.0,1.0,next_use,0,150000,75170,0.0642092227935791,True,1,1012.1764124095492
conversation_trace,0.0025,4.0,"l1=0.0025,l2x4",next_use,2,2,pi2,train,/home/ubuntu/Desktop/persistent-kv-admission/results/onpolicy_full_feb30eb_001/populations/train/conversation_trace__l1_0.0025__l2x_4__next_use__seed_2/pi2.npz,1691594684c064315200e5148cc1d836d5b293482ff8fa5c89805d6bcad58653,float64,float32,679626,40000,150946,109488,40000,True,150946,37.41550588607788,40000.0,0.0,1.0,next_use,0,150000,74545,0.06339025497436523,True,1,998.2063431018194
conversation_trace,0.0025,4.0,"l1=0.0025,l2x4",next_use,2,3,pi3,train,/home/ubuntu/Desktop/persistent-kv-admission/results/onpolicy_full_feb30eb_001/populations/train/conversation_trace__l1_0.0025__l2x_4__next_use__seed_2/pi3.npz,4c062eddeda2b720af4c5bf2123e31c4dd8599971c85074ee85f6f68b3cab22c,float64,float32,679607,40000,150899,109437,40000,True,150899,37.61000847816467,40000.0,0.0,1.0,,,,,,,,
conversation_trace,0.0025,4.0,"l1=0.0025,l2x4",next_use,3,0,pi0,train,/home/ubuntu/Desktop/persistent-kv-admission/results/onpolicy_full_feb30eb_001/populations/train/conversation_trace__l1_0.0025__l2x_4__next_use__seed_3/pi0.npz,09a8063e50d3486efa68f2f41a277bc74d45b9a835be516de1ae2f711714c6be,float64,float32,679629,40000,150253,108955,40000,True,150253,37.4280309677124,40000.0,0.0,1.0,next_use,0,150000,74196,0.06601071357727051,True,1,979.3281439410883
conversation_trace,0.0025,4.0,"l1=0.0025,l2x4",next_use,3,1,pi1,train,/home/ubuntu/Desktop/persistent-kv-admission/results/onpolicy_full_feb30eb_001/populations/train/conversation_trace__l1_0.0025__l2x_4__next_use__seed_3/pi1.npz,f3e440e49d5f21ae7b2328049d49521d281f51788be5c6a6f077efd01ca23da4,float64,float32,679642,40000,151071,109552,40000,True,151071,37.628445625305176,40000.0,0.0,1.0,next_use,0,150000,74778,0.0649559497833252,True,1,1016.1525493972789
conversation_trace,0.0025,4.0,"l1=0.0025,l2x4",next_use,3,2,pi2,train,/home/ubuntu/Desktop/persistent-kv-admission/results/onpolicy_full_feb30eb_001/populations/train/conversation_trace__l1_0.0025__l2x_4__next_use__seed_3/pi2.npz,f206b70b6d86b21f0b582759d8ad058af9f78cfb74b3200aec21b36216319aed,float64,float32,679652,40000,150851,109418,40000,True,150851,37.446216344833374,40000.0,0.0,1.0,next_use,0,150000,74050,0.06577897071838379,True,1,1005.0626905856772
conversation_trace,0.0025,4.0,"l1=0.0025,l2x4",next_use,3,3,pi3,train,/home/ubuntu/Desktop/persistent-kv-admission/results/onpolicy_full_feb30eb_001/populations/train/conversation_trace__l1_0.0025__l2x_4__next_use__seed_3/pi3.npz,0062d65bf074e51c3be9036d9d21ecf36bf8f1efe69c51d43dc6efe157670fcb,float64,float32,679628,40000,150969,109486,40000,True,150969,37.487332820892334,40000.0,0.0,1.0,,,,,,,,
conversation_trace,0.0025,4.0,"l1=0.0025,l2x4",next_use,4,0,pi0,train,/home/ubuntu/Desktop/persistent-kv-admission/results/onpolicy_full_feb30eb_001/populations/train/conversation_trace__l1_0.0025__l2x_4__next_use__seed_4/pi0.npz,d850e5807ed0736de0bf0610be93e18aad0be3736f9e5e796bd243d3d0e861be,float64,float32,679634,40000,150273,108987,40000,True,150273,37.69974088668823,40000.0,0.0,1.0,next_use,0,150000,74489,0.06532096862792969,True,1,978.7792619440127
conversation_trace,0.0025,4.0,"l1=0.0025,l2x4",next_use,4,1,pi1,train,/home/ubuntu/Desktop/persistent-kv-admission/results/onpolicy_full_feb30eb_001/populations/train/conversation_trace__l1_0.0025__l2x_4__next_use__seed_4/pi1.npz,67d6999673aa5457bb704472e85f83a4e1de487d5f3e6e6eced22c79680cddf3,float64,float32,679632,40000,151165,109623,40000,True,151165,37.5786612033844,40000.0,0.0,1.0,next_use,0,150000,75002,0.06542229652404785,True,1,1006.9976274467039
conversation_trace,0.0025,4.0,"l1=0.0025,l2x4",next_use,4,2,pi2,train,/home/ubuntu/Desktop/persistent-kv-admission/results/onpolicy_full_feb30eb_001/populations/train/conversation_trace__l1_0.0025__l2x_4__next_use__seed_4/pi2.npz,55aa0abbb5557e48431a2136e74f04ecfffd184ab81c49a14b9b8c60763f1c61,float64,float32,679624,40000,150840,109427,40000,True,150840,37.51126718521118,40000.0,0.0,1.0,next_use,0,150000,74399,0.0646963119506836,True,1,1000.6916059986413
conversation_trace,0.0025,4.0,"l1=0.0025,l2x4",next_use,4,3,pi3,train,/home/ubuntu/Desktop/persistent-kv-admission/results/onpolicy_full_feb30eb_001/populations/train/conversation_trace__l1_0.0025__l2x_4__next_use__seed_4/pi3.npz,18c6a779364820036255e758699f6c3ccec079eee02cd41fd239911365952921,float64,float32,679633,40000,150964,109467,40000,True,150964,37.49711799621582,40000.0,0.0,1.0,,,,,,,,
conversation_trace,0.0025,4.0,"l1=0.0025,l2x4",binary,2,0,pi0,train,/home/ubuntu/Desktop/persistent-kv-admission/results/onpolicy_full_feb30eb_001/populations/train/conversation_trace__l1_0.0025__l2x_4__binary__seed_2/pi0.npz,ff0d7b1d714e8abf3d4ca0b376840c78b72f7d9f2e595b5d918d9d650b16bec4,float64,float32,679648,40000,151118,109691,40000,True,151118,35.79405617713928,40000.0,0.0,1.0,binary,0,150000,74254,0.10647344589233398,True,5,nan
conversation_trace,0.0025,4.0,"l1=0.0025,l2x4",binary,2,1,pi1,train,/home/ubuntu/Desktop/persistent-kv-admission/results/onpolicy_full_feb30eb_001/populations/train/conversation_trace__l1_0.0025__l2x_4__binary__seed_2/pi1.npz,01ef19e2833ba5b1d373b7d1c3ab0dabafb86d0f302e938b9707a484a24e1cd9,float64,float32,679628,40000,151680,109875,40000,True,151680,36.06531524658203,40000.0,0.0,1.0,binary,0,150000,76483,0.10767817497253418,True,5,nan
conversation_trace,0.0025,4.0,"l1=0.0025,l2x4",binary,2,2,pi2,train,/home/ubuntu/Desktop/persistent-kv-admission/results/onpolicy_full_feb30eb_001/populations/train/conversation_trace__l1_0.0025__l2x_4__binary__seed_2/pi2.npz,40a71fec7ebc0d98964af612126b9e635a8e2774871e5077812a9b4166accd74,float64,float32,679627,40000,151092,109725,40000,True,151092,35.85702729225159,40000.0,0.0,1.0,binary,0,150000,76398,0.11137199401855469,True,5,nan
conversation_trace,0.0025,4.0,"l1=0.0025,l2x4",binary,2,3,pi3,train,/home/ubuntu/Desktop/persistent-kv-admission/results/onpolicy_full_feb30eb_001/populations/train/conversation_trace__l1_0.0025__l2x_4__binary__seed_2/pi3.npz,f094ee351e174058745a0117016d1e12f57ccb0f5bafc0936e4edee8f062a6f8,float64,float32,679629,40000,152170,110214,40000,True,152170,35.651878118515015,40000.0,0.0,1.0,,,,,,,,
conversation_trace,0.0025,4.0,"l1=0.0025,l2x4",binary,1,0,pi0,train,/home/ubuntu/Desktop/persistent-kv-admission/results/onpolicy_full_feb30eb_001/populations/train/conversation_trace__l1_0.0025__l2x_4__binary__seed_1/pi0.npz,ab4e70a4fef3eaa8f8877c0c4c3a5845b8b856c082ef1ae8e45b34fbfd9f4678,float64,float32,679673,40000,151112,109703,40000,True,151112,35.99815583229065,40000.0,0.0,1.0,binary,0,150000,74617,0.10744738578796387,True,5,nan
conversation_trace,0.0025,4.0,"l1=0.0025,l2x4",binary,1,1,pi1,train,/home/ubuntu/Desktop/persistent-kv-admission/results/onpolicy_full_feb30eb_001/populations/train/conversation_trace__l1_0.0025__l2x_4__binary__seed_1/pi1.npz,758dd842af8cfa6820c7ff3125c6b0bbb58ea3da082c81999c159ba4e54bdd88,float64,float32,679626,40000,151694,109848,40000,True,151694,36.140936851501465,40000.0,0.0,1.0,binary,0,150000,75988,0.10732913017272949,True,5,nan
conversation_trace,0.0025,4.0,"l1=0.0025,l2x4",binary,1,2,pi2,train,/home/ubuntu/Desktop/persistent-kv-admission/results/onpolicy_full_feb30eb_001/populations/train/conversation_trace__l1_0.0025__l2x_4__binary__seed_1/pi2.npz,0f6948e64f28caec9aafc55845d6f78b186919507031f89490ca86521da0fda3,float64,float32,679642,40000,151058,109707,40000,True,151058,35.883994579315186,40000.0,0.0,1.0,binary,0,150000,76389,0.11484241485595703,True,5,nan
conversation_trace,0.0025,4.0,"l1=0.0025,l2x4",binary,1,3,pi3,train,/home/ubuntu/Desktop/persistent-kv-admission/results/onpolicy_full_feb30eb_001/populations/train/conversation_trace__l1_0.0025__l2x_4__binary__seed_1/pi3.npz,06f799ece9ad458b9d4c0892718ba0af4dfb9199539d4f2d43bfa9b0590ff31b,float64,float32,679635,40000,152151,110160,40000,True,152151,36.010863304138184,40000.0,0.0,1.0,,,,,,,,
conversation_trace,0.0025,4.0,"l1=0.0025,l2x4",binary,3,0,pi0,train,/home/ubuntu/Desktop/persistent-kv-admission/results/onpolicy_full_feb30eb_001/populations/train/conversation_trace__l1_0.0025__l2x_4__binary__seed_3/pi0.npz,baba5d8b6ccf6e77daee244a9535ce308fdbe2e18ca3aceafcbd36ea3e265292,float64,float32,679659,40000,151090,109684,40000,True,151090,36.29787874221802,40000.0,0.0,1.0,binary,0,150000,74829,0.1062309741973877,True,5,nan
conversation_trace,0.0025,4.0,"l1=0.0025,l2x4",binary,3,1,pi1,train,/home/ubuntu/Desktop/persistent-kv-admission/results/onpolicy_full_feb30eb_001/populations/train/conversation_trace__l1_0.0025__l2x_4__binary__seed_3/pi1.npz,3c284dbdd46c7967708cf44656a3c3e951d3ae92a2740b2da44c5edcfc4a0df2,float64,float32,679639,40000,151635,109815,40000,True,151635,36.350632190704346,40000.0,0.0,1.0,binary,0,150000,76602,0.10513710975646973,True,5,nan
conversation_trace,0.0025,4.0,"l1=0.0025,l2x4",binary,3,2,pi2,train,/home/ubuntu/Desktop/persistent-kv-admission/results/onpolicy_full_feb30eb_001/populations/train/conversation_trace__l1_0.0025__l2x_4__binary__seed_3/pi2.npz,ec61d8a4dbb9cafbfbf8a61effd354b4b4f2ff652c09c0a69970d716a4e1c6c8,float64,float32,679607,40000,151056,109734,40000,True,151056,36.101046562194824,40000.0,0.0,1.0,binary,0,150000,76685,0.10455441474914551,True,5,nan
conversation_trace,0.0025,4.0,"l1=0.0025,l2x4",binary,3,3,pi3,train,/home/ubuntu/Desktop/persistent-kv-admission/results/onpolicy_full_feb30eb_001/populations/train/conversation_trace__l1_0.0025__l2x_4__binary__seed_3/pi3.npz,58a6d8e0f76742b444b4df58ac925c49843dce4aca1cf7299c23364ca71dcc6d,float64,float32,679642,40000,152148,110192,40000,True,152148,36.02207565307617,40000.0,0.0,1.0,,,,,,,,
conversation_trace,0.0025,4.0,"l1=0.0025,l2x4",binary,4,0,pi0,train,/home/ubuntu/Desktop/persistent-kv-admission/results/onpolicy_full_feb30eb_001/populations/train/conversation_trace__l1_0.0025__l2x_4__binary__seed_4/pi0.npz,915d320b6bcb92ade48cfb32dfa8b9741fe92878d33b2a6ff64bbc14765016ba,float64,float32,679648,40000,151052,109664,40000,True,151052,36.138933181762695,40000.0,0.0,1.0,binary,0,150000,74279,0.1169586181640625,True,5,nan
conversation_trace,0.0025,4.0,"l1=0.0025,l2x4",binary,4,1,pi1,train,/home/ubuntu/Desktop/persistent-kv-admission/results/onpolicy_full_feb30eb_001/populations/train/conversation_trace__l1_0.0025__l2x_4__binary__seed_4/pi1.npz,f10d1ce1a230d277f547b5454dcaa1f62906b9c43151ac7d8946fbf5e16923b6,float64,float32,679601,40000,151808,109913,40000,True,151808,36.24860620498657,40000.0,0.0,1.0,binary,0,150000,75776,0.10628867149353027,True,5,nan
conversation_trace,0.0025,4.0,"l1=0.0025,l2x4",binary,4,2,pi2,train,/home/ubuntu/Desktop/persistent-kv-admission/results/onpolicy_full_feb30eb_001/populations/train/conversation_trace__l1_0.0025__l2x_4__binary__seed_4/pi2.npz,214f4fdebaaae2b3a4d99c9968cdc5adc9566f7c9d03f4356570ac562de5521c,float64,float32,679657,40000,150993,109688,40000,True,150993,36.073107957839966,40000.0,0.0,1.0,binary,0,150000,76456,0.12278103828430176,True,5,nan
conversation_trace,0.0025,4.0,"l1=0.0025,l2x4",binary,4,3,pi3,train,/home/ubuntu/Desktop/persistent-kv-admission/results/onpolicy_full_feb30eb_001/populations/train/conversation_trace__l1_0.0025__l2x_4__binary__seed_4/pi3.npz,28303b93d8924d9d3437dc76ef6419af431ad5a887fa01c957d0f93a580fe620,float64,float32,679594,40000,152203,110178,40000,True,152203,35.78323435783386,40000.0,0.0,1.0,,,,,,,,
conversation_trace,0.01,1.0,"l1=0.01,l2x1",next_use,0,0,pi0,train,/home/ubuntu/Desktop/persistent-kv-admission/results/onpolicy_full_feb30eb_001/populations/train/conversation_trace__l1_0.01__l2x_1__next_use__seed_0/pi0.npz,cac42da5bc07e08e5b0e3ae68cd07fc69cdd379f0772702929019b9a43774c67,float64,float32,679606,40000,147152,106584,40000,True,147152,36.54215884208679,40000.0,0.0,1.0,next_use,0,150000,72446,0.06833815574645996,True,1,1015.1184029817113
conversation_trace,0.01,1.0,"l1=0.01,l2x1",next_use,0,1,pi1,train,/home/ubuntu/Desktop/persistent-kv-admission/results/onpolicy_full_feb30eb_001/populations/train/conversation_trace__l1_0.01__l2x_1__next_use__seed_0/pi1.npz,f9b5b56cf2c272a81a3b7c48d7a9bf895b01c8adec1059fafd14631da200972b,float64,float32,679583,40000,147306,106481,40000,True,147306,36.70158672332764,40000.0,0.0,1.0,next_use,0,150000,72729,0.06477475166320801,True,1,1007.8559490559902
conversation_trace,0.01,1.0,"l1=0.01,l2x1",next_use,0,2,pi2,train,/home/ubuntu/Desktop/persistent-kv-admission/results/onpolicy_full_feb30eb_001/populations/train/conversation_trace__l1_0.01__l2x_1__next_use__seed_0/pi2.npz,ad4bbf1bcfbd981f6d347a47a120f7c39bf6bfbbc566c92accd5fcf1da28b9a9,float64,float32,679603,40000,147201,106498,40000,True,147201,36.59993553161621,40000.0,0.0,1.0,next_use,0,150000,72914,0.06993246078491211,True,1,1003.4975770191328
conversation_trace,0.01,1.0,"l1=0.01,l2x1",next_use,0,3,pi3,train,/home/ubuntu/Desktop/persistent-kv-admission/results/onpolicy_full_feb30eb_001/populations/train/conversation_trace__l1_0.01__l2x_1__next_use__seed_0/pi3.npz,91393311af3dad7b767c3187f9336912c8f5d8954ff5b535dd1445aea20de997,float64,float32,679594,40000,147137,106419,40000,True,147137,36.207956075668335,40000.0,0.0,1.0,,,,,,,,
conversation_trace,0.01,1.0,"l1=0.01,l2x1",next_use,1,0,pi0,train,/home/ubuntu/Desktop/persistent-kv-admission/results/onpolicy_full_feb30eb_001/populations/train/conversation_trace__l1_0.01__l2x_1__next_use__seed_1/pi0.npz,796e7cf8229e8e0c3de0dcf2d9fc0736e9b836316abce40ad8957f0f7460ba5f,float64,float32,679627,40000,147155,106568,40000,True,147155,36.38807392120361,40000.0,0.0,1.0,next_use,0,150000,72534,0.06559634208679199,True,1,1013.2930062030882
conversation_trace,0.01,1.0,"l1=0.01,l2x1",next_use,1,1,pi1,train,/home/ubuntu/Desktop/persistent-kv-admission/results/onpolicy_full_feb30eb_001/populations/train/conversation_trace__l1_0.01__l2x_1__next_use__seed_1/pi1.npz,55d066f43e1b4a44b7cc9f41f69acee4de85d121fb063b852eb67320aab7346b,float64,float32,679580,40000,147333,106508,40000,True,147333,36.76260018348694,40000.0,0.0,1.0,next_use,0,150000,73222,0.06398367881774902,True,1,1015.28318281645
conversation_trace,0.01,1.0,"l1=0.01,l2x1",next_use,1,2,pi2,train,/home/ubuntu/Desktop/persistent-kv-admission/results/onpolicy_full_feb30eb_001/populations/train/conversation_trace__l1_0.01__l2x_1__next_use__seed_1/pi2.npz,279ae8ec6d08fc6398530821e1dcada8e59ed4b4e039804853ef79c9e98714b6,float64,float32,679583,40000,147241,106574,40000,True,147241,36.68213415145874,40000.0,0.0,1.0,next_use,0,150000,72972,0.06381654739379883,True,1,1010.6332827165526
conversation_trace,0.01,1.0,"l1=0.01,l2x1",next_use,1,3,pi3,train,/home/ubuntu/Desktop/persistent-kv-admission/results/onpolicy_full_feb30eb_001/populations/train/conversation_trace__l1_0.01__l2x_1__next_use__seed_1/pi3.npz,2d08b1b03fa27f6c53ba6b8124a349e9b4e70572c9f904ec93635de31163b109,float64,float32,679566,40000,147195,106454,40000,True,147195,36.35918211936951,40000.0,0.0,1.0,,,,,,,,
conversation_trace,0.01,1.0,"l1=0.01,l2x1",next_use,3,0,pi0,train,/home/ubuntu/Desktop/persistent-kv-admission/results/onpolicy_full_feb30eb_001/populations/train/conversation_trace__l1_0.01__l2x_1__next_use__seed_3/pi0.npz,123513dbd962e12dc242eae61653d0a7383676c830e9ee3ab006f7c6657e0e60,float64,float32,679650,40000,147179,106591,40000,True,147179,36.310150384902954,40000.0,0.0,1.0,next_use,0,150000,72412,0.0652475357055664,True,1,1014.8756687236768
conversation_trace,0.01,1.0,"l1=0.01,l2x1",next_use,3,1,pi1,train,/home/ubuntu/Desktop/persistent-kv-admission/results/onpolicy_full_feb30eb_001/populations/train/conversation_trace__l1_0.01__l2x_1__next_use__seed_3/pi1.npz,74cf78e98901e7b5d0eaae190f3b8ea04a2f03d5a3c84db7e42c4ba4e0395d08,float64,float32,679592,40000,147328,106522,40000,True,147328,37.00036549568176,40000.0,0.0,1.0,next_use,0,150000,72971,0.06351280212402344,True,1,1012.7116917908025
conversation_trace,0.01,1.0,"l1=0.01,l2x1",next_use,3,2,pi2,train,/home/ubuntu/Desktop/persistent-kv-admission/results/onpolicy_full_feb30eb_001/populations/train/conversation_trace__l1_0.01__l2x_1__next_use__seed_3/pi2.npz,d445b5a3c4334c83d367fbfd5be95cbaf2d393e441d6016089a15967963d1060,float64,float32,679593,40000,147286,106634,40000,True,147286,36.785502433776855,40000.0,0.0,1.0,next_use,0,150000,72837,0.06387448310852051,True,1,1002.0832979697673
conversation_trace,0.01,1.0,"l1=0.01,l2x1",next_use,3,3,pi3,train,/home/ubuntu/Desktop/persistent-kv-admission/results/onpolicy_full_feb30eb_001/populations/train/conversation_trace__l1_0.01__l2x_1__next_use__seed_3/pi3.npz,edd95e175478eef5ca564c4ad22b095394806985928f2810a04a4da62dec8cf8,float64,float32,679585,40000,147220,106554,40000,True,147220,36.43541240692139,40000.0,0.0,1.0,,,,,,,,
conversation_trace,0.01,1.0,"l1=0.01,l2x1",next_use,2,0,pi0,train,/home/ubuntu/Desktop/persistent-kv-admission/results/onpolicy_full_feb30eb_001/populations/train/conversation_trace__l1_0.01__l2x_1__next_use__seed_2/pi0.npz,e7658c88da19a9967c87d97cd08836414a1272a4d19ff1cb54f7a5257450b730,float64,float32,679655,40000,147141,106577,40000,True,147141,37.21086311340332,40000.0,0.0,1.0,next_use,0,150000,72495,0.06323409080505371,True,1,1013.3937886719143
conversation_trace,0.01,1.0,"l1=0.01,l2x1",next_use,2,1,pi1,train,/home/ubuntu/Desktop/persistent-kv-admission/results/onpolicy_full_feb30eb_001/populations/train/conversation_trace__l1_0.01__l2x_1__next_use__seed_2/pi1.npz,253010be94c0da532927332368c29ac2c2ce3e203cd4bbe701176796e9dc7f7f,float64,float32,679566,40000,147344,106545,40000,True,147344,37.08939456939697,40000.0,0.0,1.0,next_use,0,150000,72614,0.06106686592102051,True,1,1021.4022683781106
conversation_trace,0.01,1.0,"l1=0.01,l2x1",next_use,2,2,pi2,train,/home/ubuntu/Desktop/persistent-kv-admission/results/onpolicy_full_feb30eb_001/populations/train/conversation_trace__l1_0.01__l2x_1__next_use__seed_2/pi2.npz,20339cd85325d6dc78ccfb13a3ae5f995ec9ed4c975d99f59e5a19f64eb4ceb0,float64,float32,679586,40000,147144,106481,40000,True,147144,37.437023878097534,40000.0,0.0,1.0,next_use,0,150000,73309,0.0619356632232666,True,1,1001.9493070476944
conversation_trace,0.01,1.0,"l1=0.01,l2x1",next_use,2,3,pi3,train,/home/ubuntu/Desktop/persistent-kv-admission/results/onpolicy_full_feb30eb_001/populations/train/conversation_trace__l1_0.01__l2x_1__next_use__seed_2/pi3.npz,9bb283610e793518505b7105b9a4bf318ff9ac7e29a055f360b7ee3e247c6034,float64,float32,679601,40000,147152,106450,40000,True,147152,37.06911587715149,40000.0,0.0,1.0,,,,,,,,
conversation_trace,0.01,1.0,"l1=0.01,l2x1",binary,0,0,pi0,train,/home/ubuntu/Desktop/persistent-kv-admission/results/onpolicy_full_feb30eb_001/populations/train/conversation_trace__l1_0.01__l2x_1__binary__seed_0/pi0.npz,acd9eb93b64bc8b53b620afdc63de38971da731b8872601ff8e65eb1633994e5,float64,float32,679638,40000,147665,106965,40000,True,147665,35.50016760826111,40000.0,0.0,1.0,binary,0,150000,70839,0.10760188102722168,True,5,nan
conversation_trace,0.01,1.0,"l1=0.01,l2x1",binary,0,1,pi1,train,/home/ubuntu/Desktop/persistent-kv-admission/results/onpolicy_full_feb30eb_001/populations/train/conversation_trace__l1_0.01__l2x_1__binary__seed_0/pi1.npz,5894d9025c2bf393fe6dc7d4044abf0622c679731b85a547093952b0f687a55e,float64,float32,679498,40000,147993,107038,40000,True,147993,35.27582049369812,40000.0,0.0,1.0,binary,0,150000,73135,0.10692071914672852,True,5,nan
conversation_trace,0.01,1.0,"l1=0.01,l2x1",binary,0,2,pi2,train,/home/ubuntu/Desktop/persistent-kv-admission/results/onpolicy_full_feb30eb_001/populations/train/conversation_trace__l1_0.01__l2x_1__binary__seed_0/pi2.npz,ea77e1c53ce9a031ec380b4c539addc049f2919fb9e778ec4f77355995d2a4fe,float64,float32,679657,40000,147437,106833,40000,True,147437,35.103392362594604,40000.0,0.0,1.0,binary,0,150000,72600,0.10676455497741699,True,5,nan
conversation_trace,0.01,1.0,"l1=0.01,l2x1",binary,0,3,pi3,train,/home/ubuntu/Desktop/persistent-kv-admission/results/onpolicy_full_feb30eb_001/populations/train/conversation_trace__l1_0.01__l2x_1__binary__seed_0/pi3.npz,4469d94dd50ba215e9cd91e8f8af2c7058cc73967411046351c52dc119730704,float64,float32,679533,40000,148147,107218,40000,True,148147,35.2941210269928,40000.0,0.0,1.0,,,,,,,,
conversation_trace,0.01,1.0,"l1=0.01,l2x1",next_use,4,0,pi0,train,/home/ubuntu/Desktop/persistent-kv-admission/results/onpolicy_full_feb30eb_001/populations/train/conversation_trace__l1_0.01__l2x_1__next_use__seed_4/pi0.npz,05ff8a11d5d18c80e8ec240715e4fa41ac2450e9fc8838dec105596862da0830,float64,float32,679615,40000,147193,106612,40000,True,147193,36.90689039230347,40000.0,0.0,1.0,next_use,0,150000,72513,0.06516504287719727,True,1,1014.7040965814776
conversation_trace,0.01,1.0,"l1=0.01,l2x1",next_use,4,1,pi1,train,/home/ubuntu/Desktop/persistent-kv-admission/results/onpolicy_full_feb30eb_001/populations/train/conversation_trace__l1_0.01__l2x_1__next_use__seed_4/pi1.npz,0a7f25e19659af4b4c4596fc05b6c24542eabaeb2b61f8a0949fd5ed7ce64ed7,float64,float32,679574,40000,147400,106558,40000,True,147400,36.650872468948364,40000.0,0.0,1.0,next_use,0,150000,72630,0.06579709053039551,True,1,1015.9953974365654
conversation_trace,0.01,1.0,"l1=0.01,l2x1",next_use,4,2,pi2,train,/home/ubuntu/Desktop/persistent-kv-admission/results/onpolicy_full_feb30eb_001/populations/train/conversation_trace__l1_0.01__l2x_1__next_use__seed_4/pi2.npz,22f709d415bcbf74335c4d7def79b9d6045f46e227fdb655c4175bb1a7ace411,float64,float32,679594,40000,147141,106504,40000,True,147141,36.56668710708618,40000.0,0.0,1.0,next_use,0,150000,73048,0.06577348709106445,True,1,1011.0254483062413
conversation_trace,0.01,1.0,"l1=0.01,l2x1",next_use,4,3,pi3,train,/home/ubuntu/Desktop/persistent-kv-admission/results/onpolicy_full_feb30eb_001/populations/train/conversation_trace__l1_0.01__l2x_1__next_use__seed_4/pi3.npz,a21d643b4ad0bddb9c5541f025e8e3904f1285e3ee71942a07376f6da01d5118,float64,float32,679575,40000,147142,106436,40000,True,147142,36.981104373931885,40000.0,0.0,1.0,,,,,,,,
conversation_trace,0.01,1.0,"l1=0.01,l2x1",binary,1,0,pi0,train,/home/ubuntu/Desktop/persistent-kv-admission/results/onpolicy_full_feb30eb_001/populations/train/conversation_trace__l1_0.01__l2x_1__binary__seed_1/pi0.npz,9b464163c0581a3a87622c64cf80661a42ea85f5757d391b47e626f9dcc2daff,float64,float32,679648,40000,147654,106963,40000,True,147654,35.924556493759155,40000.0,0.0,1.0,binary,0,150000,70881,0.10753893852233887,True,5,nan
conversation_trace,0.01,1.0,"l1=0.01,l2x1",binary,1,1,pi1,train,/home/ubuntu/Desktop/persistent-kv-admission/results/onpolicy_full_feb30eb_001/populations/train/conversation_trace__l1_0.01__l2x_1__binary__seed_1/pi1.npz,7abe6e7053377596630628a027760aad8bc058dd775025aae87ea53f9ebfdb38,float64,float32,679504,40000,147941,107003,40000,True,147941,35.593040466308594,40000.0,0.0,1.0,binary,0,150000,73923,0.1076502799987793,True,5,nan
conversation_trace,0.01,1.0,"l1=0.01,l2x1",binary,1,2,pi2,train,/home/ubuntu/Desktop/persistent-kv-admission/results/onpolicy_full_feb30eb_001/populations/train/conversation_trace__l1_0.01__l2x_1__binary__seed_1/pi2.npz,4646a29ff3d8c4ea4f6b63fac76c0ebda83d8f3e08ade52499c8b4bc867f36d3,float64,float32,679632,40000,147392,106767,40000,True,147392,35.925474643707275,40000.0,0.0,1.0,binary,0,150000,72852,0.1021568775177002,True,5,nan
conversation_trace,0.01,1.0,"l1=0.01,l2x1",binary,1,3,pi3,train,/home/ubuntu/Desktop/persistent-kv-admission/results/onpolicy_full_feb30eb_001/populations/train/conversation_trace__l1_0.01__l2x_1__binary__seed_1/pi3.npz,9d16dc0986d6f1960efb6888d89ad7a2a16e0a444b6a81f2342ede8c6be95501,float64,float32,679548,40000,148102,107168,40000,True,148102,35.54691767692566,40000.0,0.0,1.0,,,,,,,,
conversation_trace,0.01,1.0,"l1=0.01,l2x1",binary,2,0,pi0,train,/home/ubuntu/Desktop/persistent-kv-admission/results/onpolicy_full_feb30eb_001/populations/train/conversation_trace__l1_0.01__l2x_1__binary__seed_2/pi0.npz,837c3248085bdd1c40216323c43ea5654284f5b1441e4ad955273d1d5c4bc929,float64,float32,679677,40000,147643,106967,40000,True,147643,35.937649965286255,40000.0,0.0,1.0,binary,0,150000,70648,0.10692811012268066,True,5,nan
conversation_trace,0.01,1.0,"l1=0.01,l2x1",binary,2,1,pi1,train,/home/ubuntu/Desktop/persistent-kv-admission/results/onpolicy_full_feb30eb_001/populations/train/conversation_trace__l1_0.01__l2x_1__binary__seed_2/pi1.npz,f9f5f16d20f2c41a622cc39be1eed2bc8f1307ac246aedc008c1a279eea580d1,float64,float32,679488,40000,147971,107051,40000,True,147971,35.33801746368408,40000.0,0.0,1.0,binary,0,150000,72936,0.10729122161865234,True,5,nan
conversation_trace,0.01,1.0,"l1=0.01,l2x1",binary,2,2,pi2,train,/home/ubuntu/Desktop/persistent-kv-admission/results/onpolicy_full_feb30eb_001/populations/train/conversation_trace__l1_0.01__l2x_1__binary__seed_2/pi2.npz,4c267f6ca82f8a9ab7fe2a1a905b40b3151a42b0fd2439e455c54cad348b01a5,float64,float32,679627,40000,147375,106753,40000,True,147375,35.46391940116882,40000.0,0.0,1.0,binary,0,150000,73091,0.10773444175720215,True,5,nan
conversation_trace,0.01,1.0,"l1=0.01,l2x1",binary,2,3,pi3,train,/home/ubuntu/Desktop/persistent-kv-admission/results/onpolicy_full_feb30eb_001/populations/train/conversation_trace__l1_0.01__l2x_1__binary__seed_2/pi3.npz,2f385bc7b28676b3ef9d1908b660e6139bc57d67bc318fad1bbd2f494a7336b7,float64,float32,679538,40000,148138,107184,40000,True,148138,34.979506731033325,40000.0,0.0,1.0,,,,,,,,
conversation_trace,0.01,1.0,"l1=0.01,l2x1",binary,3,0,pi0,train,/home/ubuntu/Desktop/persistent-kv-admission/results/onpolicy_full_feb30eb_001/populations/train/conversation_trace__l1_0.01__l2x_1__binary__seed_3/pi0.npz,c6f3af419ecbec45f17d48df1e09c04a39b943bd65766b6925c665b5d5f6b728,float64,float32,679679,40000,147655,106962,40000,True,147655,35.678762912750244,40000.0,0.0,1.0,binary,0,150000,71152,0.10595417022705078,True,5,nan
conversation_trace,0.01,1.0,"l1=0.01,l2x1",binary,3,1,pi1,train,/home/ubuntu/Desktop/persistent-kv-admission/results/onpolicy_full_feb30eb_001/populations/train/conversation_trace__l1_0.01__l2x_1__binary__seed_3/pi1.npz,13d310cdba3a778e3c7382efa74cf586c3a44e50354ff0b5832d888fcdec00e7,float64,float32,679509,40000,147962,107013,40000,True,147962,34.95461940765381,40000.0,0.0,1.0,binary,0,150000,73296,0.1134490966796875,True,5,nan
conversation_trace,0.01,1.0,"l1=0.01,l2x1",binary,3,2,pi2,train,/home/ubuntu/Desktop/persistent-kv-admission/results/onpolicy_full_feb30eb_001/populations/train/conversation_trace__l1_0.01__l2x_1__binary__seed_3/pi2.npz,a768035032fecadd5844ad9cbcbab9869d342c7f91560fbf4aa07bc90032af58,float64,float32,679672,40000,147378,106781,40000,True,147378,35.217307329177856,40000.0,0.0,1.0,binary,0,150000,72584,0.10829305648803711,True,5,nan
conversation_trace,0.01,1.0,"l1=0.01,l2x1",binary,3,3,pi3,train,/home/ubuntu/Desktop/persistent-kv-admission/results/onpolicy_full_feb30eb_001/populations/train/conversation_trace__l1_0.01__l2x_1__binary__seed_3/pi3.npz,2734d6e1405b2d877c72b4dbbb9fd793d7e46850841cdc9c3ec05fece78282ad,float64,float32,679541,40000,148133,107209,40000,True,148133,34.81309151649475,40000.0,0.0,1.0,,,,,,,,
conversation_trace,0.01,1.0,"l1=0.01,l2x1",binary,4,0,pi0,train,/home/ubuntu/Desktop/persistent-kv-admission/results/onpolicy_full_feb30eb_001/populations/train/conversation_trace__l1_0.01__l2x_1__binary__seed_4/pi0.npz,1a916a857fca79df3a975f3ad859263d0e7beba78fc8bb9e633bcfd0fe1b53ec,float64,float32,679644,40000,147660,106966,40000,True,147660,35.68080019950867,40000.0,0.0,1.0,binary,0,150000,70956,0.11631274223327637,True,5,nan
conversation_trace,0.01,1.0,"l1=0.01,l2x1",binary,4,1,pi1,train,/home/ubuntu/Desktop/persistent-kv-admission/results/onpolicy_full_feb30eb_001/populations/train/conversation_trace__l1_0.01__l2x_1__binary__seed_4/pi1.npz,26b12d8c919ef57e71f91f46b51745cbdeaa48197ea618cf71376a1153f6d309,float64,float32,679466,40000,147945,107032,40000,True,147945,34.98196053504944,40000.0,0.0,1.0,binary,0,150000,73808,0.10589027404785156,True,5,nan
conversation_trace,0.01,1.0,"l1=0.01,l2x1",binary,4,2,pi2,train,/home/ubuntu/Desktop/persistent-kv-admission/results/onpolicy_full_feb30eb_001/populations/train/conversation_trace__l1_0.01__l2x_1__binary__seed_4/pi2.npz,9905a8b60011eed693bc792eefbd099d778d068ca58453047dbbaf313ff078b0,float64,float32,679637,40000,147366,106787,40000,True,147366,35.381009578704834,40000.0,0.0,1.0,binary,0,150000,72280,0.1027839183807373,True,5,nan
conversation_trace,0.01,1.0,"l1=0.01,l2x1",binary,4,3,pi3,train,/home/ubuntu/Desktop/persistent-kv-admission/results/onpolicy_full_feb30eb_001/populations/train/conversation_trace__l1_0.01__l2x_1__binary__seed_4/pi3.npz,e108c3de93c91f6ce8978dfa8c223ee363354cae26a8576e7182a7e3826d32b4,float64,float32,679574,40000,148184,107227,40000,True,148184,35.17859864234924,40000.0,0.0,1.0,,,,,,,,
conversation_trace,0.01,4.0,"l1=0.01,l2x4",next_use,0,0,pi0,train,/home/ubuntu/Desktop/persistent-kv-admission/results/onpolicy_full_feb30eb_001/populations/train/conversation_trace__l1_0.01__l2x_4__next_use__seed_0/pi0.npz,4cc36c78b685a9cc20ece9607aa25cf5356147b684b637b4ec16119d8a817e3d,float64,float32,679061,40000,126221,89570,40000,True,126221,37.53155446052551,40000.0,0.0,1.0,next_use,0,150000,48456,0.06454253196716309,True,1,1091.5794931165085
conversation_trace,0.01,4.0,"l1=0.01,l2x4",next_use,0,1,pi1,train,/home/ubuntu/Desktop/persistent-kv-admission/results/onpolicy_full_feb30eb_001/populations/train/conversation_trace__l1_0.01__l2x_4__next_use__seed_0/pi1.npz,ef68def3ea6a320ad0489c5c15ab0547cf9e624d58efa51ec76b54d5734bc879,float64,float32,679395,40000,125636,89147,40000,True,125636,37.11425471305847,40000.0,0.0,1.0,next_use,0,150000,49171,0.07085871696472168,True,1,1082.6587368969422
conversation_trace,0.01,4.0,"l1=0.01,l2x4",next_use,0,2,pi2,train,/home/ubuntu/Desktop/persistent-kv-admission/results/onpolicy_full_feb30eb_001/populations/train/conversation_trace__l1_0.01__l2x_4__next_use__seed_0/pi2.npz,341cebb69a4a9e77f330065d798755cd2758967d48ab9bb45b4fb734caccff4d,float64,float32,679162,40000,125704,89140,40000,True,125704,37.40829086303711,40000.0,0.0,1.0,next_use,0,150000,48731,0.060018301010131836,True,1,1087.0232689190918
conversation_trace,0.01,4.0,"l1=0.01,l2x4",next_use,0,3,pi3,train,/home/ubuntu/Desktop/persistent-kv-admission/results/onpolicy_full_feb30eb_001/populations/train/conversation_trace__l1_0.01__l2x_4__next_use__seed_0/pi3.npz,6812fbd76f364399f85b049fc1cefea1c0e873cd97f63deb740655c53a2da7ad,float64,float32,679366,40000,125955,89333,40000,True,125955,37.61808681488037,40000.0,0.0,1.0,,,,,,,,
conversation_trace,0.01,4.0,"l1=0.01,l2x4",next_use,1,0,pi0,train,/home/ubuntu/Desktop/persistent-kv-admission/results/onpolicy_full_feb30eb_001/populations/train/conversation_trace__l1_0.01__l2x_4__next_use__seed_1/pi0.npz,941397bc451f76add42e138aaffe5e9f8349ab1720046d1cc5a33a0971c8a0e9,float64,float32,679115,40000,126234,89598,40000,True,126234,37.81306481361389,40000.0,0.0,1.0,next_use,0,150000,48314,0.0650491714477539,True,1,1090.1814037724996
conversation_trace,0.01,4.0,"l1=0.01,l2x4",next_use,1,1,pi1,train,/home/ubuntu/Desktop/persistent-kv-admission/results/onpolicy_full_feb30eb_001/populations/train/conversation_trace__l1_0.01__l2x_4__next_use__seed_1/pi1.npz,10e9749166a4cfa41aaee8c8b83f983d0bd970b2c26d84f6bd172ca7563ac09b,float64,float32,679382,40000,125569,89083,40000,True,125569,37.34667134284973,40000.0,0.0,1.0,next_use,0,150000,49279,0.06649112701416016,True,1,1084.9724993139448
conversation_trace,0.01,4.0,"l1=0.01,l2x4",next_use,1,2,pi2,train,/home/ubuntu/Desktop/persistent-kv-admission/results/onpolicy_full_feb30eb_001/populations/train/conversation_trace__l1_0.01__l2x_4__next_use__seed_1/pi2.npz,867a360ee0e8317726c15f1c789a28eed65c4efde536b591e01337f5286ca67b,float64,float32,679080,40000,125694,89226,40000,True,125694,37.260780811309814,40000.0,0.0,1.0,next_use,0,150000,48716,0.06493616104125977,True,1,1085.1789620654629
conversation_trace,0.01,4.0,"l1=0.01,l2x4",next_use,1,3,pi3,train,/home/ubuntu/Desktop/persistent-kv-admission/results/onpolicy_full_feb30eb_001/populations/train/conversation_trace__l1_0.01__l2x_4__next_use__seed_1/pi3.npz,9a62a401c829dc7c07f2f03e573209f9accd1f7681f90cd8f2c4b3d07aac31e0,float64,float32,679450,40000,125791,89207,40000,True,125791,37.31270456314087,40000.0,0.0,1.0,,,,,,,,
conversation_trace,0.01,4.0,"l1=0.01,l2x4",next_use,2,0,pi0,train,/home/ubuntu/Desktop/persistent-kv-admission/results/onpolicy_full_feb30eb_001/populations/train/conversation_trace__l1_0.01__l2x_4__next_use__seed_2/pi0.npz,be2b3e45aaf12f1d2e59e5498571cc5b0e832c7d53e9fceba070f3a9e504e5ed,float64,float32,679070,40000,126313,89646,40000,True,126313,37.57108998298645,40000.0,0.0,1.0,next_use,0,150000,48375,0.06346631050109863,True,1,1090.8401956666771
conversation_trace,0.01,4.0,"l1=0.01,l2x4",next_use,2,1,pi1,train,/home/ubuntu/Desktop/persistent-kv-admission/results/onpolicy_full_feb30eb_001/populations/train/conversation_trace__l1_0.01__l2x_4__next_use__seed_2/pi1.npz,63694208ffc3ce910c92a7c63ea5b1d1ad0948382c85c6645669007aac441553,float64,float32,679427,40000,125566,89116,40000,True,125566,37.570218086242676,40000.0,0.0,1.0,next_use,0,150000,49069,0.06507062911987305,True,1,1082.0009047825847
conversation_trace,0.01,4.0,"l1=0.01,l2x4",next_use,2,2,pi2,train,/home/ubuntu/Desktop/persistent-kv-admission/results/onpolicy_full_feb30eb_001/populations/train/conversation_trace__l1_0.01__l2x_4__next_use__seed_2/pi2.npz,20f8d431688e7453a157b810a431ab734cea6101db097d7e4f3c67c02d430d23,float64,float32,679072,40000,125824,89318,40000,True,125824,37.94104504585266,40000.0,0.0,1.0,next_use,0,150000,48615,0.06563401222229004,True,1,1085.9148205769927
conversation_trace,0.01,4.0,"l1=0.01,l2x4",next_use,2,3,pi3,train,/home/ubuntu/Desktop/persistent-kv-admission/results/onpolicy_full_feb30eb_001/populations/train/conversation_trace__l1_0.01__l2x_4__next_use__seed_2/pi3.npz,69a4aea0e4b16efde5cdb79cd8ba8a759555397f458545a15cc6cd543ceece6d,float64,float32,679428,40000,125799,89252,40000,True,125799,37.891268253326416,40000.0,0.0,1.0,,,,,,,,
conversation_trace,0.01,4.0,"l1=0.01,l2x4",next_use,3,0,pi0,train,/home/ubuntu/Desktop/persistent-kv-admission/results/onpolicy_full_feb30eb_001/populations/train/conversation_trace__l1_0.01__l2x_4__next_use__seed_3/pi0.npz,ec10fb04ef30d0d8027882ed4e564808c7371af3d768370f4d35bd52fb3a844b,float64,float32,679109,40000,126239,89592,40000,True,126239,37.269479751586914,40000.0,0.0,1.0,next_use,0,150000,48316,0.06609630584716797,True,1,1091.791107530836
conversation_trace,0.01,4.0,"l1=0.01,l2x4",next_use,3,1,pi1,train,/home/ubuntu/Desktop/persistent-kv-admission/results/onpolicy_full_feb30eb_001/populations/train/conversation_trace__l1_0.01__l2x_4__next_use__seed_3/pi1.npz,23c7085af5eb1479b5a583e47db8882571276c64133e3a10eacd601a58642817,float64,float32,679491,40000,125675,89181,40000,True,125675,37.78848075866699,40000.0,0.0,1.0,next_use,0,150000,49363,0.06063556671142578,True,1,1077.416386305336
conversation_trace,0.01,4.0,"l1=0.01,l2x4",next_use,3,2,pi2,train,/home/ubuntu/Desktop/persistent-kv-admission/results/onpolicy_full_feb30eb_001/populations/train/conversation_trace__l1_0.01__l2x_4__next_use__seed_3/pi2.npz,c625cbf03c1cb1721d5de1bc26102d1040b02b88b9bebfd2c04823d9df7b0394,float64,float32,679220,40000,125583,89117,40000,True,125583,37.933080434799194,40000.0,0.0,1.0,next_use,0,150000,48982,0.05659222602844238,True,1,1080.9816014365338
conversation_trace,0.01,4.0,"l1=0.01,l2x4",next_use,3,3,pi3,train,/home/ubuntu/Desktop/persistent-kv-admission/results/onpolicy_full_feb30eb_001/populations/train/conversation_trace__l1_0.01__l2x_4__next_use__seed_3/pi3.npz,6bd3dd2e8d5467cefd4519658b47e8bcc3a9689a18be8479e0a18ec6e753c3fc,float64,float32,679297,40000,125684,89203,40000,True,125684,37.90678524971008,40000.0,0.0,1.0,,,,,,,,
conversation_trace,0.01,4.0,"l1=0.01,l2x4",binary,0,0,pi0,train,/home/ubuntu/Desktop/persistent-kv-admission/results/onpolicy_full_feb30eb_001/populations/train/conversation_trace__l1_0.01__l2x_4__binary__seed_0/pi0.npz,03bd66a86a041d5dcf68036ec77be3d1f905ea44146eafa7e5266b8b9d6b9bf7,float64,float32,679495,40000,126125,89322,40000,True,126125,36.39198637008667,40000.0,0.0,1.0,binary,0,150000,49278,0.10799121856689453,True,5,nan
conversation_trace,0.01,4.0,"l1=0.01,l2x4",binary,0,1,pi1,train,/home/ubuntu/Desktop/persistent-kv-admission/results/onpolicy_full_feb30eb_001/populations/train/conversation_trace__l1_0.01__l2x_4__binary__seed_0/pi1.npz,f2bd2ead4327e89836e1ecb10ed64b3f644775d1ecc850da0714ec24964e5664,float64,float32,679060,40000,126735,89952,40000,True,126735,37.10943675041199,40000.0,0.0,1.0,binary,0,150000,48464,0.1093451976776123,True,5,nan
conversation_trace,0.01,4.0,"l1=0.01,l2x4",binary,0,2,pi2,train,/home/ubuntu/Desktop/persistent-kv-admission/results/onpolicy_full_feb30eb_001/populations/train/conversation_trace__l1_0.01__l2x_4__binary__seed_0/pi2.npz,f429047de1c92db2334b3985b2bcdeb62a600e483c8d2afdd50c94171bcb3a32,float64,float32,679455,40000,126973,90012,40000,True,126973,37.2356481552124,40000.0,0.0,1.0,binary,0,150000,49354,0.10938596725463867,True,5,nan
conversation_trace,0.01,4.0,"l1=0.01,l2x4",binary,0,3,pi3,train,/home/ubuntu/Desktop/persistent-kv-admission/results/onpolicy_full_feb30eb_001/populations/train/conversation_trace__l1_0.01__l2x_4__binary__seed_0/pi3.npz,43732818ef485fa960d21b9c57f8f31f0877991d44aa2c33b2c4fa667124fb40,float64,float32,679044,40000,126756,89998,40000,True,126756,36.63335609436035,40000.0,0.0,1.0,,,,,,,,
conversation_trace,0.01,4.0,"l1=0.01,l2x4",binary,1,0,pi0,train,/home/ubuntu/Desktop/persistent-kv-admission/results/onpolicy_full_feb30eb_001/populations/train/conversation_trace__l1_0.01__l2x_4__binary__seed_1/pi0.npz,b4d929571ecc6a2b9f6dcacd5dbc6bc3ebdef270930d1066d41d82b7e5218e65,float64,float32,679454,40000,126106,89318,40000,True,126106,36.2420859336853,40000.0,0.0,1.0,binary,0,150000,49251,0.11142182350158691,True,5,nan
conversation_trace,0.01,4.0,"l1=0.01,l2x4",binary,1,1,pi1,train,/home/ubuntu/Desktop/persistent-kv-admission/results/onpolicy_full_feb30eb_001/populations/train/conversation_trace__l1_0.01__l2x_4__binary__seed_1/pi1.npz,14b3ab25376b34d0afb2b8e63fec7c3126a193483560f0dc4dd1bbd8f457dfb0,float64,float32,679051,40000,126862,90021,40000,True,126862,36.728060722351074,40000.0,0.0,1.0,binary,0,150000,48438,0.11149811744689941,True,5,nan
conversation_trace,0.01,4.0,"l1=0.01,l2x4",binary,1,2,pi2,train,/home/ubuntu/Desktop/persistent-kv-admission/results/onpolicy_full_feb30eb_001/populations/train/conversation_trace__l1_0.01__l2x_4__binary__seed_1/pi2.npz,aa7a7e20026995ec5841e59879ccc78b7a75d292ec6d6b6eda9f524c2c37baca,float64,float32,679508,40000,126980,90051,40000,True,126980,36.970163345336914,40000.0,0.0,1.0,binary,0,150000,49004,0.10778975486755371,True,5,nan
conversation_trace,0.01,4.0,"l1=0.01,l2x4",binary,1,3,pi3,train,/home/ubuntu/Desktop/persistent-kv-admission/results/onpolicy_full_feb30eb_001/populations/train/conversation_trace__l1_0.01__l2x_4__binary__seed_1/pi3.npz,4bb144fe46748088478101f87f8663a6752eaff94c100183aa972a0c24e35a71,float64,float32,679048,40000,126929,90104,40000,True,126929,37.072585344314575,40000.0,0.0,1.0,,,,,,,,
conversation_trace,0.01,4.0,"l1=0.01,l2x4",binary,2,0,pi0,train,/home/ubuntu/Desktop/persistent-kv-admission/results/onpolicy_full_feb30eb_001/populations/train/conversation_trace__l1_0.01__l2x_4__binary__seed_2/pi0.npz,b99efae0557a65feb1dea34f77fe600ab67ce7894a5f8a063a97c5ebb4af2af3,float64,float32,679499,40000,126171,89356,40000,True,126171,36.12708520889282,40000.0,0.0,1.0,binary,0,150000,49043,0.10304832458496094,True,5,nan
conversation_trace,0.01,4.0,"l1=0.01,l2x4",binary,2,1,pi1,train,/home/ubuntu/Desktop/persistent-kv-admission/results/onpolicy_full_feb30eb_001/populations/train/conversation_trace__l1_0.01__l2x_4__binary__seed_2/pi1.npz,44680d15d304493576a4abe275636ec4cc53eb8e56d51492bc1af4c1e39f8a95,float64,float32,679074,40000,126767,89918,40000,True,126767,36.759727239608765,40000.0,0.0,1.0,binary,0,150000,48560,0.09934186935424805,True,5,nan
conversation_trace,0.01,4.0,"l1=0.01,l2x4",binary,2,2,pi2,train,/home/ubuntu/Desktop/persistent-kv-admission/results/onpolicy_full_feb30eb_001/populations/train/conversation_trace__l1_0.01__l2x_4__binary__seed_2/pi2.npz,30c2cdf0161cd31665485f096538c33d383dfc25323dcdfff7774ba12ef8df33,float64,float32,679462,40000,126852,90019,40000,True,126852,36.638129472732544,40000.0,0.0,1.0,binary,0,150000,49325,0.11188077926635742,True,5,nan
conversation_trace,0.01,4.0,"l1=0.01,l2x4",binary,2,3,pi3,train,/home/ubuntu/Desktop/persistent-kv-admission/results/onpolicy_full_feb30eb_001/populations/train/conversation_trace__l1_0.01__l2x_4__binary__seed_2/pi3.npz,673d360c45c0fb271ecc34dfc04734f70e1913d84fdf4aa468c07cdac61f0943,float64,float32,679039,40000,126845,90079,40000,True,126845,36.62985420227051,40000.0,0.0,1.0,,,,,,,,
conversation_trace,0.01,4.0,"l1=0.01,l2x4",next_use,4,0,pi0,train,/home/ubuntu/Desktop/persistent-kv-admission/results/onpolicy_full_feb30eb_001/populations/train/conversation_trace__l1_0.01__l2x_4__next_use__seed_4/pi0.npz,7dbcf3983f9945d314e3cec2c3aa29c77b639ca1a2f325e1bb5b08030632c42f,float64,float32,679121,40000,126233,89589,40000,True,126233,37.88856387138367,40000.0,0.0,1.0,next_use,0,150000,48342,0.06599140167236328,True,1,1092.6380402738127
conversation_trace,0.01,4.0,"l1=0.01,l2x4",next_use,4,1,pi1,train,/home/ubuntu/Desktop/persistent-kv-admission/results/onpolicy_full_feb30eb_001/populations/train/conversation_trace__l1_0.01__l2x_4__next_use__seed_4/pi1.npz,d22a27ac3eda17767c9e9bb92512e303d34fd6f11385489c960b20a4ee19c725,float64,float32,679368,40000,125683,89162,40000,True,125683,38.41498374938965,40000.0,0.0,1.0,next_use,0,150000,49271,0.06101226806640625,True,1,1077.776626723466
conversation_trace,0.01,4.0,"l1=0.01,l2x4",next_use,4,2,pi2,train,/home/ubuntu/Desktop/persistent-kv-admission/results/onpolicy_full_feb30eb_001/populations/train/conversation_trace__l1_0.01__l2x_4__next_use__seed_4/pi2.npz,213a2dfb976bac44c3fa0c21822f16fdb30b01a263ceba7263e27ad6dc40f02f,float64,float32,679090,40000,125849,89246,40000,True,125849,38.20320773124695,40000.0,0.0,1.0,next_use,0,150000,48716,0.05942201614379883,True,1,1088.4571282295726
conversation_trace,0.01,4.0,"l1=0.01,l2x4",next_use,4,3,pi3,train,/home/ubuntu/Desktop/persistent-kv-admission/results/onpolicy_full_feb30eb_001/populations/train/conversation_trace__l1_0.01__l2x_4__next_use__seed_4/pi3.npz,e2c2b4b69e6db6c3f2dda13fc77c2cfe896610c898f4a5d9673f4cb7fd654064,float64,float32,679466,40000,125785,89218,40000,True,125785,38.35802221298218,40000.0,0.0,1.0,,,,,,,,
conversation_trace,0.01,4.0,"l1=0.01,l2x4",binary,3,0,pi0,train,/home/ubuntu/Desktop/persistent-kv-admission/results/onpolicy_full_feb30eb_001/populations/train/conversation_trace__l1_0.01__l2x_4__binary__seed_3/pi0.npz,ac713d6ebca60ec3359f3e694a1650c12bbc76655c7bce87f45c191402d56201,float64,float32,679513,40000,126180,89366,40000,True,126180,36.221137046813965,40000.0,0.0,1.0,binary,0,150000,48682,0.11902499198913574,True,5,nan
conversation_trace,0.01,4.0,"l1=0.01,l2x4",binary,3,1,pi1,train,/home/ubuntu/Desktop/persistent-kv-admission/results/onpolicy_full_feb30eb_001/populations/train/conversation_trace__l1_0.01__l2x_4__binary__seed_3/pi1.npz,965e9b5497f1cc07980eda47d1723540a3db391739b1168bd38a112e64d47337,float64,float32,679060,40000,126814,90009,40000,True,126814,37.00837421417236,40000.0,0.0,1.0,binary,0,150000,48611,0.10611152648925781,True,5,nan
conversation_trace,0.01,4.0,"l1=0.01,l2x4",binary,3,2,pi2,train,/home/ubuntu/Desktop/persistent-kv-admission/results/onpolicy_full_feb30eb_001/populations/train/conversation_trace__l1_0.01__l2x_4__binary__seed_3/pi2.npz,f4f3d59963a27afef6401f8786e682d9f61bfa47c1b6723bf363104572161162,float64,float32,679474,40000,126875,89975,40000,True,126875,37.19902300834656,40000.0,0.0,1.0,binary,0,150000,49505,0.10819578170776367,True,5,nan
conversation_trace,0.01,4.0,"l1=0.01,l2x4",binary,3,3,pi3,train,/home/ubuntu/Desktop/persistent-kv-admission/results/onpolicy_full_feb30eb_001/populations/train/conversation_trace__l1_0.01__l2x_4__binary__seed_3/pi3.npz,13d1fb6a09fcb3b94436614cb4df4bd94f55ccd9f6ab0f47732e32ded52f903d,float64,float32,679051,40000,126858,90052,40000,True,126858,36.86827850341797,40000.0,0.0,1.0,,,,,,,,
conversation_trace,0.01,4.0,"l1=0.01,l2x4",binary,4,0,pi0,train,/home/ubuntu/Desktop/persistent-kv-admission/results/onpolicy_full_feb30eb_001/populations/train/conversation_trace__l1_0.01__l2x_4__binary__seed_4/pi0.npz,380f09857877c21c3d6600f26672a039bb9b307482fef0a5845b8c6ab5807fb4,float64,float32,679467,40000,126225,89381,40000,True,126225,35.98230600357056,40000.0,0.0,1.0,binary,0,150000,48994,0.11835718154907227,True,5,nan
conversation_trace,0.01,4.0,"l1=0.01,l2x4",binary,4,1,pi1,train,/home/ubuntu/Desktop/persistent-kv-admission/results/onpolicy_full_feb30eb_001/populations/train/conversation_trace__l1_0.01__l2x_4__binary__seed_4/pi1.npz,0f01317f9849ba2986c99df6691f1efe16d96ee4cd9c5d53799f68ca02a1fa92,float64,float32,679099,40000,126851,90054,40000,True,126851,36.647857904434204,40000.0,0.0,1.0,binary,0,150000,48239,0.10882258415222168,True,5,nan
conversation_trace,0.01,4.0,"l1=0.01,l2x4",binary,4,2,pi2,train,/home/ubuntu/Desktop/persistent-kv-admission/results/onpolicy_full_feb30eb_001/populations/train/conversation_trace__l1_0.01__l2x_4__binary__seed_4/pi2.npz,ed4c8ca6af048b89f0c44dca6a7cbfc6c6502c6ae76e2e4d0fe5ed07d4883087,float64,float32,679473,40000,126861,89971,40000,True,126861,36.523242712020874,40000.0,0.0,1.0,binary,0,150000,49482,0.1264958381652832,True,5,nan
conversation_trace,0.01,4.0,"l1=0.01,l2x4",binary,4,3,pi3,train,/home/ubuntu/Desktop/persistent-kv-admission/results/onpolicy_full_feb30eb_001/populations/train/conversation_trace__l1_0.01__l2x_4__binary__seed_4/pi3.npz,d47e01f0f60d9e23715b655d08605a9d36f3a84303e4795259c5a001fb9b89cf,float64,float32,679053,40000,126796,89989,40000,True,126796,36.6625292301178,40000.0,0.0,1.0,,,,,,,,
conversation_trace,0.02,1.0,"l1=0.02,l2x1",next_use,0,0,pi0,train,/home/ubuntu/Desktop/persistent-kv-admission/results/onpolicy_full_feb30eb_001/populations/train/conversation_trace__l1_0.02__l2x_1__next_use__seed_0/pi0.npz,4c642de5cbddf0d0cc9adbc4592f2bd826840c114ab99105a8f8db6b4b7a395c,float64,float32,679349,40000,132618,94998,40000,True,132618,36.443928718566895,40000.0,0.0,1.0,next_use,0,150000,53472,0.06533169746398926,True,1,1046.7210527061209
conversation_trace,0.02,1.0,"l1=0.02,l2x1",next_use,0,1,pi1,train,/home/ubuntu/Desktop/persistent-kv-admission/results/onpolicy_full_feb30eb_001/populations/train/conversation_trace__l1_0.02__l2x_1__next_use__seed_0/pi1.npz,d339ae96b01c31501ca77a9ea1b57e66df146e19ed4118f34ebe788e0cbe412d,float64,float32,679552,40000,132570,94716,40000,True,132570,35.96301317214966,40000.0,0.0,1.0,next_use,0,150000,55302,0.06915998458862305,True,1,1019.6292682612026
conversation_trace,0.02,1.0,"l1=0.02,l2x1",next_use,0,2,pi2,train,/home/ubuntu/Desktop/persistent-kv-admission/results/onpolicy_full_feb30eb_001/populations/train/conversation_trace__l1_0.02__l2x_1__next_use__seed_0/pi2.npz,2ead51f85b3207c419115b95a7090918d267fa6a34ddc44acb70dd3f9a68debc,float64,float32,679512,40000,132188,94490,40000,True,132188,36.55210018157959,40000.0,0.0,1.0,next_use,0,150000,55360,0.05920290946960449,True,1,974.3473630067332
conversation_trace,0.02,1.0,"l1=0.02,l2x1",next_use,0,3,pi3,train,/home/ubuntu/Desktop/persistent-kv-admission/results/onpolicy_full_feb30eb_001/populations/train/conversation_trace__l1_0.02__l2x_1__next_use__seed_0/pi3.npz,512fd034c215a7a74b2afa21834f1cb20f0343d3b65dd7bdd3024b40362d75db,float64,float32,679460,40000,132377,94591,40000,True,132377,36.52370500564575,40000.0,0.0,1.0,,,,,,,,
conversation_trace,0.02,1.0,"l1=0.02,l2x1",next_use,1,0,pi0,train,/home/ubuntu/Desktop/persistent-kv-admission/results/onpolicy_full_feb30eb_001/populations/train/conversation_trace__l1_0.02__l2x_1__next_use__seed_1/pi0.npz,8586dc65a8282e3652797c185c49fb1b23c9a1bda4d68d3bb459f65644d9a732,float64,float32,679361,40000,132537,94912,40000,True,132537,36.489906787872314,40000.0,0.0,1.0,next_use,0,150000,53539,0.06448507308959961,True,1,1047.4871540619968
conversation_trace,0.02,1.0,"l1=0.02,l2x1",next_use,1,1,pi1,train,/home/ubuntu/Desktop/persistent-kv-admission/results/onpolicy_full_feb30eb_001/populations/train/conversation_trace__l1_0.02__l2x_1__next_use__seed_1/pi1.npz,ec2dad64f9347e53c86c727859e565c9ca25b33f9256b8c3f76d87a5784c98e3,float64,float32,679473,40000,132597,94656,40000,True,132597,36.30153250694275,40000.0,0.0,1.0,next_use,0,150000,55214,0.0602567195892334,True,1,1030.180658267413
conversation_trace,0.02,1.0,"l1=0.02,l2x1",next_use,1,2,pi2,train,/home/ubuntu/Desktop/persistent-kv-admission/results/onpolicy_full_feb30eb_001/populations/train/conversation_trace__l1_0.02__l2x_1__next_use__seed_1/pi2.npz,f133301723095bd74858a07377e80477bc27b69436b73a98c0e7655ac0c3c01d,float64,float32,679441,40000,132326,94647,40000,True,132326,35.9512403011322,40000.0,0.0,1.0,next_use,0,150000,55007,0.06647539138793945,True,1,993.4553502441624
conversation_trace,0.02,1.0,"l1=0.02,l2x1",next_use,1,3,pi3,train,/home/ubuntu/Desktop/persistent-kv-admission/results/onpolicy_full_feb30eb_001/populations/train/conversation_trace__l1_0.02__l2x_1__next_use__seed_1/pi3.npz,b920c3e091bca87fc3cbc746c2d84f142ec55f094c3cd05653d4cebe98558251,float64,float32,679494,40000,132386,94603,40000,True,132386,36.264737606048584,40000.0,0.0,1.0,,,,,,,,
conversation_trace,0.02,1.0,"l1=0.02,l2x1",next_use,2,0,pi0,train,/home/ubuntu/Desktop/persistent-kv-admission/results/onpolicy_full_feb30eb_001/populations/train/conversation_trace__l1_0.02__l2x_1__next_use__seed_2/pi0.npz,f2c8732213c66c71ea1165f2c30404b1461e449af4521df3b5d8b703cb8373b6,float64,float32,679357,40000,132570,94925,40000,True,132570,36.3252637386322,40000.0,0.0,1.0,next_use,0,150000,53288,0.057706356048583984,True,1,1049.7678311603793
conversation_trace,0.02,1.0,"l1=0.02,l2x1",next_use,2,1,pi1,train,/home/ubuntu/Desktop/persistent-kv-admission/results/onpolicy_full_feb30eb_001/populations/train/conversation_trace__l1_0.02__l2x_1__next_use__seed_2/pi1.npz,6b664c1d0a99f35ece92ba7bd1b93bbea274e3b758e007a3f4b5e3d2cfff323f,float64,float32,679482,40000,132621,94736,40000,True,132621,36.185577392578125,40000.0,0.0,1.0,next_use,0,150000,54343,0.06041526794433594,True,1,1032.4418725370463
conversation_trace,0.02,1.0,"l1=0.02,l2x1",next_use,2,2,pi2,train,/home/ubuntu/Desktop/persistent-kv-admission/results/onpolicy_full_feb30eb_001/populations/train/conversation_trace__l1_0.02__l2x_1__next_use__seed_2/pi2.npz,764997dce207250229b1aa481bf898bed266480e62507df450ae3569013d1d11,float64,float32,679494,40000,132358,94684,40000,True,132358,36.451663970947266,40000.0,0.0,1.0,next_use,0,150000,55355,0.06287193298339844,True,1,985.8063468158193
conversation_trace,0.02,1.0,"l1=0.02,l2x1",next_use,2,3,pi3,train,/home/ubuntu/Desktop/persistent-kv-admission/results/onpolicy_full_feb30eb_001/populations/train/conversation_trace__l1_0.02__l2x_1__next_use__seed_2/pi3.npz,8088ee843570bdc57a53f78ee0886d0fe485a52a5660908318827e17edcef46a,float64,float32,679574,40000,132354,94537,40000,True,132354,36.346757888793945,40000.0,0.0,1.0,,,,,,,,
conversation_trace,0.02,1.0,"l1=0.02,l2x1",binary,0,0,pi0,train,/home/ubuntu/Desktop/persistent-kv-admission/results/onpolicy_full_feb30eb_001/populations/train/conversation_trace__l1_0.02__l2x_1__binary__seed_0/pi0.npz,7e11fbe6a0438b2651ce0374c8c8358254ad98ce52b7b26be26f535055e6f658,float64,float32,679548,40000,132701,94658,40000,True,132701,35.52052450180054,40000.0,0.0,1.0,binary,0,150000,54951,0.10787439346313477,True,5,nan
conversation_trace,0.02,1.0,"l1=0.02,l2x1",binary,0,1,pi1,train,/home/ubuntu/Desktop/persistent-kv-admission/results/onpolicy_full_feb30eb_001/populations/train/conversation_trace__l1_0.02__l2x_1__binary__seed_0/pi1.npz,61d8a1faeeb0ce053fcd74e9658a94a8cdcd056215f2d79dea1696c04b0901ee,float64,float32,679272,40000,132813,94965,40000,True,132813,35.04499316215515,40000.0,0.0,1.0,binary,0,150000,54558,0.1100153923034668,True,5,nan
conversation_trace,0.02,1.0,"l1=0.02,l2x1",binary,0,2,pi2,train,/home/ubuntu/Desktop/persistent-kv-admission/results/onpolicy_full_feb30eb_001/populations/train/conversation_trace__l1_0.02__l2x_1__binary__seed_0/pi2.npz,dc0c00ff4fe33697b73e778beccfa448467f041375b2e580125953ffc02e83dc,float64,float32,679539,40000,132445,94635,40000,True,132445,35.56647825241089,40000.0,0.0,1.0,binary,0,150000,57253,0.11749553680419922,True,5,nan
conversation_trace,0.02,1.0,"l1=0.02,l2x1",binary,0,3,pi3,train,/home/ubuntu/Desktop/persistent-kv-admission/results/onpolicy_full_feb30eb_001/populations/train/conversation_trace__l1_0.02__l2x_1__binary__seed_0/pi3.npz,b72345f321b589732d31994d071677c7cfbdb75eb5cbed84662405a7ad9256f5,float64,float32,679310,40000,132665,94767,40000,True,132665,35.42401719093323,40000.0,0.0,1.0,,,,,,,,
conversation_trace,0.02,1.0,"l1=0.02,l2x1",next_use,3,0,pi0,train,/home/ubuntu/Desktop/persistent-kv-admission/results/onpolicy_full_feb30eb_001/populations/train/conversation_trace__l1_0.02__l2x_1__next_use__seed_3/pi0.npz,1aa1b07ad23636ffcf660fa320e60f084aa66464323710dfc493f47b698e758f,float64,float32,679379,40000,132616,94959,40000,True,132616,36.154412269592285,40000.0,0.0,1.0,next_use,0,150000,53281,0.06341218948364258,True,1,1050.011797500522
conversation_trace,0.02,1.0,"l1=0.02,l2x1",next_use,3,1,pi1,train,/home/ubuntu/Desktop/persistent-kv-admission/results/onpolicy_full_feb30eb_001/populations/train/conversation_trace__l1_0.02__l2x_1__next_use__seed_3/pi1.npz,3ed9974874a025502fd08e7524f0ba8e2ea8eba8c9ecb566a5c00d7e48007c7d,float64,float32,679374,40000,132667,94783,40000,True,132667,35.80339527130127,40000.0,0.0,1.0,next_use,0,150000,55065,0.06303000450134277,True,1,1051.054911989071
conversation_trace,0.02,1.0,"l1=0.02,l2x1",next_use,3,2,pi2,train,/home/ubuntu/Desktop/persistent-kv-admission/results/onpolicy_full_feb30eb_001/populations/train/conversation_trace__l1_0.02__l2x_1__next_use__seed_3/pi2.npz,31868bc1024ad94854d0d0e3719c093c2ede4d2d2ceaed1a6b070f6f3e9f3914,float64,float32,679516,40000,132361,94628,40000,True,132361,36.18140411376953,40000.0,0.0,1.0,next_use,0,150000,55586,0.05906844139099121,True,1,976.790919470347
conversation_trace,0.02,1.0,"l1=0.02,l2x1",next_use,3,3,pi3,train,/home/ubuntu/Desktop/persistent-kv-admission/results/onpolicy_full_feb30eb_001/populations/train/conversation_trace__l1_0.02__l2x_1__next_use__seed_3/pi3.npz,484960b8f67c461c33440cf163f34e2206ef220c38892d1bcff397b8cebe2e58,float64,float32,679515,40000,132442,94612,40000,True,132442,36.11500120162964,40000.0,0.0,1.0,,,,,,,,
conversation_trace,0.02,1.0,"l1=0.02,l2x1",next_use,4,0,pi0,train,/home/ubuntu/Desktop/persistent-kv-admission/results/onpolicy_full_feb30eb_001/populations/train/conversation_trace__l1_0.02__l2x_1__next_use__seed_4/pi0.npz,b1c40138b19b8660d81df39223d20663dc8406f130109005bf9c3a73d8827cfa,float64,float32,679379,40000,132571,94922,40000,True,132571,36.30781936645508,40000.0,0.0,1.0,next_use,0,150000,53455,0.06655168533325195,True,1,1048.9831319923023
conversation_trace,0.02,1.0,"l1=0.02,l2x1",next_use,4,1,pi1,train,/home/ubuntu/Desktop/persistent-kv-admission/results/onpolicy_full_feb30eb_001/populations/train/conversation_trace__l1_0.02__l2x_1__next_use__seed_4/pi1.npz,dc805a164176e90e288e9092d2799f6a260a9c73bbc4644137a26b34332b04bb,float64,float32,679563,40000,132591,94687,40000,True,132591,36.006861209869385,40000.0,0.0,1.0,next_use,0,150000,55136,0.0645909309387207,True,1,1038.8483105060484
conversation_trace,0.02,1.0,"l1=0.02,l2x1",next_use,4,2,pi2,train,/home/ubuntu/Desktop/persistent-kv-admission/results/onpolicy_full_feb30eb_001/populations/train/conversation_trace__l1_0.02__l2x_1__next_use__seed_4/pi2.npz,ef96dcf51c832336972377f103085ed338928b1919f47e3e4f5e1276e7164d12,float64,float32,679567,40000,132340,94592,40000,True,132340,36.10979175567627,40000.0,0.0,1.0,next_use,0,150000,55306,0.06489229202270508,True,1,990.1506359380614
conversation_trace,0.02,1.0,"l1=0.02,l2x1",next_use,4,3,pi3,train,/home/ubuntu/Desktop/persistent-kv-admission/results/onpolicy_full_feb30eb_001/populations/train/conversation_trace__l1_0.02__l2x_1__next_use__seed_4/pi3.npz,e43284e864fe240676d4e426746bc00606460a13e1b5542f0a2b36acc70658d1,float64,float32,679313,40000,132359,94560,40000,True,132359,35.70939493179321,40000.0,0.0,1.0,,,,,,,,
conversation_trace,0.02,1.0,"l1=0.02,l2x1",binary,2,0,pi0,train,/home/ubuntu/Desktop/persistent-kv-admission/results/onpolicy_full_feb30eb_001/populations/train/conversation_trace__l1_0.02__l2x_1__binary__seed_2/pi0.npz,11c7652a06f71acb48cc8fa3c10b833c13c553fbac1d9fd2c00988d5be9dee0f,float64,float32,679537,40000,132695,94671,40000,True,132695,34.728158473968506,40000.0,0.0,1.0,binary,0,150000,55253,0.11764407157897949,True,5,nan
conversation_trace,0.02,1.0,"l1=0.02,l2x1",binary,2,1,pi1,train,/home/ubuntu/Desktop/persistent-kv-admission/results/onpolicy_full_feb30eb_001/populations/train/conversation_trace__l1_0.02__l2x_1__binary__seed_2/pi1.npz,ba28efd6fd02c1fddc2b140963b2b616b19d1b2bf21f0c83f25668e6401e64fe,float64,float32,679223,40000,132908,95027,40000,True,132908,34.449246883392334,40000.0,0.0,1.0,binary,0,150000,54323,0.10740494728088379,True,5,nan
conversation_trace,0.02,1.0,"l1=0.02,l2x1",binary,2,2,pi2,train,/home/ubuntu/Desktop/persistent-kv-admission/results/onpolicy_full_feb30eb_001/populations/train/conversation_trace__l1_0.02__l2x_1__binary__seed_2/pi2.npz,ccf6553e335e2285dcb6ba7aeb6b4ab5214b3ea76cccc445cdd3e6c5de8d11a5,float64,float32,679562,40000,132374,94553,40000,True,132374,34.81793832778931,40000.0,0.0,1.0,binary,0,150000,56909,0.10486078262329102,True,5,nan
conversation_trace,0.02,1.0,"l1=0.02,l2x1",binary,2,3,pi3,train,/home/ubuntu/Desktop/persistent-kv-admission/results/onpolicy_full_feb30eb_001/populations/train/conversation_trace__l1_0.02__l2x_1__binary__seed_2/pi3.npz,cade856679709a22d42c46339276f452fdcce2a6d29a0f6be98683932528a4c7,float64,float32,679382,40000,132600,94726,40000,True,132600,34.92030596733093,40000.0,0.0,1.0,,,,,,,,
conversation_trace,0.02,1.0,"l1=0.02,l2x1",binary,1,0,pi0,train,/home/ubuntu/Desktop/persistent-kv-admission/results/onpolicy_full_feb30eb_001/populations/train/conversation_trace__l1_0.02__l2x_1__binary__seed_1/pi0.npz,716c36a3b06fca3f66345a2a2dcc9f058780de965cd80f38111994bf3605b02c,float64,float32,679544,40000,132673,94665,40000,True,132673,35.11669564247131,40000.0,0.0,1.0,binary,0,150000,55215,0.10901808738708496,True,5,nan
conversation_trace,0.02,1.0,"l1=0.02,l2x1",binary,1,1,pi1,train,/home/ubuntu/Desktop/persistent-kv-admission/results/onpolicy_full_feb30eb_001/populations/train/conversation_trace__l1_0.02__l2x_1__binary__seed_1/pi1.npz,026378d0a7cfc22fc2527a170ad25b457d80efecc2d5b01dbd55445a3dc741e8,float64,float32,679236,40000,132817,94955,40000,True,132817,34.9665584564209,40000.0,0.0,1.0,binary,0,150000,55036,0.1148226261138916,True,5,nan
conversation_trace,0.02,1.0,"l1=0.02,l2x1",binary,1,2,pi2,train,/home/ubuntu/Desktop/persistent-kv-admission/results/onpolicy_full_feb30eb_001/populations/train/conversation_trace__l1_0.02__l2x_1__binary__seed_1/pi2.npz,08c201e31820ed412512603c5b17c5723b939f2fdf007dbfa3170106706bd655,float64,float32,679517,40000,132405,94581,40000,True,132405,35.15355443954468,40000.0,0.0,1.0,binary,0,150000,56802,0.1048898696899414,True,5,nan
conversation_trace,0.02,1.0,"l1=0.02,l2x1",binary,1,3,pi3,train,/home/ubuntu/Desktop/persistent-kv-admission/results/onpolicy_full_feb30eb_001/populations/train/conversation_trace__l1_0.02__l2x_1__binary__seed_1/pi3.npz,d09757946a72a02451bbbb50b9d3e87e895cce25a982d35da2d16a279e4bc77d,float64,float32,679373,40000,132561,94744,40000,True,132561,35.06482672691345,40000.0,0.0,1.0,,,,,,,,
conversation_trace,0.02,1.0,"l1=0.02,l2x1",binary,3,0,pi0,train,/home/ubuntu/Desktop/persistent-kv-admission/results/onpolicy_full_feb30eb_001/populations/train/conversation_trace__l1_0.02__l2x_1__binary__seed_3/pi0.npz,9aef11bd3da334990246a667aa295187bd8f14019e6e06d1abf16eea5962ebaa,float64,float32,679560,40000,132685,94651,40000,True,132685,35.39485788345337,40000.0,0.0,1.0,binary,0,150000,55300,0.10553765296936035,True,5,nan
conversation_trace,0.02,1.0,"l1=0.02,l2x1",binary,3,1,pi1,train,/home/ubuntu/Desktop/persistent-kv-admission/results/onpolicy_full_feb30eb_001/populations/train/conversation_trace__l1_0.02__l2x_1__binary__seed_3/pi1.npz,79f31ff6a7c8e5943fcf597f7a5987b2dfcb6862aa9cd810ebf29291b809c52b,float64,float32,679233,40000,132790,94934,40000,True,132790,35.44764280319214,40000.0,0.0,1.0,binary,0,150000,55196,0.10722899436950684,True,5,nan
conversation_trace,0.02,1.0,"l1=0.02,l2x1",binary,3,2,pi2,train,/home/ubuntu/Desktop/persistent-kv-admission/results/onpolicy_full_feb30eb_001/populations/train/conversation_trace__l1_0.02__l2x_1__binary__seed_3/pi2.npz,4205f22c966a647d44387728bd3ab2e13c6d451b0b3834f90a40947f0d879a84,float64,float32,679556,40000,132357,94550,40000,True,132357,35.04510998725891,40000.0,0.0,1.0,binary,0,150000,57053,0.1121821403503418,True,5,nan
conversation_trace,0.02,1.0,"l1=0.02,l2x1",binary,3,3,pi3,train,/home/ubuntu/Desktop/persistent-kv-admission/results/onpolicy_full_feb30eb_001/populations/train/conversation_trace__l1_0.02__l2x_1__binary__seed_3/pi3.npz,85a693d1adf8a488168aef2aa98f88e70591b25c9fe10e6e3835737e03dc0768,float64,float32,679378,40000,132542,94734,40000,True,132542,35.452754735946655,40000.0,0.0,1.0,,,,,,,,
conversation_trace,0.02,1.0,"l1=0.02,l2x1",binary,4,0,pi0,train,/home/ubuntu/Desktop/persistent-kv-admission/results/onpolicy_full_feb30eb_001/populations/train/conversation_trace__l1_0.02__l2x_1__binary__seed_4/pi0.npz,6eead03de46b1b76f9e8ae1dba5a7669acd901cf65f3978264357db58853f486,float64,float32,679560,40000,132668,94635,40000,True,132668,35.20510387420654,40000.0,0.0,1.0,binary,0,150000,54995,0.10241508483886719,True,5,nan
conversation_trace,0.02,1.0,"l1=0.02,l2x1",binary,4,1,pi1,train,/home/ubuntu/Desktop/persistent-kv-admission/results/onpolicy_full_feb30eb_001/populations/train/conversation_trace__l1_0.02__l2x_1__binary__seed_4/pi1.npz,836e4be10ca8e4d259246948f74c407675cfe5f2ab4ddd4bdb83a579903b8d4e,float64,float32,679232,40000,132813,94960,40000,True,132813,35.08601450920105,40000.0,0.0,1.0,binary,0,150000,55032,0.10172486305236816,True,5,nan
conversation_trace,0.02,1.0,"l1=0.02,l2x1",binary,4,2,pi2,train,/home/ubuntu/Desktop/persistent-kv-admission/results/onpolicy_full_feb30eb_001/populations/train/conversation_trace__l1_0.02__l2x_1__binary__seed_4/pi2.npz,7a56001efa0f525940a6b5593daa681cfae954a794a3a3681dac9813096abcee,float64,float32,679588,40000,132372,94519,40000,True,132372,35.048277139663696,40000.0,0.0,1.0,binary,0,150000,56919,0.1078031063079834,True,5,nan
conversation_trace,0.02,1.0,"l1=0.02,l2x1",binary,4,3,pi3,train,/home/ubuntu/Desktop/persistent-kv-admission/results/onpolicy_full_feb30eb_001/populations/train/conversation_trace__l1_0.02__l2x_1__binary__seed_4/pi3.npz,9dfcc1f41677fda62d7fef37bfc6254a81ecce7570739b602186c7f7b5abee61,float64,float32,679396,40000,132670,94808,40000,True,132670,34.97344422340393,40000.0,0.0,1.0,,,,,,,,
conversation_trace,0.02,4.0,"l1=0.02,l2x4",next_use,0,0,pi0,train,/home/ubuntu/Desktop/persistent-kv-admission/results/onpolicy_full_feb30eb_001/populations/train/conversation_trace__l1_0.02__l2x_4__next_use__seed_0/pi0.npz,a5f58d137c4d994bae2659f1abfe4e3f39dada3896ae308543b9a9c8cd6cdce3,float64,float32,678844,40000,104928,71752,40000,True,104928,38.376875162124634,40000.0,0.0,1.0,next_use,0,150000,33597,0.06691837310791016,True,1,1013.2584097423564
conversation_trace,0.02,4.0,"l1=0.02,l2x4",next_use,0,1,pi1,train,/home/ubuntu/Desktop/persistent-kv-admission/results/onpolicy_full_feb30eb_001/populations/train/conversation_trace__l1_0.02__l2x_4__next_use__seed_0/pi1.npz,5b9f6e2928602a3a0dac42c8bd684cda0a6d1065bc1b9a769bc16885bfa4f974,float64,float32,678842,40000,105039,71929,40000,True,105039,38.14240288734436,40000.0,0.0,1.0,next_use,0,150000,33711,0.0653386116027832,True,1,1024.8796955130886
conversation_trace,0.02,4.0,"l1=0.02,l2x4",next_use,0,2,pi2,train,/home/ubuntu/Desktop/persistent-kv-admission/results/onpolicy_full_feb30eb_001/populations/train/conversation_trace__l1_0.02__l2x_4__next_use__seed_0/pi2.npz,a1c548a86a7bfa3489b5caa32909fa8d3e978468c3efdb71944b9a4648150111,float64,float32,678839,40000,104963,71856,40000,True,104963,37.9575731754303,40000.0,0.0,1.0,next_use,0,150000,33658,0.06523442268371582,True,1,1020.1868260071072
conversation_trace,0.02,4.0,"l1=0.02,l2x4",next_use,0,3,pi3,train,/home/ubuntu/Desktop/persistent-kv-admission/results/onpolicy_full_feb30eb_001/populations/train/conversation_trace__l1_0.02__l2x_4__next_use__seed_0/pi3.npz,811fcfe7dfde03f1f0ae59ad850ca315b616e043633525d2c95603fd4578dfbb,float64,float32,678851,40000,104987,71908,40000,True,104987,38.216453552246094,40000.0,0.0,1.0,,,,,,,,
conversation_trace,0.02,4.0,"l1=0.02,l2x4",next_use,2,0,pi0,train,/home/ubuntu/Desktop/persistent-kv-admission/results/onpolicy_full_feb30eb_001/populations/train/conversation_trace__l1_0.02__l2x_4__next_use__seed_2/pi0.npz,2cdf10dbf78060e00df0e90bf180f575a1fb1652a7cd1b1fe157b1800ade7b5f,float64,float32,678809,40000,104899,71746,40000,True,104899,38.43364596366882,40000.0,0.0,1.0,next_use,0,150000,33366,0.05867314338684082,True,1,1012.1745622275849
conversation_trace,0.02,4.0,"l1=0.02,l2x4",next_use,2,1,pi1,train,/home/ubuntu/Desktop/persistent-kv-admission/results/onpolicy_full_feb30eb_001/populations/train/conversation_trace__l1_0.02__l2x_4__next_use__seed_2/pi1.npz,5691d6b47045641a3c978840f4dfa360bec1b9fde60ca6725615d5ce968d4d24,float64,float32,678828,40000,104950,71860,40000,True,104950,37.788625717163086,40000.0,0.0,1.0,next_use,0,150000,33816,0.0597836971282959,True,1,1025.2166373947136
conversation_trace,0.02,4.0,"l1=0.02,l2x4",next_use,2,2,pi2,train,/home/ubuntu/Desktop/persistent-kv-admission/results/onpolicy_full_feb30eb_001/populations/train/conversation_trace__l1_0.02__l2x_4__next_use__seed_2/pi2.npz,23de077aa4d6732c7561132f02f67a49971885ea407cb8d3911292fe87ca7555,float64,float32,678875,40000,104968,71900,40000,True,104968,37.92712044715881,40000.0,0.0,1.0,next_use,0,150000,33964,0.06587433815002441,True,1,1023.3186977888323
conversation_trace,0.02,4.0,"l1=0.02,l2x4",next_use,2,3,pi3,train,/home/ubuntu/Desktop/persistent-kv-admission/results/onpolicy_full_feb30eb_001/populations/train/conversation_trace__l1_0.02__l2x_4__next_use__seed_2/pi3.npz,82cadc46f2e03e54fd5e963d69e1c35b488614e466dd8fa195b5e60bc83919d0,float64,float32,678899,40000,104898,71857,40000,True,104898,37.91741442680359,40000.0,0.0,1.0,,,,,,,,
conversation_trace,0.02,4.0,"l1=0.02,l2x4",next_use,3,0,pi0,train,/home/ubuntu/Desktop/persistent-kv-admission/results/onpolicy_full_feb30eb_001/populations/train/conversation_trace__l1_0.02__l2x_4__next_use__seed_3/pi0.npz,40e13d7cffefba6cffd1e7b47f5b9b296b6b644d65c2980fa295c52392a6bcba,float64,float32,678852,40000,104886,71727,40000,True,104886,38.42131781578064,40000.0,0.0,1.0,next_use,0,150000,33352,0.06711888313293457,True,1,1009.8004956327686
conversation_trace,0.02,4.0,"l1=0.02,l2x4",next_use,3,1,pi1,train,/home/ubuntu/Desktop/persistent-kv-admission/results/onpolicy_full_feb30eb_001/populations/train/conversation_trace__l1_0.02__l2x_4__next_use__seed_3/pi1.npz,322a3c86c6760d2110b2b675c8d8c87baf3ddaebfbecc5dcf75c7c7f94fd5eff,float64,float32,678860,40000,105025,71906,40000,True,105025,38.05035328865051,40000.0,0.0,1.0,next_use,0,150000,33877,0.05582118034362793,True,1,1021.2953064030968
conversation_trace,0.02,4.0,"l1=0.02,l2x4",next_use,3,2,pi2,train,/home/ubuntu/Desktop/persistent-kv-admission/results/onpolicy_full_feb30eb_001/populations/train/conversation_trace__l1_0.02__l2x_4__next_use__seed_3/pi2.npz,af4fb4f0a8958d8178afe88387c6c402a14f2d9fc00d0eb8a7871030607dc8f5,float64,float32,678892,40000,104970,71888,40000,True,104970,37.8843412399292,40000.0,0.0,1.0,next_use,0,150000,33864,0.05630159378051758,True,1,1024.3060153735537
conversation_trace,0.02,4.0,"l1=0.02,l2x4",next_use,3,3,pi3,train,/home/ubuntu/Desktop/persistent-kv-admission/results/onpolicy_full_feb30eb_001/populations/train/conversation_trace__l1_0.02__l2x_4__next_use__seed_3/pi3.npz,b77d9bbe7d9ec10ad2ed7111ba177e1e8a19cc4748d127c72e2781fa3283b308,float64,float32,678850,40000,104869,71852,40000,True,104869,38.02628946304321,40000.0,0.0,1.0,,,,,,,,
conversation_trace,0.02,4.0,"l1=0.02,l2x4",binary,0,0,pi0,train,/home/ubuntu/Desktop/persistent-kv-admission/results/onpolicy_full_feb30eb_001/populations/train/conversation_trace__l1_0.02__l2x_4__binary__seed_0/pi0.npz,4f158c6d2f45458c50fd751fbc3f75ed2f3eb4ac5229c1f6f36a47f28181d42c,float64,float32,679210,40000,105484,72123,40000,True,105484,37.024375677108765,40000.0,0.0,1.0,binary,0,150000,33956,0.10957002639770508,True,5,nan
conversation_trace,0.02,4.0,"l1=0.02,l2x4",binary,0,1,pi1,train,/home/ubuntu/Desktop/persistent-kv-admission/results/onpolicy_full_feb30eb_001/populations/train/conversation_trace__l1_0.02__l2x_4__binary__seed_0/pi1.npz,1dc029fb79d1deb05122f7c4e518b62d29d2ebe19d3298971f3ccd4fdb7fd874,float64,float32,678903,40000,104939,71747,40000,True,104939,36.980379581451416,40000.0,0.0,1.0,binary,0,150000,33418,0.11841940879821777,True,6,nan
conversation_trace,0.02,4.0,"l1=0.02,l2x4",binary,0,2,pi2,train,/home/ubuntu/Desktop/persistent-kv-admission/results/onpolicy_full_feb30eb_001/populations/train/conversation_trace__l1_0.02__l2x_4__binary__seed_0/pi2.npz,6325008aa598bb2dd929735a90dd58ce6ad1d6fd4fa6aa3577b719a5ed08e802,float64,float32,679181,40000,105116,71941,40000,True,105116,37.208295583724976,40000.0,0.0,1.0,binary,0,150000,34106,0.10885453224182129,True,5,nan
conversation_trace,0.02,4.0,"l1=0.02,l2x4",binary,0,3,pi3,train,/home/ubuntu/Desktop/persistent-kv-admission/results/onpolicy_full_feb30eb_001/populations/train/conversation_trace__l1_0.02__l2x_4__binary__seed_0/pi3.npz,83f181e78c69c10e8c4df3b84ab5672c2d60523adf5bc5c6f727607a747f5da0,float64,float32,678980,40000,105033,71775,40000,True,105033,37.26762580871582,40000.0,0.0,1.0,,,,,,,,
conversation_trace,0.02,4.0,"l1=0.02,l2x4",next_use,1,0,pi0,train,/home/ubuntu/Desktop/persistent-kv-admission/results/onpolicy_full_feb30eb_001/populations/train/conversation_trace__l1_0.02__l2x_4__next_use__seed_1/pi0.npz,f059fa7a19fb38ad0a897b34505ec532911cf50c0d8e9acd4d814a0e0b0b608b,float64,float32,678820,40000,104874,71701,40000,True,104874,39.453449010849,40000.0,0.0,1.0,next_use,0,150000,33832,0.07226681709289551,True,1,1013.2770317456448
conversation_trace,0.02,4.0,"l1=0.02,l2x4",next_use,1,1,pi1,train,/home/ubuntu/Desktop/persistent-kv-admission/results/onpolicy_full_feb30eb_001/populations/train/conversation_trace__l1_0.02__l2x_4__next_use__seed_1/pi1.npz,2644b4a26417d764108f945953b80a5639e445d5bae719bc12f136013ecf3dfc,float64,float32,678877,40000,104959,71863,40000,True,104959,38.84069013595581,40000.0,0.0,1.0,next_use,0,150000,33637,0.06785130500793457,True,1,1023.6326222165601
conversation_trace,0.02,4.0,"l1=0.02,l2x4",next_use,1,2,pi2,train,/home/ubuntu/Desktop/persistent-kv-admission/results/onpolicy_full_feb30eb_001/populations/train/conversation_trace__l1_0.02__l2x_4__next_use__seed_1/pi2.npz,b5a799f2f90d188e9d67db2c435b2067a9074f4758453b9193c5aa80819903ee,float64,float32,678818,40000,104990,71911,40000,True,104990,38.70038676261902,40000.0,0.0,1.0,next_use,0,150000,33796,0.06597447395324707,True,1,1022.3337245118568
conversation_trace,0.02,4.0,"l1=0.02,l2x4",next_use,1,3,pi3,train,/home/ubuntu/Desktop/persistent-kv-admission/results/onpolicy_full_feb30eb_001/populations/train/conversation_trace__l1_0.02__l2x_4__next_use__seed_1/pi3.npz,24f4c73ce50adb8fab35a85514422721b49a55eeda74ea9bd614d50e0f1a9c81,float64,float32,678868,40000,104938,71910,40000,True,104938,38.63105893135071,40000.0,0.0,1.0,,,,,,,,
conversation_trace,0.02,4.0,"l1=0.02,l2x4",next_use,4,0,pi0,train,/home/ubuntu/Desktop/persistent-kv-admission/results/onpolicy_full_feb30eb_001/populations/train/conversation_trace__l1_0.02__l2x_4__next_use__seed_4/pi0.npz,40e939831c8b5cf3d8eb2a3f6707f3721de1e10443bd6c1520b41b05cf09c72e,float64,float32,678842,40000,104925,71726,40000,True,104925,38.214465618133545,40000.0,0.0,1.0,next_use,0,150000,33497,0.06391620635986328,True,1,1012.9128321314746
conversation_trace,0.02,4.0,"l1=0.02,l2x4",next_use,4,1,pi1,train,/home/ubuntu/Desktop/persistent-kv-admission/results/onpolicy_full_feb30eb_001/populations/train/conversation_trace__l1_0.02__l2x_4__next_use__seed_4/pi1.npz,5070638708016d36a13562fb2f3606ea5ced114ebf930a618853114a72e58e8d,float64,float32,678857,40000,104986,71864,40000,True,104986,37.710540533065796,40000.0,0.0,1.0,next_use,0,150000,33587,0.07096123695373535,True,1,1023.9378162417094
conversation_trace,0.02,4.0,"l1=0.02,l2x4",next_use,4,2,pi2,train,/home/ubuntu/Desktop/persistent-kv-admission/results/onpolicy_full_feb30eb_001/populations/train/conversation_trace__l1_0.02__l2x_4__next_use__seed_4/pi2.npz,87304d6e13f3aae6825840b46b0bdbca997a693fe2848811ebbbd77b5b872c8b,float64,float32,678832,40000,104933,71915,40000,True,104933,37.76850605010986,40000.0,0.0,1.0,next_use,0,150000,34341,0.0665597915649414,True,1,1021.3691811289482
conversation_trace,0.02,4.0,"l1=0.02,l2x4",next_use,4,3,pi3,train,/home/ubuntu/Desktop/persistent-kv-admission/results/onpolicy_full_feb30eb_001/populations/train/conversation_trace__l1_0.02__l2x_4__next_use__seed_4/pi3.npz,81029ea490da3fb6c106e7e1614bd43d2624e6f4f2bd1cb2359f1a1c7ccbf8d9,float64,float32,678816,40000,104955,71892,40000,True,104955,38.03282380104065,40000.0,0.0,1.0,,,,,,,,
conversation_trace,0.02,4.0,"l1=0.02,l2x4",binary,1,0,pi0,train,/home/ubuntu/Desktop/persistent-kv-admission/results/onpolicy_full_feb30eb_001/populations/train/conversation_trace__l1_0.02__l2x_4__binary__seed_1/pi0.npz,0d136edd587ce5283a449540c6982b58678f5ac5ef6ee9284dbef8cba170cb06,float64,float32,679107,40000,105557,72153,40000,True,105557,37.42595100402832,40000.0,0.0,1.0,binary,0,150000,33979,0.10882830619812012,True,5,nan
conversation_trace,0.02,4.0,"l1=0.02,l2x4",binary,1,1,pi1,train,/home/ubuntu/Desktop/persistent-kv-admission/results/onpolicy_full_feb30eb_001/populations/train/conversation_trace__l1_0.02__l2x_4__binary__seed_1/pi1.npz,adff40a3100a8f2d894de5fb7a26a28c9c5717431a1e8d4b69115352108d1db8,float64,float32,678884,40000,105075,71815,40000,True,105075,37.70085167884827,40000.0,0.0,1.0,binary,0,150000,33337,0.10886192321777344,True,5,nan
conversation_trace,0.02,4.0,"l1=0.02,l2x4",binary,1,2,pi2,train,/home/ubuntu/Desktop/persistent-kv-admission/results/onpolicy_full_feb30eb_001/populations/train/conversation_trace__l1_0.02__l2x_4__binary__seed_1/pi2.npz,09a9b5622c5581db40b29e4a3896c4b7e0c9004eada4ea0b618daa0cff7ceb11,float64,float32,679127,40000,105020,71896,40000,True,105020,37.40063691139221,40000.0,0.0,1.0,binary,0,150000,34230,0.10980868339538574,True,5,nan
conversation_trace,0.02,4.0,"l1=0.02,l2x4",binary,1,3,pi3,train,/home/ubuntu/Desktop/persistent-kv-admission/results/onpolicy_full_feb30eb_001/populations/train/conversation_trace__l1_0.02__l2x_4__binary__seed_1/pi3.npz,b8d266f53abe62a92688cf1d146269ba8f058872128349859cdaa5d26f6f014f,float64,float32,678934,40000,105022,71806,40000,True,105022,37.46675729751587,40000.0,0.0,1.0,,,,,,,,
conversation_trace,0.02,4.0,"l1=0.02,l2x4",binary,2,0,pi0,train,/home/ubuntu/Desktop/persistent-kv-admission/results/onpolicy_full_feb30eb_001/populations/train/conversation_trace__l1_0.02__l2x_4__binary__seed_2/pi0.npz,825c92fed7dcf54d1cd4d566851dd6c2e9b0182f9bac499858d007241109209f,float64,float32,679202,40000,105498,72101,40000,True,105498,37.02648973464966,40000.0,0.0,1.0,binary,0,150000,33598,0.12028813362121582,True,5,nan
conversation_trace,0.02,4.0,"l1=0.02,l2x4",binary,2,1,pi1,train,/home/ubuntu/Desktop/persistent-kv-admission/results/onpolicy_full_feb30eb_001/populations/train/conversation_trace__l1_0.02__l2x_4__binary__seed_2/pi1.npz,f81f7341bd1708150ec2817bb696ec826ac3a885d5ec90d05bdb7c406f782c09,float64,float32,678945,40000,105019,71783,40000,True,105019,37.16822099685669,40000.0,0.0,1.0,binary,0,150000,33363,0.13503193855285645,True,6,nan
conversation_trace,0.02,4.0,"l1=0.02,l2x4",binary,2,2,pi2,train,/home/ubuntu/Desktop/persistent-kv-admission/results/onpolicy_full_feb30eb_001/populations/train/conversation_trace__l1_0.02__l2x_4__binary__seed_2/pi2.npz,7816af97f6e2167338a37fb3a9c2ca3d222a1c2507ade377535d01c4f92223f4,float64,float32,679186,40000,105090,71893,40000,True,105090,36.97822427749634,40000.0,0.0,1.0,binary,0,150000,34268,0.10625553131103516,True,5,nan
conversation_trace,0.02,4.0,"l1=0.02,l2x4",binary,2,3,pi3,train,/home/ubuntu/Desktop/persistent-kv-admission/results/onpolicy_full_feb30eb_001/populations/train/conversation_trace__l1_0.02__l2x_4__binary__seed_2/pi3.npz,27a9478c32e133470934c0baeacfc54d9143717cc3a890e84e4f8726ab79ee14,float64,float32,678909,40000,105048,71826,40000,True,105048,37.038490533828735,40000.0,0.0,1.0,,,,,,,,
toolagent_trace,0.0025,1.0,"l1=0.0025,l2x1",next_use,0,0,pi0,train,/home/ubuntu/Desktop/persistent-kv-admission/results/onpolicy_full_feb30eb_001/populations/train/toolagent_trace__l1_0.0025__l2x_1__next_use__seed_0/pi0.npz,1546c6db697d6dfcc2b8a1f4dfd836acc96da2fb1aeb026a03f7061a66a6b33f,float64,float32,679164,40000,155906,112498,40000,True,155906,34.806281328201294,40000.0,0.0,1.0,next_use,0,150000,97023,0.07458066940307617,True,1,994.3108534464253
toolagent_trace,0.0025,1.0,"l1=0.0025,l2x1",next_use,0,1,pi1,train,/home/ubuntu/Desktop/persistent-kv-admission/results/onpolicy_full_feb30eb_001/populations/train/toolagent_trace__l1_0.0025__l2x_1__next_use__seed_0/pi1.npz,2e483f63c781660948b51f41fa96f7aebeb5fdaf8a2b08e48c5aa24e05a6697a,float64,float32,679260,40000,156017,112354,40000,True,156017,34.51882600784302,40000.0,0.0,1.0,next_use,0,150000,91999,0.06629753112792969,True,1,1067.4081014665303
toolagent_trace,0.0025,1.0,"l1=0.0025,l2x1",next_use,0,2,pi2,train,/home/ubuntu/Desktop/persistent-kv-admission/results/onpolicy_full_feb30eb_001/populations/train/toolagent_trace__l1_0.0025__l2x_1__next_use__seed_0/pi2.npz,2135691025951c9dfb7d605b306234a7a1250d8d2a809723401c256dc481727d,float64,float32,679151,40000,155975,112402,40000,True,155975,34.440185546875,40000.0,0.0,1.0,next_use,0,150000,97043,0.06585979461669922,True,1,1019.5489425692698
toolagent_trace,0.0025,1.0,"l1=0.0025,l2x1",next_use,0,3,pi3,train,/home/ubuntu/Desktop/persistent-kv-admission/results/onpolicy_full_feb30eb_001/populations/train/toolagent_trace__l1_0.0025__l2x_1__next_use__seed_0/pi3.npz,6b2e72a88a62c09a39114be7f8605db28b487636e8fd5f331e8743c3fbefbcc0,float64,float32,679082,40000,156096,112404,40000,True,156096,34.52207279205322,40000.0,0.0,1.0,,,,,,,,
toolagent_trace,0.0025,1.0,"l1=0.0025,l2x1",next_use,1,0,pi0,train,/home/ubuntu/Desktop/persistent-kv-admission/results/onpolicy_full_feb30eb_001/populations/train/toolagent_trace__l1_0.0025__l2x_1__next_use__seed_1/pi0.npz,e78a3cb3b0cb5afe93cac8420f05df133ab52831ef09f1685fc9c5da8af205b2,float64,float32,679179,40000,155910,112499,40000,True,155910,34.86247420310974,40000.0,0.0,1.0,next_use,0,150000,96730,0.0669107437133789,True,1,993.7315963974746
toolagent_trace,0.0025,1.0,"l1=0.0025,l2x1",next_use,1,1,pi1,train,/home/ubuntu/Desktop/persistent-kv-admission/results/onpolicy_full_feb30eb_001/populations/train/toolagent_trace__l1_0.0025__l2x_1__next_use__seed_1/pi1.npz,5a1fc7bcb6fc312c55be5bbe85a2f2f327cd3148eba65f6bb90242ee99d1fdda,float64,float32,679266,40000,155960,112340,40000,True,155960,34.307278871536255,40000.0,0.0,1.0,next_use,0,150000,92314,0.06996703147888184,True,1,1075.9920809744947
toolagent_trace,0.0025,1.0,"l1=0.0025,l2x1",next_use,1,2,pi2,train,/home/ubuntu/Desktop/persistent-kv-admission/results/onpolicy_full_feb30eb_001/populations/train/toolagent_trace__l1_0.0025__l2x_1__next_use__seed_1/pi2.npz,1e5bdd6c576a6ef57a92724a019068013b64dd87ee58b8c36e394d4a3ad971a9,float64,float32,679129,40000,156010,112421,40000,True,156010,34.78125715255737,40000.0,0.0,1.0,next_use,0,150000,96293,0.0668327808380127,True,1,1021.0832044674523
toolagent_trace,0.0025,1.0,"l1=0.0025,l2x1",next_use,1,3,pi3,train,/home/ubuntu/Desktop/persistent-kv-admission/results/onpolicy_full_feb30eb_001/populations/train/toolagent_trace__l1_0.0025__l2x_1__next_use__seed_1/pi3.npz,a1734c014acad3b721ba4fe51525dded7ea9265add025741fcff2664fa90a799,float64,float32,679116,40000,156085,112407,40000,True,156085,34.47703218460083,40000.0,0.0,1.0,,,,,,,,
toolagent_trace,0.0025,1.0,"l1=0.0025,l2x1",next_use,3,0,pi0,train,/home/ubuntu/Desktop/persistent-kv-admission/results/onpolicy_full_feb30eb_001/populations/train/toolagent_trace__l1_0.0025__l2x_1__next_use__seed_3/pi0.npz,9bd0aca869fc640738ad3b5d6d311cfb54befb1ee68a36688ea3ad4710edb538,float64,float32,679164,40000,155910,112502,40000,True,155910,34.825470209121704,40000.0,0.0,1.0,next_use,0,150000,96468,0.06670379638671875,True,1,990.8606020740655
toolagent_trace,0.0025,1.0,"l1=0.0025,l2x1",next_use,3,1,pi1,train,/home/ubuntu/Desktop/persistent-kv-admission/results/onpolicy_full_feb30eb_001/populations/train/toolagent_trace__l1_0.0025__l2x_1__next_use__seed_3/pi1.npz,626949739efb7e26b9cc41d7a3971279b894c01ab6ee43d06ded3196af969efb,float64,float32,679244,40000,156017,112369,40000,True,156017,34.337661027908325,40000.0,0.0,1.0,next_use,0,150000,93218,0.06525206565856934,True,1,1070.3136466449319
toolagent_trace,0.0025,1.0,"l1=0.0025,l2x1",next_use,3,2,pi2,train,/home/ubuntu/Desktop/persistent-kv-admission/results/onpolicy_full_feb30eb_001/populations/train/toolagent_trace__l1_0.0025__l2x_1__next_use__seed_3/pi2.npz,792349bd234f7290afdbade68d28b482063f230f473c3f4e59e8eef3335e6c12,float64,float32,679194,40000,155945,112380,40000,True,155945,34.33018088340759,40000.0,0.0,1.0,next_use,0,150000,95336,0.06666278839111328,True,1,1027.9520731853652
toolagent_trace,0.0025,1.0,"l1=0.0025,l2x1",next_use,3,3,pi3,train,/home/ubuntu/Desktop/persistent-kv-admission/results/onpolicy_full_feb30eb_001/populations/train/toolagent_trace__l1_0.0025__l2x_1__next_use__seed_3/pi3.npz,259f92cd439a8ec5a059cc5dc2fb0e987e96ab822a6fbaebad661b487ff55b4a,float64,float32,679111,40000,156077,112380,40000,True,156077,34.049224853515625,40000.0,0.0,1.0,,,,,,,,
toolagent_trace,0.0025,1.0,"l1=0.0025,l2x1",next_use,2,0,pi0,train,/home/ubuntu/Desktop/persistent-kv-admission/results/onpolicy_full_feb30eb_001/populations/train/toolagent_trace__l1_0.0025__l2x_1__next_use__seed_2/pi0.npz,5e2d4bf7e227e31b6c2542eacf37c94f345c6fe763a4ebe1f4f81ea02cd47778,float64,float32,679179,40000,155929,112508,40000,True,155929,35.57071018218994,40000.0,0.0,1.0,next_use,0,150000,96350,0.06695818901062012,True,1,990.8404762626357
toolagent_trace,0.0025,1.0,"l1=0.0025,l2x1",next_use,2,1,pi1,train,/home/ubuntu/Desktop/persistent-kv-admission/results/onpolicy_full_feb30eb_001/populations/train/toolagent_trace__l1_0.0025__l2x_1__next_use__seed_2/pi1.npz,45cd78c7cfd090cc9bac66b88504cb00e125965880d18c0befa0e99c7f83c47f,float64,float32,679262,40000,155961,112325,40000,True,155961,34.74552249908447,40000.0,0.0,1.0,next_use,0,150000,90173,0.06486177444458008,True,1,1094.7692567655165
toolagent_trace,0.0025,1.0,"l1=0.0025,l2x1",next_use,2,2,pi2,train,/home/ubuntu/Desktop/persistent-kv-admission/results/onpolicy_full_feb30eb_001/populations/train/toolagent_trace__l1_0.0025__l2x_1__next_use__seed_2/pi2.npz,2d2e293c978d0b9553ffb3a2449b9f946a325cbfde43b5d69f7c93f806e14150,float64,float32,679131,40000,155944,112378,40000,True,155944,34.86324119567871,40000.0,0.0,1.0,next_use,0,150000,96270,0.0720365047454834,True,1,1025.2584692199257
toolagent_trace,0.0025,1.0,"l1=0.0025,l2x1",next_use,2,3,pi3,train,/home/ubuntu/Desktop/persistent-kv-admission/results/onpolicy_full_feb30eb_001/populations/train/toolagent_trace__l1_0.0025__l2x_1__next_use__seed_2/pi3.npz,b8523cc5ad4d91257dd5c44251b69dcda78f87eca2b368cd5daa3da662abb425,float64,float32,679067,40000,156088,112400,40000,True,156088,34.671077489852905,40000.0,0.0,1.0,,,,,,,,
conversation_trace,0.02,4.0,"l1=0.02,l2x4",binary,3,0,pi0,train,/home/ubuntu/Desktop/persistent-kv-admission/results/onpolicy_full_feb30eb_001/populations/train/conversation_trace__l1_0.02__l2x_4__binary__seed_3/pi0.npz,e71ead195e31117dc775a44c0cb715d3eac337842adb271211e99336da3f1428,float64,float32,679199,40000,105546,72144,40000,True,105546,37.46182560920715,40000.0,0.0,1.0,binary,0,150000,34002,0.1107797622680664,True,5,nan
conversation_trace,0.02,4.0,"l1=0.02,l2x4",binary,3,1,pi1,train,/home/ubuntu/Desktop/persistent-kv-admission/results/onpolicy_full_feb30eb_001/populations/train/conversation_trace__l1_0.02__l2x_4__binary__seed_3/pi1.npz,902f130b4ffcb5a3c9fd9a0157114e31c31033d882dbfea78cbaa578d9cb3133,float64,float32,678899,40000,104980,71770,40000,True,104980,37.174259185791016,40000.0,0.0,1.0,binary,0,150000,33454,0.1278071403503418,True,6,nan
conversation_trace,0.02,4.0,"l1=0.02,l2x4",binary,3,2,pi2,train,/home/ubuntu/Desktop/persistent-kv-admission/results/onpolicy_full_feb30eb_001/populations/train/conversation_trace__l1_0.02__l2x_4__binary__seed_3/pi2.npz,95fd6890284247cce21f397276e16d252a92e1121a3bbc8c394a326b82f8ca90,float64,float32,679201,40000,105098,71890,40000,True,105098,37.24900197982788,40000.0,0.0,1.0,binary,0,150000,34076,0.10667872428894043,True,5,nan
conversation_trace,0.02,4.0,"l1=0.02,l2x4",binary,3,3,pi3,train,/home/ubuntu/Desktop/persistent-kv-admission/results/onpolicy_full_feb30eb_001/populations/train/conversation_trace__l1_0.02__l2x_4__binary__seed_3/pi3.npz,d52938fca2ac888612b94a769b6cf809d5d222e7c8b2dea3d6fb21ed6b965f42,float64,float32,678928,40000,105033,71835,40000,True,105033,37.20845103263855,40000.0,0.0,1.0,,,,,,,,
conversation_trace,0.02,4.0,"l1=0.02,l2x4",binary,4,0,pi0,train,/home/ubuntu/Desktop/persistent-kv-admission/results/onpolicy_full_feb30eb_001/populations/train/conversation_trace__l1_0.02__l2x_4__binary__seed_4/pi0.npz,319986053f8ecc27393a9152eb9c88a3f210dcb0bfe472ee9064044878bc3fd6,float64,float32,679200,40000,105516,72130,40000,True,105516,37.46412658691406,40000.0,0.0,1.0,binary,0,150000,34195,0.0987393856048584,True,5,nan
conversation_trace,0.02,4.0,"l1=0.02,l2x4",binary,4,1,pi1,train,/home/ubuntu/Desktop/persistent-kv-admission/results/onpolicy_full_feb30eb_001/populations/train/conversation_trace__l1_0.02__l2x_4__binary__seed_4/pi1.npz,2e62b74511abd82fcd521707360c4c5e00d827c302887f72be0db2aada1a76c8,float64,float32,678902,40000,105027,71815,40000,True,105027,37.29876232147217,40000.0,0.0,1.0,binary,0,150000,33642,0.11383199691772461,True,6,nan
conversation_trace,0.02,4.0,"l1=0.02,l2x4",binary,4,2,pi2,train,/home/ubuntu/Desktop/persistent-kv-admission/results/onpolicy_full_feb30eb_001/populations/train/conversation_trace__l1_0.02__l2x_4__binary__seed_4/pi2.npz,45ffe4eb33dd733a5fd836171d98da481f82d7f0996b310a4230d59dfc1b9b0b,float64,float32,679146,40000,105046,71881,40000,True,105046,37.12130546569824,40000.0,0.0,1.0,binary,0,150000,33760,0.11019086837768555,True,5,nan
conversation_trace,0.02,4.0,"l1=0.02,l2x4",binary,4,3,pi3,train,/home/ubuntu/Desktop/persistent-kv-admission/results/onpolicy_full_feb30eb_001/populations/train/conversation_trace__l1_0.02__l2x_4__binary__seed_4/pi3.npz,5d50ffac38abfed4c5b70a86fb236bf0c63c70991b9ee63b411f8a5acb5efb4f,float64,float32,678917,40000,105000,71822,40000,True,105000,37.24261450767517,40000.0,0.0,1.0,,,,,,,,
toolagent_trace,0.0025,1.0,"l1=0.0025,l2x1",binary,0,0,pi0,train,/home/ubuntu/Desktop/persistent-kv-admission/results/onpolicy_full_feb30eb_001/populations/train/toolagent_trace__l1_0.0025__l2x_1__binary__seed_0/pi0.npz,0162554e6631581d0938fe48204fc6991a841c4151597a94382278bcadc2bcbc,float64,float32,679140,40000,156566,112692,40000,True,156566,33.17912936210632,40000.0,0.0,1.0,binary,0,150000,88610,0.11666131019592285,True,6,nan
toolagent_trace,0.0025,1.0,"l1=0.0025,l2x1",binary,0,1,pi1,train,/home/ubuntu/Desktop/persistent-kv-admission/results/onpolicy_full_feb30eb_001/populations/train/toolagent_trace__l1_0.0025__l2x_1__binary__seed_0/pi1.npz,db674f44076efa9d72f4d4bde79628f89894815b2f4b2d7ee2776b76f5326be6,float64,float32,679140,40000,156276,112723,40000,True,156276,32.34274768829346,40000.0,0.0,1.0,binary,0,150000,100612,0.1147317886352539,True,6,nan
toolagent_trace,0.0025,1.0,"l1=0.0025,l2x1",binary,0,2,pi2,train,/home/ubuntu/Desktop/persistent-kv-admission/results/onpolicy_full_feb30eb_001/populations/train/toolagent_trace__l1_0.0025__l2x_1__binary__seed_0/pi2.npz,73423015fc2b8bf5c738d1caf8b3460947d7b1609bd877c03eefda6382963fcb,float64,float32,679178,40000,156499,112700,40000,True,156499,32.33493733406067,40000.0,0.0,1.0,binary,0,150000,95957,0.1213688850402832,True,6,nan
toolagent_trace,0.0025,1.0,"l1=0.0025,l2x1",binary,0,3,pi3,train,/home/ubuntu/Desktop/persistent-kv-admission/results/onpolicy_full_feb30eb_001/populations/train/toolagent_trace__l1_0.0025__l2x_1__binary__seed_0/pi3.npz,1a53cbea63f676f1ee63ddd977c46f4f96513d85dea4d87078ac7afcabdc45ab,float64,float32,679210,40000,156511,112710,40000,True,156511,32.42691612243652,40000.0,0.0,1.0,,,,,,,,
toolagent_trace,0.0025,1.0,"l1=0.0025,l2x1",next_use,4,0,pi0,train,/home/ubuntu/Desktop/persistent-kv-admission/results/onpolicy_full_feb30eb_001/populations/train/toolagent_trace__l1_0.0025__l2x_1__next_use__seed_4/pi0.npz,97739d87c7fdff286575d14c0b18943e7f5820d53533eaaf5b27dd9f4d7f049a,float64,float32,679186,40000,155944,112519,40000,True,155944,34.53295159339905,40000.0,0.0,1.0,next_use,0,150000,96086,0.06446599960327148,True,1,997.2944347504053
toolagent_trace,0.0025,1.0,"l1=0.0025,l2x1",next_use,4,1,pi1,train,/home/ubuntu/Desktop/persistent-kv-admission/results/onpolicy_full_feb30eb_001/populations/train/toolagent_trace__l1_0.0025__l2x_1__next_use__seed_4/pi1.npz,9d3e49925a503ac7ba14640f7066f9c37a86bccf26bc6913e07763948636a27c,float64,float32,679253,40000,155992,112380,40000,True,155992,33.88320589065552,40000.0,0.0,1.0,next_use,0,150000,91131,0.06651782989501953,True,1,1087.9793343592623
toolagent_trace,0.0025,1.0,"l1=0.0025,l2x1",next_use,4,2,pi2,train,/home/ubuntu/Desktop/persistent-kv-admission/results/onpolicy_full_feb30eb_001/populations/train/toolagent_trace__l1_0.0025__l2x_1__next_use__seed_4/pi2.npz,d667c5b5036abcbb1f823bba188322ab0cf9270e535097d40db8a491f02cf489,float64,float32,679147,40000,156014,112415,40000,True,156014,34.3362340927124,40000.0,0.0,1.0,next_use,0,150000,95865,0.06575226783752441,True,1,1027.9149971140987
toolagent_trace,0.0025,1.0,"l1=0.0025,l2x1",next_use,4,3,pi3,train,/home/ubuntu/Desktop/persistent-kv-admission/results/onpolicy_full_feb30eb_001/populations/train/toolagent_trace__l1_0.0025__l2x_1__next_use__seed_4/pi3.npz,cf1fdfc48d2ec4208ae3cbf26aeb5ac92859bf747064456053aff286ebe474c5,float64,float32,679053,40000,156119,112419,40000,True,156119,34.43701410293579,40000.0,0.0,1.0,,,,,,,,
toolagent_trace,0.0025,1.0,"l1=0.0025,l2x1",binary,1,0,pi0,train,/home/ubuntu/Desktop/persistent-kv-admission/results/onpolicy_full_feb30eb_001/populations/train/toolagent_trace__l1_0.0025__l2x_1__binary__seed_1/pi0.npz,5b1f26549adea6b062fb784ce8a2db59656652e6ef5b0722f4440f50c4ecf477,float64,float32,679159,40000,156609,112725,40000,True,156609,33.43325591087341,40000.0,0.0,1.0,binary,0,150000,87988,0.11835074424743652,True,6,nan
toolagent_trace,0.0025,1.0,"l1=0.0025,l2x1",binary,1,1,pi1,train,/home/ubuntu/Desktop/persistent-kv-admission/results/onpolicy_full_feb30eb_001/populations/train/toolagent_trace__l1_0.0025__l2x_1__binary__seed_1/pi1.npz,7b0fd2336d721c7ea7463bf117e47150bb26b8db5bd0d312494385093ea897ce,float64,float32,679231,40000,156350,112753,40000,True,156350,32.60660934448242,40000.0,0.0,1.0,binary,0,150000,99546,0.11517071723937988,True,6,nan
toolagent_trace,0.0025,1.0,"l1=0.0025,l2x1",binary,1,2,pi2,train,/home/ubuntu/Desktop/persistent-kv-admission/results/onpolicy_full_feb30eb_001/populations/train/toolagent_trace__l1_0.0025__l2x_1__binary__seed_1/pi2.npz,bbbb47c978856e870c54ae46038fc9f0f7614f617db265e22921b4e3d5ebcfb8,float64,float32,679150,40000,156483,112739,40000,True,156483,32.56643724441528,40000.0,0.0,1.0,binary,0,150000,99618,0.11590576171875,True,6,nan
toolagent_trace,0.0025,1.0,"l1=0.0025,l2x1",binary,1,3,pi3,train,/home/ubuntu/Desktop/persistent-kv-admission/results/onpolicy_full_feb30eb_001/populations/train/toolagent_trace__l1_0.0025__l2x_1__binary__seed_1/pi3.npz,49d0f18d8bdfdd88d9445f54900b31b430dd41f5cab315a17eced90f1f6bfddb,float64,float32,679163,40000,156457,112721,40000,True,156457,32.480565786361694,40000.0,0.0,1.0,,,,,,,,
toolagent_trace,0.0025,1.0,"l1=0.0025,l2x1",binary,2,0,pi0,train,/home/ubuntu/Desktop/persistent-kv-admission/results/onpolicy_full_feb30eb_001/populations/train/toolagent_trace__l1_0.0025__l2x_1__binary__seed_2/pi0.npz,d46c8112b93d2f38f221c03ba59ea93ec0756f9065878377f965056a9dbaac4d,float64,float32,679179,40000,156609,112714,40000,True,156609,33.47417593002319,40000.0,0.0,1.0,binary,0,150000,87921,0.11429548263549805,True,6,nan
toolagent_trace,0.0025,1.0,"l1=0.0025,l2x1",binary,2,1,pi1,train,/home/ubuntu/Desktop/persistent-kv-admission/results/onpolicy_full_feb30eb_001/populations/train/toolagent_trace__l1_0.0025__l2x_1__binary__seed_2/pi1.npz,7178c22a988637fc46faa1f5f2a16d032afd82e92cec3ae03874d196b00f09ad,float64,float32,679158,40000,156288,112740,40000,True,156288,32.55023550987244,40000.0,0.0,1.0,binary,0,150000,100074,0.11497712135314941,True,6,nan
toolagent_trace,0.0025,1.0,"l1=0.0025,l2x1",binary,2,2,pi2,train,/home/ubuntu/Desktop/persistent-kv-admission/results/onpolicy_full_feb30eb_001/populations/train/toolagent_trace__l1_0.0025__l2x_1__binary__seed_2/pi2.npz,ece788b9d293dc21c040067eacc4fa3fe5bb7ea676238f60b67e16f4ff5ccd97,float64,float32,679120,40000,156436,112675,40000,True,156436,32.79084300994873,40000.0,0.0,1.0,binary,0,150000,98471,0.11633849143981934,True,6,nan
toolagent_trace,0.0025,1.0,"l1=0.0025,l2x1",binary,2,3,pi3,train,/home/ubuntu/Desktop/persistent-kv-admission/results/onpolicy_full_feb30eb_001/populations/train/toolagent_trace__l1_0.0025__l2x_1__binary__seed_2/pi3.npz,9830f76d7092a3f13e4c77158893cdb62deda2fa32556df881d2299c0ceb1770,float64,float32,679169,40000,156517,112762,40000,True,156517,32.34881591796875,40000.0,0.0,1.0,,,,,,,,
toolagent_trace,0.0025,1.0,"l1=0.0025,l2x1",binary,3,0,pi0,train,/home/ubuntu/Desktop/persistent-kv-admission/results/onpolicy_full_feb30eb_001/populations/train/toolagent_trace__l1_0.0025__l2x_1__binary__seed_3/pi0.npz,699931ced7c1f7e6c392400337c25affb485add5fc1dc5526d93f6bba2348f4a,float64,float32,679182,40000,156572,112683,40000,True,156572,33.35282921791077,40000.0,0.0,1.0,binary,0,150000,88314,0.12144804000854492,True,6,nan
toolagent_trace,0.0025,1.0,"l1=0.0025,l2x1",binary,3,1,pi1,train,/home/ubuntu/Desktop/persistent-kv-admission/results/onpolicy_full_feb30eb_001/populations/train/toolagent_trace__l1_0.0025__l2x_1__binary__seed_3/pi1.npz,21e51e3d916cab33bd3f6e180c808c2b5d791cda9a7178899cf7166229e30db6,float64,float32,679216,40000,156290,112728,40000,True,156290,32.46498346328735,40000.0,0.0,1.0,binary,0,150000,99864,0.11665081977844238,True,6,nan
toolagent_trace,0.0025,1.0,"l1=0.0025,l2x1",binary,3,2,pi2,train,/home/ubuntu/Desktop/persistent-kv-admission/results/onpolicy_full_feb30eb_001/populations/train/toolagent_trace__l1_0.0025__l2x_1__binary__seed_3/pi2.npz,880a1edbfc12a4fb9bf476bf175d5b2d88beb5d46a9c828869ef7e7f3263e4c3,float64,float32,679155,40000,156473,112689,40000,True,156473,32.48959684371948,40000.0,0.0,1.0,binary,0,150000,98371,0.11639952659606934,True,6,nan
toolagent_trace,0.0025,1.0,"l1=0.0025,l2x1",binary,3,3,pi3,train,/home/ubuntu/Desktop/persistent-kv-admission/results/onpolicy_full_feb30eb_001/populations/train/toolagent_trace__l1_0.0025__l2x_1__binary__seed_3/pi3.npz,c680e4ce2b06e0e7eabae1d63a1bc0d130a957a86370a9e774b272fe57ad0d26,float64,float32,679158,40000,156463,112677,40000,True,156463,32.13856792449951,40000.0,0.0,1.0,,,,,,,,
toolagent_trace,0.0025,1.0,"l1=0.0025,l2x1",binary,4,0,pi0,train,/home/ubuntu/Desktop/persistent-kv-admission/results/onpolicy_full_feb30eb_001/populations/train/toolagent_trace__l1_0.0025__l2x_1__binary__seed_4/pi0.npz,ffee966d7b93b1f00f1533ce75c4d6b467e03d7038e88f0d2af27a4bd338a3b4,float64,float32,679156,40000,156590,112698,40000,True,156590,33.236862897872925,40000.0,0.0,1.0,binary,0,150000,88529,0.11966061592102051,True,6,nan
toolagent_trace,0.0025,1.0,"l1=0.0025,l2x1",binary,4,1,pi1,train,/home/ubuntu/Desktop/persistent-kv-admission/results/onpolicy_full_feb30eb_001/populations/train/toolagent_trace__l1_0.0025__l2x_1__binary__seed_4/pi1.npz,7591214ed07b5715a98ecfff7c99d3d5f2a6eb85bbdf9e9b5c8b8d1ea92e9eea,float64,float32,679224,40000,156287,112724,40000,True,156287,32.81208372116089,40000.0,0.0,1.0,binary,0,150000,100281,0.11655902862548828,True,6,nan
toolagent_trace,0.0025,1.0,"l1=0.0025,l2x1",binary,4,2,pi2,train,/home/ubuntu/Desktop/persistent-kv-admission/results/onpolicy_full_feb30eb_001/populations/train/toolagent_trace__l1_0.0025__l2x_1__binary__seed_4/pi2.npz,56f0baae7b7c7f7a347207f95218d47248aa7a7bb1803f6206dea3d1114c61eb,float64,float32,679096,40000,156469,112676,40000,True,156469,32.67911648750305,40000.0,0.0,1.0,binary,0,150000,100061,0.1160879135131836,True,6,nan
toolagent_trace,0.0025,1.0,"l1=0.0025,l2x1",binary,4,3,pi3,train,/home/ubuntu/Desktop/persistent-kv-admission/results/onpolicy_full_feb30eb_001/populations/train/toolagent_trace__l1_0.0025__l2x_1__binary__seed_4/pi3.npz,cb1981fc95fe6ec1dfd0471afe3f6d4179ed2ea94303f105c43b46e870df21f1,float64,float32,679135,40000,156428,112725,40000,True,156428,32.27837371826172,40000.0,0.0,1.0,,,,,,,,
toolagent_trace,0.0025,4.0,"l1=0.0025,l2x4",next_use,0,0,pi0,train,/home/ubuntu/Desktop/persistent-kv-admission/results/onpolicy_full_feb30eb_001/populations/train/toolagent_trace__l1_0.0025__l2x_4__next_use__seed_0/pi0.npz,6128b873f75493c7a0d60caf43f6d1e349e0d4b6c169df290578af4c88815b4b,float64,float32,679191,40000,148060,106946,40000,True,148060,36.934903621673584,40000.0,0.0,1.0,next_use,0,150000,75375,0.07264375686645508,True,1,958.4155195656426
toolagent_trace,0.0025,4.0,"l1=0.0025,l2x4",next_use,0,1,pi1,train,/home/ubuntu/Desktop/persistent-kv-admission/results/onpolicy_full_feb30eb_001/populations/train/toolagent_trace__l1_0.0025__l2x_4__next_use__seed_0/pi1.npz,8de2d3a3c65f4907e54caaef3b959fba874e70996856f69c813015d7887155f8,float64,float32,679250,40000,148734,107322,40000,True,148734,37.29006290435791,40000.0,0.0,1.0,next_use,0,150000,75921,0.0664055347442627,True,1,972.2469563641472
toolagent_trace,0.0025,4.0,"l1=0.0025,l2x4",next_use,0,2,pi2,train,/home/ubuntu/Desktop/persistent-kv-admission/results/onpolicy_full_feb30eb_001/populations/train/toolagent_trace__l1_0.0025__l2x_4__next_use__seed_0/pi2.npz,43638787b1d01551a2fa9eacd77752c379bd9273676531ce91ceeb894e0665a7,float64,float32,679168,40000,148690,107355,40000,True,148690,36.891923666000366,40000.0,0.0,1.0,next_use,0,150000,75310,0.06961655616760254,True,1,983.8944461366744
toolagent_trace,0.0025,4.0,"l1=0.0025,l2x4",next_use,0,3,pi3,train,/home/ubuntu/Desktop/persistent-kv-admission/results/onpolicy_full_feb30eb_001/populations/train/toolagent_trace__l1_0.0025__l2x_4__next_use__seed_0/pi3.npz,57738e31fdbc1f654c1d267d610d7d6929d12e2e0125b2d0e6dbec9941634b4b,float64,float32,679198,40000,148690,107361,40000,True,148690,37.39138984680176,40000.0,0.0,1.0,,,,,,,,
toolagent_trace,0.0025,4.0,"l1=0.0025,l2x4",next_use,1,0,pi0,train,/home/ubuntu/Desktop/persistent-kv-admission/results/onpolicy_full_feb30eb_001/populations/train/toolagent_trace__l1_0.0025__l2x_4__next_use__seed_1/pi0.npz,a4682f95134fcf611ea2b2a04b7e50a8ff256bb04766cbd61f986d8654592e14,float64,float32,679139,40000,148074,106981,40000,True,148074,36.9372079372406,40000.0,0.0,1.0,next_use,0,150000,75203,0.06414604187011719,True,1,959.4696838406194
toolagent_trace,0.0025,4.0,"l1=0.0025,l2x4",next_use,1,1,pi1,train,/home/ubuntu/Desktop/persistent-kv-admission/results/onpolicy_full_feb30eb_001/populations/train/toolagent_trace__l1_0.0025__l2x_4__next_use__seed_1/pi1.npz,f814f89c6cda4de6b9459b8b80c04a9d0e0ca371f062ffcc3543847aa650c165,float64,float32,679218,40000,148679,107287,40000,True,148679,37.27578568458557,40000.0,0.0,1.0,next_use,0,150000,75689,0.06385326385498047,True,1,977.583870774692
toolagent_trace,0.0025,4.0,"l1=0.0025,l2x4",next_use,1,2,pi2,train,/home/ubuntu/Desktop/persistent-kv-admission/results/onpolicy_full_feb30eb_001/populations/train/toolagent_trace__l1_0.0025__l2x_4__next_use__seed_1/pi2.npz,e30ddb9d958433373ab156fd37e3309681aeb8a2fad03ed8872e11572990f465,float64,float32,679197,40000,148656,107342,40000,True,148656,37.138477087020874,40000.0,0.0,1.0,next_use,0,150000,75322,0.06469130516052246,True,1,983.6658631923196
toolagent_trace,0.0025,4.0,"l1=0.0025,l2x4",next_use,1,3,pi3,train,/home/ubuntu/Desktop/persistent-kv-admission/results/onpolicy_full_feb30eb_001/populations/train/toolagent_trace__l1_0.0025__l2x_4__next_use__seed_1/pi3.npz,2cd46153788662f4df362f4375e75a9a27ba22002b8a27ddcb03e019f24b1cdf,float64,float32,679164,40000,148646,107331,40000,True,148646,37.08863973617554,40000.0,0.0,1.0,,,,,,,,
toolagent_trace,0.0025,4.0,"l1=0.0025,l2x4",next_use,2,0,pi0,train,/home/ubuntu/Desktop/persistent-kv-admission/results/onpolicy_full_feb30eb_001/populations/train/toolagent_trace__l1_0.0025__l2x_4__next_use__seed_2/pi0.npz,42faf4439d348d6724fb0490817893c053c3db6a14afea38ae74e0bef86c673b,float64,float32,679106,40000,148062,106960,40000,True,148062,37.26790428161621,40000.0,0.0,1.0,next_use,0,150000,75507,0.06612181663513184,True,1,961.0929703292187
toolagent_trace,0.0025,4.0,"l1=0.0025,l2x4",next_use,2,1,pi1,train,/home/ubuntu/Desktop/persistent-kv-admission/results/onpolicy_full_feb30eb_001/populations/train/toolagent_trace__l1_0.0025__l2x_4__next_use__seed_2/pi1.npz,051940ede65d824e6b5964d92ac75ca610193877b51e4a826c8c433a178646db,float64,float32,679223,40000,148779,107327,40000,True,148779,36.987311124801636,40000.0,0.0,1.0,next_use,0,150000,76574,0.06405997276306152,True,1,967.4570346053904
toolagent_trace,0.0025,4.0,"l1=0.0025,l2x4",next_use,2,2,pi2,train,/home/ubuntu/Desktop/persistent-kv-admission/results/onpolicy_full_feb30eb_001/populations/train/toolagent_trace__l1_0.0025__l2x_4__next_use__seed_2/pi2.npz,e3de84c734a45562f7d7c5844c84061412feb10381d7a3f377b039c640f00fe6,float64,float32,679170,40000,148713,107341,40000,True,148713,36.95916223526001,40000.0,0.0,1.0,next_use,0,150000,75382,0.06466054916381836,True,1,981.916742997608
toolagent_trace,0.0025,4.0,"l1=0.0025,l2x4",next_use,2,3,pi3,train,/home/ubuntu/Desktop/persistent-kv-admission/results/onpolicy_full_feb30eb_001/populations/train/toolagent_trace__l1_0.0025__l2x_4__next_use__seed_2/pi3.npz,55665182785596e4c818e9822cdb6f3d75b4b8cb3d614d096bbbefc649e8ebd5,float64,float32,679165,40000,148657,107301,40000,True,148657,36.67574334144592,40000.0,0.0,1.0,,,,,,,,
toolagent_trace,0.0025,4.0,"l1=0.0025,l2x4",next_use,3,0,pi0,train,/home/ubuntu/Desktop/persistent-kv-admission/results/onpolicy_full_feb30eb_001/populations/train/toolagent_trace__l1_0.0025__l2x_4__next_use__seed_3/pi0.npz,9ceee543fa678e61abb23aad2651f1a4ee6b53ef506b07721234a7325dd212f3,float64,float32,679119,40000,148058,106965,40000,True,148058,37.21582651138306,40000.0,0.0,1.0,next_use,0,150000,75220,0.0663297176361084,True,1,960.1848113170132
toolagent_trace,0.0025,4.0,"l1=0.0025,l2x4",next_use,3,1,pi1,train,/home/ubuntu/Desktop/persistent-kv-admission/results/onpolicy_full_feb30eb_001/populations/train/toolagent_trace__l1_0.0025__l2x_4__next_use__seed_3/pi1.npz,24df494f1bbb3c772258ac8fae8fecc9cb97de99af488c62ecdfefdd31721791,float64,float32,679277,40000,148774,107420,40000,True,148774,37.079503774642944,40000.0,0.0,1.0,next_use,0,150000,75934,0.06364250183105469,True,1,970.1508432741562
toolagent_trace,0.0025,4.0,"l1=0.0025,l2x4",next_use,3,2,pi2,train,/home/ubuntu/Desktop/persistent-kv-admission/results/onpolicy_full_feb30eb_001/populations/train/toolagent_trace__l1_0.0025__l2x_4__next_use__seed_3/pi2.npz,be98ce370a162cf82326151a0e19b9e5e6e1cb55862bb9d8547a1ffa9a9ce911,float64,float32,679208,40000,148702,107358,40000,True,148702,36.57164788246155,40000.0,0.0,1.0,next_use,0,150000,75603,0.06780886650085449,True,1,985.2350350654393
toolagent_trace,0.0025,4.0,"l1=0.0025,l2x4",next_use,3,3,pi3,train,/home/ubuntu/Desktop/persistent-kv-admission/results/onpolicy_full_feb30eb_001/populations/train/toolagent_trace__l1_0.0025__l2x_4__next_use__seed_3/pi3.npz,f39e5ddca4a11b3857ad7fce460b7ed680c729604897d2356d69329af4165d34,float64,float32,679233,40000,148688,107348,40000,True,148688,37.07582497596741,40000.0,0.0,1.0,,,,,,,,
toolagent_trace,0.0025,4.0,"l1=0.0025,l2x4",binary,1,0,pi0,train,/home/ubuntu/Desktop/persistent-kv-admission/results/onpolicy_full_feb30eb_001/populations/train/toolagent_trace__l1_0.0025__l2x_4__binary__seed_1/pi0.npz,28a4fa073761d888b6bd7ec054f74fa506f890e6646bd887aa87d1f834df9242,float64,float32,679135,40000,148766,107617,40000,True,148766,35.9655020236969,40000.0,0.0,1.0,binary,0,150000,73532,0.10753154754638672,True,5,nan
toolagent_trace,0.0025,4.0,"l1=0.0025,l2x4",binary,1,1,pi1,train,/home/ubuntu/Desktop/persistent-kv-admission/results/onpolicy_full_feb30eb_001/populations/train/toolagent_trace__l1_0.0025__l2x_4__binary__seed_1/pi1.npz,75c4fae778b534e6c31830ba7b95cd33cf9b0e43f4f5e2a5f879cd4698cb1d7f,float64,float32,679149,40000,149265,107614,40000,True,149265,35.560264348983765,40000.0,0.0,1.0,binary,0,150000,78202,0.10903263092041016,True,5,nan
toolagent_trace,0.0025,4.0,"l1=0.0025,l2x4",binary,1,2,pi2,train,/home/ubuntu/Desktop/persistent-kv-admission/results/onpolicy_full_feb30eb_001/populations/train/toolagent_trace__l1_0.0025__l2x_4__binary__seed_1/pi2.npz,178db1e66408af155bcab4f238effa159618e2a5098b753be7ddb0e7e86387d4,float64,float32,679151,40000,148768,107592,40000,True,148768,35.22922492027283,40000.0,0.0,1.0,binary,0,150000,76730,0.10897135734558105,True,5,nan
toolagent_trace,0.0025,4.0,"l1=0.0025,l2x4",binary,1,3,pi3,train,/home/ubuntu/Desktop/persistent-kv-admission/results/onpolicy_full_feb30eb_001/populations/train/toolagent_trace__l1_0.0025__l2x_4__binary__seed_1/pi3.npz,4d974961e99f8c282ad450aa9846b3bacef23670b394dc226918c2e76557405a,float64,float32,679186,40000,149470,107700,40000,True,149470,35.475974559783936,40000.0,0.0,1.0,,,,,,,,
toolagent_trace,0.0025,4.0,"l1=0.0025,l2x4",binary,0,0,pi0,train,/home/ubuntu/Desktop/persistent-kv-admission/results/onpolicy_full_feb30eb_001/populations/train/toolagent_trace__l1_0.0025__l2x_4__binary__seed_0/pi0.npz,689b8b278b48956e59d8afe49eded26f15e027c4192377d828ec3f9d2f5698fc,float64,float32,679074,40000,148756,107619,40000,True,148756,36.2209837436676,40000.0,0.0,1.0,binary,0,150000,73776,0.10632681846618652,True,5,nan
toolagent_trace,0.0025,4.0,"l1=0.0025,l2x4",binary,0,1,pi1,train,/home/ubuntu/Desktop/persistent-kv-admission/results/onpolicy_full_feb30eb_001/populations/train/toolagent_trace__l1_0.0025__l2x_4__binary__seed_0/pi1.npz,f4f49a01dc7bc791b11c9e52b39a88b9d8be2c95213f91b8743620525bb4703c,float64,float32,679011,40000,149302,107613,40000,True,149302,35.742711544036865,40000.0,0.0,1.0,binary,0,150000,78568,0.10982775688171387,True,5,nan
toolagent_trace,0.0025,4.0,"l1=0.0025,l2x4",binary,0,2,pi2,train,/home/ubuntu/Desktop/persistent-kv-admission/results/onpolicy_full_feb30eb_001/populations/train/toolagent_trace__l1_0.0025__l2x_4__binary__seed_0/pi2.npz,8ac70f99f4b85f049060fafa8d52991e9fb85ca9a15458e6af7cd4a8cae3bea9,float64,float32,679177,40000,148840,107611,40000,True,148840,35.44161534309387,40000.0,0.0,1.0,binary,0,150000,76413,0.10910153388977051,True,5,nan
toolagent_trace,0.0025,4.0,"l1=0.0025,l2x4",binary,0,3,pi3,train,/home/ubuntu/Desktop/persistent-kv-admission/results/onpolicy_full_feb30eb_001/populations/train/toolagent_trace__l1_0.0025__l2x_4__binary__seed_0/pi3.npz,3c2c823de79a8c21ba2f6ed8e431124541ffd5733201e10c5d3cb62f02888804,float64,float32,679215,40000,149578,107777,40000,True,149578,35.6678626537323,40000.0,0.0,1.0,,,,,,,,
toolagent_trace,0.0025,4.0,"l1=0.0025,l2x4",binary,2,0,pi0,train,/home/ubuntu/Desktop/persistent-kv-admission/results/onpolicy_full_feb30eb_001/populations/train/toolagent_trace__l1_0.0025__l2x_4__binary__seed_2/pi0.npz,c37fce4d427ff9cd0fcf03208c3fdb86546ed529221c221c82916bd4c3fcd198,float64,float32,679119,40000,148803,107643,40000,True,148803,36.18629741668701,40000.0,0.0,1.0,binary,0,150000,73704,0.10674524307250977,True,5,nan
toolagent_trace,0.0025,4.0,"l1=0.0025,l2x4",binary,2,1,pi1,train,/home/ubuntu/Desktop/persistent-kv-admission/results/onpolicy_full_feb30eb_001/populations/train/toolagent_trace__l1_0.0025__l2x_4__binary__seed_2/pi1.npz,8b743004d58694eacd07da97faf1346fa9e4e6d7a3ac211056bd229e3c74f7ef,float64,float32,679082,40000,149355,107666,40000,True,149355,35.9914014339447,40000.0,0.0,1.0,binary,0,150000,77500,0.10651326179504395,True,5,nan
toolagent_trace,0.0025,4.0,"l1=0.0025,l2x4",binary,2,2,pi2,train,/home/ubuntu/Desktop/persistent-kv-admission/results/onpolicy_full_feb30eb_001/populations/train/toolagent_trace__l1_0.0025__l2x_4__binary__seed_2/pi2.npz,c612ffc1d7fa870502e10761574dc380226cadc18b83a869b195b6419fb15dc8,float64,float32,679125,40000,148835,107614,40000,True,148835,35.94365119934082,40000.0,0.0,1.0,binary,0,150000,76961,0.10785531997680664,True,5,nan
toolagent_trace,0.0025,4.0,"l1=0.0025,l2x4",binary,2,3,pi3,train,/home/ubuntu/Desktop/persistent-kv-admission/results/onpolicy_full_feb30eb_001/populations/train/toolagent_trace__l1_0.0025__l2x_4__binary__seed_2/pi3.npz,30fa4e7a1a182b79c83c63b6f636266f06d51c46e7912c11a89849941a54d5c0,float64,float32,679150,40000,149463,107721,40000,True,149463,35.5074245929718,40000.0,0.0,1.0,,,,,,,,
toolagent_trace,0.0025,4.0,"l1=0.0025,l2x4",next_use,4,0,pi0,train,/home/ubuntu/Desktop/persistent-kv-admission/results/onpolicy_full_feb30eb_001/populations/train/toolagent_trace__l1_0.0025__l2x_4__next_use__seed_4/pi0.npz,8e974afe1ebd0d1679d81d92f94404f8273c5f993f7e39122bdd96fd6e6b97e0,float64,float32,679199,40000,148107,106971,40000,True,148107,37.266083002090454,40000.0,0.0,1.0,next_use,0,150000,75061,0.06421828269958496,True,1,961.8152831832781
toolagent_trace,0.0025,4.0,"l1=0.0025,l2x4",next_use,4,1,pi1,train,/home/ubuntu/Desktop/persistent-kv-admission/results/onpolicy_full_feb30eb_001/populations/train/toolagent_trace__l1_0.0025__l2x_4__next_use__seed_4/pi1.npz,a4b0380a27fb305c06e401a3067c97d7c94d0adfba775a016991feae069afaf1,float64,float32,679278,40000,148702,107333,40000,True,148702,37.03999328613281,40000.0,0.0,1.0,next_use,0,150000,75755,0.06380009651184082,True,1,967.5571110494337
toolagent_trace,0.0025,4.0,"l1=0.0025,l2x4",next_use,4,2,pi2,train,/home/ubuntu/Desktop/persistent-kv-admission/results/onpolicy_full_feb30eb_001/populations/train/toolagent_trace__l1_0.0025__l2x_4__next_use__seed_4/pi2.npz,373b580f9d917c788c97021ded3ea77b393c613f508ea59a50e583631a787143,float64,float32,679203,40000,148629,107291,40000,True,148629,37.17588829994202,40000.0,0.0,1.0,next_use,0,150000,75038,0.06427311897277832,True,1,983.6280669789211
toolagent_trace,0.0025,4.0,"l1=0.0025,l2x4",next_use,4,3,pi3,train,/home/ubuntu/Desktop/persistent-kv-admission/results/onpolicy_full_feb30eb_001/populations/train/toolagent_trace__l1_0.0025__l2x_4__next_use__seed_4/pi3.npz,22edf4c252f983e8b7ea148a0e3cecbdea939712df3805224f37a2acc5da53c1,float64,float32,679218,40000,148701,107372,40000,True,148701,36.97204804420471,40000.0,0.0,1.0,,,,,,,,
toolagent_trace,0.0025,4.0,"l1=0.0025,l2x4",binary,3,0,pi0,train,/home/ubuntu/Desktop/persistent-kv-admission/results/onpolicy_full_feb30eb_001/populations/train/toolagent_trace__l1_0.0025__l2x_4__binary__seed_3/pi0.npz,42284faaf2e48a1fe65d97b6981488719a3dfc00a6e09238848cd055a5d47f60,float64,float32,679090,40000,148776,107625,40000,True,148776,36.24429488182068,40000.0,0.0,1.0,binary,0,150000,73605,0.09868645668029785,True,5,nan
toolagent_trace,0.0025,4.0,"l1=0.0025,l2x4",binary,3,1,pi1,train,/home/ubuntu/Desktop/persistent-kv-admission/results/onpolicy_full_feb30eb_001/populations/train/toolagent_trace__l1_0.0025__l2x_4__binary__seed_3/pi1.npz,530b5f18dd496fec6d33a0fa108077fb36d4894466773516dcf6adaa5b75224b,float64,float32,679093,40000,149358,107639,40000,True,149358,35.73581075668335,40000.0,0.0,1.0,binary,0,150000,77735,0.09826374053955078,True,5,nan
toolagent_trace,0.0025,4.0,"l1=0.0025,l2x4",binary,3,2,pi2,train,/home/ubuntu/Desktop/persistent-kv-admission/results/onpolicy_full_feb30eb_001/populations/train/toolagent_trace__l1_0.0025__l2x_4__binary__seed_3/pi2.npz,9496ca31766565b2f8912818093f6892163e9603a44f3864be8ae3255a1e8040,float64,float32,679157,40000,148809,107573,40000,True,148809,35.502814292907715,40000.0,0.0,1.0,binary,0,150000,77626,0.09764862060546875,True,5,nan
toolagent_trace,0.0025,4.0,"l1=0.0025,l2x4",binary,3,3,pi3,train,/home/ubuntu/Desktop/persistent-kv-admission/results/onpolicy_full_feb30eb_001/populations/train/toolagent_trace__l1_0.0025__l2x_4__binary__seed_3/pi3.npz,894206f08d4e5a6eecb37887ae47685d9b023c2d6952057e51489b0180241fbf,float64,float32,679144,40000,149572,107726,40000,True,149572,35.38504672050476,40000.0,0.0,1.0,,,,,,,,
toolagent_trace,0.0025,4.0,"l1=0.0025,l2x4",binary,4,0,pi0,train,/home/ubuntu/Desktop/persistent-kv-admission/results/onpolicy_full_feb30eb_001/populations/train/toolagent_trace__l1_0.0025__l2x_4__binary__seed_4/pi0.npz,be8e9396ee5bf070301f5f3a70dce47cee97801070d706c12c9c353956af7f5e,float64,float32,679130,40000,148761,107617,40000,True,148761,35.82388234138489,40000.0,0.0,1.0,binary,0,150000,74002,0.10791540145874023,True,5,nan
toolagent_trace,0.0025,4.0,"l1=0.0025,l2x4",binary,4,1,pi1,train,/home/ubuntu/Desktop/persistent-kv-admission/results/onpolicy_full_feb30eb_001/populations/train/toolagent_trace__l1_0.0025__l2x_4__binary__seed_4/pi1.npz,0f24343867611a23a25daed9c532e089c3cfa8d892ff3bf10ed9d1e2d2cccede,float64,float32,679078,40000,149323,107623,40000,True,149323,35.70850348472595,40000.0,0.0,1.0,binary,0,150000,77827,0.10687422752380371,True,5,nan
toolagent_trace,0.0025,4.0,"l1=0.0025,l2x4",binary,4,2,pi2,train,/home/ubuntu/Desktop/persistent-kv-admission/results/onpolicy_full_feb30eb_001/populations/train/toolagent_trace__l1_0.0025__l2x_4__binary__seed_4/pi2.npz,5386e5bd19791ceeca7784d8e0ae10b08a8398ca8961c943ee137103864d1a0d,float64,float32,679101,40000,148817,107617,40000,True,148817,35.319321393966675,40000.0,0.0,1.0,binary,0,150000,77166,0.10581731796264648,True,5,nan
toolagent_trace,0.0025,4.0,"l1=0.0025,l2x4",binary,4,3,pi3,train,/home/ubuntu/Desktop/persistent-kv-admission/results/onpolicy_full_feb30eb_001/populations/train/toolagent_trace__l1_0.0025__l2x_4__binary__seed_4/pi3.npz,3a503c7149da875b46ea9e2b3508960f558c185b8036484706beb18108c40af7,float64,float32,679135,40000,149456,107691,40000,True,149456,35.34858322143555,40000.0,0.0,1.0,,,,,,,,
toolagent_trace,0.01,1.0,"l1=0.01,l2x1",next_use,0,0,pi0,train,/home/ubuntu/Desktop/persistent-kv-admission/results/onpolicy_full_feb30eb_001/populations/train/toolagent_trace__l1_0.01__l2x_1__next_use__seed_0/pi0.npz,0792e04d9dc3d470dbba8d8ba66611d0dd844972852d835eb2839f3c0b218a46,float64,float32,679138,40000,144884,104456,40000,True,144884,36.4658260345459,40000.0,0.0,1.0,next_use,0,150000,73640,0.059504032135009766,True,1,1005.2882006582071
toolagent_trace,0.01,1.0,"l1=0.01,l2x1",next_use,0,1,pi1,train,/home/ubuntu/Desktop/persistent-kv-admission/results/onpolicy_full_feb30eb_001/populations/train/toolagent_trace__l1_0.01__l2x_1__next_use__seed_0/pi1.npz,e249788e9d50ad1f5312f5bc01527ad4fc8bb63f8563e9337880f43e5fa8ad0c,float64,float32,679148,40000,145066,104446,40000,True,145066,36.247148275375366,40000.0,0.0,1.0,next_use,0,150000,73720,0.06537723541259766,True,1,1000.5245320780275
toolagent_trace,0.01,1.0,"l1=0.01,l2x1",next_use,0,2,pi2,train,/home/ubuntu/Desktop/persistent-kv-admission/results/onpolicy_full_feb30eb_001/populations/train/toolagent_trace__l1_0.01__l2x_1__next_use__seed_0/pi2.npz,de06909183e83346d0bb3223d2148aa62d3107f5504aeaaccad8737dbfa48d44,float64,float32,679124,40000,145062,104545,40000,True,145062,36.285130739212036,40000.0,0.0,1.0,next_use,0,150000,73787,0.05879521369934082,True,1,1003.9222141101071
toolagent_trace,0.01,1.0,"l1=0.01,l2x1",next_use,0,3,pi3,train,/home/ubuntu/Desktop/persistent-kv-admission/results/onpolicy_full_feb30eb_001/populations/train/toolagent_trace__l1_0.01__l2x_1__next_use__seed_0/pi3.npz,4f6419cb53bc3609e2724c43d342a35c3bf846aaf48036bc39068c428d5f2414,float64,float32,679140,40000,145029,104513,40000,True,145029,36.161996364593506,40000.0,0.0,1.0,,,,,,,,
toolagent_trace,0.01,1.0,"l1=0.01,l2x1",next_use,1,0,pi0,train,/home/ubuntu/Desktop/persistent-kv-admission/results/onpolicy_full_feb30eb_001/populations/train/toolagent_trace__l1_0.01__l2x_1__next_use__seed_1/pi0.npz,0f42d8f835c77d8a912ebcbc24d57a51bf30cdcdb84f96f8a581203cb0056c78,float64,float32,679132,40000,144888,104452,40000,True,144888,36.344504594802856,40000.0,0.0,1.0,next_use,0,150000,73271,0.0650031566619873,True,1,1003.3485311240995
toolagent_trace,0.01,1.0,"l1=0.01,l2x1",next_use,1,1,pi1,train,/home/ubuntu/Desktop/persistent-kv-admission/results/onpolicy_full_feb30eb_001/populations/train/toolagent_trace__l1_0.01__l2x_1__next_use__seed_1/pi1.npz,7a24c0a8bfad1cd37a51d3bffcabbf034c299f4258215a162cc411c0cc7898d2,float64,float32,679164,40000,145109,104386,40000,True,145109,36.26741290092468,40000.0,0.0,1.0,next_use,0,150000,73375,0.07248759269714355,True,1,1003.1749491032932
toolagent_trace,0.01,1.0,"l1=0.01,l2x1",next_use,1,2,pi2,train,/home/ubuntu/Desktop/persistent-kv-admission/results/onpolicy_full_feb30eb_001/populations/train/toolagent_trace__l1_0.01__l2x_1__next_use__seed_1/pi2.npz,ed88b45ebedc030f7f55e670b94e2b22ab81f722a60c007f2f9f8e19bce32b89,float64,float32,679131,40000,145021,104499,40000,True,145021,35.77737641334534,40000.0,0.0,1.0,next_use,0,150000,73483,0.06568360328674316,True,1,994.637942007815
toolagent_trace,0.01,1.0,"l1=0.01,l2x1",next_use,1,3,pi3,train,/home/ubuntu/Desktop/persistent-kv-admission/results/onpolicy_full_feb30eb_001/populations/train/toolagent_trace__l1_0.01__l2x_1__next_use__seed_1/pi3.npz,82007b4f7c818637decc6577030b2ce5032bc794d9394baf6691ca6e03bfda40,float64,float32,679176,40000,144983,104465,40000,True,144983,36.184675216674805,40000.0,0.0,1.0,,,,,,,,
toolagent_trace,0.01,1.0,"l1=0.01,l2x1",binary,0,0,pi0,train,/home/ubuntu/Desktop/persistent-kv-admission/results/onpolicy_full_feb30eb_001/populations/train/toolagent_trace__l1_0.01__l2x_1__binary__seed_0/pi0.npz,18b8696707ddc076b83eece99a21c43fca645b1af34213cf8f1c79ce898b9247,float64,float32,679015,40000,145337,104858,40000,True,145337,35.029077768325806,40000.0,0.0,1.0,binary,0,150000,70840,0.1345524787902832,True,7,nan
toolagent_trace,0.01,1.0,"l1=0.01,l2x1",binary,0,1,pi1,train,/home/ubuntu/Desktop/persistent-kv-admission/results/onpolicy_full_feb30eb_001/populations/train/toolagent_trace__l1_0.01__l2x_1__binary__seed_0/pi1.npz,a62f27b5a83114f4aef2ff4893363d8d9f7d33472c54b616a104a53d8a0cd1ac,float64,float32,678784,40000,145492,104741,40000,True,145492,34.74838733673096,40000.0,0.0,1.0,binary,0,150000,73871,0.150557279586792,True,7,nan
toolagent_trace,0.01,1.0,"l1=0.01,l2x1",binary,0,2,pi2,train,/home/ubuntu/Desktop/persistent-kv-admission/results/onpolicy_full_feb30eb_001/populations/train/toolagent_trace__l1_0.01__l2x_1__binary__seed_0/pi2.npz,969697f8f7912dd7cd87fd27d03590c4bdb39f41bc0dab540cd7cdff5d775ab0,float64,float32,679069,40000,145111,104685,40000,True,145111,34.890275716781616,40000.0,0.0,1.0,binary,0,150000,73289,0.11843681335449219,True,6,nan
toolagent_trace,0.01,1.0,"l1=0.01,l2x1",binary,0,3,pi3,train,/home/ubuntu/Desktop/persistent-kv-admission/results/onpolicy_full_feb30eb_001/populations/train/toolagent_trace__l1_0.01__l2x_1__binary__seed_0/pi3.npz,b16f31fb716004f222c4949b629854d994fed3f704fec151a69dbc06bf1b85ef,float64,float32,678760,40000,145407,104687,40000,True,145407,34.56103706359863,40000.0,0.0,1.0,,,,,,,,
toolagent_trace,0.01,1.0,"l1=0.01,l2x1",next_use,2,0,pi0,train,/home/ubuntu/Desktop/persistent-kv-admission/results/onpolicy_full_feb30eb_001/populations/train/toolagent_trace__l1_0.01__l2x_1__next_use__seed_2/pi0.npz,23cc36e12389dfcf20cd1ea788517f67dd8e8c3b62c93f2e04f08dab34da3530,float64,float32,679112,40000,144891,104474,40000,True,144891,36.36534929275513,40000.0,0.0,1.0,next_use,0,150000,73341,0.06399822235107422,True,1,1007.1540757151945
toolagent_trace,0.01,1.0,"l1=0.01,l2x1",next_use,2,1,pi1,train,/home/ubuntu/Desktop/persistent-kv-admission/results/onpolicy_full_feb30eb_001/populations/train/toolagent_trace__l1_0.01__l2x_1__next_use__seed_2/pi1.npz,4049427ce4914a87305ed673daef16d90bc3636c81f083f11841753613efdc64,float64,float32,679204,40000,145167,104509,40000,True,145167,36.3129985332489,40000.0,0.0,1.0,next_use,0,150000,73443,0.06850194931030273,True,1,1003.0179092285858
toolagent_trace,0.01,1.0,"l1=0.01,l2x1",next_use,2,2,pi2,train,/home/ubuntu/Desktop/persistent-kv-admission/results/onpolicy_full_feb30eb_001/populations/train/toolagent_trace__l1_0.01__l2x_1__next_use__seed_2/pi2.npz,cd4f747ff654b9e1ae0bd9e6297c4bf7b27f6e8784f853bb2c482622947ddea4,float64,float32,679068,40000,145083,104624,40000,True,145083,36.317094802856445,40000.0,0.0,1.0,next_use,0,150000,73214,0.06590580940246582,True,1,1002.8638807693152
toolagent_trace,0.01,1.0,"l1=0.01,l2x1",next_use,2,3,pi3,train,/home/ubuntu/Desktop/persistent-kv-admission/results/onpolicy_full_feb30eb_001/populations/train/toolagent_trace__l1_0.01__l2x_1__next_use__seed_2/pi3.npz,12cb06690fc1a91ec7488a7b9d4958c4dc5d0fd7af799b1db95a3aa4ecc17a47,float64,float32,679210,40000,145064,104534,40000,True,145064,36.094704151153564,40000.0,0.0,1.0,,,,,,,,
toolagent_trace,0.01,1.0,"l1=0.01,l2x1",next_use,3,0,pi0,train,/home/ubuntu/Desktop/persistent-kv-admission/results/onpolicy_full_feb30eb_001/populations/train/toolagent_trace__l1_0.01__l2x_1__next_use__seed_3/pi0.npz,0525d6a1c0792ae57fbdbddf77f2a74f12d7b5846364f6109aec4cf7aceeb5f2,float64,float32,679128,40000,144889,104458,40000,True,144889,36.510186433792114,40000.0,0.0,1.0,next_use,0,150000,73771,0.05540108680725098,True,1,1005.2217700558665
toolagent_trace,0.01,1.0,"l1=0.01,l2x1",next_use,3,1,pi1,train,/home/ubuntu/Desktop/persistent-kv-admission/results/onpolicy_full_feb30eb_001/populations/train/toolagent_trace__l1_0.01__l2x_1__next_use__seed_3/pi1.npz,e8e1a9641729141abd07f2a3b1c47a60ee0a928e554b3a677e5b5e01bc65b671,float64,float32,679095,40000,145063,104447,40000,True,145063,36.5449481010437,40000.0,0.0,1.0,next_use,0,150000,73495,0.05624032020568848,True,1,1005.333985168954
toolagent_trace,0.01,1.0,"l1=0.01,l2x1",next_use,3,2,pi2,train,/home/ubuntu/Desktop/persistent-kv-admission/results/onpolicy_full_feb30eb_001/populations/train/toolagent_trace__l1_0.01__l2x_1__next_use__seed_3/pi2.npz,aeb78149c7cb2c7ff1e27d7a76d6d552c7e3e0697a6c17281a9447d52d410f45,float64,float32,679193,40000,145059,104563,40000,True,145059,36.435545682907104,40000.0,0.0,1.0,next_use,0,150000,73037,0.06362724304199219,True,1,1000.6897130132672
toolagent_trace,0.01,1.0,"l1=0.01,l2x1",next_use,3,3,pi3,train,/home/ubuntu/Desktop/persistent-kv-admission/results/onpolicy_full_feb30eb_001/populations/train/toolagent_trace__l1_0.01__l2x_1__next_use__seed_3/pi3.npz,cd0274fb90a908767af3f046fa17a6916a2497d4005260c540b8566b50b2d2b1,float64,float32,679139,40000,144987,104464,40000,True,144987,36.32843804359436,40000.0,0.0,1.0,,,,,,,,
toolagent_trace,0.01,1.0,"l1=0.01,l2x1",next_use,4,0,pi0,train,/home/ubuntu/Desktop/persistent-kv-admission/results/onpolicy_full_feb30eb_001/populations/train/toolagent_trace__l1_0.01__l2x_1__next_use__seed_4/pi0.npz,c06a40f7348a36b83660645fe6b5749fb4a8d41e833018782dc224341cc11051,float64,float32,679084,40000,144877,104437,40000,True,144877,36.061254024505615,40000.0,0.0,1.0,next_use,0,150000,73285,0.06668353080749512,True,1,1005.7962848680439
toolagent_trace,0.01,1.0,"l1=0.01,l2x1",next_use,4,1,pi1,train,/home/ubuntu/Desktop/persistent-kv-admission/results/onpolicy_full_feb30eb_001/populations/train/toolagent_trace__l1_0.01__l2x_1__next_use__seed_4/pi1.npz,4526f0dc3cfe7a8879518a23b0e3a2d6375f197f8fd8159976fb05cc43ceb6a8,float64,float32,679074,40000,145102,104483,40000,True,145102,36.810235261917114,40000.0,0.0,1.0,next_use,0,150000,73188,0.0665290355682373,True,1,1002.9537494691548
toolagent_trace,0.01,1.0,"l1=0.01,l2x1",next_use,4,2,pi2,train,/home/ubuntu/Desktop/persistent-kv-admission/results/onpolicy_full_feb30eb_001/populations/train/toolagent_trace__l1_0.01__l2x_1__next_use__seed_4/pi2.npz,7b05bd7f993bdcdb55f2a2b21b3913c8b5d69672a52e97bd35181617bb89b4af,float64,float32,679148,40000,145055,104566,40000,True,145055,36.55379772186279,40000.0,0.0,1.0,next_use,0,150000,73298,0.06413459777832031,True,1,1002.5910812869049
toolagent_trace,0.01,1.0,"l1=0.01,l2x1",next_use,4,3,pi3,train,/home/ubuntu/Desktop/persistent-kv-admission/results/onpolicy_full_feb30eb_001/populations/train/toolagent_trace__l1_0.01__l2x_1__next_use__seed_4/pi3.npz,2741d837fb0fce81ac735b06b3f6d8a7d6e039106137f233bbe452e06a96fdd1,float64,float32,679128,40000,145097,104589,40000,True,145097,36.414591550827026,40000.0,0.0,1.0,,,,,,,,
toolagent_trace,0.01,1.0,"l1=0.01,l2x1",binary,1,0,pi0,train,/home/ubuntu/Desktop/persistent-kv-admission/results/onpolicy_full_feb30eb_001/populations/train/toolagent_trace__l1_0.01__l2x_1__binary__seed_1/pi0.npz,65b0aa943f5e9fa663c0c722e2df64790c513fa9b938404f9951fef3e858712a,float64,float32,679070,40000,145380,104859,40000,True,145380,34.847938776016235,40000.0,0.0,1.0,binary,0,150000,70946,0.10660171508789062,True,5,nan
toolagent_trace,0.01,1.0,"l1=0.01,l2x1",binary,1,1,pi1,train,/home/ubuntu/Desktop/persistent-kv-admission/results/onpolicy_full_feb30eb_001/populations/train/toolagent_trace__l1_0.01__l2x_1__binary__seed_1/pi1.npz,c11da0f94566eb113077ed1fc5c1c7c6d40075883ffb3f8d69aa75660735e46b,float64,float32,678721,40000,145496,104775,40000,True,145496,34.97955870628357,40000.0,0.0,1.0,binary,0,150000,73636,0.10547733306884766,True,5,nan
toolagent_trace,0.01,1.0,"l1=0.01,l2x1",binary,1,2,pi2,train,/home/ubuntu/Desktop/persistent-kv-admission/results/onpolicy_full_feb30eb_001/populations/train/toolagent_trace__l1_0.01__l2x_1__binary__seed_1/pi2.npz,bd9c528445cf951d03d44d05bd1f2f0a88ba348f0fd60733a7ca3e2974a34c63,float64,float32,679061,40000,145148,104685,40000,True,145148,35.047685861587524,40000.0,0.0,1.0,binary,0,150000,73166,0.11542201042175293,True,6,nan
toolagent_trace,0.01,1.0,"l1=0.01,l2x1",binary,1,3,pi3,train,/home/ubuntu/Desktop/persistent-kv-admission/results/onpolicy_full_feb30eb_001/populations/train/toolagent_trace__l1_0.01__l2x_1__binary__seed_1/pi3.npz,f97664c4d87b479fe00a056f39f678165d27a2b0ce3487b748f7a23d6b1d0a91,float64,float32,678790,40000,145390,104664,40000,True,145390,34.39467144012451,40000.0,0.0,1.0,,,,,,,,
toolagent_trace,0.01,1.0,"l1=0.01,l2x1",binary,2,0,pi0,train,/home/ubuntu/Desktop/persistent-kv-admission/results/onpolicy_full_feb30eb_001/populations/train/toolagent_trace__l1_0.01__l2x_1__binary__seed_2/pi0.npz,ab05880ffdc1ac6737cf8793529723ad3efca1ee7393b965eb92a314870e7d19,float64,float32,679061,40000,145389,104876,40000,True,145389,35.202088594436646,40000.0,0.0,1.0,binary,0,150000,70824,0.1067202091217041,True,5,nan
toolagent_trace,0.01,1.0,"l1=0.01,l2x1",binary,2,1,pi1,train,/home/ubuntu/Desktop/persistent-kv-admission/results/onpolicy_full_feb30eb_001/populations/train/toolagent_trace__l1_0.01__l2x_1__binary__seed_2/pi1.npz,8092f219c7e1b6a586d1d07360b8a1d8d56207feb2da2ded28755053184afa36,float64,float32,678744,40000,145463,104708,40000,True,145463,34.756561517715454,40000.0,0.0,1.0,binary,0,150000,74592,0.11400508880615234,True,6,nan
toolagent_trace,0.01,1.0,"l1=0.01,l2x1",binary,2,2,pi2,train,/home/ubuntu/Desktop/persistent-kv-admission/results/onpolicy_full_feb30eb_001/populations/train/toolagent_trace__l1_0.01__l2x_1__binary__seed_2/pi2.npz,740804283076545f8cfa1cc866ab5510ff310d481ea6b13d58a6a4f35bce8195,float64,float32,679056,40000,145139,104739,40000,True,145139,34.817689657211304,40000.0,0.0,1.0,binary,0,150000,72766,0.11611366271972656,True,6,nan
toolagent_trace,0.01,1.0,"l1=0.01,l2x1",binary,2,3,pi3,train,/home/ubuntu/Desktop/persistent-kv-admission/results/onpolicy_full_feb30eb_001/populations/train/toolagent_trace__l1_0.01__l2x_1__binary__seed_2/pi3.npz,a5a7bd03f02122919cbc83b7d1bf754d6881c6b46bbe5f11b3c38edf5895692e,float64,float32,678845,40000,145463,104724,40000,True,145463,34.35215902328491,40000.0,0.0,1.0,,,,,,,,
toolagent_trace,0.01,1.0,"l1=0.01,l2x1",binary,3,0,pi0,train,/home/ubuntu/Desktop/persistent-kv-admission/results/onpolicy_full_feb30eb_001/populations/train/toolagent_trace__l1_0.01__l2x_1__binary__seed_3/pi0.npz,4bac9ad52656def3b6be8b964453bb6b8f283aa4764fc232d0a75537b60a35d6,float64,float32,679118,40000,145405,104907,40000,True,145405,35.16903376579285,40000.0,0.0,1.0,binary,0,150000,70667,0.1346879005432129,True,7,nan
toolagent_trace,0.01,1.0,"l1=0.01,l2x1",binary,3,1,pi1,train,/home/ubuntu/Desktop/persistent-kv-admission/results/onpolicy_full_feb30eb_001/populations/train/toolagent_trace__l1_0.01__l2x_1__binary__seed_3/pi1.npz,902d48cb6f212a8fcb91219248240b1b926469e197966e9aeb8b93b4695f103e,float64,float32,678773,40000,145428,104703,40000,True,145428,34.343584060668945,40000.0,0.0,1.0,binary,0,150000,73860,0.1082620620727539,True,5,nan
toolagent_trace,0.01,1.0,"l1=0.01,l2x1",binary,3,2,pi2,train,/home/ubuntu/Desktop/persistent-kv-admission/results/onpolicy_full_feb30eb_001/populations/train/toolagent_trace__l1_0.01__l2x_1__binary__seed_3/pi2.npz,0dddec5b492470815f8251d1ebc180033b068050739d1c6d0eedfab2b49e54ef,float64,float32,679057,40000,145143,104693,40000,True,145143,34.8900408744812,40000.0,0.0,1.0,binary,0,150000,72762,0.11753678321838379,True,6,nan
toolagent_trace,0.01,1.0,"l1=0.01,l2x1",binary,3,3,pi3,train,/home/ubuntu/Desktop/persistent-kv-admission/results/onpolicy_full_feb30eb_001/populations/train/toolagent_trace__l1_0.01__l2x_1__binary__seed_3/pi3.npz,7d1bbca32ba564adb9112f7955aa58f9bdbbb0b167a1cf37a32c6ceb0ae695fa,float64,float32,678851,40000,145453,104733,40000,True,145453,34.538453817367554,40000.0,0.0,1.0,,,,,,,,
toolagent_trace,0.01,1.0,"l1=0.01,l2x1",binary,4,0,pi0,train,/home/ubuntu/Desktop/persistent-kv-admission/results/onpolicy_full_feb30eb_001/populations/train/toolagent_trace__l1_0.01__l2x_1__binary__seed_4/pi0.npz,3cb977c06074d9540d70ef302215ad7caa736a2e61e5436206ff1c236098bcbc,float64,float32,679059,40000,145405,104895,40000,True,145405,35.2034432888031,40000.0,0.0,1.0,binary,0,150000,70734,0.127274751663208,True,7,nan
toolagent_trace,0.01,1.0,"l1=0.01,l2x1",binary,4,1,pi1,train,/home/ubuntu/Desktop/persistent-kv-admission/results/onpolicy_full_feb30eb_001/populations/train/toolagent_trace__l1_0.01__l2x_1__binary__seed_4/pi1.npz,314ce0d69721b0e6af3ff8d516e5ce0d1fcf62e163fe5632c4a4f350a0930315,float64,float32,678802,40000,145416,104694,40000,True,145416,34.76035666465759,40000.0,0.0,1.0,binary,0,150000,74678,0.12462615966796875,True,7,nan
toolagent_trace,0.01,1.0,"l1=0.01,l2x1",binary,4,2,pi2,train,/home/ubuntu/Desktop/persistent-kv-admission/results/onpolicy_full_feb30eb_001/populations/train/toolagent_trace__l1_0.01__l2x_1__binary__seed_4/pi2.npz,0f25f50e40d58dde8be7a1c75dfc8af8e579bdc47e481c6ea44e279b2e0edc8b,float64,float32,679073,40000,145126,104690,40000,True,145126,34.772297382354736,40000.0,0.0,1.0,binary,0,150000,72916,0.10904598236083984,True,5,nan
toolagent_trace,0.01,1.0,"l1=0.01,l2x1",binary,4,3,pi3,train,/home/ubuntu/Desktop/persistent-kv-admission/results/onpolicy_full_feb30eb_001/populations/train/toolagent_trace__l1_0.01__l2x_1__binary__seed_4/pi3.npz,a03f6d312bd73f27a8a302ff199abff2a54cff94b3b7d20d8dae45fb66b8817c,float64,float32,678797,40000,145339,104636,40000,True,145339,34.30612921714783,40000.0,0.0,1.0,,,,,,,,
toolagent_trace,0.01,4.0,"l1=0.01,l2x4",next_use,0,0,pi0,train,/home/ubuntu/Desktop/persistent-kv-admission/results/onpolicy_full_feb30eb_001/populations/train/toolagent_trace__l1_0.01__l2x_4__next_use__seed_0/pi0.npz,8b4bb2040ed767c33d288259a6f491fc65343e8d6b5fe667f9488383ccdc3f11,float64,float32,677726,40000,123552,87156,40000,True,123552,36.656655073165894,40000.0,0.0,1.0,next_use,0,150000,48738,0.0657801628112793,True,1,1093.162734600429
toolagent_trace,0.01,4.0,"l1=0.01,l2x4",next_use,0,1,pi1,train,/home/ubuntu/Desktop/persistent-kv-admission/results/onpolicy_full_feb30eb_001/populations/train/toolagent_trace__l1_0.01__l2x_4__next_use__seed_0/pi1.npz,0514ed7a48b31c07d3f4bc8bccf7ce24db5ce2dbd5e7cbf2b88778d1d6dec349,float64,float32,678760,40000,123482,87011,40000,True,123482,37.279518604278564,40000.0,0.0,1.0,next_use,0,150000,49998,0.06922197341918945,True,1,1077.9802525688895
toolagent_trace,0.01,4.0,"l1=0.01,l2x4",next_use,0,2,pi2,train,/home/ubuntu/Desktop/persistent-kv-admission/results/onpolicy_full_feb30eb_001/populations/train/toolagent_trace__l1_0.01__l2x_4__next_use__seed_0/pi2.npz,83e3801b07f06842d61afefcf12a1246f0499dc0cc1b1c1248afc8b80f32b229,float64,float32,677766,40000,123363,87057,40000,True,123363,37.07095265388489,40000.0,0.0,1.0,next_use,0,150000,49061,0.0575566291809082,True,1,1089.3191758793637
toolagent_trace,0.01,4.0,"l1=0.01,l2x4",next_use,0,3,pi3,train,/home/ubuntu/Desktop/persistent-kv-admission/results/onpolicy_full_feb30eb_001/populations/train/toolagent_trace__l1_0.01__l2x_4__next_use__seed_0/pi3.npz,da5bb9e4b2bea6f7c6dac0a4b984e15b6d65262f218016aba8eef17ef2824c21,float64,float32,678759,40000,123269,87006,40000,True,123269,37.10061955451965,40000.0,0.0,1.0,,,,,,,,
toolagent_trace,0.01,4.0,"l1=0.01,l2x4",next_use,1,0,pi0,train,/home/ubuntu/Desktop/persistent-kv-admission/results/onpolicy_full_feb30eb_001/populations/train/toolagent_trace__l1_0.01__l2x_4__next_use__seed_1/pi0.npz,a1bac546740ee4c9fcbe36877f6f04232050c7a0ade9e2df4ccca95b739938b1,float64,float32,677765,40000,123540,87155,40000,True,123540,36.577802419662476,40000.0,0.0,1.0,next_use,0,150000,48672,0.06638097763061523,True,1,1092.9398853937678
toolagent_trace,0.01,4.0,"l1=0.01,l2x4",next_use,1,1,pi1,train,/home/ubuntu/Desktop/persistent-kv-admission/results/onpolicy_full_feb30eb_001/populations/train/toolagent_trace__l1_0.01__l2x_4__next_use__seed_1/pi1.npz,7adafe5730ead666513920f42b39ab3660c85b2ec5bb5c973b5ae0c1a995d307,float64,float32,678748,40000,123603,87171,40000,True,123603,36.838253021240234,40000.0,0.0,1.0,next_use,0,150000,50054,0.06472373008728027,True,1,1070.1463833588057
toolagent_trace,0.01,4.0,"l1=0.01,l2x4",next_use,1,2,pi2,train,/home/ubuntu/Desktop/persistent-kv-admission/results/onpolicy_full_feb30eb_001/populations/train/toolagent_trace__l1_0.01__l2x_4__next_use__seed_1/pi2.npz,0ede358e9b1c60df24c8ab28517e48bb882292986bd1be546f36a57e919064be,float64,float32,677776,40000,123364,87041,40000,True,123364,36.54616618156433,40000.0,0.0,1.0,next_use,0,150000,49359,0.07058048248291016,True,1,1086.5652834077257
toolagent_trace,0.01,4.0,"l1=0.01,l2x4",next_use,1,3,pi3,train,/home/ubuntu/Desktop/persistent-kv-admission/results/onpolicy_full_feb30eb_001/populations/train/toolagent_trace__l1_0.01__l2x_4__next_use__seed_1/pi3.npz,569599868798bd53b764fb10b5e7c083300aacd84a7e19f43d92ee3b7efaca66,float64,float32,678799,40000,123398,87024,40000,True,123398,36.687063694000244,40000.0,0.0,1.0,,,,,,,,
toolagent_trace,0.01,4.0,"l1=0.01,l2x4",next_use,2,0,pi0,train,/home/ubuntu/Desktop/persistent-kv-admission/results/onpolicy_full_feb30eb_001/populations/train/toolagent_trace__l1_0.01__l2x_4__next_use__seed_2/pi0.npz,4c6e43a258d437d7de8bdda0e9c2e952d758f07c781af23243fe578796930e44,float64,float32,677719,40000,123632,87216,40000,True,123632,36.47206687927246,40000.0,0.0,1.0,next_use,0,150000,48708,0.06530427932739258,True,1,1097.167434574905
toolagent_trace,0.01,4.0,"l1=0.01,l2x4",next_use,2,1,pi1,train,/home/ubuntu/Desktop/persistent-kv-admission/results/onpolicy_full_feb30eb_001/populations/train/toolagent_trace__l1_0.01__l2x_4__next_use__seed_2/pi1.npz,09a5c1fd27dbdbd93cd6c2abaac6716a192ecb0814f1be51b07a040c9e03caf6,float64,float32,678765,40000,123483,87017,40000,True,123483,37.01111698150635,40000.0,0.0,1.0,next_use,0,150000,49744,0.06388568878173828,True,1,1072.754313969221
toolagent_trace,0.01,4.0,"l1=0.01,l2x4",next_use,2,2,pi2,train,/home/ubuntu/Desktop/persistent-kv-admission/results/onpolicy_full_feb30eb_001/populations/train/toolagent_trace__l1_0.01__l2x_4__next_use__seed_2/pi2.npz,5f2cd98608f43f8406f4ab9242b92488bbcaa7c5be6f31b93d041a79c76d2240,float64,float32,677983,40000,123261,87031,40000,True,123261,36.56595969200134,40000.0,0.0,1.0,next_use,0,150000,49871,0.06443333625793457,True,1,1078.5231741314499
toolagent_trace,0.01,4.0,"l1=0.01,l2x4",next_use,2,3,pi3,train,/home/ubuntu/Desktop/persistent-kv-admission/results/onpolicy_full_feb30eb_001/populations/train/toolagent_trace__l1_0.01__l2x_4__next_use__seed_2/pi3.npz,02c7496318161d5843b911fd9c1526774a9bbf9ef9db3b94aca195f83c3565c0,float64,float32,678688,40000,123388,86987,40000,True,123388,36.92590641975403,40000.0,0.0,1.0,,,,,,,,
toolagent_trace,0.01,4.0,"l1=0.01,l2x4",next_use,3,0,pi0,train,/home/ubuntu/Desktop/persistent-kv-admission/results/onpolicy_full_feb30eb_001/populations/train/toolagent_trace__l1_0.01__l2x_4__next_use__seed_3/pi0.npz,134c354a899f1b2ea2d22c293e3b7a0a665b99b6a1b4f98ece2becc804630e34,float64,float32,677773,40000,123543,87113,40000,True,123543,36.33984422683716,40000.0,0.0,1.0,next_use,0,150000,48698,0.06512689590454102,True,1,1092.7274578642546
toolagent_trace,0.01,4.0,"l1=0.01,l2x4",next_use,3,1,pi1,train,/home/ubuntu/Desktop/persistent-kv-admission/results/onpolicy_full_feb30eb_001/populations/train/toolagent_trace__l1_0.01__l2x_4__next_use__seed_3/pi1.npz,13cd97e14dd00d5a8c0c834c2768039c9a3d1f7cc5113c1b20ee68b4c4d40a5c,float64,float32,678668,40000,123410,86986,40000,True,123410,36.442456007003784,40000.0,0.0,1.0,next_use,0,150000,50059,0.0653374195098877,True,1,1077.4974485983082
toolagent_trace,0.01,4.0,"l1=0.01,l2x4",next_use,3,2,pi2,train,/home/ubuntu/Desktop/persistent-kv-admission/results/onpolicy_full_feb30eb_001/populations/train/toolagent_trace__l1_0.01__l2x_4__next_use__seed_3/pi2.npz,e0b914fd1c0246766bf963619707ae08f27405300075813bac5bbac4507c896f,float64,float32,677784,40000,123401,87131,40000,True,123401,36.438332319259644,40000.0,0.0,1.0,next_use,0,150000,48974,0.06638073921203613,True,1,1083.8080627174913
toolagent_trace,0.01,4.0,"l1=0.01,l2x4",next_use,3,3,pi3,train,/home/ubuntu/Desktop/persistent-kv-admission/results/onpolicy_full_feb30eb_001/populations/train/toolagent_trace__l1_0.01__l2x_4__next_use__seed_3/pi3.npz,e2ab05fce97a34a2b11cced344e78effdcfd022b9c2ab582a17b050769867b54,float64,float32,678764,40000,123470,87073,40000,True,123470,36.62691855430603,40000.0,0.0,1.0,,,,,,,,
toolagent_trace,0.01,4.0,"l1=0.01,l2x4",binary,0,0,pi0,train,/home/ubuntu/Desktop/persistent-kv-admission/results/onpolicy_full_feb30eb_001/populations/train/toolagent_trace__l1_0.01__l2x_4__binary__seed_0/pi0.npz,dac6a39bdcecd2820a0ac836d603aca10bd9b75169e94626a207f28d63c3e2d0,float64,float32,678736,40000,123539,87038,40000,True,123539,35.506112575531006,40000.0,0.0,1.0,binary,0,150000,49603,0.10782074928283691,True,5,nan
toolagent_trace,0.01,4.0,"l1=0.01,l2x4",binary,0,1,pi1,train,/home/ubuntu/Desktop/persistent-kv-admission/results/onpolicy_full_feb30eb_001/populations/train/toolagent_trace__l1_0.01__l2x_4__binary__seed_0/pi1.npz,d7d15eabca7640da2eedaa9dc6a9350f486fa2ee66f5a72a30964e0e5fc0f7bd,float64,float32,677677,40000,123984,87538,40000,True,123984,35.74163341522217,40000.0,0.0,1.0,binary,0,150000,48966,0.13019227981567383,True,7,nan
toolagent_trace,0.01,4.0,"l1=0.01,l2x4",binary,0,2,pi2,train,/home/ubuntu/Desktop/persistent-kv-admission/results/onpolicy_full_feb30eb_001/populations/train/toolagent_trace__l1_0.01__l2x_4__binary__seed_0/pi2.npz,3370a133f23ddf6489ee588c6fadccf792b8c9cab724be9d2e066812d3d86421,float64,float32,678776,40000,123909,87462,40000,True,123909,35.652769565582275,40000.0,0.0,1.0,binary,0,150000,49243,0.1267685890197754,True,7,nan
toolagent_trace,0.01,4.0,"l1=0.01,l2x4",binary,0,3,pi3,train,/home/ubuntu/Desktop/persistent-kv-admission/results/onpolicy_full_feb30eb_001/populations/train/toolagent_trace__l1_0.01__l2x_4__binary__seed_0/pi3.npz,1b6db535c3cd82f5e64c97fa60fd0ec225d38065334ae170bc20be3622091f11,float64,float32,677638,40000,123764,87445,40000,True,123764,35.52071499824524,40000.0,0.0,1.0,,,,,,,,
toolagent_trace,0.01,4.0,"l1=0.01,l2x4",next_use,4,0,pi0,train,/home/ubuntu/Desktop/persistent-kv-admission/results/onpolicy_full_feb30eb_001/populations/train/toolagent_trace__l1_0.01__l2x_4__next_use__seed_4/pi0.npz,9dca52cc93965f41cc8c2d7725b21af345537678cd80e8a7ae7da1299119a8c0,float64,float32,677795,40000,123537,87124,40000,True,123537,36.677523136138916,40000.0,0.0,1.0,next_use,0,150000,48919,0.0597529411315918,True,1,1093.1721707325098
toolagent_trace,0.01,4.0,"l1=0.01,l2x4",next_use,4,1,pi1,train,/home/ubuntu/Desktop/persistent-kv-admission/results/onpolicy_full_feb30eb_001/populations/train/toolagent_trace__l1_0.01__l2x_4__next_use__seed_4/pi1.npz,35806d1650d6490c0ea6ec3610b66802efff9522592b3d68ac9b4c2713c837a5,float64,float32,678716,40000,123437,87037,40000,True,123437,37.03063941001892,40000.0,0.0,1.0,next_use,0,150000,49961,0.06521725654602051,True,1,1072.0707708444002
toolagent_trace,0.01,4.0,"l1=0.01,l2x4",next_use,4,2,pi2,train,/home/ubuntu/Desktop/persistent-kv-admission/results/onpolicy_full_feb30eb_001/populations/train/toolagent_trace__l1_0.01__l2x_4__next_use__seed_4/pi2.npz,398f465d856c8d33e233f18178d28c70705c69b85605261cb116f0e7fd8e0767,float64,float32,678262,40000,123272,87005,40000,True,123272,36.946260929107666,40000.0,0.0,1.0,next_use,0,150000,49667,0.05889558792114258,True,1,1080.2736026576554
toolagent_trace,0.01,4.0,"l1=0.01,l2x4",next_use,4,3,pi3,train,/home/ubuntu/Desktop/persistent-kv-admission/results/onpolicy_full_feb30eb_001/populations/train/toolagent_trace__l1_0.01__l2x_4__next_use__seed_4/pi3.npz,939e3972813a8641c203d0cc950df8957e597bec3752b0cb43eb07f18975bfd4,float64,float32,678527,40000,123318,86989,40000,True,123318,36.86942195892334,40000.0,0.0,1.0,,,,,,,,
toolagent_trace,0.01,4.0,"l1=0.01,l2x4",binary,1,0,pi0,train,/home/ubuntu/Desktop/persistent-kv-admission/results/onpolicy_full_feb30eb_001/populations/train/toolagent_trace__l1_0.01__l2x_4__binary__seed_1/pi0.npz,b0e1db45ce8a8b53a936845e6dcb171a3bd7d34fdb078b637d78a8157dac5423,float64,float32,678724,40000,123471,86989,40000,True,123471,35.35596561431885,40000.0,0.0,1.0,binary,0,150000,49293,0.140974760055542,True,7,nan
toolagent_trace,0.01,4.0,"l1=0.01,l2x4",binary,1,1,pi1,train,/home/ubuntu/Desktop/persistent-kv-admission/results/onpolicy_full_feb30eb_001/populations/train/toolagent_trace__l1_0.01__l2x_4__binary__seed_1/pi1.npz,c369edc90c8a63228f80cf03bb7a41ed568ae61c9ce9ea4f5a2b0c73303d8cdd,float64,float32,677702,40000,123979,87545,40000,True,123979,35.608497619628906,40000.0,0.0,1.0,binary,0,150000,48454,0.12767958641052246,True,7,nan
toolagent_trace,0.01,4.0,"l1=0.01,l2x4",binary,1,2,pi2,train,/home/ubuntu/Desktop/persistent-kv-admission/results/onpolicy_full_feb30eb_001/populations/train/toolagent_trace__l1_0.01__l2x_4__binary__seed_1/pi2.npz,004b8a5281c5d929abf05a8c48ecdb3f72fa08559b67931d920f2f022423f6dd,float64,float32,678813,40000,123879,87483,40000,True,123879,36.08951711654663,40000.0,0.0,1.0,binary,0,150000,49366,0.10843229293823242,True,5,nan
toolagent_trace,0.01,4.0,"l1=0.01,l2x4",binary,1,3,pi3,train,/home/ubuntu/Desktop/persistent-kv-admission/results/onpolicy_full_feb30eb_001/populations/train/toolagent_trace__l1_0.01__l2x_4__binary__seed_1/pi3.npz,2100b41a651ca35a1b7f357569d151363078ed042244455e9769e998a8b56352,float64,float32,677674,40000,123724,87421,40000,True,123724,35.406270265579224,40000.0,0.0,1.0,,,,,,,,
toolagent_trace,0.01,4.0,"l1=0.01,l2x4",binary,2,0,pi0,train,/home/ubuntu/Desktop/persistent-kv-admission/results/onpolicy_full_feb30eb_001/populations/train/toolagent_trace__l1_0.01__l2x_4__binary__seed_2/pi0.npz,37f5544f1fb678b1e532db4619386d9cc84e2d351b7246c4d8c641a568118909,float64,float32,678696,40000,123500,86997,40000,True,123500,35.29138398170471,40000.0,0.0,1.0,binary,0,150000,49477,0.11624002456665039,True,6,nan
toolagent_trace,0.01,4.0,"l1=0.01,l2x4",binary,2,1,pi1,train,/home/ubuntu/Desktop/persistent-kv-admission/results/onpolicy_full_feb30eb_001/populations/train/toolagent_trace__l1_0.01__l2x_4__binary__seed_2/pi1.npz,6d4b181246610dde22ea62af20ad9e7c5a43b27ef7e532116f5d258261d41878,float64,float32,677738,40000,124061,87622,40000,True,124061,35.30076479911804,40000.0,0.0,1.0,binary,0,150000,48217,0.14112615585327148,True,7,nan
toolagent_trace,0.01,4.0,"l1=0.01,l2x4",binary,2,2,pi2,train,/home/ubuntu/Desktop/persistent-kv-admission/results/onpolicy_full_feb30eb_001/populations/train/toolagent_trace__l1_0.01__l2x_4__binary__seed_2/pi2.npz,4c855327563ef70b4f2930ea08346cbbfde836a2f3e430eb5132d3192f475d90,float64,float32,678787,40000,123926,87489,40000,True,123926,35.90894174575806,40000.0,0.0,1.0,binary,0,150000,49759,0.1007852554321289,True,5,nan
toolagent_trace,0.01,4.0,"l1=0.01,l2x4",binary,2,3,pi3,train,/home/ubuntu/Desktop/persistent-kv-admission/results/onpolicy_full_feb30eb_001/populations/train/toolagent_trace__l1_0.01__l2x_4__binary__seed_2/pi3.npz,977cce8b99a02fe9fb1db90d165eadd175e831eb76767ac9add12fc82dbcf208,float64,float32,677669,40000,123723,87463,40000,True,123723,35.780757427215576,40000.0,0.0,1.0,,,,,,,,
toolagent_trace,0.02,1.0,"l1=0.02,l2x1",next_use,1,0,pi0,train,/home/ubuntu/Desktop/persistent-kv-admission/results/onpolicy_full_feb30eb_001/populations/train/toolagent_trace__l1_0.02__l2x_1__next_use__seed_1/pi0.npz,ab4c489a10ef9378cc756a9c7dba092753fbc906a9b03306de77b0de4a7bf4fc,float64,float32,678494,40000,130288,92675,40000,True,130288,35.3219428062439,40000.0,0.0,1.0,next_use,0,150000,54389,0.06484079360961914,True,1,1036.6348192966716
toolagent_trace,0.02,1.0,"l1=0.02,l2x1",next_use,1,1,pi1,train,/home/ubuntu/Desktop/persistent-kv-admission/results/onpolicy_full_feb30eb_001/populations/train/toolagent_trace__l1_0.02__l2x_1__next_use__seed_1/pi1.npz,4108ee69379299564b0456b1e049f28459b563c9ce98899ab22108046d8b9e59,float64,float32,678984,40000,130081,92396,40000,True,130081,34.68839168548584,40000.0,0.0,1.0,next_use,0,150000,55789,0.07493042945861816,True,1,1023.2640835045038
toolagent_trace,0.02,1.0,"l1=0.02,l2x1",next_use,1,2,pi2,train,/home/ubuntu/Desktop/persistent-kv-admission/results/onpolicy_full_feb30eb_001/populations/train/toolagent_trace__l1_0.02__l2x_1__next_use__seed_1/pi2.npz,594e259a8e7bb97ce08a664da8e1e5ac664d2cfcdd13b6799f3ca2271064940b,float64,float32,678483,40000,129774,92205,40000,True,129774,35.26044178009033,40000.0,0.0,1.0,next_use,0,150000,56513,0.06427550315856934,True,1,974.1741122487274
toolagent_trace,0.02,1.0,"l1=0.02,l2x1",next_use,1,3,pi3,train,/home/ubuntu/Desktop/persistent-kv-admission/results/onpolicy_full_feb30eb_001/populations/train/toolagent_trace__l1_0.02__l2x_1__next_use__seed_1/pi3.npz,2971353c392ccb51058d9036e24e54f62a62ec3d30145beef2e4b1534dcf7c0e,float64,float32,679049,40000,129764,92228,40000,True,129764,34.98102355003357,40000.0,0.0,1.0,,,,,,,,
toolagent_trace,0.02,1.0,"l1=0.02,l2x1",next_use,0,0,pi0,train,/home/ubuntu/Desktop/persistent-kv-admission/results/onpolicy_full_feb30eb_001/populations/train/toolagent_trace__l1_0.02__l2x_1__next_use__seed_0/pi0.npz,a54cfecbd6af71d7eb7ac5a3560b7c481758f91f2c1861350028f4009b0f57d0,float64,float32,678432,40000,130271,92683,40000,True,130271,35.63137125968933,40000.0,0.0,1.0,next_use,0,150000,54528,0.07181429862976074,True,1,1036.755725868761
toolagent_trace,0.02,1.0,"l1=0.02,l2x1",next_use,0,1,pi1,train,/home/ubuntu/Desktop/persistent-kv-admission/results/onpolicy_full_feb30eb_001/populations/train/toolagent_trace__l1_0.02__l2x_1__next_use__seed_0/pi1.npz,9157fa648bb1bc90dc24b5db11350a424f078962c593e78d949dcd0444cc3210,float64,float32,678944,40000,129992,92354,40000,True,129992,35.13479399681091,40000.0,0.0,1.0,next_use,0,150000,55827,0.06453537940979004,True,1,1017.072787274579
toolagent_trace,0.02,1.0,"l1=0.02,l2x1",next_use,0,2,pi2,train,/home/ubuntu/Desktop/persistent-kv-admission/results/onpolicy_full_feb30eb_001/populations/train/toolagent_trace__l1_0.02__l2x_1__next_use__seed_0/pi2.npz,fb703880b26e6d8ecc7685a292ba7a746e446478025731bffea9baab1dd4e8c3,float64,float32,678878,40000,129722,92159,40000,True,129722,35.07918882369995,40000.0,0.0,1.0,next_use,0,150000,56531,0.06764841079711914,True,1,977.5760077486568
toolagent_trace,0.02,1.0,"l1=0.02,l2x1",next_use,0,3,pi3,train,/home/ubuntu/Desktop/persistent-kv-admission/results/onpolicy_full_feb30eb_001/populations/train/toolagent_trace__l1_0.02__l2x_1__next_use__seed_0/pi3.npz,8fcd913440db2776c0f8541edf4d32a959d58d8a3f8d0f219ffb72ebbb5da93d,float64,float32,678784,40000,129795,92224,40000,True,129795,35.32575345039368,40000.0,0.0,1.0,,,,,,,,
toolagent_trace,0.01,4.0,"l1=0.01,l2x4",binary,4,0,pi0,train,/home/ubuntu/Desktop/persistent-kv-admission/results/onpolicy_full_feb30eb_001/populations/train/toolagent_trace__l1_0.01__l2x_4__binary__seed_4/pi0.npz,b63a520a2656fd46672a18b3c6fd7e0f7bbdb3ba89426a58f1d77bd3466e995a,float64,float32,678700,40000,123493,87017,40000,True,123493,35.37654185295105,40000.0,0.0,1.0,binary,0,150000,49678,0.19843173027038574,True,5,nan
toolagent_trace,0.01,4.0,"l1=0.01,l2x4",binary,4,1,pi1,train,/home/ubuntu/Desktop/persistent-kv-admission/results/onpolicy_full_feb30eb_001/populations/train/toolagent_trace__l1_0.01__l2x_4__binary__seed_4/pi1.npz,a08bda5758a2dad0f0b12af8de6d0890eb40661fcead1f46b1a01956748249c6,float64,float32,677714,40000,124064,87611,40000,True,124064,35.71644425392151,40000.0,0.0,1.0,binary,0,150000,48578,0.10767650604248047,True,5,nan
toolagent_trace,0.01,4.0,"l1=0.01,l2x4",binary,4,2,pi2,train,/home/ubuntu/Desktop/persistent-kv-admission/results/onpolicy_full_feb30eb_001/populations/train/toolagent_trace__l1_0.01__l2x_4__binary__seed_4/pi2.npz,de995e224462ade5bf03d48a19f240b8eca267fa538d0b8476d356359ffd1c7e,float64,float32,678738,40000,123857,87429,40000,True,123857,36.09004545211792,40000.0,0.0,1.0,binary,0,150000,49336,0.12730145454406738,True,7,nan
toolagent_trace,0.01,4.0,"l1=0.01,l2x4",binary,4,3,pi3,train,/home/ubuntu/Desktop/persistent-kv-admission/results/onpolicy_full_feb30eb_001/populations/train/toolagent_trace__l1_0.01__l2x_4__binary__seed_4/pi3.npz,9e2e597a0c12a26e874b3f79fb83639ed4631b7dde928bd063b923c14f80ccdb,float64,float32,677650,40000,123688,87422,40000,True,123688,35.5165958404541,40000.0,0.0,1.0,,,,,,,,
toolagent_trace,0.01,4.0,"l1=0.01,l2x4",binary,3,0,pi0,train,/home/ubuntu/Desktop/persistent-kv-admission/results/onpolicy_full_feb30eb_001/populations/train/toolagent_trace__l1_0.01__l2x_4__binary__seed_3/pi0.npz,c302808313c3cc227791c117baa34d221bc2b93bfce3c4d1794343f8965b62d3,float64,float32,678696,40000,123491,87022,40000,True,123491,35.755247592926025,40000.0,0.0,1.0,binary,0,150000,49600,0.15343213081359863,True,7,nan
toolagent_trace,0.01,4.0,"l1=0.01,l2x4",binary,3,1,pi1,train,/home/ubuntu/Desktop/persistent-kv-admission/results/onpolicy_full_feb30eb_001/populations/train/toolagent_trace__l1_0.01__l2x_4__binary__seed_3/pi1.npz,329eb616ea3239cb988d31d56d5bece6fcf469a5eb0626bd0ecedfbd17cca494,float64,float32,677682,40000,123995,87522,40000,True,123995,36.094815492630005,40000.0,0.0,1.0,binary,0,150000,48607,0.13155174255371094,True,6,nan
toolagent_trace,0.01,4.0,"l1=0.01,l2x4",binary,3,2,pi2,train,/home/ubuntu/Desktop/persistent-kv-admission/results/onpolicy_full_feb30eb_001/populations/train/toolagent_trace__l1_0.01__l2x_4__binary__seed_3/pi2.npz,44fea42edc8d28ecf84dd8897c535d81053c3aca032f66f4426078b025aa05f0,float64,float32,678721,40000,123973,87530,40000,True,123973,36.29423952102661,40000.0,0.0,1.0,binary,0,150000,49598,0.13968706130981445,True,6,nan
toolagent_trace,0.01,4.0,"l1=0.01,l2x4",binary,3,3,pi3,train,/home/ubuntu/Desktop/persistent-kv-admission/results/onpolicy_full_feb30eb_001/populations/train/toolagent_trace__l1_0.01__l2x_4__binary__seed_3/pi3.npz,389f8136067779b564387dd2cf0809837caf3b1a62324a1fa8b3c1563ff2e879,float64,float32,677724,40000,123780,87468,40000,True,123780,36.16281795501709,40000.0,0.0,1.0,,,,,,,,
toolagent_trace,0.02,1.0,"l1=0.02,l2x1",next_use,2,0,pi0,train,/home/ubuntu/Desktop/persistent-kv-admission/results/onpolicy_full_feb30eb_001/populations/train/toolagent_trace__l1_0.02__l2x_1__next_use__seed_2/pi0.npz,ab4a3965c3b6954646bad0fd372c7c52ff325389d72d3c447be624583eaee043,float64,float32,678510,40000,130302,92705,40000,True,130302,35.293009519577026,40000.0,0.0,1.0,next_use,0,150000,54141,0.060501813888549805,True,1,1036.556449315929
toolagent_trace,0.02,1.0,"l1=0.02,l2x1",next_use,2,1,pi1,train,/home/ubuntu/Desktop/persistent-kv-admission/results/onpolicy_full_feb30eb_001/populations/train/toolagent_trace__l1_0.02__l2x_1__next_use__seed_2/pi1.npz,1f5c96bc473380ad162842c5fec682f235a8608c212ec7f8633b512259bc4290,float64,float32,679015,40000,130178,92483,40000,True,130178,34.89872336387634,40000.0,0.0,1.0,next_use,0,150000,55700,0.05942392349243164,True,1,1027.6256286029402
toolagent_trace,0.02,1.0,"l1=0.02,l2x1",next_use,2,2,pi2,train,/home/ubuntu/Desktop/persistent-kv-admission/results/onpolicy_full_feb30eb_001/populations/train/toolagent_trace__l1_0.02__l2x_1__next_use__seed_2/pi2.npz,17eaad926995643ff6a1af962f958130d0f16e6d01e08d38cc77f764f6f16247,float64,float32,678813,40000,129734,92162,40000,True,129734,35.092034578323364,40000.0,0.0,1.0,next_use,0,150000,56621,0.06624746322631836,True,1,963.1745717235383
toolagent_trace,0.02,1.0,"l1=0.02,l2x1",next_use,2,3,pi3,train,/home/ubuntu/Desktop/persistent-kv-admission/results/onpolicy_full_feb30eb_001/populations/train/toolagent_trace__l1_0.02__l2x_1__next_use__seed_2/pi3.npz,2cfe393c159b3436d17b98904b77ffbfbe21d2d34e070483d65dae6089b3ef20,float64,float32,679008,40000,129786,92214,40000,True,129786,34.64253330230713,40000.0,0.0,1.0,,,,,,,,
toolagent_trace,0.02,1.0,"l1=0.02,l2x1",next_use,3,0,pi0,train,/home/ubuntu/Desktop/persistent-kv-admission/results/onpolicy_full_feb30eb_001/populations/train/toolagent_trace__l1_0.02__l2x_1__next_use__seed_3/pi0.npz,2b19b896e8ca9a2bff66d32bca3f87d51d51362e2a833684367b840ad2440aec,float64,float32,678472,40000,130284,92680,40000,True,130284,35.131755352020264,40000.0,0.0,1.0,next_use,0,150000,54269,0.06620931625366211,True,1,1037.5842146678974
toolagent_trace,0.02,1.0,"l1=0.02,l2x1",next_use,3,1,pi1,train,/home/ubuntu/Desktop/persistent-kv-admission/results/onpolicy_full_feb30eb_001/populations/train/toolagent_trace__l1_0.02__l2x_1__next_use__seed_3/pi1.npz,9e4ce326c7538f759bdc5d4aa85a3f0fe45c3cb2aded96472060001e041b764f,float64,float32,678938,40000,129984,92374,40000,True,129984,35.320432901382446,40000.0,0.0,1.0,next_use,0,150000,56405,0.06544780731201172,True,1,1018.7414959944142
toolagent_trace,0.02,1.0,"l1=0.02,l2x1",next_use,3,2,pi2,train,/home/ubuntu/Desktop/persistent-kv-admission/results/onpolicy_full_feb30eb_001/populations/train/toolagent_trace__l1_0.02__l2x_1__next_use__seed_3/pi2.npz,9e35a6e78c855f6368a7c18745bc14d257a21885bb531e14c527d4923b6a085f,float64,float32,678637,40000,129718,92197,40000,True,129718,35.370957374572754,40000.0,0.0,1.0,next_use,0,150000,56481,0.06572961807250977,True,1,988.7412642202069
toolagent_trace,0.02,1.0,"l1=0.02,l2x1",next_use,3,3,pi3,train,/home/ubuntu/Desktop/persistent-kv-admission/results/onpolicy_full_feb30eb_001/populations/train/toolagent_trace__l1_0.02__l2x_1__next_use__seed_3/pi3.npz,b11c61987c9862882057019041a0f89cd964068b02619c212307c2597001466e,float64,float32,678962,40000,129793,92260,40000,True,129793,35.24874687194824,40000.0,0.0,1.0,,,,,,,,
toolagent_trace,0.02,1.0,"l1=0.02,l2x1",binary,0,0,pi0,train,/home/ubuntu/Desktop/persistent-kv-admission/results/onpolicy_full_feb30eb_001/populations/train/toolagent_trace__l1_0.02__l2x_1__binary__seed_0/pi0.npz,cb31a35950cb148c3c0cb4b5f43bf7f1babb0b143e7a29bd133f3e96fd61c56b,float64,float32,678949,40000,130316,92489,40000,True,130316,34.024115324020386,40000.0,0.0,1.0,binary,0,150000,55113,0.10400080680847168,True,5,nan
toolagent_trace,0.02,1.0,"l1=0.02,l2x1",binary,0,1,pi1,train,/home/ubuntu/Desktop/persistent-kv-admission/results/onpolicy_full_feb30eb_001/populations/train/toolagent_trace__l1_0.02__l2x_1__binary__seed_0/pi1.npz,900687f599d17e7d30c04c553e2f459d596219187a2e38a0f2531d6f6f42f95c,float64,float32,678184,40000,129939,92397,40000,True,129939,34.0942907333374,40000.0,0.0,1.0,binary,0,150000,55457,0.10345220565795898,True,5,nan
toolagent_trace,0.02,1.0,"l1=0.02,l2x1",binary,0,2,pi2,train,/home/ubuntu/Desktop/persistent-kv-admission/results/onpolicy_full_feb30eb_001/populations/train/toolagent_trace__l1_0.02__l2x_1__binary__seed_0/pi2.npz,e580ce6d8cc4da5a69ffa67c5d904adf6a532309bbf2a9f3a76907bbf0c43277,float64,float32,678995,40000,129731,92187,40000,True,129731,33.89771366119385,40000.0,0.0,1.0,binary,0,150000,57296,0.10961318016052246,True,5,nan
toolagent_trace,0.02,1.0,"l1=0.02,l2x1",binary,0,3,pi3,train,/home/ubuntu/Desktop/persistent-kv-admission/results/onpolicy_full_feb30eb_001/populations/train/toolagent_trace__l1_0.02__l2x_1__binary__seed_0/pi3.npz,c9772a124e8fe10e171ec93a669554983139bb1f89ac01aaa4a8b83a97cd400e,float64,float32,678555,40000,129771,92241,40000,True,129771,34.0973117351532,40000.0,0.0,1.0,,,,,,,,
toolagent_trace,0.02,1.0,"l1=0.02,l2x1",next_use,4,0,pi0,train,/home/ubuntu/Desktop/persistent-kv-admission/results/onpolicy_full_feb30eb_001/populations/train/toolagent_trace__l1_0.02__l2x_1__next_use__seed_4/pi0.npz,42be778b511f7585316e081fcee1432b409e7acd7079ba624dd835baa81c9c55,float64,float32,678496,40000,130268,92698,40000,True,130268,35.24553155899048,40000.0,0.0,1.0,next_use,0,150000,54498,0.06522417068481445,True,1,1036.6930373458224
toolagent_trace,0.02,1.0,"l1=0.02,l2x1",next_use,4,1,pi1,train,/home/ubuntu/Desktop/persistent-kv-admission/results/onpolicy_full_feb30eb_001/populations/train/toolagent_trace__l1_0.02__l2x_1__next_use__seed_4/pi1.npz,2848106bb225c8bc9825c1994111efa53cbcc59137db30eefbeb838c942a25ff,float64,float32,679057,40000,130010,92348,40000,True,130010,35.23447275161743,40000.0,0.0,1.0,next_use,0,150000,55777,0.06519365310668945,True,1,1009.9220159679445
toolagent_trace,0.02,1.0,"l1=0.02,l2x1",next_use,4,2,pi2,train,/home/ubuntu/Desktop/persistent-kv-admission/results/onpolicy_full_feb30eb_001/populations/train/toolagent_trace__l1_0.02__l2x_1__next_use__seed_4/pi2.npz,5d3da13269a04ea4785065dad5f2de692e94174e93f18dae7e238bf0c0805c03,float64,float32,678731,40000,129708,92141,40000,True,129708,35.10692048072815,40000.0,0.0,1.0,next_use,0,150000,56334,0.07874083518981934,True,1,974.547011556757
toolagent_trace,0.02,1.0,"l1=0.02,l2x1",next_use,4,3,pi3,train,/home/ubuntu/Desktop/persistent-kv-admission/results/onpolicy_full_feb30eb_001/populations/train/toolagent_trace__l1_0.02__l2x_1__next_use__seed_4/pi3.npz,cc39e430075c46d6ec0aa9ff7c1bf3c4a77306a2f697f7ec830be9e4788d926c,float64,float32,678966,40000,129909,92302,40000,True,129909,35.23156476020813,40000.0,0.0,1.0,,,,,,,,
toolagent_trace,0.02,1.0,"l1=0.02,l2x1",binary,1,0,pi0,train,/home/ubuntu/Desktop/persistent-kv-admission/results/onpolicy_full_feb30eb_001/populations/train/toolagent_trace__l1_0.02__l2x_1__binary__seed_1/pi0.npz,b80faf6bcd1b4f436f820b6371e4d2811aaf75acc7c2fda270b0fb08a5ccbe81,float64,float32,678951,40000,130245,92416,40000,True,130245,33.831543922424316,40000.0,0.0,1.0,binary,0,150000,55496,0.14524316787719727,True,5,nan
toolagent_trace,0.02,1.0,"l1=0.02,l2x1",binary,1,1,pi1,train,/home/ubuntu/Desktop/persistent-kv-admission/results/onpolicy_full_feb30eb_001/populations/train/toolagent_trace__l1_0.02__l2x_1__binary__seed_1/pi1.npz,8b8a624b71aba93cd3e221745abcaf9dd47402712732b1b35509ddfcbb52c781,float64,float32,678318,40000,129982,92419,40000,True,129982,33.95113730430603,40000.0,0.0,1.0,binary,0,150000,55216,0.11744284629821777,True,5,nan
toolagent_trace,0.02,1.0,"l1=0.02,l2x1",binary,1,2,pi2,train,/home/ubuntu/Desktop/persistent-kv-admission/results/onpolicy_full_feb30eb_001/populations/train/toolagent_trace__l1_0.02__l2x_1__binary__seed_1/pi2.npz,4041d45c72892cdefa8f125246c8169b4f342b59b8d48ec02faa4c665a27d49d,float64,float32,679040,40000,129722,92173,40000,True,129722,33.971078872680664,40000.0,0.0,1.0,binary,0,150000,57274,0.14608144760131836,True,5,nan
toolagent_trace,0.02,1.0,"l1=0.02,l2x1",binary,1,3,pi3,train,/home/ubuntu/Desktop/persistent-kv-admission/results/onpolicy_full_feb30eb_001/populations/train/toolagent_trace__l1_0.02__l2x_1__binary__seed_1/pi3.npz,2e68b3ea79fe244cda27c4fa9b3826a2f78846fd897704a7b94fec39d5e48b04,float64,float32,678539,40000,129923,92376,40000,True,129923,33.865623235702515,40000.0,0.0,1.0,,,,,,,,
toolagent_trace,0.02,1.0,"l1=0.02,l2x1",binary,2,0,pi0,train,/home/ubuntu/Desktop/persistent-kv-admission/results/onpolicy_full_feb30eb_001/populations/train/toolagent_trace__l1_0.02__l2x_1__binary__seed_2/pi0.npz,b427438d8cd7d4a6d85f393132fbe9a13e13871b12e53aee3843e9f9815a0270,float64,float32,678932,40000,130250,92417,40000,True,130250,34.03342652320862,40000.0,0.0,1.0,binary,0,150000,55524,0.10711455345153809,True,5,nan
toolagent_trace,0.02,1.0,"l1=0.02,l2x1",binary,2,1,pi1,train,/home/ubuntu/Desktop/persistent-kv-admission/results/onpolicy_full_feb30eb_001/populations/train/toolagent_trace__l1_0.02__l2x_1__binary__seed_2/pi1.npz,27858f2d3330529d3c9da195b8a7ac4a9dc2a8df57ab9808baf95e9441f25b45,float64,float32,678150,40000,129944,92430,40000,True,129944,33.99260473251343,40000.0,0.0,1.0,binary,0,150000,55168,0.10733461380004883,True,5,nan
toolagent_trace,0.02,1.0,"l1=0.02,l2x1",binary,2,2,pi2,train,/home/ubuntu/Desktop/persistent-kv-admission/results/onpolicy_full_feb30eb_001/populations/train/toolagent_trace__l1_0.02__l2x_1__binary__seed_2/pi2.npz,2000569075c78a0aa7499b8fbe645bc2d92c4a0e4cdb41280c9cfd03d41f69aa,float64,float32,679007,40000,129797,92242,40000,True,129797,33.77266216278076,40000.0,0.0,1.0,binary,0,150000,57431,0.16386866569519043,True,5,nan
toolagent_trace,0.02,1.0,"l1=0.02,l2x1",binary,2,3,pi3,train,/home/ubuntu/Desktop/persistent-kv-admission/results/onpolicy_full_feb30eb_001/populations/train/toolagent_trace__l1_0.02__l2x_1__binary__seed_2/pi3.npz,1c75ccd82deeb264c0767becb7109d70f67dbdf9d1e51b31a6f70d9191805da4,float64,float32,678466,40000,129938,92366,40000,True,129938,34.19506072998047,40000.0,0.0,1.0,,,,,,,,
toolagent_trace,0.02,1.0,"l1=0.02,l2x1",binary,3,0,pi0,train,/home/ubuntu/Desktop/persistent-kv-admission/results/onpolicy_full_feb30eb_001/populations/train/toolagent_trace__l1_0.02__l2x_1__binary__seed_3/pi0.npz,54397b6ec82afa71e0694139a212a822df10bb788a09c73f8ca04b29287ef74e,float64,float32,678942,40000,130378,92527,40000,True,130378,34.21686768531799,40000.0,0.0,1.0,binary,0,150000,55396,0.1079871654510498,True,5,nan
toolagent_trace,0.02,1.0,"l1=0.02,l2x1",binary,3,1,pi1,train,/home/ubuntu/Desktop/persistent-kv-admission/results/onpolicy_full_feb30eb_001/populations/train/toolagent_trace__l1_0.02__l2x_1__binary__seed_3/pi1.npz,f2a51888dc310b1f98189eb470b08ca47e2ae0dcd7397b82b77b87b5e80f72ea,float64,float32,678296,40000,129927,92408,40000,True,129927,34.083516359329224,40000.0,0.0,1.0,binary,0,150000,55581,0.10833120346069336,True,5,nan
toolagent_trace,0.02,1.0,"l1=0.02,l2x1",binary,3,2,pi2,train,/home/ubuntu/Desktop/persistent-kv-admission/results/onpolicy_full_feb30eb_001/populations/train/toolagent_trace__l1_0.02__l2x_1__binary__seed_3/pi2.npz,206e2d4159266ee1a1d3766ebb064105995f5a31d8e0c8754691e0c791b74360,float64,float32,679031,40000,129733,92160,40000,True,129733,34.030598640441895,40000.0,0.0,1.0,binary,0,150000,57411,0.10652494430541992,True,5,nan
toolagent_trace,0.02,1.0,"l1=0.02,l2x1",binary,3,3,pi3,train,/home/ubuntu/Desktop/persistent-kv-admission/results/onpolicy_full_feb30eb_001/populations/train/toolagent_trace__l1_0.02__l2x_1__binary__seed_3/pi3.npz,225d517f59acad1cd6c5c4f1372758a24b2213e2172247578c65578947aa260a,float64,float32,678627,40000,129879,92336,40000,True,129879,34.26780891418457,40000.0,0.0,1.0,,,,,,,,
toolagent_trace,0.02,1.0,"l1=0.02,l2x1",binary,4,0,pi0,train,/home/ubuntu/Desktop/persistent-kv-admission/results/onpolicy_full_feb30eb_001/populations/train/toolagent_trace__l1_0.02__l2x_1__binary__seed_4/pi0.npz,90d3172b5763c1c0cb6ff61a81cd036838289fdad5b91e0fa737e60de286163e,float64,float32,678978,40000,130281,92455,40000,True,130281,34.366820096969604,40000.0,0.0,1.0,binary,0,150000,54967,0.12098169326782227,True,5,nan
toolagent_trace,0.02,1.0,"l1=0.02,l2x1",binary,4,1,pi1,train,/home/ubuntu/Desktop/persistent-kv-admission/results/onpolicy_full_feb30eb_001/populations/train/toolagent_trace__l1_0.02__l2x_1__binary__seed_4/pi1.npz,0e5e6cf1931d068f54913ebd6a0e19ff7f7f62b73ae60dcf2da2f3d238b882d3,float64,float32,678243,40000,130038,92475,40000,True,130038,34.3022735118866,40000.0,0.0,1.0,binary,0,150000,55265,0.10904431343078613,True,5,nan
toolagent_trace,0.02,1.0,"l1=0.02,l2x1",binary,4,2,pi2,train,/home/ubuntu/Desktop/persistent-kv-admission/results/onpolicy_full_feb30eb_001/populations/train/toolagent_trace__l1_0.02__l2x_1__binary__seed_4/pi2.npz,b4a757814840e7ba66c0e5584c75240a8a9f070e8f8095d1acd0d8fce1cabd51,float64,float32,679013,40000,129738,92188,40000,True,129738,34.40469479560852,40000.0,0.0,1.0,binary,0,150000,57183,0.10999107360839844,True,5,nan
toolagent_trace,0.02,1.0,"l1=0.02,l2x1",binary,4,3,pi3,train,/home/ubuntu/Desktop/persistent-kv-admission/results/onpolicy_full_feb30eb_001/populations/train/toolagent_trace__l1_0.02__l2x_1__binary__seed_4/pi3.npz,056b10c4cd961caa836de474cd5d46a7ad25b63d1df17f35e4a653678a2255d0,float64,float32,678499,40000,129870,92333,40000,True,129870,34.17038536071777,40000.0,0.0,1.0,,,,,,,,
toolagent_trace,0.02,4.0,"l1=0.02,l2x4",next_use,0,0,pi0,train,/home/ubuntu/Desktop/persistent-kv-admission/results/onpolicy_full_feb30eb_001/populations/train/toolagent_trace__l1_0.02__l2x_4__next_use__seed_0/pi0.npz,53a7128e19376bad1408c58ea37d2592b519ddac7e78a137bc7316486618c9fd,float64,float32,677167,40000,102517,69502,40000,True,102517,36.74556040763855,40000.0,0.0,1.0,next_use,0,150000,32642,0.06550216674804688,True,1,1018.2306168305923
toolagent_trace,0.02,4.0,"l1=0.02,l2x4",next_use,0,1,pi1,train,/home/ubuntu/Desktop/persistent-kv-admission/results/onpolicy_full_feb30eb_001/populations/train/toolagent_trace__l1_0.02__l2x_4__next_use__seed_0/pi1.npz,fc922b05bfbc2e730fb54601d8a048ca6241ef5385a3b65bb4817e5297a49177,float64,float32,677093,40000,102381,69613,40000,True,102381,36.228878021240234,40000.0,0.0,1.0,next_use,0,150000,33135,0.06860780715942383,True,1,1024.2209132538676
toolagent_trace,0.02,4.0,"l1=0.02,l2x4",next_use,0,2,pi2,train,/home/ubuntu/Desktop/persistent-kv-admission/results/onpolicy_full_feb30eb_001/populations/train/toolagent_trace__l1_0.02__l2x_4__next_use__seed_0/pi2.npz,8051f94d9735345c3d0af4d82c66fb4d2951e0878bd6e7755dd82b878178496b,float64,float32,677176,40000,102392,69619,40000,True,102392,36.3061683177948,40000.0,0.0,1.0,next_use,0,150000,32885,0.0661766529083252,True,1,1024.1889074858555
toolagent_trace,0.02,4.0,"l1=0.02,l2x4",next_use,0,3,pi3,train,/home/ubuntu/Desktop/persistent-kv-admission/results/onpolicy_full_feb30eb_001/populations/train/toolagent_trace__l1_0.02__l2x_4__next_use__seed_0/pi3.npz,1a444c45827f19bb944cf9e682955e92013f129c957a29584be86797a385e00b,float64,float32,677165,40000,102330,69586,40000,True,102330,36.4925332069397,40000.0,0.0,1.0,,,,,,,,
toolagent_trace,0.02,4.0,"l1=0.02,l2x4",next_use,1,0,pi0,train,/home/ubuntu/Desktop/persistent-kv-admission/results/onpolicy_full_feb30eb_001/populations/train/toolagent_trace__l1_0.02__l2x_4__next_use__seed_1/pi0.npz,0f12a4278c328eefcc58595af2016d886df4a437a69d3af11d4ae6e86db1dc8a,float64,float32,677114,40000,102550,69519,40000,True,102550,37.331461906433105,40000.0,0.0,1.0,next_use,0,150000,32488,0.06498217582702637,True,1,1018.0904963252873
toolagent_trace,0.02,4.0,"l1=0.02,l2x4",next_use,1,1,pi1,train,/home/ubuntu/Desktop/persistent-kv-admission/results/onpolicy_full_feb30eb_001/populations/train/toolagent_trace__l1_0.02__l2x_4__next_use__seed_1/pi1.npz,b874a9b24be4d977e731c579e2ef3ee1f642c0601f05995af50cd01621bc4f30,float64,float32,677165,40000,102338,69576,40000,True,102338,36.83070421218872,40000.0,0.0,1.0,next_use,0,150000,32735,0.0657355785369873,True,1,1026.8199595533868
toolagent_trace,0.02,4.0,"l1=0.02,l2x4",next_use,1,2,pi2,train,/home/ubuntu/Desktop/persistent-kv-admission/results/onpolicy_full_feb30eb_001/populations/train/toolagent_trace__l1_0.02__l2x_4__next_use__seed_1/pi2.npz,747e1a43d2029b020b9e934b094a1c9a5a4e6031eb440602200a3e9c5cd92bcd,float64,float32,677188,40000,102333,69555,40000,True,102333,36.875282287597656,40000.0,0.0,1.0,next_use,0,150000,32726,0.07362747192382812,True,1,1024.02015252792
toolagent_trace,0.02,4.0,"l1=0.02,l2x4",next_use,1,3,pi3,train,/home/ubuntu/Desktop/persistent-kv-admission/results/onpolicy_full_feb30eb_001/populations/train/toolagent_trace__l1_0.02__l2x_4__next_use__seed_1/pi3.npz,625bc7d27aabfa2264c8b9d1989e83d1ca5a5dffdb4b37f520fd0856a2452454,float64,float32,677143,40000,102406,69606,40000,True,102406,37.201894998550415,40000.0,0.0,1.0,,,,,,,,
toolagent_trace,0.02,4.0,"l1=0.02,l2x4",next_use,2,0,pi0,train,/home/ubuntu/Desktop/persistent-kv-admission/results/onpolicy_full_feb30eb_001/populations/train/toolagent_trace__l1_0.02__l2x_4__next_use__seed_2/pi0.npz,b4522c428e187d4ae0c7c8f1bec44830080a690df14a6477b6bf1cec14fae0b1,float64,float32,677095,40000,102616,69575,40000,True,102616,36.845184326171875,40000.0,0.0,1.0,next_use,0,150000,32632,0.059729576110839844,True,1,1016.8493934797289
toolagent_trace,0.02,4.0,"l1=0.02,l2x4",next_use,2,1,pi1,train,/home/ubuntu/Desktop/persistent-kv-admission/results/onpolicy_full_feb30eb_001/populations/train/toolagent_trace__l1_0.02__l2x_4__next_use__seed_2/pi1.npz,9fc0bdc948438d48d2d09fab69fc54edd0b40d033b7e894234ea9f10354bdc3c,float64,float32,677152,40000,102369,69555,40000,True,102369,36.67987418174744,40000.0,0.0,1.0,next_use,0,150000,32880,0.061870574951171875,True,1,1026.9233717447953
toolagent_trace,0.02,4.0,"l1=0.02,l2x4",next_use,2,2,pi2,train,/home/ubuntu/Desktop/persistent-kv-admission/results/onpolicy_full_feb30eb_001/populations/train/toolagent_trace__l1_0.02__l2x_4__next_use__seed_2/pi2.npz,367ab7df5c8653def87dd9b5b06d19cdbcd2f1455edae2f236611c427664af9e,float64,float32,677161,40000,102286,69562,40000,True,102286,36.73818588256836,40000.0,0.0,1.0,next_use,0,150000,33186,0.06989741325378418,True,1,1019.9264762586935
toolagent_trace,0.02,4.0,"l1=0.02,l2x4",next_use,2,3,pi3,train,/home/ubuntu/Desktop/persistent-kv-admission/results/onpolicy_full_feb30eb_001/populations/train/toolagent_trace__l1_0.02__l2x_4__next_use__seed_2/pi3.npz,54d4f8e3be52322177ee182994c0435f917927b9ff818389cc9f67c69eafb629,float64,float32,677165,40000,102266,69526,40000,True,102266,36.833359479904175,40000.0,0.0,1.0,,,,,,,,
toolagent_trace,0.02,4.0,"l1=0.02,l2x4",next_use,3,0,pi0,train,/home/ubuntu/Desktop/persistent-kv-admission/results/onpolicy_full_feb30eb_001/populations/train/toolagent_trace__l1_0.02__l2x_4__next_use__seed_3/pi0.npz,49e5643f235b9fb9271b9ace753a7d7a4de5fb2b5355e4d0385e719b39d40f24,float64,float32,677208,40000,102544,69530,40000,True,102544,36.80680012702942,40000.0,0.0,1.0,next_use,0,150000,32781,0.06043529510498047,True,1,1017.664386354592
toolagent_trace,0.02,4.0,"l1=0.02,l2x4",next_use,3,1,pi1,train,/home/ubuntu/Desktop/persistent-kv-admission/results/onpolicy_full_feb30eb_001/populations/train/toolagent_trace__l1_0.02__l2x_4__next_use__seed_3/pi1.npz,b1316e148ccbc52b00a6b133bbec039bf2283c3b95cbc0755aff2b5fda950b16,float64,float32,677187,40000,102304,69530,40000,True,102304,36.724600315093994,40000.0,0.0,1.0,next_use,0,150000,32988,0.06501007080078125,True,1,1025.6718067747702
toolagent_trace,0.02,4.0,"l1=0.02,l2x4",next_use,3,2,pi2,train,/home/ubuntu/Desktop/persistent-kv-admission/results/onpolicy_full_feb30eb_001/populations/train/toolagent_trace__l1_0.02__l2x_4__next_use__seed_3/pi2.npz,f7b00e187f49d082acb32a9e6213179051fa5ed5a96d4508eefeda190fa9a196,float64,float32,677191,40000,102355,69573,40000,True,102355,36.50276970863342,40000.0,0.0,1.0,next_use,0,150000,32907,0.057392120361328125,True,1,1023.3254692353208
toolagent_trace,0.02,4.0,"l1=0.02,l2x4",next_use,3,3,pi3,train,/home/ubuntu/Desktop/persistent-kv-admission/results/onpolicy_full_feb30eb_001/populations/train/toolagent_trace__l1_0.02__l2x_4__next_use__seed_3/pi3.npz,7c407da0a80ffc243c9e659ec06c7de53906dc426e9cbc3218239bd9504d6c53,float64,float32,677195,40000,102262,69501,40000,True,102262,36.67959785461426,40000.0,0.0,1.0,,,,,,,,
toolagent_trace,0.02,4.0,"l1=0.02,l2x4",binary,0,0,pi0,train,/home/ubuntu/Desktop/persistent-kv-admission/results/onpolicy_full_feb30eb_001/populations/train/toolagent_trace__l1_0.02__l2x_4__binary__seed_0/pi0.npz,1ddb6aaaa7d07e73fbacb72254a91cbcf7a5485f73a58ee9be056db9fbd51f5f,float64,float32,677952,40000,102961,69841,40000,True,102961,35.880033016204834,40000.0,0.0,1.0,binary,0,150000,32860,0.1267256736755371,True,6,nan
toolagent_trace,0.02,4.0,"l1=0.02,l2x4",binary,0,1,pi1,train,/home/ubuntu/Desktop/persistent-kv-admission/results/onpolicy_full_feb30eb_001/populations/train/toolagent_trace__l1_0.02__l2x_4__binary__seed_0/pi1.npz,fe7d09c5a2f830b7df3fa04bae54dd316ad2acf49cefca10deb0ed930376df79,float64,float32,677282,40000,102405,69324,40000,True,102405,36.01237487792969,40000.0,0.0,1.0,binary,0,150000,32461,0.139817476272583,True,6,nan
toolagent_trace,0.02,4.0,"l1=0.02,l2x4",binary,0,2,pi2,train,/home/ubuntu/Desktop/persistent-kv-admission/results/onpolicy_full_feb30eb_001/populations/train/toolagent_trace__l1_0.02__l2x_4__binary__seed_0/pi2.npz,b52dbaf7c344f702eea20e1c1df8e327eed5f9906ee26ff4191f2b5a987dd395,float64,float32,677815,40000,102394,69343,40000,True,102394,36.25718975067139,40000.0,0.0,1.0,binary,0,150000,33124,0.13182830810546875,True,5,nan
toolagent_trace,0.02,4.0,"l1=0.02,l2x4",binary,0,3,pi3,train,/home/ubuntu/Desktop/persistent-kv-admission/results/onpolicy_full_feb30eb_001/populations/train/toolagent_trace__l1_0.02__l2x_4__binary__seed_0/pi3.npz,ef1fb13b402ec7452d296c8597829a526a5bb746fcc365196cf43e08a8b03756,float64,float32,677328,40000,102179,69141,40000,True,102179,35.311708211898804,40000.0,0.0,1.0,,,,,,,,
toolagent_trace,0.02,4.0,"l1=0.02,l2x4",binary,1,0,pi0,train,/home/ubuntu/Desktop/persistent-kv-admission/results/onpolicy_full_feb30eb_001/populations/train/toolagent_trace__l1_0.02__l2x_4__binary__seed_1/pi0.npz,58b6750d5a4b219358ab9f5e8299658d1fd82b63aaa23f5748269e4f712ab2ed,float64,float32,677953,40000,102974,69858,40000,True,102974,35.849937438964844,40000.0,0.0,1.0,binary,0,150000,33160,0.11975932121276855,True,6,nan
toolagent_trace,0.02,4.0,"l1=0.02,l2x4",binary,1,1,pi1,train,/home/ubuntu/Desktop/persistent-kv-admission/results/onpolicy_full_feb30eb_001/populations/train/toolagent_trace__l1_0.02__l2x_4__binary__seed_1/pi1.npz,2e1f3a6526beabd386960c8166bf72512187fc3fbe373e49d12b0db24a63be5e,float64,float32,677262,40000,102324,69293,40000,True,102324,36.14715099334717,40000.0,0.0,1.0,binary,0,150000,32520,0.12147164344787598,True,6,nan
toolagent_trace,0.02,4.0,"l1=0.02,l2x4",binary,1,2,pi2,train,/home/ubuntu/Desktop/persistent-kv-admission/results/onpolicy_full_feb30eb_001/populations/train/toolagent_trace__l1_0.02__l2x_4__binary__seed_1/pi2.npz,e82a46f5329c9786630c859201290d46c0277d21887d0fabc6050664be97ab18,float64,float32,677776,40000,102389,69348,40000,True,102389,36.09278631210327,40000.0,0.0,1.0,binary,0,150000,33448,0.11503863334655762,True,5,nan
toolagent_trace,0.02,4.0,"l1=0.02,l2x4",binary,1,3,pi3,train,/home/ubuntu/Desktop/persistent-kv-admission/results/onpolicy_full_feb30eb_001/populations/train/toolagent_trace__l1_0.02__l2x_4__binary__seed_1/pi3.npz,b70300523352c4a464f88d77c3e191585f29fda08329e4de83ea1a567c26cc8e,float64,float32,677276,40000,102257,69197,40000,True,102257,35.16904401779175,40000.0,0.0,1.0,,,,,,,,
toolagent_trace,0.02,4.0,"l1=0.02,l2x4",binary,2,0,pi0,train,/home/ubuntu/Desktop/persistent-kv-admission/results/onpolicy_full_feb30eb_001/populations/train/toolagent_trace__l1_0.02__l2x_4__binary__seed_2/pi0.npz,a28d7ebfab3de3747a1c51e3d485e8c4425ab8198f860f396ff38945368c3d8b,float64,float32,678007,40000,102987,69853,40000,True,102987,36.3335542678833,40000.0,0.0,1.0,binary,0,150000,33177,0.12267923355102539,True,6,nan
toolagent_trace,0.02,4.0,"l1=0.02,l2x4",binary,2,1,pi1,train,/home/ubuntu/Desktop/persistent-kv-admission/results/onpolicy_full_feb30eb_001/populations/train/toolagent_trace__l1_0.02__l2x_4__binary__seed_2/pi1.npz,dc7ac9f4bcc412727730c0f0b0865a2adc309e54a606f6541e3363a43893e4c8,float64,float32,677267,40000,102314,69208,40000,True,102314,36.27503299713135,40000.0,0.0,1.0,binary,0,150000,31858,0.12273383140563965,True,6,nan
toolagent_trace,0.02,4.0,"l1=0.02,l2x4",binary,2,2,pi2,train,/home/ubuntu/Desktop/persistent-kv-admission/results/onpolicy_full_feb30eb_001/populations/train/toolagent_trace__l1_0.02__l2x_4__binary__seed_2/pi2.npz,0446527b8d534b886b67b7c2df9d759813fe60e9889daf20db321aa8367fede5,float64,float32,677848,40000,102308,69304,40000,True,102308,36.421993017196655,40000.0,0.0,1.0,binary,0,150000,33398,0.1109154224395752,True,5,nan
toolagent_trace,0.02,4.0,"l1=0.02,l2x4",binary,2,3,pi3,train,/home/ubuntu/Desktop/persistent-kv-admission/results/onpolicy_full_feb30eb_001/populations/train/toolagent_trace__l1_0.02__l2x_4__binary__seed_2/pi3.npz,eef15277c1af7cc8cb470efe33160417ac8b32c86ba4c76e8f6b4fbc385eb57b,float64,float32,677331,40000,102245,69167,40000,True,102245,35.49440884590149,40000.0,0.0,1.0,,,,,,,,
toolagent_trace,0.02,4.0,"l1=0.02,l2x4",next_use,4,0,pi0,train,/home/ubuntu/Desktop/persistent-kv-admission/results/onpolicy_full_feb30eb_001/populations/train/toolagent_trace__l1_0.02__l2x_4__next_use__seed_4/pi0.npz,2f27ed9f2d0defca6abcfc03312ecd1ef206390c8ace411d7790da0d0a82e77a,float64,float32,677134,40000,102588,69526,40000,True,102588,36.943483114242554,40000.0,0.0,1.0,next_use,0,150000,32775,0.060497283935546875,True,1,1017.7437454854257
toolagent_trace,0.02,4.0,"l1=0.02,l2x4",next_use,4,1,pi1,train,/home/ubuntu/Desktop/persistent-kv-admission/results/onpolicy_full_feb30eb_001/populations/train/toolagent_trace__l1_0.02__l2x_4__next_use__seed_4/pi1.npz,e2375868795bfe1ea5f600ad90184c60e0e7a1bd3638c6d09135e4590c6c65da,float64,float32,677143,40000,102291,69501,40000,True,102291,36.84638595581055,40000.0,0.0,1.0,next_use,0,150000,32926,0.060321807861328125,True,1,1023.308605881568
toolagent_trace,0.02,4.0,"l1=0.02,l2x4",next_use,4,2,pi2,train,/home/ubuntu/Desktop/persistent-kv-admission/results/onpolicy_full_feb30eb_001/populations/train/toolagent_trace__l1_0.02__l2x_4__next_use__seed_4/pi2.npz,e2c862fc518ef3835ab7c2d0452b52fc03284c11cb84bca2fb817141c988b097,float64,float32,677153,40000,102283,69481,40000,True,102283,36.734503507614136,40000.0,0.0,1.0,next_use,0,150000,32860,0.05983996391296387,True,1,1021.6722678057889
toolagent_trace,0.02,4.0,"l1=0.02,l2x4",next_use,4,3,pi3,train,/home/ubuntu/Desktop/persistent-kv-admission/results/onpolicy_full_feb30eb_001/populations/train/toolagent_trace__l1_0.02__l2x_4__next_use__seed_4/pi3.npz,f5da7af991ea32a15b6935268e9a82dda08cde78f278605af2053cd788aca012,float64,float32,677164,40000,102271,69493,40000,True,102271,35.79943490028381,40000.0,0.0,1.0,,,,,,,,
toolagent_trace,0.02,4.0,"l1=0.02,l2x4",binary,3,0,pi0,train,/home/ubuntu/Desktop/persistent-kv-admission/results/onpolicy_full_feb30eb_001/populations/train/toolagent_trace__l1_0.02__l2x_4__binary__seed_3/pi0.npz,3aafb0968496babb97ca5d0af4804a281c5bde13151815692bdcaa0849427b18,float64,float32,677929,40000,103036,69900,40000,True,103036,35.27905631065369,40000.0,0.0,1.0,binary,0,150000,33036,0.1343376636505127,True,6,nan
toolagent_trace,0.02,4.0,"l1=0.02,l2x4",binary,3,1,pi1,train,/home/ubuntu/Desktop/persistent-kv-admission/results/onpolicy_full_feb30eb_001/populations/train/toolagent_trace__l1_0.02__l2x_4__binary__seed_3/pi1.npz,c16665d6d672ffd630bda0ab04f8224c951f9928a96ede59d4e7272fc76e1326,float64,float32,677314,40000,102389,69281,40000,True,102389,35.7433066368103,40000.0,0.0,1.0,binary,0,150000,32057,0.11154961585998535,True,6,nan
toolagent_trace,0.02,4.0,"l1=0.02,l2x4",binary,3,2,pi2,train,/home/ubuntu/Desktop/persistent-kv-admission/results/onpolicy_full_feb30eb_001/populations/train/toolagent_trace__l1_0.02__l2x_4__binary__seed_3/pi2.npz,fde5a938c794570c8af73346511120c1c831f560ca08f87bfb4a44f2648ffcd7,float64,float32,677994,40000,102378,69313,40000,True,102378,35.78130650520325,40000.0,0.0,1.0,binary,0,150000,33349,0.10834455490112305,True,5,nan
toolagent_trace,0.02,4.0,"l1=0.02,l2x4",binary,3,3,pi3,train,/home/ubuntu/Desktop/persistent-kv-admission/results/onpolicy_full_feb30eb_001/populations/train/toolagent_trace__l1_0.02__l2x_4__binary__seed_3/pi3.npz,a27bdd782751a59757c1309ea425b0457f49ad8fa6e1a95f28bb173aad6982a9,float64,float32,677302,40000,102170,69128,40000,True,102170,33.97016620635986,40000.0,0.0,1.0,,,,,,,,
toolagent_trace,0.02,4.0,"l1=0.02,l2x4",binary,4,0,pi0,train,/home/ubuntu/Desktop/persistent-kv-admission/results/onpolicy_full_feb30eb_001/populations/train/toolagent_trace__l1_0.02__l2x_4__binary__seed_4/pi0.npz,e7d3c12f2f3b61a4eb9a587520c7a3a9eadea991faaeb019d86c7e178d146d88,float64,float32,677930,40000,102988,69822,40000,True,102988,36.08604288101196,40000.0,0.0,1.0,binary,0,150000,33027,0.12387609481811523,True,6,nan
toolagent_trace,0.02,4.0,"l1=0.02,l2x4",binary,4,1,pi1,train,/home/ubuntu/Desktop/persistent-kv-admission/results/onpolicy_full_feb30eb_001/populations/train/toolagent_trace__l1_0.02__l2x_4__binary__seed_4/pi1.npz,dda3e9bd368167744ad3a74940dad0bc845dc0f9aa719ccc0f0c51a8c51a1893,float64,float32,677274,40000,102321,69262,40000,True,102321,36.16748309135437,40000.0,0.0,1.0,binary,0,150000,32213,0.12358665466308594,True,6,nan
toolagent_trace,0.02,4.0,"l1=0.02,l2x4",binary,4,2,pi2,train,/home/ubuntu/Desktop/persistent-kv-admission/results/onpolicy_full_feb30eb_001/populations/train/toolagent_trace__l1_0.02__l2x_4__binary__seed_4/pi2.npz,4fb02c3811dcdd766c66eed274b002c547c7192c43f57f48b1663ec6e84cde2a,float64,float32,677847,40000,102393,69364,40000,True,102393,35.97761821746826,40000.0,0.0,1.0,binary,0,150000,33377,0.10951375961303711,True,5,nan
toolagent_trace,0.02,4.0,"l1=0.02,l2x4",binary,4,3,pi3,train,/home/ubuntu/Desktop/persistent-kv-admission/results/onpolicy_full_feb30eb_001/populations/train/toolagent_trace__l1_0.02__l2x_4__binary__seed_4/pi3.npz,aac17886a4834ca5768b60a67822e06e369cfa783592ae83d702b83d0bc56910,float64,float32,677301,40000,102183,69176,40000,True,102183,33.22147536277771,40000.0,0.0,1.0,,,,,,,,
