lineage,selection_hash,window,selector,captured_regret_tokens,three_stream_mean_regret_tokens,three_stream_mean_paired_diff_vs_learned_tokens
"conversation_trace|l1=0.0025,l2x1|pi0|s=0",000016b23b37858b6d85792f9adcf78bf9df6bc52c7e3dcfa3080cec36642f10,600,count,11264,10240.0,-19626.666666666668
"conversation_trace|l1=0.0025,l2x1|pi0|s=0",000016b23b37858b6d85792f9adcf78bf9df6bc52c7e3dcfa3080cec36642f10,600,learned,16384,29866.666666666668,0.0
"conversation_trace|l1=0.0025,l2x1|pi0|s=0",000016b23b37858b6d85792f9adcf78bf9df6bc52c7e3dcfa3080cec36642f10,600,lfu,16384,29866.666666666668,0.0
"conversation_trace|l1=0.0025,l2x1|pi0|s=0",000016b23b37858b6d85792f9adcf78bf9df6bc52c7e3dcfa3080cec36642f10,600,lru,11264,10240.0,-19626.666666666668
"conversation_trace|l1=0.0025,l2x1|pi0|s=0",000016b23b37858b6d85792f9adcf78bf9df6bc52c7e3dcfa3080cec36642f10,600,next_use,11264,10240.0,-19626.666666666668
"conversation_trace|l1=0.0025,l2x1|pi0|s=0",000016b23b37858b6d85792f9adcf78bf9df6bc52c7e3dcfa3080cec36642f10,end,count,2048,11093.333333333334,-28160.0
"conversation_trace|l1=0.0025,l2x1|pi0|s=0",000016b23b37858b6d85792f9adcf78bf9df6bc52c7e3dcfa3080cec36642f10,end,learned,26112,39253.333333333336,0.0
"conversation_trace|l1=0.0025,l2x1|pi0|s=0",000016b23b37858b6d85792f9adcf78bf9df6bc52c7e3dcfa3080cec36642f10,end,lfu,26112,39253.333333333336,0.0
"conversation_trace|l1=0.0025,l2x1|pi0|s=0",000016b23b37858b6d85792f9adcf78bf9df6bc52c7e3dcfa3080cec36642f10,end,lru,2048,11093.333333333334,-28160.0
"conversation_trace|l1=0.0025,l2x1|pi0|s=0",000016b23b37858b6d85792f9adcf78bf9df6bc52c7e3dcfa3080cec36642f10,end,next_use,2048,11093.333333333334,-28160.0
"conversation_trace|l1=0.0025,l2x1|pi0|s=0",00004b3a279b457d1d2f9a20b47c22dd94264ccc4962ecc9fcd9f0957d44a2bb,600,count,7680,13141.333333333334,-23210.666666666668
"conversation_trace|l1=0.0025,l2x1|pi0|s=0",00004b3a279b457d1d2f9a20b47c22dd94264ccc4962ecc9fcd9f0957d44a2bb,600,learned,14848,36352.0,0.0
"conversation_trace|l1=0.0025,l2x1|pi0|s=0",00004b3a279b457d1d2f9a20b47c22dd94264ccc4962ecc9fcd9f0957d44a2bb,600,lfu,14848,36352.0,0.0
"conversation_trace|l1=0.0025,l2x1|pi0|s=0",00004b3a279b457d1d2f9a20b47c22dd94264ccc4962ecc9fcd9f0957d44a2bb,600,lru,7680,13141.333333333334,-23210.666666666668
"conversation_trace|l1=0.0025,l2x1|pi0|s=0",00004b3a279b457d1d2f9a20b47c22dd94264ccc4962ecc9fcd9f0957d44a2bb,600,next_use,7680,13141.333333333334,-23210.666666666668
"conversation_trace|l1=0.0025,l2x1|pi0|s=0",00004b3a279b457d1d2f9a20b47c22dd94264ccc4962ecc9fcd9f0957d44a2bb,end,count,2048,30549.333333333332,-23722.666666666668
"conversation_trace|l1=0.0025,l2x1|pi0|s=0",00004b3a279b457d1d2f9a20b47c22dd94264ccc4962ecc9fcd9f0957d44a2bb,end,learned,32256,54272.0,0.0
"conversation_trace|l1=0.0025,l2x1|pi0|s=0",00004b3a279b457d1d2f9a20b47c22dd94264ccc4962ecc9fcd9f0957d44a2bb,end,lfu,32256,54272.0,0.0
"conversation_trace|l1=0.0025,l2x1|pi0|s=0",00004b3a279b457d1d2f9a20b47c22dd94264ccc4962ecc9fcd9f0957d44a2bb,end,lru,2048,30549.333333333332,-23722.666666666668
"conversation_trace|l1=0.0025,l2x1|pi0|s=0",00004b3a279b457d1d2f9a20b47c22dd94264ccc4962ecc9fcd9f0957d44a2bb,end,next_use,2048,30549.333333333332,-23722.666666666668
"conversation_trace|l1=0.0025,l2x1|pi0|s=1",00016c11fc61c5f426efd64c3880030827d0d8f07668f7785565f8a4bf27921e,600,count,18944,13312.0,-23040.0
"conversation_trace|l1=0.0025,l2x1|pi0|s=1",00016c11fc61c5f426efd64c3880030827d0d8f07668f7785565f8a4bf27921e,600,learned,23552,36352.0,0.0
"conversation_trace|l1=0.0025,l2x1|pi0|s=1",00016c11fc61c5f426efd64c3880030827d0d8f07668f7785565f8a4bf27921e,600,lfu,23552,36352.0,0.0
"conversation_trace|l1=0.0025,l2x1|pi0|s=1",00016c11fc61c5f426efd64c3880030827d0d8f07668f7785565f8a4bf27921e,600,lru,18944,13312.0,-23040.0
"conversation_trace|l1=0.0025,l2x1|pi0|s=1",00016c11fc61c5f426efd64c3880030827d0d8f07668f7785565f8a4bf27921e,600,next_use,18944,13312.0,-23040.0
"conversation_trace|l1=0.0025,l2x1|pi0|s=1",00016c11fc61c5f426efd64c3880030827d0d8f07668f7785565f8a4bf27921e,end,count,0,24405.333333333332,-9728.0
"conversation_trace|l1=0.0025,l2x1|pi0|s=1",00016c11fc61c5f426efd64c3880030827d0d8f07668f7785565f8a4bf27921e,end,learned,7680,34133.333333333336,0.0
"conversation_trace|l1=0.0025,l2x1|pi0|s=1",00016c11fc61c5f426efd64c3880030827d0d8f07668f7785565f8a4bf27921e,end,lfu,7680,34133.333333333336,0.0
"conversation_trace|l1=0.0025,l2x1|pi0|s=1",00016c11fc61c5f426efd64c3880030827d0d8f07668f7785565f8a4bf27921e,end,lru,0,24405.333333333332,-9728.0
"conversation_trace|l1=0.0025,l2x1|pi0|s=1",00016c11fc61c5f426efd64c3880030827d0d8f07668f7785565f8a4bf27921e,end,next_use,0,24405.333333333332,-9728.0
"conversation_trace|l1=0.0025,l2x1|pi0|s=1",00025eca773d7a7057908fc334192816928430d2c81f41d7852011728c4036bb,600,count,0,34304.0,13653.333333333334
"conversation_trace|l1=0.0025,l2x1|pi0|s=1",00025eca773d7a7057908fc334192816928430d2c81f41d7852011728c4036bb,600,learned,0,20650.666666666668,0.0
"conversation_trace|l1=0.0025,l2x1|pi0|s=1",00025eca773d7a7057908fc334192816928430d2c81f41d7852011728c4036bb,600,lfu,0,20650.666666666668,0.0
"conversation_trace|l1=0.0025,l2x1|pi0|s=1",00025eca773d7a7057908fc334192816928430d2c81f41d7852011728c4036bb,600,lru,0,34304.0,13653.333333333334
"conversation_trace|l1=0.0025,l2x1|pi0|s=1",00025eca773d7a7057908fc334192816928430d2c81f41d7852011728c4036bb,600,next_use,0,34304.0,13653.333333333334
"conversation_trace|l1=0.0025,l2x1|pi0|s=1",00025eca773d7a7057908fc334192816928430d2c81f41d7852011728c4036bb,end,count,0,31232.0,6314.666666666667
"conversation_trace|l1=0.0025,l2x1|pi0|s=1",00025eca773d7a7057908fc334192816928430d2c81f41d7852011728c4036bb,end,learned,0,24917.333333333332,0.0
"conversation_trace|l1=0.0025,l2x1|pi0|s=1",00025eca773d7a7057908fc334192816928430d2c81f41d7852011728c4036bb,end,lfu,0,24917.333333333332,0.0
"conversation_trace|l1=0.0025,l2x1|pi0|s=1",00025eca773d7a7057908fc334192816928430d2c81f41d7852011728c4036bb,end,lru,0,31232.0,6314.666666666667
"conversation_trace|l1=0.0025,l2x1|pi0|s=1",00025eca773d7a7057908fc334192816928430d2c81f41d7852011728c4036bb,end,next_use,0,31232.0,6314.666666666667
"conversation_trace|l1=0.0025,l2x1|pi0|s=2",0000b197c8362199b16c72307df7a75234c09875013c91795f20b6490d91673b,600,count,18944,32597.333333333332,25258.666666666668
"conversation_trace|l1=0.0025,l2x1|pi0|s=2",0000b197c8362199b16c72307df7a75234c09875013c91795f20b6490d91673b,600,learned,18432,7338.666666666667,0.0
"conversation_trace|l1=0.0025,l2x1|pi0|s=2",0000b197c8362199b16c72307df7a75234c09875013c91795f20b6490d91673b,600,lfu,18432,7338.666666666667,0.0
"conversation_trace|l1=0.0025,l2x1|pi0|s=2",0000b197c8362199b16c72307df7a75234c09875013c91795f20b6490d91673b,600,lru,38400,21845.333333333332,14506.666666666666
"conversation_trace|l1=0.0025,l2x1|pi0|s=2",0000b197c8362199b16c72307df7a75234c09875013c91795f20b6490d91673b,600,next_use,18944,32597.333333333332,25258.666666666668
"conversation_trace|l1=0.0025,l2x1|pi0|s=2",0000b197c8362199b16c72307df7a75234c09875013c91795f20b6490d91673b,end,count,32256,37717.333333333336,20650.666666666668
"conversation_trace|l1=0.0025,l2x1|pi0|s=2",0000b197c8362199b16c72307df7a75234c09875013c91795f20b6490d91673b,end,learned,31744,17066.666666666668,0.0
"conversation_trace|l1=0.0025,l2x1|pi0|s=2",0000b197c8362199b16c72307df7a75234c09875013c91795f20b6490d91673b,end,lfu,31744,17066.666666666668,0.0
"conversation_trace|l1=0.0025,l2x1|pi0|s=2",0000b197c8362199b16c72307df7a75234c09875013c91795f20b6490d91673b,end,lru,68608,33792.0,16725.333333333332
"conversation_trace|l1=0.0025,l2x1|pi0|s=2",0000b197c8362199b16c72307df7a75234c09875013c91795f20b6490d91673b,end,next_use,32256,37717.333333333336,20650.666666666668
"conversation_trace|l1=0.0025,l2x1|pi0|s=2",0001c2c6c6a0ce9307c6ba8a2cc7ae8e64a06d437d5ee3e293009acbc2e457f8,600,count,7680,21674.666666666668,1706.6666666666667
"conversation_trace|l1=0.0025,l2x1|pi0|s=2",0001c2c6c6a0ce9307c6ba8a2cc7ae8e64a06d437d5ee3e293009acbc2e457f8,600,learned,22016,19968.0,0.0
"conversation_trace|l1=0.0025,l2x1|pi0|s=2",0001c2c6c6a0ce9307c6ba8a2cc7ae8e64a06d437d5ee3e293009acbc2e457f8,600,lfu,22016,19968.0,0.0
"conversation_trace|l1=0.0025,l2x1|pi0|s=2",0001c2c6c6a0ce9307c6ba8a2cc7ae8e64a06d437d5ee3e293009acbc2e457f8,600,lru,7680,21674.666666666668,1706.6666666666667
"conversation_trace|l1=0.0025,l2x1|pi0|s=2",0001c2c6c6a0ce9307c6ba8a2cc7ae8e64a06d437d5ee3e293009acbc2e457f8,600,next_use,7680,21674.666666666668,1706.6666666666667
"conversation_trace|l1=0.0025,l2x1|pi0|s=2",0001c2c6c6a0ce9307c6ba8a2cc7ae8e64a06d437d5ee3e293009acbc2e457f8,end,count,22016,35840.0,9386.666666666666
"conversation_trace|l1=0.0025,l2x1|pi0|s=2",0001c2c6c6a0ce9307c6ba8a2cc7ae8e64a06d437d5ee3e293009acbc2e457f8,end,learned,24064,26453.333333333332,0.0
"conversation_trace|l1=0.0025,l2x1|pi0|s=2",0001c2c6c6a0ce9307c6ba8a2cc7ae8e64a06d437d5ee3e293009acbc2e457f8,end,lfu,24064,26453.333333333332,0.0
"conversation_trace|l1=0.0025,l2x1|pi0|s=2",0001c2c6c6a0ce9307c6ba8a2cc7ae8e64a06d437d5ee3e293009acbc2e457f8,end,lru,22016,35840.0,9386.666666666666
"conversation_trace|l1=0.0025,l2x1|pi0|s=2",0001c2c6c6a0ce9307c6ba8a2cc7ae8e64a06d437d5ee3e293009acbc2e457f8,end,next_use,22016,35840.0,9386.666666666666
"conversation_trace|l1=0.0025,l2x1|pi0|s=3",00001023cd410b3c297dbe0eb37820920f4f10ed040204605a08ef3a262d927b,600,count,13312,12800.0,-15018.666666666666
"conversation_trace|l1=0.0025,l2x1|pi0|s=3",00001023cd410b3c297dbe0eb37820920f4f10ed040204605a08ef3a262d927b,600,learned,27136,27818.666666666668,0.0
"conversation_trace|l1=0.0025,l2x1|pi0|s=3",00001023cd410b3c297dbe0eb37820920f4f10ed040204605a08ef3a262d927b,600,lfu,27136,27818.666666666668,0.0
"conversation_trace|l1=0.0025,l2x1|pi0|s=3",00001023cd410b3c297dbe0eb37820920f4f10ed040204605a08ef3a262d927b,600,lru,13312,12800.0,-15018.666666666666
"conversation_trace|l1=0.0025,l2x1|pi0|s=3",00001023cd410b3c297dbe0eb37820920f4f10ed040204605a08ef3a262d927b,600,next_use,13312,12800.0,-15018.666666666666
"conversation_trace|l1=0.0025,l2x1|pi0|s=3",00001023cd410b3c297dbe0eb37820920f4f10ed040204605a08ef3a262d927b,end,count,2560,28501.333333333332,-5120.0
"conversation_trace|l1=0.0025,l2x1|pi0|s=3",00001023cd410b3c297dbe0eb37820920f4f10ed040204605a08ef3a262d927b,end,learned,0,33621.333333333336,0.0
"conversation_trace|l1=0.0025,l2x1|pi0|s=3",00001023cd410b3c297dbe0eb37820920f4f10ed040204605a08ef3a262d927b,end,lfu,0,33621.333333333336,0.0
"conversation_trace|l1=0.0025,l2x1|pi0|s=3",00001023cd410b3c297dbe0eb37820920f4f10ed040204605a08ef3a262d927b,end,lru,2560,28501.333333333332,-5120.0
"conversation_trace|l1=0.0025,l2x1|pi0|s=3",00001023cd410b3c297dbe0eb37820920f4f10ed040204605a08ef3a262d927b,end,next_use,2560,28501.333333333332,-5120.0
"conversation_trace|l1=0.0025,l2x1|pi0|s=3",000086c30dd8aa425008c90eb3e7aab95ee6bc7ee0a67665e92e20157c49d9f2,600,count,19968,24405.333333333332,-3242.6666666666665
"conversation_trace|l1=0.0025,l2x1|pi0|s=3",000086c30dd8aa425008c90eb3e7aab95ee6bc7ee0a67665e92e20157c49d9f2,600,learned,23552,27648.0,0.0
"conversation_trace|l1=0.0025,l2x1|pi0|s=3",000086c30dd8aa425008c90eb3e7aab95ee6bc7ee0a67665e92e20157c49d9f2,600,lfu,23552,27648.0,0.0
"conversation_trace|l1=0.0025,l2x1|pi0|s=3",000086c30dd8aa425008c90eb3e7aab95ee6bc7ee0a67665e92e20157c49d9f2,600,lru,19968,24405.333333333332,-3242.6666666666665
"conversation_trace|l1=0.0025,l2x1|pi0|s=3",000086c30dd8aa425008c90eb3e7aab95ee6bc7ee0a67665e92e20157c49d9f2,600,next_use,19968,24405.333333333332,-3242.6666666666665
"conversation_trace|l1=0.0025,l2x1|pi0|s=3",000086c30dd8aa425008c90eb3e7aab95ee6bc7ee0a67665e92e20157c49d9f2,end,count,41984,28842.666666666668,9728.0
"conversation_trace|l1=0.0025,l2x1|pi0|s=3",000086c30dd8aa425008c90eb3e7aab95ee6bc7ee0a67665e92e20157c49d9f2,end,learned,14336,19114.666666666668,0.0
"conversation_trace|l1=0.0025,l2x1|pi0|s=3",000086c30dd8aa425008c90eb3e7aab95ee6bc7ee0a67665e92e20157c49d9f2,end,lfu,14336,19114.666666666668,0.0
"conversation_trace|l1=0.0025,l2x1|pi0|s=3",000086c30dd8aa425008c90eb3e7aab95ee6bc7ee0a67665e92e20157c49d9f2,end,lru,41984,28842.666666666668,9728.0
"conversation_trace|l1=0.0025,l2x1|pi0|s=3",000086c30dd8aa425008c90eb3e7aab95ee6bc7ee0a67665e92e20157c49d9f2,end,next_use,41984,28842.666666666668,9728.0
"conversation_trace|l1=0.0025,l2x1|pi0|s=4",000025e9ed2d077a139094c7abcef36db84fc9928e30f2fccfb19912c5724706,600,count,20992,18432.0,2730.6666666666665
"conversation_trace|l1=0.0025,l2x1|pi0|s=4",000025e9ed2d077a139094c7abcef36db84fc9928e30f2fccfb19912c5724706,600,learned,6656,15701.333333333334,0.0
"conversation_trace|l1=0.0025,l2x1|pi0|s=4",000025e9ed2d077a139094c7abcef36db84fc9928e30f2fccfb19912c5724706,600,lfu,6656,10922.666666666666,-4778.666666666667
"conversation_trace|l1=0.0025,l2x1|pi0|s=4",000025e9ed2d077a139094c7abcef36db84fc9928e30f2fccfb19912c5724706,600,lru,20992,18432.0,2730.6666666666665
"conversation_trace|l1=0.0025,l2x1|pi0|s=4",000025e9ed2d077a139094c7abcef36db84fc9928e30f2fccfb19912c5724706,600,next_use,20992,18432.0,2730.6666666666665
"conversation_trace|l1=0.0025,l2x1|pi0|s=4",000025e9ed2d077a139094c7abcef36db84fc9928e30f2fccfb19912c5724706,end,count,26112,20821.333333333332,3584.0
"conversation_trace|l1=0.0025,l2x1|pi0|s=4",000025e9ed2d077a139094c7abcef36db84fc9928e30f2fccfb19912c5724706,end,learned,13824,17237.333333333332,0.0
"conversation_trace|l1=0.0025,l2x1|pi0|s=4",000025e9ed2d077a139094c7abcef36db84fc9928e30f2fccfb19912c5724706,end,lfu,13824,15360.0,-1877.3333333333333
"conversation_trace|l1=0.0025,l2x1|pi0|s=4",000025e9ed2d077a139094c7abcef36db84fc9928e30f2fccfb19912c5724706,end,lru,26112,20821.333333333332,3584.0
"conversation_trace|l1=0.0025,l2x1|pi0|s=4",000025e9ed2d077a139094c7abcef36db84fc9928e30f2fccfb19912c5724706,end,next_use,26112,20821.333333333332,3584.0
"conversation_trace|l1=0.0025,l2x1|pi0|s=4",000222dcd96ab578a601a3245eb11e366cbf84fd655513f5ef07d2f355d9070b,600,count,33792,24576.0,4096.0
"conversation_trace|l1=0.0025,l2x1|pi0|s=4",000222dcd96ab578a601a3245eb11e366cbf84fd655513f5ef07d2f355d9070b,600,learned,6656,20480.0,0.0
"conversation_trace|l1=0.0025,l2x1|pi0|s=4",000222dcd96ab578a601a3245eb11e366cbf84fd655513f5ef07d2f355d9070b,600,lfu,6656,20480.0,0.0
"conversation_trace|l1=0.0025,l2x1|pi0|s=4",000222dcd96ab578a601a3245eb11e366cbf84fd655513f5ef07d2f355d9070b,600,lru,33792,24576.0,4096.0
"conversation_trace|l1=0.0025,l2x1|pi0|s=4",000222dcd96ab578a601a3245eb11e366cbf84fd655513f5ef07d2f355d9070b,600,next_use,33792,24576.0,4096.0
"conversation_trace|l1=0.0025,l2x1|pi0|s=4",000222dcd96ab578a601a3245eb11e366cbf84fd655513f5ef07d2f355d9070b,end,count,44544,23040.0,-1706.6666666666667
"conversation_trace|l1=0.0025,l2x1|pi0|s=4",000222dcd96ab578a601a3245eb11e366cbf84fd655513f5ef07d2f355d9070b,end,learned,13824,24746.666666666668,0.0
"conversation_trace|l1=0.0025,l2x1|pi0|s=4",000222dcd96ab578a601a3245eb11e366cbf84fd655513f5ef07d2f355d9070b,end,lfu,13824,24746.666666666668,0.0
"conversation_trace|l1=0.0025,l2x1|pi0|s=4",000222dcd96ab578a601a3245eb11e366cbf84fd655513f5ef07d2f355d9070b,end,lru,44544,23040.0,-1706.6666666666667
"conversation_trace|l1=0.0025,l2x1|pi0|s=4",000222dcd96ab578a601a3245eb11e366cbf84fd655513f5ef07d2f355d9070b,end,next_use,44544,23040.0,-1706.6666666666667
"conversation_trace|l1=0.0025,l2x1|pi3|s=0",0001548175509776dfeea22ff78d952a7c85290cf74202fdf8e3f3979d36c551,600,count,14336,6826.666666666667,-8021.333333333333
"conversation_trace|l1=0.0025,l2x1|pi3|s=0",0001548175509776dfeea22ff78d952a7c85290cf74202fdf8e3f3979d36c551,600,learned,31232,14848.0,0.0
"conversation_trace|l1=0.0025,l2x1|pi3|s=0",0001548175509776dfeea22ff78d952a7c85290cf74202fdf8e3f3979d36c551,600,lfu,31232,14848.0,0.0
"conversation_trace|l1=0.0025,l2x1|pi3|s=0",0001548175509776dfeea22ff78d952a7c85290cf74202fdf8e3f3979d36c551,600,lru,14336,6826.666666666667,-8021.333333333333
"conversation_trace|l1=0.0025,l2x1|pi3|s=0",0001548175509776dfeea22ff78d952a7c85290cf74202fdf8e3f3979d36c551,600,next_use,14336,6826.666666666667,-8021.333333333333
"conversation_trace|l1=0.0025,l2x1|pi3|s=0",0001548175509776dfeea22ff78d952a7c85290cf74202fdf8e3f3979d36c551,end,count,17920,6743.333333333333,-8533.333333333334
"conversation_trace|l1=0.0025,l2x1|pi3|s=0",0001548175509776dfeea22ff78d952a7c85290cf74202fdf8e3f3979d36c551,end,learned,33792,15276.666666666666,0.0
"conversation_trace|l1=0.0025,l2x1|pi3|s=0",0001548175509776dfeea22ff78d952a7c85290cf74202fdf8e3f3979d36c551,end,lfu,33792,15276.666666666666,0.0
"conversation_trace|l1=0.0025,l2x1|pi3|s=0",0001548175509776dfeea22ff78d952a7c85290cf74202fdf8e3f3979d36c551,end,lru,17920,6743.333333333333,-8533.333333333334
"conversation_trace|l1=0.0025,l2x1|pi3|s=0",0001548175509776dfeea22ff78d952a7c85290cf74202fdf8e3f3979d36c551,end,next_use,17920,6743.333333333333,-8533.333333333334
"conversation_trace|l1=0.0025,l2x1|pi3|s=0",00037ae1bff0df4485ea59febcc4c258aa0999b8dbc854dc1b50660dc5d3988f,600,count,13824,9001.666666666666,-6997.333333333333
"conversation_trace|l1=0.0025,l2x1|pi3|s=0",00037ae1bff0df4485ea59febcc4c258aa0999b8dbc854dc1b50660dc5d3988f,600,learned,24576,15999.0,0.0
"conversation_trace|l1=0.0025,l2x1|pi3|s=0",00037ae1bff0df4485ea59febcc4c258aa0999b8dbc854dc1b50660dc5d3988f,600,lfu,17801,13316.0,-2683.0
"conversation_trace|l1=0.0025,l2x1|pi3|s=0",00037ae1bff0df4485ea59febcc4c258aa0999b8dbc854dc1b50660dc5d3988f,600,lru,13824,9001.666666666666,-6997.333333333333
"conversation_trace|l1=0.0025,l2x1|pi3|s=0",00037ae1bff0df4485ea59febcc4c258aa0999b8dbc854dc1b50660dc5d3988f,600,next_use,13824,9001.666666666666,-6997.333333333333
"conversation_trace|l1=0.0025,l2x1|pi3|s=0",00037ae1bff0df4485ea59febcc4c258aa0999b8dbc854dc1b50660dc5d3988f,end,count,13312,9513.666666666666,-6485.333333333333
"conversation_trace|l1=0.0025,l2x1|pi3|s=0",00037ae1bff0df4485ea59febcc4c258aa0999b8dbc854dc1b50660dc5d3988f,end,learned,27136,15999.0,0.0
"conversation_trace|l1=0.0025,l2x1|pi3|s=0",00037ae1bff0df4485ea59febcc4c258aa0999b8dbc854dc1b50660dc5d3988f,end,lfu,18313,15193.333333333334,-805.6666666666666
"conversation_trace|l1=0.0025,l2x1|pi3|s=0",00037ae1bff0df4485ea59febcc4c258aa0999b8dbc854dc1b50660dc5d3988f,end,lru,13312,9513.666666666666,-6485.333333333333
"conversation_trace|l1=0.0025,l2x1|pi3|s=0",00037ae1bff0df4485ea59febcc4c258aa0999b8dbc854dc1b50660dc5d3988f,end,next_use,13312,9513.666666666666,-6485.333333333333
"conversation_trace|l1=0.0025,l2x1|pi3|s=1",000019749d2b9a3ba4468d4e4a5e4ac817f927d633bb439ccc3f3b0701e3fdb3,600,count,15360,9045.333333333334,512.0
"conversation_trace|l1=0.0025,l2x1|pi3|s=1",000019749d2b9a3ba4468d4e4a5e4ac817f927d633bb439ccc3f3b0701e3fdb3,600,learned,13312,8533.333333333334,0.0
"conversation_trace|l1=0.0025,l2x1|pi3|s=1",000019749d2b9a3ba4468d4e4a5e4ac817f927d633bb439ccc3f3b0701e3fdb3,600,lfu,13312,8533.333333333334,0.0
"conversation_trace|l1=0.0025,l2x1|pi3|s=1",000019749d2b9a3ba4468d4e4a5e4ac817f927d633bb439ccc3f3b0701e3fdb3,600,lru,10240,20821.333333333332,12288.0
"conversation_trace|l1=0.0025,l2x1|pi3|s=1",000019749d2b9a3ba4468d4e4a5e4ac817f927d633bb439ccc3f3b0701e3fdb3,600,next_use,15360,9045.333333333334,512.0
"conversation_trace|l1=0.0025,l2x1|pi3|s=1",000019749d2b9a3ba4468d4e4a5e4ac817f927d633bb439ccc3f3b0701e3fdb3,end,count,15360,9045.333333333334,512.0
"conversation_trace|l1=0.0025,l2x1|pi3|s=1",000019749d2b9a3ba4468d4e4a5e4ac817f927d633bb439ccc3f3b0701e3fdb3,end,learned,13312,8533.333333333334,0.0
"conversation_trace|l1=0.0025,l2x1|pi3|s=1",000019749d2b9a3ba4468d4e4a5e4ac817f927d633bb439ccc3f3b0701e3fdb3,end,lfu,13312,8533.333333333334,0.0
"conversation_trace|l1=0.0025,l2x1|pi3|s=1",000019749d2b9a3ba4468d4e4a5e4ac817f927d633bb439ccc3f3b0701e3fdb3,end,lru,10240,20821.333333333332,12288.0
"conversation_trace|l1=0.0025,l2x1|pi3|s=1",000019749d2b9a3ba4468d4e4a5e4ac817f927d633bb439ccc3f3b0701e3fdb3,end,next_use,15360,9045.333333333334,512.0
"conversation_trace|l1=0.0025,l2x1|pi3|s=1",0001a28bdbe10ba906cbd6fa49b9e21d0a80ffafee6bdabb1f311ce9640002a4,600,count,4608,4778.666666666667,-9684.333333333334
"conversation_trace|l1=0.0025,l2x1|pi3|s=1",0001a28bdbe10ba906cbd6fa49b9e21d0a80ffafee6bdabb1f311ce9640002a4,600,learned,15360,14463.0,0.0
"conversation_trace|l1=0.0025,l2x1|pi3|s=1",0001a28bdbe10ba906cbd6fa49b9e21d0a80ffafee6bdabb1f311ce9640002a4,600,lfu,15360,14463.0,0.0
"conversation_trace|l1=0.0025,l2x1|pi3|s=1",0001a28bdbe10ba906cbd6fa49b9e21d0a80ffafee6bdabb1f311ce9640002a4,600,lru,4608,4778.666666666667,-9684.333333333334
"conversation_trace|l1=0.0025,l2x1|pi3|s=1",0001a28bdbe10ba906cbd6fa49b9e21d0a80ffafee6bdabb1f311ce9640002a4,600,next_use,4608,4778.666666666667,-9684.333333333334
"conversation_trace|l1=0.0025,l2x1|pi3|s=1",0001a28bdbe10ba906cbd6fa49b9e21d0a80ffafee6bdabb1f311ce9640002a4,end,count,4096,7168.0,-8660.333333333334
"conversation_trace|l1=0.0025,l2x1|pi3|s=1",0001a28bdbe10ba906cbd6fa49b9e21d0a80ffafee6bdabb1f311ce9640002a4,end,learned,13824,15828.333333333334,0.0
"conversation_trace|l1=0.0025,l2x1|pi3|s=1",0001a28bdbe10ba906cbd6fa49b9e21d0a80ffafee6bdabb1f311ce9640002a4,end,lfu,13824,15828.333333333334,0.0
"conversation_trace|l1=0.0025,l2x1|pi3|s=1",0001a28bdbe10ba906cbd6fa49b9e21d0a80ffafee6bdabb1f311ce9640002a4,end,lru,4096,7168.0,-8660.333333333334
"conversation_trace|l1=0.0025,l2x1|pi3|s=1",0001a28bdbe10ba906cbd6fa49b9e21d0a80ffafee6bdabb1f311ce9640002a4,end,next_use,4096,7168.0,-8660.333333333334
"conversation_trace|l1=0.0025,l2x1|pi3|s=2",0002309bc36e486aa643794039a7c389838ca23ee8b1688c40cfd3698beb88c5,600,count,1536,3925.3333333333335,-5802.666666666667
"conversation_trace|l1=0.0025,l2x1|pi3|s=2",0002309bc36e486aa643794039a7c389838ca23ee8b1688c40cfd3698beb88c5,600,learned,15872,9728.0,0.0
"conversation_trace|l1=0.0025,l2x1|pi3|s=2",0002309bc36e486aa643794039a7c389838ca23ee8b1688c40cfd3698beb88c5,600,lfu,15872,9728.0,0.0
"conversation_trace|l1=0.0025,l2x1|pi3|s=2",0002309bc36e486aa643794039a7c389838ca23ee8b1688c40cfd3698beb88c5,600,lru,1536,3925.3333333333335,-5802.666666666667
"conversation_trace|l1=0.0025,l2x1|pi3|s=2",0002309bc36e486aa643794039a7c389838ca23ee8b1688c40cfd3698beb88c5,600,next_use,1536,3925.3333333333335,-5802.666666666667
"conversation_trace|l1=0.0025,l2x1|pi3|s=2",0002309bc36e486aa643794039a7c389838ca23ee8b1688c40cfd3698beb88c5,end,count,21504,11093.333333333334,-8533.333333333334
"conversation_trace|l1=0.0025,l2x1|pi3|s=2",0002309bc36e486aa643794039a7c389838ca23ee8b1688c40cfd3698beb88c5,end,learned,46080,19626.666666666668,0.0
"conversation_trace|l1=0.0025,l2x1|pi3|s=2",0002309bc36e486aa643794039a7c389838ca23ee8b1688c40cfd3698beb88c5,end,lfu,46080,19626.666666666668,0.0
"conversation_trace|l1=0.0025,l2x1|pi3|s=2",0002309bc36e486aa643794039a7c389838ca23ee8b1688c40cfd3698beb88c5,end,lru,21504,11093.333333333334,-8533.333333333334
"conversation_trace|l1=0.0025,l2x1|pi3|s=2",0002309bc36e486aa643794039a7c389838ca23ee8b1688c40cfd3698beb88c5,end,next_use,21504,11093.333333333334,-8533.333333333334
"conversation_trace|l1=0.0025,l2x1|pi3|s=2",000266ab5932cf80e054486d8606cb52aaf110ca78d1df3679905fb13521e69c,600,count,48128,29652.333333333332,3369.6666666666665
"conversation_trace|l1=0.0025,l2x1|pi3|s=2",000266ab5932cf80e054486d8606cb52aaf110ca78d1df3679905fb13521e69c,600,learned,38400,26282.666666666668,0.0
"conversation_trace|l1=0.0025,l2x1|pi3|s=2",000266ab5932cf80e054486d8606cb52aaf110ca78d1df3679905fb13521e69c,600,lfu,48128,29652.333333333332,3369.6666666666665
"conversation_trace|l1=0.0025,l2x1|pi3|s=2",000266ab5932cf80e054486d8606cb52aaf110ca78d1df3679905fb13521e69c,600,lru,30720,21162.666666666668,-5120.0
"conversation_trace|l1=0.0025,l2x1|pi3|s=2",000266ab5932cf80e054486d8606cb52aaf110ca78d1df3679905fb13521e69c,600,next_use,48128,29652.333333333332,3369.6666666666665
"conversation_trace|l1=0.0025,l2x1|pi3|s=2",000266ab5932cf80e054486d8606cb52aaf110ca78d1df3679905fb13521e69c,end,count,60797,36006.666666666664,-1921.0
"conversation_trace|l1=0.0025,l2x1|pi3|s=2",000266ab5932cf80e054486d8606cb52aaf110ca78d1df3679905fb13521e69c,end,learned,60285,37927.666666666664,0.0
"conversation_trace|l1=0.0025,l2x1|pi3|s=2",000266ab5932cf80e054486d8606cb52aaf110ca78d1df3679905fb13521e69c,end,lfu,60797,36006.666666666664,-1921.0
"conversation_trace|l1=0.0025,l2x1|pi3|s=2",000266ab5932cf80e054486d8606cb52aaf110ca78d1df3679905fb13521e69c,end,lru,40829,26493.0,-11434.666666666666
"conversation_trace|l1=0.0025,l2x1|pi3|s=2",000266ab5932cf80e054486d8606cb52aaf110ca78d1df3679905fb13521e69c,end,next_use,60797,36006.666666666664,-1921.0
"conversation_trace|l1=0.0025,l2x1|pi3|s=3",0000625efbeeb3f4b9effc9df7e1d86e60c2e4c4ce245dbadd655dfa2cd29a55,600,count,36995,22230.333333333332,-4778.666666666667
"conversation_trace|l1=0.0025,l2x1|pi3|s=3",0000625efbeeb3f4b9effc9df7e1d86e60c2e4c4ce245dbadd655dfa2cd29a55,600,learned,41603,27009.0,0.0
"conversation_trace|l1=0.0025,l2x1|pi3|s=3",0000625efbeeb3f4b9effc9df7e1d86e60c2e4c4ce245dbadd655dfa2cd29a55,600,lfu,41603,27009.0,0.0
"conversation_trace|l1=0.0025,l2x1|pi3|s=3",0000625efbeeb3f4b9effc9df7e1d86e60c2e4c4ce245dbadd655dfa2cd29a55,600,lru,36995,22230.333333333332,-4778.666666666667
"conversation_trace|l1=0.0025,l2x1|pi3|s=3",0000625efbeeb3f4b9effc9df7e1d86e60c2e4c4ce245dbadd655dfa2cd29a55,600,next_use,36995,22230.333333333332,-4778.666666666667
"conversation_trace|l1=0.0025,l2x1|pi3|s=3",0000625efbeeb3f4b9effc9df7e1d86e60c2e4c4ce245dbadd655dfa2cd29a55,end,count,49795,36137.666666666664,-1917.0
"conversation_trace|l1=0.0025,l2x1|pi3|s=3",0000625efbeeb3f4b9effc9df7e1d86e60c2e4c4ce245dbadd655dfa2cd29a55,end,learned,57475,38054.666666666664,0.0
"conversation_trace|l1=0.0025,l2x1|pi3|s=3",0000625efbeeb3f4b9effc9df7e1d86e60c2e4c4ce245dbadd655dfa2cd29a55,end,lfu,57475,38054.666666666664,0.0
"conversation_trace|l1=0.0025,l2x1|pi3|s=3",0000625efbeeb3f4b9effc9df7e1d86e60c2e4c4ce245dbadd655dfa2cd29a55,end,lru,49795,36137.666666666664,-1917.0
"conversation_trace|l1=0.0025,l2x1|pi3|s=3",0000625efbeeb3f4b9effc9df7e1d86e60c2e4c4ce245dbadd655dfa2cd29a55,end,next_use,49795,36137.666666666664,-1917.0
"conversation_trace|l1=0.0025,l2x1|pi3|s=3",0001891579adbc470a2a2edf107e9a867cb7ff82297e3318643a19a1fb2a0d5e,600,count,4096,16896.0,-7509.333333333333
"conversation_trace|l1=0.0025,l2x1|pi3|s=3",0001891579adbc470a2a2edf107e9a867cb7ff82297e3318643a19a1fb2a0d5e,600,learned,27648,24405.333333333332,0.0
"conversation_trace|l1=0.0025,l2x1|pi3|s=3",0001891579adbc470a2a2edf107e9a867cb7ff82297e3318643a19a1fb2a0d5e,600,lfu,27648,24405.333333333332,0.0
"conversation_trace|l1=0.0025,l2x1|pi3|s=3",0001891579adbc470a2a2edf107e9a867cb7ff82297e3318643a19a1fb2a0d5e,600,lru,4096,16896.0,-7509.333333333333
"conversation_trace|l1=0.0025,l2x1|pi3|s=3",0001891579adbc470a2a2edf107e9a867cb7ff82297e3318643a19a1fb2a0d5e,600,next_use,4096,16896.0,-7509.333333333333
"conversation_trace|l1=0.0025,l2x1|pi3|s=3",0001891579adbc470a2a2edf107e9a867cb7ff82297e3318643a19a1fb2a0d5e,end,count,4096,17578.666666666668,-6314.666666666667
"conversation_trace|l1=0.0025,l2x1|pi3|s=3",0001891579adbc470a2a2edf107e9a867cb7ff82297e3318643a19a1fb2a0d5e,end,learned,25600,23893.333333333332,0.0
"conversation_trace|l1=0.0025,l2x1|pi3|s=3",0001891579adbc470a2a2edf107e9a867cb7ff82297e3318643a19a1fb2a0d5e,end,lfu,25600,23893.333333333332,0.0
"conversation_trace|l1=0.0025,l2x1|pi3|s=3",0001891579adbc470a2a2edf107e9a867cb7ff82297e3318643a19a1fb2a0d5e,end,lru,4096,17578.666666666668,-6314.666666666667
"conversation_trace|l1=0.0025,l2x1|pi3|s=3",0001891579adbc470a2a2edf107e9a867cb7ff82297e3318643a19a1fb2a0d5e,end,next_use,4096,17578.666666666668,-6314.666666666667
"conversation_trace|l1=0.0025,l2x1|pi3|s=4",00010cab30993f71443dd971fe94cc0749e18bbdaeaf00d271e355df60e30075,600,count,9347,16983.333333333332,9132.666666666666
"conversation_trace|l1=0.0025,l2x1|pi3|s=4",00010cab30993f71443dd971fe94cc0749e18bbdaeaf00d271e355df60e30075,600,learned,0,7850.666666666667,0.0
"conversation_trace|l1=0.0025,l2x1|pi3|s=4",00010cab30993f71443dd971fe94cc0749e18bbdaeaf00d271e355df60e30075,600,lfu,0,7850.666666666667,0.0
"conversation_trace|l1=0.0025,l2x1|pi3|s=4",00010cab30993f71443dd971fe94cc0749e18bbdaeaf00d271e355df60e30075,600,lru,9347,16983.333333333332,9132.666666666666
"conversation_trace|l1=0.0025,l2x1|pi3|s=4",00010cab30993f71443dd971fe94cc0749e18bbdaeaf00d271e355df60e30075,600,next_use,9347,16983.333333333332,9132.666666666666
"conversation_trace|l1=0.0025,l2x1|pi3|s=4",00010cab30993f71443dd971fe94cc0749e18bbdaeaf00d271e355df60e30075,end,count,10371,15954.333333333334,5036.666666666667
"conversation_trace|l1=0.0025,l2x1|pi3|s=4",00010cab30993f71443dd971fe94cc0749e18bbdaeaf00d271e355df60e30075,end,learned,0,10917.666666666666,0.0
"conversation_trace|l1=0.0025,l2x1|pi3|s=4",00010cab30993f71443dd971fe94cc0749e18bbdaeaf00d271e355df60e30075,end,lfu,0,10917.666666666666,0.0
"conversation_trace|l1=0.0025,l2x1|pi3|s=4",00010cab30993f71443dd971fe94cc0749e18bbdaeaf00d271e355df60e30075,end,lru,10371,15954.333333333334,5036.666666666667
"conversation_trace|l1=0.0025,l2x1|pi3|s=4",00010cab30993f71443dd971fe94cc0749e18bbdaeaf00d271e355df60e30075,end,next_use,10371,15954.333333333334,5036.666666666667
"conversation_trace|l1=0.0025,l2x1|pi3|s=4",0001296ca0124142cf4df68d00f183bbbe1522a94a02228b73931f5193f0f6f6,600,count,6144,9386.666666666666,-4651.666666666667
"conversation_trace|l1=0.0025,l2x1|pi3|s=4",0001296ca0124142cf4df68d00f183bbbe1522a94a02228b73931f5193f0f6f6,600,learned,0,14038.333333333334,0.0
"conversation_trace|l1=0.0025,l2x1|pi3|s=4",0001296ca0124142cf4df68d00f183bbbe1522a94a02228b73931f5193f0f6f6,600,lfu,12931,23980.666666666668,9942.333333333334
"conversation_trace|l1=0.0025,l2x1|pi3|s=4",0001296ca0124142cf4df68d00f183bbbe1522a94a02228b73931f5193f0f6f6,600,lru,6144,9386.666666666666,-4651.666666666667
"conversation_trace|l1=0.0025,l2x1|pi3|s=4",0001296ca0124142cf4df68d00f183bbbe1522a94a02228b73931f5193f0f6f6,600,next_use,6144,9386.666666666666,-4651.666666666667
"conversation_trace|l1=0.0025,l2x1|pi3|s=4",0001296ca0124142cf4df68d00f183bbbe1522a94a02228b73931f5193f0f6f6,end,count,22397,14975.0,-2433.0
"conversation_trace|l1=0.0025,l2x1|pi3|s=4",0001296ca0124142cf4df68d00f183bbbe1522a94a02228b73931f5193f0f6f6,end,learned,16765,17408.0,0.0
"conversation_trace|l1=0.0025,l2x1|pi3|s=4",0001296ca0124142cf4df68d00f183bbbe1522a94a02228b73931f5193f0f6f6,end,lfu,0,19158.333333333332,1750.3333333333333
"conversation_trace|l1=0.0025,l2x1|pi3|s=4",0001296ca0124142cf4df68d00f183bbbe1522a94a02228b73931f5193f0f6f6,end,lru,22397,14975.0,-2433.0
"conversation_trace|l1=0.0025,l2x1|pi3|s=4",0001296ca0124142cf4df68d00f183bbbe1522a94a02228b73931f5193f0f6f6,end,next_use,22397,14975.0,-2433.0
"conversation_trace|l1=0.02,l2x4|pi0|s=0",00000982f64fa740d64b4e3f249ea41002f14c6f9d6a7b92492de2d3739396b2,600,count,88579,46954.0,-22137.0
"conversation_trace|l1=0.02,l2x4|pi0|s=0",00000982f64fa740d64b4e3f249ea41002f14c6f9d6a7b92492de2d3739396b2,600,learned,100743,69091.0,0.0
"conversation_trace|l1=0.02,l2x4|pi0|s=0",00000982f64fa740d64b4e3f249ea41002f14c6f9d6a7b92492de2d3739396b2,600,lfu,100743,69091.0,0.0
"conversation_trace|l1=0.02,l2x4|pi0|s=0",00000982f64fa740d64b4e3f249ea41002f14c6f9d6a7b92492de2d3739396b2,600,lru,88579,46954.0,-22137.0
"conversation_trace|l1=0.02,l2x4|pi0|s=0",00000982f64fa740d64b4e3f249ea41002f14c6f9d6a7b92492de2d3739396b2,600,next_use,88579,46954.0,-22137.0
"conversation_trace|l1=0.02,l2x4|pi0|s=0",00000982f64fa740d64b4e3f249ea41002f14c6f9d6a7b92492de2d3739396b2,end,count,84540,49183.333333333336,-52935.0
"conversation_trace|l1=0.02,l2x4|pi0|s=0",00000982f64fa740d64b4e3f249ea41002f14c6f9d6a7b92492de2d3739396b2,end,learned,121328,102118.33333333333,0.0
"conversation_trace|l1=0.02,l2x4|pi0|s=0",00000982f64fa740d64b4e3f249ea41002f14c6f9d6a7b92492de2d3739396b2,end,lfu,121328,102118.33333333333,0.0
"conversation_trace|l1=0.02,l2x4|pi0|s=0",00000982f64fa740d64b4e3f249ea41002f14c6f9d6a7b92492de2d3739396b2,end,lru,84540,49183.333333333336,-52935.0
"conversation_trace|l1=0.02,l2x4|pi0|s=0",00000982f64fa740d64b4e3f249ea41002f14c6f9d6a7b92492de2d3739396b2,end,next_use,84540,49183.333333333336,-52935.0
"conversation_trace|l1=0.02,l2x4|pi0|s=0",00011411d6474cefa1c66f8e6226e78804fc8513e5e19a0d9d1e2154f10a2872,600,count,34695,54313.666666666664,-26270.0
"conversation_trace|l1=0.02,l2x4|pi0|s=0",00011411d6474cefa1c66f8e6226e78804fc8513e5e19a0d9d1e2154f10a2872,600,learned,78103,80583.66666666667,0.0
"conversation_trace|l1=0.02,l2x4|pi0|s=0",00011411d6474cefa1c66f8e6226e78804fc8513e5e19a0d9d1e2154f10a2872,600,lfu,78103,80583.66666666667,0.0
"conversation_trace|l1=0.02,l2x4|pi0|s=0",00011411d6474cefa1c66f8e6226e78804fc8513e5e19a0d9d1e2154f10a2872,600,lru,34695,54313.666666666664,-26270.0
"conversation_trace|l1=0.02,l2x4|pi0|s=0",00011411d6474cefa1c66f8e6226e78804fc8513e5e19a0d9d1e2154f10a2872,600,next_use,34695,54313.666666666664,-26270.0
"conversation_trace|l1=0.02,l2x4|pi0|s=0",00011411d6474cefa1c66f8e6226e78804fc8513e5e19a0d9d1e2154f10a2872,end,count,555,48663.666666666664,-41298.666666666664
"conversation_trace|l1=0.02,l2x4|pi0|s=0",00011411d6474cefa1c66f8e6226e78804fc8513e5e19a0d9d1e2154f10a2872,end,learned,76219,89962.33333333333,0.0
"conversation_trace|l1=0.02,l2x4|pi0|s=0",00011411d6474cefa1c66f8e6226e78804fc8513e5e19a0d9d1e2154f10a2872,end,lfu,76219,89962.33333333333,0.0
"conversation_trace|l1=0.02,l2x4|pi0|s=0",00011411d6474cefa1c66f8e6226e78804fc8513e5e19a0d9d1e2154f10a2872,end,lru,555,48663.666666666664,-41298.666666666664
"conversation_trace|l1=0.02,l2x4|pi0|s=0",00011411d6474cefa1c66f8e6226e78804fc8513e5e19a0d9d1e2154f10a2872,end,next_use,555,48663.666666666664,-41298.666666666664
"conversation_trace|l1=0.02,l2x4|pi0|s=1",0000d07feb618e4e82a53713ccd146b69e5e75ec74189414212999faef90f8c7,600,count,32209,26552.333333333332,-40991.333333333336
"conversation_trace|l1=0.02,l2x4|pi0|s=1",0000d07feb618e4e82a53713ccd146b69e5e75ec74189414212999faef90f8c7,600,learned,107520,67543.66666666667,0.0
"conversation_trace|l1=0.02,l2x4|pi0|s=1",0000d07feb618e4e82a53713ccd146b69e5e75ec74189414212999faef90f8c7,600,lfu,104913,75704.33333333333,8160.666666666667
"conversation_trace|l1=0.02,l2x4|pi0|s=1",0000d07feb618e4e82a53713ccd146b69e5e75ec74189414212999faef90f8c7,600,lru,32209,26552.333333333332,-40991.333333333336
"conversation_trace|l1=0.02,l2x4|pi0|s=1",0000d07feb618e4e82a53713ccd146b69e5e75ec74189414212999faef90f8c7,600,next_use,32209,26552.333333333332,-40991.333333333336
"conversation_trace|l1=0.02,l2x4|pi0|s=1",0000d07feb618e4e82a53713ccd146b69e5e75ec74189414212999faef90f8c7,end,count,43177,68935.66666666667,-58345.666666666664
"conversation_trace|l1=0.02,l2x4|pi0|s=1",0000d07feb618e4e82a53713ccd146b69e5e75ec74189414212999faef90f8c7,end,learned,105921,127281.33333333333,0.0
"conversation_trace|l1=0.02,l2x4|pi0|s=1",0000d07feb618e4e82a53713ccd146b69e5e75ec74189414212999faef90f8c7,end,lfu,113523,106886.0,-20395.333333333332
"conversation_trace|l1=0.02,l2x4|pi0|s=1",0000d07feb618e4e82a53713ccd146b69e5e75ec74189414212999faef90f8c7,end,lru,43177,68935.66666666667,-58345.666666666664
"conversation_trace|l1=0.02,l2x4|pi0|s=1",0000d07feb618e4e82a53713ccd146b69e5e75ec74189414212999faef90f8c7,end,next_use,43177,68935.66666666667,-58345.666666666664
"conversation_trace|l1=0.02,l2x4|pi0|s=1",0008454df0d6a3783bfbff7e1a7c66f42a7bb6d8109b18e25c7f978c5198459f,600,count,39424,34986.666666666664,-7836.0
"conversation_trace|l1=0.02,l2x4|pi0|s=1",0008454df0d6a3783bfbff7e1a7c66f42a7bb6d8109b18e25c7f978c5198459f,600,learned,84480,42822.666666666664,0.0
"conversation_trace|l1=0.02,l2x4|pi0|s=1",0008454df0d6a3783bfbff7e1a7c66f42a7bb6d8109b18e25c7f978c5198459f,600,lfu,84480,42822.666666666664,0.0
"conversation_trace|l1=0.02,l2x4|pi0|s=1",0008454df0d6a3783bfbff7e1a7c66f42a7bb6d8109b18e25c7f978c5198459f,600,lru,39424,34986.666666666664,-7836.0
"conversation_trace|l1=0.02,l2x4|pi0|s=1",0008454df0d6a3783bfbff7e1a7c66f42a7bb6d8109b18e25c7f978c5198459f,600,next_use,39424,34986.666666666664,-7836.0
"conversation_trace|l1=0.02,l2x4|pi0|s=1",0008454df0d6a3783bfbff7e1a7c66f42a7bb6d8109b18e25c7f978c5198459f,end,count,278544,176184.33333333334,96313.66666666667
"conversation_trace|l1=0.02,l2x4|pi0|s=1",0008454df0d6a3783bfbff7e1a7c66f42a7bb6d8109b18e25c7f978c5198459f,end,learned,159028,79870.66666666667,0.0
"conversation_trace|l1=0.02,l2x4|pi0|s=1",0008454df0d6a3783bfbff7e1a7c66f42a7bb6d8109b18e25c7f978c5198459f,end,lfu,159028,79870.66666666667,0.0
"conversation_trace|l1=0.02,l2x4|pi0|s=1",0008454df0d6a3783bfbff7e1a7c66f42a7bb6d8109b18e25c7f978c5198459f,end,lru,278544,176184.33333333334,96313.66666666667
"conversation_trace|l1=0.02,l2x4|pi0|s=1",0008454df0d6a3783bfbff7e1a7c66f42a7bb6d8109b18e25c7f978c5198459f,end,next_use,278544,176184.33333333334,96313.66666666667
"conversation_trace|l1=0.02,l2x4|pi0|s=2",0001d381d0076c8b9fe3bee9b8b10494cc7732697a117cca7195820bf3d602f7,600,count,0,23935.666666666668,-30684.333333333332
"conversation_trace|l1=0.02,l2x4|pi0|s=2",0001d381d0076c8b9fe3bee9b8b10494cc7732697a117cca7195820bf3d602f7,600,learned,32584,54620.0,0.0
"conversation_trace|l1=0.02,l2x4|pi0|s=2",0001d381d0076c8b9fe3bee9b8b10494cc7732697a117cca7195820bf3d602f7,600,lfu,112687,87899.0,33279.0
"conversation_trace|l1=0.02,l2x4|pi0|s=2",0001d381d0076c8b9fe3bee9b8b10494cc7732697a117cca7195820bf3d602f7,600,lru,0,23935.666666666668,-30684.333333333332
"conversation_trace|l1=0.02,l2x4|pi0|s=2",0001d381d0076c8b9fe3bee9b8b10494cc7732697a117cca7195820bf3d602f7,600,next_use,0,23935.666666666668,-30684.333333333332
"conversation_trace|l1=0.02,l2x4|pi0|s=2",0001d381d0076c8b9fe3bee9b8b10494cc7732697a117cca7195820bf3d602f7,end,count,0,24700.0,-44886.666666666664
"conversation_trace|l1=0.02,l2x4|pi0|s=2",0001d381d0076c8b9fe3bee9b8b10494cc7732697a117cca7195820bf3d602f7,end,learned,40310,69586.66666666667,0.0
"conversation_trace|l1=0.02,l2x4|pi0|s=2",0001d381d0076c8b9fe3bee9b8b10494cc7732697a117cca7195820bf3d602f7,end,lfu,189844,131466.33333333334,61879.666666666664
"conversation_trace|l1=0.02,l2x4|pi0|s=2",0001d381d0076c8b9fe3bee9b8b10494cc7732697a117cca7195820bf3d602f7,end,lru,0,24700.0,-44886.666666666664
"conversation_trace|l1=0.02,l2x4|pi0|s=2",0001d381d0076c8b9fe3bee9b8b10494cc7732697a117cca7195820bf3d602f7,end,next_use,0,24700.0,-44886.666666666664
"conversation_trace|l1=0.02,l2x4|pi0|s=2",000217936467a0d5870dcf3600bf9c71ec30bc25205dd4629cceaeca8645672e,600,count,136145,78577.0,-12762.666666666666
"conversation_trace|l1=0.02,l2x4|pi0|s=2",000217936467a0d5870dcf3600bf9c71ec30bc25205dd4629cceaeca8645672e,600,learned,61470,91339.66666666667,0.0
"conversation_trace|l1=0.02,l2x4|pi0|s=2",000217936467a0d5870dcf3600bf9c71ec30bc25205dd4629cceaeca8645672e,600,lfu,61470,91339.66666666667,0.0
"conversation_trace|l1=0.02,l2x4|pi0|s=2",000217936467a0d5870dcf3600bf9c71ec30bc25205dd4629cceaeca8645672e,600,lru,136145,78577.0,-12762.666666666666
"conversation_trace|l1=0.02,l2x4|pi0|s=2",000217936467a0d5870dcf3600bf9c71ec30bc25205dd4629cceaeca8645672e,600,next_use,136145,78577.0,-12762.666666666666
"conversation_trace|l1=0.02,l2x4|pi0|s=2",000217936467a0d5870dcf3600bf9c71ec30bc25205dd4629cceaeca8645672e,end,count,183174,92727.33333333333,-6407.0
"conversation_trace|l1=0.02,l2x4|pi0|s=2",000217936467a0d5870dcf3600bf9c71ec30bc25205dd4629cceaeca8645672e,end,learned,39873,99134.33333333333,0.0
"conversation_trace|l1=0.02,l2x4|pi0|s=2",000217936467a0d5870dcf3600bf9c71ec30bc25205dd4629cceaeca8645672e,end,lfu,39873,99134.33333333333,0.0
"conversation_trace|l1=0.02,l2x4|pi0|s=2",000217936467a0d5870dcf3600bf9c71ec30bc25205dd4629cceaeca8645672e,end,lru,183174,92727.33333333333,-6407.0
"conversation_trace|l1=0.02,l2x4|pi0|s=2",000217936467a0d5870dcf3600bf9c71ec30bc25205dd4629cceaeca8645672e,end,next_use,183174,92727.33333333333,-6407.0
"conversation_trace|l1=0.02,l2x4|pi0|s=3",00000d5d32542a8d04ac4281713c92e11e1b898741bf49f63b9ce6fb250a1e2d,600,count,20480,60892.333333333336,36498.333333333336
"conversation_trace|l1=0.02,l2x4|pi0|s=3",00000d5d32542a8d04ac4281713c92e11e1b898741bf49f63b9ce6fb250a1e2d,600,learned,9684,24394.0,0.0
"conversation_trace|l1=0.02,l2x4|pi0|s=3",00000d5d32542a8d04ac4281713c92e11e1b898741bf49f63b9ce6fb250a1e2d,600,lfu,9684,24394.0,0.0
"conversation_trace|l1=0.02,l2x4|pi0|s=3",00000d5d32542a8d04ac4281713c92e11e1b898741bf49f63b9ce6fb250a1e2d,600,lru,20480,60892.333333333336,36498.333333333336
"conversation_trace|l1=0.02,l2x4|pi0|s=3",00000d5d32542a8d04ac4281713c92e11e1b898741bf49f63b9ce6fb250a1e2d,600,next_use,20480,60892.333333333336,36498.333333333336
"conversation_trace|l1=0.02,l2x4|pi0|s=3",00000d5d32542a8d04ac4281713c92e11e1b898741bf49f63b9ce6fb250a1e2d,end,count,89756,122937.33333333333,12476.666666666666
"conversation_trace|l1=0.02,l2x4|pi0|s=3",00000d5d32542a8d04ac4281713c92e11e1b898741bf49f63b9ce6fb250a1e2d,end,learned,97700,110460.66666666667,0.0
"conversation_trace|l1=0.02,l2x4|pi0|s=3",00000d5d32542a8d04ac4281713c92e11e1b898741bf49f63b9ce6fb250a1e2d,end,lfu,97700,110460.66666666667,0.0
"conversation_trace|l1=0.02,l2x4|pi0|s=3",00000d5d32542a8d04ac4281713c92e11e1b898741bf49f63b9ce6fb250a1e2d,end,lru,89756,122937.33333333333,12476.666666666666
"conversation_trace|l1=0.02,l2x4|pi0|s=3",00000d5d32542a8d04ac4281713c92e11e1b898741bf49f63b9ce6fb250a1e2d,end,next_use,89756,122937.33333333333,12476.666666666666
"conversation_trace|l1=0.02,l2x4|pi0|s=3",0000fd32488c8b011d28811a48d74bdd3fd0e9f19bcc6981c1ad3b4a6757ca0f,600,count,74603,73316.33333333333,12016.666666666666
"conversation_trace|l1=0.02,l2x4|pi0|s=3",0000fd32488c8b011d28811a48d74bdd3fd0e9f19bcc6981c1ad3b4a6757ca0f,600,learned,91596,61299.666666666664,0.0
"conversation_trace|l1=0.02,l2x4|pi0|s=3",0000fd32488c8b011d28811a48d74bdd3fd0e9f19bcc6981c1ad3b4a6757ca0f,600,lfu,35691,54671.0,-6628.666666666667
"conversation_trace|l1=0.02,l2x4|pi0|s=3",0000fd32488c8b011d28811a48d74bdd3fd0e9f19bcc6981c1ad3b4a6757ca0f,600,lru,74603,73316.33333333333,12016.666666666666
"conversation_trace|l1=0.02,l2x4|pi0|s=3",0000fd32488c8b011d28811a48d74bdd3fd0e9f19bcc6981c1ad3b4a6757ca0f,600,next_use,74603,73316.33333333333,12016.666666666666
"conversation_trace|l1=0.02,l2x4|pi0|s=3",0000fd32488c8b011d28811a48d74bdd3fd0e9f19bcc6981c1ad3b4a6757ca0f,end,count,74603,72643.66666666667,12187.333333333334
"conversation_trace|l1=0.02,l2x4|pi0|s=3",0000fd32488c8b011d28811a48d74bdd3fd0e9f19bcc6981c1ad3b4a6757ca0f,end,learned,91566,60456.333333333336,0.0
"conversation_trace|l1=0.02,l2x4|pi0|s=3",0000fd32488c8b011d28811a48d74bdd3fd0e9f19bcc6981c1ad3b4a6757ca0f,end,lfu,35661,60303.0,-153.33333333333334
"conversation_trace|l1=0.02,l2x4|pi0|s=3",0000fd32488c8b011d28811a48d74bdd3fd0e9f19bcc6981c1ad3b4a6757ca0f,end,lru,74603,72643.66666666667,12187.333333333334
"conversation_trace|l1=0.02,l2x4|pi0|s=3",0000fd32488c8b011d28811a48d74bdd3fd0e9f19bcc6981c1ad3b4a6757ca0f,end,next_use,74603,72643.66666666667,12187.333333333334
"conversation_trace|l1=0.02,l2x4|pi0|s=4",00000246f248eb75f94f0c77500a92d8a83b126e14dae452948e96a02f3d6587,600,count,57050,53424.333333333336,398.3333333333333
"conversation_trace|l1=0.02,l2x4|pi0|s=4",00000246f248eb75f94f0c77500a92d8a83b126e14dae452948e96a02f3d6587,600,learned,99295,53026.0,0.0
"conversation_trace|l1=0.02,l2x4|pi0|s=4",00000246f248eb75f94f0c77500a92d8a83b126e14dae452948e96a02f3d6587,600,lfu,126899,79237.0,26211.0
"conversation_trace|l1=0.02,l2x4|pi0|s=4",00000246f248eb75f94f0c77500a92d8a83b126e14dae452948e96a02f3d6587,600,lru,57050,53424.333333333336,398.3333333333333
"conversation_trace|l1=0.02,l2x4|pi0|s=4",00000246f248eb75f94f0c77500a92d8a83b126e14dae452948e96a02f3d6587,600,next_use,57050,53424.333333333336,398.3333333333333
"conversation_trace|l1=0.02,l2x4|pi0|s=4",00000246f248eb75f94f0c77500a92d8a83b126e14dae452948e96a02f3d6587,end,count,52125,71578.33333333333,15235.0
"conversation_trace|l1=0.02,l2x4|pi0|s=4",00000246f248eb75f94f0c77500a92d8a83b126e14dae452948e96a02f3d6587,end,learned,77986,56343.333333333336,0.0
"conversation_trace|l1=0.02,l2x4|pi0|s=4",00000246f248eb75f94f0c77500a92d8a83b126e14dae452948e96a02f3d6587,end,lfu,156727,107007.33333333333,50664.0
"conversation_trace|l1=0.02,l2x4|pi0|s=4",00000246f248eb75f94f0c77500a92d8a83b126e14dae452948e96a02f3d6587,end,lru,52125,71578.33333333333,15235.0
"conversation_trace|l1=0.02,l2x4|pi0|s=4",00000246f248eb75f94f0c77500a92d8a83b126e14dae452948e96a02f3d6587,end,next_use,52125,71578.33333333333,15235.0
"conversation_trace|l1=0.02,l2x4|pi0|s=4",000948700aae2917c93b14df389067891482c6f70528f2f74604c85c324ea9f5,600,count,133351,90871.66666666667,43997.333333333336
"conversation_trace|l1=0.02,l2x4|pi0|s=4",000948700aae2917c93b14df389067891482c6f70528f2f74604c85c324ea9f5,600,learned,36657,46874.333333333336,0.0
"conversation_trace|l1=0.02,l2x4|pi0|s=4",000948700aae2917c93b14df389067891482c6f70528f2f74604c85c324ea9f5,600,lfu,0,7168.0,-39706.333333333336
"conversation_trace|l1=0.02,l2x4|pi0|s=4",000948700aae2917c93b14df389067891482c6f70528f2f74604c85c324ea9f5,600,lru,73447,47128.666666666664,254.33333333333334
"conversation_trace|l1=0.02,l2x4|pi0|s=4",000948700aae2917c93b14df389067891482c6f70528f2f74604c85c324ea9f5,600,next_use,133351,90871.66666666667,43997.333333333336
"conversation_trace|l1=0.02,l2x4|pi0|s=4",000948700aae2917c93b14df389067891482c6f70528f2f74604c85c324ea9f5,end,count,276154,181437.33333333334,129867.33333333333
"conversation_trace|l1=0.02,l2x4|pi0|s=4",000948700aae2917c93b14df389067891482c6f70528f2f74604c85c324ea9f5,end,learned,46335,51570.0,0.0
"conversation_trace|l1=0.02,l2x4|pi0|s=4",000948700aae2917c93b14df389067891482c6f70528f2f74604c85c324ea9f5,end,lfu,0,27939.333333333332,-23630.666666666668
"conversation_trace|l1=0.02,l2x4|pi0|s=4",000948700aae2917c93b14df389067891482c6f70528f2f74604c85c324ea9f5,end,lru,85879,91958.0,40388.0
"conversation_trace|l1=0.02,l2x4|pi0|s=4",000948700aae2917c93b14df389067891482c6f70528f2f74604c85c324ea9f5,end,next_use,276154,181437.33333333334,129867.33333333333
"conversation_trace|l1=0.02,l2x4|pi3|s=0",0001858dc7d39f041bb596d841cc6b74a3c44a570599de8a0071e92b2590047c,600,count,36991,53171.0,-33017.333333333336
"conversation_trace|l1=0.02,l2x4|pi3|s=0",0001858dc7d39f041bb596d841cc6b74a3c44a570599de8a0071e92b2590047c,600,learned,141265,86188.33333333333,0.0
"conversation_trace|l1=0.02,l2x4|pi3|s=0",0001858dc7d39f041bb596d841cc6b74a3c44a570599de8a0071e92b2590047c,600,lfu,66400,68662.0,-17526.333333333332
"conversation_trace|l1=0.02,l2x4|pi3|s=0",0001858dc7d39f041bb596d841cc6b74a3c44a570599de8a0071e92b2590047c,600,lru,36991,53171.0,-33017.333333333336
"conversation_trace|l1=0.02,l2x4|pi3|s=0",0001858dc7d39f041bb596d841cc6b74a3c44a570599de8a0071e92b2590047c,600,next_use,36991,53171.0,-33017.333333333336
"conversation_trace|l1=0.02,l2x4|pi3|s=0",0001858dc7d39f041bb596d841cc6b74a3c44a570599de8a0071e92b2590047c,end,count,48273,59497.666666666664,-36589.333333333336
"conversation_trace|l1=0.02,l2x4|pi3|s=0",0001858dc7d39f041bb596d841cc6b74a3c44a570599de8a0071e92b2590047c,end,learned,152547,96087.0,0.0
"conversation_trace|l1=0.02,l2x4|pi3|s=0",0001858dc7d39f041bb596d841cc6b74a3c44a570599de8a0071e92b2590047c,end,lfu,63346,82498.0,-13589.0
"conversation_trace|l1=0.02,l2x4|pi3|s=0",0001858dc7d39f041bb596d841cc6b74a3c44a570599de8a0071e92b2590047c,end,lru,48273,59497.666666666664,-36589.333333333336
"conversation_trace|l1=0.02,l2x4|pi3|s=0",0001858dc7d39f041bb596d841cc6b74a3c44a570599de8a0071e92b2590047c,end,next_use,48273,59497.666666666664,-36589.333333333336
"conversation_trace|l1=0.02,l2x4|pi3|s=0",0001d29036bf07f100d1df09aecd47b3733687367ab03c174856559f21abdc7b,600,count,89047,72716.0,-4490.333333333333
"conversation_trace|l1=0.02,l2x4|pi3|s=0",0001d29036bf07f100d1df09aecd47b3733687367ab03c174856559f21abdc7b,600,learned,109521,77206.33333333333,0.0
"conversation_trace|l1=0.02,l2x4|pi3|s=0",0001d29036bf07f100d1df09aecd47b3733687367ab03c174856559f21abdc7b,600,lfu,109521,77206.33333333333,0.0
"conversation_trace|l1=0.02,l2x4|pi3|s=0",0001d29036bf07f100d1df09aecd47b3733687367ab03c174856559f21abdc7b,600,lru,89047,72716.0,-4490.333333333333
"conversation_trace|l1=0.02,l2x4|pi3|s=0",0001d29036bf07f100d1df09aecd47b3733687367ab03c174856559f21abdc7b,600,next_use,89047,72716.0,-4490.333333333333
"conversation_trace|l1=0.02,l2x4|pi3|s=0",0001d29036bf07f100d1df09aecd47b3733687367ab03c174856559f21abdc7b,end,count,102871,82666.33333333333,7466.333333333333
"conversation_trace|l1=0.02,l2x4|pi3|s=0",0001d29036bf07f100d1df09aecd47b3733687367ab03c174856559f21abdc7b,end,learned,127953,75200.0,0.0
"conversation_trace|l1=0.02,l2x4|pi3|s=0",0001d29036bf07f100d1df09aecd47b3733687367ab03c174856559f21abdc7b,end,lfu,127953,75200.0,0.0
"conversation_trace|l1=0.02,l2x4|pi3|s=0",0001d29036bf07f100d1df09aecd47b3733687367ab03c174856559f21abdc7b,end,lru,102871,82666.33333333333,7466.333333333333
"conversation_trace|l1=0.02,l2x4|pi3|s=0",0001d29036bf07f100d1df09aecd47b3733687367ab03c174856559f21abdc7b,end,next_use,102871,82666.33333333333,7466.333333333333
"conversation_trace|l1=0.02,l2x4|pi3|s=1",00008259794e065579bf8ab08917afdcfce2515400a1f051039b098438cac0b1,600,count,18991,38619.666666666664,-7578.0
"conversation_trace|l1=0.02,l2x4|pi3|s=1",00008259794e065579bf8ab08917afdcfce2515400a1f051039b098438cac0b1,600,learned,49273,46197.666666666664,0.0
"conversation_trace|l1=0.02,l2x4|pi3|s=1",00008259794e065579bf8ab08917afdcfce2515400a1f051039b098438cac0b1,600,lfu,49273,46197.666666666664,0.0
"conversation_trace|l1=0.02,l2x4|pi3|s=1",00008259794e065579bf8ab08917afdcfce2515400a1f051039b098438cac0b1,600,lru,18991,38619.666666666664,-7578.0
"conversation_trace|l1=0.02,l2x4|pi3|s=1",00008259794e065579bf8ab08917afdcfce2515400a1f051039b098438cac0b1,600,next_use,18991,38619.666666666664,-7578.0
"conversation_trace|l1=0.02,l2x4|pi3|s=1",00008259794e065579bf8ab08917afdcfce2515400a1f051039b098438cac0b1,end,count,93072,48190.0,-41584.0
"conversation_trace|l1=0.02,l2x4|pi3|s=1",00008259794e065579bf8ab08917afdcfce2515400a1f051039b098438cac0b1,end,learned,44636,89774.0,0.0
"conversation_trace|l1=0.02,l2x4|pi3|s=1",00008259794e065579bf8ab08917afdcfce2515400a1f051039b098438cac0b1,end,lfu,44636,89774.0,0.0
"conversation_trace|l1=0.02,l2x4|pi3|s=1",00008259794e065579bf8ab08917afdcfce2515400a1f051039b098438cac0b1,end,lru,93072,48190.0,-41584.0
"conversation_trace|l1=0.02,l2x4|pi3|s=1",00008259794e065579bf8ab08917afdcfce2515400a1f051039b098438cac0b1,end,next_use,93072,48190.0,-41584.0
"conversation_trace|l1=0.02,l2x4|pi3|s=1",0001db5213f790f73212f7b533c20570caab7468a5c5a47740a34f39fb42b5f5,600,count,38335,44345.666666666664,2698.0
"conversation_trace|l1=0.02,l2x4|pi3|s=1",0001db5213f790f73212f7b533c20570caab7468a5c5a47740a34f39fb42b5f5,600,learned,0,41647.666666666664,0.0
"conversation_trace|l1=0.02,l2x4|pi3|s=1",0001db5213f790f73212f7b533c20570caab7468a5c5a47740a34f39fb42b5f5,600,lfu,59327,45881.666666666664,4234.0
"conversation_trace|l1=0.02,l2x4|pi3|s=1",0001db5213f790f73212f7b533c20570caab7468a5c5a47740a34f39fb42b5f5,600,lru,38335,44345.666666666664,2698.0
"conversation_trace|l1=0.02,l2x4|pi3|s=1",0001db5213f790f73212f7b533c20570caab7468a5c5a47740a34f39fb42b5f5,600,next_use,38335,44345.666666666664,2698.0
"conversation_trace|l1=0.02,l2x4|pi3|s=1",0001db5213f790f73212f7b533c20570caab7468a5c5a47740a34f39fb42b5f5,end,count,37311,44175.0,2356.6666666666665
"conversation_trace|l1=0.02,l2x4|pi3|s=1",0001db5213f790f73212f7b533c20570caab7468a5c5a47740a34f39fb42b5f5,end,learned,0,41818.333333333336,0.0
"conversation_trace|l1=0.02,l2x4|pi3|s=1",0001db5213f790f73212f7b533c20570caab7468a5c5a47740a34f39fb42b5f5,end,lfu,58815,46393.666666666664,4575.333333333333
"conversation_trace|l1=0.02,l2x4|pi3|s=1",0001db5213f790f73212f7b533c20570caab7468a5c5a47740a34f39fb42b5f5,end,lru,37311,44175.0,2356.6666666666665
"conversation_trace|l1=0.02,l2x4|pi3|s=1",0001db5213f790f73212f7b533c20570caab7468a5c5a47740a34f39fb42b5f5,end,next_use,37311,44175.0,2356.6666666666665
"conversation_trace|l1=0.02,l2x4|pi3|s=2",00008ee97c4808618bd533e3a731dc0da030b104d7e692526e7f34bee119fd4e,600,count,53331,59059.333333333336,49788.0
"conversation_trace|l1=0.02,l2x4|pi3|s=2",00008ee97c4808618bd533e3a731dc0da030b104d7e692526e7f34bee119fd4e,600,learned,9728,9271.333333333334,0.0
"conversation_trace|l1=0.02,l2x4|pi3|s=2",00008ee97c4808618bd533e3a731dc0da030b104d7e692526e7f34bee119fd4e,600,lfu,89171,97702.33333333333,88431.0
"conversation_trace|l1=0.02,l2x4|pi3|s=2",00008ee97c4808618bd533e3a731dc0da030b104d7e692526e7f34bee119fd4e,600,lru,53331,59059.333333333336,49788.0
"conversation_trace|l1=0.02,l2x4|pi3|s=2",00008ee97c4808618bd533e3a731dc0da030b104d7e692526e7f34bee119fd4e,600,next_use,53331,59059.333333333336,49788.0
"conversation_trace|l1=0.02,l2x4|pi3|s=2",00008ee97c4808618bd533e3a731dc0da030b104d7e692526e7f34bee119fd4e,end,count,48508,68070.33333333333,22695.333333333332
"conversation_trace|l1=0.02,l2x4|pi3|s=2",00008ee97c4808618bd533e3a731dc0da030b104d7e692526e7f34bee119fd4e,end,learned,51591,45375.0,0.0
"conversation_trace|l1=0.02,l2x4|pi3|s=2",00008ee97c4808618bd533e3a731dc0da030b104d7e692526e7f34bee119fd4e,end,lfu,102362,108457.33333333333,63082.333333333336
"conversation_trace|l1=0.02,l2x4|pi3|s=2",00008ee97c4808618bd533e3a731dc0da030b104d7e692526e7f34bee119fd4e,end,lru,48508,68070.33333333333,22695.333333333332
"conversation_trace|l1=0.02,l2x4|pi3|s=2",00008ee97c4808618bd533e3a731dc0da030b104d7e692526e7f34bee119fd4e,end,next_use,48508,68070.33333333333,22695.333333333332
"conversation_trace|l1=0.02,l2x4|pi3|s=2",0000ed2bfcf0bde6718b3913237f875bd1db3afc4f0c7e3b3529ff5b022d842e,600,count,5715,47004.333333333336,-24719.0
"conversation_trace|l1=0.02,l2x4|pi3|s=2",0000ed2bfcf0bde6718b3913237f875bd1db3afc4f0c7e3b3529ff5b022d842e,600,learned,0,71723.33333333333,0.0
"conversation_trace|l1=0.02,l2x4|pi3|s=2",0000ed2bfcf0bde6718b3913237f875bd1db3afc4f0c7e3b3529ff5b022d842e,600,lfu,58090,40097.666666666664,-31625.666666666668
"conversation_trace|l1=0.02,l2x4|pi3|s=2",0000ed2bfcf0bde6718b3913237f875bd1db3afc4f0c7e3b3529ff5b022d842e,600,lru,98816,60785.0,-10938.333333333334
"conversation_trace|l1=0.02,l2x4|pi3|s=2",0000ed2bfcf0bde6718b3913237f875bd1db3afc4f0c7e3b3529ff5b022d842e,600,next_use,5715,47004.333333333336,-24719.0
"conversation_trace|l1=0.02,l2x4|pi3|s=2",0000ed2bfcf0bde6718b3913237f875bd1db3afc4f0c7e3b3529ff5b022d842e,end,count,28237,61167.666666666664,-31241.666666666668
"conversation_trace|l1=0.02,l2x4|pi3|s=2",0000ed2bfcf0bde6718b3913237f875bd1db3afc4f0c7e3b3529ff5b022d842e,end,learned,49658,92409.33333333333,0.0
"conversation_trace|l1=0.02,l2x4|pi3|s=2",0000ed2bfcf0bde6718b3913237f875bd1db3afc4f0c7e3b3529ff5b022d842e,end,lfu,45284,60613.0,-31796.333333333332
"conversation_trace|l1=0.02,l2x4|pi3|s=2",0000ed2bfcf0bde6718b3913237f875bd1db3afc4f0c7e3b3529ff5b022d842e,end,lru,117242,95295.0,2885.6666666666665
"conversation_trace|l1=0.02,l2x4|pi3|s=2",0000ed2bfcf0bde6718b3913237f875bd1db3afc4f0c7e3b3529ff5b022d842e,end,next_use,28237,61167.666666666664,-31241.666666666668
"conversation_trace|l1=0.02,l2x4|pi3|s=3",0000a90098831a029b77f5923ac4c3b9943ce757038a7a43797f5cf2353b84b4,600,count,35535,42789.666666666664,0.0
"conversation_trace|l1=0.02,l2x4|pi3|s=3",0000a90098831a029b77f5923ac4c3b9943ce757038a7a43797f5cf2353b84b4,600,learned,35535,42789.666666666664,0.0
"conversation_trace|l1=0.02,l2x4|pi3|s=3",0000a90098831a029b77f5923ac4c3b9943ce757038a7a43797f5cf2353b84b4,600,lfu,21069,60732.666666666664,17943.0
"conversation_trace|l1=0.02,l2x4|pi3|s=3",0000a90098831a029b77f5923ac4c3b9943ce757038a7a43797f5cf2353b84b4,600,lru,35535,42789.666666666664,0.0
"conversation_trace|l1=0.02,l2x4|pi3|s=3",0000a90098831a029b77f5923ac4c3b9943ce757038a7a43797f5cf2353b84b4,600,next_use,35535,42789.666666666664,0.0
"conversation_trace|l1=0.02,l2x4|pi3|s=3",0000a90098831a029b77f5923ac4c3b9943ce757038a7a43797f5cf2353b84b4,end,count,32888,39108.666666666664,0.0
"conversation_trace|l1=0.02,l2x4|pi3|s=3",0000a90098831a029b77f5923ac4c3b9943ce757038a7a43797f5cf2353b84b4,end,learned,32888,39108.666666666664,0.0
"conversation_trace|l1=0.02,l2x4|pi3|s=3",0000a90098831a029b77f5923ac4c3b9943ce757038a7a43797f5cf2353b84b4,end,lfu,31279,51274.0,12165.333333333334
"conversation_trace|l1=0.02,l2x4|pi3|s=3",0000a90098831a029b77f5923ac4c3b9943ce757038a7a43797f5cf2353b84b4,end,lru,32888,39108.666666666664,0.0
"conversation_trace|l1=0.02,l2x4|pi3|s=3",0000a90098831a029b77f5923ac4c3b9943ce757038a7a43797f5cf2353b84b4,end,next_use,32888,39108.666666666664,0.0
"conversation_trace|l1=0.02,l2x4|pi3|s=3",0000c094096e709d0d4c2dfb2fd14c51725ebbb0d4875c7aef1122bbf0210697,600,count,32768,43423.333333333336,27193.666666666668
"conversation_trace|l1=0.02,l2x4|pi3|s=3",0000c094096e709d0d4c2dfb2fd14c51725ebbb0d4875c7aef1122bbf0210697,600,learned,8743,16229.666666666666,0.0
"conversation_trace|l1=0.02,l2x4|pi3|s=3",0000c094096e709d0d4c2dfb2fd14c51725ebbb0d4875c7aef1122bbf0210697,600,lfu,6739,16627.0,397.3333333333333
"conversation_trace|l1=0.02,l2x4|pi3|s=3",0000c094096e709d0d4c2dfb2fd14c51725ebbb0d4875c7aef1122bbf0210697,600,lru,32768,43423.333333333336,27193.666666666668
"conversation_trace|l1=0.02,l2x4|pi3|s=3",0000c094096e709d0d4c2dfb2fd14c51725ebbb0d4875c7aef1122bbf0210697,600,next_use,32768,43423.333333333336,27193.666666666668
"conversation_trace|l1=0.02,l2x4|pi3|s=3",0000c094096e709d0d4c2dfb2fd14c51725ebbb0d4875c7aef1122bbf0210697,end,count,35434,92647.66666666667,22893.666666666668
"conversation_trace|l1=0.02,l2x4|pi3|s=3",0000c094096e709d0d4c2dfb2fd14c51725ebbb0d4875c7aef1122bbf0210697,end,learned,12361,69754.0,0.0
"conversation_trace|l1=0.02,l2x4|pi3|s=3",0000c094096e709d0d4c2dfb2fd14c51725ebbb0d4875c7aef1122bbf0210697,end,lfu,33326,71339.0,1585.0
"conversation_trace|l1=0.02,l2x4|pi3|s=3",0000c094096e709d0d4c2dfb2fd14c51725ebbb0d4875c7aef1122bbf0210697,end,lru,35434,92647.66666666667,22893.666666666668
"conversation_trace|l1=0.02,l2x4|pi3|s=3",0000c094096e709d0d4c2dfb2fd14c51725ebbb0d4875c7aef1122bbf0210697,end,next_use,35434,92647.66666666667,22893.666666666668
"conversation_trace|l1=0.02,l2x4|pi3|s=4",00008a73866bb6c97fe14ff640e8b2707a14f41bda789764b085e3c89d768c46,600,count,73477,44874.0,-21079.0
"conversation_trace|l1=0.02,l2x4|pi3|s=4",00008a73866bb6c97fe14ff640e8b2707a14f41bda789764b085e3c89d768c46,600,learned,88071,65953.0,0.0
"conversation_trace|l1=0.02,l2x4|pi3|s=4",00008a73866bb6c97fe14ff640e8b2707a14f41bda789764b085e3c89d768c46,600,lfu,88071,65953.0,0.0
"conversation_trace|l1=0.02,l2x4|pi3|s=4",00008a73866bb6c97fe14ff640e8b2707a14f41bda789764b085e3c89d768c46,600,lru,73477,44874.0,-21079.0
"conversation_trace|l1=0.02,l2x4|pi3|s=4",00008a73866bb6c97fe14ff640e8b2707a14f41bda789764b085e3c89d768c46,600,next_use,73477,44874.0,-21079.0
"conversation_trace|l1=0.02,l2x4|pi3|s=4",00008a73866bb6c97fe14ff640e8b2707a14f41bda789764b085e3c89d768c46,end,count,49829,56513.666666666664,-42076.666666666664
"conversation_trace|l1=0.02,l2x4|pi3|s=4",00008a73866bb6c97fe14ff640e8b2707a14f41bda789764b085e3c89d768c46,end,learned,134515,98590.33333333333,0.0
"conversation_trace|l1=0.02,l2x4|pi3|s=4",00008a73866bb6c97fe14ff640e8b2707a14f41bda789764b085e3c89d768c46,end,lfu,134515,98590.33333333333,0.0
"conversation_trace|l1=0.02,l2x4|pi3|s=4",00008a73866bb6c97fe14ff640e8b2707a14f41bda789764b085e3c89d768c46,end,lru,49829,56513.666666666664,-42076.666666666664
"conversation_trace|l1=0.02,l2x4|pi3|s=4",00008a73866bb6c97fe14ff640e8b2707a14f41bda789764b085e3c89d768c46,end,next_use,49829,56513.666666666664,-42076.666666666664
"conversation_trace|l1=0.02,l2x4|pi3|s=4",0004335fd59102af3cc0b8ab32aa619da3fe79fe2b3b431796fe86fd120566d5,600,count,86023,36314.666666666664,-853.3333333333334
"conversation_trace|l1=0.02,l2x4|pi3|s=4",0004335fd59102af3cc0b8ab32aa619da3fe79fe2b3b431796fe86fd120566d5,600,learned,56327,37168.0,0.0
"conversation_trace|l1=0.02,l2x4|pi3|s=4",0004335fd59102af3cc0b8ab32aa619da3fe79fe2b3b431796fe86fd120566d5,600,lfu,54828,40945.333333333336,3777.3333333333335
"conversation_trace|l1=0.02,l2x4|pi3|s=4",0004335fd59102af3cc0b8ab32aa619da3fe79fe2b3b431796fe86fd120566d5,600,lru,86023,36314.666666666664,-853.3333333333334
"conversation_trace|l1=0.02,l2x4|pi3|s=4",0004335fd59102af3cc0b8ab32aa619da3fe79fe2b3b431796fe86fd120566d5,600,next_use,86023,36314.666666666664,-853.3333333333334
"conversation_trace|l1=0.02,l2x4|pi3|s=4",0004335fd59102af3cc0b8ab32aa619da3fe79fe2b3b431796fe86fd120566d5,end,count,208969,127497.33333333333,-7564.333333333333
"conversation_trace|l1=0.02,l2x4|pi3|s=4",0004335fd59102af3cc0b8ab32aa619da3fe79fe2b3b431796fe86fd120566d5,end,learned,162845,135061.66666666666,0.0
"conversation_trace|l1=0.02,l2x4|pi3|s=4",0004335fd59102af3cc0b8ab32aa619da3fe79fe2b3b431796fe86fd120566d5,end,lfu,79757,99516.33333333333,-35545.333333333336
"conversation_trace|l1=0.02,l2x4|pi3|s=4",0004335fd59102af3cc0b8ab32aa619da3fe79fe2b3b431796fe86fd120566d5,end,lru,208969,127497.33333333333,-7564.333333333333
"conversation_trace|l1=0.02,l2x4|pi3|s=4",0004335fd59102af3cc0b8ab32aa619da3fe79fe2b3b431796fe86fd120566d5,end,next_use,208969,127497.33333333333,-7564.333333333333
"toolagent_trace|l1=0.0025,l2x1|pi0|s=0",0000fd790970281011c59c028dc09a57a3ef282640f0112fe9caca7147a0412e,600,count,0,30208.0,10922.666666666666
"toolagent_trace|l1=0.0025,l2x1|pi0|s=0",0000fd790970281011c59c028dc09a57a3ef282640f0112fe9caca7147a0412e,600,learned,5632,19285.333333333332,0.0
"toolagent_trace|l1=0.0025,l2x1|pi0|s=0",0000fd790970281011c59c028dc09a57a3ef282640f0112fe9caca7147a0412e,600,lfu,5632,19285.333333333332,0.0
"toolagent_trace|l1=0.0025,l2x1|pi0|s=0",0000fd790970281011c59c028dc09a57a3ef282640f0112fe9caca7147a0412e,600,lru,0,30208.0,10922.666666666666
"toolagent_trace|l1=0.0025,l2x1|pi0|s=0",0000fd790970281011c59c028dc09a57a3ef282640f0112fe9caca7147a0412e,600,next_use,0,30208.0,10922.666666666666
"toolagent_trace|l1=0.0025,l2x1|pi0|s=0",0000fd790970281011c59c028dc09a57a3ef282640f0112fe9caca7147a0412e,end,count,10324,31950.333333333332,14749.0
"toolagent_trace|l1=0.0025,l2x1|pi0|s=0",0000fd790970281011c59c028dc09a57a3ef282640f0112fe9caca7147a0412e,end,learned,28160,17201.333333333332,0.0
"toolagent_trace|l1=0.0025,l2x1|pi0|s=0",0000fd790970281011c59c028dc09a57a3ef282640f0112fe9caca7147a0412e,end,lfu,28160,17201.333333333332,0.0
"toolagent_trace|l1=0.0025,l2x1|pi0|s=0",0000fd790970281011c59c028dc09a57a3ef282640f0112fe9caca7147a0412e,end,lru,10324,31950.333333333332,14749.0
"toolagent_trace|l1=0.0025,l2x1|pi0|s=0",0000fd790970281011c59c028dc09a57a3ef282640f0112fe9caca7147a0412e,end,next_use,10324,31950.333333333332,14749.0
"toolagent_trace|l1=0.0025,l2x1|pi0|s=0",0002ee8661213d1dcb4656e1e2778adb28bf2083021af06766cf21d16fec7e8c,600,count,50176,22401.0,11649.0
"toolagent_trace|l1=0.0025,l2x1|pi0|s=0",0002ee8661213d1dcb4656e1e2778adb28bf2083021af06766cf21d16fec7e8c,600,learned,19325,10752.0,0.0
"toolagent_trace|l1=0.0025,l2x1|pi0|s=0",0002ee8661213d1dcb4656e1e2778adb28bf2083021af06766cf21d16fec7e8c,600,lfu,19325,10752.0,0.0
"toolagent_trace|l1=0.0025,l2x1|pi0|s=0",0002ee8661213d1dcb4656e1e2778adb28bf2083021af06766cf21d16fec7e8c,600,lru,50176,22401.0,11649.0
"toolagent_trace|l1=0.0025,l2x1|pi0|s=0",0002ee8661213d1dcb4656e1e2778adb28bf2083021af06766cf21d16fec7e8c,600,next_use,50176,22401.0,11649.0
"toolagent_trace|l1=0.0025,l2x1|pi0|s=0",0002ee8661213d1dcb4656e1e2778adb28bf2083021af06766cf21d16fec7e8c,end,count,71811,30807.333333333332,9259.666666666666
"toolagent_trace|l1=0.0025,l2x1|pi0|s=0",0002ee8661213d1dcb4656e1e2778adb28bf2083021af06766cf21d16fec7e8c,end,learned,39936,21547.666666666668,0.0
"toolagent_trace|l1=0.0025,l2x1|pi0|s=0",0002ee8661213d1dcb4656e1e2778adb28bf2083021af06766cf21d16fec7e8c,end,lfu,39936,21547.666666666668,0.0
"toolagent_trace|l1=0.0025,l2x1|pi0|s=0",0002ee8661213d1dcb4656e1e2778adb28bf2083021af06766cf21d16fec7e8c,end,lru,71811,30807.333333333332,9259.666666666666
"toolagent_trace|l1=0.0025,l2x1|pi0|s=0",0002ee8661213d1dcb4656e1e2778adb28bf2083021af06766cf21d16fec7e8c,end,next_use,71811,30807.333333333332,9259.666666666666
"toolagent_trace|l1=0.0025,l2x1|pi0|s=1",0004b67aab61d393ed9190968e0eb2724a4409d4db2e35f92690f3983cb93bcd,600,count,0,18566.666666666668,-18809.333333333332
"toolagent_trace|l1=0.0025,l2x1|pi0|s=1",0004b67aab61d393ed9190968e0eb2724a4409d4db2e35f92690f3983cb93bcd,600,learned,32768,37376.0,0.0
"toolagent_trace|l1=0.0025,l2x1|pi0|s=1",0004b67aab61d393ed9190968e0eb2724a4409d4db2e35f92690f3983cb93bcd,600,lfu,32768,37376.0,0.0
"toolagent_trace|l1=0.0025,l2x1|pi0|s=1",0004b67aab61d393ed9190968e0eb2724a4409d4db2e35f92690f3983cb93bcd,600,lru,29696,30720.0,-6656.0
"toolagent_trace|l1=0.0025,l2x1|pi0|s=1",0004b67aab61d393ed9190968e0eb2724a4409d4db2e35f92690f3983cb93bcd,600,next_use,0,18566.666666666668,-18809.333333333332
"toolagent_trace|l1=0.0025,l2x1|pi0|s=1",0004b67aab61d393ed9190968e0eb2724a4409d4db2e35f92690f3983cb93bcd,end,count,0,10283.666666666666,-9680.666666666666
"toolagent_trace|l1=0.0025,l2x1|pi0|s=1",0004b67aab61d393ed9190968e0eb2724a4409d4db2e35f92690f3983cb93bcd,end,learned,22659,19964.333333333332,0.0
"toolagent_trace|l1=0.0025,l2x1|pi0|s=1",0004b67aab61d393ed9190968e0eb2724a4409d4db2e35f92690f3983cb93bcd,end,lfu,22659,19964.333333333332,0.0
"toolagent_trace|l1=0.0025,l2x1|pi0|s=1",0004b67aab61d393ed9190968e0eb2724a4409d4db2e35f92690f3983cb93bcd,end,lru,19456,32847.666666666664,12883.333333333334
"toolagent_trace|l1=0.0025,l2x1|pi0|s=1",0004b67aab61d393ed9190968e0eb2724a4409d4db2e35f92690f3983cb93bcd,end,next_use,0,10283.666666666666,-9680.666666666666
"toolagent_trace|l1=0.0025,l2x1|pi0|s=1",0005c84f07fa25b055b6e403b13357ddd9fa2960d792da453b15a189c1a8b27c,600,count,17111,16356.666666666666,5672.333333333333
"toolagent_trace|l1=0.0025,l2x1|pi0|s=1",0005c84f07fa25b055b6e403b13357ddd9fa2960d792da453b15a189c1a8b27c,600,learned,5763,10684.333333333334,0.0
"toolagent_trace|l1=0.0025,l2x1|pi0|s=1",0005c84f07fa25b055b6e403b13357ddd9fa2960d792da453b15a189c1a8b27c,600,lfu,8192,9644.666666666666,-1039.6666666666667
"toolagent_trace|l1=0.0025,l2x1|pi0|s=1",0005c84f07fa25b055b6e403b13357ddd9fa2960d792da453b15a189c1a8b27c,600,lru,17111,16356.666666666666,5672.333333333333
"toolagent_trace|l1=0.0025,l2x1|pi0|s=1",0005c84f07fa25b055b6e403b13357ddd9fa2960d792da453b15a189c1a8b27c,600,next_use,17111,16356.666666666666,5672.333333333333
"toolagent_trace|l1=0.0025,l2x1|pi0|s=1",0005c84f07fa25b055b6e403b13357ddd9fa2960d792da453b15a189c1a8b27c,end,count,14039,14777.0,4136.333333333333
"toolagent_trace|l1=0.0025,l2x1|pi0|s=1",0005c84f07fa25b055b6e403b13357ddd9fa2960d792da453b15a189c1a8b27c,end,learned,5763,10640.666666666666,0.0
"toolagent_trace|l1=0.0025,l2x1|pi0|s=1",0005c84f07fa25b055b6e403b13357ddd9fa2960d792da453b15a189c1a8b27c,end,lfu,7680,9430.333333333334,-1210.3333333333333
"toolagent_trace|l1=0.0025,l2x1|pi0|s=1",0005c84f07fa25b055b6e403b13357ddd9fa2960d792da453b15a189c1a8b27c,end,lru,14039,14777.0,4136.333333333333
"toolagent_trace|l1=0.0025,l2x1|pi0|s=1",0005c84f07fa25b055b6e403b13357ddd9fa2960d792da453b15a189c1a8b27c,end,next_use,14039,14777.0,4136.333333333333
"toolagent_trace|l1=0.0025,l2x1|pi0|s=2",0000fc78c45c0f23b1f5a27bd6dd0521000a6255a8921fa8a8559d1ec8007b0c,600,count,38912,20309.333333333332,-1096.0
"toolagent_trace|l1=0.0025,l2x1|pi0|s=2",0000fc78c45c0f23b1f5a27bd6dd0521000a6255a8921fa8a8559d1ec8007b0c,600,learned,28268,21405.333333333332,0.0
"toolagent_trace|l1=0.0025,l2x1|pi0|s=2",0000fc78c45c0f23b1f5a27bd6dd0521000a6255a8921fa8a8559d1ec8007b0c,600,lfu,28268,21405.333333333332,0.0
"toolagent_trace|l1=0.0025,l2x1|pi0|s=2",0000fc78c45c0f23b1f5a27bd6dd0521000a6255a8921fa8a8559d1ec8007b0c,600,lru,69120,42020.0,20614.666666666668
"toolagent_trace|l1=0.0025,l2x1|pi0|s=2",0000fc78c45c0f23b1f5a27bd6dd0521000a6255a8921fa8a8559d1ec8007b0c,600,next_use,38912,20309.333333333332,-1096.0
"toolagent_trace|l1=0.0025,l2x1|pi0|s=2",0000fc78c45c0f23b1f5a27bd6dd0521000a6255a8921fa8a8559d1ec8007b0c,end,count,36352,20138.666666666668,-32.333333333333336
"toolagent_trace|l1=0.0025,l2x1|pi0|s=2",0000fc78c45c0f23b1f5a27bd6dd0521000a6255a8921fa8a8559d1ec8007b0c,end,learned,25327,20171.0,0.0
"toolagent_trace|l1=0.0025,l2x1|pi0|s=2",0000fc78c45c0f23b1f5a27bd6dd0521000a6255a8921fa8a8559d1ec8007b0c,end,lfu,25327,20171.0,0.0
"toolagent_trace|l1=0.0025,l2x1|pi0|s=2",0000fc78c45c0f23b1f5a27bd6dd0521000a6255a8921fa8a8559d1ec8007b0c,end,lru,71811,43969.0,23798.0
"toolagent_trace|l1=0.0025,l2x1|pi0|s=2",0000fc78c45c0f23b1f5a27bd6dd0521000a6255a8921fa8a8559d1ec8007b0c,end,next_use,36352,20138.666666666668,-32.333333333333336
"toolagent_trace|l1=0.0025,l2x1|pi0|s=2",0002b3f3a5d122860cede509be80b8774f70aaf9904ba4d8a2716c66c0beaaf6,600,count,34816,24405.333333333332,15530.666666666666
"toolagent_trace|l1=0.0025,l2x1|pi0|s=2",0002b3f3a5d122860cede509be80b8774f70aaf9904ba4d8a2716c66c0beaaf6,600,learned,23552,8874.666666666666,0.0
"toolagent_trace|l1=0.0025,l2x1|pi0|s=2",0002b3f3a5d122860cede509be80b8774f70aaf9904ba4d8a2716c66c0beaaf6,600,lfu,23552,8874.666666666666,0.0
"toolagent_trace|l1=0.0025,l2x1|pi0|s=2",0002b3f3a5d122860cede509be80b8774f70aaf9904ba4d8a2716c66c0beaaf6,600,lru,27540,24881.333333333332,16006.666666666666
"toolagent_trace|l1=0.0025,l2x1|pi0|s=2",0002b3f3a5d122860cede509be80b8774f70aaf9904ba4d8a2716c66c0beaaf6,600,next_use,34816,24405.333333333332,15530.666666666666
"toolagent_trace|l1=0.0025,l2x1|pi0|s=2",0002b3f3a5d122860cede509be80b8774f70aaf9904ba4d8a2716c66c0beaaf6,end,count,33280,20353.0,11649.0
"toolagent_trace|l1=0.0025,l2x1|pi0|s=2",0002b3f3a5d122860cede509be80b8774f70aaf9904ba4d8a2716c66c0beaaf6,end,learned,26112,8704.0,0.0
"toolagent_trace|l1=0.0025,l2x1|pi0|s=2",0002b3f3a5d122860cede509be80b8774f70aaf9904ba4d8a2716c66c0beaaf6,end,lfu,26112,8704.0,0.0
"toolagent_trace|l1=0.0025,l2x1|pi0|s=2",0002b3f3a5d122860cede509be80b8774f70aaf9904ba4d8a2716c66c0beaaf6,end,lru,25361,24028.0,15324.0
"toolagent_trace|l1=0.0025,l2x1|pi0|s=2",0002b3f3a5d122860cede509be80b8774f70aaf9904ba4d8a2716c66c0beaaf6,end,next_use,33280,20353.0,11649.0
"toolagent_trace|l1=0.0025,l2x1|pi0|s=3",00009fcc9b293118b1acf79f810cd0702857598649e2c171e5de29da5f0e8677,600,count,5632,4437.333333333333,-32184.0
"toolagent_trace|l1=0.0025,l2x1|pi0|s=3",00009fcc9b293118b1acf79f810cd0702857598649e2c171e5de29da5f0e8677,600,learned,37888,36621.333333333336,0.0
"toolagent_trace|l1=0.0025,l2x1|pi0|s=3",00009fcc9b293118b1acf79f810cd0702857598649e2c171e5de29da5f0e8677,600,lfu,0,10240.0,-26381.333333333332
"toolagent_trace|l1=0.0025,l2x1|pi0|s=3",00009fcc9b293118b1acf79f810cd0702857598649e2c171e5de29da5f0e8677,600,lru,5632,4437.333333333333,-32184.0
"toolagent_trace|l1=0.0025,l2x1|pi0|s=3",00009fcc9b293118b1acf79f810cd0702857598649e2c171e5de29da5f0e8677,600,next_use,5632,4437.333333333333,-32184.0
"toolagent_trace|l1=0.0025,l2x1|pi0|s=3",00009fcc9b293118b1acf79f810cd0702857598649e2c171e5de29da5f0e8677,end,count,8835,13526.333333333334,-31203.666666666668
"toolagent_trace|l1=0.0025,l2x1|pi0|s=3",00009fcc9b293118b1acf79f810cd0702857598649e2c171e5de29da5f0e8677,end,learned,50307,44730.0,0.0
"toolagent_trace|l1=0.0025,l2x1|pi0|s=3",00009fcc9b293118b1acf79f810cd0702857598649e2c171e5de29da5f0e8677,end,lfu,3584,6656.0,-38074.0
"toolagent_trace|l1=0.0025,l2x1|pi0|s=3",00009fcc9b293118b1acf79f810cd0702857598649e2c171e5de29da5f0e8677,end,lru,8835,13526.333333333334,-31203.666666666668
"toolagent_trace|l1=0.0025,l2x1|pi0|s=3",00009fcc9b293118b1acf79f810cd0702857598649e2c171e5de29da5f0e8677,end,next_use,8835,13526.333333333334,-31203.666666666668
"toolagent_trace|l1=0.0025,l2x1|pi0|s=3",0002b4bcf2539686a806e9146c348ca87cbc2d254c905d3dd5b1909e77118be9,600,count,16896,30549.333333333332,7680.0
"toolagent_trace|l1=0.0025,l2x1|pi0|s=3",0002b4bcf2539686a806e9146c348ca87cbc2d254c905d3dd5b1909e77118be9,600,learned,52736,22869.333333333332,0.0
"toolagent_trace|l1=0.0025,l2x1|pi0|s=3",0002b4bcf2539686a806e9146c348ca87cbc2d254c905d3dd5b1909e77118be9,600,lfu,52736,22869.333333333332,0.0
"toolagent_trace|l1=0.0025,l2x1|pi0|s=3",0002b4bcf2539686a806e9146c348ca87cbc2d254c905d3dd5b1909e77118be9,600,lru,5632,6826.666666666667,-16042.666666666666
"toolagent_trace|l1=0.0025,l2x1|pi0|s=3",0002b4bcf2539686a806e9146c348ca87cbc2d254c905d3dd5b1909e77118be9,600,next_use,16896,30549.333333333332,7680.0
"toolagent_trace|l1=0.0025,l2x1|pi0|s=3",0002b4bcf2539686a806e9146c348ca87cbc2d254c905d3dd5b1909e77118be9,end,count,40448,26624.0,1790.0
"toolagent_trace|l1=0.0025,l2x1|pi0|s=3",0002b4bcf2539686a806e9146c348ca87cbc2d254c905d3dd5b1909e77118be9,end,learned,61571,24834.0,0.0
"toolagent_trace|l1=0.0025,l2x1|pi0|s=3",0002b4bcf2539686a806e9146c348ca87cbc2d254c905d3dd5b1909e77118be9,end,lfu,61571,24834.0,0.0
"toolagent_trace|l1=0.0025,l2x1|pi0|s=3",0002b4bcf2539686a806e9146c348ca87cbc2d254c905d3dd5b1909e77118be9,end,lru,10752,8065.0,-16769.0
"toolagent_trace|l1=0.0025,l2x1|pi0|s=3",0002b4bcf2539686a806e9146c348ca87cbc2d254c905d3dd5b1909e77118be9,end,next_use,40448,26624.0,1790.0
"toolagent_trace|l1=0.0025,l2x1|pi0|s=4",0000c13833113cd5361d5e59ee08d9724724534527b85809941b0f48c011b8f2,600,count,13955,15661.666666666666,-31359.0
"toolagent_trace|l1=0.0025,l2x1|pi0|s=4",0000c13833113cd5361d5e59ee08d9724724534527b85809941b0f48c011b8f2,600,learned,31875,47020.666666666664,0.0
"toolagent_trace|l1=0.0025,l2x1|pi0|s=4",0000c13833113cd5361d5e59ee08d9724724534527b85809941b0f48c011b8f2,600,lfu,31875,47020.666666666664,0.0
"toolagent_trace|l1=0.0025,l2x1|pi0|s=4",0000c13833113cd5361d5e59ee08d9724724534527b85809941b0f48c011b8f2,600,lru,13955,15661.666666666666,-31359.0
"toolagent_trace|l1=0.0025,l2x1|pi0|s=4",0000c13833113cd5361d5e59ee08d9724724534527b85809941b0f48c011b8f2,600,next_use,13955,15661.666666666666,-31359.0
"toolagent_trace|l1=0.0025,l2x1|pi0|s=4",0000c13833113cd5361d5e59ee08d9724724534527b85809941b0f48c011b8f2,end,count,18563,17027.0,-33065.666666666664
"toolagent_trace|l1=0.0025,l2x1|pi0|s=4",0000c13833113cd5361d5e59ee08d9724724534527b85809941b0f48c011b8f2,end,learned,37507,50092.666666666664,0.0
"toolagent_trace|l1=0.0025,l2x1|pi0|s=4",0000c13833113cd5361d5e59ee08d9724724534527b85809941b0f48c011b8f2,end,lfu,37507,50092.666666666664,0.0
"toolagent_trace|l1=0.0025,l2x1|pi0|s=4",0000c13833113cd5361d5e59ee08d9724724534527b85809941b0f48c011b8f2,end,lru,18563,17027.0,-33065.666666666664
"toolagent_trace|l1=0.0025,l2x1|pi0|s=4",0000c13833113cd5361d5e59ee08d9724724534527b85809941b0f48c011b8f2,end,next_use,18563,17027.0,-33065.666666666664
"toolagent_trace|l1=0.0025,l2x1|pi0|s=4",00032f27905c8f22222f2c2dd9d91d79359dd5071a2a909b5f43cda287363d24,600,count,34304,31402.666666666668,6656.0
"toolagent_trace|l1=0.0025,l2x1|pi0|s=4",00032f27905c8f22222f2c2dd9d91d79359dd5071a2a909b5f43cda287363d24,600,learned,34816,24746.666666666668,0.0
"toolagent_trace|l1=0.0025,l2x1|pi0|s=4",00032f27905c8f22222f2c2dd9d91d79359dd5071a2a909b5f43cda287363d24,600,lfu,34816,24746.666666666668,0.0
"toolagent_trace|l1=0.0025,l2x1|pi0|s=4",00032f27905c8f22222f2c2dd9d91d79359dd5071a2a909b5f43cda287363d24,600,lru,34304,31402.666666666668,6656.0
"toolagent_trace|l1=0.0025,l2x1|pi0|s=4",00032f27905c8f22222f2c2dd9d91d79359dd5071a2a909b5f43cda287363d24,600,next_use,34304,31402.666666666668,6656.0
"toolagent_trace|l1=0.0025,l2x1|pi0|s=4",00032f27905c8f22222f2c2dd9d91d79359dd5071a2a909b5f43cda287363d24,end,count,31232,30771.666666666668,-809.6666666666666
"toolagent_trace|l1=0.0025,l2x1|pi0|s=4",00032f27905c8f22222f2c2dd9d91d79359dd5071a2a909b5f43cda287363d24,end,learned,38912,31581.333333333332,0.0
"toolagent_trace|l1=0.0025,l2x1|pi0|s=4",00032f27905c8f22222f2c2dd9d91d79359dd5071a2a909b5f43cda287363d24,end,lfu,38912,31581.333333333332,0.0
"toolagent_trace|l1=0.0025,l2x1|pi0|s=4",00032f27905c8f22222f2c2dd9d91d79359dd5071a2a909b5f43cda287363d24,end,lru,31232,30771.666666666668,-809.6666666666666
"toolagent_trace|l1=0.0025,l2x1|pi0|s=4",00032f27905c8f22222f2c2dd9d91d79359dd5071a2a909b5f43cda287363d24,end,next_use,31232,30771.666666666668,-809.6666666666666
"toolagent_trace|l1=0.0025,l2x1|pi3|s=0",000010cc0dd59f9930bc9a582adee344022eec84773bc46202ecdaffe53c7507,600,count,8093,17106.666666666668,10385.666666666666
"toolagent_trace|l1=0.0025,l2x1|pi3|s=0",000010cc0dd59f9930bc9a582adee344022eec84773bc46202ecdaffe53c7507,600,learned,0,6721.0,0.0
"toolagent_trace|l1=0.0025,l2x1|pi3|s=0",000010cc0dd59f9930bc9a582adee344022eec84773bc46202ecdaffe53c7507,600,lfu,0,6721.0,0.0
"toolagent_trace|l1=0.0025,l2x1|pi3|s=0",000010cc0dd59f9930bc9a582adee344022eec84773bc46202ecdaffe53c7507,600,lru,8093,17106.666666666668,10385.666666666666
"toolagent_trace|l1=0.0025,l2x1|pi3|s=0",000010cc0dd59f9930bc9a582adee344022eec84773bc46202ecdaffe53c7507,600,next_use,8093,17106.666666666668,10385.666666666666
"toolagent_trace|l1=0.0025,l2x1|pi3|s=0",000010cc0dd59f9930bc9a582adee344022eec84773bc46202ecdaffe53c7507,end,count,8177,17162.666666666668,9787.0
"toolagent_trace|l1=0.0025,l2x1|pi3|s=0",000010cc0dd59f9930bc9a582adee344022eec84773bc46202ecdaffe53c7507,end,learned,0,7375.666666666667,0.0
"toolagent_trace|l1=0.0025,l2x1|pi3|s=0",000010cc0dd59f9930bc9a582adee344022eec84773bc46202ecdaffe53c7507,end,lfu,0,7375.666666666667,0.0
"toolagent_trace|l1=0.0025,l2x1|pi3|s=0",000010cc0dd59f9930bc9a582adee344022eec84773bc46202ecdaffe53c7507,end,lru,8177,17162.666666666668,9787.0
"toolagent_trace|l1=0.0025,l2x1|pi3|s=0",000010cc0dd59f9930bc9a582adee344022eec84773bc46202ecdaffe53c7507,end,next_use,8177,17162.666666666668,9787.0
"toolagent_trace|l1=0.0025,l2x1|pi3|s=0",000108620bf8c014240bdeb40d1882fb72f4cd102c72e5f89f885f6a0bfeeb31,600,count,24981,12645.0,6609.666666666667
"toolagent_trace|l1=0.0025,l2x1|pi3|s=0",000108620bf8c014240bdeb40d1882fb72f4cd102c72e5f89f885f6a0bfeeb31,600,learned,0,6035.333333333333,0.0
"toolagent_trace|l1=0.0025,l2x1|pi3|s=0",000108620bf8c014240bdeb40d1882fb72f4cd102c72e5f89f885f6a0bfeeb31,600,lfu,0,6035.333333333333,0.0
"toolagent_trace|l1=0.0025,l2x1|pi3|s=0",000108620bf8c014240bdeb40d1882fb72f4cd102c72e5f89f885f6a0bfeeb31,600,lru,24981,12645.0,6609.666666666667
"toolagent_trace|l1=0.0025,l2x1|pi3|s=0",000108620bf8c014240bdeb40d1882fb72f4cd102c72e5f89f885f6a0bfeeb31,600,next_use,24981,12645.0,6609.666666666667
"toolagent_trace|l1=0.0025,l2x1|pi3|s=0",000108620bf8c014240bdeb40d1882fb72f4cd102c72e5f89f885f6a0bfeeb31,end,count,25493,12161.0,6808.333333333333
"toolagent_trace|l1=0.0025,l2x1|pi3|s=0",000108620bf8c014240bdeb40d1882fb72f4cd102c72e5f89f885f6a0bfeeb31,end,learned,0,5352.666666666667,0.0
"toolagent_trace|l1=0.0025,l2x1|pi3|s=0",000108620bf8c014240bdeb40d1882fb72f4cd102c72e5f89f885f6a0bfeeb31,end,lfu,0,5352.666666666667,0.0
"toolagent_trace|l1=0.0025,l2x1|pi3|s=0",000108620bf8c014240bdeb40d1882fb72f4cd102c72e5f89f885f6a0bfeeb31,end,lru,25493,12161.0,6808.333333333333
"toolagent_trace|l1=0.0025,l2x1|pi3|s=0",000108620bf8c014240bdeb40d1882fb72f4cd102c72e5f89f885f6a0bfeeb31,end,next_use,25493,12161.0,6808.333333333333
"toolagent_trace|l1=0.0025,l2x1|pi3|s=1",000859e49b52f1b449ef68a4f8d75e1a90d3fa2975aff9ab2ac2650da9540907,600,count,6461,10687.0,5737.666666666667
"toolagent_trace|l1=0.0025,l2x1|pi3|s=1",000859e49b52f1b449ef68a4f8d75e1a90d3fa2975aff9ab2ac2650da9540907,600,learned,0,4949.333333333333,0.0
"toolagent_trace|l1=0.0025,l2x1|pi3|s=1",000859e49b52f1b449ef68a4f8d75e1a90d3fa2975aff9ab2ac2650da9540907,600,lfu,0,4949.333333333333,0.0
"toolagent_trace|l1=0.0025,l2x1|pi3|s=1",000859e49b52f1b449ef68a4f8d75e1a90d3fa2975aff9ab2ac2650da9540907,600,lru,6461,10687.0,5737.666666666667
"toolagent_trace|l1=0.0025,l2x1|pi3|s=1",000859e49b52f1b449ef68a4f8d75e1a90d3fa2975aff9ab2ac2650da9540907,600,next_use,6461,10687.0,5737.666666666667
"toolagent_trace|l1=0.0025,l2x1|pi3|s=1",000859e49b52f1b449ef68a4f8d75e1a90d3fa2975aff9ab2ac2650da9540907,end,count,24925,23106.0,5858.0
"toolagent_trace|l1=0.0025,l2x1|pi3|s=1",000859e49b52f1b449ef68a4f8d75e1a90d3fa2975aff9ab2ac2650da9540907,end,learned,36384,17248.0,0.0
"toolagent_trace|l1=0.0025,l2x1|pi3|s=1",000859e49b52f1b449ef68a4f8d75e1a90d3fa2975aff9ab2ac2650da9540907,end,lfu,36384,17248.0,0.0
"toolagent_trace|l1=0.0025,l2x1|pi3|s=1",000859e49b52f1b449ef68a4f8d75e1a90d3fa2975aff9ab2ac2650da9540907,end,lru,24925,23106.0,5858.0
"toolagent_trace|l1=0.0025,l2x1|pi3|s=1",000859e49b52f1b449ef68a4f8d75e1a90d3fa2975aff9ab2ac2650da9540907,end,next_use,24925,23106.0,5858.0
"toolagent_trace|l1=0.0025,l2x1|pi3|s=1",00096d678881ecd229391e34692988393052fcd97c46a44f25a571b04741723e,600,count,21632,19723.666666666668,-875.6666666666666
"toolagent_trace|l1=0.0025,l2x1|pi3|s=1",00096d678881ecd229391e34692988393052fcd97c46a44f25a571b04741723e,600,learned,29379,20599.333333333332,0.0
"toolagent_trace|l1=0.0025,l2x1|pi3|s=1",00096d678881ecd229391e34692988393052fcd97c46a44f25a571b04741723e,600,lfu,29379,20599.333333333332,0.0
"toolagent_trace|l1=0.0025,l2x1|pi3|s=1",00096d678881ecd229391e34692988393052fcd97c46a44f25a571b04741723e,600,lru,21632,19723.666666666668,-875.6666666666666
"toolagent_trace|l1=0.0025,l2x1|pi3|s=1",00096d678881ecd229391e34692988393052fcd97c46a44f25a571b04741723e,600,next_use,21632,19723.666666666668,-875.6666666666666
"toolagent_trace|l1=0.0025,l2x1|pi3|s=1",00096d678881ecd229391e34692988393052fcd97c46a44f25a571b04741723e,end,count,21632,18518.333333333332,-14358.333333333334
"toolagent_trace|l1=0.0025,l2x1|pi3|s=1",00096d678881ecd229391e34692988393052fcd97c46a44f25a571b04741723e,end,learned,42691,32876.666666666664,0.0
"toolagent_trace|l1=0.0025,l2x1|pi3|s=1",00096d678881ecd229391e34692988393052fcd97c46a44f25a571b04741723e,end,lfu,42691,32876.666666666664,0.0
"toolagent_trace|l1=0.0025,l2x1|pi3|s=1",00096d678881ecd229391e34692988393052fcd97c46a44f25a571b04741723e,end,lru,21632,18518.333333333332,-14358.333333333334
"toolagent_trace|l1=0.0025,l2x1|pi3|s=1",00096d678881ecd229391e34692988393052fcd97c46a44f25a571b04741723e,end,next_use,21632,18518.333333333332,-14358.333333333334
"toolagent_trace|l1=0.0025,l2x1|pi3|s=2",0003d6e4d313b5fda678e12b9567b99abce5f17896a04dec53bd463d84e57d49,600,count,14383,11074.333333333334,3719.0
"toolagent_trace|l1=0.0025,l2x1|pi3|s=2",0003d6e4d313b5fda678e12b9567b99abce5f17896a04dec53bd463d84e57d49,600,learned,0,7355.333333333333,0.0
"toolagent_trace|l1=0.0025,l2x1|pi3|s=2",0003d6e4d313b5fda678e12b9567b99abce5f17896a04dec53bd463d84e57d49,600,lfu,0,7355.333333333333,0.0
"toolagent_trace|l1=0.0025,l2x1|pi3|s=2",0003d6e4d313b5fda678e12b9567b99abce5f17896a04dec53bd463d84e57d49,600,lru,14383,11074.333333333334,3719.0
"toolagent_trace|l1=0.0025,l2x1|pi3|s=2",0003d6e4d313b5fda678e12b9567b99abce5f17896a04dec53bd463d84e57d49,600,next_use,14383,11074.333333333334,3719.0
"toolagent_trace|l1=0.0025,l2x1|pi3|s=2",0003d6e4d313b5fda678e12b9567b99abce5f17896a04dec53bd463d84e57d49,end,count,14895,11757.0,3889.6666666666665
"toolagent_trace|l1=0.0025,l2x1|pi3|s=2",0003d6e4d313b5fda678e12b9567b99abce5f17896a04dec53bd463d84e57d49,end,learned,0,7867.333333333333,0.0
"toolagent_trace|l1=0.0025,l2x1|pi3|s=2",0003d6e4d313b5fda678e12b9567b99abce5f17896a04dec53bd463d84e57d49,end,lfu,0,7867.333333333333,0.0
"toolagent_trace|l1=0.0025,l2x1|pi3|s=2",0003d6e4d313b5fda678e12b9567b99abce5f17896a04dec53bd463d84e57d49,end,lru,14895,11757.0,3889.6666666666665
"toolagent_trace|l1=0.0025,l2x1|pi3|s=2",0003d6e4d313b5fda678e12b9567b99abce5f17896a04dec53bd463d84e57d49,end,next_use,14895,11757.0,3889.6666666666665
"toolagent_trace|l1=0.0025,l2x1|pi3|s=2",00040dc54a1a2e5497615b80f329bff7769a7c7e96f3feec98778a994bfbe2ba,600,count,6548,6826.666666666667,-2261.3333333333335
"toolagent_trace|l1=0.0025,l2x1|pi3|s=2",00040dc54a1a2e5497615b80f329bff7769a7c7e96f3feec98778a994bfbe2ba,600,learned,3572,9088.0,0.0
"toolagent_trace|l1=0.0025,l2x1|pi3|s=2",00040dc54a1a2e5497615b80f329bff7769a7c7e96f3feec98778a994bfbe2ba,600,lfu,3572,9088.0,0.0
"toolagent_trace|l1=0.0025,l2x1|pi3|s=2",00040dc54a1a2e5497615b80f329bff7769a7c7e96f3feec98778a994bfbe2ba,600,lru,6548,6826.666666666667,-2261.3333333333335
"toolagent_trace|l1=0.0025,l2x1|pi3|s=2",00040dc54a1a2e5497615b80f329bff7769a7c7e96f3feec98778a994bfbe2ba,600,next_use,6548,6826.666666666667,-2261.3333333333335
"toolagent_trace|l1=0.0025,l2x1|pi3|s=2",00040dc54a1a2e5497615b80f329bff7769a7c7e96f3feec98778a994bfbe2ba,end,count,8596,11434.666666666666,3029.3333333333335
"toolagent_trace|l1=0.0025,l2x1|pi3|s=2",00040dc54a1a2e5497615b80f329bff7769a7c7e96f3feec98778a994bfbe2ba,end,learned,3572,8405.333333333334,0.0
"toolagent_trace|l1=0.0025,l2x1|pi3|s=2",00040dc54a1a2e5497615b80f329bff7769a7c7e96f3feec98778a994bfbe2ba,end,lfu,3572,8405.333333333334,0.0
"toolagent_trace|l1=0.0025,l2x1|pi3|s=2",00040dc54a1a2e5497615b80f329bff7769a7c7e96f3feec98778a994bfbe2ba,end,lru,8596,11434.666666666666,3029.3333333333335
"toolagent_trace|l1=0.0025,l2x1|pi3|s=2",00040dc54a1a2e5497615b80f329bff7769a7c7e96f3feec98778a994bfbe2ba,end,next_use,8596,11434.666666666666,3029.3333333333335
"toolagent_trace|l1=0.0025,l2x1|pi3|s=3",0000b650d9989efbfee46447065a2be26131b4747b254a3bf2729d81ed26daa8,600,count,0,7850.666666666667,-1794.0
"toolagent_trace|l1=0.0025,l2x1|pi3|s=3",0000b650d9989efbfee46447065a2be26131b4747b254a3bf2729d81ed26daa8,600,learned,1024,9644.666666666666,0.0
"toolagent_trace|l1=0.0025,l2x1|pi3|s=3",0000b650d9989efbfee46447065a2be26131b4747b254a3bf2729d81ed26daa8,600,lfu,1024,9644.666666666666,0.0
"toolagent_trace|l1=0.0025,l2x1|pi3|s=3",0000b650d9989efbfee46447065a2be26131b4747b254a3bf2729d81ed26daa8,600,lru,0,7850.666666666667,-1794.0
"toolagent_trace|l1=0.0025,l2x1|pi3|s=3",0000b650d9989efbfee46447065a2be26131b4747b254a3bf2729d81ed26daa8,600,next_use,0,7850.666666666667,-1794.0
"toolagent_trace|l1=0.0025,l2x1|pi3|s=3",0000b650d9989efbfee46447065a2be26131b4747b254a3bf2729d81ed26daa8,end,count,1417,11235.0,-1282.0
"toolagent_trace|l1=0.0025,l2x1|pi3|s=3",0000b650d9989efbfee46447065a2be26131b4747b254a3bf2729d81ed26daa8,end,learned,0,12517.0,0.0
"toolagent_trace|l1=0.0025,l2x1|pi3|s=3",0000b650d9989efbfee46447065a2be26131b4747b254a3bf2729d81ed26daa8,end,lfu,0,12517.0,0.0
"toolagent_trace|l1=0.0025,l2x1|pi3|s=3",0000b650d9989efbfee46447065a2be26131b4747b254a3bf2729d81ed26daa8,end,lru,1417,11235.0,-1282.0
"toolagent_trace|l1=0.0025,l2x1|pi3|s=3",0000b650d9989efbfee46447065a2be26131b4747b254a3bf2729d81ed26daa8,end,next_use,1417,11235.0,-1282.0
"toolagent_trace|l1=0.0025,l2x1|pi3|s=3",0001f3c87d184919a5200594e3c45836a3a620f4ca9c7427035374b924b61045,600,count,24445,11049.666666666666,-9557.333333333334
"toolagent_trace|l1=0.0025,l2x1|pi3|s=3",0001f3c87d184919a5200594e3c45836a3a620f4ca9c7427035374b924b61045,600,learned,21885,20607.0,0.0
"toolagent_trace|l1=0.0025,l2x1|pi3|s=3",0001f3c87d184919a5200594e3c45836a3a620f4ca9c7427035374b924b61045,600,lfu,21885,20607.0,0.0
"toolagent_trace|l1=0.0025,l2x1|pi3|s=3",0001f3c87d184919a5200594e3c45836a3a620f4ca9c7427035374b924b61045,600,lru,11264,20567.333333333332,-39.666666666666664
"toolagent_trace|l1=0.0025,l2x1|pi3|s=3",0001f3c87d184919a5200594e3c45836a3a620f4ca9c7427035374b924b61045,600,next_use,24445,11049.666666666666,-9557.333333333334
"toolagent_trace|l1=0.0025,l2x1|pi3|s=3",0001f3c87d184919a5200594e3c45836a3a620f4ca9c7427035374b924b61045,end,count,56788,21515.666666666668,-13939.333333333334
"toolagent_trace|l1=0.0025,l2x1|pi3|s=3",0001f3c87d184919a5200594e3c45836a3a620f4ca9c7427035374b924b61045,end,learned,15828,35455.0,0.0
"toolagent_trace|l1=0.0025,l2x1|pi3|s=3",0001f3c87d184919a5200594e3c45836a3a620f4ca9c7427035374b924b61045,end,lfu,15828,35455.0,0.0
"toolagent_trace|l1=0.0025,l2x1|pi3|s=3",0001f3c87d184919a5200594e3c45836a3a620f4ca9c7427035374b924b61045,end,lru,10327,22946.0,-12509.0
"toolagent_trace|l1=0.0025,l2x1|pi3|s=3",0001f3c87d184919a5200594e3c45836a3a620f4ca9c7427035374b924b61045,end,next_use,56788,21515.666666666668,-13939.333333333334
"toolagent_trace|l1=0.0025,l2x1|pi3|s=4",0007cc8c23700f9392ee158d6128984cf79451ccc062f0fd748aaceaf6b2712f,600,count,8105,13936.666666666666,9455.666666666666
"toolagent_trace|l1=0.0025,l2x1|pi3|s=4",0007cc8c23700f9392ee158d6128984cf79451ccc062f0fd748aaceaf6b2712f,600,learned,4227,4481.0,0.0
"toolagent_trace|l1=0.0025,l2x1|pi3|s=4",0007cc8c23700f9392ee158d6128984cf79451ccc062f0fd748aaceaf6b2712f,600,lfu,4227,4481.0,0.0
"toolagent_trace|l1=0.0025,l2x1|pi3|s=4",0007cc8c23700f9392ee158d6128984cf79451ccc062f0fd748aaceaf6b2712f,600,lru,8105,13936.666666666666,9455.666666666666
"toolagent_trace|l1=0.0025,l2x1|pi3|s=4",0007cc8c23700f9392ee158d6128984cf79451ccc062f0fd748aaceaf6b2712f,600,next_use,8105,13936.666666666666,9455.666666666666
"toolagent_trace|l1=0.0025,l2x1|pi3|s=4",0007cc8c23700f9392ee158d6128984cf79451ccc062f0fd748aaceaf6b2712f,end,count,7081,14882.333333333334,5530.333333333333
"toolagent_trace|l1=0.0025,l2x1|pi3|s=4",0007cc8c23700f9392ee158d6128984cf79451ccc062f0fd748aaceaf6b2712f,end,learned,2691,9352.0,0.0
"toolagent_trace|l1=0.0025,l2x1|pi3|s=4",0007cc8c23700f9392ee158d6128984cf79451ccc062f0fd748aaceaf6b2712f,end,lfu,2691,9352.0,0.0
"toolagent_trace|l1=0.0025,l2x1|pi3|s=4",0007cc8c23700f9392ee158d6128984cf79451ccc062f0fd748aaceaf6b2712f,end,lru,7081,14882.333333333334,5530.333333333333
"toolagent_trace|l1=0.0025,l2x1|pi3|s=4",0007cc8c23700f9392ee158d6128984cf79451ccc062f0fd748aaceaf6b2712f,end,next_use,7081,14882.333333333334,5530.333333333333
"toolagent_trace|l1=0.0025,l2x1|pi3|s=4",0009db553a8b04827b3d7280adfb35913a548957de4a21f2188823a5ca829fe9,600,count,2941,17364.333333333332,3199.0
"toolagent_trace|l1=0.0025,l2x1|pi3|s=4",0009db553a8b04827b3d7280adfb35913a548957de4a21f2188823a5ca829fe9,600,learned,0,14165.333333333334,0.0
"toolagent_trace|l1=0.0025,l2x1|pi3|s=4",0009db553a8b04827b3d7280adfb35913a548957de4a21f2188823a5ca829fe9,600,lfu,0,14165.333333333334,0.0
"toolagent_trace|l1=0.0025,l2x1|pi3|s=4",0009db553a8b04827b3d7280adfb35913a548957de4a21f2188823a5ca829fe9,600,lru,1536,17622.333333333332,3457.0
"toolagent_trace|l1=0.0025,l2x1|pi3|s=4",0009db553a8b04827b3d7280adfb35913a548957de4a21f2188823a5ca829fe9,600,next_use,2941,17364.333333333332,3199.0
"toolagent_trace|l1=0.0025,l2x1|pi3|s=4",0009db553a8b04827b3d7280adfb35913a548957de4a21f2188823a5ca829fe9,end,count,11264,29657.333333333332,12876.666666666666
"toolagent_trace|l1=0.0025,l2x1|pi3|s=4",0009db553a8b04827b3d7280adfb35913a548957de4a21f2188823a5ca829fe9,end,learned,6906,16780.666666666668,0.0
"toolagent_trace|l1=0.0025,l2x1|pi3|s=4",0009db553a8b04827b3d7280adfb35913a548957de4a21f2188823a5ca829fe9,end,lfu,6906,16780.666666666668,0.0
"toolagent_trace|l1=0.0025,l2x1|pi3|s=4",0009db553a8b04827b3d7280adfb35913a548957de4a21f2188823a5ca829fe9,end,lru,27930,36774.0,19993.333333333332
"toolagent_trace|l1=0.0025,l2x1|pi3|s=4",0009db553a8b04827b3d7280adfb35913a548957de4a21f2188823a5ca829fe9,end,next_use,11264,29657.333333333332,12876.666666666666
"toolagent_trace|l1=0.02,l2x4|pi0|s=0",0001816b21c0c0e4243de44eb14ebe94d607c05d2a221893dcc2c7daa3c4955a,600,count,26101,37947.0,-12594.0
"toolagent_trace|l1=0.02,l2x4|pi0|s=0",0001816b21c0c0e4243de44eb14ebe94d607c05d2a221893dcc2c7daa3c4955a,600,learned,80003,50541.0,0.0
"toolagent_trace|l1=0.02,l2x4|pi0|s=0",0001816b21c0c0e4243de44eb14ebe94d607c05d2a221893dcc2c7daa3c4955a,600,lfu,40921,45697.0,-4844.0
"toolagent_trace|l1=0.02,l2x4|pi0|s=0",0001816b21c0c0e4243de44eb14ebe94d607c05d2a221893dcc2c7daa3c4955a,600,lru,26101,37947.0,-12594.0
"toolagent_trace|l1=0.02,l2x4|pi0|s=0",0001816b21c0c0e4243de44eb14ebe94d607c05d2a221893dcc2c7daa3c4955a,600,next_use,26101,37947.0,-12594.0
"toolagent_trace|l1=0.02,l2x4|pi0|s=0",0001816b21c0c0e4243de44eb14ebe94d607c05d2a221893dcc2c7daa3c4955a,end,count,26101,37947.0,-12764.666666666666
"toolagent_trace|l1=0.02,l2x4|pi0|s=0",0001816b21c0c0e4243de44eb14ebe94d607c05d2a221893dcc2c7daa3c4955a,end,learned,80003,50711.666666666664,0.0
"toolagent_trace|l1=0.02,l2x4|pi0|s=0",0001816b21c0c0e4243de44eb14ebe94d607c05d2a221893dcc2c7daa3c4955a,end,lfu,40921,45697.0,-5014.666666666667
"toolagent_trace|l1=0.02,l2x4|pi0|s=0",0001816b21c0c0e4243de44eb14ebe94d607c05d2a221893dcc2c7daa3c4955a,end,lru,26101,37947.0,-12764.666666666666
"toolagent_trace|l1=0.02,l2x4|pi0|s=0",0001816b21c0c0e4243de44eb14ebe94d607c05d2a221893dcc2c7daa3c4955a,end,next_use,26101,37947.0,-12764.666666666666
"toolagent_trace|l1=0.02,l2x4|pi0|s=0",00020c5e5481d1bb956464e11a083051dfb12d1bb628363c5ed9e2f55b8b0e10,600,count,79939,86482.0,36376.0
"toolagent_trace|l1=0.02,l2x4|pi0|s=0",00020c5e5481d1bb956464e11a083051dfb12d1bb628363c5ed9e2f55b8b0e10,600,learned,41683,50106.0,0.0
"toolagent_trace|l1=0.02,l2x4|pi0|s=0",00020c5e5481d1bb956464e11a083051dfb12d1bb628363c5ed9e2f55b8b0e10,600,lfu,41683,50106.0,0.0
"toolagent_trace|l1=0.02,l2x4|pi0|s=0",00020c5e5481d1bb956464e11a083051dfb12d1bb628363c5ed9e2f55b8b0e10,600,lru,43138,56011.0,5905.0
"toolagent_trace|l1=0.02,l2x4|pi0|s=0",00020c5e5481d1bb956464e11a083051dfb12d1bb628363c5ed9e2f55b8b0e10,600,next_use,79939,86482.0,36376.0
"toolagent_trace|l1=0.02,l2x4|pi0|s=0",00020c5e5481d1bb956464e11a083051dfb12d1bb628363c5ed9e2f55b8b0e10,end,count,84959,102492.0,43503.0
"toolagent_trace|l1=0.02,l2x4|pi0|s=0",00020c5e5481d1bb956464e11a083051dfb12d1bb628363c5ed9e2f55b8b0e10,end,learned,60163,58989.0,0.0
"toolagent_trace|l1=0.02,l2x4|pi0|s=0",00020c5e5481d1bb956464e11a083051dfb12d1bb628363c5ed9e2f55b8b0e10,end,lfu,60163,58989.0,0.0
"toolagent_trace|l1=0.02,l2x4|pi0|s=0",00020c5e5481d1bb956464e11a083051dfb12d1bb628363c5ed9e2f55b8b0e10,end,lru,30687,51131.0,-7858.0
"toolagent_trace|l1=0.02,l2x4|pi0|s=0",00020c5e5481d1bb956464e11a083051dfb12d1bb628363c5ed9e2f55b8b0e10,end,next_use,84959,102492.0,43503.0
"toolagent_trace|l1=0.02,l2x4|pi0|s=1",000265c37c35f35aaf4a40a1839159578a8bd2cba67e207d21c0982de0af4779,600,count,74060,29076.666666666668,-35790.0
"toolagent_trace|l1=0.02,l2x4|pi0|s=1",000265c37c35f35aaf4a40a1839159578a8bd2cba67e207d21c0982de0af4779,600,learned,48404,64866.666666666664,0.0
"toolagent_trace|l1=0.02,l2x4|pi0|s=1",000265c37c35f35aaf4a40a1839159578a8bd2cba67e207d21c0982de0af4779,600,lfu,48404,64866.666666666664,0.0
"toolagent_trace|l1=0.02,l2x4|pi0|s=1",000265c37c35f35aaf4a40a1839159578a8bd2cba67e207d21c0982de0af4779,600,lru,74060,29076.666666666668,-35790.0
"toolagent_trace|l1=0.02,l2x4|pi0|s=1",000265c37c35f35aaf4a40a1839159578a8bd2cba67e207d21c0982de0af4779,600,next_use,74060,29076.666666666668,-35790.0
"toolagent_trace|l1=0.02,l2x4|pi0|s=1",000265c37c35f35aaf4a40a1839159578a8bd2cba67e207d21c0982de0af4779,end,count,99026,56029.666666666664,-40607.333333333336
"toolagent_trace|l1=0.02,l2x4|pi0|s=1",000265c37c35f35aaf4a40a1839159578a8bd2cba67e207d21c0982de0af4779,end,learned,99240,96637.0,0.0
"toolagent_trace|l1=0.02,l2x4|pi0|s=1",000265c37c35f35aaf4a40a1839159578a8bd2cba67e207d21c0982de0af4779,end,lfu,99240,96637.0,0.0
"toolagent_trace|l1=0.02,l2x4|pi0|s=1",000265c37c35f35aaf4a40a1839159578a8bd2cba67e207d21c0982de0af4779,end,lru,99026,56029.666666666664,-40607.333333333336
"toolagent_trace|l1=0.02,l2x4|pi0|s=1",000265c37c35f35aaf4a40a1839159578a8bd2cba67e207d21c0982de0af4779,end,next_use,99026,56029.666666666664,-40607.333333333336
"toolagent_trace|l1=0.02,l2x4|pi0|s=1",000270aa14c12377979952c7489efc5b7bc48f088481efc6d96cac89c6cbc962,600,count,17864,58897.333333333336,8282.0
"toolagent_trace|l1=0.02,l2x4|pi0|s=1",000270aa14c12377979952c7489efc5b7bc48f088481efc6d96cac89c6cbc962,600,learned,47793,50615.333333333336,0.0
"toolagent_trace|l1=0.02,l2x4|pi0|s=1",000270aa14c12377979952c7489efc5b7bc48f088481efc6d96cac89c6cbc962,600,lfu,118517,89768.33333333333,39153.0
"toolagent_trace|l1=0.02,l2x4|pi0|s=1",000270aa14c12377979952c7489efc5b7bc48f088481efc6d96cac89c6cbc962,600,lru,17864,58897.333333333336,8282.0
"toolagent_trace|l1=0.02,l2x4|pi0|s=1",000270aa14c12377979952c7489efc5b7bc48f088481efc6d96cac89c6cbc962,600,next_use,17864,58897.333333333336,8282.0
"toolagent_trace|l1=0.02,l2x4|pi0|s=1",000270aa14c12377979952c7489efc5b7bc48f088481efc6d96cac89c6cbc962,end,count,48002,90133.0,27581.0
"toolagent_trace|l1=0.02,l2x4|pi0|s=1",000270aa14c12377979952c7489efc5b7bc48f088481efc6d96cac89c6cbc962,end,learned,102594,62552.0,0.0
"toolagent_trace|l1=0.02,l2x4|pi0|s=1",000270aa14c12377979952c7489efc5b7bc48f088481efc6d96cac89c6cbc962,end,lfu,150854,122274.0,59722.0
"toolagent_trace|l1=0.02,l2x4|pi0|s=1",000270aa14c12377979952c7489efc5b7bc48f088481efc6d96cac89c6cbc962,end,lru,48002,90133.0,27581.0
"toolagent_trace|l1=0.02,l2x4|pi0|s=1",000270aa14c12377979952c7489efc5b7bc48f088481efc6d96cac89c6cbc962,end,next_use,48002,90133.0,27581.0
"toolagent_trace|l1=0.02,l2x4|pi0|s=2",000299004aa96bce3f52eaea7a095c815ae36f3690da2fdb789d26036c5846c1,600,count,101683,101187.66666666667,80578.66666666667
"toolagent_trace|l1=0.02,l2x4|pi0|s=2",000299004aa96bce3f52eaea7a095c815ae36f3690da2fdb789d26036c5846c1,600,learned,52119,20609.0,0.0
"toolagent_trace|l1=0.02,l2x4|pi0|s=2",000299004aa96bce3f52eaea7a095c815ae36f3690da2fdb789d26036c5846c1,600,lfu,52119,20609.0,0.0
"toolagent_trace|l1=0.02,l2x4|pi0|s=2",000299004aa96bce3f52eaea7a095c815ae36f3690da2fdb789d26036c5846c1,600,lru,101683,101187.66666666667,80578.66666666667
"toolagent_trace|l1=0.02,l2x4|pi0|s=2",000299004aa96bce3f52eaea7a095c815ae36f3690da2fdb789d26036c5846c1,600,next_use,101683,101187.66666666667,80578.66666666667
"toolagent_trace|l1=0.02,l2x4|pi0|s=2",000299004aa96bce3f52eaea7a095c815ae36f3690da2fdb789d26036c5846c1,end,count,101683,100685.66666666667,79223.33333333333
"toolagent_trace|l1=0.02,l2x4|pi0|s=2",000299004aa96bce3f52eaea7a095c815ae36f3690da2fdb789d26036c5846c1,end,learned,53143,21462.333333333332,0.0
"toolagent_trace|l1=0.02,l2x4|pi0|s=2",000299004aa96bce3f52eaea7a095c815ae36f3690da2fdb789d26036c5846c1,end,lfu,53143,21462.333333333332,0.0
"toolagent_trace|l1=0.02,l2x4|pi0|s=2",000299004aa96bce3f52eaea7a095c815ae36f3690da2fdb789d26036c5846c1,end,lru,101683,100685.66666666667,79223.33333333333
"toolagent_trace|l1=0.02,l2x4|pi0|s=2",000299004aa96bce3f52eaea7a095c815ae36f3690da2fdb789d26036c5846c1,end,next_use,101683,100685.66666666667,79223.33333333333
"toolagent_trace|l1=0.02,l2x4|pi0|s=2",0002e081d682c5fb35c5b323dbaa3fae4f5e6bd2afbd7455706b54dd6e7bd440,600,count,32449,12779.666666666666,-41530.666666666664
"toolagent_trace|l1=0.02,l2x4|pi0|s=2",0002e081d682c5fb35c5b323dbaa3fae4f5e6bd2afbd7455706b54dd6e7bd440,600,learned,0,54310.333333333336,0.0
"toolagent_trace|l1=0.02,l2x4|pi0|s=2",0002e081d682c5fb35c5b323dbaa3fae4f5e6bd2afbd7455706b54dd6e7bd440,600,lfu,53465,76982.0,22671.666666666668
"toolagent_trace|l1=0.02,l2x4|pi0|s=2",0002e081d682c5fb35c5b323dbaa3fae4f5e6bd2afbd7455706b54dd6e7bd440,600,lru,32449,12779.666666666666,-41530.666666666664
"toolagent_trace|l1=0.02,l2x4|pi0|s=2",0002e081d682c5fb35c5b323dbaa3fae4f5e6bd2afbd7455706b54dd6e7bd440,600,next_use,32449,12779.666666666666,-41530.666666666664
"toolagent_trace|l1=0.02,l2x4|pi0|s=2",0002e081d682c5fb35c5b323dbaa3fae4f5e6bd2afbd7455706b54dd6e7bd440,end,count,0,6331.0,-54259.666666666664
"toolagent_trace|l1=0.02,l2x4|pi0|s=2",0002e081d682c5fb35c5b323dbaa3fae4f5e6bd2afbd7455706b54dd6e7bd440,end,learned,1669,60590.666666666664,0.0
"toolagent_trace|l1=0.02,l2x4|pi0|s=2",0002e081d682c5fb35c5b323dbaa3fae4f5e6bd2afbd7455706b54dd6e7bd440,end,lfu,4120,56504.666666666664,-4086.0
"toolagent_trace|l1=0.02,l2x4|pi0|s=2",0002e081d682c5fb35c5b323dbaa3fae4f5e6bd2afbd7455706b54dd6e7bd440,end,lru,0,6331.0,-54259.666666666664
"toolagent_trace|l1=0.02,l2x4|pi0|s=2",0002e081d682c5fb35c5b323dbaa3fae4f5e6bd2afbd7455706b54dd6e7bd440,end,next_use,0,6331.0,-54259.666666666664
"toolagent_trace|l1=0.02,l2x4|pi0|s=3",0000e11b40cbe4f1774bda87e6484f10923e59e038d7b366c2bed497cc05e340,600,count,115850,62218.0,8896.666666666666
"toolagent_trace|l1=0.02,l2x4|pi0|s=3",0000e11b40cbe4f1774bda87e6484f10923e59e038d7b366c2bed497cc05e340,600,learned,47048,53321.333333333336,0.0
"toolagent_trace|l1=0.02,l2x4|pi0|s=3",0000e11b40cbe4f1774bda87e6484f10923e59e038d7b366c2bed497cc05e340,600,lfu,81441,66535.33333333333,13214.0
"toolagent_trace|l1=0.02,l2x4|pi0|s=3",0000e11b40cbe4f1774bda87e6484f10923e59e038d7b366c2bed497cc05e340,600,lru,115850,62218.0,8896.666666666666
"toolagent_trace|l1=0.02,l2x4|pi0|s=3",0000e11b40cbe4f1774bda87e6484f10923e59e038d7b366c2bed497cc05e340,600,next_use,115850,62218.0,8896.666666666666
"toolagent_trace|l1=0.02,l2x4|pi0|s=3",0000e11b40cbe4f1774bda87e6484f10923e59e038d7b366c2bed497cc05e340,end,count,48566,71778.0,21039.666666666668
"toolagent_trace|l1=0.02,l2x4|pi0|s=3",0000e11b40cbe4f1774bda87e6484f10923e59e038d7b366c2bed497cc05e340,end,learned,0,50738.333333333336,0.0
"toolagent_trace|l1=0.02,l2x4|pi0|s=3",0000e11b40cbe4f1774bda87e6484f10923e59e038d7b366c2bed497cc05e340,end,lfu,57847,100596.0,49857.666666666664
"toolagent_trace|l1=0.02,l2x4|pi0|s=3",0000e11b40cbe4f1774bda87e6484f10923e59e038d7b366c2bed497cc05e340,end,lru,48566,71778.0,21039.666666666668
"toolagent_trace|l1=0.02,l2x4|pi0|s=3",0000e11b40cbe4f1774bda87e6484f10923e59e038d7b366c2bed497cc05e340,end,next_use,48566,71778.0,21039.666666666668
"toolagent_trace|l1=0.02,l2x4|pi0|s=3",00018f6ab1a9ffe31d52e0bdc8600cc93b0ef04edef8860a53a4c6aaf6a91b25,600,count,33915,49367.0,5318.666666666667
"toolagent_trace|l1=0.02,l2x4|pi0|s=3",00018f6ab1a9ffe31d52e0bdc8600cc93b0ef04edef8860a53a4c6aaf6a91b25,600,learned,23803,44048.333333333336,0.0
"toolagent_trace|l1=0.02,l2x4|pi0|s=3",00018f6ab1a9ffe31d52e0bdc8600cc93b0ef04edef8860a53a4c6aaf6a91b25,600,lfu,52499,77005.0,32956.666666666664
"toolagent_trace|l1=0.02,l2x4|pi0|s=3",00018f6ab1a9ffe31d52e0bdc8600cc93b0ef04edef8860a53a4c6aaf6a91b25,600,lru,33915,49367.0,5318.666666666667
"toolagent_trace|l1=0.02,l2x4|pi0|s=3",00018f6ab1a9ffe31d52e0bdc8600cc93b0ef04edef8860a53a4c6aaf6a91b25,600,next_use,33915,49367.0,5318.666666666667
"toolagent_trace|l1=0.02,l2x4|pi0|s=3",00018f6ab1a9ffe31d52e0bdc8600cc93b0ef04edef8860a53a4c6aaf6a91b25,end,count,74200,76221.66666666667,2755.0
"toolagent_trace|l1=0.02,l2x4|pi0|s=3",00018f6ab1a9ffe31d52e0bdc8600cc93b0ef04edef8860a53a4c6aaf6a91b25,end,learned,7126,73466.66666666667,0.0
"toolagent_trace|l1=0.02,l2x4|pi0|s=3",00018f6ab1a9ffe31d52e0bdc8600cc93b0ef04edef8860a53a4c6aaf6a91b25,end,lfu,107466,159066.66666666666,85600.0
"toolagent_trace|l1=0.02,l2x4|pi0|s=3",00018f6ab1a9ffe31d52e0bdc8600cc93b0ef04edef8860a53a4c6aaf6a91b25,end,lru,74200,76221.66666666667,2755.0
"toolagent_trace|l1=0.02,l2x4|pi0|s=3",00018f6ab1a9ffe31d52e0bdc8600cc93b0ef04edef8860a53a4c6aaf6a91b25,end,next_use,74200,76221.66666666667,2755.0
"toolagent_trace|l1=0.02,l2x4|pi0|s=4",00016c0a2a7031c064793c037bdcfd18d762dd94ffe7d745039cb1924444e988,600,count,0,39538.333333333336,-2082.6666666666665
"toolagent_trace|l1=0.02,l2x4|pi0|s=4",00016c0a2a7031c064793c037bdcfd18d762dd94ffe7d745039cb1924444e988,600,learned,6109,41621.0,0.0
"toolagent_trace|l1=0.02,l2x4|pi0|s=4",00016c0a2a7031c064793c037bdcfd18d762dd94ffe7d745039cb1924444e988,600,lfu,21382,13822.666666666666,-27798.333333333332
"toolagent_trace|l1=0.02,l2x4|pi0|s=4",00016c0a2a7031c064793c037bdcfd18d762dd94ffe7d745039cb1924444e988,600,lru,0,39538.333333333336,-2082.6666666666665
"toolagent_trace|l1=0.02,l2x4|pi0|s=4",00016c0a2a7031c064793c037bdcfd18d762dd94ffe7d745039cb1924444e988,600,next_use,0,39538.333333333336,-2082.6666666666665
"toolagent_trace|l1=0.02,l2x4|pi0|s=4",00016c0a2a7031c064793c037bdcfd18d762dd94ffe7d745039cb1924444e988,end,count,0,39197.0,-6670.666666666667
"toolagent_trace|l1=0.02,l2x4|pi0|s=4",00016c0a2a7031c064793c037bdcfd18d762dd94ffe7d745039cb1924444e988,end,learned,17343,45867.666666666664,0.0
"toolagent_trace|l1=0.02,l2x4|pi0|s=4",00016c0a2a7031c064793c037bdcfd18d762dd94ffe7d745039cb1924444e988,end,lfu,8582,10921.333333333334,-34946.333333333336
"toolagent_trace|l1=0.02,l2x4|pi0|s=4",00016c0a2a7031c064793c037bdcfd18d762dd94ffe7d745039cb1924444e988,end,lru,0,39197.0,-6670.666666666667
"toolagent_trace|l1=0.02,l2x4|pi0|s=4",00016c0a2a7031c064793c037bdcfd18d762dd94ffe7d745039cb1924444e988,end,next_use,0,39197.0,-6670.666666666667
"toolagent_trace|l1=0.02,l2x4|pi0|s=4",000252fd992129ed8e3c24a217feea514d7267ffe92ccd540a6981f49cc0422e,600,count,44997,24064.0,0.0
"toolagent_trace|l1=0.02,l2x4|pi0|s=4",000252fd992129ed8e3c24a217feea514d7267ffe92ccd540a6981f49cc0422e,600,learned,44997,24064.0,0.0
"toolagent_trace|l1=0.02,l2x4|pi0|s=4",000252fd992129ed8e3c24a217feea514d7267ffe92ccd540a6981f49cc0422e,600,lfu,44997,24064.0,0.0
"toolagent_trace|l1=0.02,l2x4|pi0|s=4",000252fd992129ed8e3c24a217feea514d7267ffe92ccd540a6981f49cc0422e,600,lru,15813,33609.666666666664,9545.666666666666
"toolagent_trace|l1=0.02,l2x4|pi0|s=4",000252fd992129ed8e3c24a217feea514d7267ffe92ccd540a6981f49cc0422e,600,next_use,44997,24064.0,0.0
"toolagent_trace|l1=0.02,l2x4|pi0|s=4",000252fd992129ed8e3c24a217feea514d7267ffe92ccd540a6981f49cc0422e,end,count,65788,28850.0,0.0
"toolagent_trace|l1=0.02,l2x4|pi0|s=4",000252fd992129ed8e3c24a217feea514d7267ffe92ccd540a6981f49cc0422e,end,learned,65788,28850.0,0.0
"toolagent_trace|l1=0.02,l2x4|pi0|s=4",000252fd992129ed8e3c24a217feea514d7267ffe92ccd540a6981f49cc0422e,end,lfu,65788,28850.0,0.0
"toolagent_trace|l1=0.02,l2x4|pi0|s=4",000252fd992129ed8e3c24a217feea514d7267ffe92ccd540a6981f49cc0422e,end,lru,120644,81598.33333333333,52748.333333333336
"toolagent_trace|l1=0.02,l2x4|pi0|s=4",000252fd992129ed8e3c24a217feea514d7267ffe92ccd540a6981f49cc0422e,end,next_use,65788,28850.0,0.0
"toolagent_trace|l1=0.02,l2x4|pi3|s=0",0000fcdaf4e9308400ec985766b171c6cfb08b16cb0314b8b4f5b742c71aa164,600,count,20280,30963.333333333332,-24458.333333333332
"toolagent_trace|l1=0.02,l2x4|pi3|s=0",0000fcdaf4e9308400ec985766b171c6cfb08b16cb0314b8b4f5b742c71aa164,600,learned,53137,55421.666666666664,0.0
"toolagent_trace|l1=0.02,l2x4|pi3|s=0",0000fcdaf4e9308400ec985766b171c6cfb08b16cb0314b8b4f5b742c71aa164,600,lfu,53137,55421.666666666664,0.0
"toolagent_trace|l1=0.02,l2x4|pi3|s=0",0000fcdaf4e9308400ec985766b171c6cfb08b16cb0314b8b4f5b742c71aa164,600,lru,20280,30963.333333333332,-24458.333333333332
"toolagent_trace|l1=0.02,l2x4|pi3|s=0",0000fcdaf4e9308400ec985766b171c6cfb08b16cb0314b8b4f5b742c71aa164,600,next_use,20280,30963.333333333332,-24458.333333333332
"toolagent_trace|l1=0.02,l2x4|pi3|s=0",0000fcdaf4e9308400ec985766b171c6cfb08b16cb0314b8b4f5b742c71aa164,end,count,28722,70765.0,32747.0
"toolagent_trace|l1=0.02,l2x4|pi3|s=0",0000fcdaf4e9308400ec985766b171c6cfb08b16cb0314b8b4f5b742c71aa164,end,learned,18412,38018.0,0.0
"toolagent_trace|l1=0.02,l2x4|pi3|s=0",0000fcdaf4e9308400ec985766b171c6cfb08b16cb0314b8b4f5b742c71aa164,end,lfu,18412,38018.0,0.0
"toolagent_trace|l1=0.02,l2x4|pi3|s=0",0000fcdaf4e9308400ec985766b171c6cfb08b16cb0314b8b4f5b742c71aa164,end,lru,28722,70765.0,32747.0
"toolagent_trace|l1=0.02,l2x4|pi3|s=0",0000fcdaf4e9308400ec985766b171c6cfb08b16cb0314b8b4f5b742c71aa164,end,next_use,28722,70765.0,32747.0
"toolagent_trace|l1=0.02,l2x4|pi3|s=0",0001bb6bc788def8477c18618514d663b489ab03d2710a5e4dca41990323f613,600,count,32574,87333.0,51020.333333333336
"toolagent_trace|l1=0.02,l2x4|pi3|s=0",0001bb6bc788def8477c18618514d663b489ab03d2710a5e4dca41990323f613,600,learned,24653,36312.666666666664,0.0
"toolagent_trace|l1=0.02,l2x4|pi3|s=0",0001bb6bc788def8477c18618514d663b489ab03d2710a5e4dca41990323f613,600,lfu,24653,36312.666666666664,0.0
"toolagent_trace|l1=0.02,l2x4|pi3|s=0",0001bb6bc788def8477c18618514d663b489ab03d2710a5e4dca41990323f613,600,lru,32574,87333.0,51020.333333333336
"toolagent_trace|l1=0.02,l2x4|pi3|s=0",0001bb6bc788def8477c18618514d663b489ab03d2710a5e4dca41990323f613,600,next_use,32574,87333.0,51020.333333333336
"toolagent_trace|l1=0.02,l2x4|pi3|s=0",0001bb6bc788def8477c18618514d663b489ab03d2710a5e4dca41990323f613,end,count,34477,84496.33333333333,54261.333333333336
"toolagent_trace|l1=0.02,l2x4|pi3|s=0",0001bb6bc788def8477c18618514d663b489ab03d2710a5e4dca41990323f613,end,learned,25620,30235.0,0.0
"toolagent_trace|l1=0.02,l2x4|pi3|s=0",0001bb6bc788def8477c18618514d663b489ab03d2710a5e4dca41990323f613,end,lfu,25620,30235.0,0.0
"toolagent_trace|l1=0.02,l2x4|pi3|s=0",0001bb6bc788def8477c18618514d663b489ab03d2710a5e4dca41990323f613,end,lru,34477,84496.33333333333,54261.333333333336
"toolagent_trace|l1=0.02,l2x4|pi3|s=0",0001bb6bc788def8477c18618514d663b489ab03d2710a5e4dca41990323f613,end,next_use,34477,84496.33333333333,54261.333333333336
"toolagent_trace|l1=0.02,l2x4|pi3|s=1",0000588f54e301ace16ab932b47f784b622ecd2164f6ebb54f89c424fed46cc9,600,count,34892,27622.333333333332,14767.333333333334
"toolagent_trace|l1=0.02,l2x4|pi3|s=1",0000588f54e301ace16ab932b47f784b622ecd2164f6ebb54f89c424fed46cc9,600,learned,0,12855.0,0.0
"toolagent_trace|l1=0.02,l2x4|pi3|s=1",0000588f54e301ace16ab932b47f784b622ecd2164f6ebb54f89c424fed46cc9,600,lfu,0,12855.0,0.0
"toolagent_trace|l1=0.02,l2x4|pi3|s=1",0000588f54e301ace16ab932b47f784b622ecd2164f6ebb54f89c424fed46cc9,600,lru,34892,27622.333333333332,14767.333333333334
"toolagent_trace|l1=0.02,l2x4|pi3|s=1",0000588f54e301ace16ab932b47f784b622ecd2164f6ebb54f89c424fed46cc9,600,next_use,34892,27622.333333333332,14767.333333333334
"toolagent_trace|l1=0.02,l2x4|pi3|s=1",0000588f54e301ace16ab932b47f784b622ecd2164f6ebb54f89c424fed46cc9,end,count,57631,36272.666666666664,1352.0
"toolagent_trace|l1=0.02,l2x4|pi3|s=1",0000588f54e301ace16ab932b47f784b622ecd2164f6ebb54f89c424fed46cc9,end,learned,35877,34920.666666666664,0.0
"toolagent_trace|l1=0.02,l2x4|pi3|s=1",0000588f54e301ace16ab932b47f784b622ecd2164f6ebb54f89c424fed46cc9,end,lfu,35877,34920.666666666664,0.0
"toolagent_trace|l1=0.02,l2x4|pi3|s=1",0000588f54e301ace16ab932b47f784b622ecd2164f6ebb54f89c424fed46cc9,end,lru,57631,36272.666666666664,1352.0
"toolagent_trace|l1=0.02,l2x4|pi3|s=1",0000588f54e301ace16ab932b47f784b622ecd2164f6ebb54f89c424fed46cc9,end,next_use,57631,36272.666666666664,1352.0
"toolagent_trace|l1=0.02,l2x4|pi3|s=1",0001d104f6bb4bf89424e25988cd43c69e27dccdfbc2ee50ac93e0289785d9a3,600,count,58454,78057.33333333333,42162.333333333336
"toolagent_trace|l1=0.02,l2x4|pi3|s=1",0001d104f6bb4bf89424e25988cd43c69e27dccdfbc2ee50ac93e0289785d9a3,600,learned,13641,35895.0,0.0
"toolagent_trace|l1=0.02,l2x4|pi3|s=1",0001d104f6bb4bf89424e25988cd43c69e27dccdfbc2ee50ac93e0289785d9a3,600,lfu,13641,35895.0,0.0
"toolagent_trace|l1=0.02,l2x4|pi3|s=1",0001d104f6bb4bf89424e25988cd43c69e27dccdfbc2ee50ac93e0289785d9a3,600,lru,58454,78057.33333333333,42162.333333333336
"toolagent_trace|l1=0.02,l2x4|pi3|s=1",0001d104f6bb4bf89424e25988cd43c69e27dccdfbc2ee50ac93e0289785d9a3,600,next_use,58454,78057.33333333333,42162.333333333336
"toolagent_trace|l1=0.02,l2x4|pi3|s=1",0001d104f6bb4bf89424e25988cd43c69e27dccdfbc2ee50ac93e0289785d9a3,end,count,57460,77896.66666666667,41319.0
"toolagent_trace|l1=0.02,l2x4|pi3|s=1",0001d104f6bb4bf89424e25988cd43c69e27dccdfbc2ee50ac93e0289785d9a3,end,learned,14153,36577.666666666664,0.0
"toolagent_trace|l1=0.02,l2x4|pi3|s=1",0001d104f6bb4bf89424e25988cd43c69e27dccdfbc2ee50ac93e0289785d9a3,end,lfu,14153,36577.666666666664,0.0
"toolagent_trace|l1=0.02,l2x4|pi3|s=1",0001d104f6bb4bf89424e25988cd43c69e27dccdfbc2ee50ac93e0289785d9a3,end,lru,57460,77896.66666666667,41319.0
"toolagent_trace|l1=0.02,l2x4|pi3|s=1",0001d104f6bb4bf89424e25988cd43c69e27dccdfbc2ee50ac93e0289785d9a3,end,next_use,57460,77896.66666666667,41319.0
"toolagent_trace|l1=0.02,l2x4|pi3|s=2",0002168818129b45d157ed964fa25aea643929244c84a9a6f5b2dc565b5b052c,600,count,45215,32920.0,-8730.0
"toolagent_trace|l1=0.02,l2x4|pi3|s=2",0002168818129b45d157ed964fa25aea643929244c84a9a6f5b2dc565b5b052c,600,learned,29503,41650.0,0.0
"toolagent_trace|l1=0.02,l2x4|pi3|s=2",0002168818129b45d157ed964fa25aea643929244c84a9a6f5b2dc565b5b052c,600,lfu,129764,85234.66666666667,43584.666666666664
"toolagent_trace|l1=0.02,l2x4|pi3|s=2",0002168818129b45d157ed964fa25aea643929244c84a9a6f5b2dc565b5b052c,600,lru,45215,32920.0,-8730.0
"toolagent_trace|l1=0.02,l2x4|pi3|s=2",0002168818129b45d157ed964fa25aea643929244c84a9a6f5b2dc565b5b052c,600,next_use,45215,32920.0,-8730.0
"toolagent_trace|l1=0.02,l2x4|pi3|s=2",0002168818129b45d157ed964fa25aea643929244c84a9a6f5b2dc565b5b052c,end,count,54112,34103.333333333336,2900.3333333333335
"toolagent_trace|l1=0.02,l2x4|pi3|s=2",0002168818129b45d157ed964fa25aea643929244c84a9a6f5b2dc565b5b052c,end,learned,0,31203.0,0.0
"toolagent_trace|l1=0.02,l2x4|pi3|s=2",0002168818129b45d157ed964fa25aea643929244c84a9a6f5b2dc565b5b052c,end,lfu,162683,94090.0,62887.0
"toolagent_trace|l1=0.02,l2x4|pi3|s=2",0002168818129b45d157ed964fa25aea643929244c84a9a6f5b2dc565b5b052c,end,lru,54112,34103.333333333336,2900.3333333333335
"toolagent_trace|l1=0.02,l2x4|pi3|s=2",0002168818129b45d157ed964fa25aea643929244c84a9a6f5b2dc565b5b052c,end,next_use,54112,34103.333333333336,2900.3333333333335
"toolagent_trace|l1=0.02,l2x4|pi3|s=2",0002a3e3aaacaa45ce574d41a2327eb41a07230a111c51b8527c9b6a14d999c7,600,count,48984,53635.666666666664,-23912.333333333332
"toolagent_trace|l1=0.02,l2x4|pi3|s=2",0002a3e3aaacaa45ce574d41a2327eb41a07230a111c51b8527c9b6a14d999c7,600,learned,77533,77548.0,0.0
"toolagent_trace|l1=0.02,l2x4|pi3|s=2",0002a3e3aaacaa45ce574d41a2327eb41a07230a111c51b8527c9b6a14d999c7,600,lfu,77533,77548.0,0.0
"toolagent_trace|l1=0.02,l2x4|pi3|s=2",0002a3e3aaacaa45ce574d41a2327eb41a07230a111c51b8527c9b6a14d999c7,600,lru,48984,53635.666666666664,-23912.333333333332
"toolagent_trace|l1=0.02,l2x4|pi3|s=2",0002a3e3aaacaa45ce574d41a2327eb41a07230a111c51b8527c9b6a14d999c7,600,next_use,48984,53635.666666666664,-23912.333333333332
"toolagent_trace|l1=0.02,l2x4|pi3|s=2",0002a3e3aaacaa45ce574d41a2327eb41a07230a111c51b8527c9b6a14d999c7,end,count,68462,62191.0,-24001.666666666668
"toolagent_trace|l1=0.02,l2x4|pi3|s=2",0002a3e3aaacaa45ce574d41a2327eb41a07230a111c51b8527c9b6a14d999c7,end,learned,28194,86192.66666666667,0.0
"toolagent_trace|l1=0.02,l2x4|pi3|s=2",0002a3e3aaacaa45ce574d41a2327eb41a07230a111c51b8527c9b6a14d999c7,end,lfu,28194,86192.66666666667,0.0
"toolagent_trace|l1=0.02,l2x4|pi3|s=2",0002a3e3aaacaa45ce574d41a2327eb41a07230a111c51b8527c9b6a14d999c7,end,lru,68462,62191.0,-24001.666666666668
"toolagent_trace|l1=0.02,l2x4|pi3|s=2",0002a3e3aaacaa45ce574d41a2327eb41a07230a111c51b8527c9b6a14d999c7,end,next_use,68462,62191.0,-24001.666666666668
"toolagent_trace|l1=0.02,l2x4|pi3|s=3",0001c57c19a76df15382308f86ca05e423d921cbf290050a483a4bf5d4596fd6,600,count,47818,68949.33333333333,10348.0
"toolagent_trace|l1=0.02,l2x4|pi3|s=3",0001c57c19a76df15382308f86ca05e423d921cbf290050a483a4bf5d4596fd6,600,learned,47415,58601.333333333336,0.0
"toolagent_trace|l1=0.02,l2x4|pi3|s=3",0001c57c19a76df15382308f86ca05e423d921cbf290050a483a4bf5d4596fd6,600,lfu,47415,58601.333333333336,0.0
"toolagent_trace|l1=0.02,l2x4|pi3|s=3",0001c57c19a76df15382308f86ca05e423d921cbf290050a483a4bf5d4596fd6,600,lru,47818,68949.33333333333,10348.0
"toolagent_trace|l1=0.02,l2x4|pi3|s=3",0001c57c19a76df15382308f86ca05e423d921cbf290050a483a4bf5d4596fd6,600,next_use,47818,68949.33333333333,10348.0
"toolagent_trace|l1=0.02,l2x4|pi3|s=3",0001c57c19a76df15382308f86ca05e423d921cbf290050a483a4bf5d4596fd6,end,count,63859,79154.66666666667,-11256.0
"toolagent_trace|l1=0.02,l2x4|pi3|s=3",0001c57c19a76df15382308f86ca05e423d921cbf290050a483a4bf5d4596fd6,end,learned,69994,90410.66666666667,0.0
"toolagent_trace|l1=0.02,l2x4|pi3|s=3",0001c57c19a76df15382308f86ca05e423d921cbf290050a483a4bf5d4596fd6,end,lfu,69994,90410.66666666667,0.0
"toolagent_trace|l1=0.02,l2x4|pi3|s=3",0001c57c19a76df15382308f86ca05e423d921cbf290050a483a4bf5d4596fd6,end,lru,63859,79154.66666666667,-11256.0
"toolagent_trace|l1=0.02,l2x4|pi3|s=3",0001c57c19a76df15382308f86ca05e423d921cbf290050a483a4bf5d4596fd6,end,next_use,63859,79154.66666666667,-11256.0
"toolagent_trace|l1=0.02,l2x4|pi3|s=3",0001e8cd89466917fee2ddca54afe0b7793f71c15448863b204a53f1b300d26a,600,count,68291,49760.333333333336,6445.0
"toolagent_trace|l1=0.02,l2x4|pi3|s=3",0001e8cd89466917fee2ddca54afe0b7793f71c15448863b204a53f1b300d26a,600,learned,52609,43315.333333333336,0.0
"toolagent_trace|l1=0.02,l2x4|pi3|s=3",0001e8cd89466917fee2ddca54afe0b7793f71c15448863b204a53f1b300d26a,600,lfu,52609,43315.333333333336,0.0
"toolagent_trace|l1=0.02,l2x4|pi3|s=3",0001e8cd89466917fee2ddca54afe0b7793f71c15448863b204a53f1b300d26a,600,lru,68291,49760.333333333336,6445.0
"toolagent_trace|l1=0.02,l2x4|pi3|s=3",0001e8cd89466917fee2ddca54afe0b7793f71c15448863b204a53f1b300d26a,600,next_use,68291,49760.333333333336,6445.0
"toolagent_trace|l1=0.02,l2x4|pi3|s=3",0001e8cd89466917fee2ddca54afe0b7793f71c15448863b204a53f1b300d26a,end,count,83404,65812.66666666667,20088.666666666668
"toolagent_trace|l1=0.02,l2x4|pi3|s=3",0001e8cd89466917fee2ddca54afe0b7793f71c15448863b204a53f1b300d26a,end,learned,70570,45724.0,0.0
"toolagent_trace|l1=0.02,l2x4|pi3|s=3",0001e8cd89466917fee2ddca54afe0b7793f71c15448863b204a53f1b300d26a,end,lfu,70570,45724.0,0.0
"toolagent_trace|l1=0.02,l2x4|pi3|s=3",0001e8cd89466917fee2ddca54afe0b7793f71c15448863b204a53f1b300d26a,end,lru,83404,65812.66666666667,20088.666666666668
"toolagent_trace|l1=0.02,l2x4|pi3|s=3",0001e8cd89466917fee2ddca54afe0b7793f71c15448863b204a53f1b300d26a,end,next_use,83404,65812.66666666667,20088.666666666668
"toolagent_trace|l1=0.02,l2x4|pi3|s=4",0001eba6e88bc719d0942d89a94677b4e3d2eaa2b8c1877adbe4210633691217,600,count,90565,82758.66666666667,0.0
"toolagent_trace|l1=0.02,l2x4|pi3|s=4",0001eba6e88bc719d0942d89a94677b4e3d2eaa2b8c1877adbe4210633691217,600,learned,90565,82758.66666666667,0.0
"toolagent_trace|l1=0.02,l2x4|pi3|s=4",0001eba6e88bc719d0942d89a94677b4e3d2eaa2b8c1877adbe4210633691217,600,lfu,90565,82758.66666666667,0.0
"toolagent_trace|l1=0.02,l2x4|pi3|s=4",0001eba6e88bc719d0942d89a94677b4e3d2eaa2b8c1877adbe4210633691217,600,lru,90565,82758.66666666667,0.0
"toolagent_trace|l1=0.02,l2x4|pi3|s=4",0001eba6e88bc719d0942d89a94677b4e3d2eaa2b8c1877adbe4210633691217,600,next_use,90565,82758.66666666667,0.0
"toolagent_trace|l1=0.02,l2x4|pi3|s=4",0001eba6e88bc719d0942d89a94677b4e3d2eaa2b8c1877adbe4210633691217,end,count,112179,118184.66666666667,0.0
"toolagent_trace|l1=0.02,l2x4|pi3|s=4",0001eba6e88bc719d0942d89a94677b4e3d2eaa2b8c1877adbe4210633691217,end,learned,112179,118184.66666666667,0.0
"toolagent_trace|l1=0.02,l2x4|pi3|s=4",0001eba6e88bc719d0942d89a94677b4e3d2eaa2b8c1877adbe4210633691217,end,lfu,112179,118184.66666666667,0.0
"toolagent_trace|l1=0.02,l2x4|pi3|s=4",0001eba6e88bc719d0942d89a94677b4e3d2eaa2b8c1877adbe4210633691217,end,lru,112179,118184.66666666667,0.0
"toolagent_trace|l1=0.02,l2x4|pi3|s=4",0001eba6e88bc719d0942d89a94677b4e3d2eaa2b8c1877adbe4210633691217,end,next_use,112179,118184.66666666667,0.0
"toolagent_trace|l1=0.02,l2x4|pi3|s=4",0003a5fb4ffe97f9da7665122de8cde7c8d98f12afb0a90b9a20137144530860,600,count,42816,37071.0,-38434.333333333336
"toolagent_trace|l1=0.02,l2x4|pi3|s=4",0003a5fb4ffe97f9da7665122de8cde7c8d98f12afb0a90b9a20137144530860,600,learned,55252,75505.33333333333,0.0
"toolagent_trace|l1=0.02,l2x4|pi3|s=4",0003a5fb4ffe97f9da7665122de8cde7c8d98f12afb0a90b9a20137144530860,600,lfu,55252,75505.33333333333,0.0
"toolagent_trace|l1=0.02,l2x4|pi3|s=4",0003a5fb4ffe97f9da7665122de8cde7c8d98f12afb0a90b9a20137144530860,600,lru,42816,37071.0,-38434.333333333336
"toolagent_trace|l1=0.02,l2x4|pi3|s=4",0003a5fb4ffe97f9da7665122de8cde7c8d98f12afb0a90b9a20137144530860,600,next_use,42816,37071.0,-38434.333333333336
"toolagent_trace|l1=0.02,l2x4|pi3|s=4",0003a5fb4ffe97f9da7665122de8cde7c8d98f12afb0a90b9a20137144530860,end,count,80749,42910.666666666664,-20178.666666666668
"toolagent_trace|l1=0.02,l2x4|pi3|s=4",0003a5fb4ffe97f9da7665122de8cde7c8d98f12afb0a90b9a20137144530860,end,learned,109406,63089.333333333336,0.0
"toolagent_trace|l1=0.02,l2x4|pi3|s=4",0003a5fb4ffe97f9da7665122de8cde7c8d98f12afb0a90b9a20137144530860,end,lfu,109406,63089.333333333336,0.0
"toolagent_trace|l1=0.02,l2x4|pi3|s=4",0003a5fb4ffe97f9da7665122de8cde7c8d98f12afb0a90b9a20137144530860,end,lru,80749,42910.666666666664,-20178.666666666668
"toolagent_trace|l1=0.02,l2x4|pi3|s=4",0003a5fb4ffe97f9da7665122de8cde7c8d98f12afb0a90b9a20137144530860,end,next_use,80749,42910.666666666664,-20178.666666666668
