trace,l1_fraction,l2_multiplier,cell,eligibility,width,mechanism,arm,family,arm_parameter,seed,variant,l1_capacity_bytes,l2_capacity_bytes,requested_tokens,measured_requests,l1_avoided_tokens,l2_avoided_tokens,avoided_prefill_tokens,extra_avoided_tokens,l2_present_unusable_tokens,l2_present_unusable_blocks,l2_admissions,l2_rejections,l2_evictions,l2_decisions,l1_evictions,seconds,worker_peak_rss_mib,worker_pss_mib_end,counters_sha256,attribution_measured_requests,fully_served_requests,beyond_prefix_tokens,beyond_prefix_blocks,l2_hit_tokens,l2_hit_blocks_checked,downstream_absent_tokens,downstream_absent_blocks,unexplained_states,unexplained_after_promotion,root_rejected_tokens,root_rejected_blocks,unusable_after_rejected_tokens,unusable_after_rejected_blocks,absent_rejected_tokens,absent_rejected_blocks,downstream_rejected_tokens,downstream_rejected_blocks,root_evicted_tokens,root_evicted_blocks,unusable_after_evicted_tokens,unusable_after_evicted_blocks,absent_evicted_tokens,absent_evicted_blocks,downstream_evicted_tokens,downstream_evicted_blocks,root_compulsory_tokens,root_compulsory_blocks,unusable_after_compulsory_tokens,unusable_after_compulsory_blocks,absent_compulsory_tokens,absent_compulsory_blocks,downstream_compulsory_tokens,downstream_compulsory_blocks,root_unexplained_tokens,root_unexplained_blocks,unusable_after_unexplained_tokens,unusable_after_unexplained_blocks,absent_unexplained_tokens,absent_unexplained_blocks,downstream_unexplained_tokens,downstream_unexplained_blocks,root_loss_tokens,unusable_tokens,decision_loss_tokens,absent_loss_tokens,perblock_decision_loss_tokens,removal_rejections,removal_rejections_window,removal_promotions,resident_evictions,resident_evictions_window,evictions_with_orphans,evictions_with_orphans_window,share_evictions_with_orphans,share_evictions_with_orphans_window,orphaned_blocks,orphaned_blocks_window,orphaned_bytes,orphaned_bytes_window,orphaned_blocks_per_eviction,extra_fraction_of_input,extra_points,present_unusable_points,absent_rejected_points,absent_evicted_points,absent_compulsory_points,unusable_after_rejected_points,unusable_after_evicted_points,perblock_decision_loss_points,absent_rejected_share_of_decision_absent,absent_evicted_share_of_decision_absent,stat_decisions_seen,stat_rejections_seen,stat_evictions_seen,overridden_decisions_seen,decision_sha256,m1_pairs,m1_concordant,m1_tied,m1,stat_decisions,single_candidate_decisions,overridden_decisions,m2_agree,m2,m3_excess_sum,m3,m4_count,m4,m4_victim_at_horizon,stat_decisions_admission,single_candidate_decisions_admission,overridden_decisions_admission,m2_agree_admission,m2_admission,m3_excess_sum_admission,m3_admission,m4_count_admission,m4_admission,m4_victim_at_horizon_admission,stat_decisions_resident,single_candidate_decisions_resident,overridden_decisions_resident,m2_agree_resident,m2_resident,m3_excess_sum_resident,m3_resident,m4_count_resident,m4_resident,m4_victim_at_horizon_resident,reference_source,reference_avoided_prefill_tokens,reproduces_reference
conversation_trace,0.0025,4.0,"l1=0.0025,l2x4",all,16,all16,label_binary_60,horizon,60.0,0,main,464360509,1857442038,58742117,5183,2662942,5917759,8580701,5917759,515676,1009,275827,5,243637,243642,275832,19.450706720352173,855.91796875,577.9560546875,75a0b501b95ce86a481d1c11f83b7611b564a25f2cbc24d8dd53246923dbd04f,5183,37,56079175,111981,5917759,11574,47115753,94252,0,0,0,0,0,0,0,0,0,0,738807,1445,515676,1009,14607112,28539,13868305,27094,1791180,3701,0,0,35038628,70859,33247448,67158,0,0,0,0,0,0,0,0,2529987,515676,1254483,49645740,15122788,5,0,30385,243637,99401,116326,47230,0.47745621559943685,0.47514612529049005,609325,242694,627453935616,249691125760,2.5009542885522316,0.10074133010902553,10.074133010902552,0.8778641736728692,0.0,24.866505917721692,59.64822139454048,0.0,0.8778641736728692,25.74437009139456,0.0,1.0,243642,5,243637,0,442fafe3d632cbe703ee98e2c099cda1327e358fed1d0749118c8ca1651f9106,12452624,10303067,442921,0.8451654446484532,99401,0,0,78565,0.7903844025714027,26385.36131531149,0.2654436204395478,20837,0.20962565768956046,1,96982,0,0,76649,0.7903425377905178,25755.58826782882,0.26557080971550207,20334,0.20966777340124973,1,2419,0,0,1916,0.7920628358825961,629.7730474826368,0.26034437680142075,503,0.20793716411740387,0,,,
conversation_trace,0.0025,4.0,"l1=0.0025,l2x4",all,16,all16,label_binary_60,horizon,60.0,1,main,464360509,1857442038,58742117,5183,2662942,5967935,8630877,5967935,499171,976,275829,3,243557,243560,275832,26.939827919006348,847.05859375,557.041015625,576cc164db416c08b71cd354ba9c34461a1ff616ed6bc5f815bfd010cf65dbfa,5183,37,56079175,111981,5967935,11672,47083287,94187,0,0,0,0,0,0,0,0,0,0,736368,1441,499171,976,14573441,28474,13837073,27033,1792414,3705,0,0,35038628,70859,33246214,67154,0,0,0,0,0,0,0,0,2528782,499171,1235539,49612069,15072612,3,2,30466,243557,99334,116418,47276,0.47799077833936204,0.47592969174703526,610248,244787,628423577600,251885344768,2.5055654323217973,0.1015955042954955,10.159550429549551,0.8497667865800614,0.0,24.8091858861675,59.64822139454048,0.0,0.8497667865800614,25.658952672747564,0.0,1.0,243560,3,243557,0,025e6c85e9904c73f8487c2cb681e51f351e59cba03decd9bf65da9351f5c629,12448944,10304503,441489,0.8454731180411769,99336,0,0,78571,0.7909619875976484,26233.566948367243,0.26408922191720263,20772,0.20910848030925344,7,96924,0,0,76696,0.7913004003136478,25561.15784448736,0.26372372007436096,20234,0.2087615038586934,6,2412,0,0,1875,0.777363184079602,672.4091038799794,0.2787765770646681,538,0.2230514096185738,1,,,
conversation_trace,0.0025,4.0,"l1=0.0025,l2x4",all,16,all16,label_binary_60,horizon,60.0,2,main,464360509,1857442038,58742117,5183,2662942,5997258,8660200,5997258,468433,915,275830,2,243564,243566,275832,19.39767861366272,855.27734375,567.80078125,c63d4f13b9b9775b1c83e01ae79d09468c3ea0d4342b7850e44d56bfd40c8e30,5183,39,56079175,111981,5997258,11731,47084391,94191,0,0,0,0,0,0,0,0,0,0,733175,1434,468433,915,14574856,28476,13841681,27042,1795918,3710,0,0,35038628,70859,33242710,67149,0,0,0,0,0,0,0,0,2529093,468433,1201608,49613484,15043289,2,1,30459,243564,99336,116297,47139,0.47748025159711616,0.4745409519207538,606530,240954,624523165696,247945758720,2.49022844098471,0.10209468616869903,10.209468616869902,0.7974397654071609,0.0,24.81159472002005,59.64822139454048,0.0,0.7974397654071609,25.60903448542721,0.0,1.0,243566,2,243564,0,781297127d4da83890dc210b55c31e0086b58f04ebfa8b5375c8920fb78d9fec,12446362,10299335,443833,0.8453274539178597,99337,0,0,78563,0.7908734912469674,26245.490917978062,0.2642065989306911,20776,0.2091466422380382,3,96928,0,0,76639,0.7906796797622978,25617.67802630985,0.26429595190563976,20291,0.2093409541102674,3,2409,0,0,1924,0.7986716479867165,627.8128916682047,0.26061141206650257,485,0.20132835201328353,0,,,
conversation_trace,0.0025,4.0,"l1=0.0025,l2x4",all,16,all16,label_binary_60,horizon,60.0,3,main,464360509,1857442038,58742117,5183,2662942,5881546,8544488,5881546,575953,1125,275827,5,243569,243574,275832,43.57237410545349,849.2734375,655.8193359375,1e6ce66ee3abe944d0123d2c6275b9003872197b06f929f2d96a544937fdaf51,5183,39,56079175,111981,5881546,11505,47092504,94207,0,0,0,0,0,0,0,0,0,0,737271,1442,575953,1125,14583048,28492,13845777,27050,1791901,3702,0,0,35038628,70859,33246727,67157,0,0,0,0,0,0,0,0,2529172,575953,1313224,49621676,15159001,5,4,30450,243569,99347,116044,47216,0.47643172981783394,0.47526347046211764,605698,243273,623675801600,250265339904,2.4867614515804557,0.1001248559019417,10.01248559019417,0.9804770910793018,0.0,24.825540421023643,59.64822139454048,0.0,0.9804770910793018,25.806017512102944,0.0,1.0,243574,5,243569,0,38f89ad34266a888199de3c4912b062f350fc7948fd57342917126d8922dc3b7,12446935,10298585,443899,0.8452309343625559,99351,0,0,78576,0.790892894887822,26280.908983495177,0.26452586268376943,20781,0.20916749705589274,7,96933,0,0,76671,0.7909690198384451,25626.283206483266,0.26437109350255605,20268,0.20909287858623998,7,2418,0,0,1905,0.7878411910669976,654.6257770119066,0.2707302634457844,513,0.21215880893300249,0,,,
conversation_trace,0.0025,4.0,"l1=0.0025,l2x4",all,16,all16,label_binary_60,horizon,60.0,4,main,464360509,1857442038,58742117,5183,2662942,5911633,8574575,5911633,556106,1087,275828,4,243527,243531,275832,19.583001852035522,852.40625,728.01953125,267e28607673ad7dc9420795f520ce6f75d69f77cfcfb157419f619a42981537,5183,38,56079175,111981,5911633,11563,47082335,94186,0,0,512,1,0,0,512,1,0,0,734711,1437,556106,1087,14572296,28471,13837585,27034,1793878,3707,0,0,35038628,70859,33244750,67152,0,0,0,0,0,0,0,0,2529101,556106,1291329,49611436,15128914,4,2,30498,243527,99335,116155,47181,0.4769696994583763,0.47496854079629536,604231,241386,622132156416,248255870976,2.481166359376989,0.1006370437755929,10.06370437755929,0.9466904299686714,0.0008716063127244801,24.807236688456427,59.64822139454048,0.0,0.9466904299686714,25.754798724737825,3.513392889002586e-05,0.99996486607111,243531,4,243527,0,ebf5c5890f6ae592d46ebc02f0e2a23538cf75f35c23f3ebb797602505cf3e3f,12450377,10307591,441808,0.8456366421675424,99337,0,0,78571,0.7909540251869898,26230.46966827244,0.26405538387783445,20770,0.20908624178302143,5,96928,0,0,76671,0.791009821723341,25572.12219699065,0.2638259553172525,20261,0.20903144602178936,5,2409,0,0,1900,0.7887090078870901,658.3474712818573,0.27328662153667804,509,0.21129099211290991,0,,,
conversation_trace,0.0025,4.0,"l1=0.0025,l2x4",all,16,all16,label_binary_90,horizon,90.0,0,main,464360509,1857442038,58742117,5183,2662942,8512612,11175554,8512612,430592,841,275467,365,232766,233131,275832,18.97999668121338,853.28125,554.9560546875,c24cdbf783896b2fff307d18ca64ed9e3131c1a6003bf33a7c65de159b89c82d,5183,45,56079175,111981,8512612,16645,44616208,89357,0,0,1536,3,10752,21,10240,20,8704,17,605882,1185,419840,820,12087103,23616,11481221,22431,1912345,3950,0,0,35038628,70859,33126283,66909,0,0,0,0,0,0,0,0,2519763,430592,1038010,47135971,12527935,365,325,40894,232766,94164,110554,44461,0.4749576828230927,0.4721655834501508,569585,222481,586330261504,228689287168,2.447028346064288,0.1449149679096516,14.49149679096516,0.7330209090012878,0.017432126254489602,20.576553276076176,59.64822139454048,0.01830373256721408,0.7147171764340737,21.327006311331953,0.0008464668646660676,0.999153533135334,233131,365,232766,0,f9070827282b1eeb9d0dc353305ccd020289fc8dbe3b4a4c0375c99b6465af11,11955301,9774663,295469,0.8299579826555601,94489,0,0,78365,0.8293557980294003,16391.826737713713,0.1734786772821568,16112,0.17051720306067372,8,92078,0,0,76357,0.829264319381394,15976.634833780812,0.1735119663087905,15710,0.1706162166858533,8,2411,0,0,2008,0.8328494400663625,415.1919039329474,0.17220734298338755,402,0.16673579427623392,0,,,
conversation_trace,0.0025,4.0,"l1=0.0025,l2x4",all,16,all16,label_binary_90,horizon,90.0,1,main,464360509,1857442038,58742117,5183,2662942,8483167,11146109,8483167,465408,909,275500,332,232749,233081,275832,21.971761226654053,856.3984375,729.853515625,dbe497b902da68fa5405ab5cc0b2ee5be6239e72d33a78a3123b1599afe983f8,5183,44,56079175,111981,8483167,16587,44610922,89346,0,0,1536,3,0,0,14848,29,13312,26,605631,1185,465408,909,12077124,23597,11471493,22412,1912511,3951,0,0,35038628,70859,33126117,66908,0,0,0,0,0,0,0,0,2519678,465408,1072575,47130600,12557380,332,293,40943,232749,94185,110757,44619,0.47586455795728444,0.473737856346552,573086,224626,589976799232,230968930304,2.462249032219258,0.14441370916203106,14.441370916203105,0.7922901382665525,0.025276583069009925,20.559565464758446,59.64822139454048,0.0,0.7922901382665525,21.37713218609401,0.0012279221288305994,0.9987720778711694,233081,332,232749,0,e2ea1f1d3b2793b556823da12572f0ff40ccac13bde80832a7f043e6fa412ac9,11955686,9773035,293844,0.8297271273266963,94478,0,0,78359,0.8293888524312538,16385.38699954988,0.17343071402389845,16119,0.17061114756874615,16,92085,0,0,76364,0.8292772981484497,15988.034016659763,0.17362256628831801,15724,0.17075528044741273,16,2393,0,0,1995,0.8336815712494776,397.35298289014247,0.16604804968246656,395,0.16506477225240285,0,,,
conversation_trace,0.0025,4.0,"l1=0.0025,l2x4",all,16,all16,label_binary_90,horizon,90.0,2,main,464360509,1857442038,58742117,5183,2662942,8462483,11125425,8462483,477137,932,275480,352,232784,233136,275832,18.957363605499268,854.90234375,558.6044921875,3365d3c19efcfd1370199b3219e9e785aa2981fde9318f1c1a201da5d1d61d39,5183,44,56079175,111981,8462483,16547,44619157,89363,0,0,1024,2,10752,21,13824,27,12800,25,607418,1188,466385,911,12087103,23616,11479685,22428,1911956,3949,0,0,35038628,70859,33126672,66910,0,0,0,0,0,0,0,0,2520398,477137,1085579,47139555,12578064,352,308,40888,232784,94186,110718,44444,0.47562547254106813,0.4718748009258276,568676,223313,585484199936,229694521344,2.4429342222833186,0.144061593830539,14.4061593830539,0.8122570727234771,0.023533370443560964,20.576553276076176,59.64822139454048,0.01830373256721408,0.793953340156263,21.412343719243214,0.0011423918184119283,0.9988576081815881,233136,352,232784,0,b10dff7cf7c371b64ca99dd89cd13906828399a511f725973fc16d4d2e0842ce,11956614,9773472,292546,0.8296449981575051,94494,0,0,78352,0.829174339111478,16422.746653741844,0.1737967135875489,16132,0.17071983406353844,13,92085,0,0,76339,0.8290058098495955,16038.563823735043,0.1741712963428902,15738,0.17090731389477112,12,2409,0,0,2013,0.8356164383561644,384.18283000683573,0.15947813615891895,394,0.16355334163553342,1,,,
conversation_trace,0.0025,4.0,"l1=0.0025,l2x4",all,16,all16,label_binary_90,horizon,90.0,3,main,464360509,1857442038,58742117,5183,2662942,8504932,11167874,8504932,432640,845,275495,337,232789,233126,275832,18.973175287246704,856.58203125,558.9560546875,f8e03dc9f3c1a1509da2b5ddd7d9b35b8322b84b3008bfce3aa550cb63b847d6,5183,45,56079175,111981,8504932,16630,44622255,89368,0,0,1024,2,512,1,12288,24,11264,22,604346,1182,432128,844,12090687,23623,11486341,22441,1913978,3954,0,0,35038628,70859,33124650,66905,0,0,0,0,0,0,0,0,2519348,432640,1038010,47141603,12535615,337,297,40901,232789,94204,110494,44373,0.47465301195503223,0.4710309540996136,568030,221764,584821129216,228035387392,2.4401067060728816,0.14478422696274293,14.478422696274293,0.7365073342521857,0.020918551505387524,20.582654520265248,59.64822139454048,0.0008716063127244801,0.7356357279394612,21.34008040602282,0.0010152875635949014,0.9989847124364051,233126,337,232789,0,a1b73b0fb7061538590767e09f673fde137552e49a876fe950ffc48431dd8c0a,11955937,9776607,292677,0.8299596677366232,94501,0,0,78372,0.8293245574120909,16420.620937501168,0.1737613457794221,16125,0.17063311499349212,19,92097,0,0,76395,0.8295058470959966,15978.55959491511,0.17349706933901332,15698,0.17045072043606196,17,2404,0,0,1977,0.8223793677204659,442.0613425861231,0.18388574982783823,427,0.17762063227953412,2,,,
conversation_trace,0.0025,4.0,"l1=0.0025,l2x4",all,16,all16,label_binary_90,horizon,90.0,4,main,464360509,1857442038,58742117,5183,2662942,8554596,11217538,8554596,401408,784,275486,346,232750,233096,275832,19.199780702590942,856.34765625,558.6123046875,c57765a0638c7f3f105c6d048573cca37f1509efdbd3e77dbe7475df39015e8f,5183,45,56079175,111981,8554596,16727,44602934,89332,0,0,1024,2,0,0,13824,27,12800,25,605882,1185,401408,784,12070719,23584,11464837,22399,1913331,3951,0,0,35038628,70859,33125297,66908,0,0,0,0,0,0,0,0,2520237,401408,1008314,47123171,12485951,346,309,40930,232750,94156,110490,44416,0.4747153598281418,0.47172777093334467,573108,223625,590018492416,229883850752,2.4623329752953813,0.14562968508608568,14.562968508608568,0.6833393491759924,0.023533370443560964,20.54866187406899,59.64822139454048,0.0,0.6833393491759924,21.255534593688544,0.001143940652120647,0.9988560593478794,233096,346,232750,0,830088fb1647e7f2c25c675b17493eb32f4a930b6a2679e06850692c24dc54c4,11954789,9763578,292681,0.8289496786601587,94465,0,0,78362,0.8295347483194834,16355.075590017354,0.17313370655816815,16100,0.17043349388662468,13,92048,0,0,76404,0.8300451938119242,15913.68162462884,0.17288459960704025,15642,0.16993307839388144,13,2417,0,0,1958,0.8100951592883741,441.3939653885544,0.18262058973461084,458,0.1894911046752172,0,,,
conversation_trace,0.0025,4.0,"l1=0.0025,l2x4",all,16,all16,label_binary_120,horizon,120.0,0,main,464360509,1857442038,58742117,5183,2662942,9747056,12409998,9747056,811908,1586,272504,3328,222267,225595,275832,18.34549903869629,855.91796875,577.96484375,9737fd8b539e27d44219a7832affd5d89b82e68d5780aa935cfc345d77c21d19,5183,44,56079175,111981,9747056,19056,43003916,86200,0,0,10752,21,49152,96,201728,394,190976,373,526634,1030,762756,1490,10279855,20086,9753221,19056,1978909,4088,0,0,35038628,70859,33059719,66771,0,0,0,0,0,0,0,0,2516295,811908,1349294,45520211,11293491,3328,2638,48431,222267,88684,104583,41249,0.4705286884692734,0.4651233593432863,518371,196670,533422450688,202040352768,2.3321995617882996,0.16592960039216836,16.592960039216837,1.3821565198271626,0.34341288721344515,17.499973656039668,59.64822139454048,0.0836742060215501,1.2984823138056125,19.225543063080277,0.019245947868752267,0.9807540521312478,225595,3328,222267,0,425500fab334165367a8c1db124431b64aceeac7cb1c2f3cff324cf110d8cc67,11670136,8915290,230987,0.7738370401167561,91322,0,0,78284,0.857230459254068,11184.994564096198,0.12247864221213067,12849,0.14069994086857493,30,88943,0,0,76253,0.8573243537996245,10896.462033931666,0.122510619542085,12516,0.14071933710353823,29,2379,0,0,2031,0.8537200504413619,288.5325301644425,0.12128311482322089,333,0.13997477931904162,1,,,
conversation_trace,0.0025,4.0,"l1=0.0025,l2x4",all,16,all16,label_binary_120,horizon,120.0,1,main,464360509,1857442038,58742117,5183,2662942,9687617,12350559,9687617,863667,1687,272452,3380,222245,225625,275832,30.493860960006714,855.27734375,560.4912109375,787f8de3ae706fff3e5b46bc78b1b1ee8488f11e344d0cf36aa318f2b02e0ec4,5183,45,56079175,111981,9687617,18940,43011966,86216,0,0,9216,18,17408,34,203264,397,194048,379,529706,1036,846259,1653,10285999,20098,9756293,19062,1977003,4084,0,0,35038628,70859,33061625,66775,0,0,0,0,0,0,0,0,2515925,863667,1402589,45527891,11352930,3380,2685,48399,222245,88650,104394,41256,0.46972485320254675,0.4653807106598985,518598,197296,533625391104,202727497728,2.333451821188328,0.1649177369620506,16.49177369620506,1.4702687681480733,0.3460277061516186,17.510432931792362,59.64822139454048,0.029634614632632325,1.440634153515441,19.326729406092056,0.01937829187808524,0.9806217081219147,225625,3380,222245,0,812fd4d363e42fd197893e07f95a82e18e8e594eb4c861cb88e187358e1a402c,11670979,8916298,231526,0.7738906050640654,91335,0,0,78304,0.857327421032463,11208.900276774646,0.12272294604231287,12845,0.14063611977883617,38,88960,0,0,76295,0.8576326438848921,10888.567883817424,0.12239846991701242,12498,0.14049010791366906,36,2375,0,0,2009,0.8458947368421053,320.3323929571722,0.13487679703459882,347,0.14610526315789474,2,,,
conversation_trace,0.0025,4.0,"l1=0.0025,l2x4",all,16,all16,label_binary_120,horizon,120.0,2,main,464360509,1857442038,58742117,5183,2662942,9604208,12267150,9604208,944516,1845,272491,3341,222285,225626,275832,18.106135845184326,847.05859375,718.1728515625,0f397cbf62f195a7a95ab3cb982d5a68b6b6b273450275c739c54a532395005e,5183,44,56079175,111981,9604208,18777,43013817,86220,0,0,10752,21,21504,42,186368,364,175616,343,530730,1038,923012,1803,10305455,20136,9774725,19098,1975152,4080,0,0,35038628,70859,33063476,66779,0,0,0,0,0,0,0,0,2516634,944516,1485998,45530451,11436339,3341,2652,48402,222285,88691,104811,41367,0.47151629664619743,0.4664171110935721,519835,198235,534780389376,203697989632,2.3385968463908946,0.16349781877966707,16.349781877966706,1.6079025548228028,0.31726469783171074,17.543553971675895,59.64822139454048,0.03660746513442816,1.5712950896883746,19.468721224330405,0.01776316661079776,0.9822368333892022,225626,3341,222285,0,1caf68ee31c35a40323954165043ca4b045bfb8de271fff10d08c8c5ce1811b7,11672442,8916978,231585,0.7738543913947056,91343,0,0,78283,0.8570224319323867,11261.049280728597,0.12328311179541505,12862,0.14080991427914563,33,88936,0,0,76260,0.8574705406134748,10922.104437476291,0.12280858637083174,12501,0.14056175227129622,32,2407,0,0,2023,0.8404653095139177,338.9448432521972,0.14081630380232538,361,0.14997922725384297,1,,,
conversation_trace,0.0025,4.0,"l1=0.0025,l2x4",all,16,all16,label_binary_120,horizon,120.0,3,main,464360509,1857442038,58742117,5183,2662942,9610352,12273294,9610352,942468,1841,272412,3420,222212,225632,275832,18.212321281433105,852.76171875,560.78515625,35259c23565bbfdf96ad564f68d201f370f17bf92ec769cedcadfd4255e5182b,5183,44,56079175,111981,9610352,18789,43009702,86212,0,0,9728,19,8704,17,214528,419,204800,400,532266,1041,933764,1824,10273199,20073,9740933,19032,1974659,4079,0,0,35038628,70859,33063969,66780,0,0,0,0,0,0,0,0,2516653,942468,1484462,45526355,11430195,3420,2704,48394,222212,88627,104555,41229,0.4705191438806185,0.4651968361785912,521226,197937,536267008000,203404435456,2.345624898745342,0.16360241153719401,16.3602411537194,1.604416129571905,0.36520304503155715,17.488642773974252,59.64822139454048,0.014817307316316163,1.5895988222555888,19.458261948577714,0.020455147240197997,0.979544852759802,225632,3420,222212,0,815a905427ee1c2f578369b78876b31f9ed9f16de496b676027878c5fc7a9f07,11670633,8910495,230633,0.7733780592706496,91331,0,0,78302,0.8573430708083783,11217.202776314165,0.1228192265092265,12847,0.14066417755198127,29,88944,0,0,76257,0.8573596869940637,10908.759273034668,0.12264750037140974,12526,0.14083018528512323,29,2387,0,0,2045,0.8567239212400503,308.44350327937883,0.1292180575112605,321,0.13447842480100544,0,,,
conversation_trace,0.0025,4.0,"l1=0.0025,l2x4",all,16,all16,label_binary_120,horizon,120.0,4,main,464360509,1857442038,58742117,5183,2662942,9745632,12408574,9745632,808324,1579,272384,3448,222185,225633,275832,18.151793003082275,853.28125,717.9375,16cbf280628624fba554b8c784b4130927d82fb48165b9dde43cd3df425f8507,5183,43,56079175,111981,9745632,19053,43007162,86209,0,0,11264,22,27648,54,216064,422,204800,400,529082,1035,780676,1525,10270527,20068,9741445,19033,1977711,4083,0,0,35038628,70859,33060917,66776,0,0,0,0,0,0,0,0,2518057,808324,1348670,45525219,11294915,3448,2737,48393,222185,88592,104526,41228,0.47044579967144495,0.4653693335741376,516835,196133,531821254656,201554446336,2.3261471296442155,0.1659053588415957,16.59053588415957,1.376055275638091,0.3678178639697306,17.48409407852972,59.64822139454048,0.04706674088712193,1.3289885347509691,19.227967218137543,0.02060383588908922,0.9793961641109108,225633,3448,222185,0,a365d87893243846d887d9ea982035728eb6df1dfe52413e6695bf128339e844,11673231,8907727,231587,0.7730096748706506,91329,0,0,78300,0.8573399467857964,11219.228780572339,0.12284409968982841,12812,0.1402840280743247,35,88955,0,0,76261,0.8572986341408577,10906.47078301661,0.12260660764450126,12496,0.14047552133101007,34,2374,0,0,2039,0.858887952822241,312.7579975556215,0.13174304867549347,316,0.13310867733782644,1,,,
conversation_trace,0.0025,4.0,"l1=0.0025,l2x4",all,16,all16,label_binary_150,horizon,150.0,0,main,464360509,1857442038,58742117,5183,2662942,9875270,12538212,9875270,1342404,2623,263882,11950,209726,221676,275832,17.864470720291138,856.3984375,555.287109375,77940ed254351f40a8feb8f6294843d09809d081097193ccce4cf0d9301e8d87,5183,45,56079175,111981,9875270,19307,42345709,84913,0,0,18944,37,0,0,534528,1044,515584,1007,497962,974,1342404,2623,9288345,18148,8790383,17174,1998886,4127,0,0,35038628,70859,33039742,66732,0,0,0,0,0,0,0,0,2515792,1342404,1859310,44861501,11165277,11950,7015,52350,209726,83013,96335,37602,0.45933742120671733,0.45296519822196524,443834,167525,456157917184,171903692800,2.116256448890457,0.16811225921598977,16.81122592159898,2.2852496105988145,0.9099569904843573,15.812070579614964,59.64822139454048,0.0,2.2852496105988145,19.007277180698136,0.054416666081298214,0.9455833339187018,221676,11950,209726,0,cc35d472d9c7b0d8d3c6cabeb85406dd41ac0b570dbb060f267c81cb45fff1ea,11606715,8171173,215032,0.7132671905875176,90028,0,0,78598,0.8730394988225886,9351.54505397423,0.10387373988063969,10482,0.11643044386190962,30,87653,0,0,76561,0.8734555577105176,9013.861854594517,0.10283574840101899,10226,0.11666457508584989,29,2375,0,0,2037,0.8576842105263158,337.68319937961655,0.1421823997387859,256,0.10778947368421053,1,,,
conversation_trace,0.0025,4.0,"l1=0.0025,l2x4",all,16,all16,label_binary_150,horizon,150.0,1,main,464360509,1857442038,58742117,5183,2662942,10006215,12669157,10006215,1226193,2395,263831,12001,209640,221641,275832,17.878077268600464,854.90234375,728.9384765625,75a97ec750f915e5c0d1f7be43c43653ad65ec6a3a2ae942c618af00986b0467,5183,46,56079175,111981,10006215,19563,42332231,84886,0,0,21504,42,65536,128,548864,1072,527360,1030,491306,961,1160657,2267,9259275,18092,8767969,17131,2001726,4134,0,0,35038628,70859,33036902,66725,0,0,0,0,0,0,0,0,2514536,1226193,1739003,44846767,11034332,12001,7100,52387,209640,82904,96290,37399,0.45931120015264265,0.45111212969217407,441131,164578,453455290368,168941955072,2.1042310627742795,0.17034140938434345,17.034140938434344,2.0874171082393915,0.9343619672406427,15.762583088382735,59.64822139454048,0.11156560802873346,1.975851500210658,18.78436216386277,0.055960055215367566,0.9440399447846325,221641,12001,209640,0,376a7d4ac4929196f5e6f8e81f41b3208ea04416a79f8c345a778194fd985429,11600830,8167411,214059,0.7132628010237199,90004,0,0,78593,0.8732167459224035,9241.031946912988,0.10267356947372326,10476,0.11639482689658237,29,87656,0,0,76581,0.8736538286027197,8920.36326473065,0.10176557525703488,10225,0.11664917404399014,29,2348,0,0,2012,0.8568994889267462,320.6686821822846,0.13657098900438017,251,0.10689948892674617,0,,,
conversation_trace,0.0025,4.0,"l1=0.0025,l2x4",all,16,all16,label_binary_150,horizon,150.0,2,main,464360509,1857442038,58742117,5183,2662942,9888967,12551909,9888967,1345526,2629,263894,11938,209712,221650,275832,17.851094722747803,856.58203125,723.7646484375,fb83f844fbb8953c85b08454048f092aa35a7db5649e18189cfbdde5841ddbcc,5183,46,56079175,111981,9888967,19334,42329540,84881,0,0,26112,51,51200,100,560128,1094,534016,1043,493354,965,1294326,2529,9245926,18065,8752572,17100,1995676,4121,0,0,35038628,70859,33042952,66738,0,0,0,0,0,0,0,0,2515142,1345526,1864992,44844682,11151580,11938,7107,52375,209712,82884,96172,37562,0.45859082932784007,0.4531875874716471,443199,169070,455596290048,173597380608,2.1133697642481115,0.16834543092820436,16.834543092820436,2.2905643662791384,0.9535373061205813,15.739858337076956,59.64822139454048,0.08716063127244801,2.2034037350066904,18.983960009476675,0.057120631805617224,0.9428793681943828,221650,11938,209712,0,3e38ce7367c2b11f4f81249bacf83a125c457fe82d22043639c836f3cfe864b7,11600770,8165095,213990,0.7130638742083499,89991,0,0,78615,0.8735873587358736,9233.141576086038,0.10260072202871441,10455,0.11617828449511618,32,87654,0,0,76607,0.8739703835535172,8909.678223053088,0.10164599702298911,10204,0.11641225728432245,32,2337,0,0,2008,0.8592212237911853,323.463353032879,0.13840965042057296,251,0.10740265297389816,0,,,
conversation_trace,0.0025,4.0,"l1=0.0025,l2x4",all,16,all16,label_binary_150,horizon,150.0,3,main,464360509,1857442038,58742117,5183,2662942,9735050,12397992,9735050,1495963,2922,263779,12053,209600,221653,275832,18.12587022781372,856.34765625,725.2568359375,ba94061773263fa7783034ef7c42f4d2a7324b2c6c55503f0d3bba30320a93af,5183,44,56079175,111981,9735050,19033,42332270,84887,0,0,21504,42,45568,89,555520,1085,534016,1043,495207,969,1450395,2833,9254014,18082,8758807,17113,1999181,4128,0,0,35038628,70859,33039447,66731,0,0,0,0,0,0,0,0,2515892,1495963,2012674,44848162,11305497,12053,7221,52373,209600,82782,95840,37398,0.45725190839694657,0.45176487642241064,441097,166538,453380972544,170916395008,2.104470419847328,0.1657252155212588,16.572521552125878,2.5466617078168974,0.9456928493060609,15.753626993048275,59.64822139454048,0.07757296183247873,2.469088745984419,19.245981550171233,0.05663062078178229,0.9433693792182177,221653,12053,209600,0,7c5f21a8b0a37aa45472cd1de608bbde20cfaa8f71ba6d0b5b07c2cf9e826ec4,11602183,8164741,213772,0.712937125711601,90003,0,0,78594,0.8732375587480418,9288.749168156372,0.10320488392782876,10452,0.11612946235125496,19,87636,0,0,76554,0.8735451184444749,8965.243217608364,0.1023009176321188,10210,0.11650463279930622,19,2367,0,0,2040,0.861850443599493,323.5059505479262,0.13667340538568915,242,0.1022391212505281,0,,,
conversation_trace,0.0025,4.0,"l1=0.0025,l2x4",all,16,all16,label_binary_150,horizon,150.0,4,main,464360509,1857442038,58742117,5183,2662942,9955015,12617957,9955015,1264004,2469,263804,12028,209638,221666,275832,17.84390640258789,855.91796875,727.9931640625,e647834f9908af01c47a796b81e462e0ff172f20fdf36a1e1ee7339a6b81ec01,5183,46,56079175,111981,9955015,19463,42345015,84912,0,0,18432,36,1536,3,549888,1074,531456,1038,493866,966,1262468,2466,9271640,18116,8777774,17150,2002843,4135,0,0,35038628,70859,33035785,66724,0,0,0,0,0,0,0,0,2515141,1264004,1776302,44860156,11085532,12028,7142,52359,209638,82883,96205,37615,0.4589101212566424,0.4538325108888433,440262,166540,452556312576,170974468096,2.1001058968316815,0.16946980307161896,16.946980307161894,2.1517848939628785,0.9361051798660917,15.783632721306248,59.64822139454048,0.0026148189381734405,2.149170075024705,18.871522795135217,0.05598802956118437,0.9440119704388157,221666,12028,209638,0,e7b4ec42bff3c357f336a797b3edd7d756d5aa22ca3dd643ed8885c6002761ad,11607520,8168274,214340,0.7129381642245717,90025,0,0,78586,0.8729352957511802,9322.847176741934,0.10355842462362604,10495,0.1165787281310747,26,87664,0,0,76577,0.8735284723489688,8982.64720667039,0.10246677320987395,10218,0.11655867859098376,26,2361,0,0,2009,0.8509106310885218,340.1999700714629,0.14409147398198344,277,0.11732316814908937,0,,,
conversation_trace,0.0025,4.0,"l1=0.0025,l2x4",all,16,all16,label_binary_180,horizon,180.0,0,main,464360509,1857442038,58742117,5183,2662942,9424043,12086985,9424043,2002282,3912,244362,31470,188698,220168,275832,17.77183222770691,847.05859375,553.486328125,71d89bf9addde0f0d5fec47cd8b3fbbec01e94042dad09f374f855a398681526,5183,45,56079175,111981,9424043,18425,42134633,84506,0,0,48508,95,9728,19,1325076,2589,1276568,2494,495207,969,1992554,3893,8289146,16196,7793939,15227,1974502,4074,0,0,35038628,70859,33064126,66785,0,0,0,0,0,0,0,0,2518217,2002282,2545997,44652850,11616504,31470,15338,53858,188698,74279,82437,31912,0.4368726748561193,0.4296234467346087,340057,126297,349243375616,129482739712,1.8021229689768836,0.16043076894896383,16.043076894896384,3.408596935653511,2.2557511844525453,14.111078087294675,59.64822139454048,0.016560519941765123,3.3920364157117455,19.77542620740073,0.13782456864424392,0.8621754313557561,220168,31470,188698,0,56ee9106785c439c12e31905d881eb23aebfee66186d37355ffe8bbbc6338c71,11650002,7443303,202118,0.6475846098567193,89617,0,0,79327,0.8851780354173874,8897.626305660853,0.09928502745752316,7775,0.08675809277257664,37,87300,0,0,77394,0.8865292096219931,8453.65272625196,0.0968345100372504,7600,0.08705612829324169,36,2317,0,0,1933,0.83426845058265,443.97357940878595,0.1916157010827734,175,0.0755287009063444,1,,,
conversation_trace,0.0025,4.0,"l1=0.0025,l2x4",all,16,all16,label_binary_180,horizon,180.0,1,main,464360509,1857442038,58742117,5183,2662942,9440646,12103588,9440646,1963188,3836,244245,31587,188576,220163,275832,37.8593635559082,852.76171875,566.3681640625,5ce70da54a30b777fb5e2ed5cb0ff59f4622686a5ed36022e680242f1a8ee231,5183,45,56079175,111981,9440646,18458,42159345,84549,0,0,56832,111,28160,55,1359872,2656,1303040,2545,480442,940,1935028,3781,8276841,16172,7796399,15232,1978722,4087,0,0,35038628,70859,33059906,66772,0,0,0,0,0,0,0,0,2515996,1963188,2500462,44675341,11599901,31587,15484,53861,188576,74172,82356,31960,0.4367257763448159,0.43089036294019306,339481,125653,348502640640,128763080704,1.8002343882572545,0.16071341112884985,16.071341112884983,3.342045027079974,2.3149863665962194,14.090130595735936,59.64822139454048,0.04793834719984641,3.2941066798801275,19.747161989412128,0.14111367641642955,0.8588863235835704,220163,31587,188576,0,98743752a2a7c74168a1143d7d8e193ab00a771f5a37189e1110fc0e2ef2e29a,11654876,7440304,202259,0.6470625255901479,89656,0,0,79388,0.8854733648612474,9014.459918664892,0.10054497098537624,7715,0.08605112875881146,40,87340,0,0,77443,0.8866842225784292,8586.93677351173,0.09831619846017553,7534,0.08626059079459583,39,2316,0,0,1945,0.8398100172711571,427.5231451530953,0.18459548581739865,181,0.07815198618307427,1,,,
conversation_trace,0.0025,4.0,"l1=0.0025,l2x4",all,16,all16,label_binary_180,horizon,180.0,2,main,464360509,1857442038,58742117,5183,2662942,9160216,11823158,9160216,2267777,4430,244437,31395,188727,220122,275832,17.742696046829224,853.28125,558.9365234375,189610bad39cf65ac6297c4cf86ac09609ac30dc757f144b2e2e832506f46753,5183,47,56079175,111981,9160216,17911,42134619,84504,0,0,54140,106,10752,21,1320316,2579,1266176,2473,486913,952,2257025,4409,8292238,16202,7805325,15250,1975510,4078,0,0,35038628,70859,33063118,66781,0,0,0,0,0,0,0,0,2516563,2267777,2808830,44651182,11880331,31395,15355,53901,188727,74250,82496,32036,0.4371181653923392,0.43146127946127943,339455,126783,348490024960,129920483328,1.7986562601005684,0.15593949397499582,15.593949397499582,3.860563962990983,2.247647969513935,14.116341772292612,59.64822139454048,0.01830373256721408,3.842260230423769,20.22455370479753,0.13735329861345902,0.862646701386541,220122,31395,188727,0,95981d06bfdcb104487d321f69024c13976cadcea7a3d6237ee153a36d94e423,11646662,7441054,202729,0.6476034506711021,89605,0,0,79305,0.8850510574186709,8912.124893016517,0.09946012937912524,7783,0.0868589922437364,34,87291,0,0,77369,0.8863342154403089,8477.54173215969,0.09711816489855415,7607,0.08714529562039615,33,2314,0,0,1936,0.8366464995678479,434.5831608567354,0.18780603321380093,176,0.07605877268798616,1,,,
conversation_trace,0.0025,4.0,"l1=0.0025,l2x4",all,16,all16,label_binary_180,horizon,180.0,3,main,464360509,1857442038,58742117,5183,2662942,9479056,12141998,9479056,1927033,3765,244306,31526,188663,220189,275832,39.09891700744629,854.30078125,732.99609375,91dd92b1796b874ea5ff8d3784a25918cbff2b42677f5ec0307d487169128371,5183,45,56079175,111981,9479056,18533,42153900,84545,0,0,60928,119,24064,47,1327616,2593,1266688,2474,477965,935,1902969,3718,8306842,16231,7828877,15296,1980293,4084,0,0,35038628,70859,33058335,66775,0,0,0,0,0,0,0,0,2519186,1927033,2465926,44673086,11561491,31526,15435,53838,188663,74221,82344,31794,0.4364607792730954,0.42836932943506556,338213,125597,347240376320,128774072320,1.7926832500278274,0.16136728609900117,16.136728609900118,3.2804963430242053,2.260075168894577,14.141202980478214,59.64822139454048,0.040965496698050566,3.2395308463261547,19.681774492396997,0.13779872204539165,0.8622012779546083,220189,31526,188663,0,af6dbfd44709a4805aa41f2de24f208f0b37596c190536aa3fd946681ee05631,11654235,7446114,203491,0.6476495025198994,89656,0,0,79318,0.8846926028375123,9034.065749914822,0.10076364939228631,7772,0.08668689212099581,33,87356,0,0,77391,0.8859265534136178,8613.502535950705,0.09860230019633116,7585,0.08682860936856084,32,2300,0,0,1927,0.8378260869565217,420.56321396407105,0.18285357128872654,187,0.08130434782608696,1,,,
conversation_trace,0.0025,4.0,"l1=0.0025,l2x4",all,16,all16,label_binary_180,horizon,180.0,4,main,464360509,1857442038,58742117,5183,2662942,9265474,11928416,9265474,2121047,4144,244382,31450,188782,220232,275832,17.979838848114014,856.3984375,557.1513671875,5fc0b2aa6cb06f4df788d1db73efc35ad3534cb8df306b611e1e557f2dc4077d,5183,46,56079175,111981,9265474,18116,42174361,84584,0,0,49152,96,17408,34,1304064,2547,1254912,2451,495485,969,2103639,4110,8349962,16315,7854477,15346,1973656,4072,0,0,35038628,70859,33064972,66787,0,0,0,0,0,0,0,0,2518293,2121047,2665684,44692654,11775073,31450,15506,53793,188782,74185,82378,32051,0.43636575520971277,0.43204151782705397,336833,126518,345812049920,129636581376,1.7842432011526523,0.15773135993719803,15.773135993719805,3.610777255440079,2.219981278509251,14.214608574627979,59.64822139454048,0.029634614632632325,3.5811426408074465,20.04536710857731,0.13507981022632423,0.8649201897736758,220232,31450,188782,0,97b8d5fd1580aed103565771cf951540d154955a1f31951fb77a21103b423e99,11662197,7447759,202903,0.6473231844737317,89691,0,0,79348,0.8846818521367807,9062.908529714045,0.10104590794744227,7753,0.08644122598699981,41,87391,0,0,77422,0.8859264684006363,8603.776961266234,0.09845152202476495,7579,0.0867251776498724,41,2300,0,0,1926,0.837391304347826,459.1315684477923,0.1996224210642575,174,0.07565217391304348,0,,,
conversation_trace,0.0025,4.0,"l1=0.0025,l2x4",all,16,all16,label_binary_240,horizon,240.0,0,main,464360509,1857442038,58742117,5183,2662942,7772731,10435673,7772731,2390897,4671,195153,80679,145454,226133,275832,18.03063178062439,854.90234375,549.5205078125,9f5b81ea0095cda7123702b79b293942a5c0f4a9f80065c5a2bbd72675d85691,5183,41,56079175,111981,7772731,15199,43392619,86969,0,0,119808,234,0,0,2888704,5642,2768896,5408,496991,973,2390897,4671,7988215,15610,7491224,14637,1906129,3935,0,0,35038628,70859,33132499,66924,0,0,0,0,0,0,0,0,2522928,2390897,3007696,45915547,13267816,80679,33156,47892,145454,58922,55763,22643,0.38337206264523493,0.38428770238620547,201858,81208,207626872832,83419289600,1.387778954171078,0.13231955872479026,13.231955872479025,4.070158043503948,4.917602816391517,13.598786369922623,59.64822139454048,0.0,4.070158043503948,22.586547229818088,0.26558108964496285,0.7344189103550371,226133,80679,145454,0,7ce5b0049bfa00c621357d1a1efaa192cbc5746baa5cfa4948223fe753be00f9,12069429,6975503,225519,0.587290624933458,92078,0,0,80508,0.874345663459241,13454.079842228077,0.1461161172291761,4170,0.045287690870783465,31,89981,0,0,79011,0.8780853735788666,12582.460683150543,0.13983463934775722,4105,0.045620742156677524,31,2097,0,0,1497,0.7138769670958512,871.6191590775114,0.41565052888770215,65,0.030996661897949453,0,,,
conversation_trace,0.0025,4.0,"l1=0.0025,l2x4",all,16,all16,label_binary_240,horizon,240.0,1,main,464360509,1857442038,58742117,5183,2662942,7862248,10525190,7862248,2328713,4549,195004,80828,145311,226139,275832,17.940815448760986,856.58203125,559.076171875,edebb10f35b165af8459d48213c18a9160a614d1ca012b092b6a45f80ff39163,5183,42,56079175,111981,7862248,15374,43364646,86917,0,0,110972,217,0,0,2905108,5675,2794136,5458,493622,966,2328713,4549,7944478,15524,7450856,14558,1918974,3958,0,0,35038628,70859,33119654,66901,0,0,0,0,0,0,0,0,2523568,2328713,2933307,45888214,13178299,80828,33321,47888,145311,58708,56078,22743,0.385917101939977,0.3873918375689855,204581,81715,210484631552,83970142208,1.4078837803056892,0.13384345681651208,13.384345681651208,3.9642987330538326,4.945528265520291,13.524330422071783,59.64822139454048,0.0,3.9642987330538326,22.434157420645906,0.26776210631447134,0.7322378936855286,226139,80828,145311,0,1e486e79f32eba97e9e2ce3539324fda83778d2af97d2b694b25024e8333c222,12063386,6958261,224224,0.5861018622797944,92029,0,0,80555,0.8753219093981245,13338.6786417797,0.14493994981777156,4112,0.044681567766682244,27,89884,0,0,79015,0.8790774776378444,12487.689502620004,0.13893117242913092,4029,0.04482444038983579,26,2145,0,0,1540,0.717948717948718,850.9891391596856,0.39673153340777884,83,0.0386946386946387,1,,,
conversation_trace,0.0025,4.0,"l1=0.0025,l2x4",all,16,all16,label_binary_240,horizon,240.0,2,main,464360509,1857442038,58742117,5183,2662942,8042527,10705469,8042527,2133079,4167,194899,80933,145235,226168,275832,17.95172095298767,855.91796875,578.0615234375,acfcd8ab56ac1704923b2086197866aec4fbe5edea959f6f90779cd3338453e4,5183,45,56079175,111981,8042527,15727,43382214,86949,0,0,120832,236,1024,2,2940532,5744,2819700,5508,488827,956,2132055,4165,7924409,15484,7435582,14528,1911696,3946,0,0,35038628,70859,33126932,66913,0,0,0,0,0,0,0,0,2521355,2133079,2742738,45903569,12998020,80933,33191,47857,145235,58863,55780,22680,0.38406720143216166,0.3853014627185159,202430,81213,208256139264,83429730304,1.3938100320170759,0.136912447333146,13.6912447333146,3.6312600037891043,5.005832527281916,13.490165837911494,59.64822139454048,0.0017432126254489603,3.629516791163655,22.127258368982513,0.2706440835711855,0.7293559164288145,226168,80933,145235,0,b42b43153550f4756f468ee8832821e9c78b326e5b6d1396a613e66894caf216,12066328,6964480,225729,0.5865367243456335,92054,0,0,80582,0.8753774958176722,13369.809573453153,0.1452387682605118,4071,0.04422404240988985,31,89890,0,0,79029,0.87917454666815,12477.441984604135,0.13880789837138874,3995,0.0444432083657804,31,2164,0,0,1553,0.717652495378928,892.3675888489819,0.41236949577124854,76,0.03512014787430684,0,,,
conversation_trace,0.0025,4.0,"l1=0.0025,l2x4",all,16,all16,label_binary_240,horizon,240.0,3,main,464360509,1857442038,58742117,5183,2662942,7821938,10484880,7821938,2351837,4595,194862,80970,145159,226129,275832,18.230656147003174,856.34765625,562.341796875,0c38f28e8ec069d33880cf35d773b8422c806e6c271a0ebd97837d83175d8e12,5183,44,56079175,111981,7821938,15296,43383847,86951,0,0,121592,238,512,1,2918800,5702,2797208,5464,492080,962,2351325,4594,7947972,15529,7455892,14567,1907881,3939,0,0,35038628,70859,33130747,66920,0,0,0,0,0,0,0,0,2521553,2351837,2965509,45905400,13218609,80970,33043,47894,145159,59013,55873,22794,0.3849089618969544,0.3862538762645519,203108,82667,208962510848,84956925952,1.399210520877107,0.1331572370808495,13.31572370808495,4.003664015037115,4.968836924961352,13.530278454213695,59.64822139454048,0.0008716063127244801,4.002792408724391,22.502779394212162,0.2685986233998468,0.7314013766001533,226129,80970,145159,0,f1666a23a9b28af2679faeedd7e3f95b3b4b5b037809b496f4b867ac978f4796,12064808,6969984,226838,0.5871127828971667,92056,0,0,80515,0.8746306595985053,13416.262239995323,0.14574022594937128,4176,0.04536369166594247,33,89927,0,0,78971,0.8781678472538837,12574.975796423785,0.13983537532024626,4101,0.045603656298998076,31,2129,0,0,1544,0.7252231094410522,841.286443571513,0.39515568039995913,75,0.035227806481916396,2,,,
conversation_trace,0.0025,4.0,"l1=0.0025,l2x4",all,16,all16,label_binary_240,horizon,240.0,4,main,464360509,1857442038,58742117,5183,2662942,7726351,10389293,7726351,2444049,4776,195072,80760,145366,226126,275832,17.933135271072388,855.27734375,727.15625,ca6de787a0b9540185ad89d140ca51ef99c14cd4d330a7520ab50451f2ccfb07,5183,42,56079175,111981,7726351,15108,43385800,86956,0,0,112888,221,1536,3,2863504,5594,2750616,5373,500243,978,2442513,4773,8006643,15644,7506400,14666,1909844,3942,0,0,35038628,70859,33128784,66917,0,0,0,0,0,0,0,0,2522975,2444049,3057180,45908775,13314196,80760,33186,47899,145366,58877,56028,22673,0.3854271287646355,0.38509095232433715,205977,82993,211891988480,85263636480,1.416954446019014,0.1315300059750996,13.15300059750996,4.160641673843658,4.874703443187109,13.630157387756386,59.64822139454048,0.0026148189381734405,4.158026854905485,22.665502504787153,0.26342826826536936,0.7365717317346306,226126,80760,145366,0,709a93a2de25d3d0fe46d0d4aef9178c8eddbea03708f1d65ef3d864a9dcf5a4,12067635,6956820,224916,0.5858047579330996,92063,0,0,80530,0.8747270890585794,13421.467794463837,0.14578568800130168,4111,0.04465420418626376,33,89920,0,0,78985,0.8783919039145908,12547.02122321189,0.13953537837201835,4049,0.04502891459074733,31,2143,0,0,1545,0.7209519365375642,874.4465712519016,0.4080478633933278,62,0.028931404573028466,2,,,
conversation_trace,0.0025,4.0,"l1=0.0025,l2x4",all,16,all16,label_binary_300,horizon,300.0,0,main,464360509,1857442038,58742117,5183,2662942,6909063,9572005,6909063,2102164,4108,170922,104910,127592,232502,275832,18.598841905593872,847.05859375,559.0322265625,80288781ee69d6d3a9432efbe4d981693f1e1fed9a67091c3549ee14ace0703e,5183,39,56079175,111981,6909063,13510,44539519,89219,0,0,125308,245,0,0,3175444,6203,3050136,5958,537435,1051,2102164,4108,8853876,17301,8316441,16250,1865686,3848,0,0,35038628,70859,33172942,67011,0,0,0,0,0,0,0,0,2528429,2102164,2764907,47067948,14131484,104910,42177,41526,127592,52150,47509,19394,0.3723509310928585,0.371888782358581,183885,73925,190130872320,76319578112,1.4411953727506426,0.11761685401974872,11.761685401974873,3.578631665590125,5.405736398638816,15.0724496360933,59.64822139454048,0.0,3.578631665590125,24.05681770032224,0.26397535355281926,0.7360246464471807,232502,104910,127592,0,4604983e5f9fc4acb4e0095a060505b63bb830d920b6d2e1483706bdcc1741d7,12386704,7108983,257294,0.5843063659226861,94327,0,0,80709,0.8556298832783826,17279.02886135854,0.18318221571086263,2405,0.025496411419847976,18,92348,0,0,79462,0.8604625979988738,16230.35895144176,0.17575214353794083,2373,0.0256962792913761,18,1979,0,0,1247,0.6301162203132895,1048.6699099166667,0.5298988933383865,32,0.01616978271854472,0,,,
conversation_trace,0.0025,4.0,"l1=0.0025,l2x4",all,16,all16,label_binary_300,horizon,300.0,1,main,464360509,1857442038,58742117,5183,2662942,6920906,9583848,6920906,2095213,4095,170356,105476,126988,232464,275832,18.609848976135254,853.28125,551.5751953125,2d242e349b59b20c375a4a296b189ef680c080677472580c52975cab9421db84,5183,40,56079175,111981,6920906,13534,44536235,89209,0,0,127868,250,0,0,3219476,6289,3091608,6039,533851,1044,2095213,4095,8804952,17204,8271101,16160,1865102,3849,0,0,35038628,70859,33173526,67010,0,0,0,0,0,0,0,0,2526821,2095213,2756932,47063056,14119641,105476,42249,41561,126988,52066,47266,19324,0.37220839764387187,0.3711443168286406,181837,74274,187981359104,76677658624,1.4319227013576086,0.11781846405024865,11.781846405024865,3.5667985884812423,5.480694541533122,14.989163567257885,59.64822139454048,0.0,3.5667985884812423,24.03665669727225,0.26774462785256814,0.7322553721474319,232464,105476,126988,0,26039efffe951c764e7bb0944de6bdc3b77aaa8de084910c68263a8b137fdf76,12386965,7107108,258409,0.5841876924654263,94315,0,0,80681,0.8554418703281557,17228.265749441463,0.1826672931075806,2421,0.025669299687218365,22,92323,0,0,79409,0.8601215298463005,16226.562354499265,0.1757586122038849,2391,0.025898205214301962,22,1992,0,0,1272,0.6385542168674698,1001.7033949420518,0.5028631500713111,30,0.015060240963855422,0,,,
conversation_trace,0.0025,4.0,"l1=0.0025,l2x4",all,16,all16,label_binary_300,horizon,300.0,2,main,464360509,1857442038,58742117,5183,2662942,7100466,9763408,7100466,1921955,3756,170703,105129,127262,232391,275832,18.45996642112732,856.3984375,718.3056640625,82ba9d30924e4baf91e63d35cea98ce48bb32e7128e939bdb9598ed8ed95d7b5,5183,40,56079175,111981,7100466,13885,44530537,89197,0,0,120700,236,0,0,3182100,6216,3061400,5980,535787,1048,1921955,3756,8836026,17265,8300239,16217,1869730,3859,0,0,35038628,70859,33168898,67000,0,0,0,0,0,0,0,0,2526217,1921955,2578442,47056754,13940081,105129,42026,41637,127262,52280,47395,19445,0.37242067545693136,0.37193955623565417,180739,73680,186816208896,75996809216,1.420211846427056,0.12087521462667067,12.087521462667068,3.271851778852301,5.417067280704234,15.04206258007351,59.64822139454048,0.0,3.271851778852301,23.730981639630045,0.2647750572759846,0.7352249427240154,232391,105129,127262,0,97e03d1ffa5ec507d34b3fcc03ec62be476650a3d20ffd0394401a32d8db376d,12385512,7111349,258611,0.5846067970383461,94306,0,0,80682,0.8555341123576443,17262.472516101334,0.18304744678070678,2458,0.026064089241405637,17,92294,0,0,79402,0.8603159468654518,16249.532890565539,0.17606272228493228,2427,0.026296400632760526,17,2012,0,0,1280,0.6361829025844931,1012.9396255356538,0.5034491180594701,31,0.015407554671968192,0,,,
conversation_trace,0.0025,4.0,"l1=0.0025,l2x4",all,16,all16,label_binary_300,horizon,300.0,3,main,464360509,1857442038,58742117,5183,2662942,6866621,9529563,6866621,2118262,4139,170257,105575,126936,232511,275832,26.420897722244263,854.90234375,567.8935546875,ff4b560f393371c4a6d63d8bfeea40872b28543f78ad709bd66c95f04bbb9279,5183,39,56079175,111981,6866621,13428,44567695,89270,0,0,128380,251,0,0,3168252,6189,3039872,5938,536811,1050,2118262,4139,8887412,17366,8350601,16316,1861406,3843,0,0,35038628,70859,33177222,67016,0,0,0,0,0,0,0,0,2526597,2118262,2783453,47094292,14173926,105575,42216,41518,126936,52167,47233,19334,0.3721009012415706,0.37061744014415243,182730,74009,188946069504,76402663424,1.4395443373038381,0.11689434005247036,11.689434005247035,3.60603619375856,5.3934930537147645,15.129539849576753,59.64822139454048,0.0,3.60603619375856,24.129069097050078,0.26280194935757994,0.73719805064242,232511,105575,126936,0,6711230ed6bb5494de021f93da1e63453d4344049e99ded43ebe407ac0b4ed44,12394037,7115935,259442,0.5846082273273833,94383,0,0,80659,0.8545924583876333,17453.386840267074,0.18492087388901682,2458,0.02604282550883104,22,92363,0,0,79398,0.8596299383952448,16387.803973883645,0.17742823396688767,2425,0.02625510215129435,21,2020,0,0,1261,0.6242574257425743,1065.5828663834238,0.5275162704868435,33,0.016336633663366337,1,,,
conversation_trace,0.0025,4.0,"l1=0.0025,l2x4",all,16,all16,label_binary_300,horizon,300.0,4,main,464360509,1857442038,58742117,5183,2662942,6865210,9528152,6865210,2140222,4183,170235,105597,126957,232554,275832,18.67974042892456,856.58203125,559.1220703125,1031e069c52154ab7c47cc28721880603f32622c9a8c3f05c2ff1c17279d0bba,5183,39,56079175,111981,6865210,13425,44546260,89229,0,0,124928,244,0,0,3195904,6242,3070976,5998,544359,1065,2140222,4183,8839211,17272,8294852,16207,1858196,3835,0,0,35038628,70859,33180432,67024,0,0,0,0,0,0,0,0,2527483,2140222,2809509,47073743,14175337,105597,42059,41474,126957,52277,47192,19366,0.37171640791764143,0.37044971976203683,184664,76157,190902548480,78609545216,1.4545397260489772,0.11687031980818804,11.687031980818805,3.6434199332652586,5.440566604026205,15.047484584186845,59.64822139454048,0.0,3.6434199332652586,24.13147112147831,0.265548272700344,0.734451727299656,232554,105597,126957,0,fb722f9d1c3fa1f9884c0d6e3839eb4a75db197551759993ecbbeeb97c675c78,12387284,7117441,258869,0.5850253776372609,94336,0,0,80625,0.8546578188602443,17233.942135546542,0.18268680180998284,2492,0.026416214382632294,16,92325,0,0,79368,0.8596588139723802,16146.862581369749,0.17489155246541835,2463,0.026677497969130787,16,2011,0,0,1257,0.6250621581302834,1087.0795541766804,0.5405666604558331,29,0.014420686225758329,0,,,
conversation_trace,0.0025,4.0,"l1=0.0025,l2x4",all,16,all16,label_binary_600,horizon,600.0,0,main,464360509,1857442038,58742117,5183,2662942,5530179,8193121,5530179,1550834,3031,146875,128957,113908,242865,275832,19.26672387123108,855.91796875,578.0771484375,d5fa37dea3caef71d0c106678e496c0a4ca24f99e5d129a99a7566026c9be17c,5183,36,56079175,111981,5530179,10816,46466083,92987,0,0,54652,107,0,0,1619324,3163,1564672,3056,696585,1363,1550834,3031,12340210,24112,11643625,22749,1780842,3677,0,0,35038628,70859,33257786,67182,0,0,0,0,0,0,0,0,2532079,1550834,2302071,48998162,15510368,128957,49681,31160,113908,48413,45010,19097,0.3951434490992731,0.3944601656579844,201742,82538,210065526784,85719810048,1.7710959721880817,0.09414333841594438,9.41433384159444,2.6400716882573367,2.7566660561450314,21.007431516300308,59.64822139454048,0.0,2.6400716882573367,26.404169260702673,0.11600129345291899,0.883998706547081,242865,128957,113908,0,b835ae3debf87fbf1a15c2c572a974b91de18d7407983076ab71d704d0e7e066,12878841,7311297,358696,0.5816241539126075,98094,0,0,79650,0.8119762676616307,31029.722287835884,0.3163264041412919,0,0.0,0,96341,0,0,78765,0.817564692083329,29573.454257026187,0.30696644478494295,0,0.0,0,1753,0,0,885,0.5048488305761551,1456.2680308097267,0.8307290535138202,0,0.0,0,error_location_001,8193121,True
conversation_trace,0.0025,4.0,"l1=0.0025,l2x4",all,16,all16,label_binary_600,horizon,600.0,1,main,464360509,1857442038,58742117,5183,2662942,5371489,8034431,5371489,1735841,3392,146867,128965,113879,242844,275832,19.5802903175354,856.34765625,562.359375,ee6af999eb54a389286f48219797bd54ca28247e6fc77a69a619f36615538425,5183,37,56079175,111981,5371489,10507,46440222,92936,0,0,48508,95,0,0,1628028,3180,1579520,3085,702960,1375,1735841,3392,12305189,24043,11602229,22668,1780155,3676,0,0,35038628,70859,33258473,67183,0,0,0,0,0,0,0,0,2531623,1735841,2487309,48971845,15669058,128965,49515,31183,113879,48527,45283,19266,0.39764135617629237,0.39701609413316297,203177,83788,211458514944,86980835328,1.7841480870046278,0.09144186955332237,9.144186955332236,2.9550194794647937,2.7714833634613476,20.947813304038736,59.64822139454048,0.0,2.9550194794647937,26.674316146964877,0.11684509040518065,0.8831549095948193,242844,128965,113879,0,8b6144bdf68bce8405f5a13f8eb78862292c2201439d78f2bbfaadeb88022469,12873201,7305427,357016,0.5813577368985383,98042,0,0,79596,0.8118561432855307,30913.541356319416,0.3153091670541137,0,0.0,0,96284,0,0,78662,0.8169789373104566,29539.227768901437,0.3067926942056981,0,0.0,0,1758,0,0,934,0.5312855517633674,1374.3135874180318,0.7817483432412012,0,0.0,0,error_location_001,8034431,True
conversation_trace,0.0025,4.0,"l1=0.0025,l2x4",all,16,all16,label_binary_600,horizon,600.0,2,main,464360509,1857442038,58742117,5183,2662942,5497441,8160383,5497441,1590992,3109,146676,129156,113664,242820,275832,19.090529441833496,855.27734375,560.55859375,efdbe290449e1cac0a13b0614d550a3e64d29e51cb84b2bc00e7b7c85ce3ab0d,5183,37,56079175,111981,5497441,10753,46459291,92973,0,0,52604,103,0,0,1628028,3180,1575424,3077,695531,1360,1590992,3109,12324086,24080,11628555,22720,1783316,3683,0,0,35038628,70859,33255312,67176,0,0,0,0,0,0,0,0,2531451,1590992,2339127,48990742,15543106,129156,49729,31207,113664,48351,44964,19004,0.39558699324324326,0.3930425430704639,201039,81789,209251751936,84908840960,1.7687130489864864,0.09358602108262458,9.358602108262458,2.708434903699504,2.7714833634613476,20.979982726873804,59.64822139454048,0.0,2.708434903699504,26.459900994034655,0.11668683326412041,0.8833131667358796,242820,129156,113664,0,0e15c75744c0f712cd8c9cda45bb49123bb86caa5075cc17bda6e5a65e0d93b2,12880288,7310473,356594,0.5814132416914901,98080,0,0,79559,0.8111643556280588,31041.503670799673,0.31649167690456437,0,0.0,0,96333,0,0,78660,0.8165426177945252,29705.730763499792,0.3083650541714656,0,0.0,0,1747,0,0,899,0.5145964510589582,1335.7729072998768,0.7646095634229404,0,0.0,0,error_location_001,8160383,True
conversation_trace,0.0025,4.0,"l1=0.0025,l2x4",all,16,all16,label_binary_600,horizon,600.0,3,main,464360509,1857442038,58742117,5183,2662942,5496417,8159359,5496417,1582921,3094,146774,129058,113750,242808,275832,19.072847604751587,847.05859375,723.8603515625,8869ccfb7993e35cd166d7e21d8a733cc62060b809ac3eb607c2bdcc14f2a337,5183,37,56079175,111981,5496417,10751,46467729,92990,0,0,51580,101,0,0,1633660,3191,1582080,3090,699115,1367,1582921,3094,12327549,24086,11628434,22719,1781413,3678,0,0,35038628,70859,33257215,67181,0,0,0,0,0,0,0,0,2532108,1582921,2333616,48999837,15544130,129058,49871,31219,113750,48228,45094,19121,0.39643076923076925,0.3964709297503525,203476,83404,211770531840,86560217088,1.7888,0.09356858895637009,9.356858895637009,2.694695187781537,2.7810710329013166,20.98587798597725,59.64822139454048,0.0,2.694695187781537,26.461644206660104,0.11701422133283729,0.8829857786671627,242808,129058,113750,0,7d9e6ffcb0172f2a30eb154f02c65229dcdf9c83198de6a73acf0eac62476684,12879874,7316960,356878,0.5819466091050269,98099,0,0,79608,0.811506743188004,31111.769528245466,0.31714665315900736,0,0.0,0,96370,0,0,78736,0.817017744111238,29684.671765427473,0.3080281391037405,0,0.0,0,1729,0,0,872,0.5043377674956623,1427.0977628180294,0.8253891051579118,0,0.0,0,error_location_001,8159359,True
conversation_trace,0.0025,4.0,"l1=0.0025,l2x4",all,16,all16,label_binary_600,horizon,600.0,4,main,464360509,1857442038,58742117,5183,2662942,5405281,8068223,5405281,1702613,3327,146429,129403,113368,242771,275832,19.22215485572815,852.76171875,733.01171875,c512f892ce7233c380789acac04bc6dc6ec4cf50b28922113f4a936b81f51810,5183,37,56079175,111981,5405281,10573,46439545,92935,0,0,54140,106,0,0,1649020,3221,1594880,3115,696555,1362,1702613,3327,12283633,24001,11587078,22639,1781041,3678,0,0,35038628,70859,33257587,67181,0,0,0,0,0,0,0,0,2531736,1702613,2453308,48971281,15635266,129403,49890,31255,113368,48152,44912,19105,0.39616117422905933,0.3967644126931384,201887,83334,210169491456,86552375296,1.7808111636440618,0.09201712971972052,9.201712971972052,2.8984535916538383,2.807219222283051,20.91111731638817,59.64822139454048,0.0,2.8984535916538383,26.61679013032506,0.11835649678492675,0.8816435032150732,242771,129403,113368,0,bd6a23926f88ab1f48f021da1a1adcec3c041aa2f8d43aaca34d72b77b8395c3,12873235,7302961,356441,0.5811423080523271,98042,0,0,79592,0.8118153444442178,30905.14640588122,0.3152235409914243,0,0.0,0,96329,0,0,78722,0.817220151771533,29517.90041184234,0.3064279750837478,0,0.0,0,1713,0,0,870,0.5078809106830122,1387.2459940388928,0.8098342055101534,0,0.0,0,error_location_001,8068223,True
conversation_trace,0.01,1.0,"l1=0.01,l2x1",all,16,all16,label_binary_60,horizon,60.0,0,main,1857442038,1857442038,58742117,5183,3218284,7128081,10346365,7128081,484864,947,271285,4,234932,234936,271289,41.8193097114563,679.89453125,524.71875,ac05ad2ada8c706fc54f339267cba7c7e891ae7f57978b9b30be4e820e2aa7af,5183,44,55523833,110893,7128081,13937,45387796,90870,0,0,0,0,0,0,0,0,0,0,644282,1260,484864,947,12872260,25150,12227978,23890,1878810,3879,0,0,35038628,70859,33159818,66980,0,0,0,0,0,0,0,0,2523092,484864,1129146,47910888,13357124,4,3,34522,234932,95990,112056,45623,0.47697206000034054,0.4752890926138139,584162,234617,601445785600,241300213760,2.4865152469650793,0.12134532025803564,12.134532025803564,0.8254111781500827,0.0,21.913170068419564,59.64822139454048,0.0,0.8254111781500827,22.738581246569645,0.0,1.0,234936,4,234932,0,1c7e45263e8c474df012d1c5aef258506ecee41980acf9339fa212e7b6efbd8b,12007079,10092332,375106,0.8561520249845945,95993,0,0,77774,0.810204910774744,21844.423705647918,0.22756267337876634,18219,0.189795089225256,4,93587,0,0,75833,0.8102941647878444,21294.931869649754,0.22754155886661345,17754,0.18970583521215553,4,2406,0,0,1941,0.8067331670822943,549.4918359980799,0.2283839717365253,465,0.19326683291770574,0,,,
conversation_trace,0.01,1.0,"l1=0.01,l2x1",all,16,all16,label_binary_60,horizon,60.0,1,main,1857442038,1857442038,58742117,5183,3218284,7141988,10360272,7141988,489472,956,271285,4,234875,234879,271289,18.357259511947632,675.8828125,520.9736328125,1abb1ca359459945550f3b4bebdf3ea4515586c325bb57c2c8a81fd093f8da68,5183,43,55523833,110893,7141988,13964,45369101,90833,0,0,0,0,0,0,512,1,512,1,644199,1260,489472,956,12853233,25113,12209034,23853,1879073,3880,0,0,35038628,70859,33159555,66979,0,0,0,0,0,0,0,0,2523272,489472,1133671,47892373,13343217,4,3,34577,234875,95951,112096,45488,0.47725811601915913,0.4740753092724411,580799,231711,598121205760,238484107264,2.472800425758382,0.12158206691801728,12.158206691801727,0.833255634964603,0.0008716063127244801,21.880779339294154,59.64822139454048,0.0,0.833255634964603,22.714906580571483,3.9832749132645776e-05,0.9999601672508673,234879,4,234875,0,e8f018a47130a4b7d062238fc4a610be8dd9736c35c0f53524d7a3a40e9ac131,12003073,10086398,374767,0.8559292691130013,95954,0,0,77791,0.8107113825374659,21743.925807033527,0.226607810065589,18166,0.18931988244367093,4,93549,0,0,75804,0.8103133117403714,21257.452539350645,0.2272333487193946,17748,0.18971875701504023,4,2405,0,0,1987,0.8261954261954262,486.4732676827958,0.20227578697829346,418,0.17380457380457381,0,,,
conversation_trace,0.01,1.0,"l1=0.01,l2x1",all,16,all16,label_binary_60,horizon,60.0,2,main,1857442038,1857442038,58742117,5183,3218284,7184913,10403197,7184913,448000,875,271287,2,234900,234902,271289,21.306020736694336,675.9296875,521.0,239e22ef0225c3812286901734fb21f7f9cc5026ef00701112e5e15db1aa02f1,5183,44,55523833,110893,7184913,14048,45367893,90831,0,0,0,0,0,0,0,0,0,0,641722,1255,448000,875,12852292,25111,12210570,23856,1881305,3884,0,0,35038628,70859,33157323,66975,0,0,0,0,0,0,0,0,2523027,448000,1089722,47890920,13300292,2,2,34557,234900,95956,111857,45520,0.47618986802894847,0.4743840927091584,587265,233812,604712402944,240496615424,2.500063856960409,0.12231280326515982,12.231280326515982,0.7626555236339201,0.0,21.879177422223307,59.64822139454048,0.0,0.7626555236339201,22.641832945857228,0.0,1.0,234902,2,234900,0,6eb91c9b33d292d0ed7b128b2e6e55fd9a28bfe9fc92ff158e79c669ba036123,12002324,10087870,376678,0.8561849355174881,95958,0,0,77789,0.8106567456595594,21741.135534628942,0.2265692858816247,18171,0.18936409679234664,3,93533,0,0,75833,0.8107619770562261,21177.377302602134,0.22641610236603266,17702,0.18925940577122513,3,2425,0,0,1956,0.8065979381443299,563.7582320266471,0.23247762145428746,469,0.1934020618556701,0,,,
conversation_trace,0.01,1.0,"l1=0.01,l2x1",all,16,all16,label_binary_60,horizon,60.0,3,main,1857442038,1857442038,58742117,5183,3218284,7164433,10382717,7164433,462848,904,271288,1,234899,234900,271289,18.868358612060547,679.39453125,524.6494140625,2066a3f1377789ae79f1cbd1421d60b399cfbddc6d73df164b5d3443c2b32fe8,5183,44,55523833,110893,7164433,14008,45373300,90842,0,0,0,0,0,0,0,0,0,0,645818,1263,462848,904,12857924,25122,12212106,23859,1877434,3876,0,0,35038628,70859,33161194,66983,0,0,0,0,0,0,0,0,2523252,462848,1108666,47896552,13320772,1,1,34559,234899,95966,111775,45646,0.4758428090370755,0.4756476252005919,584026,232885,601565319168,239652177920,2.4862855950855476,0.12196416074007002,12.196416074007002,0.78793210670293,0.0,21.888765091663277,59.64822139454048,0.0,0.78793210670293,22.67669719836621,0.0,1.0,234900,1,234899,0,850de85f2dbc87c650e0ec9ebd6fc1b04559efe859ae7b657682feb29cf92cac,12004123,10091474,375129,0.8562923338922802,95967,0,0,77787,0.8105598799587358,21774.28745311243,0.22689348894007763,18185,0.18949222128439985,6,93566,0,0,75857,0.8107325310476028,21197.689140325885,0.22655333283805962,17714,0.18932090716713337,6,2401,0,0,1930,0.8038317367763432,576.5983127864052,0.24014923481316336,471,0.1961682632236568,0,,,
conversation_trace,0.01,1.0,"l1=0.01,l2x1",all,16,all16,label_binary_60,horizon,60.0,4,main,1857442038,1857442038,58742117,5183,3218284,7096849,10315133,7096849,533504,1042,271288,1,234866,234867,271289,18.256659984588623,680.06640625,524.6748046875,1894fc1cb5aec8d6ae3aac068a27888f0be992afa4ac4079016a53044e109edf,5183,44,55523833,110893,7096849,13876,45370760,90836,0,0,0,0,0,0,0,0,0,0,648378,1268,533504,1042,12854852,25116,12206474,23848,1874342,3871,0,0,35038628,70859,33164286,66988,0,0,0,0,0,0,0,0,2522720,533504,1181882,47893480,13388356,1,1,34589,234866,95956,111795,45546,0.47599482257968373,0.474655050231356,582776,232220,600171476992,238926622720,2.4813127485459794,0.12081364040727371,12.08136404072737,0.9082137778589083,0.0,21.88353545378693,59.64822139454048,0.0,0.9082137778589083,22.791749231645838,0.0,1.0,234867,1,234866,0,1ee311e442055d5dea3bed922e76e347bfcfc7a74355ca9789d964e5bf754169,12003777,10084373,376185,0.8557694382359818,95957,0,0,77786,0.8106339297810478,21739.410495355223,0.22655366982455916,18173,0.18938691288806445,3,93554,0,0,75862,0.8108899672916177,21177.25993878709,0.2263640244007428,17694,0.1891314107360455,3,2403,0,0,1924,0.8006658343736995,562.150556568031,0.2339369773483275,479,0.19933416562630046,0,,,
conversation_trace,0.01,1.0,"l1=0.01,l2x1",all,16,all16,label_binary_90,horizon,90.0,0,main,1857442038,1857442038,58742117,5183,3218284,9140502,12358786,9140502,340480,665,271171,118,226588,226706,271289,17.738133430480957,675.87890625,520.98828125,24cc767df7cca4f7323b1b5880cd4e2f55a12fea6efae3d526835945feca20aa,5183,45,55523833,110893,9140502,17868,43527162,87222,0,0,1024,2,16896,33,5632,11,4608,9,542394,1061,323584,632,10998591,21490,10456197,20429,1972271,4075,0,0,35038628,70859,33066357,66784,0,0,0,0,0,0,0,0,2515689,340480,883898,46042851,11344703,118,105,42750,226588,92228,107563,43571,0.47470739845005033,0.47242702866808345,561048,219042,577792624640,225252859904,2.476071107031264,0.1556038914974753,15.56038914974753,0.5796181979617793,0.009587669439969282,18.72351825522393,59.64822139454048,0.028763008319907843,0.5508551896418714,19.312724122625678,0.0005118035139782246,0.9994881964860218,226706,118,226588,0,0148d323d1bd56b6a57ae9109c4788dad34b4d8543ab2bd01b01e6376062b91c,11639633,9763689,271362,0.850488155425519,92333,0,0,77527,0.8396456304896408,14683.658794232437,0.15902936971865353,14804,0.16033270878234218,1,89946,0,0,75539,0.839826117892958,14282.627652013962,0.15879113748264473,14405,0.16015164654348166,1,2387,0,0,1988,0.8328445747800587,401.0311422184271,0.16800634361894726,399,0.16715542521994134,0,,,
conversation_trace,0.01,1.0,"l1=0.01,l2x1",all,16,all16,label_binary_90,horizon,90.0,1,main,1857442038,1857442038,58742117,5183,3218284,9088355,12306639,9088355,390067,762,271163,126,226592,226718,271289,22.31072449684143,675.9140625,521.0322265625,c8b1a7ea5137fa29f4ec2441434b769174dafe4f9332dd46247d086453331a31,5183,44,55523833,110893,9088355,17766,43529141,87226,0,0,512,1,20992,41,4096,8,3584,7,544954,1066,369075,721,11002687,21498,10457733,20432,1970804,4072,0,0,35038628,70859,33067824,66787,0,0,0,0,0,0,0,0,2516270,390067,935533,46045411,11396850,126,108,42739,226592,92233,107739,43624,0.4754757449512781,0.4729760497869526,559999,222079,576690165760,228493582336,2.4713979310831804,0.1547161638726776,15.471616387267758,0.6640329288779293,0.006972850501795841,18.730491105725726,59.64822139454048,0.03573585882170369,0.6282970700562256,19.401496885105452,0.00037213416490540426,0.9996278658350946,226718,126,226592,0,ddd05b6f0d0b008856d636576b0714cec62f280eecf218fe04003927f49cf755,11640730,9762285,272266,0.850326225245324,92341,0,0,77546,0.8397786465383741,14674.039436910456,0.1589114200291361,14780,0.16005891207589262,1,89952,0,0,75557,0.839970206332266,14272.47178814784,0.15866764261103522,14382,0.1598852721451441,1,2389,0,0,1989,0.8325659271661783,401.5676487625497,0.16809026737653818,398,0.16659690246965259,0,,,
conversation_trace,0.01,1.0,"l1=0.01,l2x1",all,16,all16,label_binary_90,horizon,90.0,2,main,1857442038,1857442038,58742117,5183,3218284,9088278,12306562,9088278,395776,773,271155,134,226573,226707,271289,17.72265362739563,676.11328125,521.0048828125,f33389c215e7a7c52eb1ef2f4e5c1961dc2938031bb09032a854da38b6bd8081,5183,45,55523833,110893,9088278,17766,43524089,87216,0,0,2048,4,23040,45,7680,15,5632,11,542906,1062,372736,728,10993471,21480,10450565,20418,1970736,4072,0,0,35038628,70859,33067892,66787,0,0,0,0,0,0,0,0,2515690,395776,940730,46039779,11396927,134,116,42749,226573,92211,107662,43687,0.4751757711642605,0.47377210961815835,557588,220234,574175019008,226473394176,2.4609640160124995,0.15471485305849633,15.471485305849635,0.6737516797360231,0.013074094690867202,18.714802192096688,59.64822139454048,0.03922228407260161,0.6345293956634215,19.401627966523577,0.000698108770618638,0.9993018912293814,226707,134,226573,0,55a79ddcecf259a661e316c166b44de7fa0af4b87a616b739fb743ccc98819dc,11637604,9762474,271017,0.8505172112747607,92327,0,0,77538,0.8398193377885126,14658.86506732499,0.15877116192798413,14780,0.16008318260097262,6,89943,0,0,75538,0.8398430116851784,14270.922497754013,0.15866629418358308,14398,0.16007916124656726,6,2384,0,0,2000,0.8389261744966443,387.9425695709177,0.16272758790726416,382,0.16023489932885907,0,,,
conversation_trace,0.01,1.0,"l1=0.01,l2x1",all,16,all16,label_binary_90,horizon,90.0,3,main,1857442038,1857442038,58742117,5183,3218284,9076902,12295186,9076902,390656,763,271167,122,226583,226705,271289,17.764304161071777,675.90234375,520.9970703125,db5e86ddca2f374d5ccae6b27c738e75a6ef4e69d53596823ac82bd0bdacc444,5183,46,55523833,110893,9076902,17744,43540986,87249,0,0,1536,3,14848,29,7680,15,6144,12,543530,1063,375808,734,11009967,21512,10466437,20449,1970223,4071,0,0,35038628,70859,33068405,66788,0,0,0,0,0,0,0,0,2515289,390656,935722,46056275,11408303,122,110,42753,226583,92250,107853,43801,0.47599775799596616,0.47480758807588075,562125,223520,578917586944,229977548800,2.4808789715027166,0.15452119303088788,15.452119303088788,0.6650356166087783,0.013074094690867202,18.742884257984777,59.64822139454048,0.025276583069009925,0.6397590335397684,19.420993969284424,0.0006970635381583745,0.9993029364618417,226705,122,226583,0,0805267e109b0bd289685033d38d9d8d0dc4f5f1a26527915d56525d311a4d29,11639795,9762877,272129,0.8504395051631064,92360,0,0,77546,0.8396058899956691,14707.852732065521,0.15924483252561197,14812,0.16037245560848853,6,89979,0,0,75561,0.8397626112759644,14324.521503207001,0.15919849635144867,14416,0.16021516131541805,6,2381,0,0,1985,0.8336833263334733,383.3312288584964,0.16099589620264443,396,0.16631667366652667,0,,,
conversation_trace,0.01,1.0,"l1=0.01,l2x1",all,16,all16,label_binary_90,horizon,90.0,4,main,1857442038,1857442038,58742117,5183,3218284,9124118,12342402,9124118,353792,691,271149,140,226604,226744,271289,22.104355573654175,675.6875,521.0185546875,a96c9b3bb4f3384f03b5889e8ea308f08715479a6b3a70f31b1668f3b47cb400,5183,45,55523833,110893,9124118,17836,43530307,87228,0,0,0,0,0,0,3584,7,3584,7,543930,1064,353792,691,11003711,21500,10459781,20436,1971686,4074,0,0,35038628,70859,33066942,66785,0,0,0,0,0,0,0,0,2515616,353792,897722,46045923,11361087,140,121,42712,226604,92217,107560,43587,0.47466064147146564,0.4726568853898956,559252,220930,575838699520,227225812992,2.4679705565656387,0.15532497747740348,15.532497747740347,0.6022799620926158,0.006101244189071361,18.732234318351175,59.64822139454048,0.0,0.6022799620926158,19.340615524632863,0.00032560224832713216,0.9996743977516729,226744,140,226604,0,650213a3d10c0df43dddf9e0fa5a10e4d800cd2b38b579efc0e4a34745b5aca5,11643410,9764502,271257,0.8502775819111411,92338,0,0,77518,0.8395026966146115,14709.465667025137,0.1593002411469291,14819,0.1604864736078321,5,89959,0,0,75513,0.8394157338343023,14314.693977423993,0.15912464542095836,14445,0.16057314999055125,5,2379,0,0,2005,0.842791088692728,394.7716896011047,0.16594018058054003,374,0.15720891130727196,0,,,
conversation_trace,0.01,1.0,"l1=0.01,l2x1",all,16,all16,label_binary_120,horizon,120.0,0,main,1857442038,1857442038,58742117,5183,3218284,10409290,13627574,10409290,384037,751,270297,992,219409,220401,271289,17.64624261856079,768.0390625,552.6123046875,5bf1f95f6a61716a086dc60406b4c1ff46459d6346f901c5ba2b5564b58f3d48,5183,47,55523833,110893,10409290,20347,42219640,84659,0,0,1536,3,0,0,46592,91,45056,88,478506,936,384037,751,9645286,18845,9166780,17909,2030824,4197,0,0,35038628,70859,33007804,66662,0,0,0,0,0,0,0,0,2510866,384037,864079,44730506,10075915,992,627,49057,219409,89134,103691,41768,0.4725922819939018,0.4685978414521956,528642,208572,544285759488,214585925632,2.4093906813303008,0.1772031811519493,17.720318115194928,0.6537677217183031,0.07931617445792769,16.41971126100205,59.64822139454048,0.0,0.6537677217183031,17.152795157178282,0.004807324235818899,0.9951926757641811,220401,992,219409,0,962e8038427edddecdc967e1f071a6a7200eac23235ed9c4a54713ef0b609d2c,11410385,9215663,223213,0.8174368787731527,89761,0,0,77390,0.8621784516660911,10395.164453632004,0.11580936546642755,12301,0.13704169962455856,6,87380,0,0,75332,0.8621194781414512,10105.029409422794,0.11564464876885779,11982,0.1371252002746624,6,2381,0,0,2058,0.8643427131457371,290.1350442091408,0.12185428148220949,319,0.13397732045359093,0,,,
conversation_trace,0.01,1.0,"l1=0.01,l2x1",all,16,all16,label_binary_120,horizon,120.0,1,main,1857442038,1857442038,58742117,5183,3218284,10340093,13558377,10340093,445554,871,270249,1040,219375,220415,271289,17.690062284469604,766.22265625,550.7685546875,8ea6973104625baeb48610f6ae7f1bddb0e03e327edc8327f70fab1256002415,5183,48,55523833,110893,10340093,20212,42227267,84675,0,0,2048,4,22016,43,50688,99,48640,95,477482,934,423538,828,9648870,18852,9171388,17918,2031389,4197,0,0,35038628,70859,33007239,66662,0,0,0,0,0,0,0,0,2510919,445554,925084,44738186,10145112,1040,658,49045,219375,89123,103831,41913,0.4733037037037037,0.47028264308876494,525030,207365,540383209472,213199839232,2.3932991452991454,0.17602520181559,17.602520181559,0.7584915606633653,0.08628902495972353,16.42581250519112,59.64822139454048,0.037479071447152644,0.7210124892162126,17.27059309081421,0.005225805134625722,0.9947741948653743,220415,1040,219375,0,00ef1cf2a89858f331095d54664694a876db0cce764136563eba79dbee520376,11413652,9224728,222915,0.8179840685522916,89781,0,0,77406,0.8621646005279513,10404.945911427176,0.11589251524740397,12309,0.13710027734153105,4,87417,0,0,75379,0.8622922314881545,10109.861394337708,0.11565097628994025,11979,0.13703284258210646,4,2364,0,0,2027,0.8574450084602369,295.08451708939555,0.12482424580769694,330,0.13959390862944163,0,,,
conversation_trace,0.01,1.0,"l1=0.01,l2x1",all,16,all16,label_binary_120,horizon,120.0,2,main,1857442038,1857442038,58742117,5183,3218284,10442058,13660342,10442058,349733,684,270285,1004,219407,220411,271289,23.101322174072266,766.0546875,550.7685546875,21f7024b7bbfa5ca64d617b62550635536a20e29162a480dea13562162fbd3bf,5183,47,55523833,110893,10442058,20411,42221407,84662,0,0,512,1,2560,5,50176,98,49664,97,476970,933,347173,679,9643238,18841,9166268,17908,2033153,4202,0,0,35038628,70859,33005475,66657,0,0,0,0,0,0,0,0,2510635,349733,827215,44732042,10043147,1004,621,49048,219407,89148,103913,41973,0.473608408118246,0.4708237986270023,526135,205621,541612361728,211474313216,2.397986390589179,0.17776100919209295,17.776100919209295,0.5953700987657629,0.08541741864699905,16.41622483575115,59.64822139454048,0.0043580315636224005,0.5910120672021405,17.097012353163915,0.005176298051439874,0.9948237019485602,220411,1004,219407,0,ca8e429bdb000287b5c8fb93968d3196124c341434dd09eb3485cbe09191498c,11410846,9214901,223249,0.8173386530674412,89769,0,0,77392,0.8621238957769386,10406.345203463461,0.1159235950435391,12308,0.1371074647149907,4,87405,0,0,75354,0.8621245924146216,10111.830423291374,0.11568938188080058,11987,0.13714318402837367,4,2364,0,0,2038,0.862098138747885,294.5147801720004,0.1245832403434858,321,0.13578680203045684,0,,,
conversation_trace,0.01,1.0,"l1=0.01,l2x1",all,16,all16,label_binary_120,horizon,120.0,3,main,1857442038,1857442038,58742117,5183,3218284,10334153,13552437,10334153,453542,887,270285,1004,219425,220429,271289,19.509377479553223,768.046875,552.6181640625,8750628e6b2c85ebca5589964eee994b21bdc218934d6a76f68cfa634c34342a,5183,46,55523833,110893,10334153,20200,42224698,84669,0,0,3584,7,0,0,49152,96,45568,89,472362,924,453542,887,9648358,18851,9175996,17927,2035494,4206,0,0,35038628,70859,33003134,66653,0,0,0,0,0,0,0,0,2511440,453542,929488,44736138,10151052,1004,649,49032,219425,89126,103925,41850,0.4736242451862823,0.46955994883647867,526531,204779,541776211968,210438742016,2.3995943944400135,0.17592408186446531,17.592408186446534,0.7720899810267308,0.0836742060215501,16.424940898878397,59.64822139454048,0.0,0.7720899810267308,17.28070508592668,0.005068517588535614,0.9949314824114643,220429,1004,219425,0,b0b87bd05fe291e8cef6b81be1b804878146a0732be202d00a85ac3ab9923ea5,11407236,9223521,223218,0.818351614711925,89775,0,0,77398,0.8621331105541632,10386.711231683501,0.11569714543785577,12310,0.1371205792258424,6,87402,0,0,75360,0.8622228324294638,10093.45121862485,0.1154830692504159,11982,0.1370906844236974,6,2373,0,0,2038,0.8588284871470713,293.2600130585624,0.12358196926193105,328,0.13822166034555414,0,,,
conversation_trace,0.01,1.0,"l1=0.01,l2x1",all,16,all16,label_binary_120,horizon,120.0,4,main,1857442038,1857442038,58742117,5183,3218284,10434301,13652585,10434301,356352,696,270267,1022,219405,220427,271289,19.508309602737427,768.87890625,553.5263671875,eeb9b68a4da5dce54b2bcc9acbe926c656c9c37d416df0b8ec5ac8561269077a,5183,48,55523833,110893,10434301,20396,42223295,84666,0,0,1536,3,0,0,64000,125,62464,122,474922,929,356352,696,9630552,18817,9155630,17888,2033427,4203,0,0,35038628,70859,33005201,66656,0,0,0,0,0,0,0,0,2509885,356352,832810,44733180,10050904,1022,661,49030,219405,89108,103540,41721,0.471912672910827,0.4682071194505544,525797,204905,541230780416,210719907840,2.3964677195141406,0.17762895743100304,17.762895743100305,0.6066379936562382,0.10895078909056001,16.39462874652611,59.64822139454048,0.0,0.6066379936562382,17.110217529272905,0.006601645955377824,0.9933983540446222,220427,1022,219405,0,a9ce6d8602dca2e034aea0cffb54591bf82bd5c4068574363db79b8444bd67c2,11411850,9212068,223565,0.8170323391912793,89769,0,0,77398,0.8621907339950317,10399.345342076578,0.11584561866653943,12293,0.13694036916975794,10,87379,0,0,75366,0.8625184540907999,10093.858074810449,0.11551812305943589,11939,0.13663466050195128,10,2390,0,0,2032,0.8502092050209205,305.4872672660498,0.12781894027868193,354,0.14811715481171547,0,,,
conversation_trace,0.01,1.0,"l1=0.01,l2x1",all,16,all16,label_binary_150,horizon,150.0,0,main,1857442038,1857442038,58742117,5183,3218284,10879728,14098012,10879728,735781,1438,266671,4618,211607,216225,271289,17.52306294441223,767.55078125,552.6044921875,50e504417fd6076b9836cac73c36db0845ab86d9756ddb28ee389c92590871db,5183,53,55523833,110893,10879728,21267,41400347,83058,0,0,6144,12,0,0,237568,464,231424,452,443344,867,735781,1438,8632128,16865,8188784,15998,2058489,4251,0,0,35038628,70859,32980139,66608,0,0,0,0,0,0,0,0,2507977,735781,1185269,43908324,9605477,4618,2357,53235,211607,85798,98638,39691,0.46613769865836197,0.4626098510454789,470623,183738,484059381760,188793290752,2.224042682898014,0.18521171104541567,18.52117110454157,1.252561258560021,0.4044253291041588,14.694955580167463,59.64822139454048,0.0,1.252561258560021,16.35194216783164,0.026784232514846056,0.9732157674851539,216225,4618,211607,0,bcacd1171969f35bff0eb33d0cf85f081fcbd5a4c161fdac5168f9ece00f46b9,11293678,8649460,194585,0.774482192603685,88155,0,0,77422,0.8782485395042823,8023.519950761401,0.09101605071477965,10402,0.1179967103397425,4,85781,0,0,75333,0.8782014665252212,7792.752878431094,0.09084474275691697,10142,0.11823130996374488,4,2374,0,0,2089,0.879949452401011,230.7670723303195,0.09720601193358025,260,0.10951979780960404,0,,,
conversation_trace,0.01,1.0,"l1=0.01,l2x1",all,16,all16,label_binary_150,horizon,150.0,1,main,1857442038,1857442038,58742117,5183,3218284,10966746,14185030,10966746,644675,1260,266765,4524,211686,216210,271289,17.419358253479004,768.8984375,553.5263671875,12b649e9f09c7c601ed7317dfcaba6fd86bf22bb55eb39b8f52c80a438b80cd1,5183,52,55523833,110893,10966746,21437,41403613,83065,0,0,10752,21,9216,18,237568,464,226816,443,436680,854,635459,1242,8636216,16873,8199536,16019,2061367,4256,0,0,35038628,70859,32977261,66603,0,0,0,0,0,0,0,0,2508799,644675,1092107,43912412,9518459,4524,2360,53249,211686,85801,98892,39806,0.46716362914883364,0.46393398678337083,480456,187128,494230960128,192298086400,2.269663558289164,0.1866930672587098,18.669306725870978,1.0974664055774497,0.4044253291041588,14.701914811820624,59.64822139454048,0.01568891362904064,1.081777491948409,16.203806546502232,0.026771893478588164,0.9732281065214118,216210,4524,211686,0,d210870d6befe47f45504605044c2bf6343644f70ce6e2054d0178936879c03c,11292017,8649286,195401,0.7746168377181862,88161,0,0,77452,0.8785290547974728,8031.110636291196,0.09109595667348597,10388,0.11782987942514264,9,85801,0,0,75386,0.8786144683628396,7798.876928366368,0.09089494211450179,10115,0.11788906889197096,9,2360,0,0,2066,0.8754237288135593,232.23370792482834,0.09840411352746964,273,0.11567796610169491,0,,,
conversation_trace,0.01,1.0,"l1=0.01,l2x1",all,16,all16,label_binary_150,horizon,150.0,2,main,1857442038,1857442038,58742117,5183,3218284,10987256,14205540,10987256,626717,1225,266790,4499,211713,216212,271289,17.38908839225769,767.82421875,552.603515625,742e6983c5414419ba71bc8d68e073722ca6a20baa23d2daaefb2fdfd7b5d78f,5183,52,55523833,110893,10987256,21477,41402050,83060,0,0,7680,15,4096,8,239104,467,231424,452,436688,854,622621,1217,8632128,16865,8195440,16011,2063442,4262,0,0,35038628,70859,32975186,66597,0,0,0,0,0,0,0,0,2507810,626717,1071085,43909860,9497949,4499,2323,53247,211713,85836,98912,39850,0.4671985187494391,0.46425742112866397,475803,186589,489272029184,191630952448,2.2473962392484164,0.18704222049062344,18.704222049062345,1.0668954951010703,0.40704014804233224,14.694955580167463,59.64822139454048,0.006972850501795841,1.0599226445992744,16.168891223310865,0.026952738920591864,0.9730472610794081,216212,4499,211713,0,6a08c164bffa0aa35e15a85eaf33d0dfb401b456b092d1c402a1a20d21104b20,11290243,8651286,195719,0.7749297778621771,88159,0,0,77436,0.8783674950940914,8043.115353085128,0.09123419450181068,10418,0.11817284678818953,11,85777,0,0,75356,0.8785105564428694,7801.8788189157185,0.09095537054123738,10137,0.11817853270690279,11,2382,0,0,2080,0.873215785054576,241.23653416941858,0.10127478344643936,281,0.117968094038623,0,,,
conversation_trace,0.01,1.0,"l1=0.01,l2x1",all,16,all16,label_binary_150,horizon,150.0,3,main,1857442038,1857442038,58742117,5183,3218284,10974426,14192710,10974426,649283,1269,266760,4529,211668,216197,271289,18.181553602218628,767.83984375,552.6083984375,db9082c1d1b78714cb0958235976a9c35398590584747951f942a0628303783c,5183,52,55523833,110893,10974426,21452,41391914,83041,0,0,7680,15,512,1,243200,475,235520,460,440272,861,648771,1268,8618296,16838,8178024,15977,2060258,4255,0,0,35038628,70859,32978370,66604,0,0,0,0,0,0,0,0,2508210,649283,1097235,43900124,9510779,4529,2373,53260,211668,85762,98904,39830,0.4672600487555984,0.46442480352603716,478082,188510,491725471744,193767471104,2.2586408904510837,0.18682380820561847,18.682380820561846,1.10531086239197,0.41401299854412804,14.671408590875266,59.64822139454048,0.0008716063127244801,1.1044392560792455,16.190732451811364,0.027444575949704203,0.9725554240502958,216197,4529,211668,0,d6105b485584ea5ab20e6f635dbd0d12d92f120f77075d9ea87561ec8fe7119b,11288112,8640370,195195,0.7740858258670715,88135,0,0,77444,0.8786974527713167,7984.575667218099,0.09059483368943211,10372,0.11768309979009474,11,85760,0,0,75384,0.8790111940298507,7736.364053863921,0.09020946891165953,10085,0.11759561567164178,11,2375,0,0,2060,0.8673684210526316,248.21161335418446,0.10451015299123556,287,0.12084210526315789,0,,,
conversation_trace,0.01,1.0,"l1=0.01,l2x1",all,16,all16,label_binary_150,horizon,150.0,4,main,1857442038,1857442038,58742117,5183,3218284,10851838,14070122,10851838,776050,1517,266686,4603,211598,216201,271289,17.578627824783325,779.390625,558.162109375,d1a6a0c76c9185e1a3dd0c590edee3e954260e8ea2458d6765668cbab2fb57a8,5183,49,55523833,110893,10851838,21212,41386250,83030,0,0,8704,17,3072,6,252928,494,244224,477,442237,865,772978,1511,8604389,16811,8162152,15946,2058754,4252,0,0,35038628,70859,32979874,66607,0,0,0,0,0,0,0,0,2509695,776050,1226991,43895945,9633367,4603,2375,53253,211598,85748,98823,39707,0.467031824497396,0.46306619396370763,476877,185457,490582077440,190564743168,2.2536933241334984,0.18473692393483196,18.473692393483198,1.321113435527017,0.4305735184858932,14.647733924877103,59.64822139454048,0.005229637876346881,1.3158837976506703,16.399420878890012,0.02855582565239564,0.9714441743476043,216201,4603,211598,0,0f13341235a37ab1eac28adaeebff8edc4032a64a7ffad7662c75ccdf9c7796c,11289988,8634850,194693,0.7734460390923357,88123,0,0,77437,0.8787376734791145,8000.005078588027,0.09078225977994424,10369,0.11766508176072081,4,85749,0,0,75360,0.8788440681523982,7773.981241739091,0.0906597306293845,10094,0.11771565849164421,4,2374,0,0,2077,0.8748946925021062,226.0238368489436,0.09520801889172013,275,0.11583824768323504,0,,,
conversation_trace,0.01,1.0,"l1=0.01,l2x1",all,16,all16,label_binary_180,horizon,180.0,0,main,1857442038,1857442038,58742117,5183,3218284,10857291,14075575,10857291,1191851,2328,258604,12685,200933,213618,271289,17.42155385017395,779.21875,558.1337890625,418f1c10ed66e066d427cc0d6dffcf9329e6c9186dac64341512e70becde83e0,5183,51,55523833,110893,10857291,21223,40965905,82210,0,0,14336,28,2048,4,566936,1108,552600,1080,438141,857,1189803,2324,7869127,15375,7430986,14518,2056309,4247,0,0,35038628,70859,32982319,66612,0,0,0,0,0,0,0,0,2508786,1191851,1644328,43474691,9627914,12685,6507,55836,200933,80794,91636,36433,0.45605251501744365,0.4509369507636706,409630,157345,420995770368,161556998144,2.0386397455868375,0.1848297534118493,18.48297534118493,2.028954795755829,0.9651269463100896,13.396056189122364,59.64822139454048,0.0034864252508979205,2.025468370504931,16.39013793118828,0.0672038603789469,0.9327961396210531,213618,12685,200933,0,76ab954522d7885168e0649d2dd73dc49ec3ce146936b5c30195434386b9f194,11263894,8044724,183992,0.7223718547067293,87301,0,0,77775,0.8908832659419709,6918.33281065697,0.07924689076479044,8504,0.0974101098498299,18,84957,0,0,75739,0.8914980519556952,6625.737135191465,0.07798930206094219,8277,0.09742575655920054,17,2344,0,0,2036,0.8686006825938567,292.59567546549863,0.12482750659790898,227,0.09684300341296928,1,,,
conversation_trace,0.01,1.0,"l1=0.01,l2x1",all,16,all16,label_binary_180,horizon,180.0,1,main,1857442038,1857442038,58742117,5183,3218284,10706810,13925094,10706810,1360260,2657,258557,12732,200917,213649,271289,17.563717126846313,773.4140625,552.6650390625,5a19a4fadff769820697ec3a109aaf4799b27b3c3bec18626d2c93e78398cd1f,5183,50,55523833,110893,10706810,20929,40947804,82174,0,0,18944,37,512,1,562956,1101,544012,1064,430965,843,1359748,2656,7855179,15347,7424214,14504,2059050,4253,0,0,35038628,70859,32979578,66606,0,0,0,0,0,0,0,0,2508959,1360260,1810169,43456763,9778395,12732,6570,55807,200917,80698,91529,36260,0.4555562744815023,0.4493295992465736,408977,158899,420280948736,163161624576,2.0355519941070193,0.1822680309597967,18.22680309597967,2.3156468807550805,0.9583515691135204,13.37231172652494,59.64822139454048,0.0008716063127244801,2.3147752744423564,16.64631017639354,0.06687419481868609,0.9331258051813139,213649,12732,200917,0,cc9686de17c07c323ce68b650a3d1ae648d4af149b7074523d7af7a9181825f5,11259337,8030080,184549,0.7213883464008582,87268,0,0,77744,0.8908649218499335,6899.192685827562,0.07905753180808042,8500,0.09740110922674979,5,84930,0,0,75716,0.8915106558342164,6590.11443633456,0.07759465955886684,8284,0.09753914988814318,3,2338,0,0,2028,0.8674080410607357,309.0782494930126,0.13219771150257167,216,0.09238665526090675,2,,,
conversation_trace,0.01,1.0,"l1=0.01,l2x1",all,16,all16,label_binary_180,horizon,180.0,2,main,1857442038,1857442038,58742117,5183,3218284,10740472,13958756,10740472,1319859,2578,258522,12767,200853,213620,271289,17.47348976135254,777.421875,556.3310546875,f53757dacb4ee92e272274e43cb10982cd24634af91ea4f809af8e32030617bf,5183,52,55523833,110893,10740472,20995,40954966,82189,0,0,18944,37,0,0,560616,1095,541672,1058,431048,843,1319859,2578,7864258,15366,7433210,14523,2058544,4251,0,0,35038628,70859,32980084,66608,0,0,0,0,0,0,0,0,2508536,1319859,1769851,43463502,9744733,12767,6589,55836,200853,80692,91476,36340,0.45543755881166825,0.45035443414464876,409492,158134,420831819776,162326390784,2.0387646686880454,0.18284107806329145,18.284107806329146,2.246869992785585,0.9543680558873968,13.387767417371084,59.64822139454048,0.0,2.246869992785585,16.589005466044064,0.06654295363942535,0.9334570463605747,213620,12767,200853,0,ace0eb656f5a099e24aceac2a7e1eddbad7ec56bc78fda5e064e7cd631219804,11261695,8039165,183864,0.7220136045240082,87281,0,0,77744,0.8907322326737778,6909.138396433641,0.07915970711189882,8527,0.09769594757163644,10,84918,0,0,75678,0.8911891471772769,6657.087025690052,0.07839429833121425,8310,0.09785911114251396,9,2363,0,0,2066,0.8743123148539992,252.05137074358655,0.10666583611662571,217,0.09183241641980533,1,,,
conversation_trace,0.01,1.0,"l1=0.01,l2x1",all,16,all16,label_binary_180,horizon,180.0,3,main,1857442038,1857442038,58742117,5183,3218284,10802906,14021190,10802906,1233467,2410,258561,12728,200954,213682,271289,17.538798809051514,781.8359375,560.8779296875,15cedbfbf68102e5887d12b0ff864a43b3619348d257c3a0007ff0fe6f153287,5183,52,55523833,110893,10802906,21117,40979305,82235,0,0,17408,34,512,1,546304,1067,528896,1033,431732,845,1232955,2409,7902528,15440,7470796,14595,2059015,4252,0,0,35038628,70859,32979613,66607,0,0,0,0,0,0,0,0,2508155,1233467,1682607,43487460,9682299,12728,6531,55774,200954,80798,91488,36236,0.45526836987569297,0.44847644743681775,409317,158494,420597487616,162698207232,2.036869134229724,0.18390392705799147,18.390392705799147,2.0998000463619655,0.9300039356770203,13.452916584535078,59.64822139454048,0.0008716063127244801,2.098928440049241,16.482720566574066,0.06466029860695538,0.9353397013930447,213682,12728,200954,0,d48ceb1b409ae3258a33783bd0dea6bf0c6848180f18a0a85718c8a903fc7eda,11266044,8043657,185190,0.7221924572636145,87329,0,0,77786,0.890723585521419,7012.599103488939,0.08030092069632011,8483,0.09713840763091298,8,84972,0,0,75711,0.8910111566162972,6755.172182233601,0.07949880174920682,8276,0.09739678953066892,8,2357,0,0,2075,0.8803563852354688,257.426921255331,0.10921804041380187,207,0.08782350445481545,0,,,
conversation_trace,0.01,1.0,"l1=0.01,l2x1",all,16,all16,label_binary_180,horizon,180.0,4,main,1857442038,1857442038,58742117,5183,3218284,10595684,13813968,10595684,1463623,2859,258366,12923,200702,213625,271289,28.612417459487915,774.4921875,533.40234375,3f9b1e402d9879346da940377d50f104d9703774a436377c915ae2c9c4ef9908,5183,52,55523833,110893,10595684,20712,40955536,82191,0,0,16896,33,0,0,580876,1136,563980,1103,435828,853,1463623,2859,7845022,15327,7409194,14474,2056266,4245,0,0,35038628,70859,32982362,66614,0,0,0,0,0,0,0,0,2508990,1463623,1916347,43464526,9889521,12923,6526,55831,200702,80757,91222,36341,0.4545146535659834,0.4500043339896232,405201,157982,416434182144,162210148352,2.0189185957289912,0.18037627074284707,18.037627074284707,2.4916075122045735,0.9888577900588772,13.355020895825051,59.64822139454048,0.0,2.4916075122045735,16.835486198088503,0.06893935815505955,0.9310606418449404,213625,12923,200702,0,dc03b2ed9d968ab4e67c7a68f4ac855778ee7f3c6f804fbb530a0629927d381b,11264411,8033936,185374,0.7214423372868763,87283,0,0,77744,0.8907118224625643,6934.452524818234,0.0794479168316652,8528,0.09770516595442412,11,84926,0,0,75689,0.8912347219932647,6647.176748828965,0.07827022053115612,8330,0.09808539198831924,11,2357,0,0,2055,0.8718710224862113,287.27577598926007,0.12188195841716591,198,0.08400509121764956,0,,,
conversation_trace,0.01,1.0,"l1=0.01,l2x1",all,16,all16,label_binary_240,horizon,240.0,0,main,1857442038,1857442038,58742117,5183,3218284,9673132,12891416,9673132,1969724,3849,219222,52067,163721,215788,271289,17.47636127471924,776.03515625,555.0,257ad2d8937ca5d3db237adae4977cd4de0f69d7ed22d55e3f6fd1b9c61be4a3,5183,48,55523833,110893,9673132,18909,41366905,83000,0,0,54272,106,6144,12,1731072,3381,1676800,3275,449057,878,1963580,3837,7111277,13895,6662220,13017,2010743,4151,0,0,35038628,70859,33027885,66708,0,0,0,0,0,0,0,0,2514072,1969724,2473053,43880977,10812073,52067,20655,53669,163721,67438,67252,27781,0.41077198404602955,0.41194875292861594,252800,103604,259618924544,106327101440,1.5440902510979044,0.1646711506839292,16.46711506839292,3.3531716264158473,2.9469009433214675,12.105925634242974,59.64822139454048,0.010459275752693762,3.3427123506631538,18.40599820398029,0.1957706034900907,0.8042293965099093,215788,52067,163721,0,8e651f8799e966a7b35fd8c27ea1373812bca6b75c372b6f68eebcf2f7602bcc,11493977,7275693,193247,0.6414069299077247,88093,0,0,78576,0.8919664445529156,9027.916688573774,0.10248165789079466,5185,0.05885825207451216,22,85835,0,0,76754,0.8942039960389119,8480.237728816772,0.09879696777324834,5070,0.05906681423661676,22,2258,0,0,1822,0.8069087688219664,547.6789597569934,0.24255046933436378,115,0.05093002657218778,0,,,
conversation_trace,0.01,1.0,"l1=0.01,l2x1",all,16,all16,label_binary_240,horizon,240.0,1,main,1857442038,1857442038,58742117,5183,3218284,9422632,12640916,9422632,2228698,4355,219226,52063,163685,215748,271289,18.466960906982422,779.21875,558.1533203125,b3e4b1fe0fc0bec03af6ae5b2255c92662ce5a0c809ab7a93b57a7a3f3fcbcae,5183,47,55523833,110893,9422632,18420,41359405,82982,0,0,61952,121,7168,14,1718784,3357,1656832,3236,444064,869,2221530,4341,7115091,13902,6671027,13033,2007082,4146,0,0,35038628,70859,33031546,66713,0,0,0,0,0,0,0,0,2513098,2228698,2734714,43872503,11062573,52063,20771,53710,163685,67306,67362,27821,0.4115343495127837,0.4133509642528155,253171,104051,260122628096,106878203904,1.546696398570425,0.16040674870468152,16.040674870468152,3.7940375897586396,2.92598239181608,12.11241842033034,59.64822139454048,0.012202488378142721,3.781835101380497,18.83243840190506,0.19456738973553508,0.8054326102644649,215748,52063,163685,0,ed87fa64b891ae94ea1c474ec3cb75eb46e549ef2ed041d5f30353ccff26888a,11492128,7270304,193808,0.6410656059521788,88077,0,0,78537,0.8916856841173064,8987.3878246989,0.10204012199210805,5209,0.0591414330642506,23,85836,0,0,76740,0.8940304767230532,8414.980863095667,0.09803556623206658,5096,0.0593690293117107,23,2241,0,0,1797,0.8018741633199464,572.4069616032448,0.2554247932187616,113,0.05042391789379741,0,,,
conversation_trace,0.01,1.0,"l1=0.01,l2x1",all,16,all16,label_binary_240,horizon,240.0,2,main,1857442038,1857442038,58742117,5183,3218284,9482024,12700308,9482024,2166722,4234,219673,51616,164140,215756,271289,17.58471989631653,778.984375,558.1806640625,921acac6771f7544ddf5f47644b1738d5e7975a01fdd7026b00ad478268459b6,5183,47,55523833,110893,9482024,18536,41360199,82987,0,0,54272,106,2560,5,1726464,3372,1672192,3266,454011,888,2164162,4229,7109995,13892,6655984,13004,2006605,4142,0,0,35038628,70859,33032023,66717,0,0,0,0,0,0,0,0,2514888,2166722,2675005,43875087,11003181,51616,20471,53702,164140,67614,67427,27869,0.41078956987937126,0.41217795131185847,253294,103917,260161898496,106547412992,1.543158279517485,0.1614178120274419,16.14178120274419,3.6885323693730685,2.939056486506947,12.103743213749004,59.64822139454048,0.0043580315636224005,3.684174337809446,18.73133206962902,0.19537961982282723,0.8046203801771727,215756,51616,164140,0,7b8e52351bf9e4bc66539e0e3b5e159453baf55479716f7777076cbc2c75861e,11493238,7278682,193166,0.6417047136759894,88085,0,0,78594,0.8922518022364762,8978.333307455889,0.10192806161611953,5202,0.059056593063518195,21,85844,0,0,76785,0.8944713666651135,8400.488550976426,0.09785760858040662,5094,0.05934019849960393,21,2241,0,0,1809,0.8072289156626506,577.844756479449,0.25785129695646986,108,0.04819277108433735,0,,,
conversation_trace,0.01,1.0,"l1=0.01,l2x1",all,16,all16,label_binary_240,horizon,240.0,3,main,1857442038,1857442038,58742117,5183,3218284,9531045,12749329,9531045,2102786,4109,219054,52235,163517,215752,271289,38.73346281051636,772.03125,557.6376953125,ca4d7eb254055bad30b5d385ceddb230814e610ae61e318d6997c6a49a618530,5183,45,55523833,110893,9531045,18631,41375313,83015,0,0,60416,118,6656,13,1715200,3350,1654784,3232,443688,868,2096130,4096,7136174,13944,6692486,13076,2010585,4152,0,0,35038628,70859,33028043,66707,0,0,0,0,0,0,0,0,2514689,2102786,2606890,43890002,10954160,52235,20813,53705,163517,67301,67116,27750,0.41045273580117053,0.41232671134158483,252029,104169,258894200832,106951882752,1.541301516050319,0.16225232400119322,16.22523240011932,3.579690531071599,2.9198811476270086,12.148309193555281,59.64822139454048,0.01133088206541824,3.568359649006181,18.64788087225389,0.1937778247761308,0.8062221752238692,215752,52235,163517,0,a4d5e705b1174b74fd214132e5fd277437df8d19bc89e533b203f130e64e2500,11496058,7277941,193389,0.641492544661831,88114,0,0,78559,0.8915609324284449,9034.34802560206,0.10253022250269037,5194,0.05894636493633248,26,85852,0,0,76755,0.8940385780179845,8449.780324653391,0.09842263808243712,5088,0.059264781251456,24,2262,0,0,1804,0.7975243147656941,584.5677009486591,0.2584295760162065,106,0.046861184792219276,2,,,
conversation_trace,0.01,1.0,"l1=0.01,l2x1",all,16,all16,label_binary_240,horizon,240.0,4,main,1857442038,1857442038,58742117,5183,3218284,9474817,12693101,9474817,2133315,4169,219526,51763,164062,215825,271289,17.729031801223755,794.38671875,565.5517578125,4a1ccf09c7567b66ac2bd8fe1a4078809ce9826d75766ffd4bc6c1b4c63ce63e,5183,48,55523833,110893,9474817,18522,41402148,83067,0,0,56832,111,3584,7,1727640,3375,1670808,3264,458054,896,2129731,4162,7149433,13968,6691379,13072,1998667,4128,0,0,35038628,70859,33039961,66731,0,0,0,0,0,0,0,0,2513553,2133315,2648201,43915701,11010388,51763,20924,53632,164062,67237,67422,27570,0.41095439528958566,0.41004208992072816,253028,103470,259916756992,106237362176,1.542270605015177,0.16129512322478948,16.129512322478945,3.6316617598238756,2.941058457256486,12.170880732813902,59.64822139454048,0.006101244189071361,3.6255605156348043,18.743600949894265,0.19461820354524514,0.8053817964547548,215825,51763,164062,0,f1bc9a926d2c40f66301d0cba3a473f1c01bdffc576b3ca8ef468fa47553bc59,11503773,7275888,193354,0.6408823435580657,88161,0,0,78617,0.8917435147060492,9125.787567301251,0.10351275016505315,5117,0.05804153764136069,24,85953,0,0,76876,0.8943957744348656,8532.810204483916,0.09927297714429882,4987,0.058020080741800754,24,2208,0,0,1741,0.7884963768115942,592.9773628173357,0.268558588232489,130,0.058876811594202896,0,,,
conversation_trace,0.01,1.0,"l1=0.01,l2x1",all,16,all16,label_binary_300,horizon,300.0,0,main,1857442038,1857442038,58742117,5183,3218284,8588066,11806350,8588066,1850531,3617,189226,82063,139704,221767,271289,18.100701808929443,787.41796875,559.173828125,b936e68cdaa0949dd4f213aead2152503cca182bb33fd984a0cf5b7b28caf451,5183,44,55523833,110893,8588066,16789,42566061,85348,0,0,88064,172,0,0,2366464,4622,2278400,4450,472874,925,1850531,3617,7680144,15006,7207270,14081,1958237,4042,0,0,35038628,70859,33080391,66817,0,0,0,0,0,0,0,0,2519175,1850531,2411469,45085236,11897139,82063,32258,47691,139704,58187,53387,22351,0.38214367519899217,0.38412360149174213,195611,81797,201565753344,84189722624,1.4001818129760064,0.14619946366590772,14.619946366590773,3.150262698227236,4.028564377412547,13.074339830142655,59.64822139454048,0.0,3.150262698227236,20.25316690578244,0.23554855529348812,0.7644514447065119,221767,82063,139704,0,330ee10a91e2011e8d011c542a3c2ed5a4adb69a42ed1879bef1db4b4f6cb3f5,11843215,7225074,224608,0.619542750849326,90445,0,0,79207,0.875747691967494,13062.864346769185,0.14442881692486245,3006,0.03323566808557687,3,88332,0,0,77685,0.879466105148757,12264.348611578545,0.13884377815037072,2960,0.033509939772675815,3,2113,0,0,1522,0.7203028868906768,798.5157351906385,0.3779061690443154,46,0.021769995267392334,0,,,
conversation_trace,0.01,1.0,"l1=0.01,l2x1",all,16,all16,label_binary_300,horizon,300.0,1,main,1857442038,1857442038,58742117,5183,3218284,8573869,11792153,8573869,1891216,3697,188814,82475,139268,221743,271289,18.313393115997314,786.91015625,560.162109375,5ae36ff4dc47518e7e2eef4b413d9812bab15c4fbabc9c72acb12e29aaaf9c4d,5183,44,55523833,110893,8573869,16761,42539571,85296,0,0,82432,161,1024,2,2370212,4630,2287780,4469,477992,935,1890192,3695,7649908,14946,7171916,14011,1958753,4043,0,0,35038628,70859,33079875,66816,0,0,0,0,0,0,0,0,2519177,1891216,2451640,45058748,11911336,82475,32562,47713,139268,57829,53457,22304,0.38384266306689263,0.3856888412388248,197253,81361,203390951424,83772485632,1.4163555159835712,0.14595778017329541,14.595778017329541,3.219523055323321,4.034944807998663,13.022867391721684,59.64822139454048,0.0017432126254489603,3.217779842697872,20.277335255043667,0.23654527091491917,0.7634547290850808,221743,82475,139268,0,4cb178b84d2a343eb08b10e99164c72c2a417f51ae3f7af926d85537ee37dc92,11835488,7221353,224172,0.6196144172508983,90391,0,0,79285,0.877133785443241,12959.439930941278,0.14337091005676758,2923,0.032337290216946375,5,88296,0,0,77778,0.8808779559662951,12159.59756971282,0.13771402520740259,2875,0.03256093141252152,5,2095,0,0,1507,0.7193317422434368,799.8423612284447,0.38178632994197836,48,0.022911694510739856,0,,,
conversation_trace,0.01,1.0,"l1=0.01,l2x1",all,16,all16,label_binary_300,horizon,300.0,2,main,1857442038,1857442038,58742117,5183,3218284,8615202,11833486,8615202,1844049,3603,189076,82213,139570,221783,271289,18.03853416442871,788.7890625,560.13671875,d7f21c7be12eda54fac433c5e1fa7d0d797c5b202f5c1136a0b4ea225873539e,5183,44,55523833,110893,8615202,16842,42545832,85309,0,0,82432,161,0,0,2368664,4627,2286232,4466,479530,938,1844049,3603,7657290,14962,7177760,14024,1956788,4040,0,0,35038628,70859,33081840,66819,0,0,0,0,0,0,0,0,2518750,1844049,2406011,45064582,11870003,82213,32604,47675,139570,57802,53585,22257,0.3839292111485276,0.3850558804193627,197437,82331,203618926592,84840361984,1.414609156695565,0.1466614150116517,14.66614150116517,3.1392280261196577,4.032309560787535,13.035434184300849,59.64822139454048,0.0,3.1392280261196577,20.206971771208043,0.23625322837108567,0.7637467716289144,221783,82213,139570,0,1b8ed93d9b1e3882cd4d54922f9c8d321c9cfcbc318c757dbb0668256df0be12,11837446,7215294,224562,0.6190165513743421,90406,0,0,79281,0.8769440081410526,12978.463529963572,0.14355754629077241,2923,0.03233192487224299,3,88312,0,0,77823,0.8812279191955793,12104.658805362147,0.13706697623609643,2875,0.03255503215871003,3,2094,0,0,1458,0.6962750716332379,873.8047246014421,0.41728974431778515,48,0.022922636103151862,0,,,
conversation_trace,0.01,1.0,"l1=0.01,l2x1",all,16,all16,label_binary_300,horizon,300.0,3,main,1857442038,1857442038,58742117,5183,3218284,8429941,11648225,8429941,2029052,3965,189245,82044,139713,221757,271289,18.134143352508545,789.80859375,561.103515625,122c548ef9df39c19f22754629dbc58ab435f3587c4b9d941fc4bb022f84d33c,5183,43,55523833,110893,8429941,16480,42545389,85308,0,0,82944,162,0,0,2361856,4613,2278912,4451,474839,929,2029052,3965,7664356,14976,7189517,14047,1961668,4049,0,0,35038628,70859,33076960,66810,0,0,0,0,0,0,0,0,2519451,2029052,2586835,45064840,12055264,82044,32414,47702,139713,57994,53557,22280,0.38333583846886116,0.3841776735524365,196871,81117,203003752448,83521636352,1.4091101042852132,0.1435076131151351,14.350761311513509,3.4541690079027965,4.020719920598027,13.047463032358879,59.64822139454048,0.0,3.4541690079027965,20.5223519608597,0.23556812882073508,0.7644318711792649,221757,82044,139713,0,f9d0ca776484bf7c722c947804c9f25d0601643e526f078ea2bbc27c926757f5,11837589,7220581,223517,0.6194115626078925,90408,0,0,79241,0.8764821697194939,12914.861666155804,0.14285087233603005,2967,0.03281789222192726,7,88316,0,0,77760,0.8804746591784048,12095.939175464304,0.13696203604629176,2927,0.03314235246161511,6,2092,0,0,1481,0.7079349904397706,818.9224906915371,0.39145434545484564,40,0.019120458891013385,1,,,
conversation_trace,0.01,1.0,"l1=0.01,l2x1",all,16,all16,label_binary_300,horizon,300.0,4,main,1857442038,1857442038,58742117,5183,3218284,8661794,11880078,8661794,1813886,3545,189203,82086,139574,221660,271289,18.353114128112793,783.75390625,556.3466796875,91f7790e2eee247c47a90c3be4d1f9a8f42d0095d2820bb8b20e78a03462c2c4,5183,44,55523833,110893,8661794,16933,42530695,85276,0,0,81276,159,0,0,2376224,4642,2294948,4483,471763,923,1813886,3545,7633301,14914,7161538,13991,1964419,4057,0,0,35038628,70859,33074209,66802,0,0,0,0,0,0,0,0,2517458,1813886,2366925,45048153,11823411,82086,32366,47800,139574,58012,53280,22206,0.38173298751916546,0.38278287250913606,196936,81818,203086200832,84274176000,1.4109791221860806,0.14745457675623097,14.745457675623097,3.087879859692493,4.045179372748858,12.994596364308764,59.64822139454048,0.0,3.087879859692493,20.127655596750113,0.2373962800432588,0.7626037199567413,221660,82086,139574,0,cca42df69c447b72de93da12dd727b37bb02c2f20483ac405f56f210d98220f3,11836055,7216035,224464,0.6191477650281281,90378,0,0,79312,0.877558697913209,12847.369927823185,0.14215151837641002,2923,0.03234194162296134,3,88259,0,0,77804,0.8815418257628117,11999.978999568719,0.13596323320645734,2878,0.032608572496855844,2,2119,0,0,1508,0.7116564417177914,847.3909282544845,0.3999013347118851,45,0.021236432279377066,1,,,
conversation_trace,0.01,1.0,"l1=0.01,l2x1",all,16,all16,label_binary_600,horizon,600.0,0,main,1857442038,1857442038,58742117,5183,3218284,6928402,10146686,6928402,1765078,3449,158775,112514,119503,232017,271289,18.692327976226807,786.84765625,558.90625,0026811ef89f38a29d1066bbf2f2cdd4f75fc69dd2655d61bbb157fdd657bde1,5183,41,55523833,110893,6928402,13546,44305911,88756,0,0,40960,80,0,0,1331712,2601,1290752,2521,599738,1173,1765078,3449,10460013,20438,9860275,19265,1883744,3889,0,0,35038628,70859,33154884,66970,0,0,0,0,0,0,0,0,2524442,1765078,2405776,46830353,13556803,112514,42170,37443,119503,51687,46094,19930,0.38571416617156057,0.3855901870876623,198930,85381,206749734912,88558974976,1.66464440223258,0.11794607266197096,11.794607266197097,3.0047912641623045,2.267048019396373,17.806666722617436,59.64822139454048,0.0,3.0047912641623045,23.078506006176113,0.11293614801905573,0.8870638519809443,232017,112514,119503,0,d449dac51b63554a249efbdc5bf33ecf502cb355fd46242973889ad7f0a29dc6,12291732,7381741,309311,0.613127303784365,93857,0,0,78615,0.8376040146179827,23862.0491436874,0.2542383534918802,0,0.0,0,92007,0,0,77505,0.8423815579249405,22648.42395738087,0.24615979172650854,0,0.0,0,1850,0,0,1110,0.6,1213.625186306494,0.6560136142197265,0,0.0,0,error_location_001,10146686,True
conversation_trace,0.01,1.0,"l1=0.01,l2x1",all,16,all16,label_binary_600,horizon,600.0,1,main,1857442038,1857442038,58742117,5183,3218284,7105690,10323974,7105690,1610480,3147,159240,112049,119966,232015,271289,30.04232168197632,786.80078125,546.44921875,0e9f8b12b5fecee88378f9699c18fe6701e43cb6ce4a94dd9b1f42763998a22c,5183,42,55523833,110893,7105690,13893,44283361,88712,0,0,41472,81,0,0,1327104,2592,1285632,2511,605882,1185,1610480,3147,10441931,20402,9836049,19217,1876948,3875,0,0,35038628,70859,33161680,66984,0,0,0,0,0,0,0,0,2524302,1610480,2257834,46807663,13379515,112049,41903,37442,119966,51906,46500,20210,0.3876098227831219,0.3893576850460448,198901,84484,206729897984,87622672384,1.6579780937932413,0.12096414570826584,12.096414570826584,2.7416104189775794,2.2592035625818525,17.775884719987193,59.64822139454048,0.0,2.7416104189775794,22.776698701546625,0.11276234627562923,0.8872376537243708,232015,112049,119966,0,fb4a0f81abead19797d91543a6e142d4ac6d8a4ec0b385cf7ae85e802510ec10,12284660,7381566,310092,0.6134978094631842,93809,0,0,78612,0.838000618277564,23688.11134973218,0.252514272081913,0,0.0,0,91971,0,0,77501,0.8426677974578943,22622.295577280845,0.24597205181286325,0,0.0,0,1838,0,0,1111,0.6044613710554951,1065.815772451333,0.5798780045981138,0,0.0,0,error_location_001,10323974,True
conversation_trace,0.01,1.0,"l1=0.01,l2x1",all,16,all16,label_binary_600,horizon,600.0,2,main,1857442038,1857442038,58742117,5183,3218284,6876397,10094681,6876397,1810237,3537,158979,112310,119702,232012,271289,18.735734224319458,781.90234375,556.1689453125,0b1df7304e1ffbe696e0a82841c53835ee7b186ce8294d8e35c171df6e541eff,5183,41,55523833,110893,6876397,13445,44312627,88769,0,0,44544,87,0,0,1315840,2570,1271296,2483,600167,1174,1810237,3537,10482731,20482,9882564,19308,1879861,3881,0,0,35038628,70859,33158767,66978,0,0,0,0,0,0,0,0,2524572,1810237,2454948,46837199,13608808,112310,42042,37446,119702,51828,46333,20107,0.38706955606422616,0.38795631704869954,200867,84233,208803698688,87356143616,1.6780588461345676,0.11706076238280619,11.70607623828062,3.0816679623582512,2.240028223701914,17.845340848032425,59.64822139454048,0.0,3.0816679623582512,23.16703703409259,0.11152537031815124,0.8884746296818488,232012,112310,119702,0,d00af59659eed8e7ec583d510f2fc8a3621a0cf8ae9f1131a08a51d161b48025,12295254,7379414,310277,0.612801695678674,93870,0,0,78672,0.8380952380952381,23978.243379582076,0.2554409649470766,0,0.0,0,92005,0,0,77572,0.8431280908646269,22777.566697365768,0.24756879188485156,0,0.0,0,1865,0,0,1100,0.5898123324396782,1200.6766822163709,0.6437944676763383,0,0.0,0,error_location_001,10094681,True
conversation_trace,0.01,1.0,"l1=0.01,l2x1",all,16,all16,label_binary_600,horizon,600.0,3,main,1857442038,1857442038,58742117,5183,3218284,6990573,10208857,6990573,1683975,3291,159181,112108,119942,232050,271289,18.751502513885498,802.21875,561.4912109375,a6757cbc9c08975368588a9528a05a88b9c0eba864faf806041777cda34a88da,5183,41,55523833,110893,6990573,13668,44324498,88792,0,0,41984,82,0,0,1316516,2572,1274532,2490,602727,1179,1683975,3291,10494141,20503,9891414,19324,1880076,3881,0,0,35038628,70859,33158552,66978,0,0,0,0,0,0,0,0,2524787,1683975,2328686,46849285,13494632,112108,41891,37408,119942,52001,46216,20063,0.38531957112604426,0.3858195034710871,199018,82588,206859057152,85632163840,1.6592853212385987,0.11900444446018178,11.900444446018177,2.866725079043372,2.241179016411683,17.864764730899978,59.64822139454048,0.0,2.866725079043372,22.972668826355033,0.11146848138930798,0.888531518610692,232050,112108,119942,0,de6043ed946a7037059ea8f3dbf2feb9fd4455e9b05589b243292b08c0a95dc5,12295871,7377100,309244,0.6125407464017799,93892,0,0,78631,0.8374621906019682,24006.85910071185,0.25568588485400084,0,0.0,0,92046,0,0,77527,0.842263650783304,22842.61848973256,0.24816524878574364,0,0.0,0,1846,0,0,1104,0.5980498374864572,1164.2406109793158,0.6306828878544506,0,0.0,0,error_location_001,10208857,True
conversation_trace,0.01,1.0,"l1=0.01,l2x1",all,16,all16,label_binary_600,horizon,600.0,4,main,1857442038,1857442038,58742117,5183,3218284,6947482,10165766,6947482,1736664,3394,159081,112208,119848,232056,271289,18.701526403427124,795.03125,576.10546875,e5285d7bef2f68b070a65dbcf0c7bf2b1ac9199cd21889dbcb9eab50e42535f1,5183,42,55523833,110893,6947482,13584,44315737,88774,0,0,43520,85,0,0,1326080,2590,1282560,2505,600250,1174,1736664,3394,10474979,20466,9874729,19292,1880180,3882,0,0,35038628,70859,33158448,66977,0,0,0,0,0,0,0,0,2523950,1736664,2380434,46839687,13537723,112208,41883,37401,119848,51990,46405,20166,0.38719878512782857,0.38788228505481825,198743,84402,206519447552,87502022656,1.658292170082104,0.1182708822019472,11.82708822019472,2.956420518518255,2.2574603499564034,17.832144183703832,59.64822139454048,0.0,2.956420518518255,23.04602505217849,0.11236957632361638,0.8876304236763837,232056,112208,119848,0,a031913e86b972249274325f4dd78f25c6828187a8495da29b9ac73848c80efd,12294332,7383462,309990,0.6131652374443768,93873,0,0,78629,0.8376103885036166,23893.978846596616,0.2545351575702983,0,0.0,0,91993,0,0,77511,0.8425749785309752,22625.286201514384,0.24594573719211663,0,0.0,0,1880,0,0,1118,0.5946808510638298,1268.692645082157,0.6748365133415729,0,0.0,0,error_location_001,10165766,True
toolagent_trace,0.0025,4.0,"l1=0.0025,l2x4",all,16,all16,label_binary_60,horizon,60.0,0,main,446163482,1784653926,83026370,9997,29393272,6662761,36056033,6662761,437760,855,271079,1,237870,237871,271080,19.047511100769043,853.28125,717.697265625,59d9149e70f174e8b59b233e5340d6534c58d5927990c6bc64129ce9f673cc66,9997,88,53633098,110318,6662761,13058,42253177,86496,0,0,0,0,0,0,0,0,0,0,706613,1397,437760,855,12660393,24759,11953780,23362,3572787,8512,0,0,33872184,71646,30299397,63134,0,0,0,0,0,0,0,0,4279400,437760,1144373,46532577,13098153,1,0,31415,237870,96399,107937,43304,0.4537646613696557,0.44921627817715953,538465,210364,551402493952,215091374080,2.2636944549543867,0.08024873302301426,8.024873302301426,0.5272541723792091,0.0,15.248640883613243,40.79689862389503,0.0,0.5272541723792091,15.775895055992452,0.0,1.0,237871,1,237870,0,2104ad55777dd0f1c64dfdbc4a4c84445afb898aa9f43ada60bafac540aeb564,12078578,10009148,417593,0.8459559146780358,96399,0,0,76460,0.7931617547899874,26103.434968479734,0.2707853293963603,19947,0.2069212336227554,9,90941,0,0,72120,0.7930416423835234,24623.156190941605,0.27075968145216794,18829,0.2070463267393145,9,5458,0,0,4340,0.7951630633931843,1480.2787775383044,0.2712126745214922,1118,0.20483693660681568,0,,,
toolagent_trace,0.0025,4.0,"l1=0.0025,l2x4",all,16,all16,label_binary_60,horizon,60.0,1,main,446163482,1784653926,83026370,9997,29393272,6624407,36017679,6624407,478177,935,271078,2,237859,237861,271080,19.09187364578247,856.3984375,557.638671875,0a25a97d71071a188618fd9964b61db4124dd7d95d34f4c0e9d970b43951e59a,9997,88,53633098,110318,6624407,12983,42250615,86491,0,0,0,0,0,0,0,0,0,0,709029,1401,478177,935,12658330,24754,11949301,23353,3570870,8508,0,0,33872184,71646,30301314,63138,0,0,0,0,0,0,0,0,4279899,478177,1187206,46530514,13136507,2,1,31424,237859,96392,107765,43593,0.4530625286409175,0.45224707444601214,535869,211572,548725753856,216269680640,2.2528851126087304,0.07978678340387518,7.978678340387518,0.5759338870289042,0.0,15.246156130877456,40.79689862389503,0.0,0.5759338870289042,15.822090017906358,0.0,1.0,237861,2,237859,0,e0fcc8c9505e4dfe42f364d12fa3771443fbc223b3a0b0215f534cb2e4ea877e,12079002,10008414,420238,0.8459749406449307,96393,0,0,76458,0.7931903768945878,26100.766091009595,0.2707744970175178,19942,0.2068822424864876,7,90931,0,0,72120,0.7931288559457171,24659.913310745917,0.27119368873921895,18818,0.20694812550175407,7,5462,0,0,4338,0.7942145734163311,1440.8527802638016,0.26379582209150526,1124,0.205785426583669,0,,,
toolagent_trace,0.0025,4.0,"l1=0.0025,l2x4",all,16,all16,label_binary_60,horizon,60.0,2,main,446163482,1784653926,83026370,9997,29393272,6695470,36088742,6695470,411648,804,271078,2,237848,237850,271080,41.8168158531189,859.98828125,586.7841796875,d4dd06e0c39b21cd11dc3bbf7861e278049090a8977aed02ce4f8557410fd24c,9997,89,53633098,110318,6695470,13122,42246861,86484,0,0,0,0,0,0,0,0,0,0,708517,1400,411648,804,12653796,24746,11945279,23346,3570602,8508,0,0,33872184,71646,30301582,63138,0,0,0,0,0,0,0,0,4279119,411648,1120165,46525980,13065444,2,1,31436,237848,96390,107609,43440,0.4524276008206922,0.4506691565515095,535842,209479,548531812352,214135758848,2.252875786216407,0.08064269219526278,8.064269219526278,0.49580392350044933,0.0,15.240695215267149,40.79689862389503,0.0,0.49580392350044933,15.736499138767599,0.0,1.0,237850,2,237848,0,11e3fcf4378fa57eed4aa2abecb67c320d9254420cc5abb5c165a5efa51ec09f,12080558,10011951,419566,0.8461309485869776,96391,0,0,76472,0.7933520764386717,26083.34673766251,0.27059939971223984,19923,0.2066894212115239,4,90948,0,0,72188,0.7937282842943221,24566.016611379884,0.270110575398908,18764,0.20631569688173462,4,5443,0,0,4284,0.7870659562741136,1517.3301262827472,0.2787672471583221,1159,0.21293404372588645,0,,,
toolagent_trace,0.0025,4.0,"l1=0.0025,l2x4",all,16,all16,label_binary_60,horizon,60.0,3,main,446163482,1784653926,83026370,9997,29393272,6715497,36108769,6715497,386704,756,271075,5,237837,237842,271080,19.01765251159668,856.58203125,720.6728515625,cca91e94b2667fe0bc3357985f4704e13f3d5131d313b976683147e9b8c8b31f,9997,88,53633098,110318,6715497,13161,42251396,86492,0,0,0,0,0,0,0,0,0,0,708638,1401,386704,756,12658713,24755,11950075,23354,3570863,8508,0,0,33872184,71646,30301321,63138,0,0,0,0,0,0,0,0,4279501,386704,1095342,46530897,13045417,5,3,31439,237837,96385,107699,43415,0.4528269360948885,0.4504331586865176,540956,213460,553987768320,218329022464,2.2744821032892273,0.08088390471605587,8.088390471605587,0.46576045658746734,0.0,15.246617430100823,40.79689862389503,0.0,0.46576045658746734,15.712377886688289,0.0,1.0,237842,5,237837,0,28e64879147df9056b71e251f1eea78799a02bbc5c8b57776cf006e5c33523d5,12082111,10014313,418522,0.8461744806019411,96388,0,0,76457,0.7932211478607295,26087.957114369037,0.27065565334241853,19933,0.20679960161015895,3,90966,0,0,72170,0.7933733482839742,24585.99946742832,0.2702768008643704,18798,0.20664863795264166,3,5422,0,0,4287,0.7906676503135375,1501.9576469408023,0.277011738646404,1135,0.20933234968646255,0,,,
toolagent_trace,0.0025,4.0,"l1=0.0025,l2x4",all,16,all16,label_binary_60,horizon,60.0,4,main,446163482,1784653926,83026370,9997,29393272,6650226,36043498,6650226,439249,858,271075,5,237881,237886,271080,18.93513774871826,855.91796875,724.830078125,b6226904aadc6b6f53ca7f60583b8ffe5eea9b1a9e0c91ab66f780b98a5a0e77,9997,91,53633098,110318,6650226,13035,42265360,86519,0,0,0,0,0,0,512,1,512,1,708517,1400,439249,858,12670927,24778,11962410,23378,3569746,8506,0,0,33872184,71646,30302438,63140,0,0,0,0,0,0,0,0,4278263,439249,1147766,46543623,13110688,5,3,31397,237881,96412,107901,43491,0.4535923423896822,0.4510952993403311,538708,212914,551554551808,217640040448,2.2646112972452612,0.0800977568933822,8.009775689338218,0.529047578498253,0.0006166715466423499,15.261328418910763,40.79689862389503,0.0,0.529047578498253,15.790992668955658,4.040582920377078e-05,0.9999595941707963,237886,5,237881,0,326e2a041e8afa97ecf6713bf6086d7fc2409f1f88c2156870390efaf89c74c4,12084695,10019227,418251,0.846388965546917,96415,0,0,76463,0.7930612456567961,26155.850730850158,0.2712840401478002,19958,0.20700098532386038,7,90947,0,0,72098,0.7927474243240569,24725.75741849171,0.271869961829326,18854,0.20730755275050303,6,5468,0,0,4365,0.7982809070958303,1430.0933123585155,0.26153864527405185,1104,0.20190197512801755,1,,,
toolagent_trace,0.0025,4.0,"l1=0.0025,l2x4",all,16,all16,label_binary_90,horizon,90.0,0,main,446163482,1784653926,83026370,9997,29393272,9074318,38467590,9074318,462154,903,270678,402,227197,227599,271080,18.527863264083862,855.27734375,564.65234375,71505c2889ccbe2a8b207f9c1b843b3db775a919c56fafc1aeef43771d2528f3,9997,98,53633098,110318,9074318,17772,39827266,81744,0,0,0,0,0,0,18944,37,18944,37,575639,1138,462154,903,10205498,19960,9629859,18822,3693721,8761,0,0,33872184,71646,30178463,62885,0,0,0,0,0,0,0,0,4269360,462154,1037793,44096626,10686596,402,336,41685,227197,91283,102125,40576,0.4494997733244717,0.44450773966675067,504208,192422,516002099200,196498731008,2.219254655651263,0.10929440851141631,10.929440851141631,0.5566351991541965,0.022816847225766945,12.291875460772282,40.79689862389503,0.0,0.5566351991541965,12.871327507152246,0.0018528150484887096,0.9981471849515113,227599,402,227197,0,18b8bb825d13e6ed6016b297c903559fc956a87d3a88eb7081038f54fd5e3391,11579383,9444293,280499,0.8277248019173388,91619,0,0,76294,0.8327312020432444,16263.293596897533,0.17751005355764124,15306,0.16706141739158908,8,86178,0,0,71787,0.8330084244238669,15262.876252365912,0.17710873137420122,14377,0.1668291211213999,8,5441,0,0,4507,0.8283403786068737,1000.4173445316061,0.1838664481771009,929,0.170740672670465,0,,,
toolagent_trace,0.0025,4.0,"l1=0.0025,l2x4",all,16,all16,label_binary_90,horizon,90.0,1,main,446163482,1784653926,83026370,9997,29393272,9051608,38444880,9051608,498688,974,270686,394,227212,227606,271080,18.45221734046936,856.34765625,729.3857421875,8b40868acd4b1e3b38bcdaa83490133437a97deb213c7c1581ad291bb3bf213e,9997,100,53633098,110318,9051608,17728,39814617,81719,0,0,2560,5,40960,80,23040,45,20480,40,571804,1131,457728,894,10187578,19925,9615774,18794,3693821,8761,0,0,33872184,71646,30178363,62885,0,0,0,0,0,0,0,0,4268185,498688,1073052,44082802,10709306,394,324,41684,227212,91271,102374,40763,0.4505659912328574,0.44661502558315347,504801,193941,516654876672,198055397376,2.221718043061106,0.10902088095625523,10.902088095625523,0.6006380864296488,0.027750219598905744,12.2702919566398,40.79689862389503,0.049333723731387995,0.5513043626982608,12.898680262668355,0.0022564745836148215,0.9977435254163852,227606,394,227212,0,676f84beec52a5fef077d57b79a378241dd8edca7f10fc6ea5ebe96eec54370d,11577170,9442519,280090,0.8277121265386964,91595,0,0,76285,0.8328511381625635,16243.39726210084,0.17733934452864064,15292,0.1669523445602926,4,86171,0,0,71756,0.8327163430852607,15292.36257040138,0.17746530236856228,14400,0.16710958443095705,4,5424,0,0,4529,0.8349926253687315,951.0346916994524,0.17533825436936806,892,0.16445427728613568,0,,,
toolagent_trace,0.0025,4.0,"l1=0.0025,l2x4",all,16,all16,label_binary_90,horizon,90.0,2,main,446163482,1784653926,83026370,9997,29393272,9066205,38459477,9066205,487424,952,270656,424,227179,227603,271080,40.1042058467865,854.90234375,724.1083984375,cbb1a41772a845de6a3004de2bd3ce4bbc82dd4fa35d1dbe51d5fce6e5fb9068,9997,101,53633098,110318,9066205,17757,39811329,81713,0,0,2048,4,3584,7,31744,62,29696,58,571031,1129,483840,945,10175541,19901,9604510,18772,3695061,8763,0,0,33872184,71646,30177123,62883,0,0,0,0,0,0,0,0,4268140,487424,1060503,44079469,10694709,424,365,41682,227179,91218,102271,40660,0.4501780534292342,0.44574535727597625,505179,194446,516975519744,198593861632,2.2237046558000517,0.10919669256887903,10.919669256887902,0.5870713124035171,0.03823363589182569,12.255794153110632,40.79689862389503,0.004316700826496449,0.5827546115770207,12.881099101405974,0.0031099356978863627,0.9968900643021137,227603,424,227179,0,2e5f990c37ac683049a35e68b526b2b43aec61c1ec1bf1292482b8812063e338,11574833,9440286,280284,0.8276947062648765,91583,0,0,76292,0.8330366989506787,16215.353718403498,0.17705637201667884,15285,0.16689778670713998,19,86160,0,0,71776,0.8330547818012999,15243.974575481903,0.1769263530116284,14380,0.16689879294336118,18,5423,0,0,4516,0.8327494007007191,971.3791429216025,0.17912209900822468,905,0.1668817997418403,1,,,
toolagent_trace,0.0025,4.0,"l1=0.0025,l2x4",all,16,all16,label_binary_90,horizon,90.0,3,main,446163482,1784653926,83026370,9997,29393272,9116893,38510165,9116893,428032,836,270659,421,227159,227580,271080,18.56144618988037,847.05859375,554.658203125,ddbc8ce6808f3d95ce838dbbd29c6c273d30b8dc98a8999c6d7f2d25cbfd3ba8,9997,101,53633098,110318,9116893,17856,39820175,81730,0,0,2048,4,512,1,23552,46,21504,42,571543,1130,427520,835,10192437,19934,9620894,18804,3694407,8762,0,0,33872184,71646,30177777,62884,0,0,0,0,0,0,0,0,4267998,428032,1001623,44088173,10644021,421,354,41705,227159,91250,102214,40685,0.44996676336838953,0.44586301369863013,502912,192926,514604810240,197026607104,2.213920645891204,0.10980719740005494,10.980719740005494,0.5155374129930045,0.028366891145548096,12.27614431414983,40.79689862389503,0.0006166715466423499,0.5149207414463621,12.820048618288382,0.002305405771286559,0.9976945942287134,227580,421,227159,0,f0a553c068ac2d5d0984c800e55d85c5a51c4484f48298d66323846646d6c9aa,11577347,9443931,281001,0.8278607784667765,91604,0,0,76307,0.8330094755687525,16233.049748419531,0.17720896192763996,15289,0.16690319200034934,16,86182,0,0,71789,0.8329929683692651,15271.49470505282,0.17720051408708107,14387,0.16693741152444827,15,5422,0,0,4518,0.83327185540391,961.5550433667455,0.17734323927826365,902,0.16635927701954997,1,,,
toolagent_trace,0.0025,4.0,"l1=0.0025,l2x4",all,16,all16,label_binary_90,horizon,90.0,4,main,446163482,1784653926,83026370,9997,29393272,9101397,38494669,9101397,454792,889,270644,436,227133,227569,271080,18.582915544509888,853.63671875,565.001953125,6f7cea75dce5deb49ab82e3a1bda0799825de7558a72e561ebb8e5c0e0697bbd,9997,100,53633098,110318,9101397,17825,39807510,81707,0,0,1024,2,0,0,30208,59,29184,57,571031,1129,454792,889,10174517,19899,9603486,18770,3697344,8766,0,0,33872184,71646,30174840,62880,0,0,0,0,0,0,0,0,4269399,454792,1026847,44076909,10659517,436,376,41721,227133,91209,102222,40717,0.4500534928874272,0.4464142792926137,503252,191846,515079413760,195933540352,2.2156709945274353,0.10962055790226648,10.962055790226648,0.5477681367979835,0.036383621251898646,12.254560810017347,40.79689862389503,0.0,0.5477681367979835,12.83871256806723,0.00296019735955648,0.9970398026404436,227569,436,227133,0,7609eb84579ed5ab34c6a93520d06cb97dd41203973d33de94f9afbf1d1b21eb,11580589,9438631,282215,0.8272237707425762,91585,0,0,76311,0.8332259649505923,16184.68472337312,0.17671763633098347,15270,0.16673035977507233,14,86165,0,0,71805,0.8333430047002843,15188.51051866219,0.17627239039821493,14357,0.16662217837869203,14,5420,0,0,4506,0.8313653136531365,996.1742047109444,0.18379597872895653,913,0.168450184501845,0,,,
toolagent_trace,0.0025,4.0,"l1=0.0025,l2x4",all,16,all16,label_binary_120,horizon,120.0,0,main,446163482,1784653926,83026370,9997,29393272,10090977,39484249,10090977,1012081,1977,267284,3796,216328,220124,271080,17.69942283630371,853.28125,563.09765625,191309832bd14a6a5b92217e29713ce3867b833182f8df20f45d597bd81d6c60,9997,101,53633098,110318,10090977,19760,38263730,78685,0,0,15788,31,41984,82,214956,420,199168,389,497347,983,970097,1895,8442900,16515,7945553,15532,3753175,8882,0,0,33872184,71646,30119009,62764,0,0,0,0,0,0,0,0,4266310,1012081,1525216,42530040,9669937,3796,2822,49160,216328,85695,96019,37550,0.44385840020709294,0.43818192426629327,452403,172415,462520715264,176020594688,2.0912826818534818,0.12153942175239023,12.153942175239024,1.2189874132760472,0.25890087691416597,10.16893789286464,40.79689862389503,0.05056706682467269,1.1684203464513745,11.646826183054854,0.024827855764752844,0.9751721442352471,220124,3796,216328,0,e7e3502437faf87ed690af715c8678c1af2f63d350c5a60d2472a4e065256e3c,11296674,8540379,225108,0.7659717364597757,88517,0,0,76214,0.8610097495396365,11158.167337657935,0.12605677257089526,11943,0.134923235084786,17,83150,0,0,71622,0.8613589897775106,10435.045386032883,0.1254966372343101,11228,0.13503307276007215,17,5367,0,0,4592,0.8555990311160797,723.1219516249956,0.1347348521753299,715,0.13322153903484255,0,,,
toolagent_trace,0.0025,4.0,"l1=0.0025,l2x4",all,16,all16,label_binary_120,horizon,120.0,1,main,446163482,1784653926,83026370,9997,29393272,9946477,39339749,9946477,1140035,2228,267333,3747,216421,220168,271080,17.965348720550537,856.3984375,550.392578125,5b624aef7dea1253728d6b44d148d54c006b9a1524771ef73c191fc664dff6e4,9997,98,53633098,110318,9946477,19476,38278934,78715,0,0,15360,30,25088,49,233624,457,218264,427,500420,990,1114947,2179,8440778,16511,7940358,15521,3751872,8879,0,0,33872184,71646,30120312,62767,0,0,0,0,0,0,0,0,4267652,1140035,1655815,42546586,9814437,3747,2754,49122,216421,85805,95910,37509,0.44316401827918733,0.43714235767146437,454797,170667,464898217984,174076456960,2.1014457931531596,0.11979901084438595,11.979901084438595,1.373099895852366,0.281385299634321,10.166382078368596,40.79689862389503,0.030216905785475145,1.3428829900668908,11.820867273855283,0.02693257702375334,0.9730674229762467,220168,3747,216421,0,1dc2dc4c21a107da725666a261d9304a5d98d76203078d810cccd8317200ee19,11298265,8552887,225315,0.7669801071226423,88559,0,0,76234,0.8608272451134272,11209.840340511577,0.12658047562090333,11955,0.13499474926320307,23,83180,0,0,71604,0.8608319307525848,10484.510932176103,0.12604605592902263,11267,0.13545323395046888,22,5379,0,0,4630,0.8607547871351552,725.3294083354218,0.1348446566899836,688,0.12790481502137943,1,,,
toolagent_trace,0.0025,4.0,"l1=0.0025,l2x4",all,16,all16,label_binary_120,horizon,120.0,2,main,446163482,1784653926,83026370,9997,29393272,9923069,39316341,9923069,1163091,2272,267383,3697,216480,220177,271080,17.66858673095703,856.58203125,563.2744140625,7674919e78d4a00bb8e7088e7287444b11504624986a77c276cdc230060366d9,9997,101,53633098,110318,9923069,19432,38280350,78718,0,0,14336,28,88064,172,210432,411,196096,383,502355,993,1075027,2100,8464322,16557,7961967,15564,3749897,8875,0,0,33872184,71646,30122287,62771,0,0,0,0,0,0,0,0,4266588,1163091,1679782,42546938,9837845,3697,2818,49110,216480,85733,95874,37495,0.4428769401330377,0.4373461794174939,453035,170506,463077279744,173932490752,2.0927337398373984,0.1195170763216554,11.95170763216554,1.4008693864371042,0.2534520056700058,10.194739334021227,40.79689862389503,0.10606750602248419,1.2948018804146202,11.849060726128338,0.024257978958250576,0.9757420210417495,220177,3697,216480,0,f78eba43d2c92f412b169b281c58a068235602484bebd15ffc432b8b1dde1bc3,11298935,8548692,225760,0.7665830452162085,88551,0,0,76218,0.8607243283531524,11226.937043325926,0.1267849831546332,11956,0.13501823807749205,22,83190,0,0,71622,0.8609448250991706,10509.396560383899,0.12633004640442239,11243,0.13514845534319028,19,5361,0,0,4596,0.8573027420257414,717.5404829419941,0.13384452209326508,713,0.13299757507927626,3,,,
toolagent_trace,0.0025,4.0,"l1=0.0025,l2x4",all,16,all16,label_binary_120,horizon,120.0,3,main,446163482,1784653926,83026370,9997,29393272,10047997,39441269,10047997,1044868,2041,267414,3666,216492,220158,271080,17.617239475250244,855.91796875,574.9609375,00fbfa58b7dc5b937be8ee6b0bc3b1c0d92dfd8340d4ad9976fec29e6a7e5fc7,9997,101,53633098,110318,10047997,19676,38272945,78705,0,0,10752,21,36864,72,209560,410,198808,389,504403,997,1008004,1969,8458489,16545,7954086,15548,3752133,8878,0,0,33872184,71646,30120051,62768,0,0,0,0,0,0,0,0,4267288,1044868,1560023,42540233,9712917,3666,2767,49128,216492,85767,96124,37634,0.444007168856124,0.43879347534599555,451070,168178,460987246592,171506051072,2.083541193208063,0.12102175489546273,12.102175489546273,1.2584772765568337,0.25240173694213053,10.18771385524864,40.79689862389503,0.04440035135824919,1.2140769251985846,11.698592868747603,0.024176143905047145,0.9758238560949528,220158,3666,216492,0,ce9f9802a733b9bfd400aff85330b89ce428de73febf4d97670c01cf1acd00e9,11295438,8548487,224920,0.7667650426658975,88534,0,0,76216,0.8608670115435878,11184.629063000888,0.12633145529402137,11938,0.1348408521020173,27,83162,0,0,71609,0.8610783771434068,10474.19743613549,0.12594932103767933,11235,0.13509776099660903,27,5372,0,0,4607,0.8575949367088608,710.4316268653297,0.13224713828468534,703,0.13086373790022338,0,,,
toolagent_trace,0.0025,4.0,"l1=0.0025,l2x4",all,16,all16,label_binary_120,horizon,120.0,4,main,446163482,1784653926,83026370,9997,29393272,10047373,39440645,10047373,1048452,2048,267373,3707,216453,220160,271080,17.93672823905945,856.34765625,566.5048828125,c9beb02f8d124680cd2b1317eb11505048fd6efb5b2316d85c5c46339ec250d8,9997,102,53633098,110318,10047373,19675,38271311,78700,0,0,15872,31,23040,45,218624,427,202752,396,496227,981,1025412,2003,8446465,16522,7950238,15541,3753863,8883,0,0,33872184,71646,30118321,62763,0,0,0,0,0,0,0,0,4265962,1048452,1560551,42537273,9713541,3707,2785,49129,216453,85753,95723,37454,0.44223457286339296,0.4367660606626007,451417,172479,461366910976,175960446976,2.085519720216398,0.12101423921098803,12.101423921098803,1.26279397738333,0.2633187504162834,10.173231709395461,40.79689862389503,0.027750219598905744,1.2350437577844244,11.699344437195075,0.025230439064157333,0.9747695609358427,220160,3707,216453,0,a599232651d786c24eb1ee5b736b9eedd2405cddbaac9a6b7e71df9086400154,11297132,8545966,224651,0.7664150069238812,88538,0,0,76221,0.8608845919266304,11200.418088601402,0.12650407834603675,11951,0.1349815898258375,24,83157,0,0,71595,0.8609617951585555,10501.730456806416,0.12628799087035866,11268,0.13550272376348352,24,5381,0,0,4626,0.8596915071548039,698.6876317949226,0.1298434550817548,683,0.12692808028247538,0,,,
toolagent_trace,0.0025,4.0,"l1=0.0025,l2x4",all,16,all16,label_binary_150,horizon,150.0,0,main,446163482,1784653926,83026370,9997,29393272,10187408,39580680,10187408,1471063,2875,257524,13556,203030,216586,271080,17.423368215560913,855.27734375,724.388671875,0b5a621d48774d6ac50c1d399c103a04430f7251014e1ca035423971aaa29e73,9997,101,53633098,110318,10187408,19949,37708234,77598,0,0,29184,57,45056,88,517632,1011,488448,954,462645,915,1426007,2787,7584811,14837,7122166,13922,3774564,8924,0,0,33872184,71646,30097620,62722,0,0,0,0,0,0,0,0,4266393,1471063,1962892,41974627,9573506,13556,7234,52697,203030,80183,87227,34067,0.42962616362113976,0.42486561989449134,373980,142300,381314326528,144854886400,1.8419937940205882,0.12270087202415329,12.27008720241533,1.7718021394889358,0.6234549336554157,9.135424082734197,40.79689862389503,0.05426709610452679,1.717535043384409,11.530681155878549,0.06388591687716902,0.936114083122831,216586,13556,203030,0,d2c32b77eab60772e4d1c5b8ce2fb2785e013b32c647cf3db30ec34fce8ceea6,11249024,7792132,209586,0.7020097921384113,87417,0,0,76499,0.8751043847306588,9612.61311815451,0.10996274315241326,9602,0.10984133520939864,25,82102,0,0,71947,0.8763123919027551,8791.909171624673,0.10708520098931418,9047,0.11019219994640812,24,5315,0,0,4552,0.8564440263405456,820.7039465299026,0.15441278391907856,555,0.10442144873000941,1,,,
toolagent_trace,0.0025,4.0,"l1=0.0025,l2x4",all,16,all16,label_binary_150,horizon,150.0,1,main,446163482,1784653926,83026370,9997,29393272,10206999,39600271,10206999,1456777,2846,257722,13358,203233,216591,271080,17.421793937683105,847.05859375,722.2490234375,a3d7d08cb4c05534df01efe1e86caed8ab5438b6817c7624f69d453de64002a1,9997,106,53633098,110318,10206999,19989,37704752,77592,0,0,24064,47,512,1,485016,948,460952,901,468670,926,1456265,2845,7612122,14889,7143452,13963,3771836,8918,0,0,33872184,71646,30100348,62728,0,0,0,0,0,0,0,0,4264570,1456777,1949511,41969322,9553915,13358,7019,52695,203233,80387,87308,34147,0.42959558733079767,0.4247826141042706,379656,145010,387191087104,147649595392,1.8680824472403597,0.12293683320130701,12.2936833201307,1.754595558013677,0.5841710290357148,9.168318451113784,40.79689862389503,0.0006166715466423499,1.7539788864670345,11.507085038163176,0.05989968307320438,0.9401003169267956,216591,13358,203233,0,a4c60a44a0272e1637a1ada1f3a9dc2a0b70915233ecb7a574987199f7168155,11245022,7794848,209865,0.7025135655581644,87406,0,0,76476,0.8749513763357206,9571.528288600413,0.10950653603414426,9633,0.11020982541244308,35,82087,0,0,71932,0.8762897901007468,8799.982340829238,0.1072031179215861,9051,0.11026106448036839,32,5319,0,0,4544,0.854295920285768,771.5459477712656,0.14505469971258989,582,0.10941906373378454,3,,,
toolagent_trace,0.0025,4.0,"l1=0.0025,l2x4",all,16,all16,label_binary_150,horizon,150.0,2,main,446163482,1784653926,83026370,9997,29393272,10248293,39641565,10248293,1427332,2788,257916,13164,203398,216562,271080,17.602519512176514,853.63671875,730.2099609375,c69db26a0c4cc475ad40586d115ef14dd1ca8ca40b5e16ff8a52d77bd75214ee,9997,105,53633098,110318,10248293,20070,37691735,77568,0,0,26408,52,49664,97,501032,979,474624,927,467230,923,1377668,2691,7584257,14835,7117027,13912,3772100,8917,0,0,33872184,71646,30100084,62729,0,0,0,0,0,0,0,0,4265738,1427332,1920970,41957473,9512621,13164,6972,52727,203398,80411,87326,34147,0.42933558835386776,0.42465583066993323,378869,141818,386482466816,144390844416,1.862697764973107,0.12343419325691343,12.343419325691343,1.719130921898669,0.6034612858541208,9.134756824849743,40.79689862389503,0.05981714002430794,1.659313781874361,11.457349032602533,0.06196834769913605,0.9380316523008639,216562,13164,203398,0,c5ee65df4e9e60bf7a2333b657ca8833addd890e3ddd6073dba3e707993cf1cc,11242717,7804867,208453,0.7034859545072601,87383,0,0,76466,0.8750672327569435,9484.991689257964,0.10854504525202802,9631,0.11021594589336599,26,82089,0,0,71938,0.8763415317521227,8729.76081456985,0.10634507442616978,9067,0.11045328850394084,25,5294,0,0,4528,0.8553078957310163,755.2308746881455,0.14265789094978193,564,0.10653570079335097,1,,,
toolagent_trace,0.0025,4.0,"l1=0.0025,l2x4",all,16,all16,label_binary_150,horizon,150.0,3,main,446163482,1784653926,83026370,9997,29393272,10096888,39490160,10096888,1565544,3058,257878,13202,203414,216616,271080,17.72658371925354,853.28125,563.1435546875,a133fef2da459647f020316d7cc2095ea3616cdd6969e0ec9114b296265e2cbe,9997,102,53633098,110318,10096888,19773,37703941,77592,0,0,25004,49,1024,2,510380,997,485376,948,470640,931,1564520,3056,7588102,14844,7117462,13913,3771081,8915,0,0,33872184,71646,30101103,62731,0,0,0,0,0,0,0,0,4266725,1565544,2061188,41970666,9664026,13202,7099,52672,203414,80317,87622,34193,0.4307569783790693,0.4257255624587572,379437,143961,387058440192,146612054016,1.8653435850039821,0.12161061600067545,12.161061600067544,1.8855985152668966,0.6147203593268018,9.139387883632633,40.79689862389503,0.0012333430932846999,1.8843651721736119,11.639706758226332,0.06302168727423238,0.9369783127257676,216616,13202,203414,0,c557f88627bf84db57fee7466b789934850c981054a0d5047f84f3db5e6a52ce,11246295,7796242,209552,0.7025440822955471,87416,0,0,76497,0.8750915164271987,9538.488835576201,0.1091160523883065,9589,0.1096938775510204,22,82100,0,0,71963,0.8765286236297198,8741.80572036403,0.10647753617982983,9031,0.11,21,5316,0,0,4534,0.8528969149736644,796.6831152122345,0.1498651458262292,558,0.10496613995485328,1,,,
toolagent_trace,0.0025,4.0,"l1=0.0025,l2x4",all,16,all16,label_binary_150,horizon,150.0,4,main,446163482,1784653926,83026370,9997,29393272,10191672,39584944,10191672,1468286,2869,257545,13535,203055,216590,271080,17.556236505508423,856.3984375,721.0810546875,fe9b58206f36a1afeaf84d8347e5491954c8d62c45ab664bbae2f684d4fb1543,9997,103,53633098,110318,10191672,19959,37707956,77596,0,0,23274,46,22016,43,501122,980,477848,934,469197,926,1446270,2826,7599834,14864,7130637,13938,3772713,8922,0,0,33872184,71646,30099471,62724,0,0,0,0,0,0,0,0,4265184,1468286,1960757,41973140,9569242,13535,7208,52696,203055,80212,87360,34226,0.4302282632784221,0.4266942602104423,376150,142702,383625887744,145348214784,1.8524537686833618,0.1227522292013971,12.27522292013971,1.76845741901037,0.603569685149429,9.153518333994368,40.79689862389503,0.026516876505621047,1.7419405425047487,11.525545438154166,0.06185961261856008,0.9381403873814399,216590,13535,203055,0,1173e7199cfbeb609b1048271692bd4151fcefe9e644be77a07809514794f2e1,11247470,7789779,209276,0.7018838014237868,87420,0,0,76499,0.8750743536948067,9589.180119212755,0.10969091877388189,9624,0.11008922443376802,42,82111,0,0,71925,0.8759484112969029,8825.640547049652,0.10748426577498328,9089,0.11069162475186028,39,5309,0,0,4574,0.8615558485590507,763.5395721631695,0.14381984783634763,535,0.10077227349783387,3,,,
toolagent_trace,0.0025,4.0,"l1=0.0025,l2x4",all,16,all16,label_binary_180,horizon,180.0,0,main,446163482,1784653926,83026370,9997,29393272,9430537,38823809,9430537,2228752,4354,237896,33184,182829,216013,271080,17.666270971298218,856.58203125,557.7861328125,f1a42f9d3fe7aac35992fbb958b46c559c824cc0c8d9b76023ef3494f7693b42,9997,104,53633098,110318,9430537,18473,37706295,77598,0,0,55164,108,23040,45,1169788,2285,1114624,2177,470595,929,2205712,4309,6931837,13560,6461242,12631,3741755,8856,0,0,33872184,71646,30130429,62790,0,0,0,0,0,0,0,0,4267514,2228752,2754511,41973809,10330377,33184,15579,53273,182829,71830,74301,28774,0.40639614065602286,0.40058471390783795,287134,106420,292129955840,108008509440,1.5705057731541494,0.11358484057534973,11.358484057534973,2.6843905135199817,1.4089354984446507,8.348958288794272,40.79689862389503,0.027750219598905744,2.656640293921076,12.442284300758903,0.14438930461481492,0.8556106953851851,216013,33184,182829,0,72e9d7e9e7c69afb4facc6f3ddfea3e8022531e10564904105ee5d5bfc79d4ae,11338031,7120315,203550,0.6369792074126451,87409,0,0,77194,0.8831356038851834,9753.511666253049,0.1115847529001939,6943,0.07943117985562127,40,82244,0,0,72871,0.886034239579787,8727.34427237303,0.10611527007894837,6603,0.08028549195078061,39,5165,0,0,4323,0.8369796708615682,1026.1673938800302,0.19867713337464282,340,0.06582768635043562,1,,,
toolagent_trace,0.0025,4.0,"l1=0.0025,l2x4",all,16,all16,label_binary_180,horizon,180.0,1,main,446163482,1784653926,83026370,9997,29393272,9435835,38829107,9435835,2198129,4294,237943,33137,182984,216121,271080,17.362977504730225,855.27734375,564.7783203125,a151bba4255e64847a8287d678a6feb5b6ed4fad91af5b146690c3c00379b3bb,9997,104,53633098,110318,9435835,18483,37731967,77648,0,0,49448,97,14848,29,1147328,2242,1097880,2145,476982,942,2183281,4265,6979622,13653,6502640,12711,3740737,8854,0,0,33872184,71646,30131447,62792,0,0,0,0,0,0,0,0,4267167,2198129,2724559,41999134,10325079,33137,15448,53163,182984,72004,74304,28892,0.40606829012372664,0.40125548580634407,285794,108195,290729330688,109870008320,1.5618524023958378,0.11364865162718785,11.364865162718784,2.6475070510730507,1.381883852082176,8.406512292419865,40.79689862389503,0.01788347485262815,2.6296235762204225,12.435903195575092,0.14117571782772134,0.8588242821722787,216121,33137,182984,0,78b6c2cbc659deafb041914122aafdac9a68fac98c9b52c28f3d40368452f658,11340647,7119693,204624,0.6368247772812257,87452,0,0,77206,0.8828385857384622,9935.388385887065,0.11360961882961013,6923,0.07916342679412706,48,82243,0,0,72859,0.8858991038751018,8897.627310973956,0.1081870470553598,6565,0.07982442274722469,45,5209,0,0,4347,0.8345171818007295,1037.7610749131538,0.19922462563124474,358,0.06872720291802649,3,,,
toolagent_trace,0.0025,4.0,"l1=0.0025,l2x4",all,16,all16,label_binary_180,horizon,180.0,2,main,446163482,1784653926,83026370,9997,29393272,9557900,38951172,9557900,2075234,4054,237773,33307,182781,216088,271080,17.54892325401306,855.91796875,574.9892578125,81cf4ee831659cbf2d73ac3f0472e8a80f51a56cf26edf0c19dd587551483d53,9997,103,53633098,110318,9557900,18721,37731495,77649,0,0,54327,107,18432,36,1165879,2278,1111552,2171,472309,933,2056802,4018,6961901,13619,6489592,12686,3741833,8854,0,0,33872184,71646,30130351,62792,0,0,0,0,0,0,0,0,4268469,2075234,2601870,41999964,10203014,33307,15670,53196,182781,71787,74248,28785,0.40621289959022,0.4009778929332609,286137,107084,291252416512,108752601088,1.5654635875720124,0.11511884718072102,11.511884718072102,2.4994878133296687,1.4042273557184302,8.385168471173676,40.79689862389503,0.022200175679124596,2.477287637650544,12.288883640221774,0.143443720179434,0.856556279820566,216088,33307,182781,0,9c1ab3aec749686e67a2ed32af70dc98e0ad97cf39d98b3326973f3944c5c5d0,11341836,7124319,205077,0.6371858577394348,87457,0,0,77205,0.8827766788250225,9957.590666015278,0.11385698876036542,6961,0.07959340018523389,45,82297,0,0,72914,0.8859861234309878,8907.441757666302,0.10823531547524577,6585,0.08001506737791171,42,5160,0,0,4291,0.8315891472868217,1050.1489083490135,0.20351723030019642,376,0.07286821705426356,3,,,
toolagent_trace,0.0025,4.0,"l1=0.0025,l2x4",all,16,all16,label_binary_180,horizon,180.0,3,main,446163482,1784653926,83026370,9997,29393272,9472720,38865992,9472720,2181094,4262,237668,33412,182641,216053,271080,17.63412880897522,856.34765625,566.59765625,5ed2d274a29228e4807d40fc8c8eb438ecba95dcd36a683933b66858a8e4a891,9997,100,53633098,110318,9472720,18554,37710059,77605,0,0,59416,117,26112,51,1224368,2393,1164952,2276,462338,913,2154982,4211,6882732,13463,6420394,12550,3747471,8867,0,0,33872184,71646,30124713,62779,0,0,0,0,0,0,0,0,4269225,2181094,2702848,41979284,10288194,33412,15643,53230,182641,71770,74347,28847,0.40706632136267323,0.4019367423714644,286398,107217,291442968576,108905613312,1.5680925969524915,0.11409290807245939,11.409290807245938,2.6269894733444326,1.4746736488660168,8.289814428837488,40.79689862389503,0.03145024887875984,2.5955392244656728,12.391477551047938,0.15102416400439123,0.8489758359956088,216053,33412,182641,0,a6a5ee0408c1c65205bfa122988db8db448c2a67add9adb815f68b98f955b692,11337654,7115106,205126,0.6366104486871799,87413,0,0,77320,0.88453662498713,9770.086707198583,0.11176926437942392,6857,0.07844370974569,70,82241,0,0,73000,0.8876351211682737,8728.32603976438,0.10613107865619802,6495,0.0789752070135334,66,5172,0,0,4320,0.8352668213457076,1041.7606674342223,0.20142317622471428,362,0.0699922660479505,4,,,
toolagent_trace,0.0025,4.0,"l1=0.0025,l2x4",all,16,all16,label_binary_180,horizon,180.0,4,main,446163482,1784653926,83026370,9997,29393272,9688335,39081607,9688335,1966481,3842,237838,33242,182819,216061,271080,36.15430688858032,859.98828125,586.8818359375,743b7e7e6095d1ad5a15f62fa6b9ae79aa03ea87e7240912dbbd70d729a2eabe,9997,103,53633098,110318,9688335,18975,37710819,77607,0,0,57344,112,29696,58,1173144,2292,1115800,2180,464094,918,1936785,3784,6932954,13563,6468860,12645,3746025,8864,0,0,33872184,71646,30126159,62782,0,0,0,0,0,0,0,0,4267463,1966481,2487919,41978282,10072579,33242,15543,53222,182819,71875,74208,28649,0.4059096702202725,0.39859478260869563,286515,106610,291712577536,108320438272,1.5672058155880952,0.11668985407889083,11.668985407889084,2.3685017181890524,1.412977587723033,8.350303644492708,40.79689862389503,0.0357669497052563,2.332734768483796,12.131782950404792,0.14472363891973672,0.8552763610802633,216061,33242,182819,0,a2667fb3a4d0647b79d817a859df8ea31592f54b16ce30d61d0f62dccb4a223d,11339181,7101633,203927,0.6352836681943784,87418,0,0,77247,0.8836509643322885,9813.883420701404,0.11226387495368693,6872,0.07861081241849505,43,82220,0,0,72920,0.8868888348333739,8763.173085910428,0.10658201272087604,6519,0.07928727803454147,40,5198,0,0,4327,0.8324355521354367,1050.7103347910154,0.20213742493093795,353,0.0679107348980377,3,,,
toolagent_trace,0.0025,4.0,"l1=0.0025,l2x4",all,16,all16,label_binary_240,horizon,240.0,0,main,446163482,1784653926,83026370,9997,29393272,8006133,37399405,8006133,2245394,4388,192694,78386,144725,223111,271080,19.433470010757446,848.22265625,565.0888671875,9f30662f3e41910c6be4047ee401d946d129e40723bbab0741b32697432ce0b3,9997,92,53633098,110318,8006133,15685,39105523,80340,0,0,113324,223,1024,2,2175442,4253,2062118,4030,491200,971,2244370,4386,7333945,14346,6842745,13375,3671524,8711,0,0,33872184,71646,30200660,62935,0,0,0,0,0,0,0,0,4276048,2245394,2849918,43381571,11754781,78386,31727,46176,144725,58432,51696,20918,0.35720158922093626,0.35798877327491785,182418,72743,185949114368,74086326272,1.2604456728277769,0.09642879726043666,9.642879726043665,2.704434747659087,2.620181997599076,8.833271886992048,40.79689862389503,0.0012333430932846999,2.7032014045658026,14.157888632250211,0.2287678480221701,0.7712321519778299,223111,78386,144725,0,260de4cd42c3b487d8cdae57090404c868f07a71a3d068060ca45e2d8ac458e4,11781092,6767247,230074,0.5841804817414209,90159,0,0,78165,0.8669683559045686,14677.937060061015,0.16280057520670166,3544,0.03930833305604543,24,85345,0,0,74617,0.8742984357607358,12837.675851997517,0.15042094852653953,3420,0.04007264631788623,24,4814,0,0,3548,0.7370170336518488,1840.2612080634865,0.38227278937754183,124,0.02575820523473203,0,,,
toolagent_trace,0.0025,4.0,"l1=0.0025,l2x4",all,16,all16,label_binary_240,horizon,240.0,1,main,446163482,1784653926,83026370,9997,29393272,8101284,37494556,8101284,2141054,4183,192642,78438,144569,223007,271080,21.137457609176636,854.90234375,564.708984375,6de5a0aa5e3e46b629e7852c9b4ef737fa8b7cbc892f4fb5879e5bef63c361a0,9997,95,53633098,110318,8101284,15872,39116322,80361,0,0,109012,214,512,1,2173396,4246,2064384,4032,486404,961,2140542,4182,7345180,14371,6858776,13410,3679022,8727,0,0,33872184,71646,30193162,62919,0,0,0,0,0,0,0,0,4274438,2141054,2736470,43390760,11659630,78438,31565,46278,144569,58611,51777,20973,0.3581473206565723,0.35783385371346677,183674,72463,187311339520,73809532928,1.2704936743008528,0.09757483074353365,9.757483074353365,2.5787638312984176,2.617717720285736,8.846803732356358,40.79689862389503,0.0006166715466423499,2.5781471597517753,14.043285283940511,0.22833205302978093,0.7716679469702191,223007,78438,144569,0,47821c058e5a40f7b96418b6e2c122c9f8f325cfdedb874de0d125f56df37324,11785719,6768392,231750,0.584119390594668,90176,0,0,78145,0.866583126330731,14725.645922109285,0.16329894785873497,3545,0.039312012065294534,21,85358,0,0,74656,0.8746221795262307,12810.09529863227,0.15007492324834543,3428,0.04016026617305935,21,4818,0,0,3489,0.724159402241594,1915.5506234770476,0.39758211363159973,117,0.024283935242839352,0,,,
toolagent_trace,0.0025,4.0,"l1=0.0025,l2x4",all,16,all16,label_binary_240,horizon,240.0,2,main,446163482,1784653926,83026370,9997,29393272,8030613,37423885,8030613,2200014,4298,192323,78757,144265,223022,271080,17.767521381378174,855.125,563.25390625,bcc1f6cce591e759c394216aa0e6ef549aede74e8f9fbbea852574ca4f59b308,9997,96,53633098,110318,8030613,15735,39128129,80384,0,0,116678,229,1024,2,2209222,4316,2092544,4087,480671,950,2198990,4296,7321065,14323,6840394,13373,3676993,8722,0,0,33872184,71646,30195191,62924,0,0,0,0,0,0,0,0,4274342,2200014,2797363,43402471,11730301,78757,31843,46263,144265,58351,51547,20864,0.35730773229820123,0.3575602817432435,182498,72435,186176917504,73851062272,1.2650192354347902,0.09672364334367503,9.672364334367503,2.6497774140914507,2.660867866438097,8.817758743396826,40.79689862389503,0.0012333430932846999,2.648544070998166,14.128404023926374,0.2318106474652862,0.7681893525347138,223022,78757,144265,0,9eef467c87133f8d832644ca3e74cbf1818f1287f54451deabc3da4228f9958f,11787164,6762285,231056,0.5835002380555662,90194,0,0,78230,0.8673525955163315,14777.481789950052,0.16384107357418512,3449,0.0382397942213451,21,85350,0,0,74722,0.875477445811365,12845.78487170061,0.15050714553837857,3343,0.03916813122437024,21,4844,0,0,3508,0.7241948802642444,1931.6969182494295,0.3987813621489326,106,0.021882741535920725,0,,,
toolagent_trace,0.0025,4.0,"l1=0.0025,l2x4",all,16,all16,label_binary_240,horizon,240.0,3,main,446163482,1784653926,83026370,9997,29393272,8026401,37419673,8026401,2228760,4355,192409,78671,144311,222982,271080,17.69502305984497,853.28125,724.6455078125,5d3d8c2ec8a7805c0c1b2334f36fd83131cb35026d39ddda3814906d5f9df454,9997,95,53633098,110318,8026401,15725,39103415,80336,0,0,106856,211,0,0,2165433,4233,2058577,4022,494787,978,2228760,4355,7340320,14359,6845533,13381,3672879,8713,0,0,33872184,71646,30199305,62933,0,0,0,0,0,0,0,0,4274522,2228760,2830403,43377937,11734513,78671,31854,46306,144311,58301,51559,21005,0.35727699205188795,0.36028541534450526,184179,72818,187927171072,74165145600,1.2762644566249282,0.09667291247347078,9.667291247347078,2.684400149012898,2.608126791524187,8.840950170409714,40.79689862389503,0.0,2.684400149012898,14.1334771109468,0.22780236347399307,0.7721976365260069,222982,78671,144311,0,3f01e53e6c9d0efa15c66ef01c2574516ff773c168b9d0c0b38a3349b5861a6c,11781625,6753276,232088,0.5830536959035787,90155,0,0,78134,0.8666629693305973,14738.32400404905,0.16347761082634407,3596,0.03988686151627752,28,85375,0,0,74628,0.8741200585651537,12842.767348784333,0.15042772882909908,3469,0.04063250366032211,26,4780,0,0,3506,0.7334728033472804,1895.556655264663,0.3965599697206408,127,0.026569037656903764,2,,,
toolagent_trace,0.0025,4.0,"l1=0.0025,l2x4",all,16,all16,label_binary_240,horizon,240.0,4,main,446163482,1784653926,83026370,9997,29393272,8025499,37418771,8025499,2192633,4285,192237,78843,144229,223072,271080,25.9798641204834,856.3984375,570.2314453125,1a7116b3686e8c2b79a9fa8418163db7adbc8b91c4640288eaea3d37b86cf094,9997,94,53633098,110318,8025499,15725,39138751,80405,0,0,104668,205,1536,3,2177069,4254,2072401,4049,495421,979,2191097,4282,7365713,14408,6870292,13429,3676126,8719,0,0,33872184,71646,30196058,62927,0,0,0,0,0,0,0,0,4276215,2192633,2792722,43414966,11735415,78843,31848,46216,144229,58376,51579,20837,0.3576187867904513,0.356944634781417,183664,73220,187280349184,74580817920,1.273419353944075,0.09666204845520766,9.666204845520767,2.6408874674395615,2.622141615970926,8.871534429362622,40.79689862389503,0.0018500146399270496,2.6390374527996348,14.134563512773111,0.22813776946806497,0.771862230531935,223072,78843,144229,0,90c248e96715e7ef56fb2690e2265bb064e22a5bd862d5e763c4564e8585d64f,11791624,6763887,231204,0.5834216728755938,90224,0,0,78194,0.8666651888632736,14906.047445776794,0.16521155619100011,3527,0.03909159425430041,24,85378,0,0,74684,0.8747452505329242,13018.343554080848,0.152478900349983,3385,0.03964721591042189,23,4846,0,0,3510,0.7243087082129591,1887.703891695975,0.3895385661774608,142,0.029302517540239374,1,,,
toolagent_trace,0.0025,4.0,"l1=0.0025,l2x4",all,16,all16,label_binary_300,horizon,300.0,0,main,446163482,1784653926,83026370,9997,29393272,7358277,36751549,7358277,1878292,3671,172676,98404,130249,228653,271080,18.039670705795288,856.58203125,722.037109375,2efdf583cce8089a080544633afac4f6ed5f0e7240e6e4a8be8a5b059555f2b9,9997,91,53633098,110318,7358277,14418,40118427,82323,0,0,102055,201,0,0,2054979,4017,1952924,3816,536717,1061,1878292,3671,8469366,16566,7932649,15505,3639330,8644,0,0,33872184,71646,30232854,63002,0,0,0,0,0,0,0,0,4278102,1878292,2517064,44396529,12402637,98404,38589,40629,130249,53541,45264,18679,0.34751898287126964,0.34887282643208006,171670,69702,176186982400,71364218880,1.3180139578806747,0.08862578238696935,8.862578238696935,2.262283657589751,2.475091949702245,10.200814512304946,40.79689862389503,0.0,2.262283657589751,14.938190119596943,0.19525956247158374,0.8047404375284163,228653,98404,130249,0,5bcd13fd2521e4cc5c18ecfda79000e09fe210de8ec675669d9d3c3930b5b0e0,12057999,6904563,262828,0.5835111613460907,92130,0,0,78084,0.8475415174210355,18176.70643955143,0.19729411092533844,2243,0.02434603277976772,13,87566,0,0,75110,0.8577530091588059,15952.6477701205,0.18217855983053355,2189,0.024998287006372338,13,4564,0,0,2974,0.6516213847502191,2224.058669430778,0.4873047040821161,54,0.011831726555652936,0,,,
toolagent_trace,0.0025,4.0,"l1=0.0025,l2x4",all,16,all16,label_binary_300,horizon,300.0,1,main,446163482,1784653926,83026370,9997,29393272,7138323,36531595,7138323,2083137,4071,173189,97891,130819,228710,271080,18.008312702178955,855.27734375,564.8203125,3b2c626aaf9dd1a2ed6e01d3a25e1c0329d2bb5d7b61b7114f4ad88a3e6f304a,9997,91,53633098,110318,7138323,13989,40132052,82352,0,0,105805,209,0,0,2068162,4043,1962357,3834,545237,1077,2083137,4071,8471292,16569,7926055,15492,3628544,8620,0,0,33872184,71646,30243640,63026,0,0,0,0,0,0,0,0,4279586,2083137,2734179,44411638,12622591,97891,38524,40578,130819,53642,45638,18757,0.34886369716937143,0.34967003467432234,171459,69904,175842103296,71532810240,1.3106582377177627,0.08597657587583318,8.597657587583319,2.5090064758943456,2.490970037591671,10.203134257224542,40.79689862389503,0.0,2.5090064758943456,15.203110770710559,0.19623046886489565,0.8037695311351043,228710,97891,130819,0,291a5c9eb6fab8aded21c7daf170c7c0af5c4132b40b12626d28218cd48e110d,12062324,6924576,263462,0.5849873540123777,92166,0,0,78073,0.84709111819977,18231.56965879172,0.19781231320434564,2260,0.024520973026929672,19,87586,0,0,75087,0.8572945447902632,15954.660671564452,0.1821599419035514,2193,0.025038248121845956,18,4580,0,0,2986,0.6519650655021834,2276.908987227128,0.49714170026793186,67,0.01462882096069869,1,,,
toolagent_trace,0.0025,4.0,"l1=0.0025,l2x4",all,16,all16,label_binary_300,horizon,300.0,2,main,446163482,1784653926,83026370,9997,29393272,7186577,36579849,7186577,2042229,3991,172957,98123,130612,228735,271080,18.034528255462646,855.91796875,729.5400390625,6fee6d1712d9d3689f47077f8bc14f90d2387fe8626b875263c0dcfc95cf9160,9997,93,53633098,110318,7186577,14084,40126355,82339,0,0,113372,222,0,0,2077916,4059,1964544,3837,532288,1052,2042229,3991,8454192,16538,7921904,15486,3632277,8630,0,0,33872184,71646,30239907,63016,0,0,0,0,0,0,0,0,4277937,2042229,2687889,44404292,12574337,98123,38611,40557,130612,53544,45571,18766,0.348903622944293,0.35047811145973407,172661,71978,177057286144,73680691200,1.3219382598842373,0.0865577647198113,8.655776471981131,2.459735382866913,2.5027181123298536,10.18253839111598,40.79689862389503,0.0,2.459735382866913,15.144991886312747,0.1972934573021849,0.802706542697815,228735,98123,130612,0,7dd08c39bcf2df5e8737562a0b2197413615963f55f53255b642f99a9d2588c2,12062720,6922947,263414,0.5848311160335314,92155,0,0,78111,0.8476045792414953,18129.196674696766,0.19672504665722712,2219,0.024078997341435624,14,87601,0,0,75160,0.8579810732754193,15906.97104742831,0.18158435460129804,2160,0.024657252771087088,12,4554,0,0,2951,0.6480017566974089,2222.225627268286,0.48797225016870577,59,0.012955643390426,2,,,
toolagent_trace,0.0025,4.0,"l1=0.0025,l2x4",all,16,all16,label_binary_300,horizon,300.0,3,main,446163482,1784653926,83026370,9997,29393272,7244797,36638069,7244797,1995037,3897,172527,98553,130143,228696,271080,18.293933153152466,856.34765625,555.626953125,58b8d11e9a912e9a690e57d92c7005b94229cd09a3f57a7545f816de5016a4fd,9997,95,53633098,110318,7244797,14199,40116177,82320,0,0,109544,216,0,0,2098468,4102,1988924,3886,534088,1054,1995037,3897,8422612,16474,7888524,15420,3633455,8632,0,0,33872184,71646,30238729,63014,0,0,0,0,0,0,0,0,4277087,1995037,2638669,44393264,12516117,98553,38838,40591,130143,53291,45309,18590,0.3481478066434614,0.348839391266818,172139,70206,176680058880,71886876672,1.3226911935332673,0.08725898771679408,8.725898771679407,2.4028956101537378,2.5274716936317945,10.144502282828938,40.79689862389503,0.0,2.4028956101537378,15.07486958661447,0.19945366825458982,0.8005463317454101,228696,98553,130143,0,263c02ba2b83bb9e1c9fd4607ce24c68603c28cecb577be031de7f8643afd797,12058283,6906707,262428,0.5836586353131702,92129,0,0,78098,0.847702677767044,18175.111439921588,0.19727893974667682,2226,0.02416177316588696,20,87532,0,0,75103,0.8580062148699904,15932.518402247582,0.18201935751779444,2168,0.02476808481469634,20,4597,0,0,2995,0.6515118555579726,2242.5930376737624,0.487838381047153,58,0.01261692408092234,0,,,
toolagent_trace,0.0025,4.0,"l1=0.0025,l2x4",all,16,all16,label_binary_300,horizon,300.0,4,main,446163482,1784653926,83026370,9997,29393272,7257521,36650793,7257521,1962669,3837,173075,98005,130708,228713,271080,17.678352117538452,848.22265625,563.2783203125,0d10350c5aec137e3c85246acda9c18c5e6c5c6c92f256accfc0ca5debf8c346,9997,90,53633098,110318,7257521,14222,40132438,82352,0,0,107144,210,0,0,2079255,4064,1972111,3854,540832,1069,1962669,3837,8461469,16549,7920637,15480,3632494,8628,0,0,33872184,71646,30239690,63018,0,0,0,0,0,0,0,0,4280470,1962669,2610645,44412908,12503393,98005,38389,40570,130708,53772,45527,18887,0.34831073843988125,0.3512422822286692,172436,70376,176882518016,72007053312,1.3192459528108456,0.08741224023162761,8.741224023162761,2.363910405814442,2.504330852956717,10.191303076359956,40.79689862389503,0.0,2.363910405814442,15.059544335131116,0.19725922052413097,0.802740779475869,228713,98005,130708,0,7df79bd718f907d3e4d80d7a0d6f322e0c56f4ed648de1a4709c578f951d7cac,12062991,6918247,263454,0.5844300140819139,92161,0,0,78161,0.8480919260858715,18242.306645551493,0.19793954759118818,2195,0.023817015874393725,17,87579,0,0,75147,0.8580481622306717,16116.92938469862,0.1840273282944384,2131,0.024332317107982507,15,4582,0,0,3014,0.6577913574858141,2125.377260852792,0.4638536143284138,64,0.013967699694456569,2,,,
toolagent_trace,0.0025,4.0,"l1=0.0025,l2x4",all,16,all16,label_binary_600,horizon,600.0,0,main,446163482,1784653926,83026370,9997,29393272,6046701,35439973,6046701,1624248,3174,151967,119113,118538,237651,271080,19.591748476028442,855.125,565.1142578125,8d95d64698f6e982ad4caac59820b463b81f442e8fac12a33a2b91ff214289ef,9997,85,53633098,110318,6046701,11855,41678466,85377,0,0,27882,55,0,0,544768,1065,516886,1010,692817,1367,1624248,3174,11545197,22578,10852380,21211,3562984,8490,0,0,33872184,71646,30309200,63156,0,0,0,0,0,0,0,0,4283683,1624248,2344947,45962149,13714213,119113,45112,31634,118538,50076,43557,18295,0.3674517876124112,0.36534467609233967,192023,77308,199000426496,79825623040,1.6199277868700332,0.07282868081550475,7.282868081550476,1.9563037622866084,0.6561385256274603,13.905457988829331,40.79689862389503,0.0,1.9563037622866084,16.5179002767434,0.045059518369159876,0.9549404816308401,237651,119113,118538,0,d1baccbcde5efb98ac16518af0ad333fb4b39d1fb904b3bf75f3788eaf76699d,12470195,7058620,344144,0.5798379255496806,95188,0,0,77391,0.8130331554397613,29435.89001814581,0.30923950517025056,0,0.0,0,91069,0,0,75123,0.824901997386597,26320.368659731972,0.2890156766817685,0,0.0,0,4119,0,0,2268,0.5506190823015294,3115.5213584140015,0.7563780913848025,0,0.0,0,error_location_001,35439973,True
toolagent_trace,0.0025,4.0,"l1=0.0025,l2x4",all,16,all16,label_binary_600,horizon,600.0,1,main,446163482,1784653926,83026370,9997,29393272,5993359,35386631,5993359,1671719,3267,151680,119400,118280,237680,271080,18.079435348510742,853.28125,562.599609375,a10016f6165c4493e9606a7249787a4358abdbc06c2fba541b85b2c5e0f0da38,9997,86,53633098,110318,5993359,11751,41684028,85389,0,0,27522,55,0,0,528991,1035,501469,980,700951,1382,1671719,3267,11566845,22619,10865894,21237,3555519,8474,0,0,33872184,71646,30316665,63172,0,0,0,0,0,0,0,0,4283992,1671719,2400192,45968020,13767555,119400,45289,31601,118280,49903,43801,18354,0.370316198850186,0.36779351942768973,193096,77778,200152416256,80333088768,1.6325329726073723,0.07218621023657905,7.218621023657906,2.0134795728152395,0.6371361291599283,13.931531632660803,40.79689862389503,0.0,2.0134795728152395,16.582147334635973,0.043733314505917574,0.9562666854940824,237680,119400,118280,0,697b0344f6c3b1bb569654ba8192998005c56997f8130af9e233163d27a7d7ec,12471770,7056768,343895,0.5796062226933306,95192,0,0,77344,0.8125052525422305,29598.826852505004,0.3109381760285003,0,0.0,0,91103,0,0,75049,0.8237818732643272,26636.495595756733,0.2923778096852654,0,0.0,0,4089,0,0,2295,0.5612619222303742,2962.3312567484595,0.7244635012835557,0,0.0,0,error_location_001,35386631,True
toolagent_trace,0.0025,4.0,"l1=0.0025,l2x4",all,16,all16,label_binary_600,horizon,600.0,2,main,446163482,1784653926,83026370,9997,29393272,6036899,35430171,6036899,1639468,3204,152056,119024,118666,237690,271080,18.23364496231079,854.90234375,562.91796875,8226034b33332be6078ec6c3a384af56305ce4ea0574efe7bae0a9fab06301b4,9997,85,53633098,110318,6036899,11835,41671861,85367,0,0,29458,60,0,0,551685,1081,522227,1021,696391,1373,1639468,3204,11532862,22552,10836471,21179,3559021,8479,0,0,33872184,71646,30313163,63167,0,0,0,0,0,0,0,0,4284870,1639468,2365317,45956731,13724015,119024,45017,31599,118666,50168,43609,18247,0.36749363760470566,0.3637179078296922,191046,76322,198019899392,78828654592,1.6099472468946454,0.07271062193854796,7.271062193854796,1.9746352875598439,0.6644696136902047,13.890601263189033,40.79689862389503,0.0,1.9746352875598439,16.52970616443908,0.04565210429484862,0.9543478957051513,237690,119024,118666,0,f2114d4a540af0a3abd1e961ff07853b065d7fbc269dff258cf8674be9a6774b,12471095,7057473,342930,0.5796554352284222,95185,0,0,77398,0.8131323212691075,29439.166549733352,0.3092836744206897,0,0.0,0,91044,0,0,75077,0.8246232590835201,26370.72767241976,0.2896481665175054,0,0.0,0,4141,0,0,2321,0.5604926346293166,3068.4388773135515,0.740989827895086,0,0.0,0,error_location_001,35430171,True
toolagent_trace,0.0025,4.0,"l1=0.0025,l2x4",all,16,all16,label_binary_600,horizon,600.0,3,main,446163482,1784653926,83026370,9997,29393272,6081311,35474583,6081311,1578440,3085,152095,118985,118764,237749,271080,17.683984994888306,856.58203125,561.9931640625,c77731de3a5afdca6cc2475349bf606980c8a9d44269c4d08704b68311e09300,9997,87,53633098,110318,6081311,11923,41688943,85400,0,0,27902,56,0,0,541685,1061,513783,1005,697611,1375,1578440,3085,11559478,22603,10861867,21228,3558891,8479,0,0,33872184,71646,30313293,63167,0,0,0,0,0,0,0,0,4284404,1578440,2303953,45973347,13679603,118985,45064,31535,118764,50145,43749,18359,0.36836920278872387,0.3661182570545418,192076,77625,199069509632,80172875776,1.617291435115018,0.07324553632779561,7.324553632779561,1.9011309298479506,0.6524252475448463,13.922658548121518,40.79689862389503,0.0,1.9011309298479506,16.476214725514314,0.04476305293962241,0.9552369470603775,237749,118985,118764,0,cb8f023db40900b79e152b12c5ce07dbe1e308d4d01ed2efeb5f16c687929dd0,12474085,7065445,343504,0.5801785862450032,95209,0,0,77370,0.8126332594607653,29589.22609629299,0.31078181785643155,0,0.0,0,91111,0,0,75098,0.8242473466431056,26532.913811269736,0.29121526282523225,0,0.0,0,4098,0,0,2272,0.5544167886774036,3056.3122850232585,0.7458058284585795,0,0.0,0,error_location_001,35474583,True
toolagent_trace,0.0025,4.0,"l1=0.0025,l2x4",all,16,all16,label_binary_600,horizon,600.0,4,main,446163482,1784653926,83026370,9997,29393272,5952586,35345858,5952586,1703358,3329,151690,119390,118296,237686,271080,17.353317975997925,855.91796875,575.052734375,18f67cd433150ba2381f083b6c326e0a4b1510e41fb68b39908e675bc8a26c0b,9997,88,53633098,110318,5952586,11672,41693568,85408,0,0,26858,53,0,0,535292,1048,508434,995,701615,1384,1703358,3329,11569678,22623,10868063,21239,3555113,8472,0,0,33872184,71646,30317071,63174,0,0,0,0,0,0,0,0,4283586,1703358,2431831,45977154,13808328,119390,45257,31600,118296,49960,43529,18234,0.367966795157909,0.3649719775820657,190558,76537,197464576000,79050889216,1.610857509974978,0.07169512529573435,7.169512529573436,2.051586742862539,0.6447252842681187,13.934943801589784,40.79689862389503,0.0,2.051586742862539,16.63125582872044,0.04422084482654645,0.9557791551734536,237686,119390,118296,0,b0abb896fa4aaac7ed10ca58a0d5e4f76c2533a7f5e760d46a3bf6cccc0f1bea,12474610,7055726,343252,0.5793649661191813,95217,0,0,77351,0.8123654389447262,29648.714923268868,0.31138047747008274,0,0.0,0,91092,0,0,75034,0.8237166820357441,26689.403979835617,0.2929939399709702,0,0.0,0,4125,0,0,2317,0.5616969696969697,2959.3109434333046,0.717408713559589,0,0.0,0,error_location_001,35345858,True
toolagent_trace,0.01,1.0,"l1=0.01,l2x1",all,16,all16,label_binary_60,horizon,60.0,0,main,1784653926,1784653926,83026370,9997,30578881,7186016,37764897,7186016,494080,965,265702,3,229087,229090,265705,18.96085500717163,797.87109375,607.7080078125,dd38d8f8f7a5c056b4b9444145f340c811d1a01247f601bd469170baac4a1d99,9997,99,52447489,107989,7186016,14070,40495671,83056,0,0,0,0,0,0,512,1,512,1,609990,1206,494080,965,10894697,21307,10284707,20101,3661732,8692,0,0,33872184,71646,30210452,62954,0,0,0,0,0,0,0,0,4271722,494080,1104070,44767393,11389289,3,1,34756,229087,92896,103197,41571,0.45047078184270606,0.4475004305890458,518417,202436,530767966208,206894557184,2.262969963376359,0.08655100783040376,8.655100783040377,0.5950880425098677,0.0006166715466423499,13.12197197107377,40.79689862389503,0.0,0.5950880425098677,13.717676685130279,4.699313248603124e-05,0.999953006867514,229090,3,229087,0,d36e5394d44bded110cb13624065fa3ebae33bcbe8d237e5138597d7ca46d667,11621824,9792899,352261,0.8577852753578096,92897,0,0,75594,0.813739948545163,21479.39912387542,0.23121736034398765,17303,0.18626005145483707,1,87497,0,0,71188,0.8136050378870132,20245.275441021797,0.23138250958343481,16309,0.18639496211298673,1,5400,0,0,4406,0.8159259259259259,1234.1236828536273,0.2285414227506717,994,0.18407407407407408,0,,,
toolagent_trace,0.01,1.0,"l1=0.01,l2x1",all,16,all16,label_binary_60,horizon,60.0,1,main,1784653926,1784653926,83026370,9997,30578881,7171792,37750673,7171792,504320,985,265703,2,229133,229135,265705,18.801989316940308,798.1484375,607.7216796875,62f0513596ef70014f050e13ec1eae964ffb584ed709b1326345ac006d0d5f48,9997,98,52447489,107989,7171792,14042,40499714,83063,0,0,0,0,0,0,0,0,0,0,611926,1210,504320,985,10899193,21316,10287267,20106,3659737,8689,0,0,33872184,71646,30212447,62957,0,0,0,0,0,0,0,0,4271663,504320,1116246,44771377,11403513,2,1,34709,229133,92906,103731,41798,0.4527108709788638,0.44989559339547497,522157,205880,534774964224,210657503232,2.2788380547542255,0.08637968876635219,8.637968876635219,0.6074214734427147,0.0,13.127387118092722,40.79689862389503,0.0,0.6074214734427147,13.734808591535437,0.0,1.0,229135,2,229133,0,3084b8ca8210133234b51649338097184ef99d60f02f7baf2541708dfd8a6406,11620863,9790668,353621,0.8577227439993054,92907,0,0,75602,0.8137384696524481,21473.768258558874,0.23113186582882747,17307,0.1862830572507992,3,87506,0,0,71181,0.8134413640207528,20270.1024711408,0.2316424299035586,16327,0.1865814915548648,3,5401,0,0,4421,0.8185521199777819,1203.665787418131,0.2228598014105038,980,0.1814478800222181,0,,,
toolagent_trace,0.01,1.0,"l1=0.01,l2x1",all,16,all16,label_binary_60,horizon,60.0,2,main,1784653926,1784653926,83026370,9997,30578881,7196303,37775184,7196303,492032,961,265702,3,229084,229087,265705,19.516178846359253,799.5390625,606.6005859375,64553f1e1252a79eb784316a285688ab4b9cf97376c2d440335158f4e771cc40,9997,100,52447489,107989,7196303,14091,40487547,83040,0,0,0,0,0,0,0,0,0,0,608919,1203,492032,961,10886970,21291,10278051,20088,3662688,8694,0,0,33872184,71646,30209496,62952,0,0,0,0,0,0,0,0,4271607,492032,1100951,44759154,11379002,3,2,34754,229084,92870,103303,41651,0.45093939341027744,0.4484871325508776,517890,202126,530458787840,206677012480,2.2606991321960503,0.08667490822494106,8.667490822494106,0.5926213563232983,0.0,13.11266528935325,40.79689862389503,0.0,0.5926213563232983,13.705286645676548,0.0,1.0,229087,3,229084,0,448366aa9af82808210bb60d57f7c0c8500368efc54ec593d2e670c051424078,11617879,9787584,353936,0.8576911499939016,92872,0,0,75586,0.8138728572659144,21416.938653798345,0.2306070576039963,17288,0.18614867775002153,2,87478,0,0,71182,0.8137131621664876,20197.543888223616,0.2308871246281764,16298,0.18630970072475364,2,5394,0,0,4404,0.8164627363737486,1219.3947655747459,0.226065028842185,990,0.1835372636262514,0,,,
toolagent_trace,0.01,1.0,"l1=0.01,l2x1",all,16,all16,label_binary_60,horizon,60.0,3,main,1784653926,1784653926,83026370,9997,30578881,7170703,37749584,7170703,516096,1008,265705,0,229092,229092,265705,22.19172763824463,793.25390625,601.134765625,1b338150369e04fb3da08d050f50371e5c0d9780b99619f7ebb5d1179153bcf7,9997,100,52447489,107989,7170703,14041,40489335,83043,0,0,0,0,0,0,0,0,0,0,610967,1207,516096,1008,10888506,21294,10277539,20087,3660388,8690,0,0,33872184,71646,30211796,62956,0,0,0,0,0,0,0,0,4271355,516096,1127063,44760690,11404602,0,0,34756,229092,92883,103510,41756,0.4518272135212055,0.4495548162742375,513628,201353,525750665216,205701171200,2.2420163078588513,0.08636657245161988,8.636657245161988,0.6216049190154886,0.0,13.114515303993176,40.79689862389503,0.0,0.6216049190154886,13.736120223008665,0.0,1.0,229092,0,229092,0,3d85a2b325dd404fdfb6aed1491167f0657893db400b6982ad5898a8d6d7abac,11621144,9786252,352994,0.857295030506463,92883,0,0,75601,0.8139379649666785,21430.98896544497,0.23073101606800997,17283,0.18607280126610898,2,87472,0,0,71227,0.8142834278397658,20159.50198783757,0.23046805821105693,16246,0.18572800438997622,2,5411,0,0,4374,0.8083533542783219,1271.4869776073992,0.23498188460680083,1037,0.19164664572167806,0,,,
toolagent_trace,0.01,1.0,"l1=0.01,l2x1",all,16,all16,label_binary_60,horizon,60.0,4,main,1784653926,1784653926,83026370,9997,30578881,7188064,37766945,7188064,482816,943,265702,3,229106,229109,265705,18.86209487915039,796.29296875,604.8955078125,f8562e0b83d30d849241b9015429f47491fc5e321621b76f9f0d051279ac435d,9997,99,52447489,107989,7188064,14074,40504648,83074,0,0,0,0,0,0,0,0,0,0,609990,1206,482816,943,10904425,21326,10294435,20120,3661971,8692,0,0,33872184,71646,30210213,62954,0,0,0,0,0,0,0,0,4271961,482816,1092806,44776609,11387241,3,1,34739,229106,92912,103629,41734,0.4523190139062268,0.4491777165489926,514797,201102,526979330048,205518446592,2.2469817464405124,0.08657567469226946,8.657567469226946,0.581521268483736,0.0,13.133688730459973,40.79689862389503,0.0,0.581521268483736,13.71520999894371,0.0,1.0,229109,3,229106,0,b37a5953e1292b321919d80f6bc8d069d620565daef04aaedeff02ca3cd1e0be,11625866,9789030,356123,0.85732034929699,92913,0,0,75601,0.8136751584815903,21497.274267087396,0.23136992958022445,17313,0.1863356042749669,1,87527,0,0,71212,0.8136003747415084,20259.053528129632,0.23146061818786925,16316,0.18641105030447747,1,5386,0,0,4389,0.8148904567396955,1238.2207389577873,0.22989616393571988,997,0.1851095432603045,0,,,
toolagent_trace,0.01,1.0,"l1=0.01,l2x1",all,16,all16,label_binary_90,horizon,90.0,0,main,1784653926,1784653926,83026370,9997,30578881,9147323,39726204,9147323,332800,650,265573,132,220775,220907,265705,39.98757529258728,782.9453125,590.6279296875,9c63fa703be9145837224a65d67b667e3672208b200a725c0e9a4a192367e7f2,9997,102,52447489,107989,9147323,17903,38703537,79541,0,0,0,0,0,0,7680,15,7680,15,505968,1001,332800,650,9087502,17775,8581534,16774,3757861,8894,0,0,33872184,71646,30114323,62752,0,0,0,0,0,0,0,0,4263829,332800,838768,42967366,9427982,132,120,42940,220775,89238,99183,39842,0.4492492356471521,0.44646899302987514,491081,190362,502632882176,194516574208,2.224350583172914,0.1101737074618582,11.01737074618582,0.40083650531752746,0.009250073199635249,10.945320143467672,40.79689862389503,0.0,0.40083650531752746,11.355406721984835,0.000844403113648523,0.9991555968863515,220907,132,220775,0,8f8423cbb3ad5ca6ef20d50c5db712f1fb27a7a804e7d59ecd559b4afe8c6635,11252934,9430142,258621,0.8495075595395832,89358,0,0,75333,0.8430470690928624,14575.970779728133,0.163118811742968,14016,0.15685221244880146,1,83969,0,0,70750,0.8425728542676464,13727.888274972003,0.16348757606940661,13210,0.15731996331979659,1,5389,0,0,4583,0.850436073483021,848.0825047560072,0.15737289010131883,806,0.14956392651697903,0,,,
toolagent_trace,0.01,1.0,"l1=0.01,l2x1",all,16,all16,label_binary_90,horizon,90.0,1,main,1784653926,1784653926,83026370,9997,30578881,9122755,39701636,9122755,369105,721,265564,141,220747,220888,265705,18.297856330871582,793.36328125,601.21875,5f934ec799e02e40df76c9e42744afdc7eeccc393086ae9700a9488f67a7a04e,9997,100,52447489,107989,9122755,17854,38691411,79517,0,0,512,1,4608,9,12288,24,11776,23,506007,1002,364497,712,9071157,17744,8565150,16742,3757699,8894,0,0,33872184,71646,30114485,62752,0,0,0,0,0,0,0,0,4264218,369105,875624,42955629,9452550,141,124,42957,220747,89207,99057,39752,0.44873543015307116,0.44561525440828637,492065,191051,503734206464,195198760960,2.2290903160631856,0.10987780147439903,10.987780147439905,0.4445635766082511,0.014800117119416397,10.925633627003084,40.79689862389503,0.005550043919781149,0.43901353268846993,11.38499732073075,0.0013527907088114696,0.9986472092911886,220888,141,220747,0,012aae5c1571d8316cc010f94215b2e26fa0cfae212881d1a717711ff2900e31,11250134,9429343,258739,0.8496532130195071,89331,0,0,75336,0.8433354602545589,14532.267525225694,0.16267888555177593,13985,0.1565525965230435,1,83933,0,0,70762,0.8430772163511372,13669.82827716266,0.1628659559072434,13161,0.15680364099936855,1,5398,0,0,4574,0.8473508706928492,862.4392480629524,0.15977014599165476,824,0.1526491293071508,0,,,
toolagent_trace,0.01,1.0,"l1=0.01,l2x1",all,16,all16,label_binary_90,horizon,90.0,2,main,1784653926,1784653926,83026370,9997,30578881,9115028,39693909,9115028,364032,711,265554,151,220758,220909,265705,29.838918447494507,794.91796875,603.955078125,0fc4b9f61bbff2bac896f34a0aa8146c396c28ddccc9c4475295ea7932fb2c50,9997,101,52447489,107989,9115028,17839,38704700,79543,0,0,512,1,0,0,13312,26,12800,25,507031,1004,364032,711,9082933,17767,8575902,16763,3756186,8891,0,0,33872184,71646,30115998,62755,0,0,0,0,0,0,0,0,4263729,364032,871575,42968429,9460277,151,131,42935,220758,89225,99297,39823,0.44980023374011363,0.4463210983468759,495163,191537,506844925952,195669583872,2.243012710751139,0.10978473465719385,10.978473465719386,0.43845346966271076,0.016033460212701096,10.939817072575858,40.79689862389503,0.0,0.43845346966271076,11.39430400245127,0.0014634610215533991,0.9985365389784466,220909,151,220758,0,0582d96274959795453d5046bb54a7490e946e51a11282087a4f6f7bb321be49,11254126,9435699,258612,0.8499109571014222,89356,0,0,75333,0.8430659384932181,14580.38194846754,0.16317182895907986,14014,0.15683334079412686,2,83998,0,0,70824,0.8431629324507727,13685.82484111189,0.1629303654981296,13168,0.156765637277078,2,5358,0,0,4509,0.841545352743561,894.5571073555604,0.16695728020820463,846,0.15789473684210525,0,,,
toolagent_trace,0.01,1.0,"l1=0.01,l2x1",all,16,all16,label_binary_90,horizon,90.0,3,main,1784653926,1784653926,83026370,9997,30578881,9069499,39648380,9069499,416256,813,265551,154,220778,220932,265705,17.95740556716919,846.62109375,725.404296875,7fb7f13f85fdf45dcfc595551e78c17e9b82abb05b7896e92492c762db34b312,9997,102,52447489,107989,9069499,17751,38697356,79530,0,0,1536,3,11264,22,10752,21,9216,18,509040,1007,404992,791,9078798,17758,8569758,16751,3753802,8885,0,0,33872184,71646,30118382,62761,0,0,0,0,0,0,0,0,4264378,416256,926832,42961734,9505806,154,131,42917,220778,89214,99144,39799,0.4490664830734946,0.446107113233349,490403,188369,502016614400,192432447488,2.2212493998496226,0.10923636671096183,10.923636671096183,0.5013539674202304,0.012950102479489347,10.934836727174751,40.79689862389503,0.013566774026131698,0.48778719339409876,11.449140797074472,0.0011828968430780402,0.998817103156922,220932,154,220778,0,83bf6d32de3bd4908fee7eb322d2269fd05be0052133c352554acc2d8cb913ab,11252454,9436136,258397,0.850066527710311,89345,0,0,75334,0.8431809278638984,14555.11994100112,0.16290917164923743,13994,0.15662879847781072,2,83961,0,0,70798,0.8432248305761008,13671.061737856877,0.16282633291476847,13151,0.15663224592370267,2,5384,0,0,4536,0.8424962852897474,884.0582031441271,0.16420100355574427,843,0.15657503714710252,0,,,
toolagent_trace,0.01,1.0,"l1=0.01,l2x1",all,16,all16,label_binary_90,horizon,90.0,4,main,1784653926,1784653926,83026370,9997,30578881,9146299,39725180,9146299,339968,664,265554,151,220761,220912,265705,17.93652582168579,855.9609375,734.673828125,fa01ad09ca037dc4d1d07a7ba60fd923e9ebe07a6c63abdceb82d6c0bd2376e2,9997,102,52447489,107989,9146299,17901,38697416,79529,0,0,512,1,15360,30,15872,31,15360,30,506480,1002,324608,634,9073166,17747,8566686,16745,3756814,8892,0,0,33872184,71646,30115370,62754,0,0,0,0,0,0,0,0,4263806,339968,846960,42961222,9429006,151,129,42931,220761,89213,99200,39784,0.4493547320405325,0.4459439767746853,490575,190108,502210240512,194306762752,2.222199573294196,0.11016137403092535,11.016137403092536,0.4094699069705203,0.019116817945912846,10.928053340161686,40.79689862389503,0.018500146399270497,0.3909697605712498,11.35664006507812,0.001746279419230066,0.9982537205807699,220912,151,220761,0,81cdfef89d9e301a2ab56047f0acdf1c9280bdefe5fe31ff4f5d5c98314361fd,11255160,9434783,258974,0.8497675732730587,89342,0,0,75336,0.8432316267824763,14558.27922112441,0.16295000359432754,14001,0.15671240849768306,4,83977,0,0,70789,0.8429570001309883,13691.934358560959,0.16304386151637898,13184,0.1569953677792729,4,5365,0,0,4547,0.8475302889095992,866.3448625633672,0.1614808690705251,817,0.15228331780055918,0,,,
toolagent_trace,0.01,1.0,"l1=0.01,l2x1",all,16,all16,label_binary_120,horizon,120.0,0,main,1784653926,1784653926,83026370,9997,30578881,10387121,40966002,10387121,423880,830,264533,1172,213545,214717,265705,17.78733777999878,843.3515625,722.681640625,f7b8ee0418cf47633f9640e4ebfd04cbe69c5f72ee5cd5be8a234397fa3df596,9997,106,52447489,107989,10387121,20327,37377235,76941,0,0,2048,4,0,0,78848,154,76800,150,438911,868,423880,830,7685456,15032,7246545,14164,3818294,9019,0,0,33872184,71646,30053890,62627,0,0,0,0,0,0,0,0,4259253,423880,864839,41636488,8188184,1172,748,49133,213545,85991,95133,37992,0.44549392399728394,0.441813678175623,457387,175834,467649085440,179376908288,2.1418764194900373,0.12510628852014125,12.510628852014126,0.5105365921694517,0.09496741818292188,9.256644605804157,40.79689862389503,0.0,0.5105365921694517,9.86214861615653,0.010155192274800162,0.9898448077251998,214717,1172,213545,0,9e92e1adc948ff4f3452bed15e9d3840625367faa5df7e8e76dd765f011b6609,11009990,8841175,213331,0.8127019643069612,86739,0,0,75274,0.8678218563737189,10072.564711776005,0.11612498082495769,11376,0.13115207692041642,5,81399,0,0,70642,0.8678484993673141,9409.072350420443,0.11559198946449518,10686,0.13127925404489,4,5340,0,0,4632,0.8674157303370786,663.4923613555654,0.12424950587182873,690,0.12921348314606743,1,,,
toolagent_trace,0.01,1.0,"l1=0.01,l2x1",all,16,all16,label_binary_120,horizon,120.0,1,main,1784653926,1784653926,83026370,9997,30578881,10402813,40981694,10402813,398972,781,264519,1186,213534,214720,265705,17.592174291610718,851.09375,730.02734375,ff1f307f363a19f3683a79b0ecd085bc59d17fe5369f059cf093d10fe50b6d20,9997,106,52447489,107989,10402813,20358,37386998,76959,0,0,1536,3,0,0,83456,163,81920,160,440959,872,398972,781,7690064,15041,7249105,14169,3816211,9016,0,0,33872184,71646,30055973,62630,0,0,0,0,0,0,0,0,4258706,398972,841467,41645704,8172492,1186,754,49126,213534,85996,94970,37915,0.4447535287120552,0.44089259965579797,454728,176708,465049882624,180409972736,2.129534406698699,0.12529528871369422,12.529528871369422,0.480536484974593,0.10051746210270303,9.262194649723938,40.79689862389503,0.0,0.480536484974593,9.843248596801233,0.010735934300033962,0.989264065699966,214720,1186,213534,0,12cae6934eab814bd966855223b3a4515f7e2ebbc2fb53eb50acbbff3546c8aa,11007636,8849579,213110,0.8136291934071948,86750,0,0,75252,0.8674582132564842,10118.218553213734,0.11663652510909203,11410,0.13152737752161384,9,81393,0,0,70584,0.8671998820537392,9488.064592368715,0.11657101461266589,10731,0.13184180457778924,7,5357,0,0,4668,0.8713832368863169,630.1539608450049,0.11763187620776645,679,0.12675004666791115,2,,,
toolagent_trace,0.01,1.0,"l1=0.01,l2x1",all,16,all16,label_binary_120,horizon,120.0,2,main,1784653926,1784653926,83026370,9997,30578881,10372307,40951188,10372307,437158,855,264543,1162,213545,214707,265705,17.627491235733032,852.375,731.83984375,d11d2a86653ef19428ce568f2fcbcc9e15e7eb039e5bd6291bdc927e8980bd19,9997,107,52447489,107989,10372307,20299,37379523,76945,0,0,4096,8,512,1,79360,155,75264,147,433279,857,436646,854,7686480,15034,7253201,14177,3821126,9025,0,0,33872184,71646,30051058,62621,0,0,0,0,0,0,0,0,4258501,437158,874533,41638024,8202998,1162,759,49135,213545,85979,95021,37837,0.44496944437940483,0.4400725758615476,458484,175397,468933615616,179090808832,2.1470135100330143,0.12492786328006392,12.49278632800639,0.5265291015372586,0.09558408972956424,9.257877948897441,40.79689862389503,0.0006166715466423499,0.5259124299906163,9.879991140164263,0.010219113450702049,0.989780886549298,214707,1162,213545,0,5c66893504035aec9572df7141a2160cfb40a4834b125a3fcadb258cbe0fe8fb,11009653,8849905,213392,0.8135225515281908,86738,0,0,75273,0.8678203324955613,10060.427004643941,0.11598638433724483,11377,0.13116511794138672,8,81373,0,0,70612,0.8677571184545242,9427.299456624402,0.1158529175110221,10688,0.13134577808363954,8,5365,0,0,4661,0.8687791239515378,633.1275480195449,0.11801072656468684,689,0.12842497670083877,0,,,
toolagent_trace,0.01,1.0,"l1=0.01,l2x1",all,16,all16,label_binary_120,horizon,120.0,3,main,1784653926,1784653926,83026370,9997,30578881,10474583,41053464,10474583,340082,665,264523,1182,213495,214677,265705,17.628806829452515,852.30859375,731.416015625,ac2a4e11065b9b643d6b3d670d867c8b7dcb16b4934a6cf7cb26dc1e309caa15,9997,107,52447489,107989,10474583,20498,37375411,76936,0,0,4096,8,512,1,84992,166,80896,158,433711,859,339570,664,7675648,15014,7241937,14155,3819606,9023,0,0,33872184,71646,30052578,62623,0,0,0,0,0,0,0,0,4257413,340082,777889,41632824,8100722,1182,747,49167,213495,85980,95152,38006,0.4456872526288672,0.4420330309374273,456735,176003,467146704896,179660208128,2.139324105950959,0.12615971287194658,12.61597128719466,0.4096072127445774,0.10236747674263008,9.244831491488789,40.79689862389503,0.0006166715466423499,0.40899054119793504,9.756806180975996,0.01095167408873495,0.989048325911265,214677,1182,213495,0,b114b7aa142046751133a1bcca85526072e0b455fb8cec2175e1d1be2ab9f34c,11008502,8848137,212231,0.8133942747160331,86727,0,0,75270,0.8678958109931163,10056.487255110354,0.11595566842056516,11370,0.13110104119824276,6,81381,0,0,70668,0.8683599365945368,9400.67946248552,0.11551442551069069,10644,0.13079219965348177,5,5346,0,0,4602,0.8608305274971941,655.8077926248282,0.12267261365971346,726,0.13580246913580246,1,,,
toolagent_trace,0.01,1.0,"l1=0.01,l2x1",all,16,all16,label_binary_120,horizon,120.0,4,main,1784653926,1784653926,83026370,9997,30578881,10456573,41035454,10456573,350844,687,264568,1137,213586,214723,265705,17.579453468322754,842.85546875,722.0654296875,1ed136b28e4601278602a37969fc4e820a99c56b86322a9793de5007d068886b,9997,106,52447489,107989,10456573,20463,37381899,76948,0,0,1536,3,0,0,87040,170,85504,167,436863,864,350844,687,7680848,15023,7243985,14159,3819774,9024,0,0,33872184,71646,30052410,62622,0,0,0,0,0,0,0,0,4258173,350844,789243,41640072,8118732,1137,774,49125,213586,85973,95104,37843,0.44527263022857305,0.4401730775941284,460456,176753,470924390400,180504801280,2.155834183888457,0.12594279383766868,12.594279383766867,0.42256935959021213,0.10483416292919948,9.251094561884376,40.79689862389503,0.0,0.42256935959021213,9.778498084403786,0.011205104913974043,0.9887948950860259,214723,1137,213586,0,2097621747af08add4b031b1b4d5641b2413fbb2aa8f4cb2700f5091f16f16c7,11011658,8850544,213087,0.8134186059901243,86747,0,0,75281,0.8678225183579835,10060.105688052381,0.1159706466857918,11387,0.1312667873240573,3,81393,0,0,70619,0.8676298944626688,9441.116570792981,0.11599420798831572,10704,0.13151008071947218,3,5354,0,0,4662,0.8707508404930893,618.9891172594157,0.11561246119899435,683,0.12756817332835263,0,,,
toolagent_trace,0.01,1.0,"l1=0.01,l2x1",all,16,all16,label_binary_150,horizon,150.0,0,main,1784653926,1784653926,83026370,9997,30578881,10653232,41232113,10653232,936562,1830,260227,5478,205176,210654,265705,17.339425325393677,849.99609375,729.1416015625,3a8d77be56bbc0f7dc10e09a6db7f405dcb34ce7b501b4c5311d60fcad2f74cf,9997,114,52447489,107989,10653232,20850,36603125,75426,0,0,10240,20,13312,26,302592,591,292352,571,403766,799,923250,1804,6682919,13072,6279153,12273,3840564,9064,0,0,33872184,71646,30031620,62582,0,0,0,0,0,0,0,0,4254570,936562,1350568,40857695,7922073,5478,2817,53190,205176,82382,89879,35706,0.4380580574726089,0.4334199218275837,405939,155021,414622212096,158033350656,1.9784916364487075,0.1283114268394487,12.831142683944872,1.128029564582915,0.3644528840656288,8.049152335577238,40.79689862389503,0.016033460212701096,1.111996104370214,9.541634784225783,0.04331708875700002,0.956682911243,210654,5478,205176,0,85a402a45bfea34f38f62395a80a2da0d9c073a4a7ae9cebd39d7f24d53dec90,10897505,8242040,189632,0.765024287669517,85199,0,0,75413,0.8851394969424524,7776.7120987126045,0.09127703492661421,9338,0.10960222537823214,7,79881,0,0,70712,0.8852167599303965,7223.364076970821,0.09042656047083562,8806,0.11023898048346915,7,5318,0,0,4701,0.8839789394509214,553.3480217417386,0.10405190329855936,532,0.10003760812335465,0,,,
toolagent_trace,0.01,1.0,"l1=0.01,l2x1",all,16,all16,label_binary_150,horizon,150.0,1,main,1784653926,1784653926,83026370,9997,30578881,10898092,41476973,10898092,692726,1354,260217,5488,205161,210649,265705,26.39595603942871,847.05859375,553.958984375,8a3f8dab89493d40c50417882166289de843e12c62a623d9a98d2a82eaf84dcf,9997,112,52447489,107989,10898092,21328,36600407,75422,0,0,8704,17,0,0,280064,547,271360,530,409770,810,692726,1354,6704423,13114,6294653,12304,3837790,9058,0,0,33872184,71646,30034394,62588,0,0,0,0,0,0,0,0,4256264,692726,1111200,40856671,7677213,5488,2759,53196,205161,82439,89817,35723,0.43778788366209953,0.4333264595640413,406400,154935,415096860672,157974931456,1.9808833062814082,0.13126061033380118,13.126061033380118,0.8343445582409541,0.3373193360133654,8.075052540536218,40.79689862389503,0.0,0.8343445582409541,9.246716434790537,0.04009800576620731,0.9599019942337927,210649,5488,205161,0,079d33db782d93f0fdb806d246c6170077f73c12c21bb0ab74fad70b369c6ccb,10896666,8258081,187808,0.7664715978263443,85198,0,0,75404,0.8850442498650203,7755.198714909442,0.09102559584625745,9369,0.1099673701260593,10,79877,0,0,70693,0.8850232232056787,7233.636229082931,0.0905596883844277,8831,0.11055748212877299,10,5321,0,0,4711,0.8853598947566247,521.5624858264563,0.09801963650187114,538,0.10110881413268183,0,,,
toolagent_trace,0.01,1.0,"l1=0.01,l2x1",all,16,all16,label_binary_150,horizon,150.0,2,main,1784653926,1784653926,83026370,9997,30578881,10665132,41244013,10665132,906742,1772,260247,5458,205218,210676,265705,17.476516723632812,856.3984375,557.5595703125,f14b5f504666879b0f8f6550d185752c8760028e470c7372a0f2b6324ce1693e,9997,112,52447489,107989,10665132,20873,36619117,75459,0,0,10240,20,11264,22,282624,552,272384,532,406186,803,895478,1750,6720807,13146,6314621,12343,3840072,9062,0,0,33872184,71646,30032112,62584,0,0,0,0,0,0,0,0,4256498,906742,1323168,40875615,7910173,5458,2750,53168,205218,82482,89761,35778,0.4373934060365075,0.4337673674256201,406566,156237,415444785152,159317483520,1.981142005087273,0.12845475479657847,12.845475479657848,1.0921132647374563,0.34040269374657717,8.094786030028773,40.79689862389503,0.013566774026131698,1.0785464907113247,9.527301988512805,0.040355077389925026,0.959644922610075,210676,5458,205218,0,c6151f89c9b1a611d33549eb8c00c595df48a1574ec190b2d1f358407089bf78,10900240,8249356,189918,0.7655166308264773,85232,0,0,75395,0.8845856016519617,7862.364151610174,0.09224662276621662,9355,0.10975924535385771,3,79917,0,0,70733,0.885080771300224,7305.1536866498745,0.09140925818849399,8787,0.10995157475881227,3,5315,0,0,4662,0.8771401693320791,557.2104649602511,0.10483734053814696,568,0.10686735653809971,0,,,
toolagent_trace,0.01,1.0,"l1=0.01,l2x1",all,16,all16,label_binary_150,horizon,150.0,3,main,1784653926,1784653926,83026370,9997,30578881,10704580,41283461,10704580,906866,1772,260284,5421,205214,210635,265705,17.63313364982605,845.7578125,591.294921875,5cf75dd65a1a053da6a8fbb23b05605be51ba2cc2443ccacdbdb837d84c1dd4d,9997,115,52447489,107989,10704580,20951,36581241,75384,0,0,9596,19,8704,17,267644,523,258048,504,400174,791,898162,1755,6696215,13097,6296041,12306,3845032,9072,0,0,33872184,71646,30027152,62574,0,0,0,0,0,0,0,0,4254802,906866,1316636,40836043,7870725,5421,2817,53209,205214,82340,89811,35688,0.4376455797362753,0.4334223949477775,409564,157646,418273988608,160735930368,1.99578976093249,0.12892988095228058,12.892988095228059,1.0922626148776589,0.32236023326083024,8.065166524804107,40.79689862389503,0.010483416292919948,1.0817791985847387,9.479789372942596,0.03843328820988478,0.9615667117901152,210635,5421,205214,0,4faaa4b824b28a99410bc169755a8d79d3eacd1e3072e5e7dfbddfc21731dfcc,10891400,8236357,189037,0.7649040068310777,85157,0,0,75422,0.8856817407846683,7665.922578039826,0.09002105027231849,9306,0.1092805054194018,7,79837,0,0,70697,0.8855167403584804,7156.860791111377,0.08964340833337145,8769,0.10983629144381678,6,5320,0,0,4725,0.8881578947368421,509.0617869283789,0.09568830581360506,537,0.10093984962406015,1,,,
toolagent_trace,0.01,1.0,"l1=0.01,l2x1",all,16,all16,label_binary_150,horizon,150.0,4,main,1784653926,1784653926,83026370,9997,30578881,10697639,41276520,10697639,880883,1722,260244,5461,205206,210667,265705,17.45956778526306,853.28125,554.2724609375,cdb08a386b2f3c4f2aa3d530bf48cf0ff9151da4feecd2053edbf0515cc63320,9997,112,52447489,107989,10697639,20936,36611683,75446,0,0,8192,16,11264,22,270848,529,262656,513,410282,811,869619,1700,6725935,13156,6315653,12345,3838810,9058,0,0,33872184,71646,30033374,62588,0,0,0,0,0,0,0,0,4257284,880883,1299357,40868967,7877666,5461,2727,53175,205206,82495,89982,35807,0.4384959504108067,0.434050548518092,402778,156011,411129595904,158995089408,1.9627983587224545,0.12884628100686565,12.884628100686564,1.060967738322174,0.3262192481738031,8.100962380988113,40.79689862389503,0.013566774026131698,1.0474009642960422,9.48814936748409,0.03871036160475464,0.9612896383952454,210667,5461,205206,0,97c060db9d5d34adc1dae69b9ad4079af1df50a13f71dab557c5396891c883c0,10897993,8253631,188127,0.7659845716546156,85222,0,0,75365,0.884337377672432,7819.095125793832,0.09174972572567919,9411,0.1104292318884795,11,79918,0,0,70718,0.8848820040541555,7228.262484846141,0.09044598819848021,8844,0.11066343001576616,11,5304,0,0,4647,0.876131221719457,590.8326409476426,0.11139378600068676,567,0.10690045248868778,0,,,
toolagent_trace,0.01,1.0,"l1=0.01,l2x1",all,16,all16,label_binary_180,horizon,180.0,0,main,1784653926,1784653926,83026370,9997,30578881,10459410,41038291,10459410,1467083,2866,251190,14515,193999,208514,265705,17.365572690963745,855.4375,562.76171875,ed4af94965941e8cbf0abe31eae6ea8440d744b13c1bfd0e2259c00056ca0b1e,9997,112,52447489,107989,10459410,20471,36264222,74767,0,0,26478,52,1024,2,600942,1174,574464,1122,402319,795,1466059,2864,6047870,11832,5645551,11037,3827977,9038,0,0,33872184,71646,30044207,62608,0,0,0,0,0,0,0,0,4256774,1467083,1895880,40520996,8115895,14515,7242,55330,193999,77295,82407,32367,0.42478054010587685,0.41874636134290705,344962,130835,351649501184,133155670016,1.7781638049680668,0.12597696370442307,12.597696370442307,1.7670084817630831,0.7237965480123966,7.284276067952868,40.79689862389503,0.0012333430932846999,1.7657751386697986,9.775081097728348,0.09038336472741296,0.9096166352725871,208514,14515,193999,0,f535a0b4517138bb9c11599b646281307779bd9604cee1133e5664db3916365a,10886001,7651445,180462,0.7111588543855545,84537,0,0,75705,0.8955250363746052,6913.238275454206,0.08177766274476508,7464,0.08829270023776571,8,79290,0,0,71154,0.89738933030647,6221.175660799893,0.07846103746752293,7025,0.08859881447849666,8,5247,0,0,4551,0.8673527730131504,692.0626146543096,0.1318968200217857,439,0.08366685725176291,0,,,
toolagent_trace,0.01,1.0,"l1=0.01,l2x1",all,16,all16,label_binary_180,horizon,180.0,1,main,1784653926,1784653926,83026370,9997,30578881,10453343,41032224,10453343,1449907,2832,251217,14488,194075,208563,265705,17.32816219329834,854.71484375,563.0908203125,1c62d902ecdce9d967706454e69d9ab4006e0fdde956c79f97980cc593b692b9,9997,113,52447489,107989,10453343,20459,36287735,74814,0,0,19822,39,6144,12,584046,1141,564224,1102,407954,808,1443763,2820,6088009,11911,5680055,11103,3828728,9037,0,0,33872184,71646,30043456,62609,0,0,0,0,0,0,0,0,4256504,1449907,1877683,40544239,8121962,14488,7217,55282,194075,77371,82414,32465,0.4246502640731676,0.41960165953651885,343140,131810,349638209536,134054572032,1.7680793507664563,0.1259038905350192,12.590389053501918,1.7463210784718157,0.703446386973199,7.332620949223722,40.79689862389503,0.007400058559708198,1.7389210199121075,9.782388414668738,0.0875361489076454,0.9124638510923546,208563,14488,194075,0,683f62fb66d42c07df75296b34c75c0d980bb38a5b617d6ea7dc9f9bf7f3c761,10888994,7664210,179895,0.7121096310641736,84588,0,0,75694,0.8948550621837613,6970.145236094488,0.0824011116954472,7506,0.08873599092069798,13,79313,0,0,71108,0.8965491155296106,6303.135244711252,0.07947165338231126,7057,0.08897658643601931,12,5275,0,0,4586,0.8693838862559242,667.0099913832288,0.12644739173141778,449,0.08511848341232227,1,,,
toolagent_trace,0.01,1.0,"l1=0.01,l2x1",all,16,all16,label_binary_180,horizon,180.0,2,main,1784653926,1784653926,83026370,9997,30578881,10408812,40987693,10408812,1487128,2905,251187,14518,194060,208578,265705,17.30830407142639,845.91796875,574.771484375,c21ede3baaec0e19f3c78fb23cead6880403d20ec984897a42c4a6a18a5fc088,9997,111,52447489,107989,10408812,20372,36294180,74826,0,0,18944,37,2048,4,578048,1129,559104,1092,406266,804,1485080,2901,6101317,11937,5695051,11133,3832159,9045,0,0,33872184,71646,30040025,62601,0,0,0,0,0,0,0,0,4257369,1487128,1912338,40551549,8166493,14518,7145,55266,194060,77457,82287,32471,0.4240286509327012,0.41921324089494816,342620,130845,349190352896,133149706240,1.7655364320313305,0.12536754286620022,12.536754286620022,1.7911514137014541,0.696222176159213,7.3486495916899655,40.79689862389503,0.0024666861865693997,1.7886847275148847,9.836023181550633,0.08654235844275616,0.9134576415572438,208578,14518,194060,0,0273d33201b6da3ad40e87c42ffc0fe3a2998d0e29dbf49ae6cfe2dba2815bdb,10893091,7666009,180959,0.7120557883891725,84602,0,0,75745,0.8953098035507435,7063.405374892399,0.08348981554682394,7456,0.08813030424812653,9,79342,0,0,71138,0.8965995311436565,6428.220684874359,0.08101914099561845,7037,0.08869199163116634,8,5260,0,0,4607,0.8758555133079848,635.1846900180252,0.12075754563080326,419,0.07965779467680609,1,,,
toolagent_trace,0.01,1.0,"l1=0.01,l2x1",all,16,all16,label_binary_180,horizon,180.0,3,main,1784653926,1784653926,83026370,9997,30578881,10422523,41001404,10422523,1503458,2937,251263,14442,194129,208571,265705,23.08771252632141,850.21875,729.6552734375,117f4995a6f28b96e9c04495a70752eb92bac8c4bc5cace9ff7809189e535f1d,9997,112,52447489,107989,10422523,20399,36264544,74768,0,0,22908,45,1024,2,577380,1128,554472,1083,401793,794,1502434,2935,6071944,11879,5670151,11085,3832263,9046,0,0,33872184,71646,30039921,62600,0,0,0,0,0,0,0,0,4256964,1503458,1928159,40521508,8152782,14442,7266,55273,194129,77278,82538,32227,0.42517089152058685,0.4170268381686897,343263,130111,349715486720,132301031424,1.768221131309593,0.12553268317041924,12.553268317041923,1.8108198636168245,0.6954176125007031,7.313271675011205,40.79689862389503,0.0012333430932846999,1.8095865205235397,9.819509151128731,0.08683288707243023,0.9131671129275698,208571,14442,194129,0,0f725920a28472844ea44f5835b62d22009b7998b42c2cefb9e3cc5bb680691a,10887580,7657553,180618,0.7116238870345843,84544,0,0,75709,0.8954982021196064,6884.019599911534,0.08142528860606943,7469,0.08834453065859198,12,79262,0,0,71077,0.8967348792611844,6255.776086282667,0.07892528684972203,7050,0.08894552244455098,12,5282,0,0,4632,0.8769405528209012,628.2435136288551,0.11894046074003316,419,0.0793260128739114,0,,,
toolagent_trace,0.01,1.0,"l1=0.01,l2x1",all,16,all16,label_binary_180,horizon,180.0,4,main,1784653926,1784653926,83026370,9997,30578881,10542543,41121424,10542543,1399394,2734,250986,14719,193786,208505,265705,37.96841764450073,794.02734375,601.55078125,144580b040f9d2176e08c769bfe72d85214a4f01e7bae75612e4440b91fd74f4,9997,110,52447489,107989,10542543,20633,36247229,74735,0,0,17774,35,0,0,605038,1182,587264,1147,405307,801,1399394,2734,6028330,11794,5623023,10993,3835242,9051,0,0,33872184,71646,30036942,62595,0,0,0,0,0,0,0,0,4258323,1399394,1822475,40505552,8032762,14719,7393,55341,193786,77119,82456,32347,0.4255002941388955,0.41944267949532543,342011,131685,348440610816,133959819264,1.7648901365423715,0.12697824799518515,12.697824799518514,1.6854813717617667,0.7287299203855353,7.260741376504838,40.79689862389503,0.0,1.6854813717617667,9.674952668652141,0.09121128211189249,0.9087887178881076,208505,14719,193786,0,c6660b29d6dabc34bc2898e617f67c850e6399b6767a58f65bf359843560067b,10884662,7650489,179756,0.7111260781455593,84512,0,0,75737,0.8961685914426354,6808.063293252073,0.08055735627191492,7436,0.08798750473305567,8,79243,0,0,71127,0.8975808588771248,6168.678708361879,0.07784509304748533,7006,0.0884115947149906,8,5269,0,0,4610,0.8749288289998102,639.3845848901921,0.12134837443351529,430,0.08160941355095844,0,,,
toolagent_trace,0.01,1.0,"l1=0.01,l2x1",all,16,all16,label_binary_240,horizon,240.0,0,main,1784653926,1784653926,83026370,9997,30578881,9082246,39661127,9082246,2132582,4168,213729,51976,160168,212144,265705,17.357126474380493,853.05859375,565.015625,d0d138af4cf1a6c1cf9dc072d629bceb1b9b5e56a0f1506345dab48efe5fd26f,9997,110,52447489,107989,9082246,17782,36969126,76152,0,0,56554,111,3584,7,1408675,2752,1352121,2641,429920,847,2128998,4161,5951802,11641,5521882,10794,3777061,8929,0,0,33872184,71646,30095123,62717,0,0,0,0,0,0,0,0,4263535,2132582,2619056,41232661,9493059,51976,20171,51702,160168,65749,60723,25089,0.37912067329304233,0.3815875526623979,218498,88623,222291240960,90001891328,1.3641801108835723,0.10938989624621671,10.938989624621671,2.56855984430007,1.696659747981274,7.168568251267639,40.79689862389503,0.004316700826496449,2.5642431434735737,11.433787843548984,0.1913836562494523,0.8086163437505477,212144,51976,160168,0,9aa80e64c7b3a9e183326f5d138e3bbae723a8038cbbff0c97c60877fb69fa30,11174940,7016829,195246,0.6366434182196952,85920,0,0,76398,0.8891759776536313,9995.348141180044,0.1163331953116858,4341,0.05052374301675978,15,80891,0,0,72383,0.8948214263638724,8613.7282220631,0.10648561919203745,4143,0.05121706988416511,14,5029,0,0,4015,0.7983694571485385,1381.6199191168969,0.2747305466527932,198,0.03937164446211971,1,,,
toolagent_trace,0.01,1.0,"l1=0.01,l2x1",all,16,all16,label_binary_240,horizon,240.0,1,main,1784653926,1784653926,83026370,9997,30578881,9169852,39748733,9169852,2047358,4000,214294,51411,160743,212154,265705,17.219468116760254,856.3984375,718.4111328125,6d4fa473869aca0aead170d79b1af449454d0b8f5ecc22f735e0e938e561450a,9997,108,52447489,107989,9169852,17953,36965048,76147,0,0,58212,115,4096,8,1391460,2719,1333248,2604,433510,853,2043262,3992,5966635,11671,5533125,10818,3773509,8921,0,0,33872184,71646,30098675,62725,0,0,0,0,0,0,0,0,4265231,2047358,2539080,41230279,9405453,51411,20403,51697,160743,65517,61140,24987,0.38035870924394843,0.38138193140711574,218387,87860,222077839360,89238388736,1.3586097061769409,0.11044505498674698,11.044505498674699,2.4659129382628677,1.6759253716620395,7.186433659571049,40.79689862389503,0.0049333723731387995,2.460979565889729,11.328271969495956,0.1891060118141992,0.8108939881858008,212154,51411,160743,0,274cb3a64da55865a46758cd7a53d7f9c2da8709e9845aadb893338caf1b5125,11175590,7006795,196138,0.6357484481803646,85920,0,0,76454,0.8898277467411546,9993.89740505539,0.1163163105802536,4298,0.050023277467411545,16,80917,0,0,72473,0.8956461559375657,8612.118664712143,0.10643151210143904,4094,0.05059505419133186,15,5003,0,0,3981,0.795722566460124,1381.778740343242,0.27619003404821946,204,0.04077553467919248,1,,,
toolagent_trace,0.01,1.0,"l1=0.01,l2x1",all,16,all16,label_binary_240,horizon,240.0,2,main,1784653926,1784653926,83026370,9997,30578881,9238976,39817857,9238976,2036356,3979,213521,52184,159854,212038,265705,22.009714603424072,849.43359375,728.787109375,eed75fc71af43a2bb6b6dfbf9c982400e45aa9df1e4e57ea490d9d064f8ea38f,9997,110,52447489,107989,9238976,18088,36909255,76035,0,0,59992,118,3584,7,1405237,2746,1345245,2628,419607,827,2032772,3972,5894736,11530,5475129,10703,3783303,8942,0,0,33872184,71646,30088881,62704,0,0,0,0,0,0,0,0,4262902,2036356,2515955,41172157,9336329,52184,20302,51807,159854,65497,60950,25209,0.3812854229484405,0.38488785745912024,217742,88595,221531914240,90012620800,1.3621304440301776,0.11127760975217874,11.127760975217873,2.4526617266297444,1.6925188949004997,7.099835871422537,40.79689862389503,0.004316700826496449,2.4483450258032478,11.24501649295278,0.19249893116043032,0.8075010688395697,212038,52184,159854,0,1cdc0b5e46fd2deec76fcaf9e5fc0bd762b118cdcf9599b8d1d32d00e3751133,11161137,7006172,194508,0.6364428641992299,85799,0,0,76427,0.8907679576685043,9659.799931676447,0.1125863929844922,4358,0.05079313278709542,18,80801,0,0,72406,0.8961027710053093,8388.244741943,0.10381362535046595,4150,0.05136075048576132,16,4998,0,0,4021,0.8045218087234894,1271.555189733447,0.2544128030679165,208,0.041616646658663464,2,,,
toolagent_trace,0.01,1.0,"l1=0.01,l2x1",all,16,all16,label_binary_240,horizon,240.0,3,main,1784653926,1784653926,83026370,9997,30578881,9135252,39714133,9135252,2102376,4109,213728,51977,160072,212049,265705,17.239568948745728,853.28125,720.8544921875,295d2b5a53b56064e756fad76e4106656bc8fbfeb0bb185690f0cbb2baeef6cd,9997,107,52447489,107989,9135252,17884,36945847,76106,0,0,56676,112,5120,10,1395044,2726,1338368,2614,431854,851,2097256,4099,5942633,11624,5510779,10773,3775484,8927,0,0,33872184,71646,30096700,62719,0,0,0,0,0,0,0,0,4264014,2102376,2590906,41209861,9440053,51977,20263,51796,160072,65612,60969,25060,0.38088485181668247,0.3819423276229958,216334,86776,220029775872,88171960320,1.3514793342995652,0.11002831991811758,11.002831991811759,2.5321786319214006,1.6802420724885359,7.15752477194896,40.79689862389503,0.006166715466423499,2.526011916454977,11.369945476358897,0.19012066080313975,0.8098793391968603,212049,51977,160072,0,b1cdadcec54aa13403e415f60269fe5ba5efd3b74d0d25cf01447074f23a0b60,11170427,7007589,195530,0.6360861585685131,85875,0,0,76463,0.8903988355167395,9921.105515755047,0.11552961299278075,4289,0.049944687045123726,14,80835,0,0,72383,0.8954413311065751,8644.066586725494,0.106934701388328,4082,0.05049792787777572,12,5040,0,0,4080,0.8095238095238095,1277.038929029545,0.2533807398868145,207,0.04107142857142857,2,,,
toolagent_trace,0.01,1.0,"l1=0.01,l2x1",all,16,all16,label_binary_240,horizon,240.0,4,main,1784653926,1784653926,83026370,9997,30578881,9128381,39707262,9128381,2117570,4138,213630,52075,159978,212053,265705,19.114545345306396,855.4375,729.3515625,8edb7446567374b6bbc7c78935681fd60788ff1243e711d339127a7496195378,9997,108,52447489,107989,9128381,17871,36938225,76091,0,0,58090,114,4608,9,1424618,2783,1366528,2669,430171,849,2112962,4129,5904736,11551,5474565,10702,3775052,8926,0,0,33872184,71646,30097132,62720,0,0,0,0,0,0,0,0,4263313,2117570,2605831,41201538,9446924,52075,20406,51793,159978,65455,60938,24953,0.3809148757954219,0.3812237415017951,218713,88570,222516275200,89994072064,1.3671442323319456,0.10994556307833282,10.994556307833282,2.550478841842658,1.7158620809268188,7.111880237567895,40.79689862389503,0.005550043919781149,2.5449287979228767,11.378221160337372,0.19437156398776753,0.8056284360122324,212053,52075,159978,0,c98647543eeb7ae2370319e1d8a5280b5307ebf23a14f52f9d3b7ae06bfb3d1c,11170761,6994514,195790,0.6349083110810445,85861,0,0,76419,0.8900315626419445,9926.177352041595,0.11560752090054385,4341,0.050558460767985466,16,80828,0,0,72343,0.8950240015836096,8664.148366206844,0.10719241310198005,4138,0.05119513040035631,15,5033,0,0,4076,0.8098549572819392,1262.0289858347392,0.2507508416123066,203,0.04033379694019471,1,,,
toolagent_trace,0.01,1.0,"l1=0.01,l2x1",all,16,all16,label_binary_300,horizon,300.0,0,main,1784653926,1784653926,83026370,9997,30578881,8354542,38933423,8354542,1715310,3353,187969,77736,140022,217758,265705,17.847618341445923,854.71484375,730.3408203125,01ac8ef1700ac923173fc24fd5902482809169b88d3e4c6520e9a986352ff64e,9997,103,52447489,107989,8354542,16357,38110829,78385,0,0,74772,147,512,1,1663508,3250,1588736,3103,451790,893,1714798,3352,6841945,13383,6390155,12490,3740246,8854,0,0,33872184,71646,30131938,62792,0,0,0,0,0,0,0,0,4266808,1715310,2241872,42377637,10220763,77736,30271,46090,140022,57883,49915,20831,0.3564796960477639,0.35988113954010675,180441,75326,184296800256,76838629376,1.2886617817200154,0.10062516282477482,10.062516282477484,2.065982169279471,2.0035899437732856,8.240689072640416,40.79689862389503,0.0006166715466423499,2.0653654977328286,12.310261185693172,0.19558135233949325,0.8044186476605067,217758,77736,140022,0,85446225508eaff96091e975e6bd18f577009c98c9ffd929bfca3396612ae1c6,11503200,7012576,228387,0.6195466913554489,88154,0,0,76858,0.8718606075731107,13833.118161470811,0.15691991471142333,2405,0.027281802300519544,8,83411,0,0,73433,0.8803754900432796,12012.557367121957,0.14401646506002755,2327,0.02789799906487154,8,4743,0,0,3425,0.7221168037107316,1820.5607943488671,0.38384161803686845,78,0.01644528779253637,0,,,
toolagent_trace,0.01,1.0,"l1=0.01,l2x1",all,16,all16,label_binary_300,horizon,300.0,1,main,1784653926,1784653926,83026370,9997,30578881,8192887,38771768,8192887,1863043,3641,188197,77508,140215,217723,265705,17.57353186607361,849.79296875,729.0732421875,2cf7f443e4d0518f91f45a8e46c9f56354a2a3d4e0c2ff20d4886ca337d7fedb,9997,101,52447489,107989,8192887,16041,38122833,78411,0,0,69632,136,512,1,1654784,3232,1585152,3096,464788,919,1862531,3640,6864591,13429,6399803,12510,3734306,8841,0,0,33872184,71646,30137878,62805,0,0,0,0,0,0,0,0,4268726,1863043,2397463,42391559,10382418,77508,30256,46124,140215,57925,49907,20874,0.3559319616303534,0.36036253776435045,180163,75493,183951896576,76996288512,1.2849053239667654,0.09867813081554691,9.867813081554692,2.243917203654694,1.9930824387480748,8.267964744213193,40.79689862389503,0.0006166715466423499,2.243300532108052,12.504964386615963,0.19423772283764948,0.8057622771623505,217723,77508,140215,0,c959bdfa18783c15f3a1ada37eddb4c6edb5f0d2efc8daa37cb2fa0b254ee89d,11505894,7018745,227576,0.6199025473379122,88181,0,0,76842,0.8714122089792585,13976.683322014018,0.1584999412800265,2442,0.02769304045089078,6,83422,0,0,73387,0.8797079906978974,12182.339041963904,0.14603268972170294,2352,0.028194001582316414,5,4759,0,0,3455,0.7259928556419416,1794.3442800500845,0.37704229461023,90,0.01891153603698256,1,,,
toolagent_trace,0.01,1.0,"l1=0.01,l2x1",all,16,all16,label_binary_300,horizon,300.0,2,main,1784653926,1784653926,83026370,9997,30578881,8320871,38899752,8320871,1777034,3473,187733,77972,139652,217624,265705,17.63462257385254,847.05859375,721.453125,7c9afcf1dc985d7f8602fd11c2fbb8872209506719ea5caade797b7a393b8cf7,9997,103,52447489,107989,8320871,16291,38083259,78331,0,0,66068,130,0,0,1661169,3246,1595101,3116,462106,913,1777034,3473,6816231,13333,6354125,12420,3738151,8851,0,0,33872184,71646,30134033,62795,0,0,0,0,0,0,0,0,4266325,1777034,2305208,42349584,10254434,77972,30271,46223,139652,57828,49595,20776,0.35513275857130583,0.3592723248253441,177564,74117,181380304896,75579951104,1.2714748088104717,0.10021961697229446,10.021961697229447,2.1403248148750813,2.0007727665318864,8.209718189534241,40.79689862389503,0.0,2.1403248148750813,12.350815770941209,0.1959526505768278,0.8040473494231722,217624,77972,139652,0,12c277c051a91f95ee0c70d073a61ccffc49c08de3166830af63aeea8a1075b3,11495780,7003875,229081,0.6192198789468831,88099,0,0,76892,0.8727908375804493,13787.417846219443,0.1564991412640262,2372,0.02692425566692017,9,83348,0,0,73429,0.8809929452416375,12000.675533768928,0.14398276543850996,2310,0.027715122138503624,8,4751,0,0,3463,0.7288991791201852,1786.7423124504953,0.37607710217859297,62,0.013049884234897917,1,,,
toolagent_trace,0.01,1.0,"l1=0.01,l2x1",all,16,all16,label_binary_300,horizon,300.0,3,main,1784653926,1784653926,83026370,9997,30578881,8279100,38857981,8279100,1793668,3505,188117,77588,140070,217658,265705,17.643288373947144,853.05859375,728.26953125,fa63c144eca62bdeadce4950a19a57b4a69f87ce8761337ae947496e1accde1d,9997,103,52447489,107989,8279100,16209,38107758,78381,0,0,69632,136,0,0,1645949,3215,1576317,3079,466031,922,1793668,3505,6856588,13414,6390557,12492,3731300,8836,0,0,33872184,71646,30140884,62810,0,0,0,0,0,0,0,0,4266963,1793668,2329331,42374721,10296205,77588,30046,46188,140070,58106,49803,20862,0.35555793531805524,0.3590334905173304,178710,73453,182511325184,74855364608,1.2758620689655173,0.0997165117540367,9.97165117540367,2.1603594135212703,1.9824412412586507,8.258325637987063,40.79689862389503,0.0,2.1603594135212703,12.401126292766985,0.19358327990810273,0.8064167200918972,217658,77588,140070,0,0e85b56e32f8bd717cf3488b28418adedb8b43750dc1e6343c0cd8a6e1e8c033,11501131,7017914,228793,0.6201399236301195,88152,0,0,76785,0.8710522733460386,13899.714071273287,0.15767894172875588,2502,0.02838279335692894,13,83405,0,0,73333,0.8792398537257958,12042.732991374816,0.1443886216818514,2420,0.029015047059528804,8,4747,0,0,3452,0.7271961238677059,1856.9810798984558,0.39119045289624094,82,0.017274067832315148,5,,,
toolagent_trace,0.01,1.0,"l1=0.01,l2x1",all,16,all16,label_binary_300,horizon,300.0,4,main,1784653926,1784653926,83026370,9997,30578881,8357220,38936101,8357220,1735967,3393,188108,77597,140038,217635,265705,17.87267804145813,852.40625,568.5947265625,d9de82b198b1aa8b8a0f46c3dca24b01a038918398d4a3984a621d7b990623cb,9997,102,52447489,107989,8357220,16361,38086112,78340,0,0,62976,123,0,0,1652069,3227,1589093,3104,467271,925,1735967,3393,6830049,13362,6362778,12437,3737943,8847,0,0,33872184,71646,30134241,62799,0,0,0,0,0,0,0,0,4268190,1735967,2266214,42354302,10218085,77597,30112,46211,140038,57997,49996,20958,0.35701738099658664,0.3613635188026967,179602,74006,183404118016,75422664704,1.2825233151001871,0.10065741763731209,10.065741763731209,2.090862216425938,1.9898123933396101,8.226361094673898,40.79689862389503,0.0,2.090862216425938,12.307035704439445,0.19477081078098654,0.8052291892190134,217635,77597,140038,0,a151fc4351ed11b88ca0903f6a9b3205a02c4c7cb1dca617d62d8bd5327f878d,11496654,7014204,227418,0.6199989144667657,88109,0,0,76838,0.8720789022687807,13736.57478147378,0.15590433192379644,2418,0.02744328048213009,10,83319,0,0,73339,0.8802193977364107,12043.877923128663,0.14455139791798585,2328,0.0279408058186008,9,4790,0,0,3499,0.7304801670146138,1692.6968583451005,0.3533813900511692,90,0.018789144050104383,1,,,
toolagent_trace,0.01,1.0,"l1=0.01,l2x1",all,16,all16,label_binary_600,horizon,600.0,0,main,1784653926,1784653926,83026370,9997,30578881,7070393,37649274,7070393,1525829,2982,163121,102584,124088,226672,265705,20.28638792037964,856.3984375,563.078125,23ffcb91e9116b918a4b87b68dab8720a2c6fb5cede875ff3dd3b71577ed2c22,9997,98,52447489,107989,7070393,13847,39578818,81261,0,0,18432,36,0,0,372723,729,354291,693,590477,1166,1525829,2982,9606360,18785,9015883,17619,3663540,8697,0,0,33872184,71646,30208644,62949,0,0,0,0,0,0,0,0,4272449,1525829,2134738,43851267,11504912,102584,37742,37178,124088,53295,44603,19296,0.35944652182322223,0.36206023079088095,186735,76572,192820365312,78760630272,1.5048594545806202,0.08515840208357899,8.515840208357899,1.8377643151206056,0.44892122827964176,11.570251716412509,40.79689862389503,0.0,1.8377643151206056,13.856937259812756,0.03735042588582538,0.9626495741141746,226672,102584,124088,0,fae14de75e6543ca3d30274c60e9bb93fa75686e2842f65420be127fd6dd985a,11895200,7134230,295454,0.6121760878337481,91037,0,0,76382,0.839021496754067,23352.064739106867,0.2565118000275368,0,0.0,0,86736,0,0,73643,0.8490476849289799,20822.242172179944,0.24006458877720835,0,0.0,0,4301,0,0,2739,0.6368286445012787,2529.8225669268654,0.5881940402061998,0,0.0,0,error_location_001,37649274,True
toolagent_trace,0.01,1.0,"l1=0.01,l2x1",all,16,all16,label_binary_600,horizon,600.0,1,main,1784653926,1784653926,83026370,9997,30578881,7022271,37601152,7022271,1584242,3097,163536,102169,124495,226664,265705,18.130640983581543,853.28125,555.4619140625,3a87cd13189592d7792575d3e310dcf119ab6ddfd3c3a7afe0c9254dffe341e9,9997,96,52447489,107989,7022271,13752,39567676,81239,0,0,17282,35,0,0,370271,725,352989,690,589866,1163,1584242,3097,9598521,18769,9008655,17606,3666152,8703,0,0,33872184,71646,30206032,62943,0,0,0,0,0,0,0,0,4273300,1584242,2191390,43840976,11553034,102169,37674,37183,124495,53338,44886,19353,0.3605446001847464,0.3628370017623458,187729,77548,193855686656,79822403584,1.5079240130125708,0.08457880309593205,8.457880309593206,1.9081190710854876,0.4459679497007999,11.560810137791162,40.79689862389503,0.0,1.9081190710854876,13.91489715857745,0.03714301592409592,0.962856984075904,226664,102169,124495,0,8e0c38d82ec12f6037a6a3b8149470edf75458fc91a0a2ba4faa7c80a01db20d,11891250,7136027,295870,0.6125480500367918,91012,0,0,76370,0.8391201160286555,23255.870121526288,0.2555253166783093,0,0.0,0,86670,0,0,73654,0.8498211607245875,20629.683885615923,0.23802565923175173,0,0.0,0,4342,0,0,2716,0.6255181943804698,2626.186235910447,0.6048333108960035,0,0.0,0,error_location_001,37601152,True
toolagent_trace,0.01,1.0,"l1=0.01,l2x1",all,16,all16,label_binary_600,horizon,600.0,2,main,1784653926,1784653926,83026370,9997,30578881,7025025,37603906,7025025,1565778,3060,163249,102456,124155,226611,265705,21.403884887695312,856.34765625,562.82421875,5e0d1db26a1c3bffe2279469e152f915f9daadfd4a270a2f231a33c2977b2530,9997,98,52447489,107989,7025025,13758,39583878,81272,0,0,18432,36,0,0,370454,724,352022,688,586572,1158,1565778,3060,9614048,18801,9027476,17643,3667804,8705,0,0,33872184,71646,30204380,62941,0,0,0,0,0,0,0,0,4272808,1565778,2170782,43856686,11550280,102456,37732,37234,124155,53308,44625,19158,0.3594297450767186,0.3593832070233361,187087,76456,193345689600,78789627904,1.5068825258749143,0.08461197328029636,8.461197328029638,1.885880353434698,0.44618836160125996,11.57951142510506,40.79689862389503,0.0,1.885880353434698,13.911580140141018,0.03710290207763993,0.9628970979223601,226611,102456,124155,0,8ddf0abbf19e7f737851e85efcaf1a34a4398396e88e8151f7ac8e55f399bb66,11894170,7131683,295730,0.6120265642747665,91040,0,0,76404,0.8392355008787347,23416.64345494925,0.2572126917283529,0,0.0,0,86701,0,0,73638,0.8493327643279778,20925.28937713182,0.24135003491461252,0,0.0,0,4339,0,0,2766,0.6374740723669048,2491.3540778175475,0.5741770172430393,0,0.0,0,error_location_001,37603906,True
toolagent_trace,0.01,1.0,"l1=0.01,l2x1",all,16,all16,label_binary_600,horizon,600.0,3,main,1784653926,1784653926,83026370,9997,30578881,7000060,37578941,7000060,1635308,3195,163052,102653,123876,226529,265705,18.046791553497314,854.90234375,563.435546875,9d00a9797a241ac137dfec3df035aa6d108222b857e4de5fb9380fe11f69b2f1,9997,102,52447489,107989,7000060,13711,39541636,81188,0,0,15726,31,0,0,371275,726,355549,695,584572,1153,1635308,3195,9568662,18711,8984090,17558,3670187,8711,0,0,33872184,71646,30201997,62935,0,0,0,0,0,0,0,0,4270485,1635308,2235606,43812121,11575245,102653,37770,37321,123876,53189,44764,19369,0.3613613613613614,0.3641542424185452,186775,78016,192849700864,80282544128,1.5077577577577577,0.0843112856794775,8.43112856794775,1.9696248312433748,0.44717720406179384,11.524846864917736,40.79689862389503,0.0,1.9696248312433748,13.941648900222905,0.0373518463950023,0.9626481536049977,226529,102653,123876,0,ca3e3a648f0eefe551e5f2c686acc20c7e5945156709122f629a7270e5dc86c4,11883503,7126699,295583,0.6121503482601048,90959,0,0,76357,0.8394661330929319,23050.81315271293,0.2534198172001993,0,0.0,0,86627,0,0,73615,0.8497927897768595,20497.81479033647,0.23662154744290428,0,0.0,0,4332,0,0,2742,0.6329639889196675,2552.9983623765233,0.5893348020259749,0,0.0,0,error_location_001,37578941,True
toolagent_trace,0.01,1.0,"l1=0.01,l2x1",all,16,all16,label_binary_600,horizon,600.0,4,main,1784653926,1784653926,83026370,9997,30578881,6911161,37490042,6911161,1685061,3293,163398,102307,124297,226604,265705,18.06395649909973,856.58203125,561.78125,cadc6893a5405714d0f0dc9cdf2224478b26041bca91987dc7289aaa9c23fbe2,9997,98,52447489,107989,6911161,13536,39579464,81261,0,0,18432,36,0,0,373760,730,355328,694,591094,1167,1685061,3293,9605323,18784,9014229,17617,3662277,8696,0,0,33872184,71646,30209907,62950,0,0,0,0,0,0,0,0,4271803,1685061,2294587,43851267,11664144,102307,37928,37243,124297,53102,44722,19284,0.35979951245806413,0.3631501638356371,187019,78501,193171742720,80824860672,1.504613948848323,0.08324055357352128,8.324055357352128,2.0295491661263765,0.4501702290489154,11.569002715643235,40.79689862389503,0.0,2.0295491661263765,14.048722110818527,0.037454343249775555,0.9625456567502244,226604,102307,124297,0,c41def3bbbd9e86ebc4846c70b2cacc57f9cfc9069435f7be212c870e34786a8,11894208,7127645,296413,0.6117138274360092,91030,0,0,76386,0.8391299571569812,23417.546767464202,0.2572508707839636,0,0.0,0,86733,0,0,73587,0.8484313928954377,20980.97655992989,0.24190304220919248,0,0.0,0,4297,0,0,2799,0.6513846869909239,2436.570207534271,0.5670398435034375,0,0.0,0,error_location_001,37490042,True
