trace,l1_fraction,l2_multiplier,cell,mechanism,arm,family,arm_parameter,seeds,requested_tokens,l1_avoided_tokens,l1_capacity_bytes,l2_capacity_bytes,extra_points_mean,extra_points_std,extra_points_ci95_half,extra_points_min,extra_points_max,avoided_prefill_tokens_mean,avoided_prefill_tokens_std,avoided_prefill_tokens_ci95_half,avoided_prefill_tokens_min,avoided_prefill_tokens_max,extra_avoided_tokens_mean,extra_avoided_tokens_std,extra_avoided_tokens_ci95_half,extra_avoided_tokens_min,extra_avoided_tokens_max,present_unusable_points_mean,present_unusable_points_std,present_unusable_points_ci95_half,present_unusable_points_min,present_unusable_points_max,l2_present_unusable_tokens_mean,l2_present_unusable_tokens_std,l2_present_unusable_tokens_ci95_half,l2_present_unusable_tokens_min,l2_present_unusable_tokens_max,l2_present_unusable_blocks_mean,l2_present_unusable_blocks_std,l2_present_unusable_blocks_ci95_half,l2_present_unusable_blocks_min,l2_present_unusable_blocks_max,absent_rejected_points_mean,absent_rejected_points_std,absent_rejected_points_ci95_half,absent_rejected_points_min,absent_rejected_points_max,absent_evicted_points_mean,absent_evicted_points_std,absent_evicted_points_ci95_half,absent_evicted_points_min,absent_evicted_points_max,absent_compulsory_points_mean,absent_compulsory_points_std,absent_compulsory_points_ci95_half,absent_compulsory_points_min,absent_compulsory_points_max,unusable_after_rejected_points_mean,unusable_after_rejected_points_std,unusable_after_rejected_points_ci95_half,unusable_after_rejected_points_min,unusable_after_rejected_points_max,unusable_after_evicted_points_mean,unusable_after_evicted_points_std,unusable_after_evicted_points_ci95_half,unusable_after_evicted_points_min,unusable_after_evicted_points_max,perblock_decision_loss_points_mean,perblock_decision_loss_points_std,perblock_decision_loss_points_ci95_half,perblock_decision_loss_points_min,perblock_decision_loss_points_max,absent_rejected_share_of_decision_absent_mean,absent_rejected_share_of_decision_absent_std,absent_rejected_share_of_decision_absent_ci95_half,absent_rejected_share_of_decision_absent_min,absent_rejected_share_of_decision_absent_max,absent_evicted_share_of_decision_absent_mean,absent_evicted_share_of_decision_absent_std,absent_evicted_share_of_decision_absent_ci95_half,absent_evicted_share_of_decision_absent_min,absent_evicted_share_of_decision_absent_max,l2_admissions_mean,l2_admissions_std,l2_admissions_ci95_half,l2_admissions_min,l2_admissions_max,l2_rejections_mean,l2_rejections_std,l2_rejections_ci95_half,l2_rejections_min,l2_rejections_max,l2_evictions_mean,l2_evictions_std,l2_evictions_ci95_half,l2_evictions_min,l2_evictions_max,l2_decisions_mean,l2_decisions_std,l2_decisions_ci95_half,l2_decisions_min,l2_decisions_max,orphaned_blocks_window_mean,orphaned_blocks_window_std,orphaned_blocks_window_ci95_half,orphaned_blocks_window_min,orphaned_blocks_window_max,evictions_with_orphans_window_mean,evictions_with_orphans_window_std,evictions_with_orphans_window_ci95_half,evictions_with_orphans_window_min,evictions_with_orphans_window_max,seconds_mean,seconds_std,seconds_ci95_half,seconds_min,seconds_max,m1_mean,m1_std,m1_ci95_half,m1_min,m1_max,m2_mean,m2_std,m2_ci95_half,m2_min,m2_max,m2_admission_mean,m2_admission_std,m2_admission_ci95_half,m2_admission_min,m2_admission_max,m2_resident_mean,m2_resident_std,m2_resident_ci95_half,m2_resident_min,m2_resident_max,m3_mean,m3_std,m3_ci95_half,m3_min,m3_max,m3_admission_mean,m3_admission_std,m3_admission_ci95_half,m3_admission_min,m3_admission_max,m3_resident_mean,m3_resident_std,m3_resident_ci95_half,m3_resident_min,m3_resident_max,m4_mean,m4_std,m4_ci95_half,m4_min,m4_max,m4_admission_mean,m4_admission_std,m4_admission_ci95_half,m4_admission_min,m4_admission_max,m4_resident_mean,m4_resident_std,m4_resident_ci95_half,m4_resident_min,m4_resident_max,stat_decisions_mean,stat_decisions_std,stat_decisions_ci95_half,stat_decisions_min,stat_decisions_max,stat_decisions_admission_mean,stat_decisions_admission_std,stat_decisions_admission_ci95_half,stat_decisions_admission_min,stat_decisions_admission_max,stat_decisions_resident_mean,stat_decisions_resident_std,stat_decisions_resident_ci95_half,stat_decisions_resident_min,stat_decisions_resident_max,overridden_decisions_mean,overridden_decisions_std,overridden_decisions_ci95_half,overridden_decisions_min,overridden_decisions_max,m4_victim_at_horizon_mean,m4_victim_at_horizon_std,m4_victim_at_horizon_ci95_half,m4_victim_at_horizon_min,m4_victim_at_horizon_max
conversation_trace,0.0025,4.0,"l1=0.0025,l2x4",all16,label_binary_60,horizon,60.0,5,58742117,2662942,464360509,1857442038,10.103868405015094,0.07921498312997699,0.09834262436631884,10.01248559019417,10.209468616869902,8598168.2,46532.55807174155,57768.53946613378,8544488.0,8660200.0,5935226.2,46532.55807174155,57768.53946613378,5881546.0,5997258.0,0.890447649341613,0.07370938488611524,0.09150761716673934,0.7974397654071609,0.9804770910793018,523067.8,43298.45310978211,53753.51153999808,468433.0,575953.0,1022.4,84.5091710999463,104.91517312267085,915.0,1125.0,0.00017432126254489602,0.00038979419297397545,0.0004839158248246312,0.0,0.0008716063127244801,24.824012726677864,0.024816741740112495,0.030809114822878306,24.807236688456427,24.866505917721692,59.64822139454047,7.944109290391274e-15,9.86233317235019e-15,59.64822139454048,59.64822139454048,0.0,0.0,0.0,0.0,0.0,0.890447649341613,0.07370938488611524,0.09150761716673934,0.7974397654071609,0.9804770910793018,25.71463469728202,0.079214983129978,0.09834262436632009,25.60903448542721,25.806017512102944,7.026785778005172e-06,1.571237066294831e-05,1.9506357319742353e-05,0.0,3.513392889002586e-05,0.9999929732142221,1.571237066293024e-05,1.9506357319719924e-05,0.99996486607111,1.0,275828.2,1.3038404810405297,1.6186722460090552,275827.0,275830.0,3.8,1.3038404810405297,1.6186722460090552,2.0,5.0,243570.8,40.43760625952036,50.2018704735192,243527.0,243637.0,243574.6,41.02194534636308,50.92730696355345,243531.0,243642.0,242618.8,1535.0959904839829,1905.7678534211454,240954.0,244787.0,47208.4,51.62654356045929,64.09254386088915,47139.0,47276.0,25.788717842102052,10.453589848114767,12.977765305155764,19.39767861366272,43.57237410545349,0.8453667186275176,0.0001901774509311476,0.00023609863792028448,0.8451654446484532,0.8456366421675424,0.7908133602981661,0.00024280799945873867,0.00030143761874856594,0.7903844025714027,0.7909619875976484,0.7908602918856499,0.00036351286449092267,0.0004512884769071812,0.7903425377905178,0.7913004003136478,0.7889295733806004,0.007741768825618686,0.009611134579167548,0.777363184079602,0.7986716479867165,0.264464137569809,0.0005781790725449877,0.0007177890482468735,0.26405538387783445,0.2654436204395478,0.26435750610306225,0.0007348996803436428,0.0009123521883780226,0.26372372007436096,0.26557080971550207,0.2687498501830108,0.008092060008289402,0.010046008801632457,0.26034437680142075,0.2787765770646681,0.20922690381515324,0.00022515864973094276,0.0002795265698281553,0.20908624178302143,0.20962565768956046,0.209178911195648,0.00034227935760514907,0.00042492782253172043,0.2087615038586934,0.20966777340124973,0.2111533453590347,0.007897280430227598,0.009804196784224941,0.20132835201328353,0.2230514096185738,99352.4,27.87113201863175,34.6010332701207,99336.0,99401.0,96939.0,24.24871130596428,30.103924953401005,96924.0,96982.0,2413.4,4.827007354458868,5.992560401030597,2409.0,2419.0,0.0,0.0,0.0,0.0,0.0,4.6,2.6076809620810595,3.2373444920181105,1.0,7.0
conversation_trace,0.0025,4.0,"l1=0.0025,l2x4",all16,label_binary_90,horizon,90.0,5,58742117,2662942,464360509,1857442038,14.476083659021004,0.05892026752934669,0.0731474464583811,14.4061593830539,14.562968508608568,11166500.0,34611.01248880188,42968.35858109464,11125425.0,11217538.0,8503558.0,34611.01248880188,42968.35858109464,8462483.0,8554596.0,0.7514829606838991,0.051398898249757144,0.06380993018864482,0.6833393491759924,0.8122570727234771,441437.0,30192.800946583277,37483.30384903205,401408.0,477137.0,862.2,58.997457572339506,73.24327519055929,784.0,932.0,0.022138800343201797,0.003056841514028544,0.003794961570189579,0.017432126254489602,0.025276583069009925,20.568797682249006,0.014168583573242268,0.017589799771337334,20.54866187406899,20.582654520265248,59.64822139454047,7.944109290391274e-15,9.86233317235019e-15,59.64822139454048,59.64822139454048,0.007495814289430529,0.009872648961150364,0.01225654756113334,0.0,0.01830373256721408,0.7439871463944685,0.04856550262784853,0.060292368859756716,0.6833393491759924,0.793953340156263,21.342419443276107,0.05892026752934746,0.07314744645838206,21.255534593688544,21.412343719243214,0.0010752018055248287,0.00014872156330657802,0.0001846326068318732,0.0008464668646660676,0.0012279221288305994,0.9989247981944752,0.00014872156330658173,0.00018463260683187777,0.9987720778711694,0.999153533135334,275485.6,12.973048986263791,16.10558549572166,275467.0,275500.0,346.4,12.973048986263791,16.10558549572166,332.0,365.0,232767.6,18.609137540466513,23.102591840743756,232749.0,232789.0,233114.0,24.13503677229434,29.96280200515299,233081.0,233136.0,223161.8,1095.288866007502,1359.7627275341238,221764.0,224626.0,44462.6,93.55372787869011,116.14367327134094,44373.0,44619.0,19.61641550064087,1.3204520372142698,1.6392949106159977,18.957363605499268,21.971761226654053,0.8296478909073087,0.0004144721956476996,0.0005145526999606264,0.8289496786601587,0.8299596677366232,0.8293556590607413,0.0001294401582823925,0.00016069541847904548,0.829174339111478,0.8295347483194834,0.8294196936574719,0.0003919152686704689,0.00048654906593926383,0.8290058098495955,0.8300451938119242,0.8269243953361688,0.010726108977858037,0.013316088250513263,0.8100951592883741,0.8356164383561644,0.17352023144623888,0.00027097975140353235,0.0003364118611176151,0.17313370655816815,0.1737967135875489,0.17353749957721049,0.00045757502350158023,0.0005680633496038276,0.17288459960704025,0.1741712963428902,0.17284797367744442,0.010520675551531898,0.013061049853997694,0.15947813615891895,0.18388574982783823,0.170582958714615,0.00011035019911894244,0.00013699590345044106,0.17043349388662468,0.17071983406353844,0.17053252197159613,0.00037520635105867605,0.00046580553052036295,0.16993307839388144,0.17090731389477112,0.1724931290237843,0.010993971668030624,0.013648630389393374,0.16355334163553342,0.1894911046752172,94485.4,14.152738250953417,17.57012835923517,94465.0,94501.0,92078.6,18.420097719610503,22.867905530677707,92048.0,92097.0,2406.8,9.011104260855047,11.186970020519405,2393.0,2417.0,0.0,0.0,0.0,0.0,0.0,13.8,4.08656334834051,5.073325126581185,8.0,19.0
conversation_trace,0.0025,4.0,"l1=0.0025,l2x4",all16,label_binary_120,horizon,120.0,5,58742117,2662942,464360509,1857442038,16.477058530253515,0.11871441721219825,0.14737978697299836,16.349781877966706,16.592960039216837,12341915.0,69735.36185465736,86574.00689802911,12267150.0,12409998.0,9678973.0,69735.36185465736,86574.00689802911,9604208.0,9747056.0,1.4881598496016069,0.11399349795998291,0.14151893123157178,1.376055275638091,1.6079025548228028,874176.6,66962.19394404576,83131.21616119942,808324.0,944516.0,1707.6,130.7891432803197,162.3701360600526,1579.0,1845.0,0.34794524003961247,0.0203609174862726,0.02527736522799788,0.31726469783171074,0.3678178639697306,17.50533948240238,0.023691927779968962,0.029412697726091386,17.48409407852972,17.543553971675895,59.64822139454047,7.944109290391274e-15,9.86233317235019e-15,59.64822139454048,59.64822139454048,0.042360066798409736,0.025897123582276315,0.03215037100293423,0.014817307316316163,0.0836742060215501,1.445799782803197,0.13397875192259717,0.16632992336529479,1.2984823138056125,1.5895988222555888,19.3414445720436,0.11871441721219729,0.14737978697299717,19.225543063080277,19.468721224330405,0.019489277897384496,0.0011430366001637946,0.0014190398655065002,0.01776316661079776,0.02060383588908922,0.9805107221026155,0.0011430366001637866,0.0014190398655064902,0.9793961641109108,0.9822368333892022,272448.6,50.96861779565932,63.2757520900384,272384.0,272504.0,3383.4,50.96861779565932,63.2757520900384,3328.0,3448.0,222238.8,40.56106507477337,50.35514026432653,222185.0,222285.0,225622.2,15.610893632332518,19.38037714390512,225595.0,225633.0,197254.2,870.102120443342,1080.2012777140378,196133.0,198235.0,41265.8,57.885231277071014,71.86248523840516,41228.0,41367.0,20.661922025680543,5.496957639905712,6.824280192698072,18.106135845184326,30.493860960006714,0.7735939541433654,0.000388237358353797,0.0004819830692245767,0.7730096748706506,0.7738906050640654,0.8572526659626185,0.00013682118374026153,0.00016985870281441463,0.8570224319323867,0.8573430708083783,0.8574171718865825,0.00013715621601080618,0.0001702746336324356,0.8572986341408577,0.8576326438848921,0.8511383941719352,0.0077351373502112415,0.009602901834941386,0.8404653095139177,0.858887952822241,0.1228296052497827,0.00029177784113739325,0.00036223196036421916,0.12247864221213067,0.12328311179541505,0.12259435676916804,0.00015350263082569208,0.00019056813453792294,0.12239846991701242,0.12280858637083174,0.1315874643693798,0.007207792685118742,0.00894822192134877,0.12128311482322089,0.14081630380232538,0.14061883611057255,0.00019845644415695006,0.0002463767177577879,0.1402840280743247,0.14080991427914563,0.14061538078092736,0.00015417349486953613,0.0001914009887286052,0.14047552133101007,0.14083018528512323,0.14072927437392227,0.007283178668064126,0.00904181097622642,0.13310867733782644,0.14997922725384297,91332.0,7.745966692414834,9.616346083622405,91322.0,91343.0,88947.6,9.710818709048173,12.055640976737818,88936.0,88960.0,2384.4,13.63084736911099,16.92221912634392,2374.0,2407.0,0.0,0.0,0.0,0.0,0.0,33.0,3.6742346141747673,4.561433458903023,29.0,38.0
conversation_trace,0.0025,4.0,"l1=0.0025,l2x4",all16,label_binary_150,horizon,150.0,5,58742117,2662942,464360509,1857442038,16.839882362428305,0.17431140697367875,0.21640150059301033,16.572521552125878,17.034140938434344,12555045.4,102394.21062882412,127118.8226681013,12397992.0,12669157.0,9892103.4,102394.21062882412,127118.8226681013,9735050.0,10006215.0,2.2723355373794236,0.1764094628561779,0.21900616341561818,2.0874171082393915,2.5466617078168974,1334818.0,103626.65307004757,128648.85675081363,1226193.0,1495963.0,2607.6,202.45443931907246,251.3400885862818,2395.0,2922.0,0.9359308586035467,0.016450053873242186,0.020422165162966115,0.9099569904843573,0.9535373061205813,15.770354343885836,0.028225709644540565,0.03504122896158776,15.739858337076956,15.812070579614964,59.64822139454047,7.944109290391274e-15,9.86233317235019e-15,59.64822139454048,59.64822139454048,0.05578280401436673,0.05125830690153799,0.06363539095880766,0.0,0.11156560802873346,2.216552733365057,0.18106911736699174,0.22479096112846877,1.975851500210658,2.469088745984419,18.97862073986881,0.17431140697367792,0.2164015005930093,18.78436216386277,19.245981550171233,0.05602320068904994,0.0010197416375792197,0.0012659734920425422,0.054416666081298214,0.057120631805617224,0.9439767993109502,0.0010197416375792023,0.0012659734920425208,0.9428793681943828,0.9455833339187018,263838.0,49.391294779545916,61.31756086473106,263779.0,263894.0,11994.0,49.391294779545916,61.31756086473106,11938.0,12053.0,209663.2,53.602238759216014,66.5453001844608,209600.0,209726.0,221657.2,13.809417076763232,17.14390715793806,221641.0,221676.0,166850.2,1638.555217256959,2034.2088562939252,164578.0,169070.0,37515.2,108.3083560949939,134.46102692096323,37398.0,37615.0,17.9126838684082,0.11988964812071129,0.14883879494362368,17.84390640258789,18.12587022781372,0.7130938311511519,0.00016453762278769926,0.00020426769018416216,0.712937125711601,0.7132671905875176,0.8732032915960175,0.00024875322611031303,0.0003088184092034357,0.8729352957511802,0.8735873587358736,0.8736306721320398,0.00020271245753362762,0.00025166040915381924,0.8734555577105176,0.8739703835535172,0.8573131995864525,0.004047493934457017,0.005024821818975195,0.8509106310885218,0.861850443599493,0.10318226798690644,0.0005516132147527178,0.0006848084671673128,0.10260072202871441,0.10387373988063969,0.10220300230460715,0.0004952593840730289,0.0006148471620813493,0.10164599702298911,0.10283574840101899,0.13958558370628232,0.0033910869777784448,0.004209915595159426,0.13657098900438017,0.14409147398198344,0.11634234914718758,0.0001861636477059737,0.00023111564193572533,0.11612946235125496,0.1165787281310747,0.11655786356089051,0.00010459483724347542,0.00012985082345865983,0.11641225728432245,0.11666457508584989,0.10833078099689446,0.005503961695550894,0.006832975482227135,0.1022391212505281,0.11732316814908937,90010.2,15.770225109363532,19.578181586654054,89991.0,90028.0,87652.6,10.237187113655782,12.709108897165056,87636.0,87664.0,2357.6,15.15915564930976,18.819560275415576,2337.0,2375.0,0.0,0.0,0.0,0.0,0.0,27.2,5.06951674225463,6.293627303868573,19.0,32.0
conversation_trace,0.0025,4.0,"l1=0.0025,l2x4",all16,label_binary_180,horizon,180.0,5,58742117,2662942,464360509,1857442038,15.923646401780175,0.23067016243853508,0.28636891962710176,15.593949397499582,16.136728609900118,12016829.0,135500.53670373413,168219.16581898785,11823158.0,12141998.0,9353887.0,135500.53670373413,168219.16581898785,9160216.0,9479056.0,3.500495904837751,0.2365179122130081,0.2936286959564816,3.2804963430242053,3.860563962990983,2056265.4,138935.62871812255,172483.71212433072,1927033.0,2267777.0,4017.4,271.1029324813732,336.56478610716243,3765.0,4430.0,2.2596883935933056,0.03462348852113325,0.042983847137838156,2.219981278509251,2.3149863665962194,14.134672402085883,0.04824188099260563,0.059890603945418654,14.090130595735936,14.214608574627979,59.64822139454047,7.944109290391274e-15,9.86233317235019e-15,59.64822139454048,59.64822139454048,0.0306805422079017,0.013759238098230082,0.01708161171530855,0.016560519941765123,0.04793834719984641,3.4698153626298485,0.24549083823995374,0.30476826903808907,3.2395308463261547,3.842260230423769,19.89485670051694,0.2306701624385344,0.2863689196271009,19.681774492396997,20.22455370479753,0.13783401518916966,0.002154892457428327,0.002675223437755079,0.13507981022632423,0.14111367641642955,0.8621659848108303,0.0021548924574283463,0.0026752234377551034,0.8588863235835704,0.8649201897736758,244346.4,73.54114494621362,91.2987531796574,244245.0,244437.0,31485.6,73.5411449462136,91.29875317965737,31395.0,31587.0,188689.2,76.84204578224086,95.3967058416589,188576.0,188782.0,220174.8,40.145983609820796,49.839831177884214,220122.0,220232.0,126169.6,526.4549363430834,653.5753465431204,125597.0,126783.0,31950.6,104.25353711025828,129.4271113088753,31794.0,32051.0,26.09052953720093,11.318060247894886,14.050974999108298,17.742696046829224,39.09891700744629,0.64744465462232,0.0002487689229556922,0.00030883789628665986,0.6470625255901479,0.6476495025198994,0.8850153825343197,0.0003364913551175515,0.00041774222036432284,0.8846818521367807,0.8854733648612474,0.8862801338909969,0.0003458141242465581,0.0004293161113920274,0.8859264684006363,0.8866842225784292,0.8371884717452005,0.0020087591068758386,0.002493804006317537,0.83426845058265,0.8398100172711571,0.10021993703235063,0.0007960624561784648,0.0009882836302777945,0.09928502745752316,0.10104590794744227,0.09786453912341524,0.0008232361273584113,0.0010220187903688918,0.0968345100372504,0.09860230019633116,0.1892986424933914,0.006667752104355676,0.008277780473555884,0.18285357128872654,0.1996224210642575,0.08655926637662402,0.0003231846353050704,0.0004012223942359819,0.08605112875881146,0.0868589922437364,0.08680316034533339,0.0003471887095202529,0.0004310226108178827,0.08626059079459583,0.08714529562039615,0.07733919630330706,0.0024569532326440815,0.0030502213002693078,0.0755287009063444,0.08130434782608696,89645.0,34.43109060137364,42.74499186571451,89605.0,89691.0,87335.6,41.113258202190686,51.040668672735855,87291.0,87391.0,2309.4,8.648699324175862,10.737056997147775,2300.0,2317.0,0.0,0.0,0.0,0.0,0.0,37.0,3.5355339059327378,4.389241392313711,33.0,41.0
conversation_trace,0.0025,4.0,"l1=0.0025,l2x4",all16,label_binary_240,horizon,240.0,5,58742117,2662942,464360509,1857442038,13.355254118607949,0.2070070106677385,0.2569919463075429,13.15300059750996,13.6912447333146,10508101.0,121600.30040464539,150962.50978055398,10389293.0,10705469.0,7845159.0,121600.30040464539,150962.50978055398,7726351.0,8042527.0,3.9660044938455314,0.20137441280079924,0.24999927352837878,3.6312600037891043,4.160641673843658,2329715.0,118291.59317550846,146854.86575519026,2133079.0,2444049.0,4551.6,231.5271042448378,287.4327828361963,4167.0,4776.0,4.942500795468437,0.04982483287616273,0.06185578321231548,4.874703443187109,5.005832527281916,13.554743694375196,0.05770787873543776,0.0716423082757511,13.490165837911494,13.630157387756386,59.64822139454047,7.944109290391274e-15,9.86233317235019e-15,59.64822139454048,59.64822139454048,0.0010459275752693763,0.0011364355940606484,0.001410844947853405,0.0,0.0026148189381734405,3.964958566270262,0.20142946258440148,0.25006761590473653,3.629516791163655,4.158026854905485,22.463248983689162,0.20700701066773844,0.25699194630754285,22.127258368982513,22.665502504787153,0.26720283423916713,0.00278301156212949,0.003455011285081645,0.26342826826536936,0.2706440835711855,0.7327971657608329,0.0027830115621294855,0.0034550112850816393,0.7293559164288145,0.7365717317346306,194998.0,120.24350294298648,149.27809329972027,194862.0,195153.0,80834.0,120.24350294298648,149.27809329972027,80679.0,80970.0,145305.0,114.20814331736595,141.7854059175344,145159.0,145454.0,226139.0,16.926310879810757,21.01342153957798,226126.0,226168.0,81959.2,829.2274718073443,1029.4568344523434,81208.0,82993.0,22706.6,60.92043991961975,75.63059035707707,22643.0,22794.0,18.01739192008972,0.12543199270210068,0.15571942143295783,17.933135271072388,18.230656147003174,0.5865693504778304,0.0006363503504339253,0.0007900066503254338,0.5858047579330996,0.587290624933458,0.8748805634664245,0.0004510688273129638,0.0005599861351356905,0.874345663459241,0.8753774958176722,0.8785794298106671,0.0005125605903560944,0.0006363260031206505,0.8780853735788666,0.87917454666815,0.7191306452804227,0.004231377884556526,0.005253107296256166,0.7138769670958512,0.7252231094410522,0.14556414985162647,0.00046910787457107704,0.0005823809798776264,0.14493994981777156,0.1461161172291761,0.1393888927681083,0.0004915681825846561,0.0006102646648429692,0.13880789837138874,0.13983537532024626,0.4055910203720033,0.009227192795596445,0.011455236360576224,0.39515568039995913,0.41565052888770215,0.04484223937991236,0.0004779329483355297,0.0005933369995588853,0.04422404240988985,0.04536369166594247,0.04510419236040782,0.0005091943800691395,0.0006321469710649992,0.0444432083657804,0.045620742156677524,0.033794131904367974,0.0038503462014505435,0.00478006982022876,0.028931404573028466,0.0386946386946387,92056.0,17.790446874657196,22.08621608152922,92029.0,92078.0,89920.4,38.61735361207445,47.94209062775631,89884.0,89981.0,2135.6,24.915858403835898,30.932164685970488,2097.0,2164.0,0.0,0.0,0.0,0.0,0.0,31.0,2.449489742783178,3.040955639268682,27.0,33.0
conversation_trace,0.0025,4.0,"l1=0.0025,l2x4",all16,label_binary_300,horizon,300.0,5,58742117,2662942,464360509,1857442038,11.80150385114653,0.16540968656538785,0.20535032679057263,11.687031980818805,12.087521462667068,9595395.2,97165.15161157318,120627.12922320022,9528152.0,9763408.0,6932453.2,97165.15161157318,120627.12922320022,6865210.0,7100466.0,3.533347631989497,0.14912178740672188,0.18512947102078825,3.271851778852301,3.6434199332652586,2075563.2,87597.29483094784,108748.97046851252,1921955.0,2140222.0,4056.2,171.20367986699353,212.54336634352998,3756.0,4183.0,5.427511575723428,0.034421516132607605,0.04273310549841175,5.3934930537147645,5.480694541533122,15.05614004343766,0.051020767009426794,0.06334049351063706,14.989163567257885,15.129539849576753,59.64822139454047,7.944109290391274e-15,9.86233317235019e-15,59.64822139454048,59.64822139454048,0.0,0.0,0.0,0.0,0.0,3.533347631989497,0.14912178740672188,0.18512947102078825,3.271851778852301,3.6434199332652586,24.016999251150587,0.1654096865653883,0.2053503267905732,23.730981639630045,24.13147112147831,0.2649690521478592,0.0018547723817712398,0.00230263488570416,0.26280194935757994,0.26774462785256814,0.7350309478521408,0.0018547723817712322,0.002302634885704151,0.7322553721474319,0.73719805064242,170494.6,303.79154036937894,377.14654677374415,170235.0,170922.0,105337.4,303.79154036937894,377.14654677374415,104910.0,105597.0,127147.0,281.58124937573524,349.5732491733313,126936.0,127592.0,232484.4,61.2396930103344,76.02693187653963,232391.0,232554.0,74409.0,999.9282474257841,1241.3758628025598,73680.0,76157.0,19372.6,48.977545875635705,60.803906106104726,19324.0,19445.0,20.153859090805053,3.5042872704070827,4.350449789781034,18.45996642112732,26.420897722244263,0.5845468920782205,0.00032525998853814576,0.0004037988725152599,0.5841876924654263,0.5850253776372609,0.855171228642412,0.0005034531259666645,0.0006250194053787848,0.8545924583876333,0.8556298832783826,0.8600377654156504,0.00037908152076877524,0.00047061641785629436,0.8596299383952448,0.8604625979988738,0.630834584727622,0.006428320170167565,0.007980534121479694,0.6242574257425743,0.6385542168674698,0.18330092625962996,0.0009329006074617896,0.001158163397702059,0.1826672931075806,0.18492087388901682,0.1759786528918128,0.000920579258521093,0.0011428668749650275,0.17489155246541835,0.17742823396688767,0.5208588184823688,0.016892197949209767,0.020971071532198408,0.5028631500713111,0.5405666604558331,0.025937768047987066,0.0003615162316747579,0.00044880972726564716,0.025496411419847976,0.026416214382632294,0.026164697051772746,0.0003804329092630295,0.0004722941192937276,0.0256962792913761,0.026677497969130787,0.015478979648698602,0.0007926550120809622,0.00098405340789196,0.014420686225758329,0.016336633663366337,94333.4,29.988331063932183,37.229461658208265,94306.0,94383.0,92330.6,26.36854186336438,32.73562027150241,92294.0,92363.0,2002.8,16.813684902483452,20.873600337268122,1979.0,2020.0,0.0,0.0,0.0,0.0,0.0,19.0,2.8284271247461903,3.511393113850968,16.0,22.0
conversation_trace,0.0025,4.0,"l1=0.0025,l2x4",all16,label_binary_600,horizon,600.0,5,58742117,2662942,464360509,1857442038,9.295138954559638,0.11571437291121892,0.143655337151562,9.144186955332236,9.41433384159444,8123103.4,67973.07232132442,84386.18622631491,8034431.0,8193121.0,5460161.4,67973.07232132442,84386.18622631491,5371489.0,5530179.0,2.7793349701714023,0.13841898954599352,0.17184232270492955,2.6400716882573367,2.9550194794647937,1632640.2,81310.2447893253,100943.81825884728,1550834.0,1735841.0,3190.6,158.61052928478614,196.90941139762717,3031.0,3392.0,2.777584607650419,0.01872432711639869,0.02324559566084464,2.7566660561450314,2.807219222283051,20.966444569915655,0.03758024141306116,0.04665455219268601,20.91111731638817,21.007431516300308,59.64822139454047,7.944109290391274e-15,9.86233317235019e-15,59.64822139454048,59.64822139454048,0.0,0.0,0.0,0.0,0.0,2.7793349701714023,0.13841898954599352,0.17184232270492955,2.6400716882573367,2.9550194794647937,26.523364147737475,0.11571437291121892,0.143655337151562,26.404169260702673,26.674316146964877,0.11698078704799682,0.0008599309914772176,0.0010675741776911074,0.11600129345291899,0.11835649678492675,0.8830192129520033,0.0008599309914772212,0.001067574177691112,0.8816435032150732,0.883998706547081,146724.2,183.76533949578194,228.1382263748011,146429.0,146875.0,129107.8,183.76533949578194,228.1382263748011,128957.0,129403.0,113713.8,217.00967720357542,269.4099061293775,113368.0,113908.0,242821.6,35.82317685521484,44.47321814485657,242771.0,242865.0,82970.6,801.7729104927405,995.3729591067661,81789.0,83788.0,19118.6,94.2300376737694,116.98328817125974,19004.0,19266.0,19.24650921821594,0.20426675944887376,0.2535900204894942,19.072847604751587,19.5802903175354,0.5814968099319979,0.0003043568331754748,0.00037784833797397256,0.5811423080523271,0.5819466091050269,0.8116637708414884,0.0003285229125319776,0.0004078496782591018,0.8111643556280588,0.8119762676616307,0.8170648286142164,0.0003729233090184115,0.0004629712138682991,0.8165426177945252,0.817564692083329,0.5125899023154311,0.011222188613308922,0.013931953725923117,0.5043377674956623,0.5312855517633674,0.31609948845008035,0.0008206321194084784,0.0010187860057926839,0.3152235409914243,0.31714665315900736,0.30731606146991897,0.0008355062527385952,0.001037251720851388,0.3064279750837478,0.3083650541714656,0.8024620541692054,0.028464409402295842,0.03533756634229188,0.7646095634229404,0.8307290535138202,0.0,0.0,0.0,0.0,0.0,0.0,0.0,0.0,0.0,0.0,0.0,0.0,0.0,0.0,0.0,98071.4,27.72724292099739,34.42239999999999,98042.0,98099.0,96331.4,30.972568508278417,38.45135793908974,96284.0,96370.0,1740.0,18.65475810617763,23.159228173667618,1713.0,1758.0,0.0,0.0,0.0,0.0,0.0,0.0,0.0,0.0,0.0,0.0
conversation_trace,0.01,1.0,"l1=0.01,l2x1",all16,label_binary_60,horizon,60.0,5,58742117,3218284,1857442038,1857442038,12.16035983177113,0.057536544375035914,0.07142960267410506,12.08136404072737,12.231280326515982,10361536.8,33798.184214540284,41959.26077545764,10315133.0,10403197.0,7143252.8,33798.184214540284,41959.26077545764,7096849.0,7184913.0,0.8234936442620888,0.055322631694654574,0.06868110769873745,0.7626555236339201,0.9082137778589083,483737.6,32497.68503755306,40344.73664128834,448000.0,533504.0,944.8,63.47204108897082,78.7983137525163,875.0,1042.0,0.00017432126254489602,0.00038979419297397545,0.0004839158248246312,0.0,0.0008716063127244801,21.889085475077444,0.01394753043842665,0.017315370054341746,21.879177422223307,21.913170068419564,59.64822139454047,7.944109290391274e-15,9.86233317235019e-15,59.64822139454048,59.64822139454048,0.0,0.0,0.0,0.0,0.0,0.8234936442620888,0.055322631694654574,0.06868110769873745,0.7626555236339201,0.9082137778589083,22.712753440602082,0.05753654437503483,0.07142960267410371,22.641832945857228,22.791749231645838,7.966549826529156e-06,1.7813746958258352e-05,2.211514231844494e-05,0.0,3.9832749132645776e-05,0.9999920334501734,1.7813746958265698e-05,2.2115142318454057e-05,0.9999601672508673,1.0,271286.6,1.51657508881031,1.882774803315574,271285.0,271288.0,2.4,1.5165750888103102,1.8827748033155745,1.0,4.0,234894.4,25.73518991575543,31.949336033163505,234866.0,234932.0,234896.8,26.35716221447218,32.721492836360625,234867.0,234936.0,233049.0,1177.40965683147,1461.712810278134,231711.0,234617.0,45564.6,67.52629117610414,83.8315230981759,45488.0,45646.0,23.72152171134949,10.192617305680338,12.65377704313163,18.256659984588623,41.8193097114563,0.8560656003486692,0.0002117878672283017,0.00026292721211594773,0.8557694382359818,0.8562923338922802,0.8105533697423105,0.00020224402249302158,0.00025107886347372043,0.810204910774744,0.8107113825374659,0.8105983903847325,0.0002754970310307535,0.0003420199054039911,0.8102941647878444,0.8108899672916177,0.8088048205144187,0.010032072330222467,0.012454466084629658,0.8006658343736995,0.8261954261954262,0.2268373856181234,0.0004284468966577697,0.0005319018013270933,0.22655366982455916,0.22756267337876634,0.2268216734381686,0.0005323647201254154,0.0006609121359184134,0.2263640244007428,0.22754155886661345,0.2274447184661194,0.014690486568176295,0.018237724042207134,0.20227578697829346,0.24014923481316336,0.18947164052674756,0.00019158390557217806,0.0002378447020483823,0.18931988244367093,0.189795089225256,0.18942726318031994,0.00026906663334250283,0.00033403679211664665,0.1891314107360455,0.18971875701504023,0.19119517948558137,0.01003207233022247,0.012454466084629662,0.17380457380457381,0.19933416562630046,95965.8,15.959323293924463,19.812940353213598,95954.0,95993.0,93557.8,20.166804407243106,25.036380645772258,93533.0,93587.0,2408.0,9.695359714832659,12.03644917739447,2401.0,2425.0,0.0,0.0,0.0,0.0,0.0,4.0,1.224744871391589,1.520477819634341,3.0,6.0
conversation_trace,0.01,1.0,"l1=0.01,l2x1",all16,label_binary_90,horizon,90.0,5,58742117,3218284,1857442038,1857442038,15.49762157873881,0.046330192552677466,0.05751730976892661,15.452119303088788,15.56038914974753,12321915.0,27215.33591561934,33786.885399715626,12295186.0,12358786.0,9103631.0,27215.33591561934,33786.885399715626,9076902.0,9140502.0,0.6369436770554252,0.04291152928364976,0.05327315917497545,0.5796181979617793,0.6737516797360231,374154.2,25207.140738290807,31293.78149216032,340480.0,395776.0,730.8,49.256471656016934,61.15018268361917,665.0,773.0,0.009761990702514179,0.0032844642507131256,0.004077547217582517,0.006101244189071361,0.013074094690867202,18.728786025876456,0.01045054043688036,0.012973979568017227,18.714802192096688,18.742884257984777,59.64822139454047,7.944109290391274e-15,9.86233317235019e-15,59.64822139454048,59.64822139454048,0.025799546856644612,0.01543998366912379,0.019168198416495443,0.0,0.03922228407260161,0.6111441301987804,0.03665118180054977,0.045501157255553835,0.5508551896418714,0.6397590335397684,19.375491693634398,0.046330192552678756,0.05751730976892821,19.312724122625678,19.420993969284424,0.0005209424471975547,0.0001752082782787654,0.0002175149348749611,0.00032560224832713216,0.000698108770618638,0.9994790575528025,0.0001752082782787452,0.00021751493487493601,0.9993018912293814,0.9996743977516729,271161.0,8.94427190999916,11.104,271149.0,271171.0,128.0,8.94427190999916,11.104,118.0,140.0,226588.0,11.423659658795863,14.182072965543506,226573.0,226604.0,226716.0,16.507574019219177,20.49357440760396,226705.0,226744.0,221161.0,1718.3172000535874,2133.2305615691894,219042.0,223520.0,43654.0,93.50935782048768,116.0885893996477,43571.0,43801.0,19.528034257888795,2.4471761550490525,3.0380834012085876,17.72265362739563,22.31072449684143,0.8504097358039703,0.00010371293724044128,0.00012875597552333,0.8502775819111411,0.8505172112747607,0.8396704402853616,0.00012922776847044612,0.00016043174397366555,0.8395026966146115,0.8398193377885126,0.8397635362041338,0.0002085142115528655,0.00025886308336563483,0.8394157338343023,0.839970206332266,0.8361622182938167,0.004518471820396757,0.00560952435240649,0.8325659271661783,0.842791088692728,0.15905140506966295,0.00022245851342864905,0.000276174445272645,0.15877116192798413,0.1593002411469291,0.158889643209934,0.00025470018355015425,0.00031620134837125925,0.15866629418358308,0.15919849635144867,0.16515205513718684,0.003184057711992298,0.0039528960199026195,0.16099589620264443,0.16809026737653818,0.16026674653510561,0.00018754752270802277,0.00023283367423364482,0.16005891207589262,0.1604864736078321,0.16018087824823246,0.00025181156530775195,0.00031261523009507215,0.1598852721451441,0.16057314999055125,0.16350256239845035,0.004503477420057046,0.005590909330071802,0.15720891130727196,0.16715542521994134,92339.8,12.477980605851252,15.490975457988434,92327.0,92360.0,89955.8,14.342245291445828,17.80539470609961,89943.0,89979.0,2384.0,4.123105625617661,5.11869108268901,2379.0,2389.0,0.0,0.0,0.0,0.0,0.0,3.8,2.588435821108957,3.213452324214566,1.0,6.0
conversation_trace,0.01,1.0,"l1=0.01,l2x1",all16,label_binary_120,horizon,120.0,5,58742117,3218284,1857442038,1857442038,17.690848629102014,0.08777759624494873,0.10897280835282681,17.592408186446534,17.776100919209295,13610263.0,51562.41828599586,64012.934580803885,13552437.0,13660342.0,10391979.0,51562.41828599586,64012.934580803885,10334153.0,10442058.0,0.6772714711660801,0.08342152290391551,0.10356489601903938,0.5953700987657629,0.7720899810267308,397843.6,49003.56858739984,60836.21239043245,349733.0,453542.0,777.8,95.94112778157239,119.10754655117364,684.0,887.0,0.08872952263535208,0.011618875039801954,0.014424426017027585,0.07931617445792769,0.10895078909056001,16.416263649469766,0.012712512144051032,0.015782138140247565,16.39462874652611,16.42581250519112,59.64822139454047,7.944109290391274e-15,9.86233317235019e-15,59.64822139454048,59.64822139454048,0.00836742060215501,0.016382953015127197,0.020338861800098102,0.0,0.037479071447152644,0.6689040505639251,0.0767071655551827,0.09522925676851753,0.5910120672021405,0.7720899810267308,17.1822646432712,0.08777759624494973,0.10897280835282806,17.097012353163915,17.28070508592668,0.005375918193159587,0.0007040214660155338,0.0008740179678456602,0.004807324235818899,0.006601645955377824,0.9946240818068406,0.0007040214660155409,0.0008740179678456691,0.9933983540446222,0.9951926757641811,270276.6,18.782971010998235,23.3184,270249.0,270297.0,1012.4,18.782971010998235,23.3184,992.0,1040.0,219404.2,18.143869488066763,22.52497786547192,219375.0,219425.0,220416.6,11.610340218959994,14.413830336173657,220401.0,220429.0,206248.4,1658.5689011916268,2059.055143241229,204779.0,208572.0,41845.0,102.8809992175426,127.72315363472669,41721.0,41973.0,19.49106283187866,2.2181957750925982,2.7538122872910873,17.64624261856079,23.101322174072266,0.8176287108592181,0.0005304388061830789,0.0006585211812794119,0.8170323391912793,0.818351614711925,0.8621581585040351,2.8791530755192206e-05,3.57436760334005e-05,0.8621238957769386,0.8621907339950317,0.8622555177128982,0.00016370702993389325,0.00020323653827582723,0.8621194781414512,0.8625184540907999,0.8585847105043701,0.0054084704941540634,0.006714426503508697,0.8502092050209205,0.8643427131457371,0.11583364797235315,8.792285144428642e-05,0.0001091531375903182,0.11569714543785577,0.1159235950435391,0.11559723984989008,9.071901228977488e-05,0.00011262447324969071,0.1154830692504159,0.11568938188080058,0.12453253543480103,0.0021774264058103403,0.0027031985446560837,0.12185428148220949,0.12781894027868193,0.13706207801533613,7.444772421074546e-05,9.242423955290905e-05,0.13694036916975794,0.1371205792258424,0.13700531436215824,0.00021143013696393317,0.0002624831025343609,0.13663466050195128,0.13714318402837367,0.1391393692541518,0.005466623363900538,0.0067866212525237585,0.13397732045359093,0.14811715481171547,89771.0,7.483314773547883,9.290272934634373,89761.0,89781.0,87396.6,16.592166826548002,20.598593412172587,87379.0,87417.0,2374.4,11.23832727766904,13.95198931192251,2364.0,2390.0,0.0,0.0,0.0,0.0,0.0,6.0,2.449489742783178,3.040955639268682,4.0,10.0
conversation_trace,0.01,1.0,"l1=0.01,l2x1",all16,label_binary_150,horizon,150.0,5,58742117,3218284,1857442038,1857442038,18.610154618703984,0.10500509770510502,0.1303601474384957,18.473692393483198,18.704222049062345,14150282.8,61682.21734989753,76576.31032969418,14070122.0,14205540.0,10931998.8,61682.21734989753,76576.31032969418,10851838.0,10987256.0,1.168669491431506,0.11148893030399643,0.13840959829403182,1.0668954951010703,1.321113435527017,686501.2,65490.95788122204,81304.72816911017,626717.0,776050.0,1341.8,128.0456949686322,158.96424116335095,1225.0,1517.0,0.4120954646561342,0.011049135649273798,0.013717114538118708,0.4044253291041588,0.4305735184858932,14.682193697581585,0.022463571079705216,0.02788773594753898,14.647733924877103,14.701914811820624,59.64822139454047,7.944109290391274e-15,9.86233317235019e-15,59.64822139454048,59.64822139454048,0.005752601663981569,0.006273143855750823,0.007787888167440973,0.0,0.01568891362904064,1.1629168897675242,0.11406800364425462,0.14161142742650837,1.0599226445992744,1.3158837976506703,16.262958653669223,0.10500509770510502,0.1303601474384957,16.168891223310865,16.399420878890012,0.02730185330322519,0.0007522443012005849,0.0009338849270887248,0.026771893478588164,0.02855582565239564,0.9726981466967747,0.0007522443012005788,0.0009338849270887173,0.9714441743476043,0.9732281065214118,266734.4,52.548073228235495,65.23659063562411,266671.0,266790.0,4554.6,52.548073228235495,65.23659063562411,4499.0,4618.0,211654.4,50.11287259776674,62.21337442833334,211598.0,211713.0,216209.0,10.88577052853862,13.514302468126127,216197.0,216225.0,186284.4,1797.6707985612939,2231.7452720672577,183738.0,188510.0,39776.8,72.92941793268338,90.53931553883096,39691.0,39850.0,17.618338203430177,0.32404257860304364,0.40228750076187414,17.38908839225769,18.181553602218628,0.7743121346286911,0.0005710919333081424,0.0007089906133515801,0.7734460390923357,0.7749297778621771,0.8785160431292555,0.00020965655358592733,0.000260281260950435,0.8782485395042823,0.8787376734791145,0.8786363507026358,0.00031188192446984276,0.0003871904749945666,0.8782014665252212,0.8790111940298507,0.8741704159647767,0.004546182098484723,0.0056439256911610496,0.8673684210526316,0.879949452401011,0.09094465907189053,0.00025523020214055013,0.0003168593478693712,0.09059483368943211,0.09123419450181068,0.09071285099074003,0.0003023175640123652,0.00037531665680248967,0.09020946891165953,0.09095537054123738,0.09932061615808899,0.003639197944157153,0.004517936661422989,0.09520801889172013,0.10451015299123556,0.11786952362077803,0.0002158143799700074,0.00026792598651969956,0.11766508176072081,0.11817284678818953,0.11792203714518093,0.0002791369208060428,0.0003465387009495097,0.11759561567164178,0.11823130996374488,0.11596924217926297,0.0041664594495426,0.005172513335154788,0.10951979780960404,0.12084210526315789,88146.6,16.75708805252273,20.80333733226474,88123.0,88161.0,85773.6,20.044949488586894,24.88510203635902,85749.0,85801.0,2373.0,8.0,9.931719528863065,2360.0,2382.0,0.0,0.0,0.0,0.0,0.0,7.8,3.5637059362410923,4.424215980261361,4.0,11.0
conversation_trace,0.01,1.0,"l1=0.01,l2x1",all16,label_binary_180,horizon,180.0,5,58742117,3218284,1857442038,1857442038,18.284381204715523,0.16947048683987428,0.2103916679641888,18.037627074284707,18.48297534118493,13958916.6,99550.55165994812,123588.51975377477,13813968.0,14075575.0,10740632.6,99550.55165994812,123588.51975377477,10595684.0,10857291.0,2.236575845572607,0.1824921016328376,0.22655754620626456,2.028954795755829,2.4916075122045735,1313812.0,107199.72385692045,133084.69886481308,1191851.0,1463623.0,2566.4,209.3162678818825,259.85880817890313,2328.0,2859.0,0.9593416594093809,0.021160638917727695,0.026270191347801994,0.9300039356770203,0.9888577900588772,13.392814562675701,0.03707075125207729,0.04602203801998511,13.355020895825051,13.452916584535078,59.64822139454047,7.944109290391274e-15,9.86233317235019e-15,59.64822139454048,59.64822139454048,0.0010459275752693763,0.0014321953162292995,0.0017780202739175934,0.0,0.0034864252508979205,2.2355299179973374,0.1835551521898636,0.2278772862034375,2.025468370504931,2.4916075122045735,16.58873206765769,0.16947048683987376,0.21039166796418815,16.39013793118828,16.835486198088503,0.06684413311981466,0.0015313488836628405,0.0019011159516721108,0.06466029860695538,0.06893935815505955,0.9331558668801854,0.00153134888366287,0.0019011159516721472,0.9310606418449404,0.9353397013930447,258522.0,91.93204011659917,114.13040476928133,258366.0,258604.0,12767.0,91.93204011659917,114.13040476928133,12685.0,12923.0,200871.8,102.14058938541524,126.80396078608901,200702.0,200954.0,213638.8,27.142218037588602,33.696112117572255,213618.0,213682.0,158170.8,581.7385151423275,722.207971441357,157345.0,158899.0,36322.0,77.85563563416588,96.65504210748655,36236.0,36433.0,19.721995401382447,4.970209396648223,6.170340715903733,17.42155385017395,28.612417459487915,0.7218817200364173,0.00044459472622098394,0.0005519487656048092,0.7213883464008582,0.7223718547067293,0.890783165689933,8.357325358971553e-05,0.00010375326434595037,0.8907118224625643,0.8908832659419709,0.8912887467153501,0.00021386172071280089,0.0002655018285099479,0.8910111566162972,0.8915106558342164,0.8725096892460543,0.005160793046531956,0.006406943635582767,0.8674080410607357,0.8803563852354688,0.079442593442551,0.0005008369718601418,0.0006217715417750014,0.07905753180808042,0.08030092069632011,0.07834945644627725,0.0007121645302836558,0.000884127296647722,0.07759465955886684,0.07949880174920682,0.11895821060961483,0.010773285323593998,0.013374656029794043,0.10666583611662571,0.13219771150257167,0.09747014804671064,0.00023698179762516428,0.00029420459343236483,0.09713840763091298,0.09770516595442412,0.09766123982176916,0.00029972920914893265,0.000372103304984392,0.09739678953066892,0.09808539198831924,0.09057813415322927,0.004870457823735756,0.006046502635312538,0.08400509121764956,0.09684300341296928,87292.4,23.5966099260042,29.294363952132493,87268.0,87329.0,84940.6,22.864820139244483,28.38587258760949,84918.0,84972.0,2351.8,10.377861051295685,12.883750658872591,2338.0,2363.0,0.0,0.0,0.0,0.0,0.0,10.4,4.8270073544588685,5.992560401030598,5.0,18.0
conversation_trace,0.01,1.0,"l1=0.01,l2x1",all16,label_binary_240,horizon,240.0,5,58742117,3218284,1857442038,1857442038,16.200863172840705,0.16257755562971882,0.20183433552531246,16.040674870468152,16.46711506839292,12735014.0,95501.49794374955,118561.76152045165,12640916.0,12891416.0,9516730.0,95501.49794374955,118561.76152045165,9422632.0,9673132.0,3.6094187752886056,0.16384763318092344,0.20341109227762114,3.3531716264158473,3.7940375897586396,2120249.0,96247.56838486882,119487.98181669813,1969724.0,2228698.0,4143.2,188.0776435411716,233.49180066255002,3849.0,4355.0,2.9345758853055974,0.011222633682824456,0.013932506264123009,2.9198811476270086,2.9469009433214675,12.1282554389383,0.029872015633660515,0.03708506012941611,12.103743213749004,12.170880732813902,59.64822139454047,7.944109290391274e-15,9.86233317235019e-15,59.64822139454048,59.64822139454048,0.008890384389789696,0.003453585348704195,0.004287505131540101,0.0043580315636224005,0.012202488378142721,3.600528390898816,0.16431624503287376,0.2039928574628051,3.3427123506631538,3.781835101380497,18.672250099532505,0.16257755562971882,0.20183433552531246,18.40599820398029,18.83243840190506,0.1948227282739658,0.0007757975051827469,0.0009631254040833414,0.1937778247761308,0.1957706034900907,0.8051772717260341,0.0007757975051827392,0.000963125404083332,0.8042293965099093,0.8062221752238692,219340.2,252.0916500005504,312.96294542172234,219054.0,219673.0,51948.8,252.0916500005504,312.96294542172234,51616.0,52235.0,163825.0,264.89337477558774,328.85583791564346,163517.0,164140.0,215773.8,32.71391141395355,40.61317410693234,215748.0,215825.0,103842.2,296.3371390831733,367.89216891997035,103470.0,104169.0,27758.2,114.26591792831317,141.8571310715115,27570.0,27869.0,21.99810733795166,9.363363445080475,11.624287447918539,17.47636127471924,38.73346281051636,0.6413104275511579,0.0003320897527498906,0.0004122777853401744,0.6408823435580657,0.6417047136759894,0.8918416756082385,0.00027228513625787444,0.000338032450648934,0.8915609324284449,0.8922518022364762,0.8942280383759857,0.00020177209276418887,0.00025049297926070806,0.8940304767230532,0.8944713666651135,0.8004065078763704,0.0077642919351244575,0.009639096229983695,0.7884963768115942,0.8072289156626506,0.10249856283335315,0.0006256004514290207,0.0007766610275903943,0.10192806161611953,0.10351275016505315,0.09847715156249151,0.0005738953727654919,0.000712470985152398,0.09785760858040662,0.09927297714429882,0.25656294475165814,0.009309732574472082,0.011557706602297125,0.24255046933436378,0.268558588232489,0.058808836155994824,0.0004421841521330976,0.0005489561223867552,0.05804153764136069,0.0591414330642506,0.059012180808237634,0.0005670076713579095,0.0007039201453300651,0.058020080741800754,0.0593690293117107,0.051056942387348946,0.004673730873080956,0.0058022730231035435,0.046861184792219276,0.058876811594202896,88106.0,33.689761055846034,41.82465722513455,88077.0,88161.0,85864.0,50.224496015390734,62.35195098792017,85835.0,85953.0,2242.0,21.295539439046856,26.437665615556906,2208.0,2262.0,0.0,0.0,0.0,0.0,0.0,23.2,1.9235384061671346,2.388005494131033,21.0,26.0
conversation_trace,0.01,1.0,"l1=0.01,l2x1",all16,label_binary_300,horizon,300.0,5,58742117,3218284,1857442038,1857442038,14.595616974444416,0.14830052724557424,0.18410990532319485,14.350761311513509,14.745457675623097,11792058.4,87114.8692262119,108150.0559935401,11648225.0,11880078.0,8573774.4,87114.8692262119,108150.0559935401,8429941.0,8661794.0,3.210212529453101,0.1442216292185573,0.1790460964242992,3.087879859692493,3.4541690079027965,1885746.8,84718.83817487111,105175.46744549464,1813886.0,2029052.0,3685.4,165.44727256742553,205.39698849437883,3545.0,3965.0,4.032343607909126,0.008957077508675308,0.011119897701806335,4.020719920598027,4.045179372748858,13.034940160566567,0.029507515924568812,0.036632546519534744,12.994596364308764,13.074339830142655,59.64822139454047,7.944109290391274e-15,9.86233317235019e-15,59.64822139454048,59.64822139454048,0.00034864252508979204,0.0007795883859479509,0.0009678316496492624,0.0,0.0017432126254489603,3.2098638869280114,0.14419559972267967,0.1790137817177324,3.087879859692493,3.4541690079027965,20.277496297928792,0.14830052724557394,0.18410990532319446,20.127655596750113,20.5223519608597,0.2362622926886974,0.0007676865739966888,0.0009530559673761118,0.23554855529348812,0.2373962800432588,0.7637377073113026,0.0007676865739966813,0.0009530559673761025,0.7626037199567413,0.7644514447065119,189112.8,179.6265570565778,223.00007307765617,188814.0,189245.0,82176.2,179.62655705657778,223.00007307765614,82044.0,82475.0,139565.8,179.95610575915453,223.40919623829274,139268.0,139713.0,221742.0,48.104053883222775,59.719496421185596,221660.0,221783.0,81684.8,467.74694012895475,580.6914274805853,81117.0,82331.0,22279.6,53.90083487294051,66.91599679120081,22206.0,22351.0,18.18797731399536,0.1377022647915818,0.1709525340499032,18.03853416442871,18.353114128112793,0.6193466094221174,0.00025636342216096223,0.00031826620079527433,0.6190165513743421,0.6196144172508983,0.876773270636898,0.0006914784122698052,0.0008584462063659063,0.875747691967494,0.877558697913209,0.8807176930503695,0.0008047899396082949,0.0009991184949800285,0.879466105148757,0.8815418257628117,0.7111002265849826,0.0097795720919877,0.012140995891239808,0.6962750716332379,0.7203028868906768,0.1432719327969685,0.0008459274254825672,0.0010501892414582583,0.14215151837641002,0.14442881692486245,0.13731000976932375,0.001061794711960065,0.0013181809095521638,0.13596323320645734,0.13884377815037072,0.3936675846941619,0.0157428629088816,0.019544212374044172,0.3779061690443154,0.41728974431778515,0.032612943403930963,0.0004056439655241418,0.0005035927617701968,0.03233192487224299,0.03323566808557687,0.032875365660475664,0.0004320379892588954,0.0005363600168916628,0.03255503215871003,0.033509939772675815,0.0215922434103349,0.0015635545974652574,0.0019410982162611655,0.019120458891013385,0.022922636103151862,90405.6,25.16545250934304,31.242027017464785,90378.0,90445.0,88303.0,27.730849247724095,34.426877128197376,88259.0,88332.0,2102.6,12.461942063739505,15.471064170250214,2092.0,2119.0,0.0,0.0,0.0,0.0,0.0,4.2,1.7888543819998317,2.2207999999999997,3.0,7.0
conversation_trace,0.01,1.0,"l1=0.01,l2x1",all16,label_binary_600,horizon,600.0,5,58742117,3218284,1857442038,1857442038,11.86492614830344,0.14701886539940268,0.18251876707481723,11.70607623828062,12.096414570826584,10187992.8,86361.99392498995,107215.387702047,10094681.0,10323974.0,6969708.8,86361.99392498995,107215.387702047,6876397.0,7105690.0,2.9302430486119526,0.13113828797914515,0.16280358696301805,2.7416104189775794,3.0816679623582512,1721286.8,77033.4065565064,95634.27353401283,1610480.0,1810237.0,3363.6,150.39215405066847,186.7065866716008,3147.0,3537.0,2.2529838344096453,0.01187146880226608,0.014738012317469329,2.240028223701914,2.267048019396373,17.82496024104817,0.03462092997549022,0.04298067079312211,17.775884719987193,17.864764730899978,59.64822139454047,7.944109290391274e-15,9.86233317235019e-15,59.64822139454048,59.64822139454048,0.0,0.0,0.0,0.0,0.0,2.9302430486119526,0.13113828797914515,0.16280358696301805,2.7416104189775794,3.0816679623582512,23.00818712406977,0.14701886539940326,0.18251876707481796,22.776698701546625,23.16703703409259,0.11221238446515211,0.0006849053182264691,0.0008502859405564994,0.11146848138930798,0.11293614801905573,0.887787615534848,0.0006849053182264567,0.0008502859405564839,0.8870638519809443,0.888531518610692,159051.2,183.63060747054126,227.97096128902032,158775.0,159240.0,112237.8,183.63060747054124,227.97096128902027,112049.0,112514.0,119792.2,192.0499934912782,238.423333859419,119503.0,119966.0,232030.0,21.17781858454737,26.291519301858532,232012.0,232056.0,84217.6,1014.1875073180502,1259.078234044954,82588.0,85381.0,20095.2,108.00324069211997,134.08223684530327,19930.0,20210.0,20.98468255996704,5.063432130776584,6.286073472038315,18.692327976226807,30.04232168197632,0.6130265585544761,0.00036675455533263416,0.0004553129224370765,0.6125407464017799,0.6134978094631842,0.8377544900192738,0.00027637628939904314,0.00034311147384239837,0.8374621906019682,0.8380952380952381,0.8426032151123483,0.0003335035912485603,0.0004140330162686614,0.842263650783304,0.8431280908646269,0.5974008784090921,0.005522945682043491,0.006856543435900159,0.5898123324396782,0.6044613710554951,0.25448292658903376,0.0012552978457716687,0.001558408266173777,0.252514272081913,0.25568588485400084,0.24676232428041672,0.0010335591043719105,0.0012831273926405902,0.24594573719211663,0.24816524878574364,0.6370410975380404,0.03585423223994208,0.04451177231622806,0.5798780045981138,0.6748365133415729,0.0,0.0,0.0,0.0,0.0,0.0,0.0,0.0,0.0,0.0,0.0,0.0,0.0,0.0,0.0,93860.2,31.23619695161369,38.77864340896932,93809.0,93892.0,92004.4,27.309339061939966,33.90358701022651,91971.0,92046.0,1855.8,16.70927885936434,20.743983895095944,1838.0,1880.0,0.0,0.0,0.0,0.0,0.0,0.0,0.0,0.0,0.0,0.0
toolagent_trace,0.0025,4.0,"l1=0.0025,l2x4",all16,label_binary_60,horizon,60.0,5,83026370,29393272,446163482,1784653926,8.033197404631805,0.04359451833597302,0.05412106613859528,7.978678340387518,8.088390471605587,36062944.2,36194.94609334292,44934.75662017497,36017679.0,36108769.0,6669672.2,36194.94609334292,44934.75662017497,6624407.0,6715497.0,0.5187600035988567,0.04117879200495515,0.05112202659132541,0.46576045658746734,0.5759338870289042,430707.6,34189.256211564476,42444.762949212214,386704.0,478177.0,841.6,66.92010161379015,83.07896000889754,756.0,935.0,0.00012333430932847,0.00027578389961644534,0.0003423760426958327,0.0,0.0006166715466423499,15.248687615753889,0.007654486236874707,0.00950277630527276,15.240695215267149,15.261328418910763,40.79689862389503,0.0,0.0,40.79689862389503,40.79689862389503,0.0,0.0,0.0,0.0,0.0,0.5187600035988567,0.04117879200495515,0.05112202659132541,0.46576045658746734,0.5759338870289042,15.76757095366207,0.043594518335973095,0.05412106613859537,15.712377886688289,15.822090017906358,8.081165840754157e-06,1.8070036157375533e-05,2.2433316373933534e-05,0.0,4.040582920377078e-05,0.9999919188341593,1.8070036157355872e-05,2.2433316373909126e-05,0.9999595941707963,1.0,271077.0,1.8708286933869707,2.3225682336585933,271075.0,271079.0,3.0,1.8708286933869707,2.3225682336585933,1.0,5.0,237859.0,17.392527130926087,21.592212670312414,237837.0,237881.0,237862.0,17.334935823359714,21.520715081056203,237842.0,237886.0,211557.8,1673.6496646550615,2077.777382366224,209479.0,213460.0,43448.6,105.78421432331008,131.3273934050318,43304.0,43593.0,23.58179817199707,10.193845324813056,12.655301585831909,18.93513774871826,41.8168158531189,0.8461250500117604,0.00017554854688685864,0.0002179373664224684,0.8459559146780358,0.846388965546917,0.7931973203281545,0.00010529320967079336,0.00013071782834301145,0.7930612456567961,0.7933520764386717,0.7932039110463188,0.0003687888268979215,0.0004578383992660734,0.7927474243240569,0.7937282842943221,0.7930784300985995,0.004320416217803142,0.005363645265396521,0.7870659562741136,0.7982809070958303,0.27081978392326733,0.00027123786070267636,0.0003367322947634763,0.27059939971223984,0.2712840401478002,0.2708421416567982,0.0007144226243666388,0.0008869306412854686,0.270110575398908,0.271869961829326,0.27046522553835506,0.0076893409078175965,0.00954604715728221,0.26153864527405185,0.2787672471583221,0.20685869685095723,0.00011922430948756743,0.00014801280035661092,0.2066894212115239,0.20700098532386038,0.20685326796518955,0.00038193599610382526,0.00047416014891001605,0.20631569688173462,0.20730755275050303,0.2069581463461702,0.004265790102106629,0.0052958288578903966,0.20190197512801755,0.21293404372588645,96397.2,10.73312629199899,13.324799999999998,96388.0,96415.0,90946.6,12.77888884058391,15.864542481899688,90931.0,90966.0,5450.6,18.46076921474292,22.91839776598704,5422.0,5468.0,0.0,0.0,0.0,0.0,0.0,6.0,2.449489742783178,3.040955639268682,3.0,9.0
toolagent_trace,0.0025,4.0,"l1=0.0025,l2x4",all16,label_binary_90,horizon,90.0,5,83026370,29393272,446163482,1784653926,10.93879474677744,0.03201343142099612,0.039743552753728206,10.902088095625523,10.980719740005494,38475356.2,26579.590021292654,32997.629160455755,38444880.0,38510165.0,9082084.2,26579.590021292654,32997.629160455755,9051608.0,9116893.0,0.56153002955567,0.03358000549875518,0.04168839954891449,0.5155374129930045,0.6006380864296488,466218.0,27880.25961141682,34612.364856560074,428032.0,498688.0,910.8,54.36634988667163,67.49391736030736,836.0,974.0,0.03071024302278902,0.006429373894310373,0.007981842283060587,0.022816847225766945,0.03823363589182569,12.269733338937979,0.015461183263301677,0.019194516969433004,12.254560810017347,12.291875460772282,40.79689862389503,0.0,0.0,40.79689862389503,40.79689862389503,0.010853419220905358,0.021586146848750237,0.026798444526329828,0.0,0.049333723731387995,0.5506766103347648,0.02424787823566167,0.030102890725826836,0.5149207414463621,0.5827546115770207,12.861973611516436,0.032013431420996434,0.039743552753728595,12.820048618288382,12.898680262668355,0.0024969656921665865,0.0005243512739365582,0.0006509637234174927,0.0018528150484887096,0.0031099356978863627,0.9975030343078336,0.0005243512739365518,0.0006509637234174847,0.9968900643021137,0.9981471849515113,270664.6,17.08215443086732,21.20689584451246,270644.0,270686.0,415.4,17.08215443086732,21.20689584451246,394.0,436.0,227176.0,31.160872901765767,38.685131241860866,227133.0,227212.0,227591.4,16.10279478848315,19.991055183756558,227569.0,227606.0,193116.2,1070.0655120131664,1328.4488178530025,191846.0,194446.0,40680.2,69.81905184117011,86.67790508220648,40576.0,40763.0,22.845729637145997,9.647908970863686,11.977540742327502,18.45221734046936,40.1042058467865,0.8276432367860529,0.00024357951493986346,0.0003023954281699043,0.8272237707425762,0.8278607784667765,0.8329708959351663,0.00018886087043908214,0.00023446414939723865,0.8327312020432444,0.8332259649505923,0.8330231044759954,0.00022280363896457335,0.0002766029065257761,0.8327163430852607,0.8333430047002843,0.832143914746674,0.002491341125008783,0.003092912663038676,0.8283403786068737,0.8349926253687315,0.17716647367231686,0.00030137769325029986,0.00037414984020221314,0.17671763633098347,0.17751005355764124,0.1769946582479376,0.00044811595736311843,0.0005563202506173065,0.17627239039821493,0.17746530236856228,0.17989320391238275,0.0038361050886244873,0.00476238997793285,0.17533825436936806,0.1838664481771009,0.16690902008688865,0.00011956338372101709,0.0001484337491298717,0.16673035977507233,0.16706141739158908,0.1668794176797717,0.00017707147004441303,0.0002198280221305735,0.16662217837869203,0.16710958443095705,0.16737724224396722,0.002360577786177501,0.0029305745622974287,0.16445427728613568,0.170740672670465,91597.2,14.805404418657398,18.3803905246869,91583.0,91619.0,86171.2,9.038805230781334,11.221359803517574,86160.0,86182.0,5426.0,8.514693182963201,10.570693070939106,5420.0,5441.0,0.0,0.0,0.0,0.0,0.0,12.2,6.099180272790763,7.571918478166547,4.0,19.0
toolagent_trace,0.0025,4.0,"l1=0.0025,l2x4",all16,label_binary_120,horizon,120.0,5,83026370,29393272,446163482,1784653926,12.057830060497645,0.08723441904488564,0.10829847290213936,11.95170763216554,12.153942175239024,39404450.6,72427.57152355726,89916.29081608,39316341.0,39484249.0,10011178.6,72427.57152355724,89916.29081607999,9923069.0,10090977.0,1.3028455899011362,0.0792925041747219,0.0984388640255677,1.2189874132760472,1.4008693864371042,1081705.4,65833.68789837009,81730.21546966478,1012081.0,1163091.0,2113.2,128.85146487331838,159.96457625061868,1977.0,2272.0,0.26189173391538134,0.011750210227292585,0.014587474047831036,0.25240173694213053,0.281385299634321,10.178200973979711,0.012391497272511655,0.015383609431657176,10.166382078368596,10.194739334021227,40.79689862389503,0.0,0.0,40.79689862389503,40.79689862389503,0.05180040991795739,0.031801961521698216,0.03948102028765024,0.027750219598905744,0.10606750602248419,1.251045179983179,0.06855361530214636,0.08510690998381161,1.1684203464513745,1.3428829900668908,11.74293829779623,0.08723441904488587,0.10829847290213963,11.646826183054854,11.849060726128338,0.02508499894319225,0.0011192407853796165,0.0013894981957068462,0.024176143905047145,0.02693257702375334,0.9749150010568078,0.001119240785379591,0.0013894981957068148,0.9730674229762467,0.9758238560949528,267357.4,50.212548232488665,62.337118234323285,267284.0,267414.0,3722.6,50.21254823248866,62.33711823432327,3666.0,3796.0,216434.8,65.65592128665928,81.50952445352627,216328.0,216492.0,220157.4,20.119642143934865,24.97783034933178,220124.0,220177.0,170849.0,1760.2748364957104,2185.319496223836,168178.0,172479.0,37528.4,68.27371382896935,84.7594221178979,37454.0,37634.0,17.777465200424196,0.16146388708388057,0.20045175506963966,17.617239475250244,17.965348720550537,0.766542987677681,0.0003823262548692789,0.00047464464148528685,0.7659717364597757,0.7669801071226423,0.8608625852952869,0.00010310808505441954,0.00012800507273983154,0.8607243283531524,0.8610097495396365,0.8610351835862456,0.0002009840570656193,0.0002495146605685925,0.8608319307525848,0.8613589897775106,0.8581886008281282,0.0020424919698107317,0.0025356821730144045,0.8555990311160797,0.8607547871351552,0.126451552997298,0.0002742401631604329,0.0003404595480073831,0.12605677257089526,0.1267849831546332,0.12602201029515864,0.00033448119705009794,0.0004152466795974941,0.1254966372343101,0.12633004640442239,0.13310292486500375,0.002097814153128619,0.002604362724069105,0.1298434550817548,0.1348446566899836,0.13495173287066717,7.118893697440407e-05,8.837856944846134e-05,0.1348408521020173,0.13501823807749205,0.13524704936276477,0.00021545026505831027,0.00026747395062229297,0.13503307276007215,0.13550272376348352,0.1303831494636394,0.0028810712659231743,0.0035767489694769282,0.12692808028247538,0.13322153903484255,88539.8,16.208022704821214,20.121691952716102,88517.0,88559.0,83167.8,16.649324310613927,20.66955242476237,83150.0,83190.0,5372.0,8.306623862918075,10.312382304782924,5361.0,5381.0,0.0,0.0,0.0,0.0,0.0,22.6,3.646916505762094,4.527518985051304,17.0,27.0
toolagent_trace,0.0025,4.0,"l1=0.0025,l2x4",all16,label_binary_150,horizon,150.0,5,83026370,29393272,446163482,1784653926,12.268694873688926,0.06677881726797084,0.08290356044683551,12.161061600067544,12.343419325691343,39579524.0,55444.0279065293,68831.81683976323,39490160.0,39641565.0,10186252.0,55444.0279065293,68831.81683976323,10096888.0,10248293.0,1.7799169107357096,0.06265356801860372,0.07778220813041462,1.719130921898669,1.8855985152668966,1477800.4,52018.98320132757,64579.7439165281,1427332.0,1565544.0,2887.2,101.47758373158084,125.98086251109727,2788.0,3058.0,0.6058754586042964,0.014743619773094074,0.018303687053321256,0.5841710290357148,0.6234549336554157,9.146281115264946,0.014458756633407044,0.01795003945238589,9.134756824849743,9.168318451113784,40.79689862389503,0.0,0.0,40.79689862389503,40.79689862389503,0.028490225454876568,0.028149553222714195,0.0349466834338501,0.0006166715466423499,0.05981714002430794,1.751426685280833,0.08276861164929933,0.10275432958677864,1.659313781874361,1.8843651721736119,11.532073484604952,0.06677881726797083,0.08290356044683549,11.457349032602533,11.639706758226332,0.06212704950846039,0.0014959830500310607,0.001857210509105202,0.05989968307320438,0.06388591687716902,0.9378729504915395,0.001495983050031077,0.0018572105091052222,0.936114083122831,0.9401003169267956,257717.0,181.92031222488598,225.84768970259577,257524.0,257916.0,13363.0,181.92031222488598,225.84768970259577,13164.0,13556.0,203226.0,182.09475555325585,226.06425497897715,203030.0,203414.0,216589.0,19.183326093250876,23.815426798611018,216562.0,216616.0,143158.2,1305.2215137669161,1620.3867497213866,141818.0,145010.0,34156.0,59.89991652748775,74.36364634416469,34067.0,34226.0,17.5461003780365,0.12881709033875158,0.15992190147108706,17.421793937683105,17.72658371925354,0.702487439184634,0.0006311594739075127,0.0007835623591042727,0.7018838014237868,0.7034859545072601,0.8750577727890656,6.122893295938918e-05,7.601357365052661e-05,0.8749513763357206,0.8751043847306588,0.8762841497364494,0.00021012491146320787,0.0002608627108349705,0.8759484112969029,0.8765286236297198,0.8561001211780089,0.003317624301478583,0.004118714258053191,0.8528969149736644,0.8615558485590507,0.1093642591201548,0.0005517812813882587,0.0006850171160031069,0.10854504525202802,0.10996274315241326,0.10691903905837663,0.0004878913864198345,0.0006057000513087433,0.10634507442616978,0.10748426577498328,0.14716207364880543,0.0048933260338569606,0.006074892716443903,0.14265789094978193,0.15441278391907856,0.11001004169999921,0.00023291716499714729,0.0002891584945261985,0.1096938775510204,0.11021594589336599,0.11031963553651551,0.0002636647333652072,0.0003273305226794626,0.11,0.11069162475186028,0.10522292534196642,0.0031562462721275927,0.003918369092348857,0.10077227349783387,0.10941906373378454,87408.4,15.142654985173504,18.799075279385416,87383.0,87420.0,82097.8,9.884331034521255,12.27105044566275,82087.0,82111.0,5310.6,9.964938534682489,12.37112183110327,5294.0,5319.0,0.0,0.0,0.0,0.0,0.0,30.0,8.276472678623424,10.274950666548232,22.0,42.0
toolagent_trace,0.0025,4.0,"l1=0.0025,l2x4",all16,label_binary_180,horizon,180.0,5,83026370,29393272,446163482,1784653926,11.462702030692176,0.1306311275113396,0.16217396502272158,11.358484057534973,11.668985407889084,38910337.4,108458.28326273656,134647.15624343534,38823809.0,39081607.0,9517065.4,108458.28326273656,134647.15624343534,9430537.0,9688335.0,2.565375313891237,0.13019880957141483,0.161637257456893,2.3685017181890524,2.6843905135199817,2129938.0,108099.34537035828,134201.54743401255,1966481.0,2228752.0,4161.2,211.15681376645176,262.14378136709627,3842.0,4354.0,1.4165395885668612,0.0346507220432487,0.043017656600767375,1.381883852082176,1.4746736488660168,8.356151425143603,0.04434168676631302,0.055048649549964995,8.289814428837488,8.406512292419865,40.79689862389503,0.0,0.0,40.79689862389503,40.79689862389503,0.027010213742934924,0.007130493922849694,0.008852258218000713,0.01788347485262815,0.0357669497052563,2.5383651001483023,0.133791162950016,0.1660970382324968,2.332734768483796,2.656640293921076,12.338066327601698,0.13063112751133962,0.1621739650227216,12.131782950404792,12.442284300758903,0.14495130910921963,0.003666577533983769,0.004551927462294647,0.14117571782772134,0.15102416400439123,0.8550486908907804,0.003666577533983779,0.004551927462294659,0.8489758359956088,0.8588242821722787,237823.6,107.79285690619764,133.82105275090314,237668.0,237943.0,33256.4,107.79285690619764,133.82105275090314,33137.0,33412.0,182810.8,122.59363768156976,152.19570318455115,182641.0,182984.0,216067.2,40.326170162811145,50.06352646628081,216013.0,216121.0,107105.2,691.9781065900858,859.0665593458052,106420.0,108195.0,28789.4,91.94182943579054,114.14255786585473,28649.0,28892.0,21.27332148551941,8.319558214686191,10.328439849038999,17.362977504730225,36.15430688858032,0.6365767918629728,0.0007529438704593542,0.0009347534177973637,0.6352836681943784,0.6371858577394348,0.8833876915536173,0.0007293426036423219,0.0009054532724782853,0.8827766788250225,0.88453662498713,0.8864886845775046,0.0007551705851182024,0.0009375178059801748,0.8858991038751018,0.8876351211682737,0.8341576746860528,0.0021729100978119045,0.0026975917066127805,0.8315891472868217,0.8369796708615682,0.11261689996465604,0.0010525862521046686,0.0013067489294800898,0.1115847529001939,0.11385698876036542,0.1070501447973256,0.0010764521856489993,0.0013363776492621871,0.10611527007894837,0.10823531547524577,0.20099591809234724,0.002022179651606808,0.0025104651420916053,0.19867713337464282,0.20351723030019642,0.07904850579983345,0.0005034654710897256,0.0006250347314162588,0.07844370974569,0.07959340018523389,0.07967749342479838,0.0005363489678946377,0.0006658584398405902,0.0789752070135334,0.08028549195078061,0.06906522145374276,0.0026101205192561447,0.003240373116722807,0.06582768635043562,0.07286821705426356,87429.8,22.84075305238424,28.355994143037904,87409.0,87457.0,82249.0,28.591956910991595,35.49591210266331,82220.0,82297.0,5180.8,21.51046257057249,26.7044851483791,5160.0,5209.0,0.0,0.0,0.0,0.0,0.0,49.2,11.987493482792807,14.882052890646504,40.0,70.0
toolagent_trace,0.0025,4.0,"l1=0.0025,l2x4",all16,label_binary_240,horizon,240.0,5,83026370,29393272,446163482,1784653926,9.681244645526476,0.04411325738414677,0.05476506248048666,9.642879726043665,9.757483074353365,37431258.0,36625.636294814045,45469.44340578006,37399405.0,37494556.0,8037986.0,36625.636294814045,45469.44340578006,8006133.0,8101284.0,2.651652721900283,0.0481937083078584,0.05983079924618593,2.5787638312984176,2.704434747659087,2201571.0,40013.486576403215,49675.34075609549,2141054.0,2245394.0,4301.8,78.53470570391157,97.4980837916315,4183.0,4388.0,2.625807198363604,0.020324654150367105,0.02523234556782359,2.608126791524187,2.660867866438097,8.842063792503515,0.019750054654727345,0.024519000438808555,8.817758743396826,8.871534429362622,40.79689862389503,0.0,0.0,40.79689862389503,40.79689862389503,0.00098667447462776,0.0007031137428394842,0.0008728910613463635,0.0,0.0018500146399270496,2.650666047425655,0.04820961892126197,0.05985055171491798,2.5781471597517753,2.7032014045658026,14.1195237127674,0.044113257384147064,0.05476506248048702,14.043285283940511,14.157888632250211,0.22897013629185903,0.0016258153649217227,0.002018392776264838,0.22780236347399307,0.2318106474652862,0.7710298637081409,0.0016258153649217403,0.0020183927762648596,0.7681893525347138,0.7721976365260069,192461.0,199.35771868678674,247.49561848889363,192237.0,192694.0,78619.0,199.35771868678674,247.49561848889363,78386.0,78843.0,144419.8,216.57146626460283,268.865882611833,144229.0,144725.0,223038.8,52.04517268681121,64.61225724458168,222982.0,223111.0,72735.8,318.65294600866315,395.59646085049843,72435.0,73220.0,20919.4,70.8187828192493,87.9190360420313,20837.0,21005.0,20.402667236328124,3.422707842557523,4.249171790190164,17.69502305984497,25.9798641204834,0.5836550958341655,0.00048263574822622835,0.0005991753607482337,0.5830536959035787,0.5841804817414209,0.8668464471891003,0.0003189453102652375,0.00039595942082506857,0.866583126330731,0.8673525955163315,0.8746526740392818,0.0005241452088387487,0.0006507079008229762,0.8741200585651537,0.875477445811365,0.7286305655435854,0.006166951642326553,0.007656054257456096,0.724159402241594,0.7370170336518488,0.16372595273139318,0.0009111257972863431,0.001131130734269963,0.16280057520670166,0.16521155619100011,0.15078192929846912,0.0009631769709666451,0.0011957504415375751,0.15007492324834543,0.152478900349983,0.39294696021123515,0.006966595362734918,0.008648783901720157,0.38227278937754183,0.3987813621489326,0.039167719022652606,0.000596782651372586,0.0007408847391404738,0.0382397942213451,0.03988686151627752,0.03993615265721197,0.0005538735126073757,0.0006876145477103321,0.03916813122437024,0.04063250366032211,0.02555928744212705,0.00274838354240001,0.0034120218126075033,0.021882741535920725,0.029302517540239374,90181.6,28.289574051229543,35.12051438347678,90155.0,90224.0,85361.2,14.75466028073842,18.317393456493747,85345.0,85378.0,4820.4,26.884940022250372,33.37671048141203,4780.0,4846.0,0.0,0.0,0.0,0.0,0.0,23.6,2.8809720581775866,3.5766258065388943,21.0,28.0
toolagent_trace,0.0025,4.0,"l1=0.0025,l2x4",all16,label_binary_300,horizon,300.0,5,83026370,29393272,446163482,1784653926,8.71662701862071,0.09981138615741447,0.12391233663781073,8.597657587583319,8.862578238696935,36630371.0,82869.77077318363,102879.91509255418,36531595.0,36751549.0,7237099.0,82869.77077318363,102879.91509255418,7138323.0,7358277.0,2.3995663064638384,0.09450717120441482,0.11732733973356148,2.262283657589751,2.5090064758943456,1992272.8,78465.87364071084,97412.63119834368,1878292.0,2083137.0,3893.4,153.07122525151485,190.0325596421834,3671.0,4071.0,2.500116529242456,0.019253062538068876,0.023902002149970066,2.475091949702245,2.5274716936317945,10.184458503966873,0.02378727275626793,0.029531065171477317,10.144502282828938,10.203134257224542,40.79689862389503,0.0,0.0,40.79689862389503,40.79689862389503,0.0,0.0,0.0,0.0,0.0,2.3995663064638384,0.09450717120441482,0.11732733973356148,2.262283657589751,2.5090064758943456,15.084141339673167,0.09981138615741447,0.12391233663781073,14.938190119596943,15.203110770710559,0.197099275483477,0.0015609150539054766,0.0019378213154711708,0.19525956247158374,0.19945366825458982,0.8029007245165231,0.0015609150539055011,0.0019378213154712012,0.8005463317454101,0.8047404375284163,172884.8,276.38053477045014,343.1167443221621,172527.0,173189.0,98195.2,276.38053477045014,343.1167443221621,97891.0,98553.0,130506.2,294.8842145656495,366.0884140693884,130143.0,130819.0,228701.4,30.45160094313598,37.804594971511065,228653.0,228735.0,70433.2,902.2201505175996,1120.0746860286772,69702.0,71978.0,18735.8,110.34808562000521,136.9932796156074,18590.0,18887.0,18.01095938682556,0.2191395584766094,0.2720540790585714,17.678352117538452,18.293933153152466,0.5842836561574168,0.0006715137597926684,0.0008336607902541383,0.5835111613460907,0.5849873540123777,0.8476063637430432,0.00035872460878043306,0.00044534402531354875,0.84709111819977,0.8480919260858715,0.85781660086503,0.00031353299707351657,0.0003892402237472513,0.8572945447902632,0.8580481622306717,0.6521782839987196,0.0035266733629937515,0.0043782413388957775,0.6480017566974089,0.6577913574858141,0.19740999162495523,0.0004852949399015357,0.0006024766539848137,0.19672504665722712,0.19793954759118818,0.18239390842952313,0.0009440394053921417,0.0011719918248186763,0.18158435460129804,0.1840273282944384,0.48482212997886415,0.012416064821290993,0.015414109182155682,0.4638536143284138,0.49714170026793186,0.02418495843768274,0.0002673938053184474,0.00033196003477227904,0.023817015874393725,0.024520973026929672,0.024758837964396846,0.00028623896331796806,0.0003553556377383227,0.024332317107982507,0.025038248121845956,0.013200162936431309,0.0011071079356159642,0.001374435688089543,0.011831726555652936,0.01462882096069869,92148.2,17.51285242329187,21.74159230231309,92129.0,92166.0,87572.8,26.071056748816304,32.36630293128951,87532.0,87601.0,4575.4,16.727223320085134,20.7662613139679,4554.0,4597.0,0.0,0.0,0.0,0.0,0.0,16.6,3.049590136395381,3.785959239083273,13.0,20.0
toolagent_trace,0.0025,4.0,"l1=0.0025,l2x4",all16,label_binary_600,horizon,600.0,5,83026370,29393272,446163482,1784653926,7.253323492283235,0.06018682580635181,0.07471983415515296,7.169512529573436,7.324553632779561,35415443.2,49970.93668523735,62037.16596904394,35345858.0,35474583.0,6022171.2,49970.93668523735,62037.16596904394,5952586.0,6081311.0,1.9794272590744364,0.057128201084716314,0.07092265879523664,1.9011309298479506,2.051586742862539,1643446.6,47431.471606940475,58884.50910517059,1578440.0,1703358.0,3211.8,92.669844070226,115.04636251111984,3085.0,3329.0,0.6509789600581117,0.010505272818230884,0.013041927900607249,0.6371361291599283,0.6644696136902047,13.917038646878094,0.018676665851391737,0.023186425871289655,13.890601263189033,13.934943801589784,40.79689862389503,0.0,0.0,40.79689862389503,40.79689862389503,0.0,0.0,0.0,0.0,0.0,1.9794272590744364,0.057128201084716314,0.07092265879523664,1.9011309298479506,2.051586742862539,16.547444866010643,0.060186825806352665,0.07471983415515403,16.476214725514314,16.63125582872044,0.04468576698721898,0.0007420898447425601,0.0009212785254000805,0.043733314505917574,0.04565210429484862,0.9553142330127808,0.0007420898447425922,0.0009212785254001203,0.9543478957051513,0.9562666854940824,151897.6,199.5752990728061,247.7657369100094,151680.0,152095.0,119182.4,199.5752990728061,247.7657369100094,118985.0,119400.0,118508.8,216.98202690545594,269.375579253651,118280.0,118764.0,237691.2,35.74492971037991,44.37607705780221,237651.0,237749.0,77114.0,651.8907116994382,809.299464008719,76322.0,77778.0,18297.8,58.2297174988854,72.29015280548244,18234.0,18359.0,18.188426351547243,0.8566072361037532,1.0634478519221326,17.353317975997925,19.591748476028442,0.5797286271671236,0.00030290203906614194,0.0003760422620907056,0.5793649661191813,0.5801785862450032,0.8127338855313182,0.0003340902019637129,0.0004147612729056016,0.8123654389447262,0.8131323212691075,0.8242542316826589,0.0005166989287344874,0.0006414636051318668,0.8237166820357441,0.824901997386597,0.5576974795071188,0.0049340831261619165,0.006125491217642004,0.5506190823015294,0.5616969696969697,0.31032473018919104,0.0009951579911355421,0.001235453756858125,0.30923950517025056,0.31138047747008274,0.29105017113614834,0.0017082813952719674,0.0021207714617770056,0.2890156766817685,0.2929939399709702,0.7370091925163226,0.015889883960699253,0.019726733855480596,0.717408713559589,0.7563780913848025,0.0,0.0,0.0,0.0,0.0,0.0,0.0,0.0,0.0,0.0,0.0,0.0,0.0,0.0,0.0,95198.2,14.024977718342372,17.411518137141286,95185.0,95217.0,91083.8,27.289191999764302,33.8785751388691,91044.0,91111.0,4114.4,20.947553556441857,26.00565334230232,4089.0,4141.0,0.0,0.0,0.0,0.0,0.0,0.0,0.0,0.0,0.0,0.0
toolagent_trace,0.01,1.0,"l1=0.01,l2x1",all16,label_binary_60,horizon,60.0,5,83026370,30578881,1784653926,1784653926,8.650957039311727,0.01329859827680159,0.01650974352652688,8.636657245161988,8.667490822494106,37761456.6,11041.343410110927,13707.440746385275,37749584.0,37775184.0,7182575.6,11041.343410110927,13707.440746385275,7170703.0,7196303.0,0.5996514119550211,0.015340130808959858,0.019044234591332573,0.581521268483736,0.6216049190154886,497868.8,12736.353763931027,15811.736675467797,482816.0,516096.0,972.4,24.875690945177787,30.88229819427304,943.0,1008.0,0.00012333430932847,0.00027578389961644534,0.0003423760426958327,0.0,0.0006166715466423499,13.12204568259458,0.008786286323120208,0.010907866432689428,13.11266528935325,13.133688730459973,40.79689862389503,0.0,0.0,40.79689862389503,40.79689862389503,0.0,0.0,0.0,0.0,0.0,0.5996514119550211,0.015340130808959858,0.019044234591332573,0.581521268483736,0.6216049190154886,13.721820428858928,0.013298598276801665,0.016509743526526975,13.705286645676548,13.736120223008665,9.398626497206249e-06,2.101596774288391e-05,2.6090587156244543e-05,0.0,4.699313248603124e-05,0.9999906013735028,2.1015967742877686e-05,2.6090587156236818e-05,0.999953006867514,1.0,265702.8,1.3038404810405297,1.6186722460090552,265702.0,265705.0,2.2,1.3038404810405297,1.6186722460090552,0.0,3.0,229100.4,20.082330542046158,24.931509303690376,229084.0,229133.0,229102.6,20.03247363657319,24.869613703473558,229087.0,229135.0,202579.4,1923.9843554457507,2388.5591245259475,201102.0,205880.0,41702.0,90.71659164673241,112.62146810621853,41571.0,41798.0,19.66656913757324,1.4397701401407423,1.7874241522387153,18.801989316940308,22.19172763824463,0.8575629098308939,0.00023560235218785688,0.00029249206028377644,0.857295030506463,0.8577852753578096,0.8137928797823589,0.00010847418050803681,0.00013466689211613582,0.8136751584815903,0.8139379649666785,0.8137286733311055,0.00032491770190718334,0.0004033739356631101,0.8134413640207528,0.8142834278397658,0.8148369186590948,0.0038623637293945016,0.004794989159849969,0.8083533542783219,0.8185521199777819,0.23101144588500916,0.00032694917460652687,0.0004058959377981629,0.2306070576039963,0.23136992958022445,0.23116814810281922,0.00048102309491892875,0.0005971733082050596,0.23046805821105693,0.2316424299035586,0.22846886030917624,0.004519454997623679,0.005610744932464608,0.2228598014105038,0.23498188460680083,0.18622003839934673,0.0001068866309836055,0.00013269600503928184,0.18607280126610898,0.1863356042749669,0.18628504181741176,0.0003266273925680293,0.00040549645667868996,0.18572800438997622,0.1865814915548648,0.18516308134090523,0.0038623637293944894,0.004794989159849953,0.1814478800222181,0.19164664572167806,92894.4,16.90562036720333,20.98773499356231,92872.0,92913.0,87496.0,22.147234590350102,27.495015286411462,87472.0,87527.0,5398.4,9.235799911215056,11.465921792860792,5386.0,5411.0,0.0,0.0,0.0,0.0,0.0,1.8,0.8366600265340756,1.038684090568446,1.0,3.0
toolagent_trace,0.01,1.0,"l1=0.01,l2x1",all16,label_binary_90,horizon,90.0,5,83026370,30578881,1784653926,1784653926,10.984679686706766,0.038185969545784716,0.04740654243330504,10.923636671096183,11.01737074618582,39699061.8,31704.424363170514,39359.93132488281,39648380.0,39726204.0,9120180.8,31704.424363170514,39359.93132488281,9069499.0,9147323.0,0.43893548519584796,0.03952128301003673,0.04906428728456323,0.40083650531752746,0.5013539674202304,364432.2,32813.08666066026,40736.29669874445,332800.0,416256.0,711.8,64.09134106882145,79.56715296552967,650.0,813.0,0.014430114191430986,0.0036638801855779692,0.004548578798814894,0.009250073199635249,0.019116817945912846,10.93473218207661,0.008144976998679176,0.010111703389990305,10.925633627003084,10.945320143467672,40.79689862389503,0.0,0.0,40.79689862389503,40.79689862389503,0.007523392869036668,0.008278112110751816,0.010276985964058958,0.0,0.018500146399270497,0.4314120923268113,0.03826213411943468,0.0475010980812459,0.3909697605712498,0.48778719339409876,11.388097781463888,0.038185969545784716,0.04740654243330504,11.355406721984835,11.449140797074472,0.0013179662212642995,0.00033479076720172707,0.0004156310000875551,0.000844403113648523,0.001746279419230066,0.9986820337787357,0.00033479076720173607,0.00041563100008756626,0.9982537205807699,0.9991555968863515,265559.2,9.148770409186143,11.357877717249819,265551.0,265573.0,145.8,9.148770409186143,11.357877717249819,132.0,154.0,220763.8,12.755391017134675,15.83537075789512,220747.0,220778.0,220909.6,15.662056059151366,19.443893503102714,220888.0,220932.0,190285.4,1210.6375593050134,1502.9640862655897,188369.0,191537.0,39800.0,34.835326896700714,43.2468370542864,39752.0,39842.0,24.80365629196167,9.902768857859066,12.293940356926983,17.93652582168579,39.98757529258728,0.8497811661287764,0.00021776952171068969,0.0002703532264456533,0.8495075595395832,0.850066527710311,0.8431722044974028,0.00011959398024758663,0.00014847173364492748,0.8430470690928624,0.8433354602545589,0.842998966755329,0.0002585320404600315,0.00032095846438421385,0.8425728542676464,0.8432248305761008,0.8458717742237557,0.0037377491028717912,0.0046402844698727715,0.841545352743561,0.850436073483021,0.16296574029947777,0.00019470278939119983,0.00024171668696508646,0.16267888555177593,0.16317182895907986,0.1630308183811854,0.0002682733830112096,0.00033305199964082385,0.16282633291476847,0.16348757606940661,0.16195643778548954,0.003743709631412907,0.00464768425708704,0.15737289010131883,0.16695728020820463,0.15671587134829312,0.00012907392364551552,0.00016024075101714333,0.1565525965230435,0.15685221244880146,0.15690337105984373,0.00026666365836161386,0.0003310535829235136,0.15663224592370267,0.15731996331979659,0.15379322952277935,0.003392514501678561,0.004211687816034014,0.14956392651697903,0.15789473684210525,89346.4,11.013627921806693,13.673032939329882,89331.0,89358.0,83967.6,23.74447304111001,29.477930825619357,83933.0,83998.0,5378.8,16.754103974847474,20.79963270444937,5358.0,5398.0,0.0,0.0,0.0,0.0,0.0,2.0,1.224744871391589,1.520477819634341,1.0,4.0
toolagent_trace,0.01,1.0,"l1=0.01,l2x1",all16,label_binary_120,horizon,120.0,5,83026370,30578881,1784653926,1784653926,12.548638944470294,0.0537265550362356,0.06669963448398968,12.49278632800639,12.61597128719466,40997560.4,44607.20837263861,55378.285315324865,40951188.0,41053464.0,10418679.4,44607.20837263861,55378.285315324865,10372307.0,10474583.0,0.4699557502032185,0.052073785998525045,0.0646477796679234,0.4096072127445774,0.5265291015372586,390187.2,43234.97423614359,53674.70474387485,340082.0,437158.0,763.6,84.6392344010743,105.07664215114602,665.0,855.0,0.09965412193740375,0.0042857563355804896,0.0053206162367541695,0.09496741818292188,0.10483416292919948,9.254528651559738,0.006713614306287932,0.00833471678937679,9.244831491488789,9.262194649723938,40.79689862389503,0.0,0.0,40.79689862389503,40.79689862389503,0.00024666861865694,0.0003377649166676142,0.0004193233023790687,0.0,0.0006166715466423499,0.4697090815845616,0.05208605665907407,0.06466301326279925,0.40899054119793504,0.5259124299906163,9.824138523700363,0.05372655503623552,0.06669963448398956,9.756806180975996,9.879991140164263,0.010653403805649034,0.0004574312514119938,0.0005678848615950962,0.010155192274800162,0.011205104913974043,0.9893465961943508,0.0004574312514120001,0.0005678848615951039,0.9887948950860259,0.9898448077251998,264537.2,19.57549488518745,24.3022906047969,264519.0,264568.0,1167.8,19.57549488518745,24.3022906047969,1137.0,1186.0,213541.0,32.48845948948642,40.3332834468011,213495.0,213586.0,214708.8,18.7669923003128,23.298562990879926,214677.0,214723.0,176139.0,583.7041202527184,724.6482012739698,175397.0,176753.0,37918.6,79.70759060465947,98.95417927586483,37837.0,38006.0,17.643052721023558,0.08351162047613847,0.10367674899623314,17.579453468322754,17.78733777999878,0.8133333179897008,0.0003650167232391266,0.00045315546481945474,0.8127019643069612,0.8136291934071948,0.8677637462953728,0.00017379906274435827,0.00021576544319453002,0.8674582132564842,0.8678958109931163,0.8677590661865565,0.00041785750062481124,0.0005187554374046685,0.8671998820537392,0.8683599365945368,0.8678318918330434,0.0042196520771186465,0.005238550117415857,0.8608305274971941,0.8713832368863169,0.11613484107553029,0.0002884814270985832,0.0003581395779036607,0.11595566842056516,0.11663652510909203,0.11590491101743791,0.0004197529340483302,0.0005211085515481713,0.11551442551069069,0.11657101461266589,0.11963543670059798,0.0036521345730461084,0.00453399703264475,0.11561246119899435,0.12424950587182873,0.1312424801811434,0.00017023511930413677,0.0002113409323614036,0.13110104119824276,0.13152737752161384,0.13135382341585453,0.0003819648309253229,0.0004741959463299885,0.13079219965348177,0.13184180457778924,0.1295518297957945,0.0036138501002519387,0.004486468201881991,0.12675004666791115,0.13580246913580246,86740.2,8.983317872590282,11.15247419364869,86727.0,86750.0,81387.8,10.545141061171254,13.091422926481291,81373.0,81399.0,5352.4,9.710818709048171,12.055640976737816,5340.0,5365.0,0.0,0.0,0.0,0.0,0.0,6.2,2.387467277262665,2.963956922763892,3.0,9.0
toolagent_trace,0.01,1.0,"l1=0.01,l2x1",all16,label_binary_150,horizon,150.0,5,83026370,30578881,1784653926,1784653926,12.916059078579494,0.12022253966984109,0.1492520681310594,12.831142683944872,13.126061033380118,41302616.0,99816.4106096788,123918.57431914518,41232113.0,41476973.0,10723735.0,99816.4106096788,123918.57431914518,10653232.0,10898092.0,1.0415435481522315,0.11823522274164804,0.14678488383783753,0.8343445582409541,1.128029564582915,864755.8,98166.41350380486,121870.1607592732,692726.0,936562.0,1690.0,191.6820283699022,237.9665180616802,1354.0,1830.0,0.33815087905204094,0.016502014353530447,0.020486672277567116,0.32236023326083024,0.3644528840656288,8.07702396238689,0.021271176761063364,0.0264074202049689,8.049152335577238,8.100962380988113,40.79689862389503,0.0,0.0,40.79689862389503,40.79689862389503,0.010730084911576888,0.006312982010645244,0.007837345840060824,0.0,0.016033460212701096,1.030813463240655,0.11218483089804702,0.13927353448404178,0.8343445582409541,1.111996104370214,9.456718389591163,0.12022253966984071,0.14925206813105893,9.246716434790537,9.541634784225783,0.04018276434555436,0.0019422604034094722,0.002411248197334914,0.03843328820988478,0.04331708875700002,0.9598172356544457,0.0019422604034094787,0.0024112481973349214,0.956682911243,0.9615667117901152,260243.8,25.626158510397143,31.813977365931464,260217.0,260284.0,5461.2,25.626158510397147,31.81397736593147,5421.0,5488.0,205195.0,25.13961017995307,31.20994467153058,205161.0,205218.0,210656.2,15.927962832703999,19.77400744007142,210635.0,210676.0,155970.0,1101.5638882969974,1367.5529477112027,154935.0,157646.0,35740.4,50.20258957464247,62.32475490974674,35688.0,35807.0,19.260919904708864,3.9899728797495357,4.953411446180308,17.339425325393677,26.39595603942871,0.7655802189616064,0.0006573475638451848,0.0008160739546364728,0.7649040068310777,0.7664715978263443,0.8849576933833069,0.0005215441102525523,0.0006474787281198481,0.884337377672432,0.8856817407846683,0.8851438997697871,0.0002405494285182069,0.00029863368210889066,0.8848820040541555,0.8855167403584804,0.8821536239991847,0.005269422944626997,0.006541803845623882,0.876131221719457,0.8881578947368421,0.0912640059074172,0.000837168957928499,0.0010393159110520518,0.09002105027231849,0.09224662276621662,0.09049698071512179,0.0006269624188613424,0.0007783518624085524,0.08964340833337145,0.09140925818849399,0.10279819443057385,0.006184642860294405,0.007678017284328683,0.09568830581360506,0.11139378600068676,0.1098077156332061,0.00042845601730697754,0.000531913124293325,0.1092805054194018,0.1104292318884795,0.11024955176612747,0.0003625611867895154,0.00045010700240565,0.10983629144381678,0.11066343001576616,0.10317081618137683,0.0034139659692663878,0.004238319060979614,0.10003760812335465,0.10690045248868778,85201.6,28.936136576951665,35.923199091394956,85157.0,85232.0,79886.0,33.51119216023208,41.60297020165747,79837.0,79918.0,5315.6,6.877499545619759,8.538174568372327,5304.0,5321.0,0.0,0.0,0.0,0.0,0.0,7.6,3.1304951684997055,3.8863999999999996,3.0,11.0
toolagent_trace,0.01,1.0,"l1=0.01,l2x1",all16,label_binary_180,horizon,180.0,5,83026370,30578881,1784653926,1784653926,12.595186565424935,0.06272039758635163,0.07786517469580305,12.536754286620022,12.697824799518514,41036207.2,52074.46936551538,64648.62804408381,40987693.0,41121424.0,10457326.2,52074.46936551538,64648.62804408381,10408812.0,10542543.0,1.7601564418629891,0.04832753979010057,0.05999694633940609,1.6854813717617667,1.8108198636168245,1461394.0,40124.6019980261,49813.28665645672,1399394.0,1503458.0,2854.8,78.2860140765897,97.18934185516433,2734.0,2937.0,0.7095225288062094,0.01569585183794448,0.019485849777631806,0.6954176125007031,0.7287299203855353,7.30791193207652,0.03564594882065986,0.04425319575337511,7.260741376504838,7.3486495916899655,40.79689862389503,0.0,0.0,40.79689862389503,40.79689862389503,0.0024666861865693993,0.002892445941005967,0.003590870229808709,0.0,0.007400058559708198,1.7576897556764195,0.048181044116879165,0.059815077097077715,1.6854813717617667,1.8095865205235397,9.777590902745718,0.06272039758635134,0.07786517469580269,9.674952668652141,9.836023181550633,0.08850120825242745,0.002147017757001168,0.0026654472732530344,0.08654235844275616,0.09121128211189249,0.9114987917475726,0.002147017757001159,0.002665447273253023,0.9087887178881076,0.9134576415572438,251168.6,106.52839996921008,132.2512737940924,250986.0,251263.0,14536.4,106.52839996921008,132.2512737940924,14442.0,14719.0,194009.8,133.40052473659915,165.61207458588277,193786.0,194129.0,208546.2,34.0690475358499,42.29552809269556,208505.0,208578.0,131057.2,698.308098191622,866.9250219966198,130111.0,131810.0,32375.4,100.08396474960412,124.25073340371073,32227.0,32471.0,22.611633825302125,8.938945639572271,11.097387621998157,17.30830407142639,37.96841764450073,0.7116148478038088,0.0004706767889347465,0.0005843287320557226,0.7111260781455593,0.7121096310641736,0.8954713391342703,0.00047319573634891943,0.0005874559169589126,0.8948550621837613,0.8961685914426354,0.8969707430236091,0.00047923282077256353,0.0005949507456173753,0.8965491155296106,0.8975808588771248,0.8728923108795541,0.004251816100641114,0.005278480624983969,0.8673527730131504,0.8769405528209012,0.08193024697300412,0.001097390256411734,0.001362371530048558,0.08055735627191492,0.08348981554682394,0.07914444234853199,0.0012067458357283452,0.0014981326478846733,0.07784509304748533,0.08101914099561845,0.12387811851151105,0.00527775480819284,0.006552147562134971,0.11894046074003316,0.1318968200217857,0.08829820615964758,0.0002822048014141708,0.0003503473671680054,0.08798750473305567,0.08873599092069798,0.08872490194104479,0.00023830707405771468,0.0002958498776606527,0.0884115947149906,0.08897658643601931,0.08187571235315223,0.002510717302662195,0.0031169675082880653,0.0793260128739114,0.08511848341232227,84556.6,37.34702130023223,46.36501759904766,84512.0,84602.0,79290.0,39.45250308915773,48.978899424139776,79243.0,79342.0,5266.6,13.612494260788505,16.899434385801197,5247.0,5282.0,0.0,0.0,0.0,0.0,0.0,10.0,2.345207879911715,2.9114933625203405,8.0,13.0
toolagent_trace,0.01,1.0,"l1=0.01,l2x1",all16,label_binary_240,horizon,240.0,5,83026370,30578881,1784653926,1784653926,11.021728879631857,0.07018334028895223,0.0871301564185786,10.938989624621671,11.127760975217873,39729822.4,58270.67978666458,72341.00604966785,39661127.0,39817857.0,9150941.4,58270.67978666458,72341.00604966785,9082246.0,9238976.0,2.513958396591348,0.051751052653787155,0.06424711753510483,2.4526617266297444,2.56855984430007,2087248.4,42967.020455228216,53342.049519031105,2036356.0,2132582.0,4078.8,84.4730726326443,104.87035814108769,3979.0,4168.0,1.6922416335918335,0.01571410203391923,0.019508506756102804,1.6759253716620395,1.7158620809268188,7.1448485583556165,0.03730175272859177,0.046308818254422,7.099835871422537,7.186433659571049,40.79689862389503,0.0,0.0,40.79689862389503,40.79689862389503,0.0050567066824672696,0.0008040413260181692,0.0009981891174534506,0.004316700826496449,0.006166715466423499,2.508901689908881,0.051519482686342474,0.06395963153910877,2.4483450258032478,2.5642431434735737,11.351048588538799,0.07018334028895273,0.08713015641857921,11.24501649295278,11.433787843548984,0.1914961648029978,0.002054930751721467,0.0025511244846666693,0.1891060118141992,0.19437156398776753,0.8085038351970022,0.0020549307517214828,0.002551124484666689,0.8056284360122324,0.8108939881858008,213780.4,299.61692208551904,371.9639045318241,213521.0,214294.0,51924.6,299.61692208551904,371.9639045318241,51411.0,52184.0,160163.0,344.38786273618877,427.5454577300523,159854.0,160743.0,212087.6,56.42960216056817,70.05537272301105,212038.0,212154.0,88084.8,798.2597948036716,991.011549144731,86776.0,88623.0,25059.6,99.77374404120555,123.86560527022823,24953.0,25209.0,18.58808469772339,2.0731362861364353,2.5737260173769854,17.219468116760254,22.009714603424072,0.6359658400497695,0.0006831485025338228,0.0008481049154660908,0.6349083110810445,0.6366434182196952,0.8900404160443948,0.0006021506621413417,0.0007475489363133736,0.8891759776536313,0.8907679576685043,0.8954071371993864,0.0005079507002031842,0.0006306029861134541,0.8948214263638724,0.8961027710053093,0.8035985198275801,0.006412454053198935,0.007960836893511623,0.795722566460124,0.8098549572819392,0.11527460655395123,0.0015498475632664606,0.0019240814138567928,0.1125863929844922,0.1163331953116858,0.10617157422685011,0.0013555985685305674,0.0016829280970467315,0.10381362535046595,0.10719241310198005,0.26189299305361,0.012467632078226333,0.01547812812375001,0.2507508416123066,0.27619003404821946,0.050368660216875194,0.00036718332644717147,0.00045584522674353435,0.049944687045123726,0.05079313278709542,0.05097318656787806,0.00039616879101387904,0.0004918296648048266,0.05049792787777572,0.05136075048576132,0.04063381026231978,0.0008456703668436942,0.0010498701121702887,0.03937164446211971,0.041616646658663464,85875.0,50.05496978322932,62.14149011409365,85799.0,85920.0,80854.4,47.914507197716226,59.48418085642601,80801.0,80917.0,5020.6,18.84940317357555,23.400873200801712,4998.0,5040.0,0.0,0.0,0.0,0.0,0.0,15.8,1.4832396974191324,1.8413900836053174,14.0,18.0
toolagent_trace,0.01,1.0,"l1=0.01,l2x1",all16,label_binary_300,horizon,300.0,5,83026370,30578881,1784653926,1784653926,9.9979368000793,0.08211019198764044,0.10193692466029301,9.867813081554692,10.065741763731209,38879805.0,68173.11180736874,84634.52823507616,38771768.0,38936101.0,8300924.0,68173.11180736874,84634.52823507616,8192887.0,8357220.0,2.140289163551291,0.06911247969866155,0.08580072053891863,2.065982169279471,2.243917203654694,1777004.4,57381.58311078564,71237.2236973086,1715310.0,1863043.0,3473.0,111.8570516328765,138.86660801791047,3353.0,3641.0,1.9939397567303014,0.008511787615512885,0.010567085910815514,1.9824412412586507,2.0035899437732856,8.240611747809762,0.0235556116154451,0.029243465986928716,8.209718189534241,8.267964744213193,40.79689862389503,0.0,0.0,40.79689862389503,40.79689862389503,0.00024666861865694,0.00033776491666761427,0.00041932330237906876,0.0,0.0006166715466423499,2.1400424949326338,0.06904786895984387,0.0857205085718574,2.0653654977328286,2.243300532108052,12.374840668091355,0.08211019198764082,0.10193692466029347,12.307035704439445,12.504964386615963,0.19482516328861196,0.0009660957865370157,0.0011993740487377502,0.19358327990810273,0.1959526505768278,0.805174836711388,0.000966095786536986,0.0011993740487377133,0.8040473494231722,0.8064167200918972,188024.8,182.57655928404392,226.6623974192455,187733.0,188197.0,77680.2,182.5765592840439,226.66239741924548,77508.0,77972.0,139999.4,208.65953129440314,259.0434927300047,139652.0,140215.0,217679.6,58.260621349244126,72.32851885224802,217624.0,217758.0,74479.0,887.8420467628237,1102.2247742975112,73453.0,75493.0,20860.2,66.5221767533204,82.5849502454291,20776.0,20958.0,17.71434783935547,0.1360736781492461,0.16893070082988684,17.57353186607361,17.87267804145813,0.6197615911474259,0.00037381830540002774,0.00046408232049849406,0.6192198789468831,0.6201399236301195,0.8718389659495276,0.0006642861136172879,0.0008246879209206709,0.8710522733460386,0.8727908375804493,0.8801071354890041,0.0006672274945464494,0.0008283395422226682,0.8792398537257958,0.8809929452416375,0.7269370258710357,0.003185789753127816,0.0039550462882489215,0.7221168037107316,0.7304801670146138,0.15710045418160568,0.0010146541481734744,0.0012596575523070516,0.15590433192379644,0.1584999412800265,0.14459438796401552,0.0008397881949872369,0.0010425676020329254,0.14398276543850996,0.14603268972170294,0.3763065715546203,0.014181543823367308,0.01760588946749556,0.3533813900511692,0.39119045289624094,0.027545034451477907,0.000545150688905807,0.0006767854678973696,0.02692425566692017,0.02838279335692894,0.028152595132764236,0.0005115159606825627,0.0006350291320045199,0.027715122138503624,0.029015047059528804,0.016893983989367277,0.0023866840410746467,0.0029629845624958608,0.013049884234897917,0.01891153603698256,88139.0,34.12477106150311,42.36470689618895,88099.0,88181.0,83381.0,44.972213643537714,55.83142656246569,83319.0,83422.0,4758.0,18.841443681416774,23.39099177033757,4743.0,4790.0,0.0,0.0,0.0,0.0,0.0,9.2,2.588435821108957,3.213452324214566,6.0,13.0
toolagent_trace,0.01,1.0,"l1=0.01,l2x1",all16,label_binary_600,horizon,600.0,5,83026370,30578881,1784653926,1784653926,8.438020354256125,0.07075139021524357,0.08783537048686821,8.324055357352128,8.515840208357899,37584663.0,58742.31102025184,72926.5196912979,37490042.0,37649274.0,7005782.0,58742.31102025184,72926.5196912979,6911161.0,7070393.0,1.9261875474021086,0.07473324156934291,0.0927786993436855,1.8377643151206056,2.0295491661263765,1599243.6,62048.29765835643,77030.78619827586,1525829.0,1685061.0,3125.4,121.0177672905925,150.23931534242294,2982.0,3293.0,0.44768499453848215,0.0018131925384687391,0.002251014967987346,0.4459679497007999,0.4501702290489154,11.56088457197394,0.02120925021926171,0.02633054057439809,11.524846864917736,11.57951142510506,40.79689862389503,0.0,0.0,40.79689862389503,40.79689862389503,0.0,0.0,0.0,0.0,0.0,1.9261875474021086,0.07473324156934291,0.0927786993436855,1.8377643151206056,2.0295491661263765,13.934757113914532,0.07075139021524358,0.08783537048686824,13.856937259812756,14.048722110818527,0.03728050670646781,0.00015053596414955442,0.00018688512186754497,0.03710290207763993,0.037454343249775555,0.9627194932935321,0.0001505359641495689,0.00018688512186756294,0.9625456567502244,0.9628970979223601,163271.2,198.3045637397183,246.18816354455384,163052.0,163536.0,102433.8,198.3045637397183,246.18816354455384,102169.0,102653.0,124182.2,231.51393046639762,287.41642805212086,123876.0,124495.0,226616.0,57.39773514695506,71.25727588394042,226529.0,226672.0,77418.6,892.8257388762938,1108.4118533336605,76456.0,78501.0,19292.0,83.19555276575785,103.28436201477935,19158.0,19369.0,19.186332368850707,1.565281648304127,1.9432422893291332,18.046791553497314,21.403884887695312,0.6121229755682842,0.0003003979911879792,0.00037293357443911096,0.6117138274360092,0.6125480500367918,0.839194640782274,0.00016962781833753843,0.00021058698950267085,0.839021496754067,0.8394661330929319,0.8492851585307684,0.0005771835967291624,0.0007165531999218057,0.8484313928954377,0.8498211607245875,0.6368339174318489,0.009422800217701768,0.011698076117340472,0.6255181943804698,0.6513846869909239,0.2559840992836724,0.0015951991714795394,0.00198038384547619,0.2534198172001993,0.2572508707839636,0.23959297451513387,0.0022322606284797654,0.0027712733096730783,0.23662154744290428,0.24190304220919248,0.584715802774931,0.014676962895687469,0.01822093487693723,0.5670398435034375,0.6048333108960035,0.0,0.0,0.0,0.0,0.0,0.0,0.0,0.0,0.0,0.0,0.0,0.0,0.0,0.0,0.0,91015.6,33.455941176418875,41.53437804229166,90959.0,91040.0,86693.4,45.818118686825194,56.88158801721344,86627.0,86736.0,4322.2,21.53369452741447,26.73332680831175,4297.0,4342.0,0.0,0.0,0.0,0.0,0.0,0.0,0.0,0.0,0.0,0.0
