trace,l1_fraction,l2_multiplier,policy,seed,lineage,selection_hash,hash_rank,group_index,ordinal,timestamp_ms,candidate_count,actual_index,arrival_rejection,action_index,mean_q600_tokens,sd_q600_tokens,mean_paired_gain_vs_actual_tokens,sd_paired_gain_vs_actual_tokens,mean_qend_tokens,sd_qend_tokens,mean_paired_end_gain_vs_actual_tokens,sd_paired_end_gain_vs_actual_tokens
conversation_trace,0.0025,1,pi0,0,"conversation_trace|l1=0.0025,l2x1|pi0|s=0",000016b23b37858b6d85792f9adcf78bf9df6bc52c7e3dcfa3080cec36642f10,0,871,364,2612999.0,17,0,True,0,1474278,17497.83876940235,0,0.0,2214654,15431.47813183602,0,0.0
conversation_trace,0.0025,1,pi0,0,"conversation_trace|l1=0.0025,l2x1|pi0|s=0",000016b23b37858b6d85792f9adcf78bf9df6bc52c7e3dcfa3080cec36642f10,0,871,364,2612999.0,17,0,True,1,1476742,14599.333829550807,2464,24128.345178786436,2210718,19527.279953951598,-3936,25966.507083805733
conversation_trace,0.0025,1,pi0,0,"conversation_trace|l1=0.0025,l2x1|pi0|s=0",000016b23b37858b6d85792f9adcf78bf9df6bc52c7e3dcfa3080cec36642f10,0,871,364,2612999.0,17,0,True,2,1474694,18891.805574551807,416,22267.561243506963,2211902,21199.90701866402,-2752,23399.296262922097
conversation_trace,0.0025,1,pi0,0,"conversation_trace|l1=0.0025,l2x1|pi0|s=0",000016b23b37858b6d85792f9adcf78bf9df6bc52c7e3dcfa3080cec36642f10,0,871,364,2612999.0,17,0,True,3,1476006,17835.90171162273,1728,24766.461967749856,2212734,23241.054617493875,-1920,27118.605745871228
conversation_trace,0.0025,1,pi0,0,"conversation_trace|l1=0.0025,l2x1|pi0|s=0",000016b23b37858b6d85792f9adcf78bf9df6bc52c7e3dcfa3080cec36642f10,0,871,364,2612999.0,17,0,True,4,1476710,19766.090289516877,2432,21319.948867981213,2215390,19945.560040603857,736,24753.82333297222
conversation_trace,0.0025,1,pi0,0,"conversation_trace|l1=0.0025,l2x1|pi0|s=0",000016b23b37858b6d85792f9adcf78bf9df6bc52c7e3dcfa3080cec36642f10,0,871,364,2612999.0,17,0,True,5,1478022,14938.939899917039,3744,22059.78901077705,2214846,19402.227446009045,192,23912.738786401416
conversation_trace,0.0025,1,pi0,0,"conversation_trace|l1=0.0025,l2x1|pi0|s=0",000016b23b37858b6d85792f9adcf78bf9df6bc52c7e3dcfa3080cec36642f10,0,871,364,2612999.0,17,0,True,6,1479974,20742.188376993076,5696,21499.02164595713,2215582,22145.800312173564,928,22424.757366208745
conversation_trace,0.0025,1,pi0,0,"conversation_trace|l1=0.0025,l2x1|pi0|s=0",000016b23b37858b6d85792f9adcf78bf9df6bc52c7e3dcfa3080cec36642f10,0,871,364,2612999.0,17,0,True,7,1480166,13761.557741283023,5888,19658.8443471804,2217118,18397.36004249885,2464,22276.97722163699
conversation_trace,0.0025,1,pi0,0,"conversation_trace|l1=0.0025,l2x1|pi0|s=0",000016b23b37858b6d85792f9adcf78bf9df6bc52c7e3dcfa3080cec36642f10,0,871,364,2612999.0,17,0,True,8,1478182,16127.830686941958,3904,23709.4332393951,2212542,22495.17608733037,-2112,25406.67267733682
conversation_trace,0.0025,1,pi0,0,"conversation_trace|l1=0.0025,l2x1|pi0|s=0",000016b23b37858b6d85792f9adcf78bf9df6bc52c7e3dcfa3080cec36642f10,0,871,364,2612999.0,17,0,True,9,1482918,17740.110424308714,8640,20011.1670157773,2216958,20821.44699422529,2304,20262.95657268866
conversation_trace,0.0025,1,pi0,0,"conversation_trace|l1=0.0025,l2x1|pi0|s=0",000016b23b37858b6d85792f9adcf78bf9df6bc52c7e3dcfa3080cec36642f10,0,871,364,2612999.0,17,0,True,10,1476358,15622.293813649774,2080,20546.850892533384,2211934,18932.349570686325,-2720,24335.691779770717
conversation_trace,0.0025,1,pi0,0,"conversation_trace|l1=0.0025,l2x1|pi0|s=0",000016b23b37858b6d85792f9adcf78bf9df6bc52c7e3dcfa3080cec36642f10,0,871,364,2612999.0,17,0,True,11,1476006,17835.90171162273,1728,24766.461967749856,2212734,23241.054617493875,-1920,27118.605745871228
conversation_trace,0.0025,1,pi0,0,"conversation_trace|l1=0.0025,l2x1|pi0|s=0",000016b23b37858b6d85792f9adcf78bf9df6bc52c7e3dcfa3080cec36642f10,0,871,364,2612999.0,17,0,True,12,1482982,15091.086004658511,8704,12198.070929454378,2218686,13468.252210290688,4032,16020.36464004487
conversation_trace,0.0025,1,pi0,0,"conversation_trace|l1=0.0025,l2x1|pi0|s=0",000016b23b37858b6d85792f9adcf78bf9df6bc52c7e3dcfa3080cec36642f10,0,871,364,2612999.0,17,0,True,13,1482918,17740.110424308714,8640,20011.1670157773,2216958,20821.44699422529,2304,20262.95657268866
conversation_trace,0.0025,1,pi0,0,"conversation_trace|l1=0.0025,l2x1|pi0|s=0",000016b23b37858b6d85792f9adcf78bf9df6bc52c7e3dcfa3080cec36642f10,0,871,364,2612999.0,17,0,True,14,1478182,16127.830686941958,3904,23709.4332393951,2212542,22495.17608733037,-2112,25406.67267733682
conversation_trace,0.0025,1,pi0,0,"conversation_trace|l1=0.0025,l2x1|pi0|s=0",000016b23b37858b6d85792f9adcf78bf9df6bc52c7e3dcfa3080cec36642f10,0,871,364,2612999.0,17,0,True,15,1475366,16760.70273785281,1088,18604.584610609647,2211070,21407.86128505134,-3584,23552.0
conversation_trace,0.0025,1,pi0,0,"conversation_trace|l1=0.0025,l2x1|pi0|s=0",000016b23b37858b6d85792f9adcf78bf9df6bc52c7e3dcfa3080cec36642f10,0,871,364,2612999.0,17,0,True,16,1481158,15935.048967605968,6880,25531.62067711331,2220670,18157.09063332192,6016,25231.091253980012
conversation_trace,0.0025,1,pi0,1,"conversation_trace|l1=0.0025,l2x1|pi0|s=1",00016c11fc61c5f426efd64c3880030827d0d8f07668f7785565f8a4bf27921e,0,744,23,2232000.0,17,0,True,0,1601664,24093.75748750424,0,0.0,3277918,24703.579961886764,0,0.0
conversation_trace,0.0025,1,pi0,1,"conversation_trace|l1=0.0025,l2x1|pi0|s=1",00016c11fc61c5f426efd64c3880030827d0d8f07668f7785565f8a4bf27921e,0,744,23,2232000.0,17,0,True,1,1608896,21264.443436560166,7232,30002.71945007652,3282750,20473.14551959876,4832,31785.79614020493
conversation_trace,0.0025,1,pi0,1,"conversation_trace|l1=0.0025,l2x1|pi0|s=1",00016c11fc61c5f426efd64c3880030827d0d8f07668f7785565f8a4bf27921e,0,744,23,2232000.0,17,0,True,2,1612512,22319.10421141494,10848,33685.92644611891,3290078,32890.90284764669,12160,42699.08102055593
conversation_trace,0.0025,1,pi0,1,"conversation_trace|l1=0.0025,l2x1|pi0|s=1",00016c11fc61c5f426efd64c3880030827d0d8f07668f7785565f8a4bf27921e,0,744,23,2232000.0,17,0,True,3,1611520,15657.492417370031,9856,24501.576199637988,3291966,21052.245257929142,14048,31081.376683366736
conversation_trace,0.0025,1,pi0,1,"conversation_trace|l1=0.0025,l2x1|pi0|s=1",00016c11fc61c5f426efd64c3880030827d0d8f07668f7785565f8a4bf27921e,0,744,23,2232000.0,17,0,True,4,1609312,23565.514962900063,7648,24276.553473121618,3281726,26481.815204651914,3808,33941.63234731058
conversation_trace,0.0025,1,pi0,1,"conversation_trace|l1=0.0025,l2x1|pi0|s=1",00016c11fc61c5f426efd64c3880030827d0d8f07668f7785565f8a4bf27921e,0,744,23,2232000.0,17,0,True,5,1608928,13438.699619630861,7264,23733.26190251423,3287582,13368.332092423996,9664,28872.366562741845
conversation_trace,0.0025,1,pi0,1,"conversation_trace|l1=0.0025,l2x1|pi0|s=1",00016c11fc61c5f426efd64c3880030827d0d8f07668f7785565f8a4bf27921e,0,744,23,2232000.0,17,0,True,6,1590528,15360.0,-11136,22735.33679539408,3261310,21197.639918946952,-16608,30945.57183184696
conversation_trace,0.0025,1,pi0,1,"conversation_trace|l1=0.0025,l2x1|pi0|s=1",00016c11fc61c5f426efd64c3880030827d0d8f07668f7785565f8a4bf27921e,0,744,23,2232000.0,17,0,True,7,1606176,16461.11850391704,4512,28874.39044320532,3278206,18243.989271355465,288,34134.170656396505
conversation_trace,0.0025,1,pi0,1,"conversation_trace|l1=0.0025,l2x1|pi0|s=1",00016c11fc61c5f426efd64c3880030827d0d8f07668f7785565f8a4bf27921e,0,744,23,2232000.0,17,0,True,8,1598720,15360.0,-2944,22735.33679539408,3269502,21197.639918946952,-8416,30945.57183184696
conversation_trace,0.0025,1,pi0,1,"conversation_trace|l1=0.0025,l2x1|pi0|s=1",00016c11fc61c5f426efd64c3880030827d0d8f07668f7785565f8a4bf27921e,0,744,23,2232000.0,17,0,True,9,1607264,17747.251159921452,5600,30157.60768584493,3281246,23007.645430740336,3328,33184.02571519415
conversation_trace,0.0025,1,pi0,1,"conversation_trace|l1=0.0025,l2x1|pi0|s=1",00016c11fc61c5f426efd64c3880030827d0d8f07668f7785565f8a4bf27921e,0,744,23,2232000.0,17,0,True,10,1610368,21334.698622978794,8704,35389.040985404885,3274686,26676.604441595136,-3232,43384.54842606217
conversation_trace,0.0025,1,pi0,1,"conversation_trace|l1=0.0025,l2x1|pi0|s=1",00016c11fc61c5f426efd64c3880030827d0d8f07668f7785565f8a4bf27921e,0,744,23,2232000.0,17,0,True,11,1601664,24093.75748750424,0,0.0,3277918,24703.579961886764,0,0.0
conversation_trace,0.0025,1,pi0,1,"conversation_trace|l1=0.0025,l2x1|pi0|s=1",00016c11fc61c5f426efd64c3880030827d0d8f07668f7785565f8a4bf27921e,0,744,23,2232000.0,17,0,True,12,1599232,15360.0,-2432,22735.33679539408,3270014,21197.639918946952,-7904,30945.57183184696
conversation_trace,0.0025,1,pi0,1,"conversation_trace|l1=0.0025,l2x1|pi0|s=1",00016c11fc61c5f426efd64c3880030827d0d8f07668f7785565f8a4bf27921e,0,744,23,2232000.0,17,0,True,13,1610016,13121.550477490582,8352,25029.57005357197,3288894,17459.093645814875,10976,29425.805273602964
conversation_trace,0.0025,1,pi0,1,"conversation_trace|l1=0.0025,l2x1|pi0|s=1",00016c11fc61c5f426efd64c3880030827d0d8f07668f7785565f8a4bf27921e,0,744,23,2232000.0,17,0,True,14,1609888,24482.466455268215,8224,25598.954645323574,3283550,24484.71937079669,5632,25129.413437908443
conversation_trace,0.0025,1,pi0,1,"conversation_trace|l1=0.0025,l2x1|pi0|s=1",00016c11fc61c5f426efd64c3880030827d0d8f07668f7785565f8a4bf27921e,0,744,23,2232000.0,17,0,True,15,1614208,19011.224866728953,12544,30280.51860410144,3286942,24114.058571712892,9024,39621.379494745845
conversation_trace,0.0025,1,pi0,1,"conversation_trace|l1=0.0025,l2x1|pi0|s=1",00016c11fc61c5f426efd64c3880030827d0d8f07668f7785565f8a4bf27921e,0,744,23,2232000.0,17,0,True,16,1613888,17705.504861483052,12224,23411.989634942747,3286046,22742.638111412376,8128,25468.504952849773
conversation_trace,0.0025,1,pi0,2,"conversation_trace|l1=0.0025,l2x1|pi0|s=2",0000b197c8362199b16c72307df7a75234c09875013c91795f20b6490d91673b,0,783,173,2348999.0,17,0,True,0,1576928,19615.653721794064,0,0.0,2967230,23164.982492259016,0,0.0
conversation_trace,0.0025,1,pi0,2,"conversation_trace|l1=0.0025,l2x1|pi0|s=2",0000b197c8362199b16c72307df7a75234c09875013c91795f20b6490d91673b,0,783,173,2348999.0,17,0,True,1,1583168,20730.099572039366,6240,30567.854348427314,2977118,23062.27071792079,9888,38295.281213225215
conversation_trace,0.0025,1,pi0,2,"conversation_trace|l1=0.0025,l2x1|pi0|s=2",0000b197c8362199b16c72307df7a75234c09875013c91795f20b6490d91673b,0,783,173,2348999.0,17,0,True,2,1583168,20730.099572039366,6240,30567.854348427314,2977118,23062.27071792079,9888,38295.281213225215
conversation_trace,0.0025,1,pi0,2,"conversation_trace|l1=0.0025,l2x1|pi0|s=2",0000b197c8362199b16c72307df7a75234c09875013c91795f20b6490d91673b,0,783,173,2348999.0,17,0,True,3,1576064,17261.31137544306,-864,18779.276634986058,2970590,23555.6171135464,3360,28366.8138875929
conversation_trace,0.0025,1,pi0,2,"conversation_trace|l1=0.0025,l2x1|pi0|s=2",0000b197c8362199b16c72307df7a75234c09875013c91795f20b6490d91673b,0,783,173,2348999.0,17,0,True,4,1575360,21788.0916710635,-1568,29488.988805993333,2968126,27277.297539651296,896,40608.8413887091
conversation_trace,0.0025,1,pi0,2,"conversation_trace|l1=0.0025,l2x1|pi0|s=2",0000b197c8362199b16c72307df7a75234c09875013c91795f20b6490d91673b,0,783,173,2348999.0,17,0,True,5,1566688,18878.3583467066,-10240,29396.70787917132,2960638,20832.774998384957,-6592,37156.70461168482
conversation_trace,0.0025,1,pi0,2,"conversation_trace|l1=0.0025,l2x1|pi0|s=2",0000b197c8362199b16c72307df7a75234c09875013c91795f20b6490d91673b,0,783,173,2348999.0,17,0,True,6,1573856,17584.268363132618,-3072,29129.75543552217,2969310,18066.05621600907,2080,27605.9136466567
conversation_trace,0.0025,1,pi0,2,"conversation_trace|l1=0.0025,l2x1|pi0|s=2",0000b197c8362199b16c72307df7a75234c09875013c91795f20b6490d91673b,0,783,173,2348999.0,17,0,True,7,1579456,21788.0916710635,2528,29488.988805993333,2972222,27277.297539651296,4992,40608.8413887091
conversation_trace,0.0025,1,pi0,2,"conversation_trace|l1=0.0025,l2x1|pi0|s=2",0000b197c8362199b16c72307df7a75234c09875013c91795f20b6490d91673b,0,783,173,2348999.0,17,0,True,8,1586144,15996.995984663286,9216,16605.43692489501,2981342,19116.990334952483,14112,19720.060689561786
conversation_trace,0.0025,1,pi0,2,"conversation_trace|l1=0.0025,l2x1|pi0|s=2",0000b197c8362199b16c72307df7a75234c09875013c91795f20b6490d91673b,0,783,173,2348999.0,17,0,True,9,1537504,18878.3583467066,-39424,29396.70787917132,2931454,20832.774998384957,-35776,37156.70461168482
conversation_trace,0.0025,1,pi0,2,"conversation_trace|l1=0.0025,l2x1|pi0|s=2",0000b197c8362199b16c72307df7a75234c09875013c91795f20b6490d91673b,0,783,173,2348999.0,17,0,True,10,1534944,18878.3583467066,-41984,29396.70787917132,2928894,20832.774998384957,-38336,37156.70461168482
conversation_trace,0.0025,1,pi0,2,"conversation_trace|l1=0.0025,l2x1|pi0|s=2",0000b197c8362199b16c72307df7a75234c09875013c91795f20b6490d91673b,0,783,173,2348999.0,17,0,True,11,1571360,17631.90901367934,-5568,29178.834630601683,2966814,18109.65544306867,-416,27670.25277320996
conversation_trace,0.0025,1,pi0,2,"conversation_trace|l1=0.0025,l2x1|pi0|s=2",0000b197c8362199b16c72307df7a75234c09875013c91795f20b6490d91673b,0,783,173,2348999.0,17,0,True,12,1581824,20602.513555389305,4896,29840.402928468196,2976766,20824.804082311715,9536,37020.52694744723
conversation_trace,0.0025,1,pi0,2,"conversation_trace|l1=0.0025,l2x1|pi0|s=2",0000b197c8362199b16c72307df7a75234c09875013c91795f20b6490d91673b,0,783,173,2348999.0,17,0,True,13,1583936,18067.99081986336,7008,28460.15068594449,2983614,22550.267782593328,16384,37416.890873864264
conversation_trace,0.0025,1,pi0,2,"conversation_trace|l1=0.0025,l2x1|pi0|s=2",0000b197c8362199b16c72307df7a75234c09875013c91795f20b6490d91673b,0,783,173,2348999.0,17,0,True,14,1583008,13228.001653059064,6080,20973.155769538673,2978174,14434.064597333629,10944,28625.562394475328
conversation_trace,0.0025,1,pi0,2,"conversation_trace|l1=0.0025,l2x1|pi0|s=2",0000b197c8362199b16c72307df7a75234c09875013c91795f20b6490d91673b,0,783,173,2348999.0,17,0,True,15,1580928,17143.464542890197,4000,25692.823714025675,2975102,20224.729100781547,7872,34273.61041968004
conversation_trace,0.0025,1,pi0,2,"conversation_trace|l1=0.0025,l2x1|pi0|s=2",0000b197c8362199b16c72307df7a75234c09875013c91795f20b6490d91673b,0,783,173,2348999.0,17,0,True,16,1541600,18878.3583467066,-35328,29396.70787917132,2935550,20832.774998384957,-31680,37156.70461168482
conversation_trace,0.0025,1,pi0,3,"conversation_trace|l1=0.0025,l2x1|pi0|s=3",00001023cd410b3c297dbe0eb37820920f4f10ed040204605a08ef3a262d927b,0,710,10,2130000.0,17,0,True,0,1573792,15414.764593293881,0,0.0,3519870,21892.790119123692,0,0.0
conversation_trace,0.0025,1,pi0,3,"conversation_trace|l1=0.0025,l2x1|pi0|s=3",00001023cd410b3c297dbe0eb37820920f4f10ed040204605a08ef3a262d927b,0,710,10,2130000.0,17,0,True,1,1576480,18412.523042755438,2688,16617.535605498186,3528574,20210.898710019468,8704,21335.10819283558
conversation_trace,0.0025,1,pi0,3,"conversation_trace|l1=0.0025,l2x1|pi0|s=3",00001023cd410b3c297dbe0eb37820920f4f10ed040204605a08ef3a262d927b,0,710,10,2130000.0,17,0,True,2,1574688,19126.215558755997,896,24764.080309997382,3525342,32049.114309134973,5472,38146.21917481906
conversation_trace,0.0025,1,pi0,3,"conversation_trace|l1=0.0025,l2x1|pi0|s=3",00001023cd410b3c297dbe0eb37820920f4f10ed040204605a08ef3a262d927b,0,710,10,2130000.0,17,0,True,3,1586112,15132.898907127257,12320,17931.668581962287,3539582,19995.741413277647,19712,24406.884799170908
conversation_trace,0.0025,1,pi0,3,"conversation_trace|l1=0.0025,l2x1|pi0|s=3",00001023cd410b3c297dbe0eb37820920f4f10ed040204605a08ef3a262d927b,0,710,10,2130000.0,17,0,True,4,1579776,13858.721826585115,5984,22622.99969500066,3524222,25966.843597172145,4352,35786.32170722961
conversation_trace,0.0025,1,pi0,3,"conversation_trace|l1=0.0025,l2x1|pi0|s=3",00001023cd410b3c297dbe0eb37820920f4f10ed040204605a08ef3a262d927b,0,710,10,2130000.0,17,0,True,5,1583136,16614.347406182806,9344,20078.84448202469,3530910,25779.932991896367,11040,27119.55224802455
conversation_trace,0.0025,1,pi0,3,"conversation_trace|l1=0.0025,l2x1|pi0|s=3",00001023cd410b3c297dbe0eb37820920f4f10ed040204605a08ef3a262d927b,0,710,10,2130000.0,17,0,True,6,1557696,16322.95293546279,-16096,17156.170637217776,3499902,19639.91668685656,-19968,25157.91075586365
conversation_trace,0.0025,1,pi0,3,"conversation_trace|l1=0.0025,l2x1|pi0|s=3",00001023cd410b3c297dbe0eb37820920f4f10ed040204605a08ef3a262d927b,0,710,10,2130000.0,17,0,True,7,1582208,18274.407780645954,8416,22875.93138650315,3531230,32570.00180534229,11360,35671.97183223826
conversation_trace,0.0025,1,pi0,3,"conversation_trace|l1=0.0025,l2x1|pi0|s=3",00001023cd410b3c297dbe0eb37820920f4f10ed040204605a08ef3a262d927b,0,710,10,2130000.0,17,0,True,8,1581344,15842.76016355736,7552,20144.884915696755,3533854,21559.192662682588,13984,25618.91567832904
conversation_trace,0.0025,1,pi0,3,"conversation_trace|l1=0.0025,l2x1|pi0|s=3",00001023cd410b3c297dbe0eb37820920f4f10ed040204605a08ef3a262d927b,0,710,10,2130000.0,17,0,True,9,1575712,19126.215558755997,1920,24764.080309997382,3526366,32049.114309134973,6496,38146.21917481906
conversation_trace,0.0025,1,pi0,3,"conversation_trace|l1=0.0025,l2x1|pi0|s=3",00001023cd410b3c297dbe0eb37820920f4f10ed040204605a08ef3a262d927b,0,710,10,2130000.0,17,0,True,10,1583136,16614.347406182806,9344,20078.84448202469,3530910,25779.932991896367,11040,27119.55224802455
conversation_trace,0.0025,1,pi0,3,"conversation_trace|l1=0.0025,l2x1|pi0|s=3",00001023cd410b3c297dbe0eb37820920f4f10ed040204605a08ef3a262d927b,0,710,10,2130000.0,17,0,True,11,1582656,12844.126605832982,8864,18429.836910112183,3532446,22091.28214175598,12576,32121.607863451252
conversation_trace,0.0025,1,pi0,3,"conversation_trace|l1=0.0025,l2x1|pi0|s=3",00001023cd410b3c297dbe0eb37820920f4f10ed040204605a08ef3a262d927b,0,710,10,2130000.0,17,0,True,12,1582656,12844.126605832982,8864,18429.836910112183,3532446,22091.28214175598,12576,32121.607863451252
conversation_trace,0.0025,1,pi0,3,"conversation_trace|l1=0.0025,l2x1|pi0|s=3",00001023cd410b3c297dbe0eb37820920f4f10ed040204605a08ef3a262d927b,0,710,10,2130000.0,17,0,True,13,1583328,8750.994701556314,9536,13597.592885017064,3534942,18395.816335967986,15072,33922.57600281362
conversation_trace,0.0025,1,pi0,3,"conversation_trace|l1=0.0025,l2x1|pi0|s=3",00001023cd410b3c297dbe0eb37820920f4f10ed040204605a08ef3a262d927b,0,710,10,2130000.0,17,0,True,14,1580736,20100.918294114494,6944,24925.492727995035,3532894,33179.219713549624,13024,42060.92464984573
conversation_trace,0.0025,1,pi0,3,"conversation_trace|l1=0.0025,l2x1|pi0|s=3",00001023cd410b3c297dbe0eb37820920f4f10ed040204605a08ef3a262d927b,0,710,10,2130000.0,17,0,True,15,1583136,16614.347406182806,9344,20078.84448202469,3530910,25779.932991896367,11040,27119.55224802455
conversation_trace,0.0025,1,pi0,3,"conversation_trace|l1=0.0025,l2x1|pi0|s=3",00001023cd410b3c297dbe0eb37820920f4f10ed040204605a08ef3a262d927b,0,710,10,2130000.0,17,0,True,16,1583136,16614.347406182806,9344,20078.84448202469,3530910,25779.932991896367,11040,27119.55224802455
conversation_trace,0.0025,1,pi0,4,"conversation_trace|l1=0.0025,l2x1|pi0|s=4",000025e9ed2d077a139094c7abcef36db84fc9928e30f2fccfb19912c5724706,0,957,122,2871000.0,17,9,False,0,1449758,13372.253382782324,0,0.0,1589086,14330.970546337747,0,0.0
conversation_trace,0.0025,1,pi0,4,"conversation_trace|l1=0.0025,l2x1|pi0|s=4",000025e9ed2d077a139094c7abcef36db84fc9928e30f2fccfb19912c5724706,0,957,122,2871000.0,17,9,False,1,1446462,11588.961000308296,-3296,18258.59169450554,1584830,12596.61347082355,-4256,19628.345435449555
conversation_trace,0.0025,1,pi0,4,"conversation_trace|l1=0.0025,l2x1|pi0|s=4",000025e9ed2d077a139094c7abcef36db84fc9928e30f2fccfb19912c5724706,0,957,122,2871000.0,17,9,False,2,1451966,10871.16190049006,2208,18266.008124382293,1592126,14258.954875212044,3040,21428.66805006788
conversation_trace,0.0025,1,pi0,4,"conversation_trace|l1=0.0025,l2x1|pi0|s=4",000025e9ed2d077a139094c7abcef36db84fc9928e30f2fccfb19912c5724706,0,957,122,2871000.0,17,9,False,3,1449406,12171.133149108728,-352,20077.294054063495,1587806,11008.0,-1280,19685.495601245773
conversation_trace,0.0025,1,pi0,4,"conversation_trace|l1=0.0025,l2x1|pi0|s=4",000025e9ed2d077a139094c7abcef36db84fc9928e30f2fccfb19912c5724706,0,957,122,2871000.0,17,9,False,4,1448734,15717.649493483432,-1024,18449.0587727396,1590686,15994.845036240062,1600,19489.0946600058
conversation_trace,0.0025,1,pi0,4,"conversation_trace|l1=0.0025,l2x1|pi0|s=4",000025e9ed2d077a139094c7abcef36db84fc9928e30f2fccfb19912c5724706,0,957,122,2871000.0,17,9,False,5,1451582,12466.569183219575,1824,23010.75477249714,1592702,14167.659246796322,3616,25792.111166013532
conversation_trace,0.0025,1,pi0,4,"conversation_trace|l1=0.0025,l2x1|pi0|s=4",000025e9ed2d077a139094c7abcef36db84fc9928e30f2fccfb19912c5724706,0,957,122,2871000.0,17,9,False,6,1451614,11069.743122584192,1856,20102.657071475238,1590686,10831.351630029067,1600,20208.439583500753
conversation_trace,0.0025,1,pi0,4,"conversation_trace|l1=0.0025,l2x1|pi0|s=4",000025e9ed2d077a139094c7abcef36db84fc9928e30f2fccfb19912c5724706,0,957,122,2871000.0,17,9,False,7,1446974,10553.442812655972,-2784,15664.153080627542,1583294,10593.524160227951,-5792,17342.338911846156
conversation_trace,0.0025,1,pi0,4,"conversation_trace|l1=0.0025,l2x1|pi0|s=4",000025e9ed2d077a139094c7abcef36db84fc9928e30f2fccfb19912c5724706,0,957,122,2871000.0,17,9,False,8,1452542,17340.071387780772,2784,22110.63073425692,1591902,17064.14914765261,2816,21635.25655960659
conversation_trace,0.0025,1,pi0,4,"conversation_trace|l1=0.0025,l2x1|pi0|s=4",000025e9ed2d077a139094c7abcef36db84fc9928e30f2fccfb19912c5724706,0,957,122,2871000.0,17,9,False,9,1449758,13372.253382782324,0,0.0,1589086,14330.970546337747,0,0.0
conversation_trace,0.0025,1,pi0,4,"conversation_trace|l1=0.0025,l2x1|pi0|s=4",000025e9ed2d077a139094c7abcef36db84fc9928e30f2fccfb19912c5724706,0,957,122,2871000.0,17,9,False,10,1448670,14558.426874723336,-1088,18854.650552759304,1586910,15547.583460675382,-2176,19880.285980505076
conversation_trace,0.0025,1,pi0,4,"conversation_trace|l1=0.0025,l2x1|pi0|s=4",000025e9ed2d077a139094c7abcef36db84fc9928e30f2fccfb19912c5724706,0,957,122,2871000.0,17,9,False,11,1451870,11110.714588480198,2112,16882.93636387541,1591262,11613.675433154944,2176,17717.96201975084
conversation_trace,0.0025,1,pi0,4,"conversation_trace|l1=0.0025,l2x1|pi0|s=4",000025e9ed2d077a139094c7abcef36db84fc9928e30f2fccfb19912c5724706,0,957,122,2871000.0,17,9,False,12,1450782,14498.432172709801,1024,16301.659760077602,1590174,15476.182819631806,1088,18691.740264976223
conversation_trace,0.0025,1,pi0,4,"conversation_trace|l1=0.0025,l2x1|pi0|s=4",000025e9ed2d077a139094c7abcef36db84fc9928e30f2fccfb19912c5724706,0,957,122,2871000.0,17,9,False,13,1454782,13147.82869779899,5024,17949.93309551134,1593246,13784.754167799536,4160,19966.57772712523
conversation_trace,0.0025,1,pi0,4,"conversation_trace|l1=0.0025,l2x1|pi0|s=4",000025e9ed2d077a139094c7abcef36db84fc9928e30f2fccfb19912c5724706,0,957,122,2871000.0,17,9,False,14,1451614,11069.743122584192,1856,20102.657071475238,1590686,10831.351630029067,1600,20208.439583500753
conversation_trace,0.0025,1,pi0,4,"conversation_trace|l1=0.0025,l2x1|pi0|s=4",000025e9ed2d077a139094c7abcef36db84fc9928e30f2fccfb19912c5724706,0,957,122,2871000.0,17,9,False,15,1444062,12906.564407308399,-5696,15474.347701922688,1582846,14209.844925262203,-6240,16833.53301003684
conversation_trace,0.0025,1,pi0,4,"conversation_trace|l1=0.0025,l2x1|pi0|s=4",000025e9ed2d077a139094c7abcef36db84fc9928e30f2fccfb19912c5724706,0,957,122,2871000.0,17,9,False,16,1448286,14970.346511242373,-1472,19223.651210596458,1586110,16530.775888223354,-2976,20960.105852150016
conversation_trace,0.0025,1,pi3,0,"conversation_trace|l1=0.0025,l2x1|pi3|s=0",0001548175509776dfeea22ff78d952a7c85290cf74202fdf8e3f3979d36c551,0,849,190,2546999.0,17,0,True,0,1274936.625,6428.439892384466,0,0.0,2106913.0625,6590.918868349592,0,0.0
conversation_trace,0.0025,1,pi3,0,"conversation_trace|l1=0.0025,l2x1|pi3|s=0",0001548175509776dfeea22ff78d952a7c85290cf74202fdf8e3f3979d36c551,0,849,190,2546999.0,17,0,True,1,1266688.0625,6876.038156465296,-8248.5625,10787.094486584421,2100119.375,6706.031294041705,-6793.6875,10872.205999512396
conversation_trace,0.0025,1,pi3,0,"conversation_trace|l1=0.0025,l2x1|pi3|s=0",0001548175509776dfeea22ff78d952a7c85290cf74202fdf8e3f3979d36c551,0,849,190,2546999.0,17,0,True,2,1276040.25,5243.058007181178,1103.625,9874.875390774981,2109496.125,5279.116717469568,2583.0625,9215.748408521506
conversation_trace,0.0025,1,pi3,0,"conversation_trace|l1=0.0025,l2x1|pi3|s=0",0001548175509776dfeea22ff78d952a7c85290cf74202fdf8e3f3979d36c551,0,849,190,2546999.0,17,0,True,3,1277183.125,6356.973985317228,2246.5,9298.142646070057,2110311.5625,6127.8274014939425,3398.5,7990.088902300567
conversation_trace,0.0025,1,pi3,0,"conversation_trace|l1=0.0025,l2x1|pi3|s=0",0001548175509776dfeea22ff78d952a7c85290cf74202fdf8e3f3979d36c551,0,849,190,2546999.0,17,0,True,4,1276784.4375,4702.218071913863,1847.8125,6568.655734813631,2108576.3125,7540.628017336045,1663.25,9720.927839803497
conversation_trace,0.0025,1,pi3,0,"conversation_trace|l1=0.0025,l2x1|pi3|s=0",0001548175509776dfeea22ff78d952a7c85290cf74202fdf8e3f3979d36c551,0,849,190,2546999.0,17,0,True,5,1276888.625,4866.015041420786,1952,8437.860724140925,2109665.0625,6956.125075248432,2752,9829.237060932044
conversation_trace,0.0025,1,pi3,0,"conversation_trace|l1=0.0025,l2x1|pi3|s=0",0001548175509776dfeea22ff78d952a7c85290cf74202fdf8e3f3979d36c551,0,849,190,2546999.0,17,0,True,6,1277368.625,5511.640141554962,2432,8507.993182883964,2109921.0625,6247.868398835451,3008,9481.208832914363
conversation_trace,0.0025,1,pi3,0,"conversation_trace|l1=0.0025,l2x1|pi3|s=0",0001548175509776dfeea22ff78d952a7c85290cf74202fdf8e3f3979d36c551,0,849,190,2546999.0,17,0,True,7,1279727.6875,8516.578919720836,4791.0625,13138.969540867098,2113328.6875,8940.311655408514,6415.625,12904.167532881254
conversation_trace,0.0025,1,pi3,0,"conversation_trace|l1=0.0025,l2x1|pi3|s=0",0001548175509776dfeea22ff78d952a7c85290cf74202fdf8e3f3979d36c551,0,849,190,2546999.0,17,0,True,8,1275984.4375,4329.434928005424,1047.8125,7409.760753841291,2109016.875,4447.090732527652,2103.8125,7382.244782528324
conversation_trace,0.0025,1,pi3,0,"conversation_trace|l1=0.0025,l2x1|pi3|s=0",0001548175509776dfeea22ff78d952a7c85290cf74202fdf8e3f3979d36c551,0,849,190,2546999.0,17,0,True,9,1276200.25,5221.88151914614,1263.625,7470.52934202122,2109097.25,6000.897505095939,2184.1875,8450.698828844472
conversation_trace,0.0025,1,pi3,0,"conversation_trace|l1=0.0025,l2x1|pi3|s=0",0001548175509776dfeea22ff78d952a7c85290cf74202fdf8e3f3979d36c551,0,849,190,2546999.0,17,0,True,10,1276080.4375,4406.15791771395,1143.8125,7405.229127391445,2109304.875,4560.66538822279,2391.8125,7013.153501041216
conversation_trace,0.0025,1,pi3,0,"conversation_trace|l1=0.0025,l2x1|pi3|s=0",0001548175509776dfeea22ff78d952a7c85290cf74202fdf8e3f3979d36c551,0,849,190,2546999.0,17,0,True,11,1269960.25,6351.383487083739,-4976.375,10121.000957579903,2103864.125,6857.737283536021,-3048.9375,10978.292681279423
conversation_trace,0.0025,1,pi3,0,"conversation_trace|l1=0.0025,l2x1|pi3|s=0",0001548175509776dfeea22ff78d952a7c85290cf74202fdf8e3f3979d36c551,0,849,190,2546999.0,17,0,True,12,1277112.625,4544.76483990096,2176,7653.737474811462,2110017.0625,6283.343000545172,3104,8748.313445078047
conversation_trace,0.0025,1,pi3,0,"conversation_trace|l1=0.0025,l2x1|pi3|s=0",0001548175509776dfeea22ff78d952a7c85290cf74202fdf8e3f3979d36c551,0,849,190,2546999.0,17,0,True,13,1277112.625,4544.76483990096,2176,7653.737474811462,2110017.0625,6283.343000545172,3104,8748.313445078047
conversation_trace,0.0025,1,pi3,0,"conversation_trace|l1=0.0025,l2x1|pi3|s=0",0001548175509776dfeea22ff78d952a7c85290cf74202fdf8e3f3979d36c551,0,849,190,2546999.0,17,0,True,14,1277376.8125,7276.108375761959,2440.1875,8612.883785111311,2110633.25,6993.119442232724,3720.1875,8780.446558262285
conversation_trace,0.0025,1,pi3,0,"conversation_trace|l1=0.0025,l2x1|pi3|s=0",0001548175509776dfeea22ff78d952a7c85290cf74202fdf8e3f3979d36c551,0,849,190,2546999.0,17,0,True,15,1274816.0625,3870.9137503307925,-120.5625,7469.399939921546,2109672.5,5275.221372922025,2759.4375,8466.49677232758
conversation_trace,0.0025,1,pi3,0,"conversation_trace|l1=0.0025,l2x1|pi3|s=0",0001548175509776dfeea22ff78d952a7c85290cf74202fdf8e3f3979d36c551,0,849,190,2546999.0,17,0,True,16,1276672.8125,4448.4668253043465,1736.1875,6279.492593288623,2110111.5625,5034.037027658153,3198.5,6790.61749769489
conversation_trace,0.0025,1,pi3,1,"conversation_trace|l1=0.0025,l2x1|pi3|s=1",000019749d2b9a3ba4468d4e4a5e4ac817f927d633bb439ccc3f3b0701e3fdb3,0,979,178,2936999.0,17,0,True,0,1299466,12593.144547729133,0,0.0,1299466,12593.144547729133,0,0.0
conversation_trace,0.0025,1,pi3,1,"conversation_trace|l1=0.0025,l2x1|pi3|s=1",000019749d2b9a3ba4468d4e4a5e4ac817f927d633bb439ccc3f3b0701e3fdb3,0,979,178,2936999.0,17,0,True,1,1299537.4375,13112.568698104122,71.4375,19178.389775886644,1299537.4375,13112.568698104122,71.4375,19178.389775886644
conversation_trace,0.0025,1,pi3,1,"conversation_trace|l1=0.0025,l2x1|pi3|s=1",000019749d2b9a3ba4468d4e4a5e4ac817f927d633bb439ccc3f3b0701e3fdb3,0,979,178,2936999.0,17,0,True,2,1299338,8176.986241886432,-128,15310.426669430215,1299338,8176.986241886432,-128,15310.426669430215
conversation_trace,0.0025,1,pi3,1,"conversation_trace|l1=0.0025,l2x1|pi3|s=1",000019749d2b9a3ba4468d4e4a5e4ac817f927d633bb439ccc3f3b0701e3fdb3,0,979,178,2936999.0,17,0,True,3,1293610,9120.452854253821,-5856,16484.98875947448,1293610,9120.452854253821,-5856,16484.98875947448
conversation_trace,0.0025,1,pi3,1,"conversation_trace|l1=0.0025,l2x1|pi3|s=1",000019749d2b9a3ba4468d4e4a5e4ac817f927d633bb439ccc3f3b0701e3fdb3,0,979,178,2936999.0,17,0,True,4,1296778,11431.816560226405,-2688,14455.577488752684,1296778,11431.816560226405,-2688,14455.577488752684
conversation_trace,0.0025,1,pi3,1,"conversation_trace|l1=0.0025,l2x1|pi3|s=1",000019749d2b9a3ba4468d4e4a5e4ac817f927d633bb439ccc3f3b0701e3fdb3,0,979,178,2936999.0,17,0,True,5,1297098,11211.465369581862,-2368,17122.426245521787,1297098,11211.465369581862,-2368,17122.426245521787
conversation_trace,0.0025,1,pi3,1,"conversation_trace|l1=0.0025,l2x1|pi3|s=1",000019749d2b9a3ba4468d4e4a5e4ac817f927d633bb439ccc3f3b0701e3fdb3,0,979,178,2936999.0,17,0,True,6,1297065.0625,8830.570245601357,-2400.9375,12829.39529605741,1297065.0625,8830.570245601357,-2400.9375,12829.39529605741
conversation_trace,0.0025,1,pi3,1,"conversation_trace|l1=0.0025,l2x1|pi3|s=1",000019749d2b9a3ba4468d4e4a5e4ac817f927d633bb439ccc3f3b0701e3fdb3,0,979,178,2936999.0,17,0,True,7,1295465.0625,8896.058344148829,-4000.9375,16508.44616741685,1295465.0625,8896.058344148829,-4000.9375,16508.44616741685
conversation_trace,0.0025,1,pi3,1,"conversation_trace|l1=0.0025,l2x1|pi3|s=1",000019749d2b9a3ba4468d4e4a5e4ac817f927d633bb439ccc3f3b0701e3fdb3,0,979,178,2936999.0,17,0,True,8,1300458,11354.400873670085,992,13832.807071114188,1300458,11354.400873670085,992,13832.807071114188
conversation_trace,0.0025,1,pi3,1,"conversation_trace|l1=0.0025,l2x1|pi3|s=1",000019749d2b9a3ba4468d4e4a5e4ac817f927d633bb439ccc3f3b0701e3fdb3,0,979,178,2936999.0,17,0,True,9,1297265.4375,12550.228289922326,-2200.5625,15563.586690172031,1297265.4375,12550.228289922326,-2200.5625,15563.586690172031
conversation_trace,0.0025,1,pi3,1,"conversation_trace|l1=0.0025,l2x1|pi3|s=1",000019749d2b9a3ba4468d4e4a5e4ac817f927d633bb439ccc3f3b0701e3fdb3,0,979,178,2936999.0,17,0,True,10,1299050,10664.686749579974,-416,15804.380692284867,1299050,10664.686749579974,-416,15804.380692284867
conversation_trace,0.0025,1,pi3,1,"conversation_trace|l1=0.0025,l2x1|pi3|s=1",000019749d2b9a3ba4468d4e4a5e4ac817f927d633bb439ccc3f3b0701e3fdb3,0,979,178,2936999.0,17,0,True,11,1296234,11657.420366444714,-3232,15791.659030429113,1296234,11657.420366444714,-3232,15791.659030429113
conversation_trace,0.0025,1,pi3,1,"conversation_trace|l1=0.0025,l2x1|pi3|s=1",000019749d2b9a3ba4468d4e4a5e4ac817f927d633bb439ccc3f3b0701e3fdb3,0,979,178,2936999.0,17,0,True,12,1299882,13214.328869324641,416,19196.67171152333,1299882,13214.328869324641,416,19196.67171152333
conversation_trace,0.0025,1,pi3,1,"conversation_trace|l1=0.0025,l2x1|pi3|s=1",000019749d2b9a3ba4468d4e4a5e4ac817f927d633bb439ccc3f3b0701e3fdb3,0,979,178,2936999.0,17,0,True,13,1296273.4375,12081.12532268828,-3192.5625,16508.69985580835,1296273.4375,12081.12532268828,-3192.5625,16508.69985580835
conversation_trace,0.0025,1,pi3,1,"conversation_trace|l1=0.0025,l2x1|pi3|s=1",000019749d2b9a3ba4468d4e4a5e4ac817f927d633bb439ccc3f3b0701e3fdb3,0,979,178,2936999.0,17,0,True,14,1299242,9191.077412360315,-224,15590.343951732859,1299242,9191.077412360315,-224,15590.343951732859
conversation_trace,0.0025,1,pi3,1,"conversation_trace|l1=0.0025,l2x1|pi3|s=1",000019749d2b9a3ba4468d4e4a5e4ac817f927d633bb439ccc3f3b0701e3fdb3,0,979,178,2936999.0,17,0,True,15,1299050,10664.686749579974,-416,15804.380692284867,1299050,10664.686749579974,-416,15804.380692284867
conversation_trace,0.0025,1,pi3,1,"conversation_trace|l1=0.0025,l2x1|pi3|s=1",000019749d2b9a3ba4468d4e4a5e4ac817f927d633bb439ccc3f3b0701e3fdb3,0,979,178,2936999.0,17,0,True,16,1296842,12374.05423187297,-2624,15392.818273467663,1296842,12374.05423187297,-2624,15392.818273467663
conversation_trace,0.0025,1,pi3,2,"conversation_trace|l1=0.0025,l2x1|pi3|s=2",0002309bc36e486aa643794039a7c389838ca23ee8b1688c40cfd3698beb88c5,0,832,407,2496000.0,17,0,True,0,1316640.0625,6470.028124294876,0,0.0,2238760.5,12403.276341354327,0,0.0
conversation_trace,0.0025,1,pi3,2,"conversation_trace|l1=0.0025,l2x1|pi3|s=2",0002309bc36e486aa643794039a7c389838ca23ee8b1688c40cfd3698beb88c5,0,832,407,2496000.0,17,0,True,1,1316024.625,5697.359106053728,-615.4375,9159.160339745487,2239073.0625,9930.094128246385,312.5625,15540.110600072961
conversation_trace,0.0025,1,pi3,2,"conversation_trace|l1=0.0025,l2x1|pi3|s=2",0002309bc36e486aa643794039a7c389838ca23ee8b1688c40cfd3698beb88c5,0,832,407,2496000.0,17,0,True,2,1312400.4375,7521.863199755319,-4239.625,9242.328154565097,2232856.875,8543.485720126182,-5903.625,15705.977863539729
conversation_trace,0.0025,1,pi3,2,"conversation_trace|l1=0.0025,l2x1|pi3|s=2",0002309bc36e486aa643794039a7c389838ca23ee8b1688c40cfd3698beb88c5,0,832,407,2496000.0,17,0,True,3,1316312.625,5623.279326454745,-327.4375,8993.156004938794,2237825.0625,8324.161158689405,-935.4375,17459.13059679185
conversation_trace,0.0025,1,pi3,2,"conversation_trace|l1=0.0025,l2x1|pi3|s=2",0002309bc36e486aa643794039a7c389838ca23ee8b1688c40cfd3698beb88c5,0,832,407,2496000.0,17,0,True,4,1316480.0625,4924.947424000246,-160,9659.248404163407,2238632.5,7749.2283744899405,-128,16453.385771121193
conversation_trace,0.0025,1,pi3,2,"conversation_trace|l1=0.0025,l2x1|pi3|s=2",0002309bc36e486aa643794039a7c389838ca23ee8b1688c40cfd3698beb88c5,0,832,407,2496000.0,17,0,True,5,1301088.0625,6442.008708146344,-15552,7651.087957495544,2223695.9375,11633.304697970965,-15064.5625,16621.74439288789
conversation_trace,0.0025,1,pi3,2,"conversation_trace|l1=0.0025,l2x1|pi3|s=2",0002309bc36e486aa643794039a7c389838ca23ee8b1688c40cfd3698beb88c5,0,832,407,2496000.0,17,0,True,6,1312400.4375,7521.863199755319,-4239.625,9242.328154565097,2232856.875,8543.485720126182,-5903.625,15705.977863539729
conversation_trace,0.0025,1,pi3,2,"conversation_trace|l1=0.0025,l2x1|pi3|s=2",0002309bc36e486aa643794039a7c389838ca23ee8b1688c40cfd3698beb88c5,0,832,407,2496000.0,17,0,True,7,1311688.25,8203.12588793646,-4951.8125,12484.603025159964,2236440.125,9598.291416531729,-2320.375,17497.25856574871
conversation_trace,0.0025,1,pi3,2,"conversation_trace|l1=0.0025,l2x1|pi3|s=2",0002309bc36e486aa643794039a7c389838ca23ee8b1688c40cfd3698beb88c5,0,832,407,2496000.0,17,0,True,8,1315992.625,5553.479628425167,-647.4375,8894.895584687883,2239713.0625,9734.306196600077,952.5625,15516.882629225713
conversation_trace,0.0025,1,pi3,2,"conversation_trace|l1=0.0025,l2x1|pi3|s=2",0002309bc36e486aa643794039a7c389838ca23ee8b1688c40cfd3698beb88c5,0,832,407,2496000.0,17,0,True,9,1313944.625,7390.441176501801,-2695.4375,10404.714245435416,2235848.5,11174.995755405607,-2912,14918.635093957713
conversation_trace,0.0025,1,pi3,2,"conversation_trace|l1=0.0025,l2x1|pi3|s=2",0002309bc36e486aa643794039a7c389838ca23ee8b1688c40cfd3698beb88c5,0,832,407,2496000.0,17,0,True,10,1318824.25,5654.121865211844,2184.1875,8173.512457678971,2240280.125,5999.793795067738,1519.625,10732.108875550353
conversation_trace,0.0025,1,pi3,2,"conversation_trace|l1=0.0025,l2x1|pi3|s=2",0002309bc36e486aa643794039a7c389838ca23ee8b1688c40cfd3698beb88c5,0,832,407,2496000.0,17,0,True,11,1312400.4375,7521.863199755319,-4239.625,9242.328154565097,2232856.875,8543.485720126182,-5903.625,15705.977863539729
conversation_trace,0.0025,1,pi3,2,"conversation_trace|l1=0.0025,l2x1|pi3|s=2",0002309bc36e486aa643794039a7c389838ca23ee8b1688c40cfd3698beb88c5,0,832,407,2496000.0,17,0,True,12,1312400.4375,7521.863199755319,-4239.625,9242.328154565097,2232856.875,8543.485720126182,-5903.625,15705.977863539729
conversation_trace,0.0025,1,pi3,2,"conversation_trace|l1=0.0025,l2x1|pi3|s=2",0002309bc36e486aa643794039a7c389838ca23ee8b1688c40cfd3698beb88c5,0,832,407,2496000.0,17,0,True,13,1313480.25,7171.680133227732,-3159.8125,10223.167312327101,2234943.5625,11233.389871086703,-3816.9375,14993.849954648073
conversation_trace,0.0025,1,pi3,2,"conversation_trace|l1=0.0025,l2x1|pi3|s=2",0002309bc36e486aa643794039a7c389838ca23ee8b1688c40cfd3698beb88c5,0,832,407,2496000.0,17,0,True,14,1317048.625,5243.489625240046,408.5625,9138.06341970223,2236279.375,8491.753520327824,-2481.125,17658.37053213008
conversation_trace,0.0025,1,pi3,2,"conversation_trace|l1=0.0025,l2x1|pi3|s=2",0002309bc36e486aa643794039a7c389838ca23ee8b1688c40cfd3698beb88c5,0,832,407,2496000.0,17,0,True,15,1313432.625,7067.676278900536,-3207.4375,9629.695218221257,2234888.5,10925.769269636501,-3872,14175.288112298342
conversation_trace,0.0025,1,pi3,2,"conversation_trace|l1=0.0025,l2x1|pi3|s=2",0002309bc36e486aa643794039a7c389838ca23ee8b1688c40cfd3698beb88c5,0,832,407,2496000.0,17,0,True,16,1316024.625,5697.359106053728,-615.4375,9159.160339745487,2239073.0625,9930.094128246385,312.5625,15540.110600072961
conversation_trace,0.0025,1,pi3,3,"conversation_trace|l1=0.0025,l2x1|pi3|s=3",0000625efbeeb3f4b9effc9df7e1d86e60c2e4c4ce245dbadd655dfa2cd29a55,0,816,152,2448000.0,17,0,True,0,1333614.875,12571.56283509201,0,0.0,2383552.3125,19711.760999358565,0,0.0
conversation_trace,0.0025,1,pi3,3,"conversation_trace|l1=0.0025,l2x1|pi3|s=3",0000625efbeeb3f4b9effc9df7e1d86e60c2e4c4ce245dbadd655dfa2cd29a55,0,816,152,2448000.0,17,0,True,1,1339191.0625,16380.439031433192,5576.1875,15559.842536558652,2392193.0625,23071.620499273562,8640.75,24432.77375302826
conversation_trace,0.0025,1,pi3,3,"conversation_trace|l1=0.0025,l2x1|pi3|s=3",0000625efbeeb3f4b9effc9df7e1d86e60c2e4c4ce245dbadd655dfa2cd29a55,0,816,152,2448000.0,17,0,True,2,1343135.25,15350.825652061845,9520.375,23303.105884194923,2395379.5625,16240.774845918939,11827.25,27350.81005381742
conversation_trace,0.0025,1,pi3,3,"conversation_trace|l1=0.0025,l2x1|pi3|s=3",0000625efbeeb3f4b9effc9df7e1d86e60c2e4c4ce245dbadd655dfa2cd29a55,0,816,152,2448000.0,17,0,True,3,1338870.3125,16429.591489012542,5255.4375,24025.961680284516,2390782.25,14722.506111392857,7229.9375,26593.48123749816
conversation_trace,0.0025,1,pi3,3,"conversation_trace|l1=0.0025,l2x1|pi3|s=3",0000625efbeeb3f4b9effc9df7e1d86e60c2e4c4ce245dbadd655dfa2cd29a55,0,816,152,2448000.0,17,0,True,4,1336526.875,16457.5118446461,2912,17610.01619533611,2388504.875,17606.787967050284,4952.5625,24207.681475016012
conversation_trace,0.0025,1,pi3,3,"conversation_trace|l1=0.0025,l2x1|pi3|s=3",0000625efbeeb3f4b9effc9df7e1d86e60c2e4c4ce245dbadd655dfa2cd29a55,0,816,152,2448000.0,17,0,True,5,1338199.0625,15660.543811199534,4584.1875,20682.502073713582,2392175.9375,18302.19086874119,8623.625,21510.685217274382
conversation_trace,0.0025,1,pi3,3,"conversation_trace|l1=0.0025,l2x1|pi3|s=3",0000625efbeeb3f4b9effc9df7e1d86e60c2e4c4ce245dbadd655dfa2cd29a55,0,816,152,2448000.0,17,0,True,6,1329007.625,5042.126639623404,-4607.25,14383.940185730287,2380065.0625,11344.072134636368,-3487.25,20489.82146823149
conversation_trace,0.0025,1,pi3,3,"conversation_trace|l1=0.0025,l2x1|pi3|s=3",0000625efbeeb3f4b9effc9df7e1d86e60c2e4c4ce245dbadd655dfa2cd29a55,0,816,152,2448000.0,17,0,True,7,1337998.875,13241.795894691424,4384,20361.165290817713,2387476.125,12721.513950129258,3923.8125,25093.154155981134
conversation_trace,0.0025,1,pi3,3,"conversation_trace|l1=0.0025,l2x1|pi3|s=3",0000625efbeeb3f4b9effc9df7e1d86e60c2e4c4ce245dbadd655dfa2cd29a55,0,816,152,2448000.0,17,0,True,8,1331695.625,6073.840123842576,-1919.25,15314.23748237785,2382753.0625,11419.59346893896,-799.25,21426.009833844473
conversation_trace,0.0025,1,pi3,3,"conversation_trace|l1=0.0025,l2x1|pi3|s=3",0000625efbeeb3f4b9effc9df7e1d86e60c2e4c4ce245dbadd655dfa2cd29a55,0,816,152,2448000.0,17,0,True,9,1325639.4375,5433.706395806948,-7975.4375,12104.79682863368,2375352.875,11317.590390626443,-8199.4375,16192.572210610435
conversation_trace,0.0025,1,pi3,3,"conversation_trace|l1=0.0025,l2x1|pi3|s=3",0000625efbeeb3f4b9effc9df7e1d86e60c2e4c4ce245dbadd655dfa2cd29a55,0,816,152,2448000.0,17,0,True,10,1334903.0625,15396.732291707225,1288.1875,20480.517933616004,2388299.1875,15508.785519692809,4746.875,23979.299928271466
conversation_trace,0.0025,1,pi3,3,"conversation_trace|l1=0.0025,l2x1|pi3|s=3",0000625efbeeb3f4b9effc9df7e1d86e60c2e4c4ce245dbadd655dfa2cd29a55,0,816,152,2448000.0,17,0,True,11,1342615.0625,17270.034130322383,9000.1875,26721.081433252286,2395491.75,18460.59546349106,11939.4375,33626.35833978805
conversation_trace,0.0025,1,pi3,3,"conversation_trace|l1=0.0025,l2x1|pi3|s=3",0000625efbeeb3f4b9effc9df7e1d86e60c2e4c4ce245dbadd655dfa2cd29a55,0,816,152,2448000.0,17,0,True,12,1335327.25,16549.57126332885,1712.375,22258.825230680977,2389375.75,17898.31857838421,5823.4375,24117.813889236175
conversation_trace,0.0025,1,pi3,3,"conversation_trace|l1=0.0025,l2x1|pi3|s=3",0000625efbeeb3f4b9effc9df7e1d86e60c2e4c4ce245dbadd655dfa2cd29a55,0,816,152,2448000.0,17,0,True,13,1336526.875,16457.5118446461,2912,17610.01619533611,2388504.875,17606.787967050284,4952.5625,24207.681475016012
conversation_trace,0.0025,1,pi3,3,"conversation_trace|l1=0.0025,l2x1|pi3|s=3",0000625efbeeb3f4b9effc9df7e1d86e60c2e4c4ce245dbadd655dfa2cd29a55,0,816,152,2448000.0,17,0,True,14,1327215.625,5365.391615095149,-6399.25,14124.05844649476,2378273.0625,11770.808199206203,-5279.25,20116.711694509122
conversation_trace,0.0025,1,pi3,3,"conversation_trace|l1=0.0025,l2x1|pi3|s=3",0000625efbeeb3f4b9effc9df7e1d86e60c2e4c4ce245dbadd655dfa2cd29a55,0,816,152,2448000.0,17,0,True,15,1334903.0625,15396.732291707225,1288.1875,20480.517933616004,2388299.1875,15508.785519692809,4746.875,23979.299928271466
conversation_trace,0.0025,1,pi3,3,"conversation_trace|l1=0.0025,l2x1|pi3|s=3",0000625efbeeb3f4b9effc9df7e1d86e60c2e4c4ce245dbadd655dfa2cd29a55,0,816,152,2448000.0,17,0,True,16,1328335.625,5064.829103730945,-5279.25,14250.869365293707,2379393.0625,11461.010557356334,-4159.25,20325.331028054625
conversation_trace,0.0025,1,pi3,4,"conversation_trace|l1=0.0025,l2x1|pi3|s=4",00010cab30993f71443dd971fe94cc0749e18bbdaeaf00d271e355df60e30075,0,923,19,2768999.0,17,0,True,0,1263072.875,11977.912744575604,0,0.0,1638840.875,11569.093452672369,0,0.0
conversation_trace,0.0025,1,pi3,4,"conversation_trace|l1=0.0025,l2x1|pi3|s=4",00010cab30993f71443dd971fe94cc0749e18bbdaeaf00d271e355df60e30075,0,923,19,2768999.0,17,0,True,1,1262609.25,12928.001389748275,-463.625,12080.212591258483,1638633.25,13147.644440481852,-207.625,12196.91516122007
conversation_trace,0.0025,1,pi3,4,"conversation_trace|l1=0.0025,l2x1|pi3|s=4",00010cab30993f71443dd971fe94cc0749e18bbdaeaf00d271e355df60e30075,0,923,19,2768999.0,17,0,True,2,1260319.1875,12468.29839349246,-2753.6875,14742.990848620235,1636503.1875,12786.92744026101,-2337.6875,14509.672983766151
conversation_trace,0.0025,1,pi3,4,"conversation_trace|l1=0.0025,l2x1|pi3|s=4",00010cab30993f71443dd971fe94cc0749e18bbdaeaf00d271e355df60e30075,0,923,19,2768999.0,17,0,True,3,1255716.3125,10219.41174248792,-7356.5625,16229.155903162884,1632028.3125,10515.131488914756,-6812.5625,16383.205433079938
conversation_trace,0.0025,1,pi3,4,"conversation_trace|l1=0.0025,l2x1|pi3|s=4",00010cab30993f71443dd971fe94cc0749e18bbdaeaf00d271e355df60e30075,0,923,19,2768999.0,17,0,True,4,1257336.6875,11133.95469554731,-5736.1875,12332.845312247833,1634288.6875,11445.589215756143,-4552.1875,11859.655639850313
conversation_trace,0.0025,1,pi3,4,"conversation_trace|l1=0.0025,l2x1|pi3|s=4",00010cab30993f71443dd971fe94cc0749e18bbdaeaf00d271e355df60e30075,0,923,19,2768999.0,17,0,True,5,1257060.3125,9871.394408213057,-6012.5625,16799.93230132689,1633660.3125,10345.10511445711,-5180.5625,17203.846624011156
conversation_trace,0.0025,1,pi3,4,"conversation_trace|l1=0.0025,l2x1|pi3|s=4",00010cab30993f71443dd971fe94cc0749e18bbdaeaf00d271e355df60e30075,0,923,19,2768999.0,17,0,True,6,1261552.3125,11570.750132518058,-1520.5625,19348.776843231375,1641384.3125,18263.96383307395,2543.4375,25263.555358048216
conversation_trace,0.0025,1,pi3,4,"conversation_trace|l1=0.0025,l2x1|pi3|s=4",00010cab30993f71443dd971fe94cc0749e18bbdaeaf00d271e355df60e30075,0,923,19,2768999.0,17,0,True,7,1258072.6875,10244.903544161198,-5000.1875,14417.120605810995,1634256.6875,10079.869977460026,-4584.1875,14041.859825624952
conversation_trace,0.0025,1,pi3,4,"conversation_trace|l1=0.0025,l2x1|pi3|s=4",00010cab30993f71443dd971fe94cc0749e18bbdaeaf00d271e355df60e30075,0,923,19,2768999.0,17,0,True,8,1259145.0625,10950.507759726639,-3927.8125,15764.046482291065,1634497.0625,10345.118317150043,-4343.8125,15892.459424598195
conversation_trace,0.0025,1,pi3,4,"conversation_trace|l1=0.0025,l2x1|pi3|s=4",00010cab30993f71443dd971fe94cc0749e18bbdaeaf00d271e355df60e30075,0,923,19,2768999.0,17,0,True,9,1259881.0625,11515.690255581729,-3191.8125,17204.48093266693,1636609.0625,11308.40107453304,-2231.8125,16042.236283090335
conversation_trace,0.0025,1,pi3,4,"conversation_trace|l1=0.0025,l2x1|pi3|s=4",00010cab30993f71443dd971fe94cc0749e18bbdaeaf00d271e355df60e30075,0,923,19,2768999.0,17,0,True,10,1260168.3125,12602.674984403113,-2904.5625,20441.014188696703,1637088.3125,12438.465209281248,-1752.5625,19676.05038269876
conversation_trace,0.0025,1,pi3,4,"conversation_trace|l1=0.0025,l2x1|pi3|s=4",00010cab30993f71443dd971fe94cc0749e18bbdaeaf00d271e355df60e30075,0,923,19,2768999.0,17,0,True,11,1259811.5625,10396.96333210648,-3261.3125,15022.765567492335,1636635.5625,10128.100980070252,-2205.3125,14589.830813361064
conversation_trace,0.0025,1,pi3,4,"conversation_trace|l1=0.0025,l2x1|pi3|s=4",00010cab30993f71443dd971fe94cc0749e18bbdaeaf00d271e355df60e30075,0,923,19,2768999.0,17,0,True,12,1257171.9375,7299.228118723696,-5900.9375,10394.05028189204,1633259.9375,8087.404820408501,-5580.9375,9432.983023898996
conversation_trace,0.0025,1,pi3,4,"conversation_trace|l1=0.0025,l2x1|pi3|s=4",00010cab30993f71443dd971fe94cc0749e18bbdaeaf00d271e355df60e30075,0,923,19,2768999.0,17,0,True,13,1259449.4375,12680.818075443713,-3623.4375,17930.86148876196,1634673.4375,12956.035375935804,-4167.4375,19259.384735651172
conversation_trace,0.0025,1,pi3,4,"conversation_trace|l1=0.0025,l2x1|pi3|s=4",00010cab30993f71443dd971fe94cc0749e18bbdaeaf00d271e355df60e30075,0,923,19,2768999.0,17,0,True,14,1260367.5625,12331.302720955047,-2705.3125,14944.22273976915,1637191.5625,12434.980021261259,-1649.3125,15095.081732002425
conversation_trace,0.0025,1,pi3,4,"conversation_trace|l1=0.0025,l2x1|pi3|s=4",00010cab30993f71443dd971fe94cc0749e18bbdaeaf00d271e355df60e30075,0,923,19,2768999.0,17,0,True,15,1260168.3125,12602.674984403113,-2904.5625,20441.014188696703,1637088.3125,12438.465209281248,-1752.5625,19676.05038269876
conversation_trace,0.0025,1,pi3,4,"conversation_trace|l1=0.0025,l2x1|pi3|s=4",00010cab30993f71443dd971fe94cc0749e18bbdaeaf00d271e355df60e30075,0,923,19,2768999.0,17,0,True,16,1259153.25,12874.39056680613,-3919.625,18005.237293169266,1634345.25,13139.039262188591,-4495.625,19330.613078310096
conversation_trace,0.02,4,pi0,0,"conversation_trace|l1=0.02,l2x4|pi0|s=0",00000982f64fa740d64b4e3f249ea41002f14c6f9d6a7b92492de2d3739396b2,0,848,5,2544000.0,17,5,False,0,7998502.0625,37556.45322527808,-10940.5625,40567.413020746506,12552432.75,51258.71560817731,-19301.5625,61209.343685387066
conversation_trace,0.02,4,pi0,0,"conversation_trace|l1=0.02,l2x4|pi0|s=0",00000982f64fa740d64b4e3f249ea41002f14c6f9d6a7b92492de2d3739396b2,0,848,5,2544000.0,17,5,False,1,8002858.3125,28249.726921910238,-6584.3125,35421.6027620034,12565151.875,32636.650753153783,-6582.4375,51293.6859817642
conversation_trace,0.02,4,pi0,0,"conversation_trace|l1=0.02,l2x4|pi0|s=0",00000982f64fa740d64b4e3f249ea41002f14c6f9d6a7b92492de2d3739396b2,0,848,5,2544000.0,17,5,False,2,7998117.0625,34853.333306813474,-11325.5625,42283.6796837247,12564278.6875,42521.522984199815,-7455.625,42636.29756576744
conversation_trace,0.02,4,pi0,0,"conversation_trace|l1=0.02,l2x4|pi0|s=0",00000982f64fa740d64b4e3f249ea41002f14c6f9d6a7b92492de2d3739396b2,0,848,5,2544000.0,17,5,False,3,8003282.75,41906.09431812991,-6159.875,44418.84854859852,12555044.1875,59025.368420952414,-16690.125,50867.159079147845
conversation_trace,0.02,4,pi0,0,"conversation_trace|l1=0.02,l2x4|pi0|s=0",00000982f64fa740d64b4e3f249ea41002f14c6f9d6a7b92492de2d3739396b2,0,848,5,2544000.0,17,5,False,4,8011821.125,38354.788476147274,2378.5,45295.27243028055,12561474.3125,50355.7534279434,-10260,52488.38056433697
conversation_trace,0.02,4,pi0,0,"conversation_trace|l1=0.02,l2x4|pi0|s=0",00000982f64fa740d64b4e3f249ea41002f14c6f9d6a7b92492de2d3739396b2,0,848,5,2544000.0,17,5,False,5,8009442.625,35167.666765321046,0,0.0,12571734.3125,40089.63796247729,0,0.0
conversation_trace,0.02,4,pi0,0,"conversation_trace|l1=0.02,l2x4|pi0|s=0",00000982f64fa740d64b4e3f249ea41002f14c6f9d6a7b92492de2d3739396b2,0,848,5,2544000.0,17,5,False,6,8018159.75,24677.106922543953,8717.125,52034.30648700272,12580402.3125,41750.61657463875,8668,67797.54494178483
conversation_trace,0.02,4,pi0,0,"conversation_trace|l1=0.02,l2x4|pi0|s=0",00000982f64fa740d64b4e3f249ea41002f14c6f9d6a7b92492de2d3739396b2,0,848,5,2544000.0,17,5,False,7,8003770.5,35544.5344584321,-5672.125,45539.97389674995,12550829.0625,63578.80517013905,-20905.25,67320.99667562862
conversation_trace,0.02,4,pi0,0,"conversation_trace|l1=0.02,l2x4|pi0|s=0",00000982f64fa740d64b4e3f249ea41002f14c6f9d6a7b92492de2d3739396b2,0,848,5,2544000.0,17,5,False,8,8011133.8125,34299.967100506576,1691.1875,38224.00051663658,12578117.125,47529.51867611678,6382.8125,65326.855609025755
conversation_trace,0.02,4,pi0,0,"conversation_trace|l1=0.02,l2x4|pi0|s=0",00000982f64fa740d64b4e3f249ea41002f14c6f9d6a7b92492de2d3739396b2,0,848,5,2544000.0,17,5,False,9,8003392.625,35019.27821809962,-6050,38562.554559226664,12573371,45355.422889293695,1636.6875,53902.080908153875
conversation_trace,0.02,4,pi0,0,"conversation_trace|l1=0.02,l2x4|pi0|s=0",00000982f64fa740d64b4e3f249ea41002f14c6f9d6a7b92492de2d3739396b2,0,848,5,2544000.0,17,5,False,10,8009315.5625,47663.73501796203,-127.0625,61858.57605589139,12586275,61008.205846973295,14540.6875,70453.17442265584
conversation_trace,0.02,4,pi0,0,"conversation_trace|l1=0.02,l2x4|pi0|s=0",00000982f64fa740d64b4e3f249ea41002f14c6f9d6a7b92492de2d3739396b2,0,848,5,2544000.0,17,5,False,11,8010727.625,32044.575440834495,1285,48530.68005018406,12570065,36043.71995970079,-1669.3125,51606.885431718314
conversation_trace,0.02,4,pi0,0,"conversation_trace|l1=0.02,l2x4|pi0|s=0",00000982f64fa740d64b4e3f249ea41002f14c6f9d6a7b92492de2d3739396b2,0,848,5,2544000.0,17,5,False,12,8019653.875,44443.39691618992,10211.25,68844.14283243952,12578364.625,39059.477663131474,6630.3125,53608.77174831093
conversation_trace,0.02,4,pi0,0,"conversation_trace|l1=0.02,l2x4|pi0|s=0",00000982f64fa740d64b4e3f249ea41002f14c6f9d6a7b92492de2d3739396b2,0,848,5,2544000.0,17,5,False,13,8001237.8125,27681.950175084003,-8204.8125,48333.50637838276,12554916.25,28300.471839411675,-16818.0625,60466.13246489724
conversation_trace,0.02,4,pi0,0,"conversation_trace|l1=0.02,l2x4|pi0|s=0",00000982f64fa740d64b4e3f249ea41002f14c6f9d6a7b92492de2d3739396b2,0,848,5,2544000.0,17,5,False,14,8021709.375,33966.12284787103,12266.75,51464.52463785127,12590879,44294.700117884684,19144.6875,63027.96809852882
conversation_trace,0.02,4,pi0,0,"conversation_trace|l1=0.02,l2x4|pi0|s=0",00000982f64fa740d64b4e3f249ea41002f14c6f9d6a7b92492de2d3739396b2,0,848,5,2544000.0,17,5,False,15,8026393.9375,41569.06520874828,16951.3125,61509.95849315106,12578380.25,61409.04711034035,6645.9375,85428.71751775961
conversation_trace,0.02,4,pi0,0,"conversation_trace|l1=0.02,l2x4|pi0|s=0",00000982f64fa740d64b4e3f249ea41002f14c6f9d6a7b92492de2d3739396b2,0,848,5,2544000.0,17,5,False,16,8018499.3125,32315.557600468022,9056.6875,40988.59472539282,12575504.4375,41440.39680306926,3770.125,55510.84088941546
conversation_trace,0.02,4,pi0,1,"conversation_trace|l1=0.02,l2x4|pi0|s=1",0000d07feb618e4e82a53713ccd146b69e5e75ec74189414212999faef90f8c7,0,797,187,2391000.0,17,1,False,0,7403628.875,35854.32599631459,-19860.4375,43292.73385526144,14266348.375,56403.08440960181,-26857.9375,66737.09834813893
conversation_trace,0.02,4,pi0,1,"conversation_trace|l1=0.02,l2x4|pi0|s=1",0000d07feb618e4e82a53713ccd146b69e5e75ec74189414212999faef90f8c7,0,797,187,2391000.0,17,1,False,1,7423489.3125,35112.81892551256,0,0.0,14293206.3125,39529.601095413294,0,0.0
conversation_trace,0.02,4,pi0,1,"conversation_trace|l1=0.02,l2x4|pi0|s=1",0000d07feb618e4e82a53713ccd146b69e5e75ec74189414212999faef90f8c7,0,797,187,2391000.0,17,1,False,2,7425110.0625,52868.512420240906,1620.75,64888.87327372339,14300163.3125,66480.14569550696,6957,84549.88633857924
conversation_trace,0.02,4,pi0,1,"conversation_trace|l1=0.02,l2x4|pi0|s=1",0000d07feb618e4e82a53713ccd146b69e5e75ec74189414212999faef90f8c7,0,797,187,2391000.0,17,1,False,3,7406700.875,35854.32599631459,-16788.4375,43292.73385526144,14269420.375,56403.08440960181,-23785.9375,66737.09834813893
conversation_trace,0.02,4,pi0,1,"conversation_trace|l1=0.02,l2x4|pi0|s=1",0000d07feb618e4e82a53713ccd146b69e5e75ec74189414212999faef90f8c7,0,797,187,2391000.0,17,1,False,4,7438577.5625,26066.604353639286,15088.25,39144.754753776826,14320101.8125,39814.45165132672,26895.5,59180.71065473952
conversation_trace,0.02,4,pi0,1,"conversation_trace|l1=0.02,l2x4|pi0|s=1",0000d07feb618e4e82a53713ccd146b69e5e75ec74189414212999faef90f8c7,0,797,187,2391000.0,17,1,False,5,7431293.6875,39683.616719781225,7804.375,52928.066020307226,14318197.625,58266.54159850231,24991.3125,87708.48575572662
conversation_trace,0.02,4,pi0,1,"conversation_trace|l1=0.02,l2x4|pi0|s=1",0000d07feb618e4e82a53713ccd146b69e5e75ec74189414212999faef90f8c7,0,797,187,2391000.0,17,1,False,6,7428014,27885.12446926975,4524.6875,43720.93735304821,14311215.5625,50579.60350835601,18009.25,53973.13760442936
conversation_trace,0.02,4,pi0,1,"conversation_trace|l1=0.02,l2x4|pi0|s=1",0000d07feb618e4e82a53713ccd146b69e5e75ec74189414212999faef90f8c7,0,797,187,2391000.0,17,1,False,7,7427656.75,35616.757682304546,4167.4375,51752.83413040455,14301706.4375,58001.96806427491,8500.125,65978.1494798341
conversation_trace,0.02,4,pi0,1,"conversation_trace|l1=0.02,l2x4|pi0|s=1",0000d07feb618e4e82a53713ccd146b69e5e75ec74189414212999faef90f8c7,0,797,187,2391000.0,17,1,False,8,7432864.3125,33647.59487931493,9375,39689.56862451392,14304183.125,49266.67341164816,10976.8125,59065.195024050896
conversation_trace,0.02,4,pi0,1,"conversation_trace|l1=0.02,l2x4|pi0|s=1",0000d07feb618e4e82a53713ccd146b69e5e75ec74189414212999faef90f8c7,0,797,187,2391000.0,17,1,False,9,7425946.0625,30079.88000523218,2456.75,51997.744518392334,14301489.625,48692.04904550639,8283.3125,65077.763161435054
conversation_trace,0.02,4,pi0,1,"conversation_trace|l1=0.02,l2x4|pi0|s=1",0000d07feb618e4e82a53713ccd146b69e5e75ec74189414212999faef90f8c7,0,797,187,2391000.0,17,1,False,10,7425475.9375,42062.68707769195,1986.625,59658.99991213955,14298636.375,52965.537536370444,5430.0625,75589.48399653552
conversation_trace,0.02,4,pi0,1,"conversation_trace|l1=0.02,l2x4|pi0|s=1",0000d07feb618e4e82a53713ccd146b69e5e75ec74189414212999faef90f8c7,0,797,187,2391000.0,17,1,False,11,7441878.3125,30736.202898685562,18389,43772.948151417295,14332269.625,58745.22184016331,39063.3125,71509.3571431681
conversation_trace,0.02,4,pi0,1,"conversation_trace|l1=0.02,l2x4|pi0|s=1",0000d07feb618e4e82a53713ccd146b69e5e75ec74189414212999faef90f8c7,0,797,187,2391000.0,17,1,False,12,7431276.4375,31907.996761457256,7787.125,40786.63134880513,14305788.6875,36571.450226861845,12582.375,44335.438360864326
conversation_trace,0.02,4,pi0,1,"conversation_trace|l1=0.02,l2x4|pi0|s=1",0000d07feb618e4e82a53713ccd146b69e5e75ec74189414212999faef90f8c7,0,797,187,2391000.0,17,1,False,13,7410378.0625,45710.37898401741,-13111.25,59532.294365887385,14324236.25,55400.83558996802,31029.9375,73430.70537903404
conversation_trace,0.02,4,pi0,1,"conversation_trace|l1=0.02,l2x4|pi0|s=1",0000d07feb618e4e82a53713ccd146b69e5e75ec74189414212999faef90f8c7,0,797,187,2391000.0,17,1,False,14,7420364.25,27952.035352248204,-3125.0625,45999.19769947986,14312989.125,59060.14497089669,19782.8125,66635.82099463596
conversation_trace,0.02,4,pi0,1,"conversation_trace|l1=0.02,l2x4|pi0|s=1",0000d07feb618e4e82a53713ccd146b69e5e75ec74189414212999faef90f8c7,0,797,187,2391000.0,17,1,False,15,7445203.125,30936.431675022464,21713.8125,42767.0723091473,14320864.8125,48147.767007022245,27658.5,59509.2071419765
conversation_trace,0.02,4,pi0,1,"conversation_trace|l1=0.02,l2x4|pi0|s=1",0000d07feb618e4e82a53713ccd146b69e5e75ec74189414212999faef90f8c7,0,797,187,2391000.0,17,1,False,16,7428797.5,42729.85158098883,5308.1875,55075.23631205922,14323068.125,46408.273160253084,29861.8125,66523.80776455774
conversation_trace,0.02,4,pi0,2,"conversation_trace|l1=0.02,l2x4|pi0|s=2",0001d381d0076c8b9fe3bee9b8b10494cc7732697a117cca7195820bf3d602f7,0,808,52,2424000.0,17,12,False,0,7636619.4375,25820.556162274403,-5104.125,66834.98679072711,13899197.1875,43975.77398707725,-16170.3125,64576.783923965275
conversation_trace,0.02,4,pi0,2,"conversation_trace|l1=0.02,l2x4|pi0|s=2",0001d381d0076c8b9fe3bee9b8b10494cc7732697a117cca7195820bf3d602f7,0,808,52,2424000.0,17,12,False,1,7571847.3125,44579.873842678906,-69876.25,68822.10905176717,13825423.875,47850.37187716866,-89943.625,72133.45055000488
conversation_trace,0.02,4,pi0,2,"conversation_trace|l1=0.02,l2x4|pi0|s=2",0001d381d0076c8b9fe3bee9b8b10494cc7732697a117cca7195820bf3d602f7,0,808,52,2424000.0,17,12,False,2,7632943.5625,35170.36702295225,-8780,69850.04471389645,13899973.0625,51846.678926065266,-15394.4375,63407.57209668127
conversation_trace,0.02,4,pi0,2,"conversation_trace|l1=0.02,l2x4|pi0|s=2",0001d381d0076c8b9fe3bee9b8b10494cc7732697a117cca7195820bf3d602f7,0,808,52,2424000.0,17,12,False,3,7626684.875,54929.179714580365,-15038.6875,81672.27932798966,13897882,56768.18226906101,-17485.5,83543.96195616612
conversation_trace,0.02,4,pi0,2,"conversation_trace|l1=0.02,l2x4|pi0|s=2",0001d381d0076c8b9fe3bee9b8b10494cc7732697a117cca7195820bf3d602f7,0,808,52,2424000.0,17,12,False,4,7645820.6875,37348.98124218607,4097.125,67353.55123908959,13904972.4375,54590.85254261163,-10395.0625,64749.66113730506
conversation_trace,0.02,4,pi0,2,"conversation_trace|l1=0.02,l2x4|pi0|s=2",0001d381d0076c8b9fe3bee9b8b10494cc7732697a117cca7195820bf3d602f7,0,808,52,2424000.0,17,12,False,5,7614885.75,42484.37922421212,-26837.8125,70063.57100159707,13880878.0625,46509.93981572649,-34489.4375,64111.2949736303
conversation_trace,0.02,4,pi0,2,"conversation_trace|l1=0.02,l2x4|pi0|s=2",0001d381d0076c8b9fe3bee9b8b10494cc7732697a117cca7195820bf3d602f7,0,808,52,2424000.0,17,12,False,6,7646415.8125,34474.461268633335,4692.25,70834.55090796675,13931776.8125,49163.54494300121,16409.3125,79467.21101747458
conversation_trace,0.02,4,pi0,2,"conversation_trace|l1=0.02,l2x4|pi0|s=2",0001d381d0076c8b9fe3bee9b8b10494cc7732697a117cca7195820bf3d602f7,0,808,52,2424000.0,17,12,False,7,7633174.75,30376.401885893814,-8548.8125,64137.454818245635,13889810.1875,47860.57432754542,-25557.3125,65419.00460642789
conversation_trace,0.02,4,pi0,2,"conversation_trace|l1=0.02,l2x4|pi0|s=2",0001d381d0076c8b9fe3bee9b8b10494cc7732697a117cca7195820bf3d602f7,0,808,52,2424000.0,17,12,False,8,7641432.1875,41629.847507477534,-291.375,71933.08149372814,13896396.9375,72047.99173742342,-18970.5625,92984.6067353579
conversation_trace,0.02,4,pi0,2,"conversation_trace|l1=0.02,l2x4|pi0|s=2",0001d381d0076c8b9fe3bee9b8b10494cc7732697a117cca7195820bf3d602f7,0,808,52,2424000.0,17,12,False,9,7631828.6875,35202.94078760798,-9894.875,56114.01439435607,13914323.75,52908.19708955,-1043.75,71632.9569890843
conversation_trace,0.02,4,pi0,2,"conversation_trace|l1=0.02,l2x4|pi0|s=2",0001d381d0076c8b9fe3bee9b8b10494cc7732697a117cca7195820bf3d602f7,0,808,52,2424000.0,17,12,False,10,7629444.75,45276.86477293527,-12278.8125,56682.39110954859,13893490.8125,62975.33766400807,-21876.6875,83684.63025248921
conversation_trace,0.02,4,pi0,2,"conversation_trace|l1=0.02,l2x4|pi0|s=2",0001d381d0076c8b9fe3bee9b8b10494cc7732697a117cca7195820bf3d602f7,0,808,52,2424000.0,17,12,False,11,7622555.4375,51131.533574978625,-19168.125,78267.3913775718,13896866.5,60512.12907839221,-18501,76139.5290196448
conversation_trace,0.02,4,pi0,2,"conversation_trace|l1=0.02,l2x4|pi0|s=2",0001d381d0076c8b9fe3bee9b8b10494cc7732697a117cca7195820bf3d602f7,0,808,52,2424000.0,17,12,False,12,7641723.5625,52437.08533975898,0,0.0,13915367.5,47178.53747203277,0,0.0
conversation_trace,0.02,4,pi0,2,"conversation_trace|l1=0.02,l2x4|pi0|s=2",0001d381d0076c8b9fe3bee9b8b10494cc7732697a117cca7195820bf3d602f7,0,808,52,2424000.0,17,12,False,13,7641890.5,43045.7527072455,166.9375,79671.06932336961,13910334.5,64107.37116432088,-5033,88822.99605244878
conversation_trace,0.02,4,pi0,2,"conversation_trace|l1=0.02,l2x4|pi0|s=2",0001d381d0076c8b9fe3bee9b8b10494cc7732697a117cca7195820bf3d602f7,0,808,52,2424000.0,17,12,False,14,7625071,38191.91609053763,-16652.5625,70690.4112865564,13889012.0625,48192.960568211274,-26355.4375,66360.68695441978
conversation_trace,0.02,4,pi0,2,"conversation_trace|l1=0.02,l2x4|pi0|s=2",0001d381d0076c8b9fe3bee9b8b10494cc7732697a117cca7195820bf3d602f7,0,808,52,2424000.0,17,12,False,15,7627606.625,44252.16372393558,-14116.9375,62057.67349325814,13888682.5625,60973.685682671065,-26684.9375,74189.2784657089
conversation_trace,0.02,4,pi0,2,"conversation_trace|l1=0.02,l2x4|pi0|s=2",0001d381d0076c8b9fe3bee9b8b10494cc7732697a117cca7195820bf3d602f7,0,808,52,2424000.0,17,12,False,16,7640296.1875,43951.16657112187,-1427.375,66008.9619358614,13915380.875,46903.235133446105,13.375,70329.11534859988
conversation_trace,0.02,4,pi0,3,"conversation_trace|l1=0.02,l2x4|pi0|s=3",00000d5d32542a8d04ac4281713c92e11e1b898741bf49f63b9ce6fb250a1e2d,0,775,77,2325000.0,17,13,False,0,7181253.375,24388.314909330384,14851.8125,42138.95210881693,15057167.8125,53093.605622797615,9014.375,88200.49581181502
conversation_trace,0.02,4,pi0,3,"conversation_trace|l1=0.02,l2x4|pi0|s=3",00000d5d32542a8d04ac4281713c92e11e1b898741bf49f63b9ce6fb250a1e2d,0,775,77,2325000.0,17,13,False,1,7182077.875,25907.115323465354,15676.3125,35815.10646402111,15079491.5625,39496.41386753781,31338.125,71390.31483880243
conversation_trace,0.02,4,pi0,3,"conversation_trace|l1=0.02,l2x4|pi0|s=3",00000d5d32542a8d04ac4281713c92e11e1b898741bf49f63b9ce6fb250a1e2d,0,775,77,2325000.0,17,13,False,2,7175777.75,30569.56868848496,9376.1875,39519.30995048497,15068030.3125,38987.9396407295,19876.875,71845.34098545756
conversation_trace,0.02,4,pi0,3,"conversation_trace|l1=0.02,l2x4|pi0|s=3",00000d5d32542a8d04ac4281713c92e11e1b898741bf49f63b9ce6fb250a1e2d,0,775,77,2325000.0,17,13,False,3,7167082.3125,32054.513110676005,680.75,42937.84177699977,15051142.1875,49414.91717854539,2988.75,63369.583099465
conversation_trace,0.02,4,pi0,3,"conversation_trace|l1=0.02,l2x4|pi0|s=3",00000d5d32542a8d04ac4281713c92e11e1b898741bf49f63b9ce6fb250a1e2d,0,775,77,2325000.0,17,13,False,4,7175801.0625,40926.74741122851,9399.5,45122.00032947712,15049070.75,34579.16121500539,917.3125,67871.41017514297
conversation_trace,0.02,4,pi0,3,"conversation_trace|l1=0.02,l2x4|pi0|s=3",00000d5d32542a8d04ac4281713c92e11e1b898741bf49f63b9ce6fb250a1e2d,0,775,77,2325000.0,17,13,False,5,7170671,31694.763761016846,4269.4375,43757.814477673586,15057595.3125,60724.62364227409,9441.875,95824.24961555052
conversation_trace,0.02,4,pi0,3,"conversation_trace|l1=0.02,l2x4|pi0|s=3",00000d5d32542a8d04ac4281713c92e11e1b898741bf49f63b9ce6fb250a1e2d,0,775,77,2325000.0,17,13,False,6,7177392.8125,27468.505398531728,10991.25,35331.51010358884,15067003.25,51087.47420584945,18849.8125,92448.28245689136
conversation_trace,0.02,4,pi0,3,"conversation_trace|l1=0.02,l2x4|pi0|s=3",00000d5d32542a8d04ac4281713c92e11e1b898741bf49f63b9ce6fb250a1e2d,0,775,77,2325000.0,17,13,False,7,7157757.3125,29628.40089670439,-8644.25,33446.88174503965,15043143.5625,31276.140281837314,-5009.875,67777.21594545372
conversation_trace,0.02,4,pi0,3,"conversation_trace|l1=0.02,l2x4|pi0|s=3",00000d5d32542a8d04ac4281713c92e11e1b898741bf49f63b9ce6fb250a1e2d,0,775,77,2325000.0,17,13,False,8,7155901.9375,29590.821961026475,-10499.625,25900.19293332259,15031152.3125,36828.311507532264,-17001.125,53714.56132542956
conversation_trace,0.02,4,pi0,3,"conversation_trace|l1=0.02,l2x4|pi0|s=3",00000d5d32542a8d04ac4281713c92e11e1b898741bf49f63b9ce6fb250a1e2d,0,775,77,2325000.0,17,13,False,9,7177217.4375,28146.31968829732,10815.875,46803.69943480252,15065354.125,42709.27008488126,17200.6875,60082.061862887436
conversation_trace,0.02,4,pi0,3,"conversation_trace|l1=0.02,l2x4|pi0|s=3",00000d5d32542a8d04ac4281713c92e11e1b898741bf49f63b9ce6fb250a1e2d,0,775,77,2325000.0,17,13,False,10,7171560.875,38070.32606265235,5159.3125,45937.99598403447,15049712.8125,52364.23421155417,1559.375,86465.90626050247
conversation_trace,0.02,4,pi0,3,"conversation_trace|l1=0.02,l2x4|pi0|s=3",00000d5d32542a8d04ac4281713c92e11e1b898741bf49f63b9ce6fb250a1e2d,0,775,77,2325000.0,17,13,False,11,7160406.3125,39367.90694414043,-5995.25,38982.660725849215,15047652.4375,49835.780219930006,-501,65324.46579549401
conversation_trace,0.02,4,pi0,3,"conversation_trace|l1=0.02,l2x4|pi0|s=3",00000d5d32542a8d04ac4281713c92e11e1b898741bf49f63b9ce6fb250a1e2d,0,775,77,2325000.0,17,13,False,12,7167904.6875,33080.91813461601,1503.125,49691.00844334583,15041560.25,48722.807597674415,-6593.1875,76567.42608639678
conversation_trace,0.02,4,pi0,3,"conversation_trace|l1=0.02,l2x4|pi0|s=3",00000d5d32542a8d04ac4281713c92e11e1b898741bf49f63b9ce6fb250a1e2d,0,775,77,2325000.0,17,13,False,13,7166401.5625,26234.219668132562,0,0.0,15048153.4375,56919.38712948193,0,0.0
conversation_trace,0.02,4,pi0,3,"conversation_trace|l1=0.02,l2x4|pi0|s=3",00000d5d32542a8d04ac4281713c92e11e1b898741bf49f63b9ce6fb250a1e2d,0,775,77,2325000.0,17,13,False,14,7167910.9375,33652.66726124147,1509.375,42622.03468297433,15054756.0625,51746.2330937802,6602.625,90524.49121711023
conversation_trace,0.02,4,pi0,3,"conversation_trace|l1=0.02,l2x4|pi0|s=3",00000d5d32542a8d04ac4281713c92e11e1b898741bf49f63b9ce6fb250a1e2d,0,775,77,2325000.0,17,13,False,15,7187661.625,30302.168172976224,21260.0625,44878.56871079075,15062414.9375,55881.70619259789,14261.5,84812.00728591834
conversation_trace,0.02,4,pi0,3,"conversation_trace|l1=0.02,l2x4|pi0|s=3",00000d5d32542a8d04ac4281713c92e11e1b898741bf49f63b9ce6fb250a1e2d,0,775,77,2325000.0,17,13,False,16,7170409.1875,39004.687884438965,4007.625,54210.71724530123,15043342.6875,46170.10881760153,-4810.75,63724.023535346016
conversation_trace,0.02,4,pi0,4,"conversation_trace|l1=0.02,l2x4|pi0|s=4",00000246f248eb75f94f0c77500a92d8a83b126e14dae452948e96a02f3d6587,0,809,93,2427000.0,17,5,False,0,7619269.6875,45994.94244330022,-5428.5625,56333.04807655834,13882518.8125,63529.493621171736,-269.0625,87907.63310920446
conversation_trace,0.02,4,pi0,4,"conversation_trace|l1=0.02,l2x4|pi0|s=4",00000246f248eb75f94f0c77500a92d8a83b126e14dae452948e96a02f3d6587,0,809,93,2427000.0,17,5,False,1,7622753.4375,34946.74971051195,-1944.8125,48136.909818030144,13880708.875,46081.17233299662,-2079,66819.7408106317
conversation_trace,0.02,4,pi0,4,"conversation_trace|l1=0.02,l2x4|pi0|s=4",00000246f248eb75f94f0c77500a92d8a83b126e14dae452948e96a02f3d6587,0,809,93,2427000.0,17,5,False,2,7629712.3125,42437.18976828186,5014.0625,50921.76503417604,13882315.1875,59311.94718572726,-472.6875,55580.4574249124
conversation_trace,0.02,4,pi0,4,"conversation_trace|l1=0.02,l2x4|pi0|s=4",00000246f248eb75f94f0c77500a92d8a83b126e14dae452948e96a02f3d6587,0,809,93,2427000.0,17,5,False,3,7617857.875,53942.66678474471,-6840.375,59957.338235198535,13875890.6875,54907.345378335616,-6897.1875,72791.70115172814
conversation_trace,0.02,4,pi0,4,"conversation_trace|l1=0.02,l2x4|pi0|s=4",00000246f248eb75f94f0c77500a92d8a83b126e14dae452948e96a02f3d6587,0,809,93,2427000.0,17,5,False,4,7626585.8125,44745.29634009032,1887.5625,66966.07362734133,13891585.6875,53562.97633841091,8797.8125,72078.03199238887
conversation_trace,0.02,4,pi0,4,"conversation_trace|l1=0.02,l2x4|pi0|s=4",00000246f248eb75f94f0c77500a92d8a83b126e14dae452948e96a02f3d6587,0,809,93,2427000.0,17,5,False,5,7624698.25,45523.56150756807,0,0.0,13882787.875,59080.46498448817,0,0.0
conversation_trace,0.02,4,pi0,4,"conversation_trace|l1=0.02,l2x4|pi0|s=4",00000246f248eb75f94f0c77500a92d8a83b126e14dae452948e96a02f3d6587,0,809,93,2427000.0,17,5,False,6,7640223.25,37343.472588927776,15525,69621.84593071345,13897690.75,42785.75466125768,14902.875,82832.87306931148
conversation_trace,0.02,4,pi0,4,"conversation_trace|l1=0.02,l2x4|pi0|s=4",00000246f248eb75f94f0c77500a92d8a83b126e14dae452948e96a02f3d6587,0,809,93,2427000.0,17,5,False,7,7634292.375,36164.30880647382,9594.125,51702.21639333592,13880643.6875,44298.33717529173,-2144.1875,64646.36431356755
conversation_trace,0.02,4,pi0,4,"conversation_trace|l1=0.02,l2x4|pi0|s=4",00000246f248eb75f94f0c77500a92d8a83b126e14dae452948e96a02f3d6587,0,809,93,2427000.0,17,5,False,8,7623744.75,48572.54080856796,-953.5,71754.25489729976,13874022.1875,57164.817559076495,-8765.6875,89927.09829168569
conversation_trace,0.02,4,pi0,4,"conversation_trace|l1=0.02,l2x4|pi0|s=4",00000246f248eb75f94f0c77500a92d8a83b126e14dae452948e96a02f3d6587,0,809,93,2427000.0,17,5,False,9,7631721.9375,40518.21954046311,7023.6875,43289.86834155501,13894016.75,40174.41316808498,11228.875,60381.2544828001
conversation_trace,0.02,4,pi0,4,"conversation_trace|l1=0.02,l2x4|pi0|s=4",00000246f248eb75f94f0c77500a92d8a83b126e14dae452948e96a02f3d6587,0,809,93,2427000.0,17,5,False,10,7572166.875,50883.29309164257,-52531.375,81172.29068253525,13827444.5,60230.66181494826,-55343.375,105606.92603478556
conversation_trace,0.02,4,pi0,4,"conversation_trace|l1=0.02,l2x4|pi0|s=4",00000246f248eb75f94f0c77500a92d8a83b126e14dae452948e96a02f3d6587,0,809,93,2427000.0,17,5,False,11,7629901.875,47838.671493364025,5203.625,64401.82865713778,13902473.875,69782.57544103208,19686,87943.26316741569
conversation_trace,0.02,4,pi0,4,"conversation_trace|l1=0.02,l2x4|pi0|s=4",00000246f248eb75f94f0c77500a92d8a83b126e14dae452948e96a02f3d6587,0,809,93,2427000.0,17,5,False,12,7610646.0625,50522.7170785166,-14052.1875,62941.030427132086,13881129.6875,82624.4991413715,-1658.1875,106083.62147489672
conversation_trace,0.02,4,pi0,4,"conversation_trace|l1=0.02,l2x4|pi0|s=4",00000246f248eb75f94f0c77500a92d8a83b126e14dae452948e96a02f3d6587,0,809,93,2427000.0,17,5,False,13,7646262.125,38930.2201447239,21563.875,52164.96136025279,13910133.125,60881.675141074535,27345.25,60884.99221264082
conversation_trace,0.02,4,pi0,4,"conversation_trace|l1=0.02,l2x4|pi0|s=4",00000246f248eb75f94f0c77500a92d8a83b126e14dae452948e96a02f3d6587,0,809,93,2427000.0,17,5,False,14,7593085,49043.48990301023,-31613.25,81644.15191835033,13849033.1875,69476.17258429324,-33754.6875,94409.87551290648
conversation_trace,0.02,4,pi0,4,"conversation_trace|l1=0.02,l2x4|pi0|s=4",00000246f248eb75f94f0c77500a92d8a83b126e14dae452948e96a02f3d6587,0,809,93,2427000.0,17,5,False,15,7619889.25,45975.5872690424,-4809,56006.35389786889,13887962.8125,50419.76147797442,5174.9375,65062.05631392104
conversation_trace,0.02,4,pi0,4,"conversation_trace|l1=0.02,l2x4|pi0|s=4",00000246f248eb75f94f0c77500a92d8a83b126e14dae452948e96a02f3d6587,0,809,93,2427000.0,17,5,False,16,7634013.375,36407.49148526989,9315.125,63211.29325036258,13896295.25,56920.43011139907,13507.375,92109.91006536702
conversation_trace,0.02,4,pi3,0,"conversation_trace|l1=0.02,l2x4|pi3|s=0",0001858dc7d39f041bb596d841cc6b74a3c44a570599de8a0071e92b2590047c,0,934,2,2802000.0,16,11,False,0,8146371,33023.15945110845,-8552.625,53004.53409520737,9905825.75,32236.28087419515,-10370.3125,51257.571189329356
conversation_trace,0.02,4,pi3,0,"conversation_trace|l1=0.02,l2x4|pi3|s=0",0001858dc7d39f041bb596d841cc6b74a3c44a570599de8a0071e92b2590047c,0,934,2,2802000.0,16,11,False,1,8151196.3125,33213.34563639291,-3727.3125,53590.27405505437,9913476.8125,35093.90831320777,-2719.25,54879.925497398406
conversation_trace,0.02,4,pi3,0,"conversation_trace|l1=0.02,l2x4|pi3|s=0",0001858dc7d39f041bb596d841cc6b74a3c44a570599de8a0071e92b2590047c,0,934,2,2802000.0,16,11,False,2,8147294.25,25765.618979562667,-7629.375,43290.410492971765,9911171.625,26752.08328803572,-5024.4375,43399.734928481994
conversation_trace,0.02,4,pi3,0,"conversation_trace|l1=0.02,l2x4|pi3|s=0",0001858dc7d39f041bb596d841cc6b74a3c44a570599de8a0071e92b2590047c,0,934,2,2802000.0,16,11,False,3,8148729.875,35517.5860363567,-6193.75,48677.943224832336,9907475.125,32430.304029564693,-8720.9375,43738.27141145955
conversation_trace,0.02,4,pi3,0,"conversation_trace|l1=0.02,l2x4|pi3|s=0",0001858dc7d39f041bb596d841cc6b74a3c44a570599de8a0071e92b2590047c,0,934,2,2802000.0,16,11,False,4,8150920.4375,36854.70856569755,-4003.1875,42206.92595648057,9914259.4375,38464.599529036655,-1936.625,45978.40959388801
conversation_trace,0.02,4,pi3,0,"conversation_trace|l1=0.02,l2x4|pi3|s=0",0001858dc7d39f041bb596d841cc6b74a3c44a570599de8a0071e92b2590047c,0,934,2,2802000.0,16,11,False,5,8152363.375,30527.411515718133,-2560.25,44498.83151499599,9915772,32775.98147424422,-424.0625,47635.9402656842
conversation_trace,0.02,4,pi3,0,"conversation_trace|l1=0.02,l2x4|pi3|s=0",0001858dc7d39f041bb596d841cc6b74a3c44a570599de8a0071e92b2590047c,0,934,2,2802000.0,16,11,False,6,8138961.5,42913.57879583882,-15962.125,42378.83028569021,9899160.125,46055.983557514,-17035.9375,42911.62896693428
conversation_trace,0.02,4,pi3,0,"conversation_trace|l1=0.02,l2x4|pi3|s=0",0001858dc7d39f041bb596d841cc6b74a3c44a570599de8a0071e92b2590047c,0,934,2,2802000.0,16,11,False,7,8148910.0625,42572.326765116246,-6013.5625,53505.467681934155,9910263.6875,39692.4694767471,-5932.375,51344.074381730425
conversation_trace,0.02,4,pi3,0,"conversation_trace|l1=0.02,l2x4|pi3|s=0",0001858dc7d39f041bb596d841cc6b74a3c44a570599de8a0071e92b2590047c,0,934,2,2802000.0,16,11,False,8,8163434.125,26716.909222126225,8510.5,33124.91784543271,9925367.625,23673.376052364536,9171.5625,30646.468127053402
conversation_trace,0.02,4,pi3,0,"conversation_trace|l1=0.02,l2x4|pi3|s=0",0001858dc7d39f041bb596d841cc6b74a3c44a570599de8a0071e92b2590047c,0,934,2,2802000.0,16,11,False,9,8158447.6875,22803.431431018595,3524.0625,40911.25701396255,9920074.75,29058.64462427661,3878.6875,38650.21781175151
conversation_trace,0.02,4,pi3,0,"conversation_trace|l1=0.02,l2x4|pi3|s=0",0001858dc7d39f041bb596d841cc6b74a3c44a570599de8a0071e92b2590047c,0,934,2,2802000.0,16,11,False,10,8170603.875,32735.610393728723,15680.25,50521.30400468037,9930201.375,30946.625840576977,14005.3125,49445.38359944064
conversation_trace,0.02,4,pi3,0,"conversation_trace|l1=0.02,l2x4|pi3|s=0",0001858dc7d39f041bb596d841cc6b74a3c44a570599de8a0071e92b2590047c,0,934,2,2802000.0,16,11,False,11,8154923.625,35700.3505564021,0,0.0,9916196.0625,38124.263615128795,0,0.0
conversation_trace,0.02,4,pi3,0,"conversation_trace|l1=0.02,l2x4|pi3|s=0",0001858dc7d39f041bb596d841cc6b74a3c44a570599de8a0071e92b2590047c,0,934,2,2802000.0,16,11,False,12,8132416.1875,34262.02558172094,-22507.4375,50229.99170478231,9891763.1875,35282.56622227423,-24432.875,47842.724989107104
conversation_trace,0.02,4,pi3,0,"conversation_trace|l1=0.02,l2x4|pi3|s=0",0001858dc7d39f041bb596d841cc6b74a3c44a570599de8a0071e92b2590047c,0,934,2,2802000.0,16,11,False,13,8159653.0625,32009.905199211385,4729.4375,43622.923501249126,9922822,32619.96563251817,6625.9375,46573.99493632865
conversation_trace,0.02,4,pi3,0,"conversation_trace|l1=0.02,l2x4|pi3|s=0",0001858dc7d39f041bb596d841cc6b74a3c44a570599de8a0071e92b2590047c,0,934,2,2802000.0,16,11,False,14,8160359,30234.008656919224,5435.375,44681.07615814552,9923064.9375,33407.44464430795,6868.875,47563.251105414005
conversation_trace,0.02,4,pi3,0,"conversation_trace|l1=0.02,l2x4|pi3|s=0",0001858dc7d39f041bb596d841cc6b74a3c44a570599de8a0071e92b2590047c,0,934,2,2802000.0,16,11,False,15,8149891.75,38298.28075079437,-5031.875,54869.363707962446,9911098.875,38878.188016547276,-5097.1875,52532.19107838387
conversation_trace,0.02,4,pi3,1,"conversation_trace|l1=0.02,l2x4|pi3|s=1",00008259794e065579bf8ab08917afdcfce2515400a1f051039b098438cac0b1,0,805,78,2414999.0,17,13,False,0,7394826.5,26236.79690561839,12468.4375,50950.12684049472,14288447.5625,49317.980683139285,29218.125,81740.65431748146
conversation_trace,0.02,4,pi3,1,"conversation_trace|l1=0.02,l2x4|pi3|s=1",00008259794e065579bf8ab08917afdcfce2515400a1f051039b098438cac0b1,0,805,78,2414999.0,17,13,False,1,7396356.25,23822.864964846973,13998.1875,41404.45781510126,14281417.5,41897.22737365803,22188.0625,56187.05415955856
conversation_trace,0.02,4,pi3,1,"conversation_trace|l1=0.02,l2x4|pi3|s=1",00008259794e065579bf8ab08917afdcfce2515400a1f051039b098438cac0b1,0,805,78,2414999.0,17,13,False,2,7392607.25,24232.346350831704,10249.1875,42511.74930019347,14278078.25,34907.76780889893,18848.8125,59467.4881036899
conversation_trace,0.02,4,pi3,1,"conversation_trace|l1=0.02,l2x4|pi3|s=1",00008259794e065579bf8ab08917afdcfce2515400a1f051039b098438cac0b1,0,805,78,2414999.0,17,13,False,3,7390722.8125,31474.939572552532,8364.75,38879.259153606996,14284883.6875,51127.121166387806,25654.25,64477.42483432993
conversation_trace,0.02,4,pi3,1,"conversation_trace|l1=0.02,l2x4|pi3|s=1",00008259794e065579bf8ab08917afdcfce2515400a1f051039b098438cac0b1,0,805,78,2414999.0,17,13,False,4,7391745.625,23404.88468069575,9387.5625,44233.111279475925,14275815,48819.59967335524,16585.5625,64476.554958598455
conversation_trace,0.02,4,pi3,1,"conversation_trace|l1=0.02,l2x4|pi3|s=1",00008259794e065579bf8ab08917afdcfce2515400a1f051039b098438cac0b1,0,805,78,2414999.0,17,13,False,5,7381418.8125,27756.97764819686,-939.25,43958.946557744835,14273036.25,44614.705669020535,13806.8125,72285.76558928574
conversation_trace,0.02,4,pi3,1,"conversation_trace|l1=0.02,l2x4|pi3|s=1",00008259794e065579bf8ab08917afdcfce2515400a1f051039b098438cac0b1,0,805,78,2414999.0,17,13,False,6,7385793.875,26871.839472764048,3435.8125,39908.58161551849,14269622,32770.16623699062,10392.5625,43140.34235680681
conversation_trace,0.02,4,pi3,1,"conversation_trace|l1=0.02,l2x4|pi3|s=1",00008259794e065579bf8ab08917afdcfce2515400a1f051039b098438cac0b1,0,805,78,2414999.0,17,13,False,7,7365032.625,35061.297425841694,-17325.4375,48286.19641397701,14252964.625,42167.58164415724,-6264.8125,66358.08464607634
conversation_trace,0.02,4,pi3,1,"conversation_trace|l1=0.02,l2x4|pi3|s=1",00008259794e065579bf8ab08917afdcfce2515400a1f051039b098438cac0b1,0,805,78,2414999.0,17,13,False,8,7382733.6875,38289.50935128968,375.625,41406.37203921638,14274325.9375,47898.41226104647,15096.5,75556.44139582012
conversation_trace,0.02,4,pi3,1,"conversation_trace|l1=0.02,l2x4|pi3|s=1",00008259794e065579bf8ab08917afdcfce2515400a1f051039b098438cac0b1,0,805,78,2414999.0,17,13,False,9,7394054.9375,26134.108727787778,11696.875,42619.8827417048,14285808.9375,41619.42580809871,26579.5,59789.205413686504
conversation_trace,0.02,4,pi3,1,"conversation_trace|l1=0.02,l2x4|pi3|s=1",00008259794e065579bf8ab08917afdcfce2515400a1f051039b098438cac0b1,0,805,78,2414999.0,17,13,False,10,7392287.0625,16886.130918473697,9929,34435.79566091076,14281783.4375,38680.403394947076,22554,63179.4778209929
conversation_trace,0.02,4,pi3,1,"conversation_trace|l1=0.02,l2x4|pi3|s=1",00008259794e065579bf8ab08917afdcfce2515400a1f051039b098438cac0b1,0,805,78,2414999.0,17,13,False,11,7387810,33143.52001221355,5451.9375,47525.5832052152,14299765.9375,35288.48898714471,40536.5,61392.525293122344
conversation_trace,0.02,4,pi3,1,"conversation_trace|l1=0.02,l2x4|pi3|s=1",00008259794e065579bf8ab08917afdcfce2515400a1f051039b098438cac0b1,0,805,78,2414999.0,17,13,False,12,7392085.9375,20513.076201840133,9727.875,32217.13386771083,14280393.875,51522.50138839017,21164.4375,51685.35830577005
conversation_trace,0.02,4,pi3,1,"conversation_trace|l1=0.02,l2x4|pi3|s=1",00008259794e065579bf8ab08917afdcfce2515400a1f051039b098438cac0b1,0,805,78,2414999.0,17,13,False,13,7382358.0625,31613.337760020953,0,0.0,14259229.4375,50427.16162673809,0,0.0
conversation_trace,0.02,4,pi3,1,"conversation_trace|l1=0.02,l2x4|pi3|s=1",00008259794e065579bf8ab08917afdcfce2515400a1f051039b098438cac0b1,0,805,78,2414999.0,17,13,False,14,7398040.6875,23072.91355888617,15682.625,46814.43212781716,14285138.25,37231.74569369532,25908.8125,52089.331377571936
conversation_trace,0.02,4,pi3,1,"conversation_trace|l1=0.02,l2x4|pi3|s=1",00008259794e065579bf8ab08917afdcfce2515400a1f051039b098438cac0b1,0,805,78,2414999.0,17,13,False,15,7392494.0625,26798.43014672999,10136,41506.66661794625,14268160.75,37572.65076355407,8931.3125,72639.6886398602
conversation_trace,0.02,4,pi3,1,"conversation_trace|l1=0.02,l2x4|pi3|s=1",00008259794e065579bf8ab08917afdcfce2515400a1f051039b098438cac0b1,0,805,78,2414999.0,17,13,False,16,7394963.875,27560.14665387928,12605.8125,41698.4039346332,14290892.875,35194.920135108514,31663.4375,65805.35522378985
conversation_trace,0.02,4,pi3,2,"conversation_trace|l1=0.02,l2x4|pi3|s=2",00008ee97c4808618bd533e3a731dc0da030b104d7e692526e7f34bee119fd4e,0,836,209,2507999.0,17,10,False,0,8255111,38356.68360533794,7628,52189.21099358883,13344521.5625,32668.98674475789,11139.4375,62779.18324622024
conversation_trace,0.02,4,pi3,2,"conversation_trace|l1=0.02,l2x4|pi3|s=2",00008ee97c4808618bd533e3a731dc0da030b104d7e692526e7f34bee119fd4e,0,836,209,2507999.0,17,10,False,1,8242700.875,40188.077455675004,-4782.125,44320.36686502042,13333996.5,54460.77842508925,614.375,65962.44044391222
conversation_trace,0.02,4,pi3,2,"conversation_trace|l1=0.02,l2x4|pi3|s=2",00008ee97c4808618bd533e3a731dc0da030b104d7e692526e7f34bee119fd4e,0,836,209,2507999.0,17,10,False,2,8262195.625,40567.398126862085,14712.625,47475.57603354241,13343925.875,47914.60717550894,10543.75,58732.2109130359
conversation_trace,0.02,4,pi3,2,"conversation_trace|l1=0.02,l2x4|pi3|s=2",00008ee97c4808618bd533e3a731dc0da030b104d7e692526e7f34bee119fd4e,0,836,209,2507999.0,17,10,False,3,8257997.3125,41366.69189693362,10514.3125,52560.123502795985,13345329.0625,49429.834253506924,11946.9375,71823.29792991385
conversation_trace,0.02,4,pi3,2,"conversation_trace|l1=0.02,l2x4|pi3|s=2",00008ee97c4808618bd533e3a731dc0da030b104d7e692526e7f34bee119fd4e,0,836,209,2507999.0,17,10,False,4,8254707.875,35641.57144099195,7224.875,39243.190384872294,13346204.3125,36985.111944706885,12822.1875,56460.00034622594
conversation_trace,0.02,4,pi3,2,"conversation_trace|l1=0.02,l2x4|pi3|s=2",00008ee97c4808618bd533e3a731dc0da030b104d7e692526e7f34bee119fd4e,0,836,209,2507999.0,17,10,False,5,8257929.3125,29559.6473923912,10446.3125,45021.50518543888,13352231.375,32818.719371470506,18849.25,49169.42569185313
conversation_trace,0.02,4,pi3,2,"conversation_trace|l1=0.02,l2x4|pi3|s=2",00008ee97c4808618bd533e3a731dc0da030b104d7e692526e7f34bee119fd4e,0,836,209,2507999.0,17,10,False,6,8238788.25,33522.6673789542,-8694.75,50385.963982707195,13333299.9375,33928.97943149042,-82.1875,64376.23078871968
conversation_trace,0.02,4,pi3,2,"conversation_trace|l1=0.02,l2x4|pi3|s=2",00008ee97c4808618bd533e3a731dc0da030b104d7e692526e7f34bee119fd4e,0,836,209,2507999.0,17,10,False,7,8255780.875,43473.81666992214,8297.875,46407.809099870254,13346925.75,38729.999639383765,13543.625,51055.85559349028
conversation_trace,0.02,4,pi3,2,"conversation_trace|l1=0.02,l2x4|pi3|s=2",00008ee97c4808618bd533e3a731dc0da030b104d7e692526e7f34bee119fd4e,0,836,209,2507999.0,17,10,False,8,8264292.5,47616.91943416752,16809.5,57286.98744973999,13351586,49546.401872722636,18203.875,68229.34771184123
conversation_trace,0.02,4,pi3,2,"conversation_trace|l1=0.02,l2x4|pi3|s=2",00008ee97c4808618bd533e3a731dc0da030b104d7e692526e7f34bee119fd4e,0,836,209,2507999.0,17,10,False,9,8241445.5,33036.85575030812,-6037.5,36594.817736941935,13332965.25,34558.39496948125,-416.875,51529.51268399499
conversation_trace,0.02,4,pi3,2,"conversation_trace|l1=0.02,l2x4|pi3|s=2",00008ee97c4808618bd533e3a731dc0da030b104d7e692526e7f34bee119fd4e,0,836,209,2507999.0,17,10,False,10,8247483,28153.432188633768,0,0.0,13333382.125,41133.89621852842,0,0.0
conversation_trace,0.02,4,pi3,2,"conversation_trace|l1=0.02,l2x4|pi3|s=2",00008ee97c4808618bd533e3a731dc0da030b104d7e692526e7f34bee119fd4e,0,836,209,2507999.0,17,10,False,11,8226350.75,38150.129209916624,-21132.25,43102.05761136391,13312119.25,54391.92721780197,-21262.875,65539.08201968756
conversation_trace,0.02,4,pi3,2,"conversation_trace|l1=0.02,l2x4|pi3|s=2",00008ee97c4808618bd533e3a731dc0da030b104d7e692526e7f34bee119fd4e,0,836,209,2507999.0,17,10,False,12,8236638.8125,40624.10460833773,-10844.1875,50707.11447810685,13326279.3125,46960.996553478646,-7102.8125,57801.58549523101
conversation_trace,0.02,4,pi3,2,"conversation_trace|l1=0.02,l2x4|pi3|s=2",00008ee97c4808618bd533e3a731dc0da030b104d7e692526e7f34bee119fd4e,0,836,209,2507999.0,17,10,False,13,8242207.25,50987.30892486875,-5275.75,61327.797897853794,13331116.25,59595.629588642376,-2265.875,84609.03100644753
conversation_trace,0.02,4,pi3,2,"conversation_trace|l1=0.02,l2x4|pi3|s=2",00008ee97c4808618bd533e3a731dc0da030b104d7e692526e7f34bee119fd4e,0,836,209,2507999.0,17,10,False,14,8265326.6875,35127.7581289,17843.6875,49689.839626384724,13353840.1875,40002.56274993516,20458.0625,63761.18168339181
conversation_trace,0.02,4,pi3,2,"conversation_trace|l1=0.02,l2x4|pi3|s=2",00008ee97c4808618bd533e3a731dc0da030b104d7e692526e7f34bee119fd4e,0,836,209,2507999.0,17,10,False,15,8240825.875,45628.719923421035,-6657.125,52109.422345515726,13331550.75,42598.71771074805,-1831.375,53154.65833944691
conversation_trace,0.02,4,pi3,2,"conversation_trace|l1=0.02,l2x4|pi3|s=2",00008ee97c4808618bd533e3a731dc0da030b104d7e692526e7f34bee119fd4e,0,836,209,2507999.0,17,10,False,16,8236743.125,46705.04791971991,-10739.875,52498.4135199976,13324714.875,48811.10123032123,-8667.25,60186.573252955124
conversation_trace,0.02,4,pi3,3,"conversation_trace|l1=0.02,l2x4|pi3|s=3",0000a90098831a029b77f5923ac4c3b9943ce757038a7a43797f5cf2353b84b4,0,883,79,2648999.0,17,10,False,0,8148912.1875,32888.782637283795,-7738.8125,47671.87100197733,11643607.5,32988.255114004845,-2908.1875,55073.80627874895
conversation_trace,0.02,4,pi3,3,"conversation_trace|l1=0.02,l2x4|pi3|s=3",0000a90098831a029b77f5923ac4c3b9943ce757038a7a43797f5cf2353b84b4,0,883,79,2648999.0,17,10,False,1,8144441.9375,20778.21743868243,-12209.0625,41803.99662786442,11634117.0625,31248.169690332797,-12398.625,52578.37975426148
conversation_trace,0.02,4,pi3,3,"conversation_trace|l1=0.02,l2x4|pi3|s=3",0000a90098831a029b77f5923ac4c3b9943ce757038a7a43797f5cf2353b84b4,0,883,79,2648999.0,17,10,False,2,8140496.3125,41582.82934051626,-16154.6875,46177.07385087503,11630623,45233.38530333541,-15892.6875,61825.9168749576
conversation_trace,0.02,4,pi3,3,"conversation_trace|l1=0.02,l2x4|pi3|s=3",0000a90098831a029b77f5923ac4c3b9943ce757038a7a43797f5cf2353b84b4,0,883,79,2648999.0,17,10,False,3,8130207.5,33179.77786343161,-26443.5,46242.96164535024,11620583.25,29706.33635775371,-25932.4375,56082.58756746607
conversation_trace,0.02,4,pi3,3,"conversation_trace|l1=0.02,l2x4|pi3|s=3",0000a90098831a029b77f5923ac4c3b9943ce757038a7a43797f5cf2353b84b4,0,883,79,2648999.0,17,10,False,4,8148073.375,36883.86453157171,-8577.625,47766.62646642877,11640980.4375,46081.4536228604,-5535.25,59905.27319860915
conversation_trace,0.02,4,pi3,3,"conversation_trace|l1=0.02,l2x4|pi3|s=3",0000a90098831a029b77f5923ac4c3b9943ce757038a7a43797f5cf2353b84b4,0,883,79,2648999.0,17,10,False,5,8153470.5625,26110.409035398763,-3180.4375,48662.92276325478,11646825.5625,35701.00066565595,309.875,64125.77888792723
conversation_trace,0.02,4,pi3,3,"conversation_trace|l1=0.02,l2x4|pi3|s=3",0000a90098831a029b77f5923ac4c3b9943ce757038a7a43797f5cf2353b84b4,0,883,79,2648999.0,17,10,False,6,8147175.5,44196.12519516464,-9475.5,72345.95054136294,11637033.75,49475.9015258944,-9481.9375,90963.56124622558
conversation_trace,0.02,4,pi3,3,"conversation_trace|l1=0.02,l2x4|pi3|s=3",0000a90098831a029b77f5923ac4c3b9943ce757038a7a43797f5cf2353b84b4,0,883,79,2648999.0,17,10,False,7,8154905.5,34005.03318235895,-1745.5,59834.18561547125,11651937.8125,43803.166080727926,5422.125,82021.22378415236
conversation_trace,0.02,4,pi3,3,"conversation_trace|l1=0.02,l2x4|pi3|s=3",0000a90098831a029b77f5923ac4c3b9943ce757038a7a43797f5cf2353b84b4,0,883,79,2648999.0,17,10,False,8,8154296.375,38913.01800490422,-2354.625,61462.155948599786,11651109.625,31159.404557586357,4593.9375,56694.55134133997
conversation_trace,0.02,4,pi3,3,"conversation_trace|l1=0.02,l2x4|pi3|s=3",0000a90098831a029b77f5923ac4c3b9943ce757038a7a43797f5cf2353b84b4,0,883,79,2648999.0,17,10,False,9,8137243.3125,37400.782795228144,-19407.6875,46348.10828749288,11631989.375,34000.15906801025,-14526.3125,46964.06039049967
conversation_trace,0.02,4,pi3,3,"conversation_trace|l1=0.02,l2x4|pi3|s=3",0000a90098831a029b77f5923ac4c3b9943ce757038a7a43797f5cf2353b84b4,0,883,79,2648999.0,17,10,False,10,8156651,39554.499535029725,0,0.0,11646515.6875,50239.24054457664,0,0.0
conversation_trace,0.02,4,pi3,3,"conversation_trace|l1=0.02,l2x4|pi3|s=3",0000a90098831a029b77f5923ac4c3b9943ce757038a7a43797f5cf2353b84b4,0,883,79,2648999.0,17,10,False,11,8155690.0625,37044.70311478417,-960.9375,48013.051309643924,11653423.875,42601.05371760187,6908.1875,55283.56761548438
conversation_trace,0.02,4,pi3,3,"conversation_trace|l1=0.02,l2x4|pi3|s=3",0000a90098831a029b77f5923ac4c3b9943ce757038a7a43797f5cf2353b84b4,0,883,79,2648999.0,17,10,False,12,8164140.4375,36228.6888565195,7489.4375,44363.88618680552,11653554.9375,46996.61449575384,7039.25,67137.25287250489
conversation_trace,0.02,4,pi3,3,"conversation_trace|l1=0.02,l2x4|pi3|s=3",0000a90098831a029b77f5923ac4c3b9943ce757038a7a43797f5cf2353b84b4,0,883,79,2648999.0,17,10,False,13,8157184.5,35985.400102448955,533.5,54676.62704178694,11639951.8125,34575.689673948174,-6563.875,63450.90053248522
conversation_trace,0.02,4,pi3,3,"conversation_trace|l1=0.02,l2x4|pi3|s=3",0000a90098831a029b77f5923ac4c3b9943ce757038a7a43797f5cf2353b84b4,0,883,79,2648999.0,17,10,False,14,8142374.875,28229.095972949613,-14276.125,50883.54349410688,11624233.4375,32275.28364340893,-22282.25,56848.448091981074
conversation_trace,0.02,4,pi3,3,"conversation_trace|l1=0.02,l2x4|pi3|s=3",0000a90098831a029b77f5923ac4c3b9943ce757038a7a43797f5cf2353b84b4,0,883,79,2648999.0,17,10,False,15,8148300.3125,30069.927688015814,-8350.6875,41980.65841109649,11640319.75,31833.22145914024,-6195.9375,58770.184439014934
conversation_trace,0.02,4,pi3,3,"conversation_trace|l1=0.02,l2x4|pi3|s=3",0000a90098831a029b77f5923ac4c3b9943ce757038a7a43797f5cf2353b84b4,0,883,79,2648999.0,17,10,False,16,8168688,33602.91278445962,12037,56327.19818110371,11659804.9375,35447.628216790945,13289.25,55991.71525800342
conversation_trace,0.02,4,pi3,4,"conversation_trace|l1=0.02,l2x4|pi3|s=4",00008a73866bb6c97fe14ff640e8b2707a14f41bda789764b085e3c89d768c46,0,785,70,2354999.0,17,6,False,0,7331723.25,18355.87537365988,9797.25,24963.568846087157,15070962.75,33253.11697169655,29212.125,51699.86267277055
conversation_trace,0.02,4,pi3,4,"conversation_trace|l1=0.02,l2x4|pi3|s=4",00008a73866bb6c97fe14ff640e8b2707a14f41bda789764b085e3c89d768c46,0,785,70,2354999.0,17,6,False,1,7341674.5625,16839.301311589505,19748.5625,31583.598486068156,15064805.125,39180.479840306536,23054.5,48019.609462524095
conversation_trace,0.02,4,pi3,4,"conversation_trace|l1=0.02,l2x4|pi3|s=4",00008a73866bb6c97fe14ff640e8b2707a14f41bda789764b085e3c89d768c46,0,785,70,2354999.0,17,6,False,2,7343390.3125,26184.68373360974,21464.3125,34101.214916224024,15070039.5,48090.222250820734,28288.875,79395.0031147007
conversation_trace,0.02,4,pi3,4,"conversation_trace|l1=0.02,l2x4|pi3|s=4",00008a73866bb6c97fe14ff640e8b2707a14f41bda789764b085e3c89d768c46,0,785,70,2354999.0,17,6,False,3,7338393.875,15737.178251410469,16467.875,27680.257956107755,15071676.875,38884.40033033813,29926.25,56472.44351067755
conversation_trace,0.02,4,pi3,4,"conversation_trace|l1=0.02,l2x4|pi3|s=4",00008a73866bb6c97fe14ff640e8b2707a14f41bda789764b085e3c89d768c46,0,785,70,2354999.0,17,6,False,4,7337785.25,22717.041901033976,15859.25,32505.237359539464,15084325,37872.63496158319,42574.375,64112.79864829383
conversation_trace,0.02,4,pi3,4,"conversation_trace|l1=0.02,l2x4|pi3|s=4",00008a73866bb6c97fe14ff640e8b2707a14f41bda789764b085e3c89d768c46,0,785,70,2354999.0,17,6,False,5,7330348.375,25062.141389953093,8422.375,34017.523433028844,15058310,40240.00264082165,16559.375,70865.10794166148
conversation_trace,0.02,4,pi3,4,"conversation_trace|l1=0.02,l2x4|pi3|s=4",00008a73866bb6c97fe14ff640e8b2707a14f41bda789764b085e3c89d768c46,0,785,70,2354999.0,17,6,False,6,7321926,22946.066637516185,0,0.0,15041750.625,44855.13857723921,0,0.0
conversation_trace,0.02,4,pi3,4,"conversation_trace|l1=0.02,l2x4|pi3|s=4",00008a73866bb6c97fe14ff640e8b2707a14f41bda789764b085e3c89d768c46,0,785,70,2354999.0,17,6,False,7,7345158.625,19458.864108249825,23232.625,33452.40954923875,15077833.3125,38073.14934827211,36082.6875,56110.8865262571
conversation_trace,0.02,4,pi3,4,"conversation_trace|l1=0.02,l2x4|pi3|s=4",00008a73866bb6c97fe14ff640e8b2707a14f41bda789764b085e3c89d768c46,0,785,70,2354999.0,17,6,False,8,7330378.25,21039.233637817386,8452.25,31184.029723562027,15063755.4375,40541.37584241355,22004.8125,52540.32335291787
conversation_trace,0.02,4,pi3,4,"conversation_trace|l1=0.02,l2x4|pi3|s=4",00008a73866bb6c97fe14ff640e8b2707a14f41bda789764b085e3c89d768c46,0,785,70,2354999.0,17,6,False,9,7340581.5625,25378.77037202223,18655.5625,33869.56766965245,15081355.875,34796.250261342815,39605.25,63626.483515907115
conversation_trace,0.02,4,pi3,4,"conversation_trace|l1=0.02,l2x4|pi3|s=4",00008a73866bb6c97fe14ff640e8b2707a14f41bda789764b085e3c89d768c46,0,785,70,2354999.0,17,6,False,10,7337106.4375,31669.643001816425,15180.4375,43863.74666315187,15079992.3125,50521.985170443375,38241.6875,86814.45337171205
conversation_trace,0.02,4,pi3,4,"conversation_trace|l1=0.02,l2x4|pi3|s=4",00008a73866bb6c97fe14ff640e8b2707a14f41bda789764b085e3c89d768c46,0,785,70,2354999.0,17,6,False,11,7320665.125,40984.711427352195,-1260.875,49393.385650138756,15059286.75,55134.48758263742,17536.125,82667.36646736728
conversation_trace,0.02,4,pi3,4,"conversation_trace|l1=0.02,l2x4|pi3|s=4",00008a73866bb6c97fe14ff640e8b2707a14f41bda789764b085e3c89d768c46,0,785,70,2354999.0,17,6,False,12,7313965.8125,32711.45737142416,-7960.1875,38592.23799197407,15050581.8125,47331.356634150754,8831.1875,52171.858626682064
conversation_trace,0.02,4,pi3,4,"conversation_trace|l1=0.02,l2x4|pi3|s=4",00008a73866bb6c97fe14ff640e8b2707a14f41bda789764b085e3c89d768c46,0,785,70,2354999.0,17,6,False,13,7332441.75,34179.01281293342,10515.75,45663.737736487,15057966.1875,43301.824206714045,16215.5625,66729.43074932654
conversation_trace,0.02,4,pi3,4,"conversation_trace|l1=0.02,l2x4|pi3|s=4",00008a73866bb6c97fe14ff640e8b2707a14f41bda789764b085e3c89d768c46,0,785,70,2354999.0,17,6,False,14,7327232.8125,24042.062444027135,5306.8125,33323.10793872374,15059218.1875,42394.052204240084,17467.5625,44729.22386981283
conversation_trace,0.02,4,pi3,4,"conversation_trace|l1=0.02,l2x4|pi3|s=4",00008a73866bb6c97fe14ff640e8b2707a14f41bda789764b085e3c89d768c46,0,785,70,2354999.0,17,6,False,15,7330574.75,29400.567578421567,8648.75,33771.710057383825,15070702,41323.918307278975,28951.375,70717.67072698308
conversation_trace,0.02,4,pi3,4,"conversation_trace|l1=0.02,l2x4|pi3|s=4",00008a73866bb6c97fe14ff640e8b2707a14f41bda789764b085e3c89d768c46,0,785,70,2354999.0,17,6,False,16,7335308,28020.29002705004,13382,36594.351307271456,15068811.4375,45691.75439831385,27060.8125,80932.57912461767
toolagent_trace,0.0025,1,pi0,0,"toolagent_trace|l1=0.0025,l2x1|pi0|s=0",0000fd790970281011c59c028dc09a57a3ef282640f0112fe9caca7147a0412e,0,862,8,2585999.0,17,0,True,0,13131084,16795.059209977993,0,0.0,20749905.0625,18357.399421736365,0,0.0
toolagent_trace,0.0025,1,pi0,0,"toolagent_trace|l1=0.0025,l2x1|pi0|s=0",0000fd790970281011c59c028dc09a57a3ef282640f0112fe9caca7147a0412e,0,862,8,2585999.0,17,0,True,1,13132158.5,12112.27184855646,1074.5,21195.360492334166,20753713,17870.077671907304,3807.9375,26560.3422203574
toolagent_trace,0.0025,1,pi0,0,"toolagent_trace|l1=0.0025,l2x1|pi0|s=0",0000fd790970281011c59c028dc09a57a3ef282640f0112fe9caca7147a0412e,0,862,8,2585999.0,17,0,True,2,13123852,15227.660025974663,-7232,25447.02070839204,20740390.6875,14976.690314034673,-9514.375,22513.281940149613
toolagent_trace,0.0025,1,pi0,0,"toolagent_trace|l1=0.0025,l2x1|pi0|s=0",0000fd790970281011c59c028dc09a57a3ef282640f0112fe9caca7147a0412e,0,862,8,2585999.0,17,0,True,3,13134334.5,13995.694795186126,3250.5,19072.91641394502,20751594.1875,14745.715152629933,1689.125,23773.830180473655
toolagent_trace,0.0025,1,pi0,0,"toolagent_trace|l1=0.0025,l2x1|pi0|s=0",0000fd790970281011c59c028dc09a57a3ef282640f0112fe9caca7147a0412e,0,862,8,2585999.0,17,0,True,4,13129431.75,15455.123575479212,-1652.25,24204.942369965134,20744925.5625,19843.548936514188,-4979.5,34103.71499020793
toolagent_trace,0.0025,1,pi0,0,"toolagent_trace|l1=0.0025,l2x1|pi0|s=0",0000fd790970281011c59c028dc09a57a3ef282640f0112fe9caca7147a0412e,0,862,8,2585999.0,17,0,True,5,13121175.75,18710.60122853708,-9908.25,29987.399361509604,20737299.0625,22210.398929236577,-12606,34569.76165186371
toolagent_trace,0.0025,1,pi0,0,"toolagent_trace|l1=0.0025,l2x1|pi0|s=0",0000fd790970281011c59c028dc09a57a3ef282640f0112fe9caca7147a0412e,0,862,8,2585999.0,17,0,True,6,13109911.75,18710.60122853708,-21172.25,29987.399361509604,20726035.0625,22210.398929236577,-23870,34569.76165186371
toolagent_trace,0.0025,1,pi0,0,"toolagent_trace|l1=0.0025,l2x1|pi0|s=0",0000fd790970281011c59c028dc09a57a3ef282640f0112fe9caca7147a0412e,0,862,8,2585999.0,17,0,True,7,13131658.25,12955.796558555041,574.25,23121.815013820462,20747460.9375,15344.20308984797,-2444.125,23069.11814489954
toolagent_trace,0.0025,1,pi0,0,"toolagent_trace|l1=0.0025,l2x1|pi0|s=0",0000fd790970281011c59c028dc09a57a3ef282640f0112fe9caca7147a0412e,0,862,8,2585999.0,17,0,True,8,13134334.5,13995.694795186126,3250.5,19072.91641394502,20751594.1875,14745.715152629933,1689.125,23773.830180473655
toolagent_trace,0.0025,1,pi0,0,"toolagent_trace|l1=0.0025,l2x1|pi0|s=0",0000fd790970281011c59c028dc09a57a3ef282640f0112fe9caca7147a0412e,0,862,8,2585999.0,17,0,True,9,13119127.75,18710.60122853708,-11956.25,29987.399361509604,20735251.0625,22210.398929236577,-14654,34569.76165186371
toolagent_trace,0.0025,1,pi0,0,"toolagent_trace|l1=0.0025,l2x1|pi0|s=0",0000fd790970281011c59c028dc09a57a3ef282640f0112fe9caca7147a0412e,0,862,8,2585999.0,17,0,True,10,13125354.25,25260.3339737753,-5729.75,30665.130128535246,20744185.8125,26078.947755405443,-5719.25,28033.48925006185
toolagent_trace,0.0025,1,pi0,0,"toolagent_trace|l1=0.0025,l2x1|pi0|s=0",0000fd790970281011c59c028dc09a57a3ef282640f0112fe9caca7147a0412e,0,862,8,2585999.0,17,0,True,11,13131447.75,18856.17824657655,363.75,30041.168178573436,20747571.0625,22465.102841128948,-2334,35101.33475714753
toolagent_trace,0.0025,1,pi0,0,"toolagent_trace|l1=0.0025,l2x1|pi0|s=0",0000fd790970281011c59c028dc09a57a3ef282640f0112fe9caca7147a0412e,0,862,8,2585999.0,17,0,True,12,13120151.75,18710.60122853708,-10932.25,29987.399361509604,20736275.0625,22210.398929236577,-13630,34569.76165186371
toolagent_trace,0.0025,1,pi0,0,"toolagent_trace|l1=0.0025,l2x1|pi0|s=0",0000fd790970281011c59c028dc09a57a3ef282640f0112fe9caca7147a0412e,0,862,8,2585999.0,17,0,True,13,13129745,13093.791505900803,-1339,23963.260790913522,20747257,16078.606801171134,-2648.0625,28700.24741697941
toolagent_trace,0.0025,1,pi0,0,"toolagent_trace|l1=0.0025,l2x1|pi0|s=0",0000fd790970281011c59c028dc09a57a3ef282640f0112fe9caca7147a0412e,0,862,8,2585999.0,17,0,True,14,13130482.75,21155.144658766418,-601.25,28665.987528777026,20746467.6875,22220.634202526715,-3437.375,31172.949921098796
toolagent_trace,0.0025,1,pi0,0,"toolagent_trace|l1=0.0025,l2x1|pi0|s=0",0000fd790970281011c59c028dc09a57a3ef282640f0112fe9caca7147a0412e,0,862,8,2585999.0,17,0,True,15,13130482.75,21155.144658766418,-601.25,28665.987528777026,20746467.6875,22220.634202526715,-3437.375,31172.949921098796
toolagent_trace,0.0025,1,pi0,0,"toolagent_trace|l1=0.0025,l2x1|pi0|s=0",0000fd790970281011c59c028dc09a57a3ef282640f0112fe9caca7147a0412e,0,862,8,2585999.0,17,0,True,16,13130482.75,21155.144658766418,-601.25,28665.987528777026,20746467.6875,22220.634202526715,-3437.375,31172.949921098796
toolagent_trace,0.0025,1,pi0,1,"toolagent_trace|l1=0.0025,l2x1|pi0|s=1",0004b67aab61d393ed9190968e0eb2724a4409d4db2e35f92690f3983cb93bcd,0,766,270,2298000.0,17,0,True,0,12981120.25,17549.24119727118,0,0.0,27028735.5,23586.67260128058,0,0.0
toolagent_trace,0.0025,1,pi0,1,"toolagent_trace|l1=0.0025,l2x1|pi0|s=1",0004b67aab61d393ed9190968e0eb2724a4409d4db2e35f92690f3983cb93bcd,0,766,270,2298000.0,17,0,True,1,12976434.75,20194.656387272353,-4685.5,21662.37945071286,27020223.4375,23793.790472778815,-8512.0625,26803.04515154637
toolagent_trace,0.0025,1,pi0,1,"toolagent_trace|l1=0.0025,l2x1|pi0|s=1",0004b67aab61d393ed9190968e0eb2724a4409d4db2e35f92690f3983cb93bcd,0,766,270,2298000.0,17,0,True,2,12982035.25,13609.111553171524,915,23584.605035206052,27030618.6875,23857.820679234304,1883.1875,35060.84511287722
toolagent_trace,0.0025,1,pi0,1,"toolagent_trace|l1=0.0025,l2x1|pi0|s=1",0004b67aab61d393ed9190968e0eb2724a4409d4db2e35f92690f3983cb93bcd,0,766,270,2298000.0,17,0,True,3,12988557.75,20306.905122806544,7437.5,20807.222995873333,27029936.6875,26729.42355711835,1201.1875,25230.59776334745
toolagent_trace,0.0025,1,pi0,1,"toolagent_trace|l1=0.0025,l2x1|pi0|s=1",0004b67aab61d393ed9190968e0eb2724a4409d4db2e35f92690f3983cb93bcd,0,766,270,2298000.0,17,0,True,4,12977939.25,13609.111553171524,-3181,23584.605035206052,27026522.6875,23857.820679234304,-2212.8125,35060.84511287722
toolagent_trace,0.0025,1,pi0,1,"toolagent_trace|l1=0.0025,l2x1|pi0|s=1",0004b67aab61d393ed9190968e0eb2724a4409d4db2e35f92690f3983cb93bcd,0,766,270,2298000.0,17,0,True,5,12983341.75,23969.37281198655,2221.5,25196.426323323445,27029706.6875,29410.66978432317,971.1875,28911.265578706512
toolagent_trace,0.0025,1,pi0,1,"toolagent_trace|l1=0.0025,l2x1|pi0|s=1",0004b67aab61d393ed9190968e0eb2724a4409d4db2e35f92690f3983cb93bcd,0,766,270,2298000.0,17,0,True,6,12990383,17314.506688516038,9262.75,20109.093225039596,27039705.375,26590.045951759217,10969.875,25642.519582066554
toolagent_trace,0.0025,1,pi0,1,"toolagent_trace|l1=0.0025,l2x1|pi0|s=1",0004b67aab61d393ed9190968e0eb2724a4409d4db2e35f92690f3983cb93bcd,0,766,270,2298000.0,17,0,True,7,12990895,17988.71862770294,9774.75,20642.46087235402,27040217.375,27194.55284151589,11481.875,26246.412445322883
toolagent_trace,0.0025,1,pi0,1,"toolagent_trace|l1=0.0025,l2x1|pi0|s=1",0004b67aab61d393ed9190968e0eb2724a4409d4db2e35f92690f3983cb93bcd,0,766,270,2298000.0,17,0,True,8,12983955.25,19648.944343144747,2835,23842.516981224948,27031429.0625,24544.804296004615,2693.5625,28101.115114217442
toolagent_trace,0.0025,1,pi0,1,"toolagent_trace|l1=0.0025,l2x1|pi0|s=1",0004b67aab61d393ed9190968e0eb2724a4409d4db2e35f92690f3983cb93bcd,0,766,270,2298000.0,17,0,True,9,12982831,16459.862810282877,1710.75,16916.884360504053,27032153.375,25338.918319125885,3417.875,22487.177664541778
toolagent_trace,0.0025,1,pi0,1,"toolagent_trace|l1=0.0025,l2x1|pi0|s=1",0004b67aab61d393ed9190968e0eb2724a4409d4db2e35f92690f3983cb93bcd,0,766,270,2298000.0,17,0,True,10,12983411.25,19066.413231998653,2291,23429.758194797203,27030885.0625,23957.04801645019,2149.5625,27933.96962354557
toolagent_trace,0.0025,1,pi0,1,"toolagent_trace|l1=0.0025,l2x1|pi0|s=1",0004b67aab61d393ed9190968e0eb2724a4409d4db2e35f92690f3983cb93bcd,0,766,270,2298000.0,17,0,True,11,12981408.25,26325.904240247222,288,29629.9600449725,27027157.125,29565.652249133058,-1578.375,32422.880221380703
toolagent_trace,0.0025,1,pi0,1,"toolagent_trace|l1=0.0025,l2x1|pi0|s=1",0004b67aab61d393ed9190968e0eb2724a4409d4db2e35f92690f3983cb93bcd,0,766,270,2298000.0,17,0,True,12,12992081.5,22937.258231968353,10961.25,17313.606439252722,27037833.3125,31917.376691950005,9097.8125,28527.84959583354
toolagent_trace,0.0025,1,pi0,1,"toolagent_trace|l1=0.0025,l2x1|pi0|s=1",0004b67aab61d393ed9190968e0eb2724a4409d4db2e35f92690f3983cb93bcd,0,766,270,2298000.0,17,0,True,13,12983955.25,19648.944343144747,2835,23842.516981224948,27031429.0625,24544.804296004615,2693.5625,28101.115114217442
toolagent_trace,0.0025,1,pi0,1,"toolagent_trace|l1=0.0025,l2x1|pi0|s=1",0004b67aab61d393ed9190968e0eb2724a4409d4db2e35f92690f3983cb93bcd,0,766,270,2298000.0,17,0,True,14,12955603.25,16137.950582400481,-25517,25453.065051842645,27003077.0625,23505.017956367672,-25658.4375,34239.40897848316
toolagent_trace,0.0025,1,pi0,1,"toolagent_trace|l1=0.0025,l2x1|pi0|s=1",0004b67aab61d393ed9190968e0eb2724a4409d4db2e35f92690f3983cb93bcd,0,766,270,2298000.0,17,0,True,15,12983731.25,19353.70714359396,2611,23604.373719009505,27031205.0625,24210.224932092224,2469.5625,27968.20710728225
toolagent_trace,0.0025,1,pi0,1,"toolagent_trace|l1=0.0025,l2x1|pi0|s=1",0004b67aab61d393ed9190968e0eb2724a4409d4db2e35f92690f3983cb93bcd,0,766,270,2298000.0,17,0,True,16,12982547.25,13609.111553171524,1427,23584.605035206052,27031130.6875,23857.820679234304,2395.1875,35060.84511287722
toolagent_trace,0.0025,1,pi0,2,"toolagent_trace|l1=0.0025,l2x1|pi0|s=2",0000fc78c45c0f23b1f5a27bd6dd0521000a6255a8921fa8a8559d1ec8007b0c,0,789,165,2367000.0,17,0,True,0,13068736.5,17841.588621345727,0,0.0,25496089,22234.325235245316,0,0.0
toolagent_trace,0.0025,1,pi0,2,"toolagent_trace|l1=0.0025,l2x1|pi0|s=2",0000fc78c45c0f23b1f5a27bd6dd0521000a6255a8921fa8a8559d1ec8007b0c,0,789,165,2367000.0,17,0,True,1,13068782,15995.909543796919,45.5,24674.126016267863,25502443,21545.673533217752,6354,30261.423773510724
toolagent_trace,0.0025,1,pi0,2,"toolagent_trace|l1=0.0025,l2x1|pi0|s=2",0000fc78c45c0f23b1f5a27bd6dd0521000a6255a8921fa8a8559d1ec8007b0c,0,789,165,2367000.0,17,0,True,2,13068017.75,16962.759836378827,-718.75,24298.713259484888,25498341.625,21208.661088888504,2252.625,29127.079548935213
toolagent_trace,0.0025,1,pi0,2,"toolagent_trace|l1=0.0025,l2x1|pi0|s=2",0000fc78c45c0f23b1f5a27bd6dd0521000a6255a8921fa8a8559d1ec8007b0c,0,789,165,2367000.0,17,0,True,3,13068142,18914.793420318747,-594.5,22740.70093906518,25501366.125,23813.029116781145,5277.125,26280.41677466322
toolagent_trace,0.0025,1,pi0,2,"toolagent_trace|l1=0.0025,l2x1|pi0|s=2",0000fc78c45c0f23b1f5a27bd6dd0521000a6255a8921fa8a8559d1ec8007b0c,0,789,165,2367000.0,17,0,True,4,13068285.5,21046.649082454907,-451,23316.354775135842,25499675.875,28806.58088209475,3586.875,30130.496701017062
toolagent_trace,0.0025,1,pi0,2,"toolagent_trace|l1=0.0025,l2x1|pi0|s=2",0000fc78c45c0f23b1f5a27bd6dd0521000a6255a8921fa8a8559d1ec8007b0c,0,789,165,2367000.0,17,0,True,5,13068228.25,21082.25761313685,-508.25,23339.365839713813,25499066.4375,28795.174732279364,2977.4375,29954.83103155761
toolagent_trace,0.0025,1,pi0,2,"toolagent_trace|l1=0.0025,l2x1|pi0|s=2",0000fc78c45c0f23b1f5a27bd6dd0521000a6255a8921fa8a8559d1ec8007b0c,0,789,165,2367000.0,17,0,True,6,13068285.5,21046.649082454907,-451,23316.354775135842,25499675.875,28806.58088209475,3586.875,30130.496701017062
toolagent_trace,0.0025,1,pi0,2,"toolagent_trace|l1=0.0025,l2x1|pi0|s=2",0000fc78c45c0f23b1f5a27bd6dd0521000a6255a8921fa8a8559d1ec8007b0c,0,789,165,2367000.0,17,0,True,7,13071950,16486.936727805645,3213.5,23762.99010927146,25505611,22323.98494892881,9522,29272.849368200106
toolagent_trace,0.0025,1,pi0,2,"toolagent_trace|l1=0.0025,l2x1|pi0|s=2",0000fc78c45c0f23b1f5a27bd6dd0521000a6255a8921fa8a8559d1ec8007b0c,0,789,165,2367000.0,17,0,True,8,13069614,16034.511779284083,877.5,24593.08958223834,25503275,21703.367505220627,7186,30134.956715858523
toolagent_trace,0.0025,1,pi0,2,"toolagent_trace|l1=0.0025,l2x1|pi0|s=2",0000fc78c45c0f23b1f5a27bd6dd0521000a6255a8921fa8a8559d1ec8007b0c,0,789,165,2367000.0,17,0,True,9,13063659,19144.023596586656,-5077.5,24374.221830997325,25494215.1875,20083.823454773246,-1873.8125,25931.879593063954
toolagent_trace,0.0025,1,pi0,2,"toolagent_trace|l1=0.0025,l2x1|pi0|s=2",0000fc78c45c0f23b1f5a27bd6dd0521000a6255a8921fa8a8559d1ec8007b0c,0,789,165,2367000.0,17,0,True,10,13068285.5,21046.649082454907,-451,23316.354775135842,25499675.875,28806.58088209475,3586.875,30130.496701017062
toolagent_trace,0.0025,1,pi0,2,"toolagent_trace|l1=0.0025,l2x1|pi0|s=2",0000fc78c45c0f23b1f5a27bd6dd0521000a6255a8921fa8a8559d1ec8007b0c,0,789,165,2367000.0,17,0,True,11,13066257.75,18842.255885818628,-2478.75,26159.772464606798,25499018.875,22400.726594986452,2929.875,28275.81086340997
toolagent_trace,0.0025,1,pi0,2,"toolagent_trace|l1=0.0025,l2x1|pi0|s=2",0000fc78c45c0f23b1f5a27bd6dd0521000a6255a8921fa8a8559d1ec8007b0c,0,789,165,2367000.0,17,0,True,12,13068285.5,21046.649082454907,-451,23316.354775135842,25499675.875,28806.58088209475,3586.875,30130.496701017062
toolagent_trace,0.0025,1,pi0,2,"toolagent_trace|l1=0.0025,l2x1|pi0|s=2",0000fc78c45c0f23b1f5a27bd6dd0521000a6255a8921fa8a8559d1ec8007b0c,0,789,165,2367000.0,17,0,True,13,13070926,16114.485011938794,2189.5,24110.716748643816,25504587,21967.600700425464,8498,29662.724860223705
toolagent_trace,0.0025,1,pi0,2,"toolagent_trace|l1=0.0025,l2x1|pi0|s=2",0000fc78c45c0f23b1f5a27bd6dd0521000a6255a8921fa8a8559d1ec8007b0c,0,789,165,2367000.0,17,0,True,14,13064782,16234.763753542376,-3954.5,24568.031037644563,25498443,21268.18441397071,2354,30048.381507162743
toolagent_trace,0.0025,1,pi0,2,"toolagent_trace|l1=0.0025,l2x1|pi0|s=2",0000fc78c45c0f23b1f5a27bd6dd0521000a6255a8921fa8a8559d1ec8007b0c,0,789,165,2367000.0,17,0,True,15,13067644.75,20360.560841980754,-1091.75,30334.046402241383,25502110.0625,25828.37010335405,6021.0625,34522.66375676275
toolagent_trace,0.0025,1,pi0,2,"toolagent_trace|l1=0.0025,l2x1|pi0|s=2",0000fc78c45c0f23b1f5a27bd6dd0521000a6255a8921fa8a8559d1ec8007b0c,0,789,165,2367000.0,17,0,True,16,13060428.25,19241.928411674337,-8308.25,26386.722336559094,25491119.125,27948.15020921182,-4969.875,32043.70076187622
toolagent_trace,0.0025,1,pi0,3,"toolagent_trace|l1=0.0025,l2x1|pi0|s=3",00009fcc9b293118b1acf79f810cd0702857598649e2c171e5de29da5f0e8677,0,825,204,2475000.0,17,0,True,0,13140286,12969.736548339497,0,0.0,23133254.8125,14360.586604633067,0,0.0
toolagent_trace,0.0025,1,pi0,3,"toolagent_trace|l1=0.0025,l2x1|pi0|s=3",00009fcc9b293118b1acf79f810cd0702857598649e2c171e5de29da5f0e8677,0,825,204,2475000.0,17,0,True,1,13131648.5,18441.38267412,-8637.5,19194.637132977186,23127436.25,18955.701620708565,-5818.5625,19013.23060386723
toolagent_trace,0.0025,1,pi0,3,"toolagent_trace|l1=0.0025,l2x1|pi0|s=3",00009fcc9b293118b1acf79f810cd0702857598649e2c171e5de29da5f0e8677,0,825,204,2475000.0,17,0,True,2,13137710,19051.663738372037,-2576,22948.392234170424,23133902.625,19144.387678464238,647.8125,24873.433075522567
toolagent_trace,0.0025,1,pi0,3,"toolagent_trace|l1=0.0025,l2x1|pi0|s=3",00009fcc9b293118b1acf79f810cd0702857598649e2c171e5de29da5f0e8677,0,825,204,2475000.0,17,0,True,3,13120871.25,16562.36662436863,-19414.75,17008.429390550245,23117028.9375,19821.65039367728,-16225.875,20312.795543285847
toolagent_trace,0.0025,1,pi0,3,"toolagent_trace|l1=0.0025,l2x1|pi0|s=3",00009fcc9b293118b1acf79f810cd0702857598649e2c171e5de29da5f0e8677,0,825,204,2475000.0,17,0,True,4,13131648.5,18441.38267412,-8637.5,19194.637132977186,23127436.25,18955.701620708565,-5818.5625,19013.23060386723
toolagent_trace,0.0025,1,pi0,3,"toolagent_trace|l1=0.0025,l2x1|pi0|s=3",00009fcc9b293118b1acf79f810cd0702857598649e2c171e5de29da5f0e8677,0,825,204,2475000.0,17,0,True,5,13124455.25,16562.36662436863,-15830.75,17008.429390550245,23120612.9375,19821.65039367728,-12641.875,20312.795543285847
toolagent_trace,0.0025,1,pi0,3,"toolagent_trace|l1=0.0025,l2x1|pi0|s=3",00009fcc9b293118b1acf79f810cd0702857598649e2c171e5de29da5f0e8677,0,825,204,2475000.0,17,0,True,6,13139200.5,17887.822412654557,-1085.5,22376.93716902889,23134314.75,22638.372743345903,1059.9375,29342.59979272173
toolagent_trace,0.0025,1,pi0,3,"toolagent_trace|l1=0.0025,l2x1|pi0|s=3",00009fcc9b293118b1acf79f810cd0702857598649e2c171e5de29da5f0e8677,0,825,204,2475000.0,17,0,True,7,13135246,19813.629221657837,-5040,22023.905073048845,23129331.75,21916.282076727035,-3923.0625,25037.792619608063
toolagent_trace,0.0025,1,pi0,3,"toolagent_trace|l1=0.0025,l2x1|pi0|s=3",00009fcc9b293118b1acf79f810cd0702857598649e2c171e5de29da5f0e8677,0,825,204,2475000.0,17,0,True,8,13132135.25,16562.36662436863,-8150.75,17008.429390550245,23128292.9375,19821.65039367728,-4961.875,20312.795543285847
toolagent_trace,0.0025,1,pi0,3,"toolagent_trace|l1=0.0025,l2x1|pi0|s=3",00009fcc9b293118b1acf79f810cd0702857598649e2c171e5de29da5f0e8677,0,825,204,2475000.0,17,0,True,9,13143195.5,14136.05982820767,2909.5,20460.782800274286,23137084.875,18073.706916863146,3830.0625,23861.23354304704
toolagent_trace,0.0025,1,pi0,3,"toolagent_trace|l1=0.0025,l2x1|pi0|s=3",00009fcc9b293118b1acf79f810cd0702857598649e2c171e5de29da5f0e8677,0,825,204,2475000.0,17,0,True,10,13131815.25,18363.599964785408,-8470.75,18478.471435700518,23125683,18606.934907895677,-7571.8125,20510.983513616146
toolagent_trace,0.0025,1,pi0,3,"toolagent_trace|l1=0.0025,l2x1|pi0|s=3",00009fcc9b293118b1acf79f810cd0702857598649e2c171e5de29da5f0e8677,0,825,204,2475000.0,17,0,True,11,13142279.25,16702.101071422123,1993.25,23907.219003193713,23138832.0625,25403.214551098976,5577.25,31044.493964845577
toolagent_trace,0.0025,1,pi0,3,"toolagent_trace|l1=0.0025,l2x1|pi0|s=3",00009fcc9b293118b1acf79f810cd0702857598649e2c171e5de29da5f0e8677,0,825,204,2475000.0,17,0,True,12,13121895.25,16562.36662436863,-18390.75,17008.429390550245,23118052.9375,19821.65039367728,-15201.875,20312.795543285847
toolagent_trace,0.0025,1,pi0,3,"toolagent_trace|l1=0.0025,l2x1|pi0|s=3",00009fcc9b293118b1acf79f810cd0702857598649e2c171e5de29da5f0e8677,0,825,204,2475000.0,17,0,True,13,13128551.25,16562.36662436863,-11734.75,17008.429390550245,23124708.9375,19821.65039367728,-8545.875,20312.795543285847
toolagent_trace,0.0025,1,pi0,3,"toolagent_trace|l1=0.0025,l2x1|pi0|s=3",00009fcc9b293118b1acf79f810cd0702857598649e2c171e5de29da5f0e8677,0,825,204,2475000.0,17,0,True,14,13131648.5,18441.38267412,-8637.5,19194.637132977186,23127436.25,18955.701620708565,-5818.5625,19013.23060386723
toolagent_trace,0.0025,1,pi0,3,"toolagent_trace|l1=0.0025,l2x1|pi0|s=3",00009fcc9b293118b1acf79f810cd0702857598649e2c171e5de29da5f0e8677,0,825,204,2475000.0,17,0,True,15,13131648.5,18441.38267412,-8637.5,19194.637132977186,23127436.25,18955.701620708565,-5818.5625,19013.23060386723
toolagent_trace,0.0025,1,pi0,3,"toolagent_trace|l1=0.0025,l2x1|pi0|s=3",00009fcc9b293118b1acf79f810cd0702857598649e2c171e5de29da5f0e8677,0,825,204,2475000.0,17,0,True,16,13138619.5,14371.504166231174,-1666.5,19023.76068674821,23131492.3125,16944.14114167982,-1762.5,23388.231385321407
toolagent_trace,0.0025,1,pi0,4,"toolagent_trace|l1=0.0025,l2x1|pi0|s=4",0000c13833113cd5361d5e59ee08d9724724534527b85809941b0f48c011b8f2,0,951,194,2852999.0,17,16,False,0,13103124.875,10053.505464098911,-6338.1875,20649.912303990543,14988052.875,10511.088715415417,-7202.1875,21918.19706155519
toolagent_trace,0.0025,1,pi0,4,"toolagent_trace|l1=0.0025,l2x1|pi0|s=4",0000c13833113cd5361d5e59ee08d9724724534527b85809941b0f48c011b8f2,0,951,194,2852999.0,17,16,False,1,13104431.625,16465.88320892627,-5031.4375,23022.54052870433,14988879.625,16289.164136013855,-6375.4375,23553.31293036785
toolagent_trace,0.0025,1,pi0,4,"toolagent_trace|l1=0.0025,l2x1|pi0|s=4",0000c13833113cd5361d5e59ee08d9724724534527b85809941b0f48c011b8f2,0,951,194,2852999.0,17,16,False,2,13103343.625,15917.546296985181,-6119.4375,23147.03165121826,14989391.625,16909.767200743285,-5863.4375,24943.68653044627
toolagent_trace,0.0025,1,pi0,4,"toolagent_trace|l1=0.0025,l2x1|pi0|s=4",0000c13833113cd5361d5e59ee08d9724724534527b85809941b0f48c011b8f2,0,951,194,2852999.0,17,16,False,3,13106834.5625,20085.563999943675,-2628.5,23663.276642651723,14992082.5625,20281.490060212538,-3172.5,23487.456150038895
toolagent_trace,0.0025,1,pi0,4,"toolagent_trace|l1=0.0025,l2x1|pi0|s=4",0000c13833113cd5361d5e59ee08d9724724534527b85809941b0f48c011b8f2,0,951,194,2852999.0,17,16,False,4,13109985.5625,18775.552998402825,522.5,23975.75615213557,14995809.5625,18950.431889427568,554.5,24122.297687685834
toolagent_trace,0.0025,1,pi0,4,"toolagent_trace|l1=0.0025,l2x1|pi0|s=4",0000c13833113cd5361d5e59ee08d9724724534527b85809941b0f48c011b8f2,0,951,194,2852999.0,17,16,False,5,13106444.5625,19872.560354984456,-3018.5,18689.91541268535,14992780.5625,20055.90562725021,-2474.5,18887.89212167414
toolagent_trace,0.0025,1,pi0,4,"toolagent_trace|l1=0.0025,l2x1|pi0|s=4",0000c13833113cd5361d5e59ee08d9724724534527b85809941b0f48c011b8f2,0,951,194,2852999.0,17,16,False,6,13103813.25,16492.496008791393,-5649.8125,18546.744786147785,14988421.25,16233.80956111863,-6833.8125,19098.883940233263
toolagent_trace,0.0025,1,pi0,4,"toolagent_trace|l1=0.0025,l2x1|pi0|s=4",0000c13833113cd5361d5e59ee08d9724724534527b85809941b0f48c011b8f2,0,951,194,2852999.0,17,16,False,7,13100980.875,15965.827540406417,-8482.1875,19083.46102857568,14985876.875,15962.56450522075,-9378.1875,20183.257735786032
toolagent_trace,0.0025,1,pi0,4,"toolagent_trace|l1=0.0025,l2x1|pi0|s=4",0000c13833113cd5361d5e59ee08d9724724534527b85809941b0f48c011b8f2,0,951,194,2852999.0,17,16,False,8,13107642,16660.193392234876,-1821.0625,18268.142698766616,14992186,16500.63950679892,-3069.0625,18065.646066383382
toolagent_trace,0.0025,1,pi0,4,"toolagent_trace|l1=0.0025,l2x1|pi0|s=4",0000c13833113cd5361d5e59ee08d9724724534527b85809941b0f48c011b8f2,0,951,194,2852999.0,17,16,False,9,13101044.875,12156.08355173107,-8418.1875,19856.186297872846,14986068.875,12688.305644043521,-9186.1875,20624.148742736026
toolagent_trace,0.0025,1,pi0,4,"toolagent_trace|l1=0.0025,l2x1|pi0|s=4",0000c13833113cd5361d5e59ee08d9724724534527b85809941b0f48c011b8f2,0,951,194,2852999.0,17,16,False,10,13107057.8125,15161.8308182917,-2405.25,17074.44728046367,14992049.8125,14704.963920249289,-3205.25,17944.869619661957
toolagent_trace,0.0025,1,pi0,4,"toolagent_trace|l1=0.0025,l2x1|pi0|s=4",0000c13833113cd5361d5e59ee08d9724724534527b85809941b0f48c011b8f2,0,951,194,2852999.0,17,16,False,11,13104431.625,16465.88320892627,-5031.4375,23022.54052870433,14988879.625,16289.164136013855,-6375.4375,23553.31293036785
toolagent_trace,0.0025,1,pi0,4,"toolagent_trace|l1=0.0025,l2x1|pi0|s=4",0000c13833113cd5361d5e59ee08d9724724534527b85809941b0f48c011b8f2,0,951,194,2852999.0,17,16,False,12,13103874.1875,13900.640585808747,-5588.875,16063.873604561675,14988706.1875,13904.075590601724,-6548.875,17113.489633911606
toolagent_trace,0.0025,1,pi0,4,"toolagent_trace|l1=0.0025,l2x1|pi0|s=4",0000c13833113cd5361d5e59ee08d9724724534527b85809941b0f48c011b8f2,0,951,194,2852999.0,17,16,False,13,13101995.125,13284.74062913286,-7467.9375,19689.984531799408,14987787.125,14295.436315481944,-7467.9375,21470.46300220763
toolagent_trace,0.0025,1,pi0,4,"toolagent_trace|l1=0.0025,l2x1|pi0|s=4",0000c13833113cd5361d5e59ee08d9724724534527b85809941b0f48c011b8f2,0,951,194,2852999.0,17,16,False,14,13099863.0625,15849.90924671705,-9600,19213.52920904087,14985879.0625,16255.914589132371,-9376,19404.626668228724
toolagent_trace,0.0025,1,pi0,4,"toolagent_trace|l1=0.0025,l2x1|pi0|s=4",0000c13833113cd5361d5e59ee08d9724724534527b85809941b0f48c011b8f2,0,951,194,2852999.0,17,16,False,15,13104431.625,16465.88320892627,-5031.4375,23022.54052870433,14988879.625,16289.164136013855,-6375.4375,23553.31293036785
toolagent_trace,0.0025,1,pi0,4,"toolagent_trace|l1=0.0025,l2x1|pi0|s=4",0000c13833113cd5361d5e59ee08d9724724534527b85809941b0f48c011b8f2,0,951,194,2852999.0,17,16,False,16,13109463.0625,16082.963941051621,0,0.0,14995255.0625,16512.491951928394,0,0.0
toolagent_trace,0.0025,1,pi3,0,"toolagent_trace|l1=0.0025,l2x1|pi3|s=0",000010cc0dd59f9930bc9a582adee344022eec84773bc46202ecdaffe53c7507,0,931,85,2793000.0,17,0,True,0,12905348.9375,10399.600206858915,0,0.0,16037932.4375,9963.871703768906,0,0.0
toolagent_trace,0.0025,1,pi3,0,"toolagent_trace|l1=0.0025,l2x1|pi3|s=0",000010cc0dd59f9930bc9a582adee344022eec84773bc46202ecdaffe53c7507,0,931,85,2793000.0,17,0,True,1,12901555.1875,9408.08842942249,-3793.75,15983.364362152712,16033626.6875,9566.37935493361,-4305.75,15368.699977551778
toolagent_trace,0.0025,1,pi3,0,"toolagent_trace|l1=0.0025,l2x1|pi3|s=0",000010cc0dd59f9930bc9a582adee344022eec84773bc46202ecdaffe53c7507,0,931,85,2793000.0,17,0,True,2,12903884.875,7850.5572870126025,-1464.0625,12153.661404250435,16036420.625,8110.546121151974,-1511.8125,12037.70720815084
toolagent_trace,0.0025,1,pi3,0,"toolagent_trace|l1=0.0025,l2x1|pi3|s=0",000010cc0dd59f9930bc9a582adee344022eec84773bc46202ecdaffe53c7507,0,931,85,2793000.0,17,0,True,3,12901543.1875,12619.723352587145,-3805.75,17438.133082414526,16033811.9375,13080.846264513368,-4120.5,17226.26272101216
toolagent_trace,0.0025,1,pi3,0,"toolagent_trace|l1=0.0025,l2x1|pi3|s=0",000010cc0dd59f9930bc9a582adee344022eec84773bc46202ecdaffe53c7507,0,931,85,2793000.0,17,0,True,4,12905689.8125,10447.231060389478,340.875,4740.1182105512935,16037798.5625,10614.13492765661,-133.875,4565.368051975656
toolagent_trace,0.0025,1,pi3,0,"toolagent_trace|l1=0.0025,l2x1|pi3|s=0",000010cc0dd59f9930bc9a582adee344022eec84773bc46202ecdaffe53c7507,0,931,85,2793000.0,17,0,True,5,12904343.75,7059.1217631279505,-1005.1875,14234.399779963795,16036959.25,7723.660759855609,-973.1875,14253.242925588314
toolagent_trace,0.0025,1,pi3,0,"toolagent_trace|l1=0.0025,l2x1|pi3|s=0",000010cc0dd59f9930bc9a582adee344022eec84773bc46202ecdaffe53c7507,0,931,85,2793000.0,17,0,True,6,12900314.8125,8885.927340229231,-5034.125,14196.507710818649,16031965.0625,9789.754926920627,-5967.375,14898.883460962212
toolagent_trace,0.0025,1,pi3,0,"toolagent_trace|l1=0.0025,l2x1|pi3|s=0",000010cc0dd59f9930bc9a582adee344022eec84773bc46202ecdaffe53c7507,0,931,85,2793000.0,17,0,True,7,12901496.5625,9336.101355981878,-3852.375,14833.63685625792,16033493.5625,9306.466303732046,-4438.875,14149.054917202067
toolagent_trace,0.0025,1,pi3,0,"toolagent_trace|l1=0.0025,l2x1|pi3|s=0",000010cc0dd59f9930bc9a582adee344022eec84773bc46202ecdaffe53c7507,0,931,85,2793000.0,17,0,True,8,12902226.8125,8420.317097898787,-3122.125,15429.266972758838,16034650.3125,8773.704415040434,-3282.125,15258.37687687215
toolagent_trace,0.0025,1,pi3,0,"toolagent_trace|l1=0.0025,l2x1|pi3|s=0",000010cc0dd59f9930bc9a582adee344022eec84773bc46202ecdaffe53c7507,0,931,85,2793000.0,17,0,True,9,12903495.1875,6967.410616278714,-1853.75,11677.733167585793,16035849.4375,7517.481767797423,-2083,11755.130635882642
toolagent_trace,0.0025,1,pi3,0,"toolagent_trace|l1=0.0025,l2x1|pi3|s=0",000010cc0dd59f9930bc9a582adee344022eec84773bc46202ecdaffe53c7507,0,931,85,2793000.0,17,0,True,10,12902299,5479.539603531182,-3049.9375,11986.04830330525,16034269.25,5865.151234196779,-3663.1875,12298.20342011385
toolagent_trace,0.0025,1,pi3,0,"toolagent_trace|l1=0.0025,l2x1|pi3|s=0",000010cc0dd59f9930bc9a582adee344022eec84773bc46202ecdaffe53c7507,0,931,85,2793000.0,17,0,True,11,12900314.8125,8885.927340229231,-5034.125,14196.507710818649,16031965.0625,9789.754926920627,-5967.375,14898.883460962212
toolagent_trace,0.0025,1,pi3,0,"toolagent_trace|l1=0.0025,l2x1|pi3|s=0",000010cc0dd59f9930bc9a582adee344022eec84773bc46202ecdaffe53c7507,0,931,85,2793000.0,17,0,True,12,12900314.8125,8885.927340229231,-5034.125,14196.507710818649,16031965.0625,9789.754926920627,-5967.375,14898.883460962212
toolagent_trace,0.0025,1,pi3,0,"toolagent_trace|l1=0.0025,l2x1|pi3|s=0",000010cc0dd59f9930bc9a582adee344022eec84773bc46202ecdaffe53c7507,0,931,85,2793000.0,17,0,True,13,12906652.6875,8074.861234875804,1303.75,13809.654721727598,16039177.4375,8285.48070597999,1245,13354.265191316219
toolagent_trace,0.0025,1,pi3,0,"toolagent_trace|l1=0.0025,l2x1|pi3|s=0",000010cc0dd59f9930bc9a582adee344022eec84773bc46202ecdaffe53c7507,0,931,85,2793000.0,17,0,True,14,12900314.8125,8885.927340229231,-5034.125,14196.507710818649,16031965.0625,9789.754926920627,-5967.375,14898.883460962212
toolagent_trace,0.0025,1,pi3,0,"toolagent_trace|l1=0.0025,l2x1|pi3|s=0",000010cc0dd59f9930bc9a582adee344022eec84773bc46202ecdaffe53c7507,0,931,85,2793000.0,17,0,True,15,12899661.625,10026.129342040893,-5687.3125,13232.44462029472,16031733.125,10299.839771407449,-6199.3125,13489.879276547783
toolagent_trace,0.0025,1,pi3,0,"toolagent_trace|l1=0.0025,l2x1|pi3|s=0",000010cc0dd59f9930bc9a582adee344022eec84773bc46202ecdaffe53c7507,0,931,85,2793000.0,17,0,True,16,12903175.1875,8389.330058423418,-2173.75,10714.442579994537,16037513.4375,11788.555738335097,-419,14669.294566088263
toolagent_trace,0.0025,1,pi3,1,"toolagent_trace|l1=0.0025,l2x1|pi3|s=1",000859e49b52f1b449ef68a4f8d75e1a90d3fa2975aff9ab2ac2650da9540907,0,830,171,2490000.0,17,0,True,0,12866577.25,4825.523342947719,0,0.0,22468229.75,13955.920800864413,0,0.0
toolagent_trace,0.0025,1,pi3,1,"toolagent_trace|l1=0.0025,l2x1|pi3|s=1",000859e49b52f1b449ef68a4f8d75e1a90d3fa2975aff9ab2ac2650da9540907,0,830,171,2490000.0,17,0,True,1,12868497.8125,5889.939821070614,1920.5625,7797.26984671558,22468447.8125,10092.055570059385,218.0625,19895.810220475232
toolagent_trace,0.0025,1,pi3,1,"toolagent_trace|l1=0.0025,l2x1|pi3|s=1",000859e49b52f1b449ef68a4f8d75e1a90d3fa2975aff9ab2ac2650da9540907,0,830,171,2490000.0,17,0,True,2,12865021.625,4989.95053916703,-1555.625,5322.190337007249,22468122.75,9432.55967027685,-107,16479.4805743385
toolagent_trace,0.0025,1,pi3,1,"toolagent_trace|l1=0.0025,l2x1|pi3|s=1",000859e49b52f1b449ef68a4f8d75e1a90d3fa2975aff9ab2ac2650da9540907,0,830,171,2490000.0,17,0,True,3,12865522,4364.661132321729,-1055.25,6479.51692129385,22466441.25,12539.505814292152,-1788.5,17981.346720050384
toolagent_trace,0.0025,1,pi3,1,"toolagent_trace|l1=0.0025,l2x1|pi3|s=1",000859e49b52f1b449ef68a4f8d75e1a90d3fa2975aff9ab2ac2650da9540907,0,830,171,2490000.0,17,0,True,4,12867474,4114.8951059939955,896.75,6586.385629969343,22468238.125,10519.730008417517,8.375,17066.0637362574
toolagent_trace,0.0025,1,pi3,1,"toolagent_trace|l1=0.0025,l2x1|pi3|s=1",000859e49b52f1b449ef68a4f8d75e1a90d3fa2975aff9ab2ac2650da9540907,0,830,171,2490000.0,17,0,True,5,12869075.25,7164.977231878223,2498,7592.7404977825145,22473433.25,13978.891870721847,5203.5,22255.343882612404
toolagent_trace,0.0025,1,pi3,1,"toolagent_trace|l1=0.0025,l2x1|pi3|s=1",000859e49b52f1b449ef68a4f8d75e1a90d3fa2975aff9ab2ac2650da9540907,0,830,171,2490000.0,17,0,True,6,12867049.8125,4247.740877513599,472.5625,6395.154217257001,22472283.6875,8732.053448597682,4053.9375,16257.056570276387
toolagent_trace,0.0025,1,pi3,1,"toolagent_trace|l1=0.0025,l2x1|pi3|s=1",000859e49b52f1b449ef68a4f8d75e1a90d3fa2975aff9ab2ac2650da9540907,0,830,171,2490000.0,17,0,True,7,12868075.0625,5417.969317850247,1497.8125,7871.0121180506385,22468451.25,14203.653598047698,221.5,17965.328255652144
toolagent_trace,0.0025,1,pi3,1,"toolagent_trace|l1=0.0025,l2x1|pi3|s=1",000859e49b52f1b449ef68a4f8d75e1a90d3fa2975aff9ab2ac2650da9540907,0,830,171,2490000.0,17,0,True,8,12864981.25,3304.0316281779146,-1596,6678.270334949512,22469390.5,11120.834752841174,1160.75,12556.01744981266
toolagent_trace,0.0025,1,pi3,1,"toolagent_trace|l1=0.0025,l2x1|pi3|s=1",000859e49b52f1b449ef68a4f8d75e1a90d3fa2975aff9ab2ac2650da9540907,0,830,171,2490000.0,17,0,True,9,12867949.8125,4177.58421768291,1372.5625,5632.300488773068,22469977.25,11922.00573449507,1747.5,16212.30984571086
toolagent_trace,0.0025,1,pi3,1,"toolagent_trace|l1=0.0025,l2x1|pi3|s=1",000859e49b52f1b449ef68a4f8d75e1a90d3fa2975aff9ab2ac2650da9540907,0,830,171,2490000.0,17,0,True,10,12866953.8125,3990.7445123059433,376.5625,7412.441414889339,22470191.8125,12701.900515113213,1962.0625,15440.996576079537
toolagent_trace,0.0025,1,pi3,1,"toolagent_trace|l1=0.0025,l2x1|pi3|s=1",000859e49b52f1b449ef68a4f8d75e1a90d3fa2975aff9ab2ac2650da9540907,0,830,171,2490000.0,17,0,True,11,12866478,2780.6754095602982,-99.25,5212.373464491328,22468312.375,12038.464751924696,82.625,17151.153165798114
toolagent_trace,0.0025,1,pi3,1,"toolagent_trace|l1=0.0025,l2x1|pi3|s=1",000859e49b52f1b449ef68a4f8d75e1a90d3fa2975aff9ab2ac2650da9540907,0,830,171,2490000.0,17,0,True,12,12868075.0625,5417.969317850247,1497.8125,7871.0121180506385,22468451.25,14203.653598047698,221.5,17965.328255652144
toolagent_trace,0.0025,1,pi3,1,"toolagent_trace|l1=0.0025,l2x1|pi3|s=1",000859e49b52f1b449ef68a4f8d75e1a90d3fa2975aff9ab2ac2650da9540907,0,830,171,2490000.0,17,0,True,13,12869914.1875,7457.663049675816,3336.9375,10498.325964766955,22468371.4375,13435.744693261331,141.6875,22573.13701052278
toolagent_trace,0.0025,1,pi3,1,"toolagent_trace|l1=0.0025,l2x1|pi3|s=1",000859e49b52f1b449ef68a4f8d75e1a90d3fa2975aff9ab2ac2650da9540907,0,830,171,2490000.0,17,0,True,14,12868193.625,3506.243590606144,1616.375,6146.48504296019,22471425.125,11662.336649088238,3195.375,22670.435146169264
toolagent_trace,0.0025,1,pi3,1,"toolagent_trace|l1=0.0025,l2x1|pi3|s=1",000859e49b52f1b449ef68a4f8d75e1a90d3fa2975aff9ab2ac2650da9540907,0,830,171,2490000.0,17,0,True,15,12865701.625,7325.71297895297,-875.625,9052.353475754247,22464436.375,10548.215930510081,-3793.375,15861.433633712517
toolagent_trace,0.0025,1,pi3,1,"toolagent_trace|l1=0.0025,l2x1|pi3|s=1",000859e49b52f1b449ef68a4f8d75e1a90d3fa2975aff9ab2ac2650da9540907,0,830,171,2490000.0,17,0,True,16,12866381.25,4778.158494650424,-196,6955.994287902581,22470491.4375,12874.119615045527,2261.6875,20239.52212781962
toolagent_trace,0.0025,1,pi3,2,"toolagent_trace|l1=0.0025,l2x1|pi3|s=2",0003d6e4d313b5fda678e12b9567b99abce5f17896a04dec53bd463d84e57d49,0,968,174,2904000.0,17,0,True,0,12998516.125,10951.50360985498,0,0.0,13777656.125,10772.549155917863,0,0.0
toolagent_trace,0.0025,1,pi3,2,"toolagent_trace|l1=0.0025,l2x1|pi3|s=2",0003d6e4d313b5fda678e12b9567b99abce5f17896a04dec53bd463d84e57d49,0,968,174,2904000.0,17,0,True,1,13002662.625,4010.6099265988623,4146.5,13011.850747171467,13783082.625,4301.419794672453,5426.5,12942.41167119431
toolagent_trace,0.0025,1,pi3,2,"toolagent_trace|l1=0.0025,l2x1|pi3|s=2",0003d6e4d313b5fda678e12b9567b99abce5f17896a04dec53bd463d84e57d49,0,968,174,2904000.0,17,0,True,2,13002894.8125,3693.793645540223,4378.6875,12768.386103804714,13783666.8125,3667.482264783294,6010.6875,12372.844220139254
toolagent_trace,0.0025,1,pi3,2,"toolagent_trace|l1=0.0025,l2x1|pi3|s=2",0003d6e4d313b5fda678e12b9567b99abce5f17896a04dec53bd463d84e57d49,0,968,174,2904000.0,17,0,True,3,12998885.875,5525.207481775383,369.75,12761.227169307294,13778249.875,6222.760018673386,593.75,10851.674374645294
toolagent_trace,0.0025,1,pi3,2,"toolagent_trace|l1=0.0025,l2x1|pi3|s=2",0003d6e4d313b5fda678e12b9567b99abce5f17896a04dec53bd463d84e57d49,0,968,174,2904000.0,17,0,True,4,13002408.625,4073.1253827169785,3892.5,13061.489516896609,13782828.625,4430.778831086021,5172.5,13018.980671824247
toolagent_trace,0.0025,1,pi3,2,"toolagent_trace|l1=0.0025,l2x1|pi3|s=2",0003d6e4d313b5fda678e12b9567b99abce5f17896a04dec53bd463d84e57d49,0,968,174,2904000.0,17,0,True,5,13001716.75,5299.752956506558,3200.625,11175.474706546773,13782296.75,5221.307735296462,4640.625,10734.071795766351
toolagent_trace,0.0025,1,pi3,2,"toolagent_trace|l1=0.0025,l2x1|pi3|s=2",0003d6e4d313b5fda678e12b9567b99abce5f17896a04dec53bd463d84e57d49,0,968,174,2904000.0,17,0,True,6,13002854.6875,5137.336478743954,4338.5625,8895.315073818352,13783018.6875,5185.91980550863,5362.5625,9182.78272252843
toolagent_trace,0.0025,1,pi3,2,"toolagent_trace|l1=0.0025,l2x1|pi3|s=2",0003d6e4d313b5fda678e12b9567b99abce5f17896a04dec53bd463d84e57d49,0,968,174,2904000.0,17,0,True,7,13002408.625,4073.1253827169785,3892.5,13061.489516896609,13782828.625,4430.778831086021,5172.5,13018.980671824247
toolagent_trace,0.0025,1,pi3,2,"toolagent_trace|l1=0.0025,l2x1|pi3|s=2",0003d6e4d313b5fda678e12b9567b99abce5f17896a04dec53bd463d84e57d49,0,968,174,2904000.0,17,0,True,8,13003476.0625,3127.5104363001997,4959.9375,12069.520031709353,13782104.0625,5686.32182778698,4447.9375,11420.25091066304
toolagent_trace,0.0025,1,pi3,2,"toolagent_trace|l1=0.0025,l2x1|pi3|s=2",0003d6e4d313b5fda678e12b9567b99abce5f17896a04dec53bd463d84e57d49,0,968,174,2904000.0,17,0,True,9,13000304.875,5049.749576299139,1788.75,12351.850395790907,13779700.875,7397.983048326979,2044.75,13492.956905981233
toolagent_trace,0.0025,1,pi3,2,"toolagent_trace|l1=0.0025,l2x1|pi3|s=2",0003d6e4d313b5fda678e12b9567b99abce5f17896a04dec53bd463d84e57d49,0,968,174,2904000.0,17,0,True,10,13000304.875,5049.749576299139,1788.75,12351.850395790907,13779700.875,7397.983048326979,2044.75,13492.956905981233
toolagent_trace,0.0025,1,pi3,2,"toolagent_trace|l1=0.0025,l2x1|pi3|s=2",0003d6e4d313b5fda678e12b9567b99abce5f17896a04dec53bd463d84e57d49,0,968,174,2904000.0,17,0,True,11,13000602.9375,7393.347978363163,2086.8125,13860.467727647818,13780158.9375,7476.273487674191,2502.8125,12488.145985793888
toolagent_trace,0.0025,1,pi3,2,"toolagent_trace|l1=0.0025,l2x1|pi3|s=2",0003d6e4d313b5fda678e12b9567b99abce5f17896a04dec53bd463d84e57d49,0,968,174,2904000.0,17,0,True,12,13000458,4030.2231203743545,1941.875,8598.026741642527,13780014,4957.578091501266,2357.875,9371.531862507858
toolagent_trace,0.0025,1,pi3,2,"toolagent_trace|l1=0.0025,l2x1|pi3|s=2",0003d6e4d313b5fda678e12b9567b99abce5f17896a04dec53bd463d84e57d49,0,968,174,2904000.0,17,0,True,13,13002854.6875,5137.336478743954,4338.5625,8895.315073818352,13783018.6875,5185.91980550863,5362.5625,9182.78272252843
toolagent_trace,0.0025,1,pi3,2,"toolagent_trace|l1=0.0025,l2x1|pi3|s=2",0003d6e4d313b5fda678e12b9567b99abce5f17896a04dec53bd463d84e57d49,0,968,174,2904000.0,17,0,True,14,13000752.125,4042.381573198321,2236,11209.291960987843,13779220.125,6673.044980866431,1564,13849.796152531151
toolagent_trace,0.0025,1,pi3,2,"toolagent_trace|l1=0.0025,l2x1|pi3|s=2",0003d6e4d313b5fda678e12b9567b99abce5f17896a04dec53bd463d84e57d49,0,968,174,2904000.0,17,0,True,15,13002927.875,3544.376858725193,4411.75,12387.555031832015,13783667.875,3532.209787559812,6011.75,11906.862724216373
toolagent_trace,0.0025,1,pi3,2,"toolagent_trace|l1=0.0025,l2x1|pi3|s=2",0003d6e4d313b5fda678e12b9567b99abce5f17896a04dec53bd463d84e57d49,0,968,174,2904000.0,17,0,True,16,12998570,7476.115568930165,53.875,7357.034700430149,13779054,7562.044943884778,1397.875,8253.67610118869
toolagent_trace,0.0025,1,pi3,3,"toolagent_trace|l1=0.0025,l2x1|pi3|s=3",0000b650d9989efbfee46447065a2be26131b4747b254a3bf2729d81ed26daa8,0,875,65,2625000.0,17,0,True,0,12862681.0625,9472.310492298064,0,0.0,19667292.25,10941.298835147498,0,0.0
toolagent_trace,0.0025,1,pi3,3,"toolagent_trace|l1=0.0025,l2x1|pi3|s=3",0000b650d9989efbfee46447065a2be26131b4747b254a3bf2729d81ed26daa8,0,875,65,2625000.0,17,0,True,1,12864582,7990.038748341587,1900.9375,11256.42334236324,19669330.3125,9132.103720529021,2038.0625,12392.182662032006
toolagent_trace,0.0025,1,pi3,3,"toolagent_trace|l1=0.0025,l2x1|pi3|s=3",0000b650d9989efbfee46447065a2be26131b4747b254a3bf2729d81ed26daa8,0,875,65,2625000.0,17,0,True,2,12865449.4375,8132.209933089119,2768.375,12664.888207823496,19670532.875,9956.078135993108,3240.625,14449.45760862093
toolagent_trace,0.0025,1,pi3,3,"toolagent_trace|l1=0.0025,l2x1|pi3|s=3",0000b650d9989efbfee46447065a2be26131b4747b254a3bf2729d81ed26daa8,0,875,65,2625000.0,17,0,True,3,12863421.625,9162.707146362367,740.5625,14862.67020409971,19668081.625,10065.475983943,789.375,16268.342340775433
toolagent_trace,0.0025,1,pi3,3,"toolagent_trace|l1=0.0025,l2x1|pi3|s=3",0000b650d9989efbfee46447065a2be26131b4747b254a3bf2729d81ed26daa8,0,875,65,2625000.0,17,0,True,4,12867642.875,6618.677701525182,4961.8125,11250.190115245461,19673759.25,7630.768834134605,6467,13813.550955492943
toolagent_trace,0.0025,1,pi3,3,"toolagent_trace|l1=0.0025,l2x1|pi3|s=3",0000b650d9989efbfee46447065a2be26131b4747b254a3bf2729d81ed26daa8,0,875,65,2625000.0,17,0,True,5,12866630,5835.200322182607,3948.9375,11747.230513153587,19672021.625,7390.083300162004,4729.375,14481.189209338667
toolagent_trace,0.0025,1,pi3,3,"toolagent_trace|l1=0.0025,l2x1|pi3|s=3",0000b650d9989efbfee46447065a2be26131b4747b254a3bf2729d81ed26daa8,0,875,65,2625000.0,17,0,True,6,12867526,6353.6932356963325,4844.9375,11559.18786921613,19672563.8125,7710.41066972657,5271.5625,14371.32378485596
toolagent_trace,0.0025,1,pi3,3,"toolagent_trace|l1=0.0025,l2x1|pi3|s=3",0000b650d9989efbfee46447065a2be26131b4747b254a3bf2729d81ed26daa8,0,875,65,2625000.0,17,0,True,7,12862005.625,8717.530421512734,-675.4375,7652.848558706752,19666181.4375,9387.812851200575,-1110.8125,9091.253820522594
toolagent_trace,0.0025,1,pi3,3,"toolagent_trace|l1=0.0025,l2x1|pi3|s=3",0000b650d9989efbfee46447065a2be26131b4747b254a3bf2729d81ed26daa8,0,875,65,2625000.0,17,0,True,8,12863630.6875,6674.121762137198,949.625,10762.669110556792,19668229.75,8965.534038750842,937.5,11128.876013925816
toolagent_trace,0.0025,1,pi3,3,"toolagent_trace|l1=0.0025,l2x1|pi3|s=3",0000b650d9989efbfee46447065a2be26131b4747b254a3bf2729d81ed26daa8,0,875,65,2625000.0,17,0,True,9,12863421.625,9162.707146362367,740.5625,14862.67020409971,19668081.625,10065.475983943,789.375,16268.342340775433
toolagent_trace,0.0025,1,pi3,3,"toolagent_trace|l1=0.0025,l2x1|pi3|s=3",0000b650d9989efbfee46447065a2be26131b4747b254a3bf2729d81ed26daa8,0,875,65,2625000.0,17,0,True,10,12865133.4375,8617.10086567209,2452.375,12166.32886220545,19670822,8527.661125224588,3529.75,12428.655446185641
toolagent_trace,0.0025,1,pi3,3,"toolagent_trace|l1=0.0025,l2x1|pi3|s=3",0000b650d9989efbfee46447065a2be26131b4747b254a3bf2729d81ed26daa8,0,875,65,2625000.0,17,0,True,11,12867642.875,6618.677701525182,4961.8125,11250.190115245461,19673759.25,7630.768834134605,6467,13813.550955492943
toolagent_trace,0.0025,1,pi3,3,"toolagent_trace|l1=0.0025,l2x1|pi3|s=3",0000b650d9989efbfee46447065a2be26131b4747b254a3bf2729d81ed26daa8,0,875,65,2625000.0,17,0,True,12,12867234.3125,5371.15635865934,4553.25,8895.782060429912,19670348.6875,8218.917679911794,3056.4375,12386.141879637096
toolagent_trace,0.0025,1,pi3,3,"toolagent_trace|l1=0.0025,l2x1|pi3|s=3",0000b650d9989efbfee46447065a2be26131b4747b254a3bf2729d81ed26daa8,0,875,65,2625000.0,17,0,True,13,12867234.3125,5371.15635865934,4553.25,8895.782060429912,19670474.6875,8166.624604398482,3182.4375,12313.014491281167
toolagent_trace,0.0025,1,pi3,3,"toolagent_trace|l1=0.0025,l2x1|pi3|s=3",0000b650d9989efbfee46447065a2be26131b4747b254a3bf2729d81ed26daa8,0,875,65,2625000.0,17,0,True,14,12865801.9375,5766.762736796096,3120.875,11800.258651826238,19671769.75,5942.683047243896,4477.5,13675.868689044948
toolagent_trace,0.0025,1,pi3,3,"toolagent_trace|l1=0.0025,l2x1|pi3|s=3",0000b650d9989efbfee46447065a2be26131b4747b254a3bf2729d81ed26daa8,0,875,65,2625000.0,17,0,True,15,12865625.625,7924.4389065304385,2944.5625,12531.958075090793,19670651.75,9322.46158122056,3359.5,13979.385575434519
toolagent_trace,0.0025,1,pi3,3,"toolagent_trace|l1=0.0025,l2x1|pi3|s=3",0000b650d9989efbfee46447065a2be26131b4747b254a3bf2729d81ed26daa8,0,875,65,2625000.0,17,0,True,16,12863021.4375,10527.560445286774,340.375,15093.29377295316,19668348.0625,12242.919055349232,1055.8125,17587.705847054072
toolagent_trace,0.0025,1,pi3,4,"toolagent_trace|l1=0.0025,l2x1|pi3|s=4",0007cc8c23700f9392ee158d6128984cf79451ccc062f0fd748aaceaf6b2712f,0,929,44,2786999.0,17,0,True,0,12803311.1875,8491.346804983294,0,0.0,16097036.1875,6785.769759516356,0,0.0
toolagent_trace,0.0025,1,pi3,4,"toolagent_trace|l1=0.0025,l2x1|pi3|s=4",0007cc8c23700f9392ee158d6128984cf79451ccc062f0fd748aaceaf6b2712f,0,929,44,2786999.0,17,0,True,1,12799723,8766.180156335673,-3588.1875,8579.758141258995,16092514.75,9789.305746578764,-4521.4375,9646.772703647232
toolagent_trace,0.0025,1,pi3,4,"toolagent_trace|l1=0.0025,l2x1|pi3|s=4",0007cc8c23700f9392ee158d6128984cf79451ccc062f0fd748aaceaf6b2712f,0,929,44,2786999.0,17,0,True,2,12803678.625,7912.111204771244,367.4375,10066.609558129954,16096784.625,11565.141819998,-251.5625,13713.029439034737
toolagent_trace,0.0025,1,pi3,4,"toolagent_trace|l1=0.0025,l2x1|pi3|s=4",0007cc8c23700f9392ee158d6128984cf79451ccc062f0fd748aaceaf6b2712f,0,929,44,2786999.0,17,0,True,3,12801614.1875,8156.630033036519,-1697,12610.468984141708,16093237.6875,9781.854948278811,-3798.5,14535.157772334866
toolagent_trace,0.0025,1,pi3,4,"toolagent_trace|l1=0.0025,l2x1|pi3|s=4",0007cc8c23700f9392ee158d6128984cf79451ccc062f0fd748aaceaf6b2712f,0,929,44,2786999.0,17,0,True,4,12801981.125,7842.018497597839,-1330.0625,12855.525138858908,16092826.125,9759.616248432449,-4210.0625,14340.616674182227
toolagent_trace,0.0025,1,pi3,4,"toolagent_trace|l1=0.0025,l2x1|pi3|s=4",0007cc8c23700f9392ee158d6128984cf79451ccc062f0fd748aaceaf6b2712f,0,929,44,2786999.0,17,0,True,5,12798699,8766.180156335673,-4612.1875,8579.758141258995,16091490.75,9789.305746578764,-5545.4375,9646.772703647232
toolagent_trace,0.0025,1,pi3,4,"toolagent_trace|l1=0.0025,l2x1|pi3|s=4",0007cc8c23700f9392ee158d6128984cf79451ccc062f0fd748aaceaf6b2712f,0,929,44,2786999.0,17,0,True,6,12801038.1875,7831.0606281971795,-2273,12344.059991213047,16091445.6875,10191.209249274592,-5590.5,12775.45998650016
toolagent_trace,0.0025,1,pi3,4,"toolagent_trace|l1=0.0025,l2x1|pi3|s=4",0007cc8c23700f9392ee158d6128984cf79451ccc062f0fd748aaceaf6b2712f,0,929,44,2786999.0,17,0,True,7,12799425.3125,7582.923549825621,-3885.875,13210.82566117652,16092328.8125,8995.169030976202,-4707.375,12062.477428649003
toolagent_trace,0.0025,1,pi3,4,"toolagent_trace|l1=0.0025,l2x1|pi3|s=4",0007cc8c23700f9392ee158d6128984cf79451ccc062f0fd748aaceaf6b2712f,0,929,44,2786999.0,17,0,True,8,12804123.875,7882.677682742077,812.6875,10666.969764769186,16096552.625,10536.375954283332,-483.5625,14623.932640110866
toolagent_trace,0.0025,1,pi3,4,"toolagent_trace|l1=0.0025,l2x1|pi3|s=4",0007cc8c23700f9392ee158d6128984cf79451ccc062f0fd748aaceaf6b2712f,0,929,44,2786999.0,17,0,True,9,12803907.5625,6935.955468607047,596.375,11465.557418488936,16095947.0625,8422.16842599537,-1089.125,11570.780180408465
toolagent_trace,0.0025,1,pi3,4,"toolagent_trace|l1=0.0025,l2x1|pi3|s=4",0007cc8c23700f9392ee158d6128984cf79451ccc062f0fd748aaceaf6b2712f,0,929,44,2786999.0,17,0,True,10,12804018.4375,8962.85015657222,707.25,12095.625454408439,16097183.1875,11979.300937972132,147,15623.397120984924
toolagent_trace,0.0025,1,pi3,4,"toolagent_trace|l1=0.0025,l2x1|pi3|s=4",0007cc8c23700f9392ee158d6128984cf79451ccc062f0fd748aaceaf6b2712f,0,929,44,2786999.0,17,0,True,11,12802823,5838.175868082998,-488.1875,10629.316072189216,16095945.25,8155.327538895459,-1090.9375,9183.308833376272
toolagent_trace,0.0025,1,pi3,4,"toolagent_trace|l1=0.0025,l2x1|pi3|s=4",0007cc8c23700f9392ee158d6128984cf79451ccc062f0fd748aaceaf6b2712f,0,929,44,2786999.0,17,0,True,12,12802823,5838.175868082998,-488.1875,10629.316072189216,16095945.25,8155.327538895459,-1090.9375,9183.308833376272
toolagent_trace,0.0025,1,pi3,4,"toolagent_trace|l1=0.0025,l2x1|pi3|s=4",0007cc8c23700f9392ee158d6128984cf79451ccc062f0fd748aaceaf6b2712f,0,929,44,2786999.0,17,0,True,13,12803907.5625,6935.955468607047,596.375,11465.557418488936,16095947.0625,8422.16842599537,-1089.125,11570.780180408465
toolagent_trace,0.0025,1,pi3,4,"toolagent_trace|l1=0.0025,l2x1|pi3|s=4",0007cc8c23700f9392ee158d6128984cf79451ccc062f0fd748aaceaf6b2712f,0,929,44,2786999.0,17,0,True,14,12803252.9375,6022.52638537184,-58.25,11012.967735053679,16097799.4375,6120.705830416946,763.25,9958.99428322626
toolagent_trace,0.0025,1,pi3,4,"toolagent_trace|l1=0.0025,l2x1|pi3|s=4",0007cc8c23700f9392ee158d6128984cf79451ccc062f0fd748aaceaf6b2712f,0,929,44,2786999.0,17,0,True,15,12803259.875,7239.721356286212,-51.3125,12135.33835659998,16095832.875,9951.721686053457,-1203.3125,11649.411783254694
toolagent_trace,0.0025,1,pi3,4,"toolagent_trace|l1=0.0025,l2x1|pi3|s=4",0007cc8c23700f9392ee158d6128984cf79451ccc062f0fd748aaceaf6b2712f,0,929,44,2786999.0,17,0,True,16,12803715.3125,9040.677922359215,404.125,11773.134416260325,16094122.8125,9762.265804062428,-2913.375,9278.432151141342
toolagent_trace,0.02,4,pi0,0,"toolagent_trace|l1=0.02,l2x4|pi0|s=0",0001816b21c0c0e4243de44eb14ebe94d607c05d2a221893dcc2c7daa3c4955a,0,977,61,2930999.0,17,1,False,0,19606099,43952.01388787549,-12811.4375,48477.03197593509,19764659,43926.6092476986,-12779.4375,48665.41304180174
toolagent_trace,0.02,4,pi0,0,"toolagent_trace|l1=0.02,l2x4|pi0|s=0",0001816b21c0c0e4243de44eb14ebe94d607c05d2a221893dcc2c7daa3c4955a,0,977,61,2930999.0,17,1,False,1,19618910.4375,44222.52891150807,0,0.0,19777438.4375,44074.93463178174,0,0.0
toolagent_trace,0.02,4,pi0,0,"toolagent_trace|l1=0.02,l2x4|pi0|s=0",0001816b21c0c0e4243de44eb14ebe94d607c05d2a221893dcc2c7daa3c4955a,0,977,61,2930999.0,17,1,False,2,19607706.5,43055.97369471512,-11203.9375,53965.25067296393,19766106.5,43346.67018199514,-11331.9375,54380.77662982113
toolagent_trace,0.02,4,pi0,0,"toolagent_trace|l1=0.02,l2x4|pi0|s=0",0001816b21c0c0e4243de44eb14ebe94d607c05d2a221893dcc2c7daa3c4955a,0,977,61,2930999.0,17,1,False,3,19612170.875,50752.653827328744,-6739.5625,78059.47489187865,19770826.875,50560.07217937226,-6611.5625,77919.32286578535
toolagent_trace,0.02,4,pi0,0,"toolagent_trace|l1=0.02,l2x4|pi0|s=0",0001816b21c0c0e4243de44eb14ebe94d607c05d2a221893dcc2c7daa3c4955a,0,977,61,2930999.0,17,1,False,4,19605291.4375,51434.06172174071,-13619,62335.32169484649,19763723.4375,51832.032331328024,-13715,62610.05670124675
toolagent_trace,0.02,4,pi0,0,"toolagent_trace|l1=0.02,l2x4|pi0|s=0",0001816b21c0c0e4243de44eb14ebe94d607c05d2a221893dcc2c7daa3c4955a,0,977,61,2930999.0,17,1,False,5,19621459.5,55594.47022501429,2549.0625,63110.717450597615,19779859.5,55550.31869215513,2421.0625,63171.05229925993
toolagent_trace,0.02,4,pi0,0,"toolagent_trace|l1=0.02,l2x4|pi0|s=0",0001816b21c0c0e4243de44eb14ebe94d607c05d2a221893dcc2c7daa3c4955a,0,977,61,2930999.0,17,1,False,6,19605083,44128.75738563233,-13827.4375,55968.24946219508,19763707,44021.13134544969,-13731.4375,55714.79823167121
toolagent_trace,0.02,4,pi0,0,"toolagent_trace|l1=0.02,l2x4|pi0|s=0",0001816b21c0c0e4243de44eb14ebe94d607c05d2a221893dcc2c7daa3c4955a,0,977,61,2930999.0,17,1,False,7,19597125.9375,44982.068966005776,-21784.5,66933.72592348345,19755621.9375,45104.295830099894,-21816.5,66888.20620209016
toolagent_trace,0.02,4,pi0,0,"toolagent_trace|l1=0.02,l2x4|pi0|s=0",0001816b21c0c0e4243de44eb14ebe94d607c05d2a221893dcc2c7daa3c4955a,0,977,61,2930999.0,17,1,False,8,19618180.8125,34197.1485150809,-729.625,53958.26892562437,19776708.8125,34102.67127214279,-729.625,53837.60836054415
toolagent_trace,0.02,4,pi0,0,"toolagent_trace|l1=0.02,l2x4|pi0|s=0",0001816b21c0c0e4243de44eb14ebe94d607c05d2a221893dcc2c7daa3c4955a,0,977,61,2930999.0,17,1,False,9,19608311.3125,54550.67791172871,-10599.125,49348.75457918535,19766967.3125,54460.746708944724,-10471.125,48835.09307437975
toolagent_trace,0.02,4,pi0,0,"toolagent_trace|l1=0.02,l2x4|pi0|s=0",0001816b21c0c0e4243de44eb14ebe94d607c05d2a221893dcc2c7daa3c4955a,0,977,61,2930999.0,17,1,False,10,19615622.875,40715.38225597299,-3287.5625,53918.71421806316,19774054.875,40538.47022582377,-3383.5625,53959.13227862824
toolagent_trace,0.02,4,pi0,0,"toolagent_trace|l1=0.02,l2x4|pi0|s=0",0001816b21c0c0e4243de44eb14ebe94d607c05d2a221893dcc2c7daa3c4955a,0,977,61,2930999.0,17,1,False,11,19600455.6875,36774.30797666354,-18454.75,54797.80515738442,19759207.6875,36616.844403850984,-18230.75,54518.06752689118
toolagent_trace,0.02,4,pi0,0,"toolagent_trace|l1=0.02,l2x4|pi0|s=0",0001816b21c0c0e4243de44eb14ebe94d607c05d2a221893dcc2c7daa3c4955a,0,977,61,2930999.0,17,1,False,12,19623591.3125,26543.092838423458,4680.875,44166.07774733153,19782407.3125,26622.997884582794,4968.875,43984.340681466776
toolagent_trace,0.02,4,pi0,0,"toolagent_trace|l1=0.02,l2x4|pi0|s=0",0001816b21c0c0e4243de44eb14ebe94d607c05d2a221893dcc2c7daa3c4955a,0,977,61,2930999.0,17,1,False,13,19631422.875,39817.81535422723,12512.4375,61312.24674616402,19790014.875,39550.449219319875,12576.4375,61330.907783888484
toolagent_trace,0.02,4,pi0,0,"toolagent_trace|l1=0.02,l2x4|pi0|s=0",0001816b21c0c0e4243de44eb14ebe94d607c05d2a221893dcc2c7daa3c4955a,0,977,61,2930999.0,17,1,False,14,19591035.9375,54179.55691644682,-27874.5,54591.567814086455,19748891.9375,55375.32272949597,-28546.5,55227.34582191447
toolagent_trace,0.02,4,pi0,0,"toolagent_trace|l1=0.02,l2x4|pi0|s=0",0001816b21c0c0e4243de44eb14ebe94d607c05d2a221893dcc2c7daa3c4955a,0,977,61,2930999.0,17,1,False,15,19624320.9375,27090.996626108707,5410.5,55994.34367505347,19782848.9375,27360.911467441405,5410.5,56138.48358835497
toolagent_trace,0.02,4,pi0,0,"toolagent_trace|l1=0.02,l2x4|pi0|s=0",0001816b21c0c0e4243de44eb14ebe94d607c05d2a221893dcc2c7daa3c4955a,0,977,61,2930999.0,17,1,False,16,19623150.625,29915.689388401755,4240.1875,53176.09916897973,19781870.625,29878.759172975486,4432.1875,52926.251841871126
toolagent_trace,0.02,4,pi0,1,"toolagent_trace|l1=0.02,l2x4|pi0|s=1",000265c37c35f35aaf4a40a1839159578a8bd2cba67e207d21c0982de0af4779,0,793,341,2378999.0,17,7,False,0,18832014.125,44546.24361997317,-1930,67028.14594879776,36933914.6875,48747.796280746545,-18955.25,82472.75784362576
toolagent_trace,0.02,4,pi0,1,"toolagent_trace|l1=0.02,l2x4|pi0|s=1",000265c37c35f35aaf4a40a1839159578a8bd2cba67e207d21c0982de0af4779,0,793,341,2378999.0,17,7,False,1,18812291.8125,29279.10810849891,-21652.3125,54027.53143564091,36901268.5,50017.66568456922,-51601.4375,58136.94289287292
toolagent_trace,0.02,4,pi0,1,"toolagent_trace|l1=0.02,l2x4|pi0|s=1",000265c37c35f35aaf4a40a1839159578a8bd2cba67e207d21c0982de0af4779,0,793,341,2378999.0,17,7,False,2,18839398.1875,36997.54703439811,5454.0625,59153.23085396519,36920997.6875,67659.03485046054,-31872.25,90907.80344172881
toolagent_trace,0.02,4,pi0,1,"toolagent_trace|l1=0.02,l2x4|pi0|s=1",000265c37c35f35aaf4a40a1839159578a8bd2cba67e207d21c0982de0af4779,0,793,341,2378999.0,17,7,False,3,18824424,30080.495086794475,-9520.125,53102.6478421745,36926642.5,46209.24834417168,-26227.4375,61337.20453685376
toolagent_trace,0.02,4,pi0,1,"toolagent_trace|l1=0.02,l2x4|pi0|s=1",000265c37c35f35aaf4a40a1839159578a8bd2cba67e207d21c0982de0af4779,0,793,341,2378999.0,17,7,False,4,18839209.1875,34219.226656406194,5265.0625,47311.99816884895,36919738.6875,79803.73932318272,-33131.25,95850.8500428313
toolagent_trace,0.02,4,pi0,1,"toolagent_trace|l1=0.02,l2x4|pi0|s=1",000265c37c35f35aaf4a40a1839159578a8bd2cba67e207d21c0982de0af4779,0,793,341,2378999.0,17,7,False,5,18835234.875,28826.045252803353,1290.75,53864.3687601863,36942741.625,43198.03465417534,-10128.3125,67998.7033452048
toolagent_trace,0.02,4,pi0,1,"toolagent_trace|l1=0.02,l2x4|pi0|s=1",000265c37c35f35aaf4a40a1839159578a8bd2cba67e207d21c0982de0af4779,0,793,341,2378999.0,17,7,False,6,18834379.4375,33394.79758079842,435.3125,47763.4509804568,36928429.5625,54907.074317697596,-24440.375,69177.05065301643
toolagent_trace,0.02,4,pi0,1,"toolagent_trace|l1=0.02,l2x4|pi0|s=1",000265c37c35f35aaf4a40a1839159578a8bd2cba67e207d21c0982de0af4779,0,793,341,2378999.0,17,7,False,7,18833944.125,40339.1391758674,0,0.0,36952869.9375,53304.61915002458,0,0.0
toolagent_trace,0.02,4,pi0,1,"toolagent_trace|l1=0.02,l2x4|pi0|s=1",000265c37c35f35aaf4a40a1839159578a8bd2cba67e207d21c0982de0af4779,0,793,341,2378999.0,17,7,False,8,18828711.6875,20758.503866186984,-5232.4375,36848.78363975081,36933462.625,37208.37731456901,-19407.3125,50904.737074551
toolagent_trace,0.02,4,pi0,1,"toolagent_trace|l1=0.02,l2x4|pi0|s=1",000265c37c35f35aaf4a40a1839159578a8bd2cba67e207d21c0982de0af4779,0,793,341,2378999.0,17,7,False,9,18825130.9375,36148.98456382742,-8813.1875,60719.014527816296,36930656.25,36621.34268337704,-22213.6875,61013.61672470471
toolagent_trace,0.02,4,pi0,1,"toolagent_trace|l1=0.02,l2x4|pi0|s=1",000265c37c35f35aaf4a40a1839159578a8bd2cba67e207d21c0982de0af4779,0,793,341,2378999.0,17,7,False,10,18830437.3125,28311.297153183095,-3506.8125,53806.780323943996,36916928.5625,46235.683574441,-35941.375,55301.70861359831
toolagent_trace,0.02,4,pi0,1,"toolagent_trace|l1=0.02,l2x4|pi0|s=1",000265c37c35f35aaf4a40a1839159578a8bd2cba67e207d21c0982de0af4779,0,793,341,2378999.0,17,7,False,11,18827394.9375,22114.064168815738,-6549.1875,44019.24022094392,36916747.5625,48872.7707160388,-36122.375,72721.78978075736
toolagent_trace,0.02,4,pi0,1,"toolagent_trace|l1=0.02,l2x4|pi0|s=1",000265c37c35f35aaf4a40a1839159578a8bd2cba67e207d21c0982de0af4779,0,793,341,2378999.0,17,7,False,12,18827136.375,25956.041685575507,-6807.75,43783.99978150314,36903468.6875,34176.488763902686,-49401.25,65689.2459778108
toolagent_trace,0.02,4,pi0,1,"toolagent_trace|l1=0.02,l2x4|pi0|s=1",000265c37c35f35aaf4a40a1839159578a8bd2cba67e207d21c0982de0af4779,0,793,341,2378999.0,17,7,False,13,18819337.75,40073.48885817987,-14606.375,56742.67251240463,36919069.5625,62310.67070624822,-33800.375,77807.55884606157
toolagent_trace,0.02,4,pi0,1,"toolagent_trace|l1=0.02,l2x4|pi0|s=1",000265c37c35f35aaf4a40a1839159578a8bd2cba67e207d21c0982de0af4779,0,793,341,2378999.0,17,7,False,14,18827357.75,24070.440227244148,-6586.375,43547.56633517729,36913365.3125,47460.7834009213,-39504.625,69438.2275262217
toolagent_trace,0.02,4,pi0,1,"toolagent_trace|l1=0.02,l2x4|pi0|s=1",000265c37c35f35aaf4a40a1839159578a8bd2cba67e207d21c0982de0af4779,0,793,341,2378999.0,17,7,False,15,18826605.3125,29125.884555880875,-7338.8125,33283.57203830693,36912586.875,59049.4947174261,-40283.0625,75455.71565138389
toolagent_trace,0.02,4,pi0,1,"toolagent_trace|l1=0.02,l2x4|pi0|s=1",000265c37c35f35aaf4a40a1839159578a8bd2cba67e207d21c0982de0af4779,0,793,341,2378999.0,17,7,False,16,18830594,22880.876885877136,-3350.125,47700.28576137324,36917110.6875,55166.8957953575,-35759.25,94269.7868662065
toolagent_trace,0.02,4,pi0,2,"toolagent_trace|l1=0.02,l2x4|pi0|s=2",000299004aa96bce3f52eaea7a095c815ae36f3690da2fdb789d26036c5846c1,0,967,60,2901000.0,17,14,False,0,19702795.5625,30650.669560862232,26655.125,51809.14155870564,20837100.1875,30560.677324995595,27869.25,47200.84364147178
toolagent_trace,0.02,4,pi0,2,"toolagent_trace|l1=0.02,l2x4|pi0|s=2",000299004aa96bce3f52eaea7a095c815ae36f3690da2fdb789d26036c5846c1,0,967,60,2901000.0,17,14,False,1,19680723.5,54157.41719715469,4583.0625,61543.079802112334,20815730.25,54134.476913823906,6499.3125,60921.501856863586
toolagent_trace,0.02,4,pi0,2,"toolagent_trace|l1=0.02,l2x4|pi0|s=2",000299004aa96bce3f52eaea7a095c815ae36f3690da2fdb789d26036c5846c1,0,967,60,2901000.0,17,14,False,2,19679290.5,50429.14526871671,3150.0625,56197.41066213964,20811867.125,48574.49779719807,2636.1875,55453.29976141336
toolagent_trace,0.02,4,pi0,2,"toolagent_trace|l1=0.02,l2x4|pi0|s=2",000299004aa96bce3f52eaea7a095c815ae36f3690da2fdb789d26036c5846c1,0,967,60,2901000.0,17,14,False,3,19691129.625,41412.62953878523,14989.1875,62747.50323449133,20818462,44030.741577523615,9231.0625,64371.7645125757
toolagent_trace,0.02,4,pi0,2,"toolagent_trace|l1=0.02,l2x4|pi0|s=2",000299004aa96bce3f52eaea7a095c815ae36f3690da2fdb789d26036c5846c1,0,967,60,2901000.0,17,14,False,4,19679417.375,50158.97888630376,3276.9375,50918.086050006175,20814198.25,52969.47432940347,4967.3125,51327.37811047661
toolagent_trace,0.02,4,pi0,2,"toolagent_trace|l1=0.02,l2x4|pi0|s=2",000299004aa96bce3f52eaea7a095c815ae36f3690da2fdb789d26036c5846c1,0,967,60,2901000.0,17,14,False,5,19666973.5625,49009.95268306055,-9166.875,67883.43818819139,20800736.0625,48058.928708366286,-8494.875,65701.1029779308
toolagent_trace,0.02,4,pi0,2,"toolagent_trace|l1=0.02,l2x4|pi0|s=2",000299004aa96bce3f52eaea7a095c815ae36f3690da2fdb789d26036c5846c1,0,967,60,2901000.0,17,14,False,6,19671496.5625,36093.26063772155,-4643.875,52269.39206696401,20806311.3125,35914.9479534056,-2919.625,51191.3447604508
toolagent_trace,0.02,4,pi0,2,"toolagent_trace|l1=0.02,l2x4|pi0|s=2",000299004aa96bce3f52eaea7a095c815ae36f3690da2fdb789d26036c5846c1,0,967,60,2901000.0,17,14,False,7,19679654.5,45139.692790270514,3514.0625,66404.05566878051,20814081.5,44200.02731371705,4850.5625,63293.65015962633
toolagent_trace,0.02,4,pi0,2,"toolagent_trace|l1=0.02,l2x4|pi0|s=2",000299004aa96bce3f52eaea7a095c815ae36f3690da2fdb789d26036c5846c1,0,967,60,2901000.0,17,14,False,8,19669332.125,30213.70716937375,-6808.3125,51241.60739961066,20801430.625,31551.98312177329,-7800.3125,50550.13462655169
toolagent_trace,0.02,4,pi0,2,"toolagent_trace|l1=0.02,l2x4|pi0|s=2",000299004aa96bce3f52eaea7a095c815ae36f3690da2fdb789d26036c5846c1,0,967,60,2901000.0,17,14,False,9,19683272.0625,44471.789074976135,7131.625,48233.32589386029,20817962.5625,44414.71492192462,8731.625,47025.70690005627
toolagent_trace,0.02,4,pi0,2,"toolagent_trace|l1=0.02,l2x4|pi0|s=2",000299004aa96bce3f52eaea7a095c815ae36f3690da2fdb789d26036c5846c1,0,967,60,2901000.0,17,14,False,10,19695516.6875,39112.26636358258,19376.25,51544.75333080306,20829173.8125,38830.38722138243,19942.875,48046.953357280276
toolagent_trace,0.02,4,pi0,2,"toolagent_trace|l1=0.02,l2x4|pi0|s=2",000299004aa96bce3f52eaea7a095c815ae36f3690da2fdb789d26036c5846c1,0,967,60,2901000.0,17,14,False,11,19627302.125,67935.61607372576,-48838.3125,85397.7406022109,20761955,67470.16874738049,-47275.9375,81829.90236538943
toolagent_trace,0.02,4,pi0,2,"toolagent_trace|l1=0.02,l2x4|pi0|s=2",000299004aa96bce3f52eaea7a095c815ae36f3690da2fdb789d26036c5846c1,0,967,60,2901000.0,17,14,False,12,19686577.8125,51555.65853356125,10437.375,60785.232408181735,20821712.5625,51420.718816405446,12481.625,58297.15107261532
toolagent_trace,0.02,4,pi0,2,"toolagent_trace|l1=0.02,l2x4|pi0|s=2",000299004aa96bce3f52eaea7a095c815ae36f3690da2fdb789d26036c5846c1,0,967,60,2901000.0,17,14,False,13,19691288.6875,52172.52390510897,15148.25,59674.77740720949,20827193.3125,52962.66293622171,17962.375,58734.32393285888
toolagent_trace,0.02,4,pi0,2,"toolagent_trace|l1=0.02,l2x4|pi0|s=2",000299004aa96bce3f52eaea7a095c815ae36f3690da2fdb789d26036c5846c1,0,967,60,2901000.0,17,14,False,14,19676140.4375,41797.95472822205,0,0.0,20809230.9375,39425.55003119804,0,0.0
toolagent_trace,0.02,4,pi0,2,"toolagent_trace|l1=0.02,l2x4|pi0|s=2",000299004aa96bce3f52eaea7a095c815ae36f3690da2fdb789d26036c5846c1,0,967,60,2901000.0,17,14,False,15,19676149.5,43267.47878796113,9.0625,63486.6176696252,20809400,44057.71402301001,169.0625,64346.01787157591
toolagent_trace,0.02,4,pi0,2,"toolagent_trace|l1=0.02,l2x4|pi0|s=2",000299004aa96bce3f52eaea7a095c815ae36f3690da2fdb789d26036c5846c1,0,967,60,2901000.0,17,14,False,16,19672343.8125,55175.460439364106,-3796.625,68752.51537883299,20804242.8125,56104.47497923703,-4988.125,69990.00521300643
toolagent_trace,0.02,4,pi0,3,"toolagent_trace|l1=0.02,l2x4|pi0|s=3",0000e11b40cbe4f1774bda87e6484f10923e59e038d7b366c2bed497cc05e340,0,803,78,2409000.0,17,14,False,0,18861034.25,28123.649678992,6063.5,46449.90809750507,35979698,34812.87955340667,38734.1875,52926.409172508895
toolagent_trace,0.02,4,pi0,3,"toolagent_trace|l1=0.02,l2x4|pi0|s=3",0000e11b40cbe4f1774bda87e6484f10923e59e038d7b366c2bed497cc05e340,0,803,78,2409000.0,17,14,False,1,18849491.75,36719.61467571975,-5479,37175.628541648985,35957416.75,58168.25279537513,16452.9375,90631.44277895962
toolagent_trace,0.02,4,pi0,3,"toolagent_trace|l1=0.02,l2x4|pi0|s=3",0000e11b40cbe4f1774bda87e6484f10923e59e038d7b366c2bed497cc05e340,0,803,78,2409000.0,17,14,False,2,18854749.6875,34103.51652976322,-221.0625,43409.4118373251,35948246.375,40645.17564135585,7282.5625,52850.56586763444
toolagent_trace,0.02,4,pi0,3,"toolagent_trace|l1=0.02,l2x4|pi0|s=3",0000e11b40cbe4f1774bda87e6484f10923e59e038d7b366c2bed497cc05e340,0,803,78,2409000.0,17,14,False,3,18861873.75,33149.81135692932,6903,49169.865832641844,35954824.8125,46506.27010374515,13861,72987.62156420771
toolagent_trace,0.02,4,pi0,3,"toolagent_trace|l1=0.02,l2x4|pi0|s=3",0000e11b40cbe4f1774bda87e6484f10923e59e038d7b366c2bed497cc05e340,0,803,78,2409000.0,17,14,False,4,18857712.9375,35701.61478228261,2742.1875,42245.851599447014,35972097.3125,48101.77578249234,31133.5,64733.54742841355
toolagent_trace,0.02,4,pi0,3,"toolagent_trace|l1=0.02,l2x4|pi0|s=3",0000e11b40cbe4f1774bda87e6484f10923e59e038d7b366c2bed497cc05e340,0,803,78,2409000.0,17,14,False,5,18860172.9375,35613.71533266128,5202.1875,48629.99563125452,35956632.25,53791.37718693087,15668.4375,73604.13965166973
toolagent_trace,0.02,4,pi0,3,"toolagent_trace|l1=0.02,l2x4|pi0|s=3",0000e11b40cbe4f1774bda87e6484f10923e59e038d7b366c2bed497cc05e340,0,803,78,2409000.0,17,14,False,6,18858229.625,36293.34475791211,3258.875,58263.750566854746,35954557.8125,38723.37616344723,13594,65990.55818120246
toolagent_trace,0.02,4,pi0,3,"toolagent_trace|l1=0.02,l2x4|pi0|s=3",0000e11b40cbe4f1774bda87e6484f10923e59e038d7b366c2bed497cc05e340,0,803,78,2409000.0,17,14,False,7,18862236.8125,25376.25541385424,7266.0625,46940.83018079783,35956113.5,51428.702532081574,15149.6875,52560.516502686376
toolagent_trace,0.02,4,pi0,3,"toolagent_trace|l1=0.02,l2x4|pi0|s=3",0000e11b40cbe4f1774bda87e6484f10923e59e038d7b366c2bed497cc05e340,0,803,78,2409000.0,17,14,False,8,18841311.3125,37571.1714815473,-13659.4375,43598.59755079093,35960041.375,53331.69194000255,19077.5625,70303.7502005583
toolagent_trace,0.02,4,pi0,3,"toolagent_trace|l1=0.02,l2x4|pi0|s=3",0000e11b40cbe4f1774bda87e6484f10923e59e038d7b366c2bed497cc05e340,0,803,78,2409000.0,17,14,False,9,18857608.8125,24762.84530021742,2638.0625,37312.12346582765,35947856.5625,47009.98434938228,6892.75,66625.8450728144
toolagent_trace,0.02,4,pi0,3,"toolagent_trace|l1=0.02,l2x4|pi0|s=3",0000e11b40cbe4f1774bda87e6484f10923e59e038d7b366c2bed497cc05e340,0,803,78,2409000.0,17,14,False,10,18848385.1875,45534.660691563666,-6585.5625,57050.577247408284,35954336.0625,64330.82090099452,13372.25,83589.12108921033
toolagent_trace,0.02,4,pi0,3,"toolagent_trace|l1=0.02,l2x4|pi0|s=3",0000e11b40cbe4f1774bda87e6484f10923e59e038d7b366c2bed497cc05e340,0,803,78,2409000.0,17,14,False,11,18850248.25,40341.67462810635,-4722.5,55660.470672342206,35960612.125,62042.58413581755,19648.3125,83361.96058292515
toolagent_trace,0.02,4,pi0,3,"toolagent_trace|l1=0.02,l2x4|pi0|s=3",0000e11b40cbe4f1774bda87e6484f10923e59e038d7b366c2bed497cc05e340,0,803,78,2409000.0,17,14,False,12,18844688.125,29577.87338957958,-10282.625,45040.92738813593,35963771.1875,49378.360610316944,22807.375,70533.60791554146
toolagent_trace,0.02,4,pi0,3,"toolagent_trace|l1=0.02,l2x4|pi0|s=3",0000e11b40cbe4f1774bda87e6484f10923e59e038d7b366c2bed497cc05e340,0,803,78,2409000.0,17,14,False,13,18842547.125,32166.715587959345,-12423.625,43316.113668202815,35937800.6875,60649.491399591854,-3163.125,74240.88788520335
toolagent_trace,0.02,4,pi0,3,"toolagent_trace|l1=0.02,l2x4|pi0|s=3",0000e11b40cbe4f1774bda87e6484f10923e59e038d7b366c2bed497cc05e340,0,803,78,2409000.0,17,14,False,14,18854970.75,30866.51970339384,0,0.0,35940963.8125,48303.7059685469,0,0.0
toolagent_trace,0.02,4,pi0,3,"toolagent_trace|l1=0.02,l2x4|pi0|s=3",0000e11b40cbe4f1774bda87e6484f10923e59e038d7b366c2bed497cc05e340,0,803,78,2409000.0,17,14,False,15,18848048.75,32334.382405317923,-6922,44076.26746145065,35966710.4375,31241.313604411174,25746.625,67932.97536530645
toolagent_trace,0.02,4,pi0,3,"toolagent_trace|l1=0.02,l2x4|pi0|s=3",0000e11b40cbe4f1774bda87e6484f10923e59e038d7b366c2bed497cc05e340,0,803,78,2409000.0,17,14,False,16,18854744.9375,31581.862192232533,-225.8125,38827.28786514067,35952737.375,61177.09766121633,11773.5625,65574.14867661265
toolagent_trace,0.02,4,pi0,4,"toolagent_trace|l1=0.02,l2x4|pi0|s=4",00016c0a2a7031c064793c037bdcfd18d762dd94ffe7d745039cb1924444e988,0,967,168,2901000.0,17,9,False,0,19685590.375,36574.55271793035,16635.25,49644.18381844947,20816663,36459.16584527591,12221.125,50281.33929385069
toolagent_trace,0.02,4,pi0,4,"toolagent_trace|l1=0.02,l2x4|pi0|s=4",00016c0a2a7031c064793c037bdcfd18d762dd94ffe7d745039cb1924444e988,0,967,168,2901000.0,17,9,False,1,19692361.5625,45956.78376615542,23406.4375,70408.4153502205,20823693.9375,44035.40584797457,19252.0625,70911.6622871666
toolagent_trace,0.02,4,pi0,4,"toolagent_trace|l1=0.02,l2x4|pi0|s=4",00016c0a2a7031c064793c037bdcfd18d762dd94ffe7d745039cb1924444e988,0,967,168,2901000.0,17,9,False,2,19686132.9375,52802.67761704104,17177.8125,52709.9088258476,20821367.4375,51889.188372876226,16925.5625,51934.52258625759
toolagent_trace,0.02,4,pi0,4,"toolagent_trace|l1=0.02,l2x4|pi0|s=4",00016c0a2a7031c064793c037bdcfd18d762dd94ffe7d745039cb1924444e988,0,967,168,2901000.0,17,9,False,3,19675929.1875,41910.054617348884,6974.0625,51832.42149783441,20806644.1875,44997.77428602256,2202.3125,55539.709946090225
toolagent_trace,0.02,4,pi0,4,"toolagent_trace|l1=0.02,l2x4|pi0|s=4",00016c0a2a7031c064793c037bdcfd18d762dd94ffe7d745039cb1924444e988,0,967,168,2901000.0,17,9,False,4,19641418.3125,28199.546726188702,-27536.8125,43289.20910838135,20770983.1875,27379.91756067148,-33458.6875,43229.46796915078
toolagent_trace,0.02,4,pi0,4,"toolagent_trace|l1=0.02,l2x4|pi0|s=4",00016c0a2a7031c064793c037bdcfd18d762dd94ffe7d745039cb1924444e988,0,967,168,2901000.0,17,9,False,5,19640917.75,40902.99560912379,-28037.375,62547.027519965595,20774838.375,42231.56115336017,-29603.5,63010.766296985574
toolagent_trace,0.02,4,pi0,4,"toolagent_trace|l1=0.02,l2x4|pi0|s=4",00016c0a2a7031c064793c037bdcfd18d762dd94ffe7d745039cb1924444e988,0,967,168,2901000.0,17,9,False,6,19696331.3125,44709.32902906469,27376.1875,44839.85658945064,20829387.9375,47696.59271194502,24946.0625,49321.25344239709
toolagent_trace,0.02,4,pi0,4,"toolagent_trace|l1=0.02,l2x4|pi0|s=4",00016c0a2a7031c064793c037bdcfd18d762dd94ffe7d745039cb1924444e988,0,967,168,2901000.0,17,9,False,7,19681074.5,47630.586780625184,12119.375,62295.177223575396,20816371.125,47509.568599563885,11929.25,61846.3319165602
toolagent_trace,0.02,4,pi0,4,"toolagent_trace|l1=0.02,l2x4|pi0|s=4",00016c0a2a7031c064793c037bdcfd18d762dd94ffe7d745039cb1924444e988,0,967,168,2901000.0,17,9,False,8,19694093.75,39394.44730331082,25138.625,62853.11755924814,20823946.625,42665.48699651745,19504.75,66184.00077208993
toolagent_trace,0.02,4,pi0,4,"toolagent_trace|l1=0.02,l2x4|pi0|s=4",00016c0a2a7031c064793c037bdcfd18d762dd94ffe7d745039cb1924444e988,0,967,168,2901000.0,17,9,False,9,19668955.125,39298.762358586646,0,0.0,20804441.875,39050.88360908112,0,0.0
toolagent_trace,0.02,4,pi0,4,"toolagent_trace|l1=0.02,l2x4|pi0|s=4",00016c0a2a7031c064793c037bdcfd18d762dd94ffe7d745039cb1924444e988,0,967,168,2901000.0,17,9,False,10,19689802,41043.47988657882,20846.875,57623.361093541454,20824138.625,41465.43581325697,19696.75,58927.32350672875
toolagent_trace,0.02,4,pi0,4,"toolagent_trace|l1=0.02,l2x4|pi0|s=4",00016c0a2a7031c064793c037bdcfd18d762dd94ffe7d745039cb1924444e988,0,967,168,2901000.0,17,9,False,11,19686554.125,44122.6196455212,17599,51845.44891116288,20818394.75,42179.32561259525,13952.875,50365.30409700048
toolagent_trace,0.02,4,pi0,4,"toolagent_trace|l1=0.02,l2x4|pi0|s=4",00016c0a2a7031c064793c037bdcfd18d762dd94ffe7d745039cb1924444e988,0,967,168,2901000.0,17,9,False,12,19649847.8125,54723.20482357096,-19107.3125,71287.7093649097,20781974.5625,53632.48088235182,-22467.3125,71225.4515022252
toolagent_trace,0.02,4,pi0,4,"toolagent_trace|l1=0.02,l2x4|pi0|s=4",00016c0a2a7031c064793c037bdcfd18d762dd94ffe7d745039cb1924444e988,0,967,168,2901000.0,17,9,False,13,19683796.9375,62823.863046317834,14841.8125,73484.16358755469,20817817.3125,61545.23009485923,13375.4375,73060.2482284028
toolagent_trace,0.02,4,pi0,4,"toolagent_trace|l1=0.02,l2x4|pi0|s=4",00016c0a2a7031c064793c037bdcfd18d762dd94ffe7d745039cb1924444e988,0,967,168,2901000.0,17,9,False,14,19675071.0625,44616.51604427632,6115.9375,56487.77404768664,20806975.6875,45145.21265090944,2533.8125,58575.49719375699
toolagent_trace,0.02,4,pi0,4,"toolagent_trace|l1=0.02,l2x4|pi0|s=4",00016c0a2a7031c064793c037bdcfd18d762dd94ffe7d745039cb1924444e988,0,967,168,2901000.0,17,9,False,15,19685579.375,36921.052148018025,16624.25,51991.51709974747,20818797.875,36697.330898172964,14356,50255.757138859226
toolagent_trace,0.02,4,pi0,4,"toolagent_trace|l1=0.02,l2x4|pi0|s=4",00016c0a2a7031c064793c037bdcfd18d762dd94ffe7d745039cb1924444e988,0,967,168,2901000.0,17,9,False,16,19654224.75,48231.39281906201,-14730.375,51345.28433637634,20788691.25,47612.31319102234,-15750.625,50611.07286075515
toolagent_trace,0.02,4,pi3,0,"toolagent_trace|l1=0.02,l2x4|pi3|s=0",0000fcdaf4e9308400ec985766b171c6cfb08b16cb0314b8b4f5b742c71aa164,0,710,146,2130000.0,17,11,False,0,18560450.875,18234.011260553725,-22914.625,26931.716031165437,45131238.8125,44829.17301968849,-15952.875,64845.9523659727
toolagent_trace,0.02,4,pi3,0,"toolagent_trace|l1=0.02,l2x4|pi3|s=0",0000fcdaf4e9308400ec985766b171c6cfb08b16cb0314b8b4f5b742c71aa164,0,710,146,2130000.0,17,11,False,1,18569168.1875,21834.623142213837,-14197.3125,25017.500982895286,45153462.125,34337.05004389088,6270.4375,56535.604330921415
toolagent_trace,0.02,4,pi3,0,"toolagent_trace|l1=0.02,l2x4|pi3|s=0",0000fcdaf4e9308400ec985766b171c6cfb08b16cb0314b8b4f5b742c71aa164,0,710,146,2130000.0,17,11,False,2,18581341.5,17752.300932555194,-2024,24803.957173537183,45151268.5625,44099.811210433014,4076.875,61360.4689181072
toolagent_trace,0.02,4,pi3,0,"toolagent_trace|l1=0.02,l2x4|pi3|s=0",0000fcdaf4e9308400ec985766b171c6cfb08b16cb0314b8b4f5b742c71aa164,0,710,146,2130000.0,17,11,False,3,18585003.25,18998.958973235,1637.75,21986.37444873529,45155509.75,40477.895646060126,8318.0625,55056.16788392105
toolagent_trace,0.02,4,pi3,0,"toolagent_trace|l1=0.02,l2x4|pi3|s=0",0000fcdaf4e9308400ec985766b171c6cfb08b16cb0314b8b4f5b742c71aa164,0,710,146,2130000.0,17,11,False,4,18583332.1875,21461.061052423138,-33.3125,29172.403369665997,45141582.125,47361.60910818663,-5609.5625,54852.03587345232
toolagent_trace,0.02,4,pi3,0,"toolagent_trace|l1=0.02,l2x4|pi3|s=0",0000fcdaf4e9308400ec985766b171c6cfb08b16cb0314b8b4f5b742c71aa164,0,710,146,2130000.0,17,11,False,5,18582939.75,21048.15164489905,-425.75,27792.057917086073,45127644.875,39079.74566767291,-19546.8125,60195.71490974946
toolagent_trace,0.02,4,pi3,0,"toolagent_trace|l1=0.02,l2x4|pi3|s=0",0000fcdaf4e9308400ec985766b171c6cfb08b16cb0314b8b4f5b742c71aa164,0,710,146,2130000.0,17,11,False,6,18578680.6875,23265.056325510297,-4684.8125,23799.708189299996,45146991.875,34382.79817365073,-199.8125,42979.358877207946
toolagent_trace,0.02,4,pi3,0,"toolagent_trace|l1=0.02,l2x4|pi3|s=0",0000fcdaf4e9308400ec985766b171c6cfb08b16cb0314b8b4f5b742c71aa164,0,710,146,2130000.0,17,11,False,7,18578835.875,22236.253913747852,-4529.625,29626.947735409172,45141858.0625,41149.95859288115,-5333.625,62035.94946252267
toolagent_trace,0.02,4,pi3,0,"toolagent_trace|l1=0.02,l2x4|pi3|s=0",0000fcdaf4e9308400ec985766b171c6cfb08b16cb0314b8b4f5b742c71aa164,0,710,146,2130000.0,17,11,False,8,18577294.625,27112.866733650033,-6070.875,40001.7670290951,45149460.75,42579.13940025875,2269.0625,74547.94535372856
toolagent_trace,0.02,4,pi3,0,"toolagent_trace|l1=0.02,l2x4|pi3|s=0",0000fcdaf4e9308400ec985766b171c6cfb08b16cb0314b8b4f5b742c71aa164,0,710,146,2130000.0,17,11,False,9,18575783.5625,23712.65220360571,-7581.9375,27214.231775473043,45142663.625,45804.85417780522,-4528.0625,64433.45350821911
toolagent_trace,0.02,4,pi3,0,"toolagent_trace|l1=0.02,l2x4|pi3|s=0",0000fcdaf4e9308400ec985766b171c6cfb08b16cb0314b8b4f5b742c71aa164,0,710,146,2130000.0,17,11,False,10,18576981.9375,24510.84670499641,-6383.5625,30027.45246596576,45135869.8125,50884.38465674743,-11321.875,49723.647805143984
toolagent_trace,0.02,4,pi3,0,"toolagent_trace|l1=0.02,l2x4|pi3|s=0",0000fcdaf4e9308400ec985766b171c6cfb08b16cb0314b8b4f5b742c71aa164,0,710,146,2130000.0,17,11,False,11,18583365.5,19642.197399137058,0,0.0,45147191.6875,41803.16765783625,0,0.0
toolagent_trace,0.02,4,pi3,0,"toolagent_trace|l1=0.02,l2x4|pi3|s=0",0000fcdaf4e9308400ec985766b171c6cfb08b16cb0314b8b4f5b742c71aa164,0,710,146,2130000.0,17,11,False,12,18579272.6875,21506.72122761859,-4092.8125,29147.784494923453,45144522.6875,48870.66324318882,-2669,65151.96610694109
toolagent_trace,0.02,4,pi3,0,"toolagent_trace|l1=0.02,l2x4|pi3|s=0",0000fcdaf4e9308400ec985766b171c6cfb08b16cb0314b8b4f5b742c71aa164,0,710,146,2130000.0,17,11,False,13,18558120.125,22257.036705650342,-25245.375,33692.9558985752,45125619.9375,37864.69391833462,-21571.75,52485.02879171037
toolagent_trace,0.02,4,pi3,0,"toolagent_trace|l1=0.02,l2x4|pi3|s=0",0000fcdaf4e9308400ec985766b171c6cfb08b16cb0314b8b4f5b742c71aa164,0,710,146,2130000.0,17,11,False,14,18579752.3125,26435.980235829476,-3613.1875,37590.8946088788,45143498.5625,42266.6035556344,-3693.125,55523.8995951293
toolagent_trace,0.02,4,pi3,0,"toolagent_trace|l1=0.02,l2x4|pi3|s=0",0000fcdaf4e9308400ec985766b171c6cfb08b16cb0314b8b4f5b742c71aa164,0,710,146,2130000.0,17,11,False,15,18568287,25773.79467081503,-15078.5,27961.666228368198,45129165.375,27922.26118798404,-18026.3125,41214.3415568234
toolagent_trace,0.02,4,pi3,0,"toolagent_trace|l1=0.02,l2x4|pi3|s=0",0000fcdaf4e9308400ec985766b171c6cfb08b16cb0314b8b4f5b742c71aa164,0,710,146,2130000.0,17,11,False,16,18574447.125,22535.30116617038,-8918.375,26074.256552840263,45141475.875,36543.81815095407,-5715.8125,52742.66485268354
toolagent_trace,0.02,4,pi3,1,"toolagent_trace|l1=0.02,l2x4|pi3|s=1",0000588f54e301ace16ab932b47f784b622ecd2164f6ebb54f89c424fed46cc9,0,896,184,2688000.0,17,13,False,0,19746051.375,31062.16087111992,-24606.5625,38970.620142133994,27717256.8125,37307.13730144899,-13369.375,52302.768651860104
toolagent_trace,0.02,4,pi3,1,"toolagent_trace|l1=0.02,l2x4|pi3|s=1",0000588f54e301ace16ab932b47f784b622ecd2164f6ebb54f89c424fed46cc9,0,896,184,2688000.0,17,13,False,1,19770215.5625,31833.573023814024,-442.375,40321.90550866861,27728756.625,36001.79295697183,-1869.5625,44874.38467094377
toolagent_trace,0.02,4,pi3,1,"toolagent_trace|l1=0.02,l2x4|pi3|s=1",0000588f54e301ace16ab932b47f784b622ecd2164f6ebb54f89c424fed46cc9,0,896,184,2688000.0,17,13,False,2,19767254.4375,28247.47821657419,-3403.5,37558.48073959684,27742275.75,38704.75683340916,11649.5625,44327.99723420666
toolagent_trace,0.02,4,pi3,1,"toolagent_trace|l1=0.02,l2x4|pi3|s=1",0000588f54e301ace16ab932b47f784b622ecd2164f6ebb54f89c424fed46cc9,0,896,184,2688000.0,17,13,False,3,19758463.125,38619.73686061744,-12194.8125,53687.78118991167,27728797.625,36605.52964398503,-1828.5625,56473.25992947901
toolagent_trace,0.02,4,pi3,1,"toolagent_trace|l1=0.02,l2x4|pi3|s=1",0000588f54e301ace16ab932b47f784b622ecd2164f6ebb54f89c424fed46cc9,0,896,184,2688000.0,17,13,False,4,19761244,28768.90704678693,-9413.9375,41411.6269493947,27732154.9375,38258.34954528444,1528.75,53576.563035839965
toolagent_trace,0.02,4,pi3,1,"toolagent_trace|l1=0.02,l2x4|pi3|s=1",0000588f54e301ace16ab932b47f784b622ecd2164f6ebb54f89c424fed46cc9,0,896,184,2688000.0,17,13,False,5,19756583.6875,29587.780889456713,-14074.25,40041.27383671337,27728445,38371.98326383457,-2181.1875,47632.866573713225
toolagent_trace,0.02,4,pi3,1,"toolagent_trace|l1=0.02,l2x4|pi3|s=1",0000588f54e301ace16ab932b47f784b622ecd2164f6ebb54f89c424fed46cc9,0,896,184,2688000.0,17,13,False,6,19769229.875,35525.98095080088,-1428.0625,33643.59110532792,27738734.9375,49721.757852364455,8108.75,57165.1663882823
toolagent_trace,0.02,4,pi3,1,"toolagent_trace|l1=0.02,l2x4|pi3|s=1",0000588f54e301ace16ab932b47f784b622ecd2164f6ebb54f89c424fed46cc9,0,896,184,2688000.0,17,13,False,7,19760781.5,27993.620966213,-9876.4375,33806.04342612674,27735339.0625,38673.224809022155,4712.875,42076.18008624357
toolagent_trace,0.02,4,pi3,1,"toolagent_trace|l1=0.02,l2x4|pi3|s=1",0000588f54e301ace16ab932b47f784b622ecd2164f6ebb54f89c424fed46cc9,0,896,184,2688000.0,17,13,False,8,19738475.875,22307.424234620485,-32182.0625,39148.64202748077,27708191.875,24565.474652785902,-22434.3125,48323.58199018881
toolagent_trace,0.02,4,pi3,1,"toolagent_trace|l1=0.02,l2x4|pi3|s=1",0000588f54e301ace16ab932b47f784b622ecd2164f6ebb54f89c424fed46cc9,0,896,184,2688000.0,17,13,False,9,19760227.9375,17317.420633449812,-10430,34381.95041975755,27729008.9375,16053.258155148236,-1617.25,33627.83783018666
toolagent_trace,0.02,4,pi3,1,"toolagent_trace|l1=0.02,l2x4|pi3|s=1",0000588f54e301ace16ab932b47f784b622ecd2164f6ebb54f89c424fed46cc9,0,896,184,2688000.0,17,13,False,10,19758607.8125,20862.65829728241,-12050.125,33146.11643792779,27723333.5625,27176.003927408092,-7292.625,31805.46125196112
toolagent_trace,0.02,4,pi3,1,"toolagent_trace|l1=0.02,l2x4|pi3|s=1",0000588f54e301ace16ab932b47f784b622ecd2164f6ebb54f89c424fed46cc9,0,896,184,2688000.0,17,13,False,11,19777817.4375,15871.472307124923,7159.5,25363.32038200046,27736900.6875,27739.182683750794,6274.5,39338.715561136465
toolagent_trace,0.02,4,pi3,1,"toolagent_trace|l1=0.02,l2x4|pi3|s=1",0000588f54e301ace16ab932b47f784b622ecd2164f6ebb54f89c424fed46cc9,0,896,184,2688000.0,17,13,False,12,19758420.125,18194.64619377543,-12237.8125,34901.42700849303,27721460.75,28751.477642027374,-9165.4375,39835.227932018075
toolagent_trace,0.02,4,pi3,1,"toolagent_trace|l1=0.02,l2x4|pi3|s=1",0000588f54e301ace16ab932b47f784b622ecd2164f6ebb54f89c424fed46cc9,0,896,184,2688000.0,17,13,False,13,19770657.9375,26018.883074845853,0,0.0,27730626.1875,32336.50945957474,0,0.0
toolagent_trace,0.02,4,pi3,1,"toolagent_trace|l1=0.02,l2x4|pi3|s=1",0000588f54e301ace16ab932b47f784b622ecd2164f6ebb54f89c424fed46cc9,0,896,184,2688000.0,17,13,False,14,19740156.625,28761.819624576376,-30501.3125,35837.76374295463,27702345.5625,31443.212974013433,-28280.625,38982.14553848124
toolagent_trace,0.02,4,pi3,1,"toolagent_trace|l1=0.02,l2x4|pi3|s=1",0000588f54e301ace16ab932b47f784b622ecd2164f6ebb54f89c424fed46cc9,0,896,184,2688000.0,17,13,False,15,19768429.8125,26676.20920150575,-2228.125,31267.435449414992,27738630.5625,37026.78854193497,8004.375,41476.377953199655
toolagent_trace,0.02,4,pi3,1,"toolagent_trace|l1=0.02,l2x4|pi3|s=1",0000588f54e301ace16ab932b47f784b622ecd2164f6ebb54f89c424fed46cc9,0,896,184,2688000.0,17,13,False,16,19754589.8125,31920.094852028556,-16068.125,33499.01974262331,27720624.5625,27918.41846038501,-10001.625,30548.975574477125
toolagent_trace,0.02,4,pi3,2,"toolagent_trace|l1=0.02,l2x4|pi3|s=2",0002168818129b45d157ed964fa25aea643929244c84a9a6f5b2dc565b5b052c,0,917,55,2750999.0,17,5,False,0,19702697.75,23399.09845129366,2569.125,37536.68417228672,25770180.75,33981.188518551455,4520,46223.098984526485
toolagent_trace,0.02,4,pi3,2,"toolagent_trace|l1=0.02,l2x4|pi3|s=2",0002168818129b45d157ed964fa25aea643929244c84a9a6f5b2dc565b5b052c,0,917,55,2750999.0,17,5,False,1,19691401.4375,38866.216646283356,-8727.1875,41781.98729152512,25762978.5,37828.1293237365,-2682.25,43401.31970727772
toolagent_trace,0.02,4,pi3,2,"toolagent_trace|l1=0.02,l2x4|pi3|s=2",0002168818129b45d157ed964fa25aea643929244c84a9a6f5b2dc565b5b052c,0,917,55,2750999.0,17,5,False,2,19704148.9375,38558.907742947886,4020.3125,50144.45725929404,25767707.3125,40693.184390376315,2046.5625,57872.725847868096
toolagent_trace,0.02,4,pi3,2,"toolagent_trace|l1=0.02,l2x4|pi3|s=2",0002168818129b45d157ed964fa25aea643929244c84a9a6f5b2dc565b5b052c,0,917,55,2750999.0,17,5,False,3,19693748.625,25677.48681335461,-6380,42400.383756124975,25762626.6875,29223.509672222808,-3034.0625,52574.3182291744
toolagent_trace,0.02,4,pi3,2,"toolagent_trace|l1=0.02,l2x4|pi3|s=2",0002168818129b45d157ed964fa25aea643929244c84a9a6f5b2dc565b5b052c,0,917,55,2750999.0,17,5,False,4,19683480.875,27048.61197886748,-16647.75,42733.28962686272,25754682.6875,25762.41260368485,-10978.0625,42519.61730381048
toolagent_trace,0.02,4,pi3,2,"toolagent_trace|l1=0.02,l2x4|pi3|s=2",0002168818129b45d157ed964fa25aea643929244c84a9a6f5b2dc565b5b052c,0,917,55,2750999.0,17,5,False,5,19700128.625,31571.062382874185,0,0.0,25765660.75,34054.34833810997,0,0.0
toolagent_trace,0.02,4,pi3,2,"toolagent_trace|l1=0.02,l2x4|pi3|s=2",0002168818129b45d157ed964fa25aea643929244c84a9a6f5b2dc565b5b052c,0,917,55,2750999.0,17,5,False,6,19710358.5,18262.60199058904,10229.875,37346.04166775911,25780912.75,21710.431875022663,15252,36784.20196044311
toolagent_trace,0.02,4,pi3,2,"toolagent_trace|l1=0.02,l2x4|pi3|s=2",0002168818129b45d157ed964fa25aea643929244c84a9a6f5b2dc565b5b052c,0,917,55,2750999.0,17,5,False,7,19701582.375,37391.946597941824,1453.75,45788.06641546099,25761138.5,36178.532091098816,-4522.25,47244.9353327952
toolagent_trace,0.02,4,pi3,2,"toolagent_trace|l1=0.02,l2x4|pi3|s=2",0002168818129b45d157ed964fa25aea643929244c84a9a6f5b2dc565b5b052c,0,917,55,2750999.0,17,5,False,8,19706201.875,25440.75620698672,6073.25,40981.99777869953,25775214.875,27373.476571004518,9554.125,43143.041152079204
toolagent_trace,0.02,4,pi3,2,"toolagent_trace|l1=0.02,l2x4|pi3|s=2",0002168818129b45d157ed964fa25aea643929244c84a9a6f5b2dc565b5b052c,0,917,55,2750999.0,17,5,False,9,19713379,24431.727650741363,13250.375,41947.882717923516,25783900.4375,24741.79808062664,18239.6875,40609.15415801179
toolagent_trace,0.02,4,pi3,2,"toolagent_trace|l1=0.02,l2x4|pi3|s=2",0002168818129b45d157ed964fa25aea643929244c84a9a6f5b2dc565b5b052c,0,917,55,2750999.0,17,5,False,10,19690890.9375,31894.482761064388,-9237.6875,47896.58138631434,25758164.6875,29259.926451761632,-7496.0625,46970.121124630925
toolagent_trace,0.02,4,pi3,2,"toolagent_trace|l1=0.02,l2x4|pi3|s=2",0002168818129b45d157ed964fa25aea643929244c84a9a6f5b2dc565b5b052c,0,917,55,2750999.0,17,5,False,11,19693882.0625,34816.44941971874,-6246.5625,53485.03400886239,25760413.8125,31654.38411598779,-5246.9375,52606.19835655459
toolagent_trace,0.02,4,pi3,2,"toolagent_trace|l1=0.02,l2x4|pi3|s=2",0002168818129b45d157ed964fa25aea643929244c84a9a6f5b2dc565b5b052c,0,917,55,2750999.0,17,5,False,12,19705278.375,26047.614252556796,5149.75,38647.58062889146,25774885.3125,30340.756933468772,9224.5625,40469.64974062867
toolagent_trace,0.02,4,pi3,2,"toolagent_trace|l1=0.02,l2x4|pi3|s=2",0002168818129b45d157ed964fa25aea643929244c84a9a6f5b2dc565b5b052c,0,917,55,2750999.0,17,5,False,13,19704189.75,25598.24590995771,4061.125,40971.59264966399,25772560.6875,34029.231022203545,6899.9375,47948.6172097712
toolagent_trace,0.02,4,pi3,2,"toolagent_trace|l1=0.02,l2x4|pi3|s=2",0002168818129b45d157ed964fa25aea643929244c84a9a6f5b2dc565b5b052c,0,917,55,2750999.0,17,5,False,14,19683284.5,26632.234401191352,-16844.125,40434.59454786211,25754740.875,29825.58966139647,-10919.875,41264.78810782061
toolagent_trace,0.02,4,pi3,2,"toolagent_trace|l1=0.02,l2x4|pi3|s=2",0002168818129b45d157ed964fa25aea643929244c84a9a6f5b2dc565b5b052c,0,917,55,2750999.0,17,5,False,15,19695428.875,38059.682834332714,-4699.75,45345.48458299533,25762325.6875,40817.612846611126,-3335.0625,46307.22669514806
toolagent_trace,0.02,4,pi3,2,"toolagent_trace|l1=0.02,l2x4|pi3|s=2",0002168818129b45d157ed964fa25aea643929244c84a9a6f5b2dc565b5b052c,0,917,55,2750999.0,17,5,False,16,19691461.25,32807.58565840122,-8667.375,43359.893594388195,25758875.3125,37055.916594103655,-6785.4375,44079.031702868655
toolagent_trace,0.02,4,pi3,3,"toolagent_trace|l1=0.02,l2x4|pi3|s=3",0001c57c19a76df15382308f86ca05e423d921cbf290050a483a4bf5d4596fd6,0,717,71,2151000.0,16,6,False,0,18792928.8125,32906.94189218793,17456.8125,36580.38287063847,44600367.8125,52349.04328220813,20929.375,65241.87064033342
toolagent_trace,0.02,4,pi3,3,"toolagent_trace|l1=0.02,l2x4|pi3|s=3",0001c57c19a76df15382308f86ca05e423d921cbf290050a483a4bf5d4596fd6,0,717,71,2151000.0,16,6,False,1,18799442,24372.84709124753,23970,29347.14658247601,44601765.75,25630.763647096694,22327.3125,43167.86718956397
toolagent_trace,0.02,4,pi3,3,"toolagent_trace|l1=0.02,l2x4|pi3|s=3",0001c57c19a76df15382308f86ca05e423d921cbf290050a483a4bf5d4596fd6,0,717,71,2151000.0,16,6,False,2,18799155.5625,20682.422891491704,23683.5625,32738.669689871334,44590010.5,53911.46139736893,10572.0625,80065.23166724222
toolagent_trace,0.02,4,pi3,3,"toolagent_trace|l1=0.02,l2x4|pi3|s=3",0001c57c19a76df15382308f86ca05e423d921cbf290050a483a4bf5d4596fd6,0,717,71,2151000.0,16,6,False,3,18782851.875,44663.634961603086,7379.875,44184.567777864104,44595711.625,64680.24582294556,16273.1875,81633.84231899476
toolagent_trace,0.02,4,pi3,3,"toolagent_trace|l1=0.02,l2x4|pi3|s=3",0001c57c19a76df15382308f86ca05e423d921cbf290050a483a4bf5d4596fd6,0,717,71,2151000.0,16,6,False,4,18795003.875,25810.41976637859,19531.875,40088.3718899051,44600230.6875,36169.27354854071,20792.25,63524.263950609195
toolagent_trace,0.02,4,pi3,3,"toolagent_trace|l1=0.02,l2x4|pi3|s=3",0001c57c19a76df15382308f86ca05e423d921cbf290050a483a4bf5d4596fd6,0,717,71,2151000.0,16,6,False,5,18789405,25910.858382796454,13933,42418.917160468234,44592923.1875,44934.81730569107,13484.75,68216.50131798512
toolagent_trace,0.02,4,pi3,3,"toolagent_trace|l1=0.02,l2x4|pi3|s=3",0001c57c19a76df15382308f86ca05e423d921cbf290050a483a4bf5d4596fd6,0,717,71,2151000.0,16,6,False,6,18775472,23783.43367416348,0,0.0,44579438.4375,47975.65455237861,0,0.0
toolagent_trace,0.02,4,pi3,3,"toolagent_trace|l1=0.02,l2x4|pi3|s=3",0001c57c19a76df15382308f86ca05e423d921cbf290050a483a4bf5d4596fd6,0,717,71,2151000.0,16,6,False,7,18785370.5625,21588.199378267593,9898.5625,31615.052804993065,44576532.4375,57360.98206384865,-2906,76131.84535440255
toolagent_trace,0.02,4,pi3,3,"toolagent_trace|l1=0.02,l2x4|pi3|s=3",0001c57c19a76df15382308f86ca05e423d921cbf290050a483a4bf5d4596fd6,0,717,71,2151000.0,16,6,False,8,18790974.4375,21813.70379973332,15502.4375,35952.15386587893,44581611.875,34279.106065502936,2173.4375,63116.74694930419
toolagent_trace,0.02,4,pi3,3,"toolagent_trace|l1=0.02,l2x4|pi3|s=3",0001c57c19a76df15382308f86ca05e423d921cbf290050a483a4bf5d4596fd6,0,717,71,2151000.0,16,6,False,9,18792455,27739.79667072802,16983,30384.697707892374,44599604.125,47593.192655918065,20165.6875,79142.53862891415
toolagent_trace,0.02,4,pi3,3,"toolagent_trace|l1=0.02,l2x4|pi3|s=3",0001c57c19a76df15382308f86ca05e423d921cbf290050a483a4bf5d4596fd6,0,717,71,2151000.0,16,6,False,10,18789155.875,28338.859532157134,13683.875,34362.05699678062,44583330.9375,53448.718999889665,3892.5,63209.23783119047
toolagent_trace,0.02,4,pi3,3,"toolagent_trace|l1=0.02,l2x4|pi3|s=3",0001c57c19a76df15382308f86ca05e423d921cbf290050a483a4bf5d4596fd6,0,717,71,2151000.0,16,6,False,11,18790170.5625,26742.96511101876,14698.5625,37143.76958785731,44604763.375,35276.47294704125,25324.9375,58237.5555696594
toolagent_trace,0.02,4,pi3,3,"toolagent_trace|l1=0.02,l2x4|pi3|s=3",0001c57c19a76df15382308f86ca05e423d921cbf290050a483a4bf5d4596fd6,0,717,71,2151000.0,16,6,False,12,18789410.3125,21307.616396392943,13938.3125,31613.783198089932,44584164.6875,33712.873152983666,4726.25,58556.32352359564
toolagent_trace,0.02,4,pi3,3,"toolagent_trace|l1=0.02,l2x4|pi3|s=3",0001c57c19a76df15382308f86ca05e423d921cbf290050a483a4bf5d4596fd6,0,717,71,2151000.0,16,6,False,13,18785545.6875,27945.402857998546,10073.6875,41328.230606078054,44594132.5,34539.961048038254,14694.0625,44232.180414216906
toolagent_trace,0.02,4,pi3,3,"toolagent_trace|l1=0.02,l2x4|pi3|s=3",0001c57c19a76df15382308f86ca05e423d921cbf290050a483a4bf5d4596fd6,0,717,71,2151000.0,16,6,False,14,18791208.125,22772.182304659927,15736.125,24700.933404428262,44588154,46368.13811372345,8715.5625,63049.02575294747
toolagent_trace,0.02,4,pi3,3,"toolagent_trace|l1=0.02,l2x4|pi3|s=3",0001c57c19a76df15382308f86ca05e423d921cbf290050a483a4bf5d4596fd6,0,717,71,2151000.0,16,6,False,15,18788348.8125,25819.07286024229,12876.8125,27454.163097106055,44598180.125,46063.81005644959,18741.6875,48789.8008983008
toolagent_trace,0.02,4,pi3,4,"toolagent_trace|l1=0.02,l2x4|pi3|s=4",0001eba6e88bc719d0942d89a94677b4e3d2eaa2b8c1877adbe4210633691217,0,757,270,2271000.0,17,3,False,0,18611230.25,26629.320831244146,8438.6875,39163.05630177289,40802430.875,30445.520889779502,16057.75,72318.94652671134
toolagent_trace,0.02,4,pi3,4,"toolagent_trace|l1=0.02,l2x4|pi3|s=4",0001eba6e88bc719d0942d89a94677b4e3d2eaa2b8c1877adbe4210633691217,0,757,270,2271000.0,17,3,False,1,18611961.0625,31486.080603908664,9169.5,30543.244156441535,40785062.75,39644.91208633629,-1310.375,52127.87880571521
toolagent_trace,0.02,4,pi3,4,"toolagent_trace|l1=0.02,l2x4|pi3|s=4",0001eba6e88bc719d0942d89a94677b4e3d2eaa2b8c1877adbe4210633691217,0,757,270,2271000.0,17,3,False,2,18614528.125,32516.116403767122,11736.5625,46207.78019333793,40797950.875,41420.457576540604,11577.75,47615.60601665523
toolagent_trace,0.02,4,pi3,4,"toolagent_trace|l1=0.02,l2x4|pi3|s=4",0001eba6e88bc719d0942d89a94677b4e3d2eaa2b8c1877adbe4210633691217,0,757,270,2271000.0,17,3,False,3,18602791.5625,24857.724830103954,0,0.0,40786373.125,49150.14099521994,0,0.0
toolagent_trace,0.02,4,pi3,4,"toolagent_trace|l1=0.02,l2x4|pi3|s=4",0001eba6e88bc719d0942d89a94677b4e3d2eaa2b8c1877adbe4210633691217,0,757,270,2271000.0,17,3,False,4,18614675.5,32607.757140492402,11883.9375,46387.051673886686,40801960.25,38864.46287548562,15587.125,55400.92599331411
toolagent_trace,0.02,4,pi3,4,"toolagent_trace|l1=0.02,l2x4|pi3|s=4",0001eba6e88bc719d0942d89a94677b4e3d2eaa2b8c1877adbe4210633691217,0,757,270,2271000.0,17,3,False,5,18615675,26081.400652572323,12883.4375,38327.60776075778,40803570.3125,32760.528568627113,17197.1875,47559.25513184404
toolagent_trace,0.02,4,pi3,4,"toolagent_trace|l1=0.02,l2x4|pi3|s=4",0001eba6e88bc719d0942d89a94677b4e3d2eaa2b8c1877adbe4210633691217,0,757,270,2271000.0,17,3,False,6,18620578.9375,22201.569561538512,17787.375,35805.0731114554,40801804.625,29370.62557244341,15431.5,60025.25943411935
toolagent_trace,0.02,4,pi3,4,"toolagent_trace|l1=0.02,l2x4|pi3|s=4",0001eba6e88bc719d0942d89a94677b4e3d2eaa2b8c1877adbe4210633691217,0,757,270,2271000.0,17,3,False,7,18607607.125,24693.892334947926,4815.5625,31893.8302329646,40790689.0625,33755.175266357306,4315.9375,49185.41906496105
toolagent_trace,0.02,4,pi3,4,"toolagent_trace|l1=0.02,l2x4|pi3|s=4",0001eba6e88bc719d0942d89a94677b4e3d2eaa2b8c1877adbe4210633691217,0,757,270,2271000.0,17,3,False,8,18611840.1875,31720.79546757668,9048.625,36800.36194545736,40795962.75,34201.02727014692,9589.625,68498.86946986789
toolagent_trace,0.02,4,pi3,4,"toolagent_trace|l1=0.02,l2x4|pi3|s=4",0001eba6e88bc719d0942d89a94677b4e3d2eaa2b8c1877adbe4210633691217,0,757,270,2271000.0,17,3,False,9,18613883.75,29768.33295186906,11092.1875,34924.24004655172,40786456,55983.02712548986,82.875,73387.98428251044
toolagent_trace,0.02,4,pi3,4,"toolagent_trace|l1=0.02,l2x4|pi3|s=4",0001eba6e88bc719d0942d89a94677b4e3d2eaa2b8c1877adbe4210633691217,0,757,270,2271000.0,17,3,False,10,18614528.125,32516.116403767122,11736.5625,46207.78019333793,40797950.875,41420.457576540604,11577.75,47615.60601665523
toolagent_trace,0.02,4,pi3,4,"toolagent_trace|l1=0.02,l2x4|pi3|s=4",0001eba6e88bc719d0942d89a94677b4e3d2eaa2b8c1877adbe4210633691217,0,757,270,2271000.0,17,3,False,11,18600404.75,31068.785195648274,-2386.8125,37775.3157078689,40767425.875,49055.18954113486,-18947.25,62938.33565694812
toolagent_trace,0.02,4,pi3,4,"toolagent_trace|l1=0.02,l2x4|pi3|s=4",0001eba6e88bc719d0942d89a94677b4e3d2eaa2b8c1877adbe4210633691217,0,757,270,2271000.0,17,3,False,12,18614927.875,30225.916440200785,12136.3125,39219.718948030466,40782270.8125,44067.537458192135,-4102.3125,70221.95690021629
toolagent_trace,0.02,4,pi3,4,"toolagent_trace|l1=0.02,l2x4|pi3|s=4",0001eba6e88bc719d0942d89a94677b4e3d2eaa2b8c1877adbe4210633691217,0,757,270,2271000.0,17,3,False,13,18611034.8125,25720.851056989413,8243.25,29536.415829729012,40782776.6875,41251.65705717166,-3596.4375,59679.11676398342
toolagent_trace,0.02,4,pi3,4,"toolagent_trace|l1=0.02,l2x4|pi3|s=4",0001eba6e88bc719d0942d89a94677b4e3d2eaa2b8c1877adbe4210633691217,0,757,270,2271000.0,17,3,False,14,18605280.8125,31174.38145918055,2489.25,35905.11290517457,40774385.75,35321.43812568603,-11987.375,55120.88236095282
toolagent_trace,0.02,4,pi3,4,"toolagent_trace|l1=0.02,l2x4|pi3|s=4",0001eba6e88bc719d0942d89a94677b4e3d2eaa2b8c1877adbe4210633691217,0,757,270,2271000.0,17,3,False,15,18585043.5,33251.595398316356,-17748.0625,47559.98325408837,40771729.3125,33508.359571344285,-14643.8125,71652.51769776946
toolagent_trace,0.02,4,pi3,4,"toolagent_trace|l1=0.02,l2x4|pi3|s=4",0001eba6e88bc719d0942d89a94677b4e3d2eaa2b8c1877adbe4210633691217,0,757,270,2271000.0,17,3,False,16,18626311.5,30856.66004393001,23519.9375,35013.76859935484,40797801.875,35731.87510309714,11428.75,54554.40126393714
