trace,l1_fraction,l2_multiplier,cell,eligibility,width,mechanism,arm,family,arm_parameter,seed,variant,l1_capacity_bytes,l2_capacity_bytes,requested_tokens,measured_requests,l1_avoided_tokens,l2_avoided_tokens,avoided_prefill_tokens,extra_avoided_tokens,l2_present_unusable_tokens,l2_present_unusable_blocks,l2_admissions,l2_rejections,l2_evictions,l2_decisions,l1_evictions,seconds,worker_peak_rss_mib,worker_pss_mib_end,counters_sha256,attribution_measured_requests,fully_served_requests,beyond_prefix_tokens,beyond_prefix_blocks,l2_hit_tokens,l2_hit_blocks_checked,downstream_absent_tokens,downstream_absent_blocks,unexplained_states,unexplained_after_promotion,root_rejected_tokens,root_rejected_blocks,unusable_after_rejected_tokens,unusable_after_rejected_blocks,absent_rejected_tokens,absent_rejected_blocks,downstream_rejected_tokens,downstream_rejected_blocks,root_evicted_tokens,root_evicted_blocks,unusable_after_evicted_tokens,unusable_after_evicted_blocks,absent_evicted_tokens,absent_evicted_blocks,downstream_evicted_tokens,downstream_evicted_blocks,root_compulsory_tokens,root_compulsory_blocks,unusable_after_compulsory_tokens,unusable_after_compulsory_blocks,absent_compulsory_tokens,absent_compulsory_blocks,downstream_compulsory_tokens,downstream_compulsory_blocks,root_unexplained_tokens,root_unexplained_blocks,unusable_after_unexplained_tokens,unusable_after_unexplained_blocks,absent_unexplained_tokens,absent_unexplained_blocks,downstream_unexplained_tokens,downstream_unexplained_blocks,root_loss_tokens,unusable_tokens,decision_loss_tokens,absent_loss_tokens,perblock_decision_loss_tokens,removal_rejections,removal_rejections_window,removal_promotions,resident_evictions,resident_evictions_window,evictions_with_orphans,evictions_with_orphans_window,share_evictions_with_orphans,share_evictions_with_orphans_window,orphaned_blocks,orphaned_blocks_window,orphaned_bytes,orphaned_bytes_window,orphaned_blocks_per_eviction,extra_fraction_of_input,extra_points,present_unusable_points,absent_rejected_points,absent_evicted_points,absent_compulsory_points,unusable_after_rejected_points,unusable_after_evicted_points,perblock_decision_loss_points,absent_rejected_share_of_decision_absent,absent_evicted_share_of_decision_absent,stat_decisions_seen,stat_rejections_seen,stat_evictions_seen,overridden_decisions_seen,decision_sha256,m1_pairs,m1_concordant,m1_tied,m1,stat_decisions,single_candidate_decisions,overridden_decisions,m2_agree,m2,m3_excess_sum,m3,m4_count,m4,m4_victim_at_horizon,stat_decisions_admission,single_candidate_decisions_admission,overridden_decisions_admission,m2_agree_admission,m2_admission,m3_excess_sum_admission,m3_admission,m4_count_admission,m4_admission,m4_victim_at_horizon_admission,stat_decisions_resident,single_candidate_decisions_resident,overridden_decisions_resident,m2_agree_resident,m2_resident,m3_excess_sum_resident,m3_resident,m4_count_resident,m4_resident,m4_victim_at_horizon_resident,reference_source,reference_avoided_prefill_tokens,reproduces_reference
conversation_trace,0.0025,1.0,"l1=0.0025,l2x1",all,16,all16,label_binary_6,horizon,6.0,0,main,464360509,464360509,58742117,5183,2662942,256599,2919541,256599,32768,64,267601,8231,265340,273571,275832,19.174382209777832,1273.890625,875.8828125,ba036e672040f3eadd38fde0b5047a912ffe3a603709c71e1c38837ed264abf5,5183,11,56079175,111981,256599,504,53209389,106241,0,0,11776,23,0,0,384000,750,372224,727,1080445,2113,32768,64,20367180,39804,19286735,37691,1488198,3036,0,0,35038628,70859,33550430,67823,0,0,0,0,0,0,0,0,2580419,32768,1124989,55789808,20783948,8231,3245,1811,265340,108172,125793,50998,0.4740823094897113,0.4714528713530304,615934,243157,632991393792,249593733120,2.3213009723373785,0.004368228676538845,0.4368228676538845,0.05578280401436673,0.6537047345433601,34.6721926960855,59.64822139454048,0.0,0.05578280401436673,35.38168023464323,0.018504971765461047,0.9814950282345389,273571,8231,265340,0,72e6a2b2a977015ddc41ecc32d5761ccd9ad3cb6a1fbdb2bb7e88e1ed961bb7b,10968535,6197605,2784233,0.6919539847390741,111417,0,0,79477,0.7133292046994624,55316.35731911548,0.4964804053162038,31996,0.2871734115978711,62,108972,0,0,77732,0.7133208530631722,54054.93948910068,0.496044300270718,31297,0.28720221708328747,62,2445,0,0,1745,0.7137014314928425,1261.4178300145966,0.5159173128894056,699,0.28588957055214725,0,,,
conversation_trace,0.0025,1.0,"l1=0.0025,l2x1",all,16,all16,label_binary_6,horizon,6.0,1,main,464360509,464360509,58742117,5183,2662942,256087,2919029,256087,32768,64,267593,8239,265329,273568,275832,19.389235973358154,1261.07421875,793.3427734375,c5e2a17e3c2319d204dca8ceca2633bda23e1b1089f665033510aea2c48cc07b,5183,11,56079175,111981,256087,503,53209901,106242,0,0,10752,21,0,0,387072,756,376320,735,1081469,2115,32768,64,20364620,39799,19283151,37684,1488198,3036,0,0,35038628,70859,33550430,67823,0,0,0,0,0,0,0,0,2580419,32768,1124989,55790320,20784460,8239,3246,1814,265329,108172,125842,51107,0.47428664035970436,0.4724605258292349,618884,245900,636047284224,252446681088,2.332515480780465,0.0043595126134116004,0.43595126134116,0.05578280401436673,0.658934372419707,34.66783466452188,59.64822139454048,0.0,0.05578280401436673,35.382551840955955,0.018652551319670703,0.9813474486803293,273568,8239,265329,0,2c5ee7d2ca7e6d3032b56a6e29dd5ed7fda655835e4557f4d1ad3a9ecb4619a4,10965122,6206487,2780751,0.6928206088359071,111418,0,0,79480,0.7133497280511228,55323.75331623114,0.4965423299308113,31997,0.28717980936652965,64,108992,0,0,77725,0.7131257339988256,54127.481905182955,0.4966188518898906,31325,0.28740641514973575,63,2426,0,0,1755,0.7234130255564716,1196.2714110481993,0.4931044563265455,672,0.27699917559769166,1,,,
conversation_trace,0.0025,1.0,"l1=0.0025,l2x1",all,16,all16,label_binary_6,horizon,6.0,2,main,464360509,464360509,58742117,5183,2662942,239703,2902645,239703,45568,89,267628,8204,265384,273588,275832,19.76620364189148,1260.01171875,949.873046875,918115e707aa84d3785fe30e0096de2d65da1d1a522e642d191635fa8cfbbdba,5183,11,56079175,111981,239703,471,53213082,106249,0,0,10240,20,0,0,381440,745,371200,725,1083005,2118,45568,89,20373836,39817,19290831,37699,1487577,3034,0,0,35038628,70859,33551051,67825,0,0,0,0,0,0,0,0,2580822,45568,1138813,55793904,20800844,8204,3232,1794,265384,108193,125844,51051,0.47419588219335,0.4718512288225671,623049,246169,640385191936,252697559040,2.3477263135682636,0.004080598593339767,0.40805985933397665,0.07757296183247873,0.6493467029797377,34.68352357815092,59.64822139454048,0.0,0.07757296183247873,35.41044324296314,0.018377977724796338,0.9816220222752037,273588,8204,265384,0,6f5778a72014a808c303fe5f0dded1fd78a6b9b113f176933d7989424f83f10c,10975155,6200002,2787844,0.6919195218655226,111425,0,0,79478,0.7132869643257796,55337.15930234217,0.4966314498751821,31995,0.28714381871213823,60,108993,0,0,77767,0.7135045369886139,54084.69701975147,0.49622174836688104,31274,0.28693585826612716,60,2432,0,0,1711,0.7035361842105263,1252.4622825905644,0.5149927148809886,721,0.2964638157894737,0,,,
conversation_trace,0.0025,1.0,"l1=0.0025,l2x1",all,16,all16,label_binary_6,horizon,6.0,3,main,464360509,464360509,58742117,5183,2662942,249981,2912923,249981,40410,79,267620,8212,265355,273567,275832,19.359636306762695,1279.57421875,816.23046875,69324ab1cbe3cca960df0e55a077c29513cd37a8fff1fa35cc035ea21f3e5cd2,5183,10,56079175,111981,249981,491,53207853,106238,0,0,10752,21,0,0,391168,764,380416,743,1081981,2116,40410,79,20358988,39788,19277007,37672,1488198,3036,0,0,35038628,70859,33550430,67823,0,0,0,0,0,0,0,0,2580931,40410,1133143,55788784,20790566,8212,3249,1815,265355,108165,125719,51135,0.4737766388423056,0.4727499653307447,617357,247081,634432849920,253603399680,2.3265323811497804,0.004255566751194888,0.4255566751194888,0.06879220917421142,0.6659072229215028,34.65824699508191,59.64822139454048,0.0,0.06879220917421142,35.39294642717763,0.018851328153870264,0.9811486718461297,273567,8212,265355,0,45427691d7baaf50deca66b83291dc769293fe6bdb15fab757f13ba50f4346a2,10968156,6206746,2781744,0.6926978427367372,111414,0,0,79473,0.7133125100974743,55309.89572086903,0.4964357775581977,31992,0.2871452420701169,60,108989,0,0,77740,0.713282991861564,54095.076666761925,0.4963351959074946,31299,0.2871757700318381,59,2425,0,0,1733,0.7146391752577319,1214.8190541069282,0.5009563109719292,693,0.28577319587628863,1,,,
conversation_trace,0.0025,1.0,"l1=0.0025,l2x1",all,16,all16,label_binary_6,horizon,6.0,4,main,464360509,464360509,58742117,5183,2662942,227965,2890907,227965,55258,108,267600,8232,265352,273584,275832,19.076560258865356,1274.9921875,967.5546875,c9ae00cdb594b1618a16f1529405b4065005a62c83f47cfbf792267711c86c8c,5183,10,56079175,111981,227965,448,53214624,106252,0,0,10240,20,0,0,389632,761,379392,741,1082493,2117,55258,108,20367692,39805,19285199,37688,1488595,3036,0,0,35038628,70859,33550033,67823,0,0,0,0,0,0,0,0,2581328,55258,1147991,55795952,20812582,8232,3252,1798,265352,108176,125715,51035,0.4737669209201363,0.4717774737464872,615158,243062,632241004544,249466118144,2.3182715788838975,0.0038807760367233616,0.3880776036723362,0.09406879224322133,0.6632924039833293,34.673064302398224,59.64822139454048,0.0,0.09406879224322133,35.43042549862478,0.01877082036200813,0.9812291796379918,273584,8232,265352,0,43baff2c765f7ac2110ff5e130e098ee23fd1b16686540c64634b753ea4bfccc,10975173,6203143,2786298,0.6921341467692582,111428,0,0,79474,0.7132318627275012,55380.091735297996,0.49700337200073585,32001,0.2871899343073554,55,108992,0,0,77753,0.7133826335877863,54123.13884686244,0.4965790043935559,31286,0.28704859072225486,55,2436,0,0,1721,0.7064860426929392,1256.95288843551,0.5159905124940517,715,0.29351395730706076,0,,,
conversation_trace,0.0025,1.0,"l1=0.0025,l2x1",all,16,all16,label_binary_15,horizon,15.0,0,main,464360509,464360509,58742117,5183,2662942,628543,3291485,628543,116736,228,266694,9138,262304,271442,275832,19.389959573745728,1274.5234375,814.494140625,c323cd78eafa422d74892cee643408ec80f7be6743c910ca3d3189f7894f3d03,5183,15,56079175,111981,628543,1231,52760827,105354,0,0,12800,25,0,0,439808,859,427008,834,1053458,2060,116736,228,19855460,38804,18802002,36744,1506811,3083,0,0,35038628,70859,33531817,67776,0,0,0,0,0,0,0,0,2573069,116736,1182994,55333896,20412004,9138,3636,3940,262304,106890,124185,50506,0.47343921556667073,0.4725044438207503,610406,242554,627193542656,248936613888,2.3270937538123704,0.010700039973023105,1.0700039973023103,0.19872623930118147,0.7487098226303284,33.801063043063294,59.64822139454048,0.0,0.19872623930118147,34.748499104994806,0.021670470180536666,0.9783295298194633,271442,9138,262304,0,3057ab1234853995d527d5e219facc1837f8b573ed60bf218e7420896c7bc5af,10975709,6496119,2636455,0.7119673544551882,110526,0,0,79475,0.719061578271176,51831.876673212944,0.46895641453787296,31109,0.2814631851329099,62,108100,0,0,77720,0.718963922294172,50705.101101488384,0.4690573644911044,30437,0.28156336725254394,61,2426,0,0,1755,0.7234130255564716,1126.7755717242126,0.46445819114765563,672,0.27699917559769166,1,,,
conversation_trace,0.0025,1.0,"l1=0.0025,l2x1",all,16,all16,label_binary_15,horizon,15.0,1,main,464360509,464360509,58742117,5183,2662942,637774,3300716,637774,111735,219,266672,9160,262263,271423,275832,19.48983073234558,1273.890625,780.75,056765f601367759b0a72b0102a5bab548fedd47fce85be5ab45648bf36b89c4,5183,14,56079175,111981,637774,1249,52755925,105344,0,0,11264,22,0,0,432128,844,420864,822,1054979,2063,111735,219,19858910,38810,18803931,36747,1507498,3084,0,0,35038628,70859,33531130,67775,0,0,0,0,0,0,0,0,2573741,111735,1177978,55329666,20402773,9160,3608,3959,262263,106907,124060,50411,0.4730366082901515,0.4715406848943474,613346,242704,630371100672,249142648832,2.3386676732897893,0.010857184462725442,1.0857184462725442,0.19021275654740194,0.7356357279394612,33.80693617153771,59.64822139454048,0.0,0.19021275654740194,34.73278465602457,0.02129649552674437,0.9787035044732556,271423,9160,262263,0,e59f973103b85389eabb2629203d4ba004ecf0702b2a18f0f69912607010f6b4,10968509,6504460,2632570,0.7130180592457918,110515,0,0,79479,0.7191693435280279,51791.53714521679,0.46863807759323883,31091,0.28132832647151973,64,108078,0,0,77727,0.7191750402487093,50621.9258158733,0.4683832585343298,30405,0.28132459890079387,63,2437,0,0,1752,0.7189167008617152,1169.611329343059,0.47993899439600285,686,0.2814936397209684,1,,,
conversation_trace,0.0025,1.0,"l1=0.0025,l2x1",all,16,all16,label_binary_15,horizon,15.0,2,main,464360509,464360509,58742117,5183,2662942,635711,3298653,635711,121463,238,266706,9126,262271,271397,275832,19.222992658615112,1261.07421875,793.3466796875,738df2d07ff881dab735af434667f5edf4e1888bf81934e5f0011cba5346e8bd,5183,15,56079175,111981,635711,1245,52748932,105330,0,0,13824,27,0,0,438784,857,424960,830,1051410,2056,121463,238,19844589,38782,18793179,36726,1507835,3085,0,0,35038628,70859,33530793,67774,0,0,0,0,0,0,0,0,2573069,121463,1186697,55322001,20404836,9126,3596,3986,262271,106906,124133,50461,0.4733005174037541,0.47201279628832804,610857,243914,627812945920,250355148800,2.3291061535587234,0.010822064856804531,1.0822064856804532,0.20677327648916705,0.7469666100048795,33.782556730122614,59.64822139454048,0.0,0.20677327648916705,34.73629661661666,0.02163269393113266,0.9783673060688673,271397,9126,262271,0,1849ebdb2a3d0297550a886b53ae420884210a6145fc45a58ffc7d6673cd3c57,10975179,6502402,2631524,0.712349566234865,110502,0,0,79475,0.7192177517149011,51738.12119555098,0.46820981697662467,31078,0.28124377839315123,60,108075,0,0,77717,0.7191024751330095,50621.11954524502,0.4683887998634746,30408,0.28136016655100626,59,2427,0,0,1758,0.7243510506798516,1117.001650305547,0.460239658139904,670,0.2760609806345282,1,,,
conversation_trace,0.0025,1.0,"l1=0.0025,l2x1",all,16,all16,label_binary_15,horizon,15.0,3,main,464360509,464360509,58742117,5183,2662942,614207,3277149,614207,135287,265,266693,9139,262283,271422,275832,19.173742532730103,1279.57421875,908.0634765625,2fd004ad35abbc5fcfda5d5a6b05e30c60360d2543e91bc7fe8dc8212b08456c,5183,15,56079175,111981,614207,1203,52755926,105345,0,0,12800,25,0,0,425984,832,413184,807,1052946,2059,135287,265,19865069,38822,18812123,36763,1508009,3084,0,0,35038628,70859,33530619,67775,0,0,0,0,0,0,0,0,2573755,135287,1201033,55329681,20426340,9139,3599,3959,262283,106915,123967,50380,0.4726459587544751,0.4712154515269139,607942,242109,624813350912,248530876416,2.3178856426074126,0.01045599020546025,1.0455990205460248,0.230306646932728,0.7251764521867674,33.817420982631596,59.64822139454048,0.0,0.230306646932728,34.772904081751086,0.020993686232055084,0.9790063137679449,271422,9139,262283,0,03475650bde04547908281285a876ecd5b38f5dc239a8e63d35e1bf671b6a536,10966910,6499386,2630088,0.7125461957834978,110514,0,0,79475,0.7191396565141068,51801.94556882018,0.4687365000707619,31091,0.28133087210670144,60,108092,0,0,77737,0.719174406986641,50638.30637234879,0.4684741365905783,30407,0.2813066646930393,60,2422,0,0,1738,0.717588769611891,1163.6391964709592,0.4804455807064241,684,0.282411230388109,0,,,
conversation_trace,0.0025,1.0,"l1=0.0025,l2x1",all,16,all16,label_binary_15,horizon,15.0,4,main,464360509,464360509,58742117,5183,2662942,618815,3281757,618815,126583,248,266704,9128,262326,271454,275832,19.307976484298706,1274.9921875,872.4423828125,65267ab0d4087d8a3e322be9b37a1eb1efb408b888a08b62a621a909f83e93f1,5183,15,56079175,111981,618815,1212,52760661,105353,0,0,11264,22,0,0,431104,842,419840,820,1055375,2064,126583,248,19864045,38820,18808670,36756,1506477,3082,0,0,35038628,70859,33532151,67777,0,0,0,0,0,0,0,0,2573116,126583,1193222,55333777,20421732,9128,3613,3928,262326,106913,124414,50612,0.4742724701325831,0.4733942551420314,607759,242293,624490033152,248652726272,2.3168080937459496,0.010534434773605453,1.0534434773605452,0.21548933961641184,0.7338925153140122,33.81567777000615,59.64822139454048,0.0,0.21548933961641184,34.76505962493657,0.02124172628641455,0.9787582737135855,271454,9128,262326,0,771829b8ee6f26dbd536e286ca76a62473536f939a1754b0d929fe35662e632c,10971821,6500153,2631009,0.7123391367759281,110526,0,0,79473,0.71904348298138,51822.19372645069,0.46886880667400155,31112,0.281490328067604,64,108096,0,0,77706,0.7188610124333925,50688.01957899021,0.4689166997760344,30449,0.2816847986974541,64,2430,0,0,1767,0.7271604938271605,1134.174147460094,0.4667383322881045,663,0.27283950617283953,0,,,
conversation_trace,0.0025,1.0,"l1=0.0025,l2x1",all,16,all16,label_binary_60,horizon,60.0,0,main,464360509,464360509,58742117,5183,2662942,3640438,6303380,3640438,689731,1348,201912,73920,180648,254568,275832,18.038031339645386,1260.84765625,900.6123046875,29f00ba70ab766251b3b406e2abcc6dd5ea9ea8ac391237c24049631f0a0bdd0,5183,31,56079175,111981,3640438,7122,49207605,98359,0,0,234252,458,84992,166,5493904,10731,5259652,10273,624363,1221,604739,1182,11216474,21921,10592111,20700,1682786,3473,0,0,35038628,70859,33355842,67386,0,0,0,0,0,0,0,0,2541401,689731,1548346,51749006,17400109,73920,33623,20814,180648,69887,78886,30108,0.4366834949736504,0.4308097357162276,314342,115045,320270757888,116915523584,1.7400801558832646,0.06197321761488439,6.197321761488439,1.1741677610972039,9.352580874809126,19.094432704902346,59.64822139454048,0.1446866479122637,1.0294811131849402,29.621181340808675,0.328771976313163,0.671228023686837,254568,73920,180648,0,dc27239f3a04ce659dbe4cb499c558c25693c6b248f058b758eab568e0cdb0a3,11897646,8079309,807315,0.7129953689998845,103510,0,0,81336,0.7857791517727756,28856.907622664083,0.27878376603868305,21136,0.20419283161047241,29,101179,0,0,79559,0.7863192955059845,28141.90406412392,0.27813977272086027,20671,0.20430128781664178,28,2331,0,0,1777,0.7623337623337624,715.0035585399686,0.30673683335047985,465,0.1994851994851995,1,,,
conversation_trace,0.0025,1.0,"l1=0.0025,l2x1",all,16,all16,label_binary_60,horizon,60.0,1,main,464360509,464360509,58742117,5183,2662942,3705099,6368041,3705099,623585,1218,201879,73953,180626,254579,275832,23.341694116592407,1275.171875,875.408203125,31ebbe181637051afb8fa499ba2c7bd42cb224c329bef9a0500b999a6622fcf4,5183,32,56079175,111981,3705099,7250,49210600,98362,0,0,229776,449,104448,204,5457684,10660,5227908,10211,626791,1226,519137,1014,11254179,21994,10627388,20768,1683324,3476,0,0,35038628,70859,33355304,67383,0,0,0,0,0,0,0,0,2539891,623585,1480152,51750491,17335448,73953,33524,20803,180626,69989,78958,30131,0.43713529613676877,0.4305105087942391,315244,115927,321039972352,117747990528,1.745285839247949,0.06307397807947575,6.307397807947575,1.0615637158599511,9.290921537608186,19.1586200408814,59.64822139454048,0.17780768779579395,0.8837560280641571,29.511105294349537,0.32657543925533616,0.6734245607446638,254579,73953,180626,0,7636bb53af53cb3d42bcc320f4efc6f8e3094f08e96216036e4986007574fc7d,11892172,8066067,812725,0.7124375177217417,103513,0,0,81370,0.7860848395853661,28832.847784328784,0.27854325335299707,21131,0.20413861060929545,28,101167,0,0,79574,0.7865608350549093,28097.582111781838,0.2777346576628924,20664,0.20425632864471616,26,2346,0,0,1796,0.7655583972719523,735.2656725467953,0.3134124776414302,467,0.1990622335890878,2,,,
conversation_trace,0.0025,1.0,"l1=0.0025,l2x1",all,16,all16,label_binary_60,horizon,60.0,2,main,464360509,464360509,58742117,5183,2662942,3709046,6371988,3709046,614400,1200,201872,73960,180616,254576,275832,17.995298147201538,1276.01953125,792.98046875,9e1c130651395b537881a5258bd8c9d39eec871f0d36f4e96de00d0173dab9a5,5183,31,56079175,111981,3709046,7256,49215491,98373,0,0,232848,455,83968,164,5502228,10747,5269380,10292,622813,1220,530432,1036,11214873,21919,10592060,20699,1684577,3477,0,0,35038628,70859,33354051,67382,0,0,0,0,0,0,0,0,2540238,614400,1470061,51755729,17331501,73960,33591,20806,180616,69933,78912,30122,0.4369048146343624,0.43072655255744785,312968,113980,318647283712,115699073024,1.732781148956903,0.0631411700739352,6.31411700739352,1.0459275752693762,9.366751286815216,19.091707232819,59.64822139454048,0.14294343528681475,0.9029841399825614,29.504386094903595,0.32913768960299994,0.6708623103970001,254576,73960,180616,0,cc708ee253196eacf4ecd295229b290e854852cc01d62cb047d4f88cad266ce3,11892135,8078018,808196,0.7132542642679385,103524,0,0,81338,0.7856922066380743,28874.862196203947,0.27891949882349937,21154,0.20433909045245546,27,101172,0,0,79525,0.7860376388724153,28173.350402977463,0.2784698375338776,20712,0.20472067370418692,26,2352,0,0,1813,0.7708333333333334,701.51179322635,0.29826181684793796,442,0.1879251700680272,1,,,
conversation_trace,0.0025,1.0,"l1=0.0025,l2x1",all,16,all16,label_binary_60,horizon,60.0,3,main,464360509,464360509,58742117,5183,2662942,3695852,6358794,3695852,628736,1228,201840,73992,180591,254583,275832,18.5871901512146,1273.890625,780.75390625,ff3cf223107817a46c413d79c8bd356ae30a37af4214e9efe8d1a24f58974eb5,5183,33,56079175,111981,3695852,7232,49214351,98371,0,0,244492,478,100352,196,5482128,10708,5237636,10230,612075,1197,528384,1032,11233831,21954,10621756,20757,1683669,3475,0,0,35038628,70859,33354959,67384,0,0,0,0,0,0,0,0,2540236,628736,1485303,51754587,17344695,73992,33654,20799,180591,69866,78825,30271,0.43648354569164577,0.4332722640483211,314724,114412,320536225792,116129785856,1.742744655049255,0.06291656121280069,6.291656121280069,1.0703325520256617,9.332533929616462,19.12398049937492,59.64822139454048,0.1708348372939981,0.8994977147316635,29.526846981017044,0.3279577318896272,0.6720422681103728,254583,73992,180591,0,e76a9183f288e0e3ca651427861ec58814fb294aacde825e4064c276add009c7,11891881,8067782,809183,0.7124502423123811,103520,0,0,81388,0.7862055641421948,28846.831228344727,0.2786594979554166,21100,0.20382534775888717,30,101169,0,0,79586,0.786663899020451,28130.308342589688,0.27805264797111456,20639,0.20400517945220373,30,2351,0,0,1802,0.7664823479370481,716.5228857549172,0.3047736647192332,461,0.1960867715865589,0,,,
conversation_trace,0.0025,1.0,"l1=0.0025,l2x1",all,16,all16,label_binary_60,horizon,60.0,4,main,464360509,464360509,58742117,5183,2662942,3654329,6317271,3654329,660480,1290,201736,74096,180503,254599,275832,18.17809247970581,1261.07421875,888.4599609375,893425774d041e0fccd86a91ba929a0d60d43f3eb57a48ea2b1ed62e4fdb96ae,5183,32,56079175,111981,3654329,7150,49224091,98390,0,0,234896,459,109056,213,5485891,10715,5250995,10256,622695,1218,551424,1077,11239847,21967,10617152,20749,1682684,3474,0,0,35038628,70859,33355944,67385,0,0,0,0,0,0,0,0,2540275,660480,1518071,51764366,17386218,74096,33655,20783,180503,69885,78863,30092,0.43690686581386456,0.4305931172640767,313579,114191,319230969856,115881660416,1.7372509044171012,0.06220969189789329,6.220969189789329,1.1243721434145793,9.33893989554377,19.134221873549432,59.64822139454048,0.18565214461031426,0.938719998804265,29.597533912507785,0.3279909681713297,0.6720090318286703,254599,74096,180503,0,e40416345fba24f48e77651b5b1166002995621e820d94ecaa361103f56bb83e,11896579,8071875,809572,0.7125292909835677,103540,0,0,81468,0.7868263473053893,28729.1672729381,0.2774692608937425,20985,0.20267529457214603,41,101180,0,0,79694,0.7876457797983791,27922.640793631712,0.2759699623802304,20507,0.2026783949397114,41,2360,0,0,1774,0.7516949152542373,806.5264793062208,0.34174850818060204,478,0.20254237288135593,0,,,
conversation_trace,0.0025,1.0,"l1=0.0025,l2x1",all,16,all16,label_binary_300,horizon,300.0,0,main,464360509,464360509,58742117,5183,2662942,878548,3541490,878548,276509,542,84686,191146,79365,270511,275832,19.07691192626953,1260.84765625,805.5,e14481f7c3a46cf751acc9c3d44b4a5627e46a1f9f7c887b7fd4e9a2c0544fc3,5183,17,56079175,111981,878548,1721,52353635,104552,0,0,229112,448,0,0,5383444,10517,5154332,10069,819738,1603,276509,542,14502046,28342,13682308,26739,1521633,3115,0,0,35038628,70859,33516995,67744,0,0,0,0,0,0,0,0,2570483,276509,1325359,54924118,20161999,191146,77214,4871,79365,32489,34920,14095,0.43999243999244,0.43383914555695774,167489,65173,175122116608,68041656320,2.1103635103635106,0.01495601528967708,1.495601528967708,0.4707167771975259,9.164538622263137,24.687646173868742,59.64822139454048,0.0,0.4707167771975259,34.3229015733294,0.2707222200710166,0.7292777799289833,270511,191146,79365,0,5a26c214f25efc4e2f37d86565faa8bafe1af4c00afc18f6d0dd5352dc4f2afc,13529280,6705375,1368034,0.54617777147047,109703,0,0,86080,0.7846640474736334,29050.784552156507,0.2648130365820124,521,0.004749186439750964,1,108428,0,0,85650,0.7899251115947911,27994.82360505057,0.2581881396415185,519,0.004786586490574391,1,1275,0,0,430,0.33725490196078434,1055.9609471059186,0.828204664396799,2,0.001568627450980392,0,,,
conversation_trace,0.0025,1.0,"l1=0.0025,l2x1",all,16,all16,label_binary_300,horizon,300.0,1,main,464360509,464360509,58742117,5183,2662942,920020,3582962,920020,242892,475,84571,191261,79236,270497,275832,43.56502437591553,1261.7578125,793.0439453125,b82b8966ba2e38e5405c491a8d613680d5a6264eaee412fdcc8e9f1d1f7709c7,5183,17,56079175,111981,920020,1802,52346133,104538,0,0,232184,454,0,0,5385492,10521,5153308,10067,815642,1595,242892,475,14492143,28324,13676501,26729,1522304,3117,0,0,35038628,70859,33516324,67742,0,0,0,0,0,0,0,0,2570130,242892,1290718,54916263,20120527,191261,77243,4885,79236,32447,34839,14025,0.4396865061335756,0.4322433506949795,165060,64186,172592545792,67007528960,2.0831440254429805,0.01566201640298391,1.566201640298391,0.4134886728716297,9.168025047514035,24.670787741613058,59.64822139454048,0.0,0.4134886728716297,34.25230146199872,0.2709322311230687,0.7290677688769313,270497,191261,79236,0,a53c44444d86f5b5920e95e401e6ae76853ccf47b24f0d8ee1b5a24ed38f4559,13525882,6694329,1372337,0.5456573922499102,109690,0,0,86072,0.78468410976388,28976.970408713132,0.26417148699711124,548,0.0049958975294010395,2,108420,0,0,85657,0.7900479616306955,27913.007625260896,0.25745256986958953,543,0.005008301051466519,2,1270,0,0,415,0.32677165354330706,1063.9627834521907,0.8377659712221974,5,0.003937007874015748,0,,,
conversation_trace,0.0025,1.0,"l1=0.0025,l2x1",all,16,all16,label_binary_300,horizon,300.0,2,main,464360509,464360509,58742117,5183,2662942,936415,3599357,936415,231936,453,84563,191269,79219,270488,275832,20.051644563674927,1275.171875,780.291015625,7a9bdf57effd36cf5f0932ff500891455996b09c9c4cf68949af9781670966ad,5183,19,56079175,111981,936415,1835,52340795,104529,0,0,233720,457,0,0,5384980,10520,5151260,10063,812058,1588,231936,453,14487216,28314,13675158,26726,1524251,3119,0,0,35038628,70859,33514377,67740,0,0,0,0,0,0,0,0,2570029,231936,1277714,54910824,20104132,191269,77324,4894,79219,32355,34898,14080,0.4405256314772971,0.4351723072168135,166261,64202,173853138944,67040514048,2.0987515621252477,0.015941117682224493,1.5941117682224493,0.3948376596641895,9.167153441201311,24.662400233209166,59.64822139454048,0.0,0.3948376596641895,34.22439133407467,0.2709806203602259,0.729019379639774,270488,191269,79219,0,ae8cef0d03183cb8ee7dce503de2308dc126183bf3d149d3db474a7509ca8f90,13528903,6683462,1373994,0.5447935431276283,109679,0,0,86134,0.7853280938010011,29000.75262582458,0.26441481619840246,492,0.004485817704391907,0,108415,0,0,85697,0.790453350551123,27974.021337700047,0.25802722259558225,488,0.004501222155605774,0,1264,0,0,437,0.34572784810126583,1026.7312881244357,0.812287411490851,4,0.0031645569620253164,0,,,
conversation_trace,0.0025,1.0,"l1=0.0025,l2x1",all,16,all16,label_binary_300,horizon,300.0,3,main,464360509,464360509,58742117,5183,2662942,901280,3564222,901280,265041,519,84656,191176,79312,270488,275832,18.939395904541016,1276.01953125,697.8486328125,4fc532705d78dfe87f93fda7801146d2d2525e459c8e304d8dc0b7e5fc6cf27f,5183,18,56079175,111981,901280,1766,52342097,104531,0,0,232696,455,0,0,5383956,10518,5151260,10063,817690,1599,265041,519,14490270,28319,13672580,26720,1520371,3111,0,0,35038628,70859,33518257,67748,0,0,0,0,0,0,0,0,2570757,265041,1315427,54912854,20139267,191176,77261,4894,79312,32421,34890,14090,0.4399082106112568,0.4345948613552944,167122,64785,174748958720,67635167232,2.1071464595521485,0.015342994873678115,1.5342994873678115,0.4511941576773612,9.165410228575862,24.667599228676078,59.64822139454048,0.0,0.4511941576773612,34.284203614929304,0.27090141774577786,0.7290985822542221,270488,191176,79312,0,07e5ec633f0d5d0140785b6935ce8c78e3e3afae9397a360e2ceacc9a5831adc,13525733,6698411,1371650,0.5459398023012875,109682,0,0,86110,0.7850877992742656,28973.124804800653,0.26415569377656,497,0.004531281340602834,0,108417,0,0,85686,0.7903373087246465,27930.49086436009,0.2576209530272936,497,0.0045841519318926,0,1265,0,0,424,0.33517786561264823,1042.6339404404641,0.8242165537078768,0,0.0,0,,,
conversation_trace,0.0025,1.0,"l1=0.0025,l2x1",all,16,all16,label_binary_300,horizon,300.0,4,main,464360509,464360509,58742117,5183,2662942,910496,3573438,910496,249856,488,84682,191150,79361,270511,275832,31.623984575271606,1274.5234375,814.4814453125,1216cd71af0f9375b42f03ecd2413a581f1cbd67e147317198ea4adbdfcbe816,5183,18,56079175,111981,910496,1784,52348409,104544,0,0,232696,455,0,0,5382932,10516,5150236,10061,814618,1593,249856,488,14497263,28334,13682645,26741,1523100,3117,0,0,35038628,70859,33515528,67742,0,0,0,0,0,0,0,0,2570414,249856,1297170,54918823,20130051,191150,77235,4871,79361,32459,34916,14118,0.4399642141606079,0.43494870451954776,166120,63874,173708863488,66692370432,2.0932195914870024,0.015499884009968521,1.549988400996852,0.4253438806095463,9.163667015950413,24.679503804740303,59.64822139454048,0.0,0.4253438806095463,34.26851470130026,0.27076857143503874,0.7292314285649613,270511,191150,79361,0,e0f769c4331e8949c5762f4507763f672b813628a54cc2994f8725c326ec108b,13531290,6689740,1368598,0.544962010273965,109694,0,0,86074,0.7846737287363028,29028.86401886714,0.26463493006789013,498,0.004539901908946706,0,108447,0,0,85638,0.7896760629616311,28028.814649594533,0.2584563394985065,496,0.004573662710817265,0,1247,0,0,436,0.3496391339214114,1000.0493692725371,0.8019642095208798,2,0.0016038492381716118,0,,,
conversation_trace,0.0025,1.0,"l1=0.0025,l2x1",all,16,all16,label_binary_600,horizon,600.0,0,main,464360509,464360509,58742117,5183,2662942,733140,3396082,733140,260812,510,98133,177699,93807,271506,275832,18.81707787513733,1260.01171875,858.060546875,c621fec534cc3b47d772c7db45a083aecd3a0825c399650f6c1ca01edc354f93,5183,17,56079175,111981,733140,1437,52513195,104868,0,0,73596,144,0,0,2054524,4013,1980928,3869,983446,1923,260812,510,17992071,35162,17008625,33239,1514986,3099,0,0,35038628,70859,33523642,67760,0,0,0,0,0,0,0,0,2572028,260812,1317854,55085223,20307407,177699,73027,3876,93807,36993,42385,16487,0.45183195283934036,0.44567891222663747,204573,77699,214067271680,81205504000,2.1807860820621063,0.012480653361539558,1.2480653361539558,0.44399489381698654,3.4975314219608395,30.628911450365333,59.64822139454048,0.0,0.44399489381698654,34.57043776614316,0.1024874299101668,0.8975125700898332,271506,177699,93807,0,607e64a77a5048c2a69e5d251efa32862d035161a1d7da70575e3db54911221e,13508757,6602193,1674056,0.550696189146048,110020,0,0,82878,0.753299400109071,40297.05778156421,0.36627029432434294,0,0.0,0,108827,0,0,82480,0.7579001534545655,39122.046417441095,0.35948842123224106,0,0.0,0,1193,0,0,398,0.3336127409891031,1175.0113641231383,0.9849215122574504,0,0.0,0,error_location_001,3396082,True
conversation_trace,0.0025,1.0,"l1=0.0025,l2x1",all,16,all16,label_binary_600,horizon,600.0,1,main,464360509,464360509,58742117,5183,2662942,707247,3370189,707247,273920,535,98008,177824,93674,271498,275832,18.93810200691223,1279.57421875,911.3603515625,6eb42a534950f17148ac43e38dd41374440928e481b1a913a6ffa857ebddf3d8,5183,17,56079175,111981,707247,1387,52525815,104893,0,0,73596,144,0,0,2059644,4023,1986048,3879,984455,1925,273920,535,17999736,35177,17015281,33252,1514142,3097,0,0,35038628,70859,33524486,67762,0,0,0,0,0,0,0,0,2572193,273920,1331971,55098008,20333300,177824,73123,3884,93674,36921,42360,16411,0.4522065888079937,0.4444895858725387,205382,76673,214935121920,80136196096,2.1925187351879925,0.012039862301864265,1.2039862301864266,0.46630937730759686,3.506247485088084,30.641960009715007,59.64822139454048,0.0,0.46630937730759686,34.614516872110684,0.10267735094504417,0.8973226490549558,271498,177824,93674,0,1e959e150abee20c1cc1fc8d93ccf8be00bc9dd2bb086f891fd0d39c3500e390,13514868,6598074,1673297,0.5501143259408823,110044,0,0,82864,0.7530078877539893,40517.48749965303,0.3681935180441735,0,0.0,0,108837,0,0,82480,0.757830517195439,39291.77398215686,0.3610148569159097,0,0.0,0,1207,0,0,384,0.31814415907207955,1225.7135174962984,1.0155041569977619,0,0.0,0,error_location_001,3370189,True
conversation_trace,0.0025,1.0,"l1=0.0025,l2x1",all,16,all16,label_binary_600,horizon,600.0,2,main,464360509,464360509,58742117,5183,2662942,754351,3417293,754351,232767,455,98185,177647,93836,271483,275832,26.276297330856323,1274.5234375,909.599609375,beea5345a7703d4ab77868e9de64be95761404c6897cc530be29f5d930667080,5183,17,56079175,111981,754351,1479,52519661,104881,0,0,74108,145,0,0,2060187,4025,1986079,3880,982407,1921,232767,455,17993242,35163,17010835,33242,1515881,3100,0,0,35038628,70859,33522747,67759,0,0,0,0,0,0,0,0,2572396,232767,1289282,55092057,20286196,177647,72966,3899,93836,37067,42313,16456,0.45092501811671426,0.4439528421507001,207757,77404,217401929728,80892112896,2.2140436506244936,0.012841740109570787,1.2841740109570787,0.39625231756628726,3.5071718644392744,30.630904909334472,59.64822139454048,0.0,0.39625231756628726,34.534329091340034,0.10273489885445526,0.8972651011455447,271483,177647,93836,0,3b9fab0e874318905030ce6081157a861d61a07d4cc244fe4dcc066b59101a7e,13509188,6599753,1671344,0.5503976256752071,110033,0,0,82872,0.7531558714203921,40440.69254738901,0.3675323998017777,0,0.0,0,108792,0,0,82468,0.7580336789469814,39194.96153507771,0.3602742989840954,0,0.0,0,1241,0,0,404,0.32554391619661566,1245.7310123114842,1.0038122581075617,0,0.0,0,error_location_001,3417293,True
conversation_trace,0.0025,1.0,"l1=0.0025,l2x1",all,16,all16,label_binary_600,horizon,600.0,3,main,464360509,464360509,58742117,5183,2662942,717780,3380722,717780,263884,516,98145,177687,93819,271506,275832,18.87999963760376,1260.84765625,805.5,47a3d8dfa0fd1cac73956a9d5f60ff66153c4f173ef3e8c1aca91f5e898bd04e,5183,17,56079175,111981,717780,1407,52525003,104892,0,0,72572,142,0,0,2059163,4023,1986591,3881,988054,1932,263884,516,17999720,35176,17011666,33244,1511882,3092,0,0,35038628,70859,33526746,67767,0,0,0,0,0,0,0,0,2572508,263884,1324510,55097511,20322767,177687,73006,3876,93819,37037,42419,16470,0.45213656082456644,0.44469044469044466,207568,77553,217205194752,81038817280,2.2124303179526534,0.012219171467722214,1.2219171467722214,0.44922453169333343,3.5054286518138253,30.641932772017732,59.64822139454048,0.0,0.44922453169333343,34.596585955524894,0.1026559155861271,0.8973440844138729,271506,177687,93819,0,cb5917ec8aa9cea5be4dadde38b8cf91f69cda7731a9634c49cdda5dae3ffce2,13511916,6601615,1677106,0.5506375261657932,110043,0,0,82873,0.7530965168161536,40444.19546037295,0.36753083304138334,0,0.0,0,108803,0,0,82462,0.7579018960874241,39160.106535106584,0.359917525574723,0,0.0,0,1240,0,0,411,0.33145161290322583,1284.0889252664604,1.0355555848923068,0,0.0,0,error_location_001,3380722,True
conversation_trace,0.0025,1.0,"l1=0.0025,l2x1",all,16,all16,label_binary_600,horizon,600.0,4,main,464360509,464360509,58742117,5183,2662942,746964,3409906,746964,241163,472,98074,177758,93738,271496,275832,18.7894606590271,1274.9921875,872.4462890625,3a884637f9714941e15360cbd225d5fc00cdba374ca30283ff107a402dd124a5,5183,17,56079175,111981,746964,1464,52518547,104879,0,0,73596,144,0,0,2057596,4019,1984000,3875,984982,1926,241163,472,17994824,35167,17009842,33241,1513923,3096,0,0,35038628,70859,33524705,67763,0,0,0,0,0,0,0,0,2572501,241163,1299741,55091048,20293583,177758,73098,3886,93738,36933,42355,16435,0.45184450276302035,0.44499499092952105,205261,78891,214811029504,82451806208,2.189730952228552,0.012715987065975168,1.2715987065975167,0.4105452992101051,3.5027610598371863,30.633598036652305,59.64822139454048,0.0,0.4105452992101051,34.5469043956996,0.1026108569439499,0.8973891430560501,271496,177758,93738,0,208ae06df1a3e32ee6b936335413f46e4ad51418eb08d63b5536439216d8fafb,13516171,6601814,1677036,0.5504763146308226,110031,0,0,82879,0.753233179740255,40386.5555659635,0.367047064608733,0,0.0,0,108824,0,0,82489,0.7580037491729765,39162.10243285358,0.3598664121228183,0,0.0,0,1207,0,0,390,0.3231151615575808,1224.453133110026,1.0144599280116207,0,0.0,0,error_location_001,3409906,True
conversation_trace,0.0025,1.0,"l1=0.0025,l2x1",all,16,all16,evict_binary_learned,class_order,,0,main,464360509,464360509,58742117,5183,2662942,1538560,4201502,1538560,648222,1267,85409,190423,74279,264702,275832,111.06092238426208,1261.07421875,1000.435546875,aba1e676407a697426793da7d45d917bf4352851c24ee915f1b3fe434a4ca847,5183,3,56079175,111981,1538560,3005,51307514,102529,0,0,698921,1368,110110,216,12954137,25316,12255216,23948,393291,769,538112,1051,5899628,11534,5506337,10765,1492667,3043,0,0,35038628,70859,33545961,67816,0,0,0,0,0,0,0,0,2584879,648222,1740434,53892393,19501987,190423,78925,10688,74279,28779,22517,8462,0.3031408608085731,0.29403384412245037,60904,22645,63615813632,23633987584,0.8199356480297257,0.026191769697370627,2.6191769697370626,1.103504662591578,22.05255387714406,10.043267592824412,59.64822139454048,0.18744642791814942,0.9160582346734286,33.19932613256005,0.6870848872890906,0.3129151127109095,264702,190423,74279,26991,b224ad003d5e65b4337d737e3e19d67fa29fb10d3117f0bdecf2e819366f1d23,13356165,8083111,90,0.6052003700163932,107704,0,10432,51608,0.47916511921562804,36191.42907945253,0.3360267871151724,8409,0.07807509470400356,4,106298,0,10432,51072,0.48046059192082635,35421.39128423908,0.33322726000714104,8409,0.07910779130369339,4,1406,0,0,536,0.3812233285917496,770.0377952132881,0.5476797974489958,0,0.0,0,,,
conversation_trace,0.0025,1.0,"l1=0.0025,l2x1",all,16,all16,evict_binary_learned,class_order,,1,main,464360509,464360509,58742117,5183,2662942,1578496,4241438,1578496,584734,1143,84989,190843,73945,264788,275832,110.78379654884338,1275.171875,927.150390625,33e67fb024ae53d8c7f8afc334edb4d3bdd3c7d029552c871848ec4272a5c6bc,5183,3,56079175,111981,1578496,3083,51330294,102575,0,0,693891,1358,122910,241,12968873,25344,12274982,23986,399484,781,461824,902,5908444,11552,5508960,10771,1492276,3041,0,0,35038628,70859,33546352,67818,0,0,0,0,0,0,0,0,2585651,584734,1678109,53915945,19462051,190843,78740,10602,73945,29010,22121,8475,0.29915477719926975,0.2921406411582213,59991,22205,62662795264,23180511232,0.8112921766177564,0.02687162262129572,2.687162262129572,0.9954254798137425,22.07763979633216,10.058275564021637,59.64822139454048,0.20923658573626142,0.786188894077481,33.13134084016754,0.6870082755934013,0.31299172440659867,264788,190843,73945,27074,fa98d247d3ad07e47bf6a4817e14e4afdaea36560aa2de0745789b337d432195,13363707,8100427,70,0.6061538164522763,107750,0,10604,51098,0.47422737819025523,36348.52403390491,0.33734129033786464,8439,0.07832018561484919,0,106383,0,10604,50594,0.47558350488329904,35528.860650640745,0.33397122332177837,8439,0.07932658413468317,0,1367,0,0,504,0.3686905632772495,819.6633832642137,0.5996074493520217,0,0.0,0,,,
conversation_trace,0.0025,1.0,"l1=0.0025,l2x1",all,16,all16,evict_binary_learned,class_order,,2,main,464360509,464360509,58742117,5183,2662942,1581056,4243998,1581056,595998,1165,84829,191003,73704,264707,275832,121.00931763648987,1261.1796875,993.021484375,2d0b890a9cec4399bd5f7aece09c7c2ba0cdbe2cd53cb54a723e1f35df7f1832,5183,3,56079175,111981,1581056,3088,51316957,102548,0,0,695960,1362,172062,337,12971192,25349,12275232,23987,395748,774,423936,828,5892301,11520,5496553,10746,1493456,3044,0,0,35038628,70859,33545172,67815,0,0,0,0,0,0,0,0,2585164,595998,1687706,53902121,19459491,191003,78518,10683,73704,29204,22227,8601,0.30157114946271574,0.29451445007533217,60295,22869,62979690496,23862464512,0.8180695755996961,0.026915202936931944,2.691520293693195,1.014600818693681,22.081587560080614,10.030794429829623,59.64822139454048,0.29291079175781154,0.7216900269358696,33.12698280860392,0.6876346814452657,0.31236531855473426,264707,191003,73704,26845,4a48a0d6727d644ce801deae66b442e13b8c8b23277d136f410183c77aa29ae5,13350268,8108623,78,0.6073782189241445,107722,0,10747,50766,0.47126863593323554,36413.16837215419,0.3380290782955589,8537,0.0792502924193758,3,106347,0,10747,50237,0.47238756147329025,35634.16143237633,0.3350744396398237,8537,0.08027494898774766,3,1375,0,0,529,0.38472727272727275,779.0069397777895,0.5665505016565742,0,0.0,0,,,
conversation_trace,0.0025,1.0,"l1=0.0025,l2x1",all,16,all16,evict_binary_learned,class_order,,3,main,464360509,464360509,58742117,5183,2662942,1610240,4273182,1610240,566814,1108,84881,190951,73767,264718,275832,109.22050881385803,1260.84765625,997.671875,286ab92c6ea7ab9458565340fde7609b862c9ab64c63019267c05af2dc0e389d,5183,3,56079175,111981,1610240,3145,51316869,102548,0,0,688147,1347,77854,153,12961349,25329,12273202,23982,403180,788,488960,955,5902144,11540,5498964,10752,1493925,3045,0,0,35038628,70859,33544703,67814,0,0,0,0,0,0,0,0,2585252,566814,1658141,53902121,19430307,190951,79118,10672,73767,28605,22154,8304,0.3003239931134518,0.2902988987939171,60389,22498,63100006400,23500292096,0.8186451936502772,0.0274120185351849,2.74120185351849,0.9649192588683857,22.064831269189703,10.047550720720535,59.64822139454048,0.13253523021650718,0.8323840286518785,33.077301248778625,0.6871128798892124,0.31288712011078756,264718,190951,73767,26780,304d31b920e498dab0696827d953d79f38f81706921367679d2c83e1c6bd5f0f,13352389,8126935,76,0.6086531032012323,107723,0,10723,50530,0.4690734569219201,36497.21493710502,0.3388061503774033,8686,0.08063273395653667,1,106367,0,10723,50029,0.47034324555548246,35701.364523534176,0.33564324013588964,8686,0.08166066543194787,1,1356,0,0,501,0.3694690265486726,795.8504135708525,0.5869103344917792,0,0.0,0,,,
conversation_trace,0.0025,1.0,"l1=0.0025,l2x1",all,16,all16,evict_binary_learned,class_order,,4,main,464360509,464360509,58742117,5183,2662942,1545728,4208670,1545728,641761,1255,84890,190942,73803,264745,275832,200.08482146263123,1260.01171875,998.412109375,43f53f5f1120afd0c80639fd4f337d6d2a92868ff2d96f98b4d9723b60cbf481,5183,3,56079175,111981,1545728,3019,51306048,102527,0,0,689600,1350,113889,224,12928230,25265,12238630,23915,403263,788,527872,1031,5924828,11583,5521565,10795,1492775,3042,0,0,35038628,70859,33545853,67817,0,0,0,0,0,0,0,0,2585638,641761,1734624,53891686,19494819,190942,78557,10645,73803,29144,22194,8540,0.30071948294784767,0.2930277244029646,60367,22873,63051913216,23883806720,0.817947779900546,0.026313794581152055,2.6313794581152057,1.09250573996167,22.008450938191416,10.08616696602882,59.64822139454048,0.19387963154273108,0.898626108418939,33.18712364418191,0.6857364996171974,0.3142635003828026,264745,190942,73803,26957,d6178e3e9699e56e128e05bd27bd95080d0b146608174f746e733d799a6fef50,13334005,8094636,82,0.6070701938389853,107701,0,10612,51271,0.4760494331528955,36308.63060856591,0.33712435918483497,8478,0.07871793205262718,0,106325,0,10612,50755,0.47735715965201037,35469.895888859806,0.3335988327191141,8478,0.07973665647778039,0,1376,0,0,516,0.375,838.7347197059526,0.6095455811816516,0,0.0,0,,,
conversation_trace,0.0025,1.0,"l1=0.0025,l2x1",all,16,all16,evict_binary_recency,class_order,,0,main,464360509,464360509,58742117,5183,2662942,624832,3287774,624832,327372,640,202154,73678,197789,271467,275832,62.70439648628235,1276.01953125,990.619140625,18538560f562f0725699cf7cfa6e821f205f67b8a34f498c58ec2a14a36784d8,5183,8,56079175,111981,624832,1223,52548221,104943,0,0,184439,363,135680,265,3383417,6620,3198978,6257,891434,1743,191692,375,16704926,32639,15813492,30896,1502877,3069,0,0,35038628,70859,33535751,67790,0,0,0,0,0,0,0,0,2578750,327372,1403245,55126971,20415715,73678,29683,3919,197789,80425,79202,31860,0.40043682914621137,0.39614547715262666,255922,100681,267514474496,105180301312,1.293914221721127,0.010636865538911374,1.0636865538911375,0.557303714471169,5.759780499568989,28.43773233436582,59.64822139454048,0.23097567287198723,0.3263280415991817,34.75481654840598,0.16842688319290447,0.8315731168070956,271467,73678,197789,127156,00421e4583d0515775a427cbb3a089e2a18360aea95c4f9d38fa9695e1b5f2d4,13494541,7418815,1417914,0.6023007377575865,110108,0,51372,47083,0.4276074399680314,48278.970050758886,0.43846923067133076,14848,0.13484942056889598,0,108857,0,51372,46244,0.424814205792921,47671.54891790894,0.437928189440357,14848,0.1363991291327154,0,1251,0,0,839,0.6706634692246203,607.4211328499083,0.4855484675059219,0,0.0,0,,,
conversation_trace,0.0025,1.0,"l1=0.0025,l2x1",all,16,all16,evict_binary_recency,class_order,,1,main,464360509,464360509,58742117,5183,2662942,576674,3239616,576674,355977,697,202724,73108,198345,271453,275832,65.60421800613403,1260.84765625,945.06640625,7aa394a38fa7419c3b2c02e4f9296f4513230b9a6ed4489d6afe81adc6a5c65c,5183,7,56079175,111981,576674,1128,52567771,104980,0,0,168100,332,86528,169,3253320,6369,3085220,6037,910244,1779,269449,528,16854576,32928,15944332,31149,1500409,3065,0,0,35038628,70859,33538219,67794,0,0,0,0,0,0,0,0,2578753,355977,1434321,55146524,20463873,73108,29185,3934,198345,80961,79496,32236,0.4007965917971212,0.3981670186880103,254079,101043,265559785472,105541550080,1.2809952355743779,0.0098170448981265,0.9817044898126501,0.6059996101264107,5.538309080689073,28.69248992166898,59.64822139454048,0.14730146685043713,0.4586981432759735,34.836798612484465,0.16179315826976626,0.8382068417302337,271453,73108,198345,127696,f64d75cbb6375cfb6c645f7d4f14318853546937b07f1cfd4920b8ebc15d41fd,13514266,7437315,1423268,0.602988649180059,110146,0,51695,46624,0.42329272057087863,48503.51814060289,0.44035660069909843,14915,0.13541118152270623,0,108883,0,51695,45791,0.4205523359936813,47858.802474537246,0.4395433857860019,14915,0.13698189800060614,0,1263,0,0,833,0.6595407759303247,644.7156660656096,0.5104637102657242,0,0.0,0,,,
conversation_trace,0.0025,1.0,"l1=0.0025,l2x1",all,16,all16,evict_binary_recency,class_order,,2,main,464360509,464360509,58742117,5183,2662942,593421,3256363,593421,372224,727,204009,71823,199535,271358,275832,64.23550844192505,1279.57421875,955.810546875,7e4db42ec459cea3d83b5dfd63f5461ee93e6a30d6add4c6361a5ff2aeb51cad,5183,11,56079175,111981,593421,1163,52536269,104919,0,0,160673,316,123392,241,3152390,6170,2991717,5854,911795,1782,248832,486,16922512,33062,16010717,31280,1504793,3074,0,0,35038628,70859,33533835,67785,0,0,0,0,0,0,0,0,2577261,372224,1444692,55113530,20447126,71823,29044,4029,199535,81038,80360,32430,0.40273636204174706,0.4001826303709371,257795,102626,269486602240,107230377984,1.2919788508281755,0.010102138470767064,1.0102138470767066,0.633657789350697,5.366490281581101,28.80814118428861,59.64822139454048,0.2100571213665997,0.42360066798409735,34.80828925522041,0.15703140169750268,0.8429685983024973,271358,71823,199535,128106,0ea86d589abff2e94ccea1cf76b2a0815ea72806af385b59bdcb06a0bcf456ee,13497221,7425334,1434496,0.6032784081997323,110082,0,51424,46858,0.4256645046419941,48154.13270923437,0.43743875210510685,14937,0.1356897585436311,0,108832,0,51424,46034,0.4229822111143781,47540.96993943076,0.43682896518883013,14937,0.13724823581299617,0,1250,0,0,824,0.6592,613.1627698035801,0.49053021584286405,0,0.0,0,,,
conversation_trace,0.0025,1.0,"l1=0.0025,l2x1",all,16,all16,evict_binary_recency,class_order,,3,main,464360509,464360509,58742117,5183,2662942,550547,3213489,550547,401527,785,200949,74883,196545,271428,275832,62.5854606628418,1260.01171875,997.7763671875,d4287d0d2a215c3c488e433c292e83ec6b561b9d73a77beb068058dbc379cc3a,5183,8,56079175,111981,550547,1077,52548706,104944,0,0,182518,359,119808,234,3424348,6703,3241830,6344,894275,1748,281719,551,16664125,32557,15769850,30809,1501602,3068,0,0,35038628,70859,33537026,67791,0,0,0,0,0,0,0,0,2578395,401527,1478320,55127101,20490000,74883,29962,3958,196545,80147,78839,31772,0.4011244244320639,0.39642157535528466,252949,100210,264424536064,104705734656,1.2869775369508256,0.009372270325225085,0.9372270325225085,0.6835419295494577,5.829459636260641,28.368274503964507,59.64822139454048,0.20395587717752836,0.4795860523719293,34.88127606977461,0.17046332989072888,0.8295366701092711,271428,74883,196545,127852,ca0f2c1114fa818b03ce45d4a898e14f204224e2843b8a8fc022738f0e774ea3,13496814,7430250,1406918,0.6026391858108143,110109,0,51592,46782,0.4248699016429175,48121.503687021795,0.43703515323017916,14809,0.1344940013986141,0,108881,0,51592,45964,0.42214895160771854,47501.36076079629,0.4362685937931897,14809,0.13601087425721659,0,1228,0,0,818,0.6661237785016286,620.142926225522,0.5050023829198063,0,0.0,0,,,
conversation_trace,0.0025,1.0,"l1=0.0025,l2x1",all,16,all16,evict_binary_recency,class_order,,4,main,464360509,464360509,58742117,5183,2662942,618078,3281020,618078,342437,670,203319,72513,198915,271428,275832,84.27096486091614,1261.1796875,940.1533203125,58008342480352d3a969000c2e8ec631721610419000a1bd1b22d4bb9b83f887,5183,8,56079175,111981,618078,1210,52539322,104926,0,0,173687,342,110809,217,3129950,6125,2956263,5783,902067,1763,231628,453,16950082,33117,16048015,31354,1503584,3070,0,0,35038628,70859,33535044,67789,0,0,0,0,0,0,0,0,2579338,342437,1418191,55118660,20422469,72513,28374,3961,198915,81719,79765,32638,0.40100042731820124,0.3993930420098141,255427,102454,266971693056,107025799168,1.2841012492773296,0.010521888409299242,1.0521888409299243,0.5829497088094391,5.328289411156224,28.855075141401525,59.64822139454048,0.1886363748177479,0.39431333399169116,34.76631426136719,0.1558737555796724,0.8441262444203276,271428,72513,198915,127852,3547869ada7a2e3315289f0d04ed0a44e7a3c2555cd8768b0ca4c3555c12c51e,13492053,7417528,1431342,0.602814041717743,110093,0,51757,46501,0.42237926117010166,48147.46344006539,0.437334466678766,14920,0.13552178612627505,0,108833,0,51757,45645,0.41940404105372453,47529.64896909239,0.436720929948567,14920,0.13709077210037396,0,1260,0,0,856,0.6793650793650794,617.8144709729471,0.4903289452166247,0,0.0,0,,,
conversation_trace,0.0025,1.0,"l1=0.0025,l2x1",leaf,16,leaf16,adm_label,leaf_location,,0,main,464360509,464360509,58742117,5183,2662942,1044480,3707422,1044480,0,0,275641,191,268389,268580,275832,64.01349711418152,1274.9921875,1005.1318359375,bc0085b878172ce030401193aa6c08a9164721782202456fee98f00cb2b100e0,5183,3,56079175,111981,1044480,2040,52447304,104761,0,0,512,1,0,0,3584,7,3072,6,1100613,2153,0,0,19992483,39075,18891870,36922,1486266,3026,0,0,35038628,70859,33552362,67833,0,0,0,0,0,0,0,0,2587391,0,1101125,55034695,19996067,191,16,6810,268389,109918,0,0,0.0,0.0,0,0,0,0,0.0,0.017780768779579393,1.7780768779579395,0.0,0.006101244189071361,34.0343249801501,59.64822139454048,0.0,0.0,34.04042622433917,0.0001792352466112461,0.9998207647533888,268580,191,268389,82346,06afc1614c872d7bac28df6fc89eafe08902767992acb92241dd1eedfac9e100,13819779,7097895,3524,0.5137315871693752,109934,0,33383,334,0.003038186548292612,52547.263115541915,0.4779891854707544,30533,0.27773937089526446,18,53589,0,33383,135,0.0025191737110227845,25668.86233650918,0.478994986592569,14686,0.2740487786672638,11,56345,0,0,199,0.003531812938148904,26878.400779031468,0.4770325810459041,15847,0.2812494453811341,7,,,
conversation_trace,0.0025,1.0,"l1=0.0025,l2x1",leaf,16,leaf16,adm_label,leaf_location,,1,main,464360509,464360509,58742117,5183,2662942,1069568,3732510,1069568,0,0,275599,233,268253,268486,275832,71.61496829986572,1261.1796875,993.060546875,f03332e97e538a636f19f16b93aec2cc3c98f044fa31367213c62009f1de0df4,5183,3,56079175,111981,1069568,2089,52422216,104712,0,0,0,0,0,0,1024,2,1024,2,1101125,2154,0,0,19969955,39031,18868830,36877,1486266,3026,0,0,35038628,70859,33552362,67833,0,0,0,0,0,0,0,0,2587391,0,1101125,55009607,19970979,233,15,6904,268253,109870,0,0,0.0,0.0,0,0,0,0,0.0,0.01820785587281439,1.820785587281439,0.0,0.0017432126254489603,33.99597430239022,59.64822139454048,0.0,0.0,33.99771751501567,5.12744017206167e-05,0.9999487255982794,268486,233,268253,82275,9eb6fb8100cb7b9619404b43d338ea8d32893a438bababbe3761389e687730ae,13809777,7083456,3499,0.5130571985340531,109885,0,33294,339,0.003085043454520635,52378.212188457444,0.4766638957861168,30500,0.27756290667516037,8,53469,0,33294,120,0.0022442910845536664,26030.959937906577,0.4868420942584783,14840,0.2775439974564701,4,56416,0,0,219,0.0038818774815655133,26347.252250549245,0.4670173753996959,15660,0.27758082813386276,4,,,
conversation_trace,0.0025,1.0,"l1=0.0025,l2x1",leaf,16,leaf16,adm_label,leaf_location,,2,main,464360509,464360509,58742117,5183,2662942,1060864,3723806,1060864,0,0,275563,269,268237,268506,275832,64.35384631156921,1275.171875,927.154296875,9ec808adc62b1e1ca12c4145d76ef3f305d8556be1a0bd0282be2d47b5ef5f86,5183,3,56079175,111981,1060864,2072,52430920,104729,0,0,512,1,0,0,1024,2,512,1,1100613,2153,0,0,19978659,39048,18878046,36895,1486266,3026,0,0,35038628,70859,33552362,67833,0,0,0,0,0,0,0,0,2587391,0,1101125,55018311,19979683,269,11,6884,268237,109891,0,0,0.0,0.0,0,0,0,0,0.0,0.018059682799651228,1.8059682799651229,0.0,0.0017432126254489603,34.010791609706544,59.64822139454048,0.0,0.0,34.01253482233199,5.1252064409630525e-05,0.9999487479355904,268506,269,268237,82619,ec03acd84ae80221be8a25bb13359a148507ace3783850cb517dcbaa3c0cb7fd,13805093,7073238,3208,0.5124805751036954,109902,0,33365,289,0.0026296154756055394,52521.14898871014,0.4778907480183267,30519,0.27769285363323687,2,53335,0,33365,104,0.0019499390644042373,25423.484687378677,0.4766754417807946,14550,0.2728039748757851,0,56567,0,0,185,0.003270458040907243,27097.664301330107,0.4790366167788659,15969,0.2823024024607987,2,,,
conversation_trace,0.0025,1.0,"l1=0.0025,l2x1",leaf,16,leaf16,adm_label,leaf_location,,3,main,464360509,464360509,58742117,5183,2662942,1094144,3757086,1094144,0,0,275605,227,268224,268451,275832,96.53349494934082,1261.375,935.384765625,cbeb796a95ea192bcd735a86b16ce20a86580e0ef0168d546cb720b14eb72fe1,5183,3,56079175,111981,1094144,2137,52397640,104664,0,0,0,0,0,0,2048,4,2048,4,1101125,2154,0,0,19944355,38981,18843230,36827,1486266,3026,0,0,35038628,70859,33552362,67833,0,0,0,0,0,0,0,0,2587391,0,1101125,54985031,19946403,227,11,6939,268224,109826,0,0,0.0,0.0,0,0,0,0,0.0,0.01862622690292214,1.862622690292214,0.0,0.0034864252508979205,33.952393986754004,59.64822139454048,0.0,0.0,33.9558804120049,0.00010267515401147766,0.9998973248459885,268451,227,268224,82614,9a46da9fcc2f5c014f6ca71589eef79410160a3d0c80ce74601a41a86bb8fc4b,13802969,7084643,3125,0.5133827004900178,109837,0,33467,310,0.0028223640485446617,52261.134537972575,0.47580628147138554,30457,0.2772927155694347,3,53736,0,33467,118,0.0021959207979752866,25800.17138858611,0.48012824528409465,14737,0.2742481762691678,1,56101,0,0,192,0.0034223988877203613,26460.963149384832,0.4716665148461673,15720,0.2802089089321046,2,,,
conversation_trace,0.0025,1.0,"l1=0.0025,l2x1",leaf,16,leaf16,adm_label,leaf_location,,4,main,464360509,464360509,58742117,5183,2662942,1050112,3713054,1050112,0,0,275629,203,268411,268614,275832,65.60203123092651,1274.9921875,1005.1318359375,eb8cd544b9d71cade280486ab3f19ccac9cb0ddb5e7cfb9ce07b69b5ac0ba132,5183,3,56079175,111981,1050112,2051,52441672,104750,0,0,0,0,0,0,1024,2,1024,2,1101125,2154,0,0,19989411,39069,18888286,36915,1486266,3026,0,0,35038628,70859,33552362,67833,0,0,0,0,0,0,0,0,2587391,0,1101125,55029063,19990435,203,19,6776,268411,109904,0,0,0.0,0.0,0,0,0,0,0.0,0.01787664547397909,1.7876645473979087,0.0,0.0017432126254489603,34.029095342273756,59.64822139454048,0.0,0.0,34.030838554899205,5.1224498116224086e-05,0.9999487755018838,268614,203,268411,82039,5d2e44c5e024161710dacc3f2188cf41d5341d27da1da3f0e1ba99dc423818f7,13803650,7036289,3420,0.5098650719193837,109923,0,33185,326,0.002965712362289967,52638.826215404966,0.47886999277134873,30535,0.27778535884209854,9,53142,0,33185,141,0.0026532686011064696,25640.200703537645,0.48248467696996056,14624,0.2751872342027022,5,56781,0,0,185,0.0032581321216604148,26998.625511866,0.47548696768049176,15911,0.2802169739877776,4,,,
conversation_trace,0.0025,1.0,"l1=0.0025,l2x1",leaf,16,leaf16,evict_label,leaf_location,,0,main,464360509,464360509,58742117,5183,2662942,5294718,7957660,5294718,0,0,249322,26510,223185,249695,275832,35.73123097419739,1274.9921875,1012.0791015625,08e0b6aa2d28032cb40e89f3ee015d0efee317eea5fe6987b99a3e522785b735,5183,23,56079175,111981,5294718,10351,48238364,96470,0,0,33001,67,0,0,649004,1273,616003,1206,821597,1608,0,0,15096825,29498,14275228,27890,1691495,3485,0,0,35038628,70859,33347133,67374,0,0,0,0,0,0,0,0,2546093,0,854598,50784457,15745829,26510,8018,25695,223185,93605,0,0,0.0,0.0,0,0,0,0,0.0,0.09013495376749871,9.013495376749871,0.0,1.1048359050457783,25.700171820501463,59.64822139454048,0.0,0.0,26.80500772554724,0.041217518620327964,0.958782481379672,249695,26510,223185,53255,02388ea72d8193d8e18269cceee206297172d0ea6301a348dbfa1cccc3cf52f4,12281594,12281594,0,1.0,101623,0,20368,81255,0.7995729313246017,9529.88103316017,0.09377681266209589,6913,0.0680259390098698,0,30909,0,20368,10541,0.34103335598045875,9529.88103316017,0.30832058730985057,6913,0.2236565401662946,0,70714,0,0,70714,1.0,0.0,0.0,0,0.0,0,,,
conversation_trace,0.0025,1.0,"l1=0.0025,l2x1",leaf,16,leaf16,evict_label,leaf_location,,1,main,464360509,464360509,58742117,5183,2662942,5298876,7961818,5298876,0,0,248179,27653,222005,249658,275832,34.30313014984131,1274.5234375,953.732421875,260e8142da0752297d7e70b2dafa6f6e0fd9a565140ed7e0b109fc5b5b57c034,5183,23,56079175,111981,5298876,10359,48234624,96462,0,0,36977,76,0,0,763436,1497,726459,1421,817030,1599,0,0,14978235,29266,14161205,27667,1691668,3485,0,0,35038628,70859,33346960,67374,0,0,0,0,0,0,0,0,2545675,0,854007,50780299,15741671,27653,9025,25732,222005,92590,0,0,0.0,0.0,0,0,0,0,0.0,0.09020573773328598,9.020573773328598,0.0,1.2996399159396996,25.498289413028814,59.64822139454048,0.0,0.0,26.797929328968515,0.04849777383862234,0.9515022261613777,249658,27653,222005,53376,b28c52e29259b2c98f82c9643f03ca52c19a0318ee2b6fd5424919a4923950ef,12301705,12301705,0,1.0,101615,0,20343,81272,0.7998031786645673,9507.820675680096,0.09356709812212857,6891,0.06781479112335777,6,31736,0,20343,11393,0.35899294176959917,9507.820675680096,0.2995910220468898,6888,0.21704058482480465,3,69879,0,0,69879,1.0,0.0,0.0,3,4.293135276692568e-05,3,,,
conversation_trace,0.0025,1.0,"l1=0.0025,l2x1",leaf,16,leaf16,evict_label,leaf_location,,2,main,464360509,464360509,58742117,5183,2662942,5301864,7964806,5301864,0,0,248074,27758,221936,249694,275832,35.97745084762573,1261.7578125,932.28515625,1790b05d9f7966be29712388771de3fa30fc54ee4499f6535184b4972df3e3e1,5183,23,56079175,111981,5301864,10365,48232485,96456,0,0,36190,73,0,0,712902,1397,676712,1324,824950,1615,0,0,15025781,29360,14200831,27745,1683686,3472,0,0,35038628,70859,33354942,67387,0,0,0,0,0,0,0,0,2544826,0,861140,50777311,15738683,27758,8752,25696,221936,92857,0,0,0.0,0.0,0,0,0,0,0.0,0.09025660413294263,9.025660413294263,0.0,1.2136130538162253,25.579229635186625,59.64822139454048,0.0,0.0,26.79284268900285,0.04529616614045788,0.9547038338595422,249694,27758,221936,53409,af59706816da2b39b44a678d0ceaa404180147767666a1b069df4c8b179eed85,12313350,12313350,0,1.0,101609,0,20324,81285,0.7999783483746519,9587.10501982602,0.09435291184664764,6880,0.06771053745239103,20,31357,0,20324,11033,0.35185126128137256,9587.10501982602,0.30574050514481677,6871,0.2191217272060465,11,70252,0,0,70252,1.0,0.0,0.0,9,0.00012811023173717474,9,,,
conversation_trace,0.0025,1.0,"l1=0.0025,l2x1",leaf,16,leaf16,evict_label,leaf_location,,3,main,464360509,464360509,58742117,5183,2662942,5309918,7972860,5309918,0,0,249159,26673,222968,249641,275832,34.54838728904724,1261.07421875,932.6318359375,824d0caa351f8f76401256059969c78b1b450fa56cbeba46317ae6c542d87ca2,5183,24,56079175,111981,5309918,10382,48224072,96440,0,0,36071,73,0,0,658696,1292,622625,1219,821873,1608,0,0,15071933,29448,14250060,27840,1687241,3478,0,0,35038628,70859,33351387,67381,0,0,0,0,0,0,0,0,2545185,0,857944,50769257,15730629,26673,8624,25749,222968,92968,0,0,0.0,0.0,0,0,0,0,0.0,0.09039371189158879,9.03937118915888,0.0,1.12133514016868,25.657796772969554,59.64822139454048,0.0,0.0,26.779131913138233,0.04187346863243676,0.9581265313675632,249641,26673,222968,52648,ee091d16e13e08cbfa216d8d9131133d6cce95f7d432078f44cb96210fba91f9,12294809,12294809,0,1.0,101592,0,20292,81300,0.8002598629813371,9460.712793414725,0.09312458454814085,6850,0.06742656902118277,4,31397,0,20292,11105,0.35369621301398224,9460.712793414725,0.3013253748260893,6847,0.21807816033378985,1,70195,0,0,70195,1.0,0.0,0.0,3,4.273808675831612e-05,3,,,
conversation_trace,0.0025,1.0,"l1=0.0025,l2x1",leaf,16,leaf16,evict_label,leaf_location,,4,main,464360509,464360509,58742117,5183,2662942,5318236,7981178,5318236,0,0,249042,26790,222842,249632,275832,34.15147852897644,1274.9921875,1011.7392578125,632f2a9ecf9f30776ebc0e96d64aa3605feae03cf976687fe386e3fd43002697,5183,26,56079175,111981,5318236,10399,48216818,96425,0,0,26802,55,0,0,550080,1079,523278,1024,823336,1610,0,0,15172231,29644,14348895,28034,1693983,3492,0,0,35038628,70859,33344645,67367,0,0,0,0,0,0,0,0,2544121,0,850138,50760939,15722311,26790,7761,25758,222842,93814,0,0,0.0,0.0,0,0,0,0,0.0,0.09053531387028493,9.053531387028492,0.0,0.9364320322333634,25.828539683035256,59.64822139454048,0.0,0.0,26.764971715268622,0.03498722293433834,0.9650127770656617,249632,26790,222842,51937,be029858da55f10392feb692151f6570d0d19094479624196a5a854d96eb7237,12277867,12277867,0,1.0,101575,0,19798,81777,0.8050898350972188,9174.453490654241,0.09032196397395266,6670,0.06566576421363525,1,30302,0,19798,10504,0.3466437858887202,9174.453490654241,0.3027672592784054,6669,0.22008448287241766,0,71273,0,0,71273,1.0,0.0,0.0,1,1.4030558556536136e-05,1,,,
conversation_trace,0.0025,4.0,"l1=0.0025,l2x4",all,16,all16,label_binary_6,horizon,6.0,0,main,464360509,1857442038,58742117,5183,2662942,884662,3547604,884662,225904,443,275832,0,268108,268108,275832,21.546430587768555,1274.9921875,967.5556640625,08f59ff4f1fcfec0c5ef6dc9ba10a24833a16f11c77062f563f23cda012d95d8,5183,16,56079175,111981,884662,1732,52399793,104639,0,0,0,0,0,0,0,0,0,0,1045647,2045,225904,443,19929981,38947,18884334,36902,1523169,3122,0,0,35038628,70859,33515459,67737,0,0,0,0,0,0,0,0,2568816,225904,1271551,54968609,20155885,0,0,5918,268108,109813,128373,52343,0.47881077774628134,0.47665576935335524,666126,265871,685823178752,273360060416,2.484543542154654,0.015060097340380156,1.5060097340380156,0.3845690477924042,0.0,33.927924320466694,59.64822139454048,0.0,0.3845690477924042,34.3124933682591,0.0,1.0,268108,0,268108,0,a8f8699b6e8cddebc6c1d52468327de2db9358c6ac98cc10e965771a932a7291,13612753,9715984,817555,0.7437703086216285,109813,0,0,78733,0.7169734002349448,57291.50249809481,0.5217187627885115,31096,0.2831723020043164,16,107372,0,0,76933,0.7165089595052714,56108.309243253716,0.5225599713449849,30454,0.283630741720374,15,2441,0,0,1800,0.737402703809914,1183.1932548408697,0.4847166140273944,642,0.26300696435886933,1,,,
conversation_trace,0.0025,4.0,"l1=0.0025,l2x4",all,16,all16,label_binary_6,horizon,6.0,1,main,464360509,1857442038,58742117,5183,2662942,882102,3545044,882102,222215,435,275832,0,268119,268119,275832,27.004398822784424,1275.171875,875.408203125,3bf4eda7c45e5fbc60eaff156f12cc1697def9601f407ba920a653328540db13,5183,16,56079175,111981,882102,1727,52406986,104652,0,0,0,0,0,0,0,0,0,0,1044929,2044,222215,435,19936230,38960,18891301,36916,1522943,3123,0,0,35038628,70859,33515685,67736,0,0,0,0,0,0,0,0,2567872,222215,1267144,54974858,20158445,0,0,5906,268119,109827,128184,52377,0.4780862229084847,0.47690458630391436,668152,266943,687832152064,274513711104,2.4919979561314194,0.015016517024743933,1.5016517024743934,0.37828905621498116,0.0,33.93856234360774,59.64822139454048,0.0,0.37828905621498116,34.31685139982272,0.0,1.0,268119,0,268119,0,845d9b2a3e6e37ccab5591c2e9ef3e8a4575b918ff3c1ececdf00565fa7f40c2,13613062,9717190,816565,0.7438056551861734,109827,0,0,78725,0.7168091635025995,57331.24151173138,0.5220140904489003,31119,0.283345625392663,17,107393,0,0,76971,0.7167226914230909,56113.26073211605,0.5225038944076061,30439,0.283435605672623,17,2434,0,0,1754,0.7206244864420707,1217.980779615107,0.5004029497186142,680,0.27937551355792933,0,,,
conversation_trace,0.0025,4.0,"l1=0.0025,l2x4",all,16,all16,label_binary_6,horizon,6.0,2,main,464360509,1857442038,58742117,5183,2662942,905390,3568332,905390,195829,383,275832,0,268174,268174,275832,22.204216957092285,1260.01171875,858.056640625,2f7f1e5e3fcffbdb455be4fb9ef10a3490a7266a3c404f29469a56761ef92ce1,5183,19,56079175,111981,905390,1774,52410885,104660,0,0,0,0,0,0,0,0,0,0,1042194,2038,195829,383,19939328,38965,18897134,36927,1524877,3126,0,0,35038628,70859,33513751,67733,0,0,0,0,0,0,0,0,2567071,195829,1238023,54977956,20135157,0,0,5854,268174,109834,128402,52556,0.4788010769127507,0.47850392410364734,665359,265754,684956479488,273221171200,2.4810719905732843,0.015412961708547208,1.5412961708547208,0.3333706887002387,0.0,33.94383624274215,59.64822139454048,0.0,0.3333706887002387,34.27720693144239,0.0,1.0,268174,0,268174,0,bc207d6b3dba59f9caa3357a808389e6b9c4ea9f23b4936a87bf6a10def47f1b,13613974,9711034,817212,0.743327407559321,109834,0,0,78736,0.7168636305697689,57341.98395081234,0.5220786272994914,31112,0.2832638345139028,14,107393,0,0,77025,0.7172255174918291,55995.9636223334,0.5214116713597106,30382,0.2829048448222882,14,2441,0,0,1711,0.7009422367882016,1346.0203284786392,0.5514216831129206,730,0.29905776321179844,0,,,
conversation_trace,0.0025,4.0,"l1=0.0025,l2x4",all,16,all16,label_binary_6,horizon,6.0,3,main,464360509,1857442038,58742117,5183,2662942,889986,3552928,889986,216042,423,275832,0,268153,268153,275832,48.624406814575195,1261.7578125,793.0400390625,3370a8071c3513b6759afb7dc77e22038370ed9b991509aff834b19bca8a0e49,5183,17,56079175,111981,889986,1743,52405304,104649,0,0,0,0,0,0,0,0,0,0,1045135,2044,216042,423,19934519,38956,18889384,36912,1522708,3122,0,0,35038628,70859,33515920,67737,0,0,0,0,0,0,0,0,2567843,216042,1261177,54973147,20150561,0,0,5873,268153,109822,128251,52258,0.47827546214288114,0.4758427273223944,664644,264072,684285394944,271576145920,2.478599903786271,0.015150730778054866,1.5150730778054866,0.3677804121359807,0.0,33.93564961235565,59.64822139454048,0.0,0.3677804121359807,34.303430024491625,0.0,1.0,268153,0,268153,0,6a5d7b5743122214cdc7e6d24ff6b64f75e6620f5d9bddeb76e546eb8c38e5b4,13616545,9708976,821065,0.7431773992595038,109822,0,0,78729,0.716878221121451,57325.00952481534,0.5219811105681497,31109,0.28326746917739615,16,107377,0,0,77009,0.7171833819160528,56001.79952763681,0.5215437153919071,30384,0.2829656257857828,16,2445,0,0,1720,0.7034764826175869,1323.2099971784007,0.5411901828950514,725,0.2965235173824131,0,,,
conversation_trace,0.0025,4.0,"l1=0.0025,l2x4",all,16,all16,label_binary_6,horizon,6.0,4,main,464360509,1857442038,58742117,5183,2662942,886783,3549725,886783,230890,452,275832,0,268109,268109,275832,21.646202564239502,1273.890625,875.86328125,cb50646905b8a04e0a1349f0594fef6b1023d45681904ec696e67548a30deacf,5183,18,56079175,111981,886783,1737,52393363,104627,0,0,0,0,0,0,0,0,0,0,1047314,2048,230890,452,19922874,38933,18875560,36885,1520825,3117,0,0,35038628,70859,33517803,67742,0,0,0,0,0,0,0,0,2568139,230890,1278204,54961502,20153764,0,0,5916,268109,109800,128198,52169,0.47815627226240076,0.47512750455373404,666641,266818,686254792704,274341478400,2.4864551357843263,0.0150962043128272,1.50962043128272,0.39305699520499066,0.0,33.9158256758094,59.64822139454048,0.0,0.39305699520499066,34.308882671014395,0.0,1.0,268109,0,268109,0,a35a1eed15c90897bf71441a3f36da1ee7aa779e059e204f98497c41d7fa4d58,13610963,9717456,814154,0.7438513351333039,109800,0,0,78739,0.7171129326047359,57193.12301028453,0.5208845447202598,31073,0.28299635701275044,12,107363,0,0,77011,0.7172955301174521,55932.65111802177,0.5209676622115791,30364,0.2828162402317372,12,2437,0,0,1728,0.7090685268773081,1260.4718922625123,0.5172227707273337,709,0.29093147312269185,0,,,
conversation_trace,0.0025,4.0,"l1=0.0025,l2x4",all,16,all16,label_binary_15,horizon,15.0,0,main,464360509,1857442038,58742117,5183,2662942,1442439,4105381,1442439,379830,743,275832,0,264782,264782,275832,21.49712085723877,1276.01953125,789.9462890625,4182480d82af618c15b74c9c19d601e5d98eab963749c6f2d7fe3629fbbf7ed1,5183,23,56079175,111981,1442439,2825,51697823,103253,0,0,0,0,0,0,0,0,0,0,1001746,1959,379830,743,19218278,37554,18216532,35595,1557337,3201,0,0,35038628,70859,33481291,67658,0,0,0,0,0,0,0,0,2559083,379830,1381576,54256906,19598108,0,0,9243,264782,108419,126726,51874,0.47860504112817337,0.4784585727593872,660576,263427,680111769600,270860351488,2.4947919420504414,0.024555448010155984,2.4555448010155985,0.6466059096916783,0.0,32.71635239158984,59.64822139454048,0.0,0.6466059096916783,33.362958301281516,0.0,1.0,264782,0,264782,0,ac2ca7b60829420159d4af74dd9ad8acf88024244f35d2f9e1415fb6cbbe8d3f,13445596,9776770,776345,0.7560053492608286,108419,0,0,78731,0.7261734566819469,51802.10798523908,0.4777954785161188,29706,0.2739925658786744,18,105981,0,0,76963,0.7261962049801379,50648.651509137526,0.4779031289489392,29036,0.2739736367839518,18,2438,0,0,1768,0.7251845775225595,1153.45647610128,0.47311586386434784,670,0.2748154224774405,0,,,
conversation_trace,0.0025,4.0,"l1=0.0025,l2x4",all,16,all16,label_binary_15,horizon,15.0,1,main,464360509,1857442038,58742117,5183,2662942,1464034,4126976,1464034,344411,675,275832,0,264826,264826,275832,21.650527715682983,1274.9921875,872.4423828125,c0b476244a3e34be5ef6745846c2e56000e1ec1fe4956bff58053419deeacc65,5183,22,56079175,111981,1464034,2866,51711574,103279,0,0,0,0,0,0,0,0,0,0,999698,1955,344411,675,19232102,37581,18232404,35626,1559458,3206,0,0,35038628,70859,33479170,67653,0,0,0,0,0,0,0,0,2559156,344411,1344109,54270730,19576513,0,0,9199,264826,108447,126928,51742,0.47928828740380475,0.47711785480465113,657436,262299,676798027776,269784621056,2.4825205984306677,0.024923071805532646,2.4923071805532646,0.586310159710451,0.0,32.739885762033396,59.64822139454048,0.0,0.586310159710451,33.326195921743846,0.0,1.0,264826,0,264826,0,232f1ee953d3ecc9d0ad51758dd0cc98527d266a3f94fbab1220f08fb99c8eb3,13450515,9778982,777249,0.7559269291919306,108447,0,0,78715,0.725838427987865,51920.212773175546,0.47876117156929693,29747,0.2742998884247605,15,106000,0,0,76963,0.7260660377358491,50716.83525941335,0.47846070999446555,29052,0.2740754716981132,15,2447,0,0,1752,0.7159787494891704,1203.3775137618532,0.49177667092842386,695,0.2840212505108296,0,,,
conversation_trace,0.0025,4.0,"l1=0.0025,l2x4",all,16,all16,label_binary_15,horizon,15.0,2,main,464360509,1857442038,58742117,5183,2662942,1450324,4113266,1450324,366825,718,275832,0,264750,264750,275832,21.72243571281433,1275.171875,780.310546875,c8350a87fc4b71d5024e1e80ab5fbc5fdf46c840b0a0e9d7ef876c99311ce29f,5183,23,56079175,111981,1450324,2840,51703601,103263,0,0,0,0,0,0,0,0,0,0,1001234,1958,366825,718,19223398,37564,18222164,35606,1557191,3202,0,0,35038628,70859,33481437,67657,0,0,0,0,0,0,0,0,2558425,366825,1368059,54262026,19590223,0,0,9276,264750,108431,126731,51781,0.4786817752596789,0.4775479337089947,660142,267824,679615594496,275531569152,2.4934542020774315,0.024689678787027713,2.468967878702771,0.6244667688772606,0.0,32.72506845471708,59.64822139454048,0.0,0.6244667688772606,33.349535223594344,0.0,1.0,264750,0,264750,0,18a3474cfdc664e0d07707ed7874bbb9caf54fca81b9b2beb07e5353d8c6f9c5,13448395,9785803,776083,0.756509940405528,108431,0,0,78737,0.7261484261880827,51818.9400198418,0.4778978338283498,29709,0.2739899106344127,15,106003,0,0,76931,0.7257436110298765,50763.60363882348,0.47888836767660803,29087,0.27439789439921514,15,2428,0,0,1806,0.7438220757825371,1055.3363810179396,0.43465254572402784,622,0.25617792421746294,0,,,
conversation_trace,0.0025,4.0,"l1=0.0025,l2x4",all,16,all16,label_binary_15,horizon,15.0,3,main,464360509,1857442038,58742117,5183,2662942,1441222,4104164,1441222,391287,765,275832,0,264758,264758,275832,21.66575336456299,1260.01171875,950.154296875,67aeaa6a840835d0730ffb6057defaaa9cef31d5b9d3bb1f3ce75e92f6437727,5183,24,56079175,111981,1441222,2823,51687983,103234,0,0,0,0,0,0,0,0,0,0,1000210,1956,391287,765,19208038,37534,18207828,35578,1558473,3203,0,0,35038628,70859,33480155,67656,0,0,0,0,0,0,0,0,2558683,391287,1391497,54246666,19599325,0,0,9268,264758,108400,126781,51634,0.4788561629865764,0.47632841328413283,660445,264599,679908925440,272105488384,2.494523300523497,0.024534730336667983,2.453473033666798,0.666109803294968,0.0,32.698920265335346,59.64822139454048,0.0,0.666109803294968,33.36503006863032,0.0,1.0,264758,0,264758,0,c6e6ed7344249049fae6117adbda56f58f37e75ffb2d28ea3d4f794eda393240,13443581,9784842,773711,0.7566211339076991,108400,0,0,78733,0.7263191881918819,51711.53928537532,0.4770437203447908,29679,0.27379151291512915,12,105979,0,0,76988,0.7264458053010502,50488.55455439872,0.4764014998669427,29003,0.27366742467847405,12,2421,0,0,1745,0.7207765386204048,1222.9847309764098,0.5051568488130564,676,0.2792234613795952,0,,,
conversation_trace,0.0025,4.0,"l1=0.0025,l2x4",all,16,all16,label_binary_15,horizon,15.0,4,main,464360509,1857442038,58742117,5183,2662942,1431892,4094834,1431892,365289,715,275832,0,264810,264810,275832,22.49001717567444,1273.890625,780.78125,8c147058eb3dd1b59542f4e7bf2ebdda3844671c51140169437c6a32da97b46c,5183,23,56079175,111981,1431892,2804,51722534,103302,0,0,0,0,0,0,0,0,0,0,1002770,1961,365289,715,19243366,37603,18240596,35642,1556690,3199,0,0,35038628,70859,33481938,67660,0,0,0,0,0,0,0,0,2559460,365289,1368059,54281994,19608655,0,0,9218,264810,108475,126688,51668,0.4784109361428949,0.4763125144042406,661051,264887,680527509504,272304130048,2.496321891167252,0.0243759005144469,2.43759005144469,0.6218519499390871,0.0,32.759061100913335,59.64822139454048,0.0,0.6218519499390871,33.38091305085242,0.0,1.0,264810,0,264810,0,b5b9db78a399563fac3a8cbf67c6a631404c4767755988335d3bfbe723847a18,13454208,9788363,775390,0.7563476051507454,108475,0,0,78728,0.7257709149573635,51980.08862297487,0.47918957015879116,29758,0.27433049089651995,11,106039,0,0,76930,0.725487792227388,50874.1826143717,0.4797686003675223,29120,0.27461594319071286,11,2436,0,0,1798,0.7380952380952381,1105.9060086028585,0.45398440418836555,638,0.2619047619047619,0,,,
conversation_trace,0.0025,4.0,"l1=0.0025,l2x4",all,16,all16,label_binary_60,horizon,60.0,0,main,464360509,1857442038,58742117,5183,2662942,5917759,8580701,5917759,515676,1009,275827,5,243637,243642,275832,20.48186159133911,1274.5234375,909.599609375,75a0b501b95ce86a481d1c11f83b7611b564a25f2cbc24d8dd53246923dbd04f,5183,37,56079175,111981,5917759,11574,47115753,94252,0,0,0,0,0,0,0,0,0,0,738807,1445,515676,1009,14607112,28539,13868305,27094,1791180,3701,0,0,35038628,70859,33247448,67158,0,0,0,0,0,0,0,0,2529987,515676,1254483,49645740,15122788,5,0,30385,243637,99401,116326,47230,0.47745621559943685,0.47514612529049005,609325,242694,627453935616,249691125760,2.5009542885522316,0.10074133010902553,10.074133010902552,0.8778641736728692,0.0,24.866505917721692,59.64822139454048,0.0,0.8778641736728692,25.74437009139456,0.0,1.0,243642,5,243637,0,442fafe3d632cbe703ee98e2c099cda1327e358fed1d0749118c8ca1651f9106,12452624,10303067,442921,0.8451654446484532,99401,0,0,78565,0.7903844025714027,26385.36131531149,0.2654436204395478,20837,0.20962565768956046,1,96982,0,0,76649,0.7903425377905178,25755.58826782882,0.26557080971550207,20334,0.20966777340124973,1,2419,0,0,1916,0.7920628358825961,629.7730474826368,0.26034437680142075,503,0.20793716411740387,0,,,
conversation_trace,0.0025,4.0,"l1=0.0025,l2x4",all,16,all16,label_binary_60,horizon,60.0,1,main,464360509,1857442038,58742117,5183,2662942,5967935,8630877,5967935,499171,976,275829,3,243557,243560,275832,20.00660490989685,1261.07421875,888.4599609375,576cc164db416c08b71cd354ba9c34461a1ff616ed6bc5f815bfd010cf65dbfa,5183,37,56079175,111981,5967935,11672,47083287,94187,0,0,0,0,0,0,0,0,0,0,736368,1441,499171,976,14573441,28474,13837073,27033,1792414,3705,0,0,35038628,70859,33246214,67154,0,0,0,0,0,0,0,0,2528782,499171,1235539,49612069,15072612,3,2,30466,243557,99334,116418,47276,0.47799077833936204,0.47592969174703526,610248,244787,628423577600,251885344768,2.5055654323217973,0.1015955042954955,10.159550429549551,0.8497667865800614,0.0,24.8091858861675,59.64822139454048,0.0,0.8497667865800614,25.658952672747564,0.0,1.0,243560,3,243557,0,025e6c85e9904c73f8487c2cb681e51f351e59cba03decd9bf65da9351f5c629,12448944,10304503,441489,0.8454731180411769,99336,0,0,78571,0.7909619875976484,26233.566948367243,0.26408922191720263,20772,0.20910848030925344,7,96924,0,0,76696,0.7913004003136478,25561.15784448736,0.26372372007436096,20234,0.2087615038586934,6,2412,0,0,1875,0.777363184079602,672.4091038799794,0.2787765770646681,538,0.2230514096185738,1,,,
conversation_trace,0.0025,4.0,"l1=0.0025,l2x4",all,16,all16,label_binary_60,horizon,60.0,2,main,464360509,1857442038,58742117,5183,2662942,5997258,8660200,5997258,468433,915,275830,2,243564,243566,275832,20.526628971099854,1279.57421875,816.2314453125,c63d4f13b9b9775b1c83e01ae79d09468c3ea0d4342b7850e44d56bfd40c8e30,5183,39,56079175,111981,5997258,11731,47084391,94191,0,0,0,0,0,0,0,0,0,0,733175,1434,468433,915,14574856,28476,13841681,27042,1795918,3710,0,0,35038628,70859,33242710,67149,0,0,0,0,0,0,0,0,2529093,468433,1201608,49613484,15043289,2,1,30459,243564,99336,116297,47139,0.47748025159711616,0.4745409519207538,606530,240954,624523165696,247945758720,2.49022844098471,0.10209468616869903,10.209468616869902,0.7974397654071609,0.0,24.81159472002005,59.64822139454048,0.0,0.7974397654071609,25.60903448542721,0.0,1.0,243566,2,243564,0,781297127d4da83890dc210b55c31e0086b58f04ebfa8b5375c8920fb78d9fec,12446362,10299335,443833,0.8453274539178597,99337,0,0,78563,0.7908734912469674,26245.490917978062,0.2642065989306911,20776,0.2091466422380382,3,96928,0,0,76639,0.7906796797622978,25617.67802630985,0.26429595190563976,20291,0.2093409541102674,3,2409,0,0,1924,0.7986716479867165,627.8128916682047,0.26061141206650257,485,0.20132835201328353,0,,,
conversation_trace,0.0025,4.0,"l1=0.0025,l2x4",all,16,all16,label_binary_60,horizon,60.0,3,main,464360509,1857442038,58742117,5183,2662942,5881546,8544488,5881546,575953,1125,275827,5,243569,243574,275832,20.16880965232849,1260.84765625,805.484375,1e6ce66ee3abe944d0123d2c6275b9003872197b06f929f2d96a544937fdaf51,5183,39,56079175,111981,5881546,11505,47092504,94207,0,0,0,0,0,0,0,0,0,0,737271,1442,575953,1125,14583048,28492,13845777,27050,1791901,3702,0,0,35038628,70859,33246727,67157,0,0,0,0,0,0,0,0,2529172,575953,1313224,49621676,15159001,5,4,30450,243569,99347,116044,47216,0.47643172981783394,0.47526347046211764,605698,243273,623675801600,250265339904,2.4867614515804557,0.1001248559019417,10.01248559019417,0.9804770910793018,0.0,24.825540421023643,59.64822139454048,0.0,0.9804770910793018,25.806017512102944,0.0,1.0,243574,5,243569,0,38f89ad34266a888199de3c4912b062f350fc7948fd57342917126d8922dc3b7,12446935,10298585,443899,0.8452309343625559,99351,0,0,78576,0.790892894887822,26280.908983495177,0.26452586268376943,20781,0.20916749705589274,7,96933,0,0,76671,0.7909690198384451,25626.283206483266,0.26437109350255605,20268,0.20909287858623998,7,2418,0,0,1905,0.7878411910669976,654.6257770119066,0.2707302634457844,513,0.21215880893300249,0,,,
conversation_trace,0.0025,4.0,"l1=0.0025,l2x4",all,16,all16,label_binary_60,horizon,60.0,4,main,464360509,1857442038,58742117,5183,2662942,5911633,8574575,5911633,556106,1087,275828,4,243527,243531,275832,24.789324045181274,1276.01953125,697.8486328125,267e28607673ad7dc9420795f520ce6f75d69f77cfcfb157419f619a42981537,5183,38,56079175,111981,5911633,11563,47082335,94186,0,0,512,1,0,0,512,1,0,0,734711,1437,556106,1087,14572296,28471,13837585,27034,1793878,3707,0,0,35038628,70859,33244750,67152,0,0,0,0,0,0,0,0,2529101,556106,1291329,49611436,15128914,4,2,30498,243527,99335,116155,47181,0.4769696994583763,0.47496854079629536,604231,241386,622132156416,248255870976,2.481166359376989,0.1006370437755929,10.06370437755929,0.9466904299686714,0.0008716063127244801,24.807236688456427,59.64822139454048,0.0,0.9466904299686714,25.754798724737825,3.513392889002586e-05,0.99996486607111,243531,4,243527,0,ebf5c5890f6ae592d46ebc02f0e2a23538cf75f35c23f3ebb797602505cf3e3f,12450377,10307591,441808,0.8456366421675424,99337,0,0,78571,0.7909540251869898,26230.46966827244,0.26405538387783445,20770,0.20908624178302143,5,96928,0,0,76671,0.791009821723341,25572.12219699065,0.2638259553172525,20261,0.20903144602178936,5,2409,0,0,1900,0.7887090078870901,658.3474712818573,0.27328662153667804,509,0.21129099211290991,0,,,
conversation_trace,0.0025,4.0,"l1=0.0025,l2x4",all,16,all16,label_binary_300,horizon,300.0,0,main,464360509,1857442038,58742117,5183,2662942,6909063,9572005,6909063,2102164,4108,170922,104910,127592,232502,275832,23.387147903442383,1279.57421875,816.2470703125,80288781ee69d6d3a9432efbe4d981693f1e1fed9a67091c3549ee14ace0703e,5183,39,56079175,111981,6909063,13510,44539519,89219,0,0,125308,245,0,0,3175444,6203,3050136,5958,537435,1051,2102164,4108,8853876,17301,8316441,16250,1865686,3848,0,0,35038628,70859,33172942,67011,0,0,0,0,0,0,0,0,2528429,2102164,2764907,47067948,14131484,104910,42177,41526,127592,52150,47509,19394,0.3723509310928585,0.371888782358581,183885,73925,190130872320,76319578112,1.4411953727506426,0.11761685401974872,11.761685401974873,3.578631665590125,5.405736398638816,15.0724496360933,59.64822139454048,0.0,3.578631665590125,24.05681770032224,0.26397535355281926,0.7360246464471807,232502,104910,127592,0,4604983e5f9fc4acb4e0095a060505b63bb830d920b6d2e1483706bdcc1741d7,12386704,7108983,257294,0.5843063659226861,94327,0,0,80709,0.8556298832783826,17279.02886135854,0.18318221571086263,2405,0.025496411419847976,18,92348,0,0,79462,0.8604625979988738,16230.35895144176,0.17575214353794083,2373,0.0256962792913761,18,1979,0,0,1247,0.6301162203132895,1048.6699099166667,0.5298988933383865,32,0.01616978271854472,0,,,
conversation_trace,0.0025,4.0,"l1=0.0025,l2x4",all,16,all16,label_binary_300,horizon,300.0,1,main,464360509,1857442038,58742117,5183,2662942,6920906,9583848,6920906,2095213,4095,170356,105476,126988,232464,275832,20.263595581054688,1274.5234375,814.466796875,2d242e349b59b20c375a4a296b189ef680c080677472580c52975cab9421db84,5183,40,56079175,111981,6920906,13534,44536235,89209,0,0,127868,250,0,0,3219476,6289,3091608,6039,533851,1044,2095213,4095,8804952,17204,8271101,16160,1865102,3849,0,0,35038628,70859,33173526,67010,0,0,0,0,0,0,0,0,2526821,2095213,2756932,47063056,14119641,105476,42249,41561,126988,52066,47266,19324,0.37220839764387187,0.3711443168286406,181837,74274,187981359104,76677658624,1.4319227013576086,0.11781846405024865,11.781846405024865,3.5667985884812423,5.480694541533122,14.989163567257885,59.64822139454048,0.0,3.5667985884812423,24.03665669727225,0.26774462785256814,0.7322553721474319,232464,105476,126988,0,26039efffe951c764e7bb0944de6bdc3b77aaa8de084910c68263a8b137fdf76,12386965,7107108,258409,0.5841876924654263,94315,0,0,80681,0.8554418703281557,17228.265749441463,0.1826672931075806,2421,0.025669299687218365,22,92323,0,0,79409,0.8601215298463005,16226.562354499265,0.1757586122038849,2391,0.025898205214301962,22,1992,0,0,1272,0.6385542168674698,1001.7033949420518,0.5028631500713111,30,0.015060240963855422,0,,,
conversation_trace,0.0025,4.0,"l1=0.0025,l2x4",all,16,all16,label_binary_300,horizon,300.0,2,main,464360509,1857442038,58742117,5183,2662942,7100466,9763408,7100466,1921955,3756,170703,105129,127262,232391,275832,24.751885175704956,1260.84765625,897.59375,82ba9d30924e4baf91e63d35cea98ce48bb32e7128e939bdb9598ed8ed95d7b5,5183,40,56079175,111981,7100466,13885,44530537,89197,0,0,120700,236,0,0,3182100,6216,3061400,5980,535787,1048,1921955,3756,8836026,17265,8300239,16217,1869730,3859,0,0,35038628,70859,33168898,67000,0,0,0,0,0,0,0,0,2526217,1921955,2578442,47056754,13940081,105129,42026,41637,127262,52280,47395,19445,0.37242067545693136,0.37193955623565417,180739,73680,186816208896,75996809216,1.420211846427056,0.12087521462667067,12.087521462667068,3.271851778852301,5.417067280704234,15.04206258007351,59.64822139454048,0.0,3.271851778852301,23.730981639630045,0.2647750572759846,0.7352249427240154,232391,105129,127262,0,97e03d1ffa5ec507d34b3fcc03ec62be476650a3d20ffd0394401a32d8db376d,12385512,7111349,258611,0.5846067970383461,94306,0,0,80682,0.8555341123576443,17262.472516101334,0.18304744678070678,2458,0.026064089241405637,17,92294,0,0,79402,0.8603159468654518,16249.532890565539,0.17606272228493228,2427,0.026296400632760526,17,2012,0,0,1280,0.6361829025844931,1012.9396255356538,0.5034491180594701,31,0.015407554671968192,0,,,
conversation_trace,0.0025,4.0,"l1=0.0025,l2x4",all,16,all16,label_binary_300,horizon,300.0,3,main,464360509,1857442038,58742117,5183,2662942,6866621,9529563,6866621,2118262,4139,170257,105575,126936,232511,275832,19.065850973129272,1261.07421875,793.3349609375,ff4b560f393371c4a6d63d8bfeea40872b28543f78ad709bd66c95f04bbb9279,5183,39,56079175,111981,6866621,13428,44567695,89270,0,0,128380,251,0,0,3168252,6189,3039872,5938,536811,1050,2118262,4139,8887412,17366,8350601,16316,1861406,3843,0,0,35038628,70859,33177222,67016,0,0,0,0,0,0,0,0,2526597,2118262,2783453,47094292,14173926,105575,42216,41518,126936,52167,47233,19334,0.3721009012415706,0.37061744014415243,182730,74009,188946069504,76402663424,1.4395443373038381,0.11689434005247036,11.689434005247035,3.60603619375856,5.3934930537147645,15.129539849576753,59.64822139454048,0.0,3.60603619375856,24.129069097050078,0.26280194935757994,0.73719805064242,232511,105575,126936,0,6711230ed6bb5494de021f93da1e63453d4344049e99ded43ebe407ac0b4ed44,12394037,7115935,259442,0.5846082273273833,94383,0,0,80659,0.8545924583876333,17453.386840267074,0.18492087388901682,2458,0.02604282550883104,22,92363,0,0,79398,0.8596299383952448,16387.803973883645,0.17742823396688767,2425,0.02625510215129435,21,2020,0,0,1261,0.6242574257425743,1065.5828663834238,0.5275162704868435,33,0.016336633663366337,1,,,
conversation_trace,0.0025,4.0,"l1=0.0025,l2x4",all,16,all16,label_binary_300,horizon,300.0,4,main,464360509,1857442038,58742117,5183,2662942,6865210,9528152,6865210,2140222,4183,170235,105597,126957,232554,275832,18.98916721343994,1276.01953125,697.8486328125,1031e069c52154ab7c47cc28721880603f32622c9a8c3f05c2ff1c17279d0bba,5183,39,56079175,111981,6865210,13425,44546260,89229,0,0,124928,244,0,0,3195904,6242,3070976,5998,544359,1065,2140222,4183,8839211,17272,8294852,16207,1858196,3835,0,0,35038628,70859,33180432,67024,0,0,0,0,0,0,0,0,2527483,2140222,2809509,47073743,14175337,105597,42059,41474,126957,52277,47192,19366,0.37171640791764143,0.37044971976203683,184664,76157,190902548480,78609545216,1.4545397260489772,0.11687031980818804,11.687031980818805,3.6434199332652586,5.440566604026205,15.047484584186845,59.64822139454048,0.0,3.6434199332652586,24.13147112147831,0.265548272700344,0.734451727299656,232554,105597,126957,0,fb722f9d1c3fa1f9884c0d6e3839eb4a75db197551759993ecbbeeb97c675c78,12387284,7117441,258869,0.5850253776372609,94336,0,0,80625,0.8546578188602443,17233.942135546542,0.18268680180998284,2492,0.026416214382632294,16,92325,0,0,79368,0.8596588139723802,16146.862581369749,0.17489155246541835,2463,0.026677497969130787,16,2011,0,0,1257,0.6250621581302834,1087.0795541766804,0.5405666604558331,29,0.014420686225758329,0,,,
conversation_trace,0.0025,4.0,"l1=0.0025,l2x4",all,16,all16,label_binary_600,horizon,600.0,0,main,464360509,1857442038,58742117,5183,2662942,5530179,8193121,5530179,1550834,3031,146875,128957,113908,242865,275832,19.552926063537598,1274.9921875,872.4306640625,d5fa37dea3caef71d0c106678e496c0a4ca24f99e5d129a99a7566026c9be17c,5183,36,56079175,111981,5530179,10816,46466083,92987,0,0,54652,107,0,0,1619324,3163,1564672,3056,696585,1363,1550834,3031,12340210,24112,11643625,22749,1780842,3677,0,0,35038628,70859,33257786,67182,0,0,0,0,0,0,0,0,2532079,1550834,2302071,48998162,15510368,128957,49681,31160,113908,48413,45010,19097,0.3951434490992731,0.3944601656579844,201742,82538,210065526784,85719810048,1.7710959721880817,0.09414333841594438,9.41433384159444,2.6400716882573367,2.7566660561450314,21.007431516300308,59.64822139454048,0.0,2.6400716882573367,26.404169260702673,0.11600129345291899,0.883998706547081,242865,128957,113908,0,b835ae3debf87fbf1a15c2c572a974b91de18d7407983076ab71d704d0e7e066,12878841,7311297,358696,0.5816241539126075,98094,0,0,79650,0.8119762676616307,31029.722287835884,0.3163264041412919,0,0.0,0,96341,0,0,78765,0.817564692083329,29573.454257026187,0.30696644478494295,0,0.0,0,1753,0,0,885,0.5048488305761551,1456.2680308097267,0.8307290535138202,0,0.0,0,error_location_001,8193121,True
conversation_trace,0.0025,4.0,"l1=0.0025,l2x4",all,16,all16,label_binary_600,horizon,600.0,1,main,464360509,1857442038,58742117,5183,2662942,5371489,8034431,5371489,1735841,3392,146867,128965,113879,242844,275832,22.293511152267456,1260.01171875,953.173828125,ee6af999eb54a389286f48219797bd54ca28247e6fc77a69a619f36615538425,5183,37,56079175,111981,5371489,10507,46440222,92936,0,0,48508,95,0,0,1628028,3180,1579520,3085,702960,1375,1735841,3392,12305189,24043,11602229,22668,1780155,3676,0,0,35038628,70859,33258473,67183,0,0,0,0,0,0,0,0,2531623,1735841,2487309,48971845,15669058,128965,49515,31183,113879,48527,45283,19266,0.39764135617629237,0.39701609413316297,203177,83788,211458514944,86980835328,1.7841480870046278,0.09144186955332237,9.144186955332236,2.9550194794647937,2.7714833634613476,20.947813304038736,59.64822139454048,0.0,2.9550194794647937,26.674316146964877,0.11684509040518065,0.8831549095948193,242844,128965,113879,0,8b6144bdf68bce8405f5a13f8eb78862292c2201439d78f2bbfaadeb88022469,12873201,7305427,357016,0.5813577368985383,98042,0,0,79596,0.8118561432855307,30913.541356319416,0.3153091670541137,0,0.0,0,96284,0,0,78662,0.8169789373104566,29539.227768901437,0.3067926942056981,0,0.0,0,1758,0,0,934,0.5312855517633674,1374.3135874180318,0.7817483432412012,0,0.0,0,error_location_001,8034431,True
conversation_trace,0.0025,4.0,"l1=0.0025,l2x4",all,16,all16,label_binary_600,horizon,600.0,2,main,464360509,1857442038,58742117,5183,2662942,5497441,8160383,5497441,1590992,3109,146676,129156,113664,242820,275832,25.118698358535767,1275.171875,780.279296875,efdbe290449e1cac0a13b0614d550a3e64d29e51cb84b2bc00e7b7c85ce3ab0d,5183,37,56079175,111981,5497441,10753,46459291,92973,0,0,52604,103,0,0,1628028,3180,1575424,3077,695531,1360,1590992,3109,12324086,24080,11628555,22720,1783316,3683,0,0,35038628,70859,33255312,67176,0,0,0,0,0,0,0,0,2531451,1590992,2339127,48990742,15543106,129156,49729,31207,113664,48351,44964,19004,0.39558699324324326,0.3930425430704639,201039,81789,209251751936,84908840960,1.7687130489864864,0.09358602108262458,9.358602108262458,2.708434903699504,2.7714833634613476,20.979982726873804,59.64822139454048,0.0,2.708434903699504,26.459900994034655,0.11668683326412041,0.8833131667358796,242820,129156,113664,0,0e15c75744c0f712cd8c9cda45bb49123bb86caa5075cc17bda6e5a65e0d93b2,12880288,7310473,356594,0.5814132416914901,98080,0,0,79559,0.8111643556280588,31041.503670799673,0.31649167690456437,0,0.0,0,96333,0,0,78660,0.8165426177945252,29705.730763499792,0.3083650541714656,0,0.0,0,1747,0,0,899,0.5145964510589582,1335.7729072998768,0.7646095634229404,0,0.0,0,error_location_001,8160383,True
conversation_trace,0.0025,4.0,"l1=0.0025,l2x4",all,16,all16,label_binary_600,horizon,600.0,3,main,464360509,1857442038,58742117,5183,2662942,5496417,8159359,5496417,1582921,3094,146774,129058,113750,242808,275832,19.51885437965393,1274.5234375,814.466796875,8869ccfb7993e35cd166d7e21d8a733cc62060b809ac3eb607c2bdcc14f2a337,5183,37,56079175,111981,5496417,10751,46467729,92990,0,0,51580,101,0,0,1633660,3191,1582080,3090,699115,1367,1582921,3094,12327549,24086,11628434,22719,1781413,3678,0,0,35038628,70859,33257215,67181,0,0,0,0,0,0,0,0,2532108,1582921,2333616,48999837,15544130,129058,49871,31219,113750,48228,45094,19121,0.39643076923076925,0.3964709297503525,203476,83404,211770531840,86560217088,1.7888,0.09356858895637009,9.356858895637009,2.694695187781537,2.7810710329013166,20.98587798597725,59.64822139454048,0.0,2.694695187781537,26.461644206660104,0.11701422133283729,0.8829857786671627,242808,129058,113750,0,7d9e6ffcb0172f2a30eb154f02c65229dcdf9c83198de6a73acf0eac62476684,12879874,7316960,356878,0.5819466091050269,98099,0,0,79608,0.811506743188004,31111.769528245466,0.31714665315900736,0,0.0,0,96370,0,0,78736,0.817017744111238,29684.671765427473,0.3080281391037405,0,0.0,0,1729,0,0,872,0.5043377674956623,1427.0977628180294,0.8253891051579118,0,0.0,0,error_location_001,8159359,True
conversation_trace,0.0025,4.0,"l1=0.0025,l2x4",all,16,all16,label_binary_600,horizon,600.0,4,main,464360509,1857442038,58742117,5183,2662942,5405281,8068223,5405281,1702613,3327,146429,129403,113368,242771,275832,19.737568140029907,1273.890625,780.75,c512f892ce7233c380789acac04bc6dc6ec4cf50b28922113f4a936b81f51810,5183,37,56079175,111981,5405281,10573,46439545,92935,0,0,54140,106,0,0,1649020,3221,1594880,3115,696555,1362,1702613,3327,12283633,24001,11587078,22639,1781041,3678,0,0,35038628,70859,33257587,67181,0,0,0,0,0,0,0,0,2531736,1702613,2453308,48971281,15635266,129403,49890,31255,113368,48152,44912,19105,0.39616117422905933,0.3967644126931384,201887,83334,210169491456,86552375296,1.7808111636440618,0.09201712971972052,9.201712971972052,2.8984535916538383,2.807219222283051,20.91111731638817,59.64822139454048,0.0,2.8984535916538383,26.61679013032506,0.11835649678492675,0.8816435032150732,242771,129403,113368,0,bd6a23926f88ab1f48f021da1a1adcec3c041aa2f8d43aaca34d72b77b8395c3,12873235,7302961,356441,0.5811423080523271,98042,0,0,79592,0.8118153444442178,30905.14640588122,0.3152235409914243,0,0.0,0,96329,0,0,78722,0.817220151771533,29517.90041184234,0.3064279750837478,0,0.0,0,1713,0,0,870,0.5078809106830122,1387.2459940388928,0.8098342055101534,0,0.0,0,error_location_001,8068223,True
conversation_trace,0.0025,4.0,"l1=0.0025,l2x4",all,16,all16,evict_binary_learned,class_order,,0,main,464360509,1857442038,58742117,5183,2662942,5619630,8282572,5619630,1750597,3421,149355,126477,113954,240431,275832,104.46615290641785,1276.01953125,930.896484375,404172f213787ac3c353f08fd60bca23679d81f141db1c7ddd36cc2ced4e46a6,5183,7,56079175,111981,5619630,10978,46138861,92406,0,0,482560,946,530501,1038,7062184,13805,6579624,12859,516399,1010,1220096,2383,6608136,12918,6091737,11908,1571128,3220,0,0,35038628,70859,33467500,67639,0,0,0,0,0,0,0,0,2570087,1750597,2749556,48708948,15420917,126477,52042,33630,113954,45537,42607,16731,0.3738964845463959,0.36741550826800184,140931,52549,147178371072,54829678592,1.2367358758797409,0.09566611295265372,9.566611295265371,2.9801394457744856,12.022351867230118,11.249400494027139,59.64822139454048,0.9031016025520496,2.077037843222436,26.251891807031743,0.5166070728410161,0.48339292715898385,240431,126477,113954,41344,4b329bcc42e885bfc988d6dbabba8f52d49a1cc7b3c58874e93dab1ed9353e90,12859186,7859674,52,0.6112128714834671,97579,0,15930,31694,0.3248034925547505,29745.75137710058,0.30483763286260956,10559,0.10820975824716383,3,96443,0,15930,31257,0.32409817197723007,29359.323018323008,0.30442150304659754,10559,0.10948435863670769,3,1136,0,0,437,0.3846830985915493,386.4283587775935,0.3401658087830928,0,0.0,0,,,
conversation_trace,0.0025,4.0,"l1=0.0025,l2x4",all,16,all16,evict_binary_learned,class_order,,1,main,464360509,1857442038,58742117,5183,2662942,5697118,8360060,5697118,1686660,3296,149277,126555,113816,240371,275832,105.50537848472595,1274.9921875,1005.5478515625,1e9d49d44ff17dd243a8391be6632cf561fd804ff514e77efc4179c8c89c1aba,5183,8,56079175,111981,5697118,11130,46125390,92380,0,0,489343,959,628754,1229,7084414,13849,6595071,12890,509036,995,1057906,2067,6572355,12847,6063319,11852,1571628,3221,0,0,35038628,70859,33467000,67638,0,0,0,0,0,0,0,0,2570007,1686660,2685039,48695397,15343429,126555,52226,33689,113816,45325,42889,16685,0.3768275110704998,0.36811913954771097,142584,53161,148827424768,55465871360,1.2527588388275814,0.09698523463156768,9.698523463156768,2.871295905116937,12.060195242878292,11.188488491145119,59.64822139454048,1.0703631944350933,1.8009327106818436,26.119979639140347,0.5187474431177682,0.4812525568822318,240371,126555,113816,41175,4c0964411f0c96f9ce5c30b2b3e34377b42a4a7509b31320497c32afa8d654b4,12854872,7852431,54,0.6108546238344497,97551,0,15758,31906,0.3270699429016617,29720.505715084673,0.3046663357124445,10383,0.10643663314573915,0,96379,0,15758,31414,0.32594237333859033,29364.799266782877,0.30468047257994874,10383,0.10773093723736499,0,1172,0,0,492,0.4197952218430034,355.7064483017806,0.303503795479335,0,0.0,0,,,
conversation_trace,0.0025,4.0,"l1=0.0025,l2x4",all,16,all16,evict_binary_learned,class_order,,2,main,464360509,1857442038,58742117,5183,2662942,5686467,8349409,5686467,1685040,3293,149547,126285,114119,240404,275832,110.44467544555664,1261.1796875,934.060546875,81e47279301fc1320cfde9528cf4c624e1cd0447d81a3913e5ea08c5b87e935e,5183,6,56079175,111981,5686467,11108,46137265,92403,0,0,500825,981,570928,1117,7103510,13885,6602685,12904,496579,972,1114112,2176,6565530,12836,6068951,11864,1572999,3224,0,0,35038628,70859,33465629,67635,0,0,0,0,0,0,0,0,2570403,1685040,2682444,48707668,15354080,126285,52299,33657,114119,45280,42727,16669,0.37440741681928513,0.3681316254416961,142412,53045,148639094784,55310800896,1.2479254111935787,0.09680391668553587,9.680391668553586,2.868538088268082,12.092703434573187,11.176869910902258,59.64822139454048,0.9719227517796133,1.8966153364884688,26.13811143374353,0.5196787777342081,0.4803212222657919,240404,126285,114119,41486,851e77720c2ea7ad83b1c6949a7b17a7e3113106a7c144e4cd897be3c4dfc95a,12861842,7862966,65,0.6113431108856725,97579,0,15990,31671,0.32456778610151776,29805.70292872535,0.30545202275823025,10632,0.1089578700335113,2,96441,0,15990,31175,0.32325463236590246,29456.51092391949,0.30543556084984075,10632,0.11024356860671292,2,1138,0,0,496,0.4358523725834798,349.1920048058691,0.3068471043988305,0,0.0,0,,,
conversation_trace,0.0025,4.0,"l1=0.0025,l2x4",all,16,all16,evict_binary_learned,class_order,,3,main,464360509,1857442038,58742117,5183,2662942,5603477,8266419,5603477,1732126,3384,149224,126608,113865,240473,275832,118.91689729690552,1261.375,929.7607421875,e9ad52980298b8338dc15a9390ebfad36b2d8e1fbab896d014e6639a7d8ab16c,5183,9,56079175,111981,5603477,10947,46174354,92476,0,0,504288,989,501278,980,7114306,13908,6610018,12919,495978,970,1230848,2404,6590638,12883,6094660,11913,1568952,3215,0,0,35038628,70859,33469676,67644,0,0,0,0,0,0,0,0,2569218,1732126,2732392,48743572,15437070,126608,52556,33588,113865,45091,42601,16508,0.3741360382909586,0.3661041005965714,141090,53214,147305617408,55501973504,1.2390989329469109,0.09539113137512562,9.539113137512562,2.9486952266293023,12.111082070807901,11.219612667347349,59.64822139454048,0.8533536508396522,2.09534157578965,26.279389964784553,0.5191050762410996,0.4808949237589004,240473,126608,113865,41397,87fe5ab672f1957d8eb411925b58ccd68f796ff1cea8d071fda26012b3001a15,12867050,7870052,59,0.611646142666734,97647,0,16039,31517,0.32276465226786283,30000.08038035261,0.3072299239132038,10707,0.10965006605425666,1,96562,0,16039,31076,0.32182432012592943,29644.93171398682,0.30700411874222594,10707,0.110882127544997,1,1085,0,0,441,0.4064516129032258,355.14866636578955,0.3273259597841378,0,0.0,0,,,
conversation_trace,0.0025,4.0,"l1=0.0025,l2x4",all,16,all16,evict_binary_learned,class_order,,4,main,464360509,1857442038,58742117,5183,2662942,5748766,8411708,5748766,1641173,3207,149842,125990,114360,240350,275832,107.18060684204102,1275.171875,927.5380859375,1d20e8410099ed61df6a5b7b6b160fa4adee8b17ec5b4b880e06eba78a271b67,5183,6,56079175,111981,5748766,11230,46120668,92367,0,0,489363,960,571093,1117,7069277,13822,6579914,12862,500829,979,1070080,2090,6581331,12863,6080502,11884,1578376,3238,0,0,35038628,70859,33460252,67621,0,0,0,0,0,0,0,0,2568568,1641173,2631365,48689236,15291781,125990,52119,33711,114360,45420,42676,16645,0.37317243791535504,0.36646851607221487,141421,53026,147629641728,55304042496,1.2366299405386498,0.09786446749952848,9.78644674995285,2.793860834126901,12.034426678902294,11.20376883931507,59.64822139454048,0.9722036405327373,1.8216571935941634,26.032056352344263,0.5178726837661737,0.4821273162338264,240350,125990,114360,41125,3fd55e76010325fc813cee54e0531fd53634479a52ebe0d1dd9694e72b1cfbea,12854198,7851515,60,0.6108156261479712,97539,0,15818,31947,0.32753052625103807,29599.897650436313,0.3034673069278577,10394,0.10656250320384666,0,96399,0,15818,31496,0.32672538096868226,29226.245291525196,0.30317996339718456,10394,0.10782269525617486,0,1140,0,0,451,0.3956140350877193,373.65235891109455,0.32776522711499523,0,0.0,0,,,
conversation_trace,0.0025,4.0,"l1=0.0025,l2x4",all,16,all16,evict_binary_recency,class_order,,0,main,464360509,1857442038,58742117,5183,2662942,4471556,7134498,4471556,2539472,4965,187842,87990,154330,242320,275832,64.7575216293335,1261.7578125,929.9365234375,3ff58fbb236a48bf29ef28cc89c89c5ab2486b20aaa7e85b766e37ce79e565d1,5183,17,56079175,111981,4471556,8741,46512956,93109,0,0,363929,715,1239388,2425,4529793,8858,4165864,8143,535585,1047,1300084,2540,9499726,18558,8964141,17511,1655677,3404,0,0,35038628,70859,33382951,67455,0,0,0,0,0,0,0,0,2555191,2539472,3438986,49068147,16568991,87990,35024,31724,154330,63228,61973,25453,0.4015615888032139,0.40255899285126845,230928,95728,240877838336,99804340224,1.4963260545584138,0.07612180541603565,7.612180541603565,4.323085598021604,7.7113206526077365,16.17191631006421,59.64822139454048,2.109879696708922,2.2132059013126817,28.206322560693547,0.3228758591082132,0.6771241408917869,242320,87990,154330,91881,56a8c97347c67e96106b76029c262777da6513140dc00e4851b669427a9e1a23,12907589,7911094,284044,0.6239055179088829,98252,0,36390,55594,0.5658307210031348,33838.43119314846,0.3444045026375897,10689,0.10879167854089485,0,97147,0,36390,54764,0.5637230176948336,33386.86875900358,0.3436736981996724,10689,0.11002913111058499,0,1105,0,0,830,0.751131221719457,451.5624341449093,0.408653786556479,0,0.0,0,,,
conversation_trace,0.0025,4.0,"l1=0.0025,l2x4",all,16,all16,evict_binary_recency,class_order,,1,main,464360509,1857442038,58742117,5183,2662942,4313227,6976169,4313227,2763504,5401,187655,88177,154042,242219,275832,72.01082849502563,1260.01171875,984.2021484375,6b811f6aed55b7fff39388ac152c68b0ce521e4ed2a395c8b1bb827e38b564b6,5183,16,56079175,111981,4313227,8431,46448162,92982,0,0,351131,691,1241840,2429,4502374,8806,4151243,8115,544801,1065,1521664,2972,9461442,18484,8916641,17419,1658350,3411,0,0,35038628,70859,33380278,67448,0,0,0,0,0,0,0,0,2554282,2763504,3659436,49002444,16727320,88177,34996,31824,154042,63132,61828,25307,0.40137105464743383,0.400858518659317,229558,94886,239446441984,98943303680,1.49022993728983,0.07342648205886076,7.342648205886077,4.704467835233109,7.664643751262829,16.1067433099151,59.64822139454048,2.114053873815954,2.590413961417155,28.475854896411036,0.32243149007405997,0.67756850992594,242219,88177,154042,91989,0fa26b35dd862df376ec284512b62302c61067877527b729b7beacd786bf1728,12889341,7918603,280343,0.6252278142071034,98128,0,36343,55635,0.5669635578020544,33381.049817211446,0.3401786423570382,10710,0.10914315995434534,0,97024,0,36343,54764,0.5644376649076517,33042.73484779647,0.34056248812455137,10710,0.11038505936675462,0,1104,0,0,871,0.7889492753623188,338.31496941499364,0.3064447186730015,0,0.0,0,,,
conversation_trace,0.0025,4.0,"l1=0.0025,l2x4",all,16,all16,evict_binary_recency,class_order,,2,main,464360509,1857442038,58742117,5183,2662942,4531205,7194147,4531205,2535130,4955,187416,88416,153729,242145,275832,63.60266160964966,1261.07421875,933.677734375,fac814dffbb72eddf4de67eef11e3906f0553ebf9b01ccadb6d40ef3824203a8,5183,15,56079175,111981,4531205,8856,46454986,93002,0,0,360549,709,1258202,2461,4493530,8789,4132981,8080,536097,1048,1276928,2494,9480682,18522,8944585,17474,1661208,3411,0,0,35038628,70859,33377420,67448,0,0,0,0,0,0,0,0,2557854,2535130,3431776,49012840,16509342,88416,34869,31901,153729,63285,62078,25556,0.40381450474536357,0.40382397092517974,231229,95934,241204406272,99989422080,1.504133897963299,0.07713724379392047,7.713724379392047,4.315693967924241,7.649588114095377,16.139496640885447,59.64822139454048,2.141907823989387,2.1737861439348536,28.104778722905067,0.3215587397700851,0.6784412602299149,242145,88416,153729,91703,9e0900f995a7124aed857107f921cdf68d4c100d32e512d4a93159845aab9eec,12891908,7920729,283659,0.6253968380785838,98154,0,36296,55644,0.566905067546916,33339.239632060904,0.33966256731321093,10619,0.10818713450292397,0,97015,0,36296,54770,0.5645518734216358,32946.92907729595,0.33960654617632274,10619,0.10945730041746121,0,1139,0,0,874,0.7673397717295873,392.3105547650823,0.3444342008473067,0,0.0,0,,,
conversation_trace,0.0025,4.0,"l1=0.0025,l2x4",all,16,all16,evict_binary_recency,class_order,,3,main,464360509,1857442038,58742117,5183,2662942,4593334,7256276,4593334,2479533,4845,187472,88360,153861,242221,275832,65.10368776321411,1261.1796875,920.72265625,cc4eed914774c038aaf5252916b7dd3fa1390550af1a85b4f13fab1813c8f45e,5183,20,56079175,111981,4593334,8980,46451543,92993,0,0,349385,687,1255853,2455,4526377,8852,4176992,8165,541217,1058,1223680,2390,9441303,18445,8900086,17387,1664163,3418,0,0,35038628,70859,33374465,67441,0,0,0,0,0,0,0,0,2554765,2479533,3370135,49006308,16447213,88360,35021,31820,153861,63110,62232,25518,0.40446896874451616,0.40434162573284743,233254,96883,243334969344,101050206208,1.5160047055459147,0.07819490060257787,7.819490060257787,4.221048076970056,7.705505404240028,16.07245956082924,59.64822139454048,2.137908989558548,2.0831390874115074,27.999013042039326,0.324060760269422,0.675939239730578,242221,88360,153861,91867,d986d914883b1c01c8d3914e249f8150911ac1bbbc8be1523977a7df10de4f4d,12890802,7918083,282434,0.6251977184972665,98131,0,36488,55374,0.5642865149646901,33383.775265171906,0.34019601619439227,10616,0.1081819200864151,0,97014,0,36488,54510,0.561877667140825,32974.80884049174,0.3398974255312815,10616,0.10942750530851217,0,1117,0,0,864,0.7735004476275739,408.96642468021736,0.366129296938422,0,0.0,0,,,
conversation_trace,0.0025,4.0,"l1=0.0025,l2x4",all,16,all16,evict_binary_recency,class_order,,4,main,464360509,1857442038,58742117,5183,2662942,4498008,7160950,4498008,2536630,4958,188420,87412,154854,242266,275832,68.09649920463562,1276.01953125,934.14453125,314a9e783e60c436cf454f3574db5bdcb323bd18119ae7b42f8472c1661075bf,5183,15,56079175,111981,4498008,8791,46488097,93064,0,0,348359,685,1208549,2364,4499514,8802,4151155,8117,545946,1068,1328081,2594,9506395,18571,8960449,17503,1662135,3415,0,0,35038628,70859,33376493,67444,0,0,0,0,0,0,0,0,2556440,2536630,3430935,49044537,16542539,87412,34679,31779,154854,63534,62568,25631,0.40404510054632103,0.4034217899077659,233366,96753,243473278976,100911017984,1.5070065997649398,0.07657211264619557,7.657211264619558,4.318247502043551,7.659775012875345,16.18326932275866,59.64822139454048,2.0573807375719877,2.260866764471563,28.161291837677556,0.3212582632087642,0.6787417367912357,242266,87412,154854,91611,954f843a62a72a697807d4c6c9bd34b7c49ce7f3e63fb8df958b46e992e4bb46,12899773,7917526,281092,0.624667736401253,98213,0,36430,55581,0.5659230448107684,33712.84551486677,0.3432625570430266,10773,0.10969016321668211,0,97100,0,36430,54741,0.5637590113285272,33285.13942795463,0.3427923730994298,10773,0.11094747682801236,0,1113,0,0,840,0.7547169811320755,427.70608691216415,0.38428219848352574,0,0.0,0,,,
conversation_trace,0.0025,4.0,"l1=0.0025,l2x4",leaf,16,leaf16,adm_label,leaf_location,,0,main,464360509,1857442038,58742117,5183,2662942,3708416,6371358,3708416,0,0,275831,1,255557,255558,275832,80.68689274787903,1260.01171875,985.974609375,87c3a1a31564d07f12189e2de5595a9f3aaae082d8ae78e1a6d07160fa975d7d,5183,3,56079175,111981,3708416,7243,49786123,99558,0,0,0,0,0,0,0,0,0,0,1088962,2131,0,0,17332131,33879,16243169,31748,1495674,3049,0,0,35038628,70859,33542954,67810,0,0,0,0,0,0,0,0,2584636,0,1088962,52370759,17332131,1,0,18503,255557,104731,0,0,0.0,0.0,0,0,0,0,0.0,0.06313044523063409,6.313044523063409,0.0,0.0,29.505458579233704,59.64822139454048,0.0,0.0,29.505458579233704,0.0,1.0,255558,1,255557,17022,d5055e95e44618bb5a4d3d0db5f8bd2e1b567fa70f8236d0752b3b2d02e92e05,12677495,6289020,599,0.4961011225009357,104731,0,7542,817,0.007800937640240235,46506.95783992695,0.4440610501181785,26269,0.25082353839837296,34,13321,0,7542,83,0.006230763456196982,5030.8345102128715,0.37766192554709643,2830,0.2124465130245477,8,91410,0,0,734,0.008029756044196477,41476.12332971317,0.45373726430054884,23439,0.2564161470298654,26,,,
conversation_trace,0.0025,4.0,"l1=0.0025,l2x4",leaf,16,leaf16,adm_label,leaf_location,,1,main,464360509,1857442038,58742117,5183,2662942,3682816,6345758,3682816,0,0,275831,1,255573,255574,275832,63.887054681777954,1276.01953125,990.5751953125,b3653e54bfc637d3961d1e7544f9a9cef2b47739ef318e602a576fb2aaef970e,5183,3,56079175,111981,3682816,7193,49811903,99608,0,0,0,0,0,0,0,0,0,0,1087743,2128,0,0,17357731,33929,16269988,31801,1496713,3052,0,0,35038628,70859,33541915,67807,0,0,0,0,0,0,0,0,2584456,0,1087743,52396359,17357731,1,0,18487,255573,104781,0,0,0.0,0.0,0,0,0,0,0.0,0.06269464207427186,6.269464207427186,0.0,0.0,29.549038894869927,59.64822139454048,0.0,0.0,29.549038894869927,0.0,1.0,255574,1,255573,16800,e2f3f4ad2e35d6c1914d272fedafe6f73113aac40275a5d538e674ceb7628aea,12683094,6309971,617,0.49753471037902897,104781,0,7452,822,0.00784493371889942,46668.61469588755,0.4453919574721328,26324,0.25122875330451133,34,13291,0,7452,64,0.00481528854111805,5028.117865732834,0.3783099740977228,2888,0.217289895417952,8,91490,0,0,758,0.008285058476336211,41640.49683015397,0.45513713881466794,23436,0.256159143075746,26,,,
conversation_trace,0.0025,4.0,"l1=0.0025,l2x4",leaf,16,leaf16,adm_label,leaf_location,,2,main,464360509,1857442038,58742117,5183,2662942,3703808,6366750,3703808,0,0,275832,0,255565,255565,275832,64.10045003890991,1261.1796875,920.6259765625,fd22c1cf78c45cf63a45b1f734e7eeb60e625b37a3d1884eddc1b5f5372b29e1,5183,3,56079175,111981,3703808,7234,49790703,99567,0,0,0,0,0,0,0,0,0,0,1086719,2126,0,0,17336739,33888,16250020,31762,1497945,3054,0,0,35038628,70859,33540683,67805,0,0,0,0,0,0,0,0,2584664,0,1086719,52375367,17336739,0,0,18496,255565,104740,0,0,0.0,0.0,0,0,0,0,0.0,0.0630520006624889,6.305200066248889,0.0,0.0,29.513303036048224,59.64822139454048,0.0,0.0,29.513303036048224,0.0,1.0,255565,0,255565,17121,520cbe1fcb0554afd919b2f4b3c3c75737870b8bbdb23cb212e5f02115d36f53,12678025,6321937,653,0.4986788951749188,104740,0,7510,851,0.008124880656864618,46490.78785026585,0.44386851107758113,26293,0.25103112468970784,32,13275,0,7510,90,0.006779661016949152,5015.440621051024,0.3778109695706986,2833,0.2134086629001883,10,91465,0,0,761,0.008320122451210846,41475.34722921415,0.4534559364698426,23460,0.2564915541463948,22,,,
conversation_trace,0.0025,4.0,"l1=0.0025,l2x4",leaf,16,leaf16,adm_label,leaf_location,,3,main,464360509,1857442038,58742117,5183,2662942,3646464,6309406,3646464,0,0,275832,0,255670,255670,275832,76.28342938423157,1261.7578125,996.8369140625,e1264e2522bd6ad5dce9c9144e47f52bab74ea799483df9b2c04c466e34aaccf,5183,3,56079175,111981,3646464,7122,49847996,99679,0,0,0,0,0,0,0,0,0,0,1089791,2132,0,0,17394083,34000,16304292,31868,1494924,3048,0,0,35038628,70859,33543704,67811,0,0,0,0,0,0,0,0,2584715,0,1089791,52432711,17394083,0,0,18391,255670,104852,0,0,0.0,0.0,0,0,0,0,0.0,0.062075801592237474,6.207580159223747,0.0,0.0,29.610922943073366,59.64822139454048,0.0,0.0,29.610922943073366,0.0,1.0,255670,0,255670,16551,b35d7aae09286c8f7508369fa2e2cefc2457bcec85202a79a9e0d772f2db8ba3,12684611,6315522,638,0.49791365300835794,104852,0,7146,820,0.007820547056803876,47008.10553954875,0.44832817246737067,26423,0.25200282302674243,36,12804,0,7146,65,0.005076538581693221,4990.75406576299,0.3897808548705865,2778,0.2169634489222118,4,92048,0,0,755,0.008202242308360854,42017.35147378518,0.4564721827066876,23645,0.2568768468625065,32,,,
conversation_trace,0.0025,4.0,"l1=0.0025,l2x4",leaf,16,leaf16,adm_label,leaf_location,,4,main,464360509,1857442038,58742117,5183,2662942,3707904,6370846,3707904,0,0,275832,0,255645,255645,275832,114.31274342536926,1260.84765625,909.7470703125,63085a678ff7f433e601632d0ed4b28443736094b7f0c87b7c0957b78796e8a3,5183,3,56079175,111981,3707904,7242,49786972,99559,0,0,0,0,0,0,0,0,0,0,1086207,2125,0,0,17332643,33880,16246436,31755,1498092,3055,0,0,35038628,70859,33540536,67804,0,0,0,0,0,0,0,0,2584299,0,1086207,52371271,17332643,0,0,18416,255645,104732,0,0,0.0,0.0,0,0,0,0,0.0,0.06312172916750686,6.312172916750685,0.0,0.0,29.506330185546428,59.64822139454048,0.0,0.0,29.506330185546428,0.0,1.0,255645,0,255645,16790,80a1b319acfea43e23aea46c1a0e1c06501aad169127b5c56ea940859bf72557,12675272,6296813,666,0.4968055912330718,104732,0,7323,799,0.00762899591337891,46596.43222494849,0.4449111276873209,26252,0.25065882442806403,35,13080,0,7323,97,0.007415902140672783,4892.711560098988,0.37406051682713976,2745,0.2098623853211009,8,91652,0,0,702,0.007659407323353555,41703.720664848865,0.4550224835775418,23507,0.25648103696591457,27,,,
conversation_trace,0.0025,4.0,"l1=0.0025,l2x4",leaf,16,leaf16,evict_label,leaf_location,,0,main,464360509,1857442038,58742117,5183,2662942,11728937,14391879,11728937,0,0,268040,7792,211249,219041,275832,44.05533981323242,1275.171875,919.275390625,5f402ce975e8aebf52f6eb0dfae69b754e198c0b7f73d4396910b1e5d4c99898,5183,29,56079175,111981,11728937,22922,41824745,83905,0,0,24458,52,0,0,106820,216,82362,164,579218,1133,0,0,9204790,17984,8625572,16851,1921817,3969,0,0,35038628,70859,33116811,66890,0,0,0,0,0,0,0,0,2525493,0,603676,44350238,9311610,7792,2703,54999,211249,86330,0,0,0.0,0.0,0,0,0,0,0.0,0.19966827208491653,19.96682720849165,0.0,0.18184567641646282,15.669830217388999,59.64822139454048,0.0,0.0,15.851675893805462,0.011471700382640596,0.9885282996173594,219041,7792,211249,8132,5fd46a83485938fdd81cba14297d5be99378814285af50c11832e6efc1c195a0,10638730,10638730,0,1.0,89033,0,2847,86186,0.9680230925611851,374.61359323110725,0.004207581382533524,319,0.0035829411566497813,9,6128,0,2847,3281,0.535411227154047,374.61359323110725,0.06113146103640784,310,0.050587467362924285,0,82905,0,0,82905,1.0,0.0,0.0,9,0.00010855798805862131,9,,,
conversation_trace,0.0025,4.0,"l1=0.0025,l2x4",leaf,16,leaf16,evict_label,leaf_location,,1,main,464360509,1857442038,58742117,5183,2662942,11685086,14348028,11685086,0,0,268423,7409,211786,219195,275832,28.286162614822388,1274.5234375,954.087890625,c7802ee64089995ca72da0fc5f29cc79c2b6b43ff649269c4ecde89b95550971,5183,31,56079175,111981,11685086,22837,41867844,83992,0,0,24588,52,0,0,124017,249,99429,197,586031,1146,0,0,9231444,18036,8645413,16890,1915626,3954,0,0,35038628,70859,33123002,66905,0,0,0,0,0,0,0,0,2526245,0,610619,44394089,9355461,7409,2695,54843,211786,86419,0,0,0.0,0.0,0,0,0,0,0.0,0.19892177192047744,19.892177192047743,0.0,0.2111210939163122,15.715204816333058,59.64822139454048,0.0,0.0,15.92632591024937,0.013256107849736106,0.9867438921502639,219195,7409,211786,7886,fadd25f1e4a5d358938741280e9e7db58a927c03c29d203d40a18c8a4527b873,10644543,10644543,0,1.0,89114,0,2827,86287,0.9682765895369976,485.8036574411672,0.005451485259792706,353,0.00396121821487084,12,6110,0,2827,3283,0.5373158756137479,485.8036574411672,0.07950960023587025,341,0.055810147299509,0,83004,0,0,83004,1.0,0.0,0.0,12,0.00014457134595923088,12,,,
conversation_trace,0.0025,4.0,"l1=0.0025,l2x4",leaf,16,leaf16,evict_label,leaf_location,,2,main,464360509,1857442038,58742117,5183,2662942,11760263,14423205,11760263,0,0,268531,7301,211677,218978,275832,27.66727066040039,1274.9921875,1011.9150390625,b998b9f7f1d3cf16046a27aa05e2a971facd9926bbbd11f0a5f03e2f41dd0f7d,5183,27,56079175,111981,11760263,22981,41794513,83844,0,0,17758,41,0,0,100517,206,82759,165,579636,1134,0,0,9179767,17935,8600131,16801,1927005,3981,0,0,35038628,70859,33111623,66878,0,0,0,0,0,0,0,0,2524399,0,597394,44318912,9280284,7301,2677,55061,211677,86294,0,0,0.0,0.0,0,0,0,0,0.0,0.20020155215039323,20.02015521503932,0.0,0.1711157260471222,15.627232161210669,59.64822139454048,0.0,0.0,15.798347887257792,0.010831241802513802,0.9891687581974862,218978,7301,211677,7759,5fb51563932858bb6b456edb3f393c03c8200fe3a552be92cded2606ba57e66d,10629051,10629051,0,1.0,88971,0,2809,86162,0.9684279147137831,469.07653605383774,0.0052722407981683666,334,0.0037540322127434782,17,6138,0,2809,3329,0.5423590746171392,469.07653605383774,0.07642172304559103,317,0.0516454871293581,0,82833,0,0,82833,1.0,0.0,0.0,17,0.0002052322142141417,17,,,
conversation_trace,0.0025,4.0,"l1=0.0025,l2x4",leaf,16,leaf16,evict_label,leaf_location,,3,main,464360509,1857442038,58742117,5183,2662942,11729158,14392100,11729158,0,0,268352,7480,211550,219030,275832,34.460328102111816,1279.57421875,956.685546875,9b9819ccaf8e71f9baca996df00aaf00dec6dd66ea43816630e0291983a22e0b,5183,28,56079175,111981,11729158,22921,41823996,83905,0,0,20005,44,0,0,100322,204,80317,160,589550,1154,0,0,9211067,17997,8621517,16843,1916466,3957,0,0,35038628,70859,33122162,66902,0,0,0,0,0,0,0,0,2526021,0,609555,44350017,9311389,7480,2686,55005,211550,86341,0,0,0.0,0.0,0,0,0,0,0.0,0.1996720342918523,19.96720342918523,0.0,0.1707837666116119,15.680515906500272,59.64822139454048,0.0,0.0,15.851299673111884,0.010774117588686285,0.9892258824113137,219030,7480,211550,7890,931bf94984bc37a2a00350b5ca3137939ede0c651e974f17e320dbfdcaedc074,10636581,10636581,0,1.0,89027,0,2835,86192,0.9681557280375617,482.02670740831365,0.005414387853216593,343,0.0038527637682950117,15,6176,0,2835,3341,0.5409650259067358,482.02670740831365,0.07804836583683836,328,0.05310880829015544,0,82851,0,0,82851,1.0,0.0,0.0,15,0.00018104790527573596,15,,,
conversation_trace,0.0025,4.0,"l1=0.0025,l2x4",leaf,16,leaf16,evict_label,leaf_location,,4,main,464360509,1857442038,58742117,5183,2662942,11688314,14351256,11688314,0,0,268299,7533,211549,219082,275832,29.400728940963745,1260.84765625,940.3232421875,1889ac364666a67a0c9e51b5f8236b53566d38cb3f442a41fc05aebd93c50169,5183,27,56079175,111981,11688314,22841,41864114,83984,0,0,24424,53,0,0,117095,236,92671,183,588422,1152,0,0,9235138,18045,8646716,16893,1913901,3951,0,0,35038628,70859,33124727,66908,0,0,0,0,0,0,0,0,2526747,0,612846,44390861,9352233,7533,2728,54956,211549,86382,0,0,0.0,0.0,0,0,0,0,0.0,0.198976723974725,19.897672397472498,0.0,0.19933738513373633,15.721493319690879,59.64822139454048,0.0,0.0,15.920830704824615,0.012520539212399862,0.9874794607876002,219082,7533,211549,7881,c0fccc7279136a92f1c6c349978cbd6ff06224ebb608df135d66cf1d8249b01f,10648145,10648145,0,1.0,89110,0,2891,86219,0.9675569520816968,538.5795517422958,0.0060439855430624604,404,0.004533722365615531,15,6249,0,2891,3358,0.5373659785565691,538.5795517422958,0.0861865181216668,389,0.062249959993598974,0,82861,0,0,82861,1.0,0.0,0.0,15,0.00018102605568361474,15,,,
conversation_trace,0.01,1.0,"l1=0.01,l2x1",all,16,all16,label_binary_6,horizon,6.0,0,main,1857442038,1857442038,58742117,5183,3218284,1641665,4859949,1641665,428365,838,271289,0,259138,259138,271289,21.522547006607056,1273.890625,781.0126953125,5a7ba0144b4abc4649d67899ada4ce5b981b2d0ee5bad5e387b2857ee49f2924,5183,25,55523833,110893,1641665,3212,50903130,101685,0,0,0,0,0,0,0,0,0,0,949010,1856,428365,838,18415175,35984,17466165,34128,1601663,3302,0,0,35038628,70859,33436965,67557,0,0,0,0,0,0,0,0,2550673,428365,1377375,53453803,18843540,0,0,10321,259138,106831,124153,50918,0.4790999390286257,0.476621954301654,648122,259772,667276298240,267182708736,2.5010689285245697,0.027946983933180344,2.7946983933180345,0.7292297620121522,0.0,31.349185117043024,59.64822139454048,0.0,0.7292297620121522,32.078414879055174,0.0,1.0,259138,0,259138,0,6ef2cc695d0ab63115e3aebf40b6c5e62f4e80df9e6825d4f0464b34589b9f07,13241407,9573626,768285,0.7520174026823585,106831,0,0,77908,0.72926397768438,55193.92178199455,0.5166470573334945,28924,0.2707453828944782,1,104419,0,0,76132,0.7291010256754039,53978.324124039034,0.5169396769174099,28288,0.27090855112575296,1,2412,0,0,1776,0.736318407960199,1215.5976579555668,0.5039791285056247,636,0.263681592039801,0,,,
conversation_trace,0.01,1.0,"l1=0.01,l2x1",all,16,all16,label_binary_6,horizon,6.0,1,main,1857442038,1857442038,58742117,5183,3218284,1589368,4807652,1589368,471707,923,271289,0,259170,259170,271289,21.9580180644989,1274.5234375,814.728515625,0d1b36d08d2eeac22c1ab226165659b19bd30c03c7daf16ee8a1d8e08fe128dd,5183,24,55523833,110893,1589368,3109,50911275,101702,0,0,0,0,0,0,0,0,0,0,954715,1868,471707,923,18424130,36002,17469415,34134,1596768,3291,0,0,35038628,70859,33441860,67568,0,0,0,0,0,0,0,0,2551483,471707,1426422,53462758,18895837,0,0,10287,259170,106847,124181,51017,0.4791488212370259,0.47747714020983273,646308,259283,665347696640,266620680192,2.4937608519504573,0.02705670277426331,2.7056702774263313,0.8030132792115748,0.0,31.364429715735305,59.64822139454048,0.0,0.8030132792115748,32.16744299494688,0.0,1.0,259170,0,259170,0,a30f0914b5d163374c63afa12aefa3f4dc20348a0ec3a52c75bfc8de7129dea9,13243331,9570010,771819,0.7517685316481179,106847,0,0,77903,0.7291079768266774,55263.086875790206,0.5172170194370475,28946,0.2709107415276049,2,104433,0,0,76104,0.7287351699175548,54075.08551585397,0.5177969177927855,28331,0.27128398111707985,2,2414,0,0,1799,0.7452361226180613,1188.001359936383,0.4921298094185514,615,0.2547638773819387,0,,,
conversation_trace,0.01,1.0,"l1=0.01,l2x1",all,16,all16,label_binary_6,horizon,6.0,2,main,1857442038,1857442038,58742117,5183,3218284,1633283,4851567,1633283,434167,852,271289,0,259173,259173,271289,21.260485410690308,1279.57421875,816.4931640625,48aa3c32a147af085179ce74e0ac4bab281cf6f6dd97bc22f88e39123db8d251,5183,25,55523833,110893,1633283,3195,50905408,101688,0,0,0,0,0,0,0,0,0,0,949639,1857,434167,852,18417755,35987,17468116,34130,1601336,3301,0,0,35038628,70859,33437292,67558,0,0,0,0,0,0,0,0,2550975,434167,1383806,53456383,18851922,0,0,10285,259173,106834,124225,50946,0.47931304572621375,0.476870659153453,647639,259286,666804414464,266656116736,2.498867551789731,0.027804292446593302,2.7804292446593304,0.7391068319856433,0.0,31.35357719572824,59.64822139454048,0.0,0.7391068319856433,32.09268402771388,0.0,1.0,259173,0,259173,0,a1be1d5896e8a0f1f36cc9190a73812f89b2b21ad0bca5364649bd6ac9d42f57,13240420,9582690,771144,0.7528659966979899,106834,0,0,77901,0.7291779770485052,55210.99312700493,0.5167923425782516,28933,0.2708220229514948,0,104421,0,0,76143,0.7291924038268165,53979.44873322208,0.5169405458023011,28278,0.27080759617318356,0,2413,0,0,1758,0.728553667633651,1231.5443937829345,0.5103789447919331,655,0.27144633236634896,0,,,
conversation_trace,0.01,1.0,"l1=0.01,l2x1",all,16,all16,label_binary_6,horizon,6.0,3,main,1857442038,1857442038,58742117,5183,3218284,1686840,4905124,1686840,401987,786,271289,0,259091,259091,271289,24.408657550811768,1275.171875,780.537109375,d461d20fd6ed28c385f8fb1afe91f58591b81b8eb495b5c0c84624f0676ac144,5183,26,55523833,110893,1686840,3301,50884090,101649,0,0,0,0,0,0,0,0,0,0,950034,1858,401987,786,18396378,35947,17446344,34089,1600882,3299,0,0,35038628,70859,33437746,67560,0,0,0,0,0,0,0,0,2550916,401987,1352021,53435006,18798365,0,0,10368,259091,106793,124222,50973,0.4794531651041526,0.4773065650370343,643625,258043,662679431168,265458649088,2.4841657950295457,0.02871602329211254,2.871602329211254,0.6843250133460461,0.0,31.31718592981591,59.64822139454048,0.0,0.6843250133460461,32.00151094316195,0.0,1.0,259091,0,259091,0,833b8e852e10e2d69a4cd4213827a490afebe8fc6a2f2a4b0c5b1df9c3f45482,13236101,9570963,769427,0.7521608138227414,106793,0,0,77912,0.7295609262779396,55029.41164494997,0.515290437060013,28882,0.27044843763167997,1,104399,0,0,76131,0.7292311229034761,53893.20772546421,0.5162234094719702,28269,0.2707784557323346,1,2394,0,0,1781,0.7439431913116124,1136.2039194857014,0.474604811815247,613,0.25605680868838765,0,,,
conversation_trace,0.01,1.0,"l1=0.01,l2x1",all,16,all16,label_binary_6,horizon,6.0,4,main,1857442038,1857442038,58742117,5183,3218284,1605871,4824155,1605871,482925,945,271289,0,259140,259140,271289,22.017563104629517,1274.9921875,872.6796875,c0a0e946f424cda53b5ba2255b08ab09795fa5254458d2c4c3db43c688058cf2,5183,25,55523833,110893,1605871,3142,50883478,101648,0,0,0,0,0,0,0,0,0,0,952082,1862,482925,945,18396409,35947,17444327,34085,1599477,3296,0,0,35038628,70859,33439151,67563,0,0,0,0,0,0,0,0,2551559,482925,1435007,53435037,18879334,0,0,10318,259140,106794,124077,50866,0.47880296364899283,0.4763001666760305,641109,258240,660179286016,265583878144,2.4739870340356562,0.027337642598069797,2.73376425980698,0.8221103097118546,0.0,31.317238702854375,59.64822139454048,0.0,0.8221103097118546,32.13934901256623,0.0,1.0,259140,0,259140,0,36b7e362d1eb048adfcfd55abf823a2297723903d1c13358ed9b8a730532782a,13236647,9563774,770364,0.7516220686401927,106794,0,0,77900,0.7294417289360825,55070.02092866505,0.5156658700738342,28896,0.27057699870779256,2,104374,0,0,76129,0.7293866288539291,53843.275859221925,0.5158686632611754,28247,0.27063253300630424,2,2420,0,0,1771,0.7318181818181818,1226.7450694431554,0.5069194501831221,649,0.2681818181818182,0,,,
conversation_trace,0.01,1.0,"l1=0.01,l2x1",all,16,all16,label_binary_15,horizon,15.0,0,main,1857442038,1857442038,58742117,5183,3218284,2541835,5760119,2541835,618815,1210,271289,0,254263,254263,271289,21.36121702194214,1260.01171875,898.076171875,0fac8dfd30f37df3487e57bb197985e96557a515c97611ea90b0a1fabda587fa,5183,28,55523833,110893,2541835,4972,49819312,99556,0,0,0,0,0,0,0,0,0,0,892853,1747,618815,1210,17324555,33852,16431702,32105,1651018,3408,0,0,35038628,70859,33387610,67451,0,0,0,0,0,0,0,0,2543871,618815,1511668,52363183,17943370,0,0,15194,254263,104697,121575,49985,0.47814664343612717,0.4774253321489632,635260,256056,654143723520,263379705856,2.4984366581059767,0.04327108265437556,4.327108265437556,1.0534434773605452,0.0,29.49256152957511,59.64822139454048,0.0,1.0534434773605452,30.546005006935655,0.0,1.0,254263,0,254263,0,ace1026a687011fc386fd4ee8756fc6e9bf94b853615244ef76f2f692aa74990,12981952,9680950,705559,0.7728983669019882,104697,0,0,77888,0.7439372665883455,46831.08271394689,0.4473010947204494,26809,0.2560627334116546,0,102278,0,0,76080,0.7438549834764074,45746.93055585493,0.44728026120822595,26198,0.25614501652359256,0,2419,0,0,1808,0.7474162877221993,1084.1521580921951,0.44818195869871646,611,0.25258371227780074,0,,,
conversation_trace,0.01,1.0,"l1=0.01,l2x1",all,16,all16,label_binary_15,horizon,15.0,1,main,1857442038,1857442038,58742117,5183,3218284,2548647,5766931,2548647,627926,1227,271289,0,254262,254262,271289,22.2995548248291,1273.890625,873.0986328125,ff975020d2289d1ccf51ee7bfec04a7b6f6631de03694aafe269c5293736b176,5183,31,55523833,110893,2548647,4987,49803668,99527,0,0,0,0,0,0,0,0,0,0,892290,1745,627926,1227,17308632,33820,16416342,32075,1651302,3407,0,0,35038628,70859,33387326,67452,0,0,0,0,0,0,0,0,2543592,627926,1520216,52347260,17936558,0,0,15198,254262,104666,121624,49930,0.4783412385649448,0.477041255039841,637254,255891,656098347008,263195136000,2.5062887887297354,0.04338704715051383,4.338704715051383,1.0689536436012341,0.0,29.465454913720592,59.64822139454048,0.0,1.0689536436012341,30.53440855732183,0.0,1.0,254262,0,254262,0,e09d9f79e26706303cd695f9628da5378c97501ddb9f6a50ead4f9a11c471a48,12982479,9672784,708158,0.7723380873560435,104666,0,0,77912,0.744386906922974,46648.5477461519,0.4456896006931754,26754,0.25561309307702595,1,102259,0,0,76111,0.7442963455539365,45587.651047769315,0.44580575839553793,26148,0.2557036544460634,1,2407,0,0,1801,0.7482343165766514,1060.8966983829075,0.4407547562870409,606,0.25176568342334854,0,,,
conversation_trace,0.01,1.0,"l1=0.01,l2x1",all,16,all16,label_binary_15,horizon,15.0,2,main,1857442038,1857442038,58742117,5183,3218284,2460610,5678894,2460610,708232,1384,271289,0,254255,254255,271289,21.061014890670776,1279.57421875,908.5830078125,1d98b689edf68358a134fee01b889243ffee9761e9b03e79fb45d7922f602ba0,5183,30,55523833,110893,2460610,4814,49810390,99542,0,0,0,0,0,0,0,0,0,0,894850,1750,708232,1384,17316363,33836,16421513,32086,1649751,3403,0,0,35038628,70859,33388877,67456,0,0,0,0,0,0,0,0,2544601,708232,1603082,52354991,18024595,0,0,15201,254255,104680,121859,49940,0.4792786769188413,0.47707298433320594,636790,255594,655694901248,262869215232,2.5045328508780553,0.0418883439287692,4.18883439287692,1.2056630509247734,0.0,29.478615828571517,59.64822139454048,0.0,1.2056630509247734,30.68427887949629,0.0,1.0,254255,0,254255,0,0ebd455116dad37ed1eeeb444c7629755e8be459d27055b66be20cb186561ced,12980559,9679939,707945,0.7729953309406783,104680,0,0,77899,0.7441631639281621,46737.61027438565,0.4464808012455641,26781,0.255836836071838,0,102266,0,0,76108,0.7442160639899869,45632.18987046911,0.44621076281920785,26158,0.2557839360100131,0,2414,0,0,1791,0.7419221209610605,1105.4204039167503,0.45792063128282945,623,0.25807787903893953,0,,,
conversation_trace,0.01,1.0,"l1=0.01,l2x1",all,16,all16,label_binary_15,horizon,15.0,3,main,1857442038,1857442038,58742117,5183,3218284,2569503,5787787,2569503,606934,1186,271289,0,254237,254237,271289,27.447717666625977,1275.171875,872.630859375,4bc76d1c7a4728df7a14b60bda90aa36e42cf86305edb2da344c7da5d5c17fdd,5183,30,55523833,110893,2569503,5027,49803136,99527,0,0,0,0,0,0,0,0,0,0,895874,1752,606934,1186,17308768,33821,16412894,32069,1648386,3401,0,0,35038628,70859,33390242,67458,0,0,0,0,0,0,0,0,2544260,606934,1502808,52347396,17915702,0,0,15220,254237,104667,121759,49959,0.4789192761085129,0.4773137665166671,636822,256209,655683041280,263538563072,2.5048360388141773,0.043742090534462694,4.374209053446269,1.0332177847795305,0.0,29.46568643414741,59.64822139454048,0.0,1.0332177847795305,30.498904218926942,0.0,1.0,254237,0,254237,0,46b094a58aa2816fcf8b16b7a9bdfb1191899f697652040860e83aac409f1dde,12982751,9684473,706761,0.7731684525105658,104667,0,0,77901,0.7442746997621027,46690.18056848464,0.44608310707753773,26767,0.25573485434759763,1,102266,0,0,76139,0.7445191950403849,45562.72327866659,0.4455314892404767,26128,0.2554905833805957,1,2401,0,0,1762,0.7338608912952936,1127.457289818348,0.4695782131688247,639,0.26613910870470636,0,,,
conversation_trace,0.01,1.0,"l1=0.01,l2x1",all,16,all16,label_binary_15,horizon,15.0,4,main,1857442038,1857442038,58742117,5183,3218284,2574325,5792609,2574325,612488,1197,271289,0,254176,254176,271289,22.091460704803467,1274.9921875,872.6806640625,fb40cf5198199d01da6d35f69358b5bec25dc95f2cfb69783050169cd4dc1e88,5183,31,55523833,110893,2574325,5037,49793524,99507,0,0,0,0,0,0,0,0,0,0,891266,1743,612488,1197,17298392,33800,16407126,32057,1652230,3409,0,0,35038628,70859,33386398,67450,0,0,0,0,0,0,0,0,2543496,612488,1503754,52337020,17910880,0,0,15281,254176,104646,121772,49965,0.4790853581770112,0.47746688836649276,635580,256523,654451861504,263855917056,2.500550799446053,0.043824178144618114,4.382417814461811,1.0426726704452958,0.0,29.448022787466105,59.64822139454048,0.0,1.0426726704452958,30.4906954579114,0.0,1.0,254176,0,254176,0,297dc5e8330f2e114b2f72c53bac2bc166dcd898a046e2baa2d641c171da58e4,12976644,9681742,704904,0.7732503103267686,104646,0,0,77903,0.744443170307513,46605.669300826215,0.44536503354955004,26744,0.25556638571947327,1,102235,0,0,76120,0.7445591040250403,45547.80051185158,0.44552061927766007,26116,0.25545067736098204,1,2411,0,0,1783,0.7395271671505599,1057.8687889748471,0.43876764370586774,628,0.26047283284944006,0,,,
conversation_trace,0.01,1.0,"l1=0.01,l2x1",all,16,all16,label_binary_60,horizon,60.0,0,main,1857442038,1857442038,58742117,5183,3218284,7128081,10346365,7128081,484864,947,271285,4,234932,234936,271289,20.41197443008423,1276.01953125,793.4609375,ac05ad2ada8c706fc54f339267cba7c7e891ae7f57978b9b30be4e820e2aa7af,5183,44,55523833,110893,7128081,13937,45387796,90870,0,0,0,0,0,0,0,0,0,0,644282,1260,484864,947,12872260,25150,12227978,23890,1878810,3879,0,0,35038628,70859,33159818,66980,0,0,0,0,0,0,0,0,2523092,484864,1129146,47910888,13357124,4,3,34522,234932,95990,112056,45623,0.47697206000034054,0.4752890926138139,584162,234617,601445785600,241300213760,2.4865152469650793,0.12134532025803564,12.134532025803564,0.8254111781500827,0.0,21.913170068419564,59.64822139454048,0.0,0.8254111781500827,22.738581246569645,0.0,1.0,234936,4,234932,0,1c7e45263e8c474df012d1c5aef258506ecee41980acf9339fa212e7b6efbd8b,12007079,10092332,375106,0.8561520249845945,95993,0,0,77774,0.810204910774744,21844.423705647918,0.22756267337876634,18219,0.189795089225256,4,93587,0,0,75833,0.8102941647878444,21294.931869649754,0.22754155886661345,17754,0.18970583521215553,4,2406,0,0,1941,0.8067331670822943,549.4918359980799,0.2283839717365253,465,0.19326683291770574,0,,,
conversation_trace,0.01,1.0,"l1=0.01,l2x1",all,16,all16,label_binary_60,horizon,60.0,1,main,1857442038,1857442038,58742117,5183,3218284,7141988,10360272,7141988,489472,956,271285,4,234875,234879,271289,19.896544933319092,1261.07421875,832.185546875,1abb1ca359459945550f3b4bebdf3ea4515586c325bb57c2c8a81fd093f8da68,5183,43,55523833,110893,7141988,13964,45369101,90833,0,0,0,0,0,0,512,1,512,1,644199,1260,489472,956,12853233,25113,12209034,23853,1879073,3880,0,0,35038628,70859,33159555,66979,0,0,0,0,0,0,0,0,2523272,489472,1133671,47892373,13343217,4,3,34577,234875,95951,112096,45488,0.47725811601915913,0.4740753092724411,580799,231711,598121205760,238484107264,2.472800425758382,0.12158206691801728,12.158206691801727,0.833255634964603,0.0008716063127244801,21.880779339294154,59.64822139454048,0.0,0.833255634964603,22.714906580571483,3.9832749132645776e-05,0.9999601672508673,234879,4,234875,0,e8f018a47130a4b7d062238fc4a610be8dd9736c35c0f53524d7a3a40e9ac131,12003073,10086398,374767,0.8559292691130013,95954,0,0,77791,0.8107113825374659,21743.925807033527,0.226607810065589,18166,0.18931988244367093,4,93549,0,0,75804,0.8103133117403714,21257.452539350645,0.2272333487193946,17748,0.18971875701504023,4,2405,0,0,1987,0.8261954261954262,486.4732676827958,0.20227578697829346,418,0.17380457380457381,0,,,
conversation_trace,0.01,1.0,"l1=0.01,l2x1",all,16,all16,label_binary_60,horizon,60.0,2,main,1857442038,1857442038,58742117,5183,3218284,7184913,10403197,7184913,448000,875,271287,2,234900,234902,271289,40.80561685562134,1260.84765625,901.109375,239e22ef0225c3812286901734fb21f7f9cc5026ef00701112e5e15db1aa02f1,5183,44,55523833,110893,7184913,14048,45367893,90831,0,0,0,0,0,0,0,0,0,0,641722,1255,448000,875,12852292,25111,12210570,23856,1881305,3884,0,0,35038628,70859,33157323,66975,0,0,0,0,0,0,0,0,2523027,448000,1089722,47890920,13300292,2,2,34557,234900,95956,111857,45520,0.47618986802894847,0.4743840927091584,587265,233812,604712402944,240496615424,2.500063856960409,0.12231280326515982,12.231280326515982,0.7626555236339201,0.0,21.879177422223307,59.64822139454048,0.0,0.7626555236339201,22.641832945857228,0.0,1.0,234902,2,234900,0,6eb91c9b33d292d0ed7b128b2e6e55fd9a28bfe9fc92ff158e79c669ba036123,12002324,10087870,376678,0.8561849355174881,95958,0,0,77789,0.8106567456595594,21741.135534628942,0.2265692858816247,18171,0.18936409679234664,3,93533,0,0,75833,0.8107619770562261,21177.377302602134,0.22641610236603266,17702,0.18925940577122513,3,2425,0,0,1956,0.8065979381443299,563.7582320266471,0.23247762145428746,469,0.1934020618556701,0,,,
conversation_trace,0.01,1.0,"l1=0.01,l2x1",all,16,all16,label_binary_60,horizon,60.0,3,main,1857442038,1857442038,58742117,5183,3218284,7164433,10382717,7164433,462848,904,271288,1,234899,234900,271289,19.543436288833618,1260.01171875,858.298828125,2066a3f1377789ae79f1cbd1421d60b399cfbddc6d73df164b5d3443c2b32fe8,5183,44,55523833,110893,7164433,14008,45373300,90842,0,0,0,0,0,0,0,0,0,0,645818,1263,462848,904,12857924,25122,12212106,23859,1877434,3876,0,0,35038628,70859,33161194,66983,0,0,0,0,0,0,0,0,2523252,462848,1108666,47896552,13320772,1,1,34559,234899,95966,111775,45646,0.4758428090370755,0.4756476252005919,584026,232885,601565319168,239652177920,2.4862855950855476,0.12196416074007002,12.196416074007002,0.78793210670293,0.0,21.888765091663277,59.64822139454048,0.0,0.78793210670293,22.67669719836621,0.0,1.0,234900,1,234899,0,850de85f2dbc87c650e0ec9ebd6fc1b04559efe859ae7b657682feb29cf92cac,12004123,10091474,375129,0.8562923338922802,95967,0,0,77787,0.8105598799587358,21774.28745311243,0.22689348894007763,18185,0.18949222128439985,6,93566,0,0,75857,0.8107325310476028,21197.689140325885,0.22655333283805962,17714,0.18932090716713337,6,2401,0,0,1930,0.8038317367763432,576.5983127864052,0.24014923481316336,471,0.1961682632236568,0,,,
conversation_trace,0.01,1.0,"l1=0.01,l2x1",all,16,all16,label_binary_60,horizon,60.0,4,main,1857442038,1857442038,58742117,5183,3218284,7096849,10315133,7096849,533504,1042,271288,1,234866,234867,271289,19.880141973495483,1273.890625,816.6259765625,1894fc1cb5aec8d6ae3aac068a27888f0be992afa4ac4079016a53044e109edf,5183,44,55523833,110893,7096849,13876,45370760,90836,0,0,0,0,0,0,0,0,0,0,648378,1268,533504,1042,12854852,25116,12206474,23848,1874342,3871,0,0,35038628,70859,33164286,66988,0,0,0,0,0,0,0,0,2522720,533504,1181882,47893480,13388356,1,1,34589,234866,95956,111795,45546,0.47599482257968373,0.474655050231356,582776,232220,600171476992,238926622720,2.4813127485459794,0.12081364040727371,12.08136404072737,0.9082137778589083,0.0,21.88353545378693,59.64822139454048,0.0,0.9082137778589083,22.791749231645838,0.0,1.0,234867,1,234866,0,1ee311e442055d5dea3bed922e76e347bfcfc7a74355ca9789d964e5bf754169,12003777,10084373,376185,0.8557694382359818,95957,0,0,77786,0.8106339297810478,21739.410495355223,0.22655366982455916,18173,0.18938691288806445,3,93554,0,0,75862,0.8108899672916177,21177.25993878709,0.2263640244007428,17694,0.1891314107360455,3,2403,0,0,1924,0.8006658343736995,562.150556568031,0.2339369773483275,479,0.19933416562630046,0,,,
conversation_trace,0.01,1.0,"l1=0.01,l2x1",all,16,all16,label_binary_300,horizon,300.0,0,main,1857442038,1857442038,58742117,5183,3218284,8588066,11806350,8588066,1850531,3617,189226,82063,139704,221767,271289,18.629149675369263,1276.01953125,698.1103515625,b936e68cdaa0949dd4f213aead2152503cca182bb33fd984a0cf5b7b28caf451,5183,44,55523833,110893,8588066,16789,42566061,85348,0,0,88064,172,0,0,2366464,4622,2278400,4450,472874,925,1850531,3617,7680144,15006,7207270,14081,1958237,4042,0,0,35038628,70859,33080391,66817,0,0,0,0,0,0,0,0,2519175,1850531,2411469,45085236,11897139,82063,32258,47691,139704,58187,53387,22351,0.38214367519899217,0.38412360149174213,195611,81797,201565753344,84189722624,1.4001818129760064,0.14619946366590772,14.619946366590773,3.150262698227236,4.028564377412547,13.074339830142655,59.64822139454048,0.0,3.150262698227236,20.25316690578244,0.23554855529348812,0.7644514447065119,221767,82063,139704,0,330ee10a91e2011e8d011c542a3c2ed5a4adb69a42ed1879bef1db4b4f6cb3f5,11843215,7225074,224608,0.619542750849326,90445,0,0,79207,0.875747691967494,13062.864346769185,0.14442881692486245,3006,0.03323566808557687,3,88332,0,0,77685,0.879466105148757,12264.348611578545,0.13884377815037072,2960,0.033509939772675815,3,2113,0,0,1522,0.7203028868906768,798.5157351906385,0.3779061690443154,46,0.021769995267392334,0,,,
conversation_trace,0.01,1.0,"l1=0.01,l2x1",all,16,all16,label_binary_300,horizon,300.0,1,main,1857442038,1857442038,58742117,5183,3218284,8573869,11792153,8573869,1891216,3697,188814,82475,139268,221743,271289,18.75855803489685,1261.07421875,793.5849609375,5ae36ff4dc47518e7e2eef4b413d9812bab15c4fbabc9c72acb12e29aaaf9c4d,5183,44,55523833,110893,8573869,16761,42539571,85296,0,0,82432,161,1024,2,2370212,4630,2287780,4469,477992,935,1890192,3695,7649908,14946,7171916,14011,1958753,4043,0,0,35038628,70859,33079875,66816,0,0,0,0,0,0,0,0,2519177,1891216,2451640,45058748,11911336,82475,32562,47713,139268,57829,53457,22304,0.38384266306689263,0.3856888412388248,197253,81361,203390951424,83772485632,1.4163555159835712,0.14595778017329541,14.595778017329541,3.219523055323321,4.034944807998663,13.022867391721684,59.64822139454048,0.0017432126254489603,3.217779842697872,20.277335255043667,0.23654527091491917,0.7634547290850808,221743,82475,139268,0,4cb178b84d2a343eb08b10e99164c72c2a417f51ae3f7af926d85537ee37dc92,11835488,7221353,224172,0.6196144172508983,90391,0,0,79285,0.877133785443241,12959.439930941278,0.14337091005676758,2923,0.032337290216946375,5,88296,0,0,77778,0.8808779559662951,12159.59756971282,0.13771402520740259,2875,0.03256093141252152,5,2095,0,0,1507,0.7193317422434368,799.8423612284447,0.38178632994197836,48,0.022911694510739856,0,,,
conversation_trace,0.01,1.0,"l1=0.01,l2x1",all,16,all16,label_binary_300,horizon,300.0,2,main,1857442038,1857442038,58742117,5183,3218284,8615202,11833486,8615202,1844049,3603,189076,82213,139570,221783,271289,41.268494606018066,1261.7578125,793.28125,d7f21c7be12eda54fac433c5e1fa7d0d797c5b202f5c1136a0b4ea225873539e,5183,44,55523833,110893,8615202,16842,42545832,85309,0,0,82432,161,0,0,2368664,4627,2286232,4466,479530,938,1844049,3603,7657290,14962,7177760,14024,1956788,4040,0,0,35038628,70859,33081840,66819,0,0,0,0,0,0,0,0,2518750,1844049,2406011,45064582,11870003,82213,32604,47675,139570,57802,53585,22257,0.3839292111485276,0.3850558804193627,197437,82331,203618926592,84840361984,1.414609156695565,0.1466614150116517,14.66614150116517,3.1392280261196577,4.032309560787535,13.035434184300849,59.64822139454048,0.0,3.1392280261196577,20.206971771208043,0.23625322837108567,0.7637467716289144,221783,82213,139570,0,1b8ed93d9b1e3882cd4d54922f9c8d321c9cfcbc318c757dbb0668256df0be12,11837446,7215294,224562,0.6190165513743421,90406,0,0,79281,0.8769440081410526,12978.463529963572,0.14355754629077241,2923,0.03233192487224299,3,88312,0,0,77823,0.8812279191955793,12104.658805362147,0.13706697623609643,2875,0.03255503215871003,3,2094,0,0,1458,0.6962750716332379,873.8047246014421,0.41728974431778515,48,0.022922636103151862,0,,,
conversation_trace,0.01,1.0,"l1=0.01,l2x1",all,16,all16,label_binary_300,horizon,300.0,3,main,1857442038,1857442038,58742117,5183,3218284,8429941,11648225,8429941,2029052,3965,189245,82044,139713,221757,271289,18.85390591621399,1260.84765625,805.7421875,122c548ef9df39c19f22754629dbc58ab435f3587c4b9d941fc4bb022f84d33c,5183,43,55523833,110893,8429941,16480,42545389,85308,0,0,82944,162,0,0,2361856,4613,2278912,4451,474839,929,2029052,3965,7664356,14976,7189517,14047,1961668,4049,0,0,35038628,70859,33076960,66810,0,0,0,0,0,0,0,0,2519451,2029052,2586835,45064840,12055264,82044,32414,47702,139713,57994,53557,22280,0.38333583846886116,0.3841776735524365,196871,81117,203003752448,83521636352,1.4091101042852132,0.1435076131151351,14.350761311513509,3.4541690079027965,4.020719920598027,13.047463032358879,59.64822139454048,0.0,3.4541690079027965,20.5223519608597,0.23556812882073508,0.7644318711792649,221757,82044,139713,0,f9d0ca776484bf7c722c947804c9f25d0601643e526f078ea2bbc27c926757f5,11837589,7220581,223517,0.6194115626078925,90408,0,0,79241,0.8764821697194939,12914.861666155804,0.14285087233603005,2967,0.03281789222192726,7,88316,0,0,77760,0.8804746591784048,12095.939175464304,0.13696203604629176,2927,0.03314235246161511,6,2092,0,0,1481,0.7079349904397706,818.9224906915371,0.39145434545484564,40,0.019120458891013385,1,,,
conversation_trace,0.01,1.0,"l1=0.01,l2x1",all,16,all16,label_binary_300,horizon,300.0,4,main,1857442038,1857442038,58742117,5183,3218284,8661794,11880078,8661794,1813886,3545,189203,82086,139574,221660,271289,18.396568059921265,1260.01171875,953.705078125,91f7790e2eee247c47a90c3be4d1f9a8f42d0095d2820bb8b20e78a03462c2c4,5183,44,55523833,110893,8661794,16933,42530695,85276,0,0,81276,159,0,0,2376224,4642,2294948,4483,471763,923,1813886,3545,7633301,14914,7161538,13991,1964419,4057,0,0,35038628,70859,33074209,66802,0,0,0,0,0,0,0,0,2517458,1813886,2366925,45048153,11823411,82086,32366,47800,139574,58012,53280,22206,0.38173298751916546,0.38278287250913606,196936,81818,203086200832,84274176000,1.4109791221860806,0.14745457675623097,14.745457675623097,3.087879859692493,4.045179372748858,12.994596364308764,59.64822139454048,0.0,3.087879859692493,20.127655596750113,0.2373962800432588,0.7626037199567413,221660,82086,139574,0,cca42df69c447b72de93da12dd727b37bb02c2f20483ac405f56f210d98220f3,11836055,7216035,224464,0.6191477650281281,90378,0,0,79312,0.877558697913209,12847.369927823185,0.14215151837641002,2923,0.03234194162296134,3,88259,0,0,77804,0.8815418257628117,11999.978999568719,0.13596323320645734,2878,0.032608572496855844,2,2119,0,0,1508,0.7116564417177914,847.3909282544845,0.3999013347118851,45,0.021236432279377066,1,,,
conversation_trace,0.01,1.0,"l1=0.01,l2x1",all,16,all16,label_binary_600,horizon,600.0,0,main,1857442038,1857442038,58742117,5183,3218284,6928402,10146686,6928402,1765078,3449,158775,112514,119503,232017,271289,19.305814743041992,1279.57421875,816.4853515625,0026811ef89f38a29d1066bbf2f2cdd4f75fc69dd2655d61bbb157fdd657bde1,5183,41,55523833,110893,6928402,13546,44305911,88756,0,0,40960,80,0,0,1331712,2601,1290752,2521,599738,1173,1765078,3449,10460013,20438,9860275,19265,1883744,3889,0,0,35038628,70859,33154884,66970,0,0,0,0,0,0,0,0,2524442,1765078,2405776,46830353,13556803,112514,42170,37443,119503,51687,46094,19930,0.38571416617156057,0.3855901870876623,198930,85381,206749734912,88558974976,1.66464440223258,0.11794607266197096,11.794607266197097,3.0047912641623045,2.267048019396373,17.806666722617436,59.64822139454048,0.0,3.0047912641623045,23.078506006176113,0.11293614801905573,0.8870638519809443,232017,112514,119503,0,d449dac51b63554a249efbdc5bf33ecf502cb355fd46242973889ad7f0a29dc6,12291732,7381741,309311,0.613127303784365,93857,0,0,78615,0.8376040146179827,23862.0491436874,0.2542383534918802,0,0.0,0,92007,0,0,77505,0.8423815579249405,22648.42395738087,0.24615979172650854,0,0.0,0,1850,0,0,1110,0.6,1213.625186306494,0.6560136142197265,0,0.0,0,error_location_001,10146686,True
conversation_trace,0.01,1.0,"l1=0.01,l2x1",all,16,all16,label_binary_600,horizon,600.0,1,main,1857442038,1857442038,58742117,5183,3218284,7105690,10323974,7105690,1610480,3147,159240,112049,119966,232015,271289,19.27811598777771,1274.5234375,910.087890625,0e9f8b12b5fecee88378f9699c18fe6701e43cb6ce4a94dd9b1f42763998a22c,5183,42,55523833,110893,7105690,13893,44283361,88712,0,0,41472,81,0,0,1327104,2592,1285632,2511,605882,1185,1610480,3147,10441931,20402,9836049,19217,1876948,3875,0,0,35038628,70859,33161680,66984,0,0,0,0,0,0,0,0,2524302,1610480,2257834,46807663,13379515,112049,41903,37442,119966,51906,46500,20210,0.3876098227831219,0.3893576850460448,198901,84484,206729897984,87622672384,1.6579780937932413,0.12096414570826584,12.096414570826584,2.7416104189775794,2.2592035625818525,17.775884719987193,59.64822139454048,0.0,2.7416104189775794,22.776698701546625,0.11276234627562923,0.8872376537243708,232015,112049,119966,0,fb4a0f81abead19797d91543a6e142d4ac6d8a4ec0b385cf7ae85e802510ec10,12284660,7381566,310092,0.6134978094631842,93809,0,0,78612,0.838000618277564,23688.11134973218,0.252514272081913,0,0.0,0,91971,0,0,77501,0.8426677974578943,22622.295577280845,0.24597205181286325,0,0.0,0,1838,0,0,1111,0.6044613710554951,1065.815772451333,0.5798780045981138,0,0.0,0,error_location_001,10323974,True
conversation_trace,0.01,1.0,"l1=0.01,l2x1",all,16,all16,label_binary_600,horizon,600.0,2,main,1857442038,1857442038,58742117,5183,3218284,6876397,10094681,6876397,1810237,3537,158979,112310,119702,232012,271289,19.084657430648804,1261.07421875,888.9599609375,0b1df7304e1ffbe696e0a82841c53835ee7b186ce8294d8e35c171df6e541eff,5183,41,55523833,110893,6876397,13445,44312627,88769,0,0,44544,87,0,0,1315840,2570,1271296,2483,600167,1174,1810237,3537,10482731,20482,9882564,19308,1879861,3881,0,0,35038628,70859,33158767,66978,0,0,0,0,0,0,0,0,2524572,1810237,2454948,46837199,13608808,112310,42042,37446,119702,51828,46333,20107,0.38706955606422616,0.38795631704869954,200867,84233,208803698688,87356143616,1.6780588461345676,0.11706076238280619,11.70607623828062,3.0816679623582512,2.240028223701914,17.845340848032425,59.64822139454048,0.0,3.0816679623582512,23.16703703409259,0.11152537031815124,0.8884746296818488,232012,112310,119702,0,d00af59659eed8e7ec583d510f2fc8a3621a0cf8ae9f1131a08a51d161b48025,12295254,7379414,310277,0.612801695678674,93870,0,0,78672,0.8380952380952381,23978.243379582076,0.2554409649470766,0,0.0,0,92005,0,0,77572,0.8431280908646269,22777.566697365768,0.24756879188485156,0,0.0,0,1865,0,0,1100,0.5898123324396782,1200.6766822163709,0.6437944676763383,0,0.0,0,error_location_001,10094681,True
conversation_trace,0.01,1.0,"l1=0.01,l2x1",all,16,all16,label_binary_600,horizon,600.0,3,main,1857442038,1857442038,58742117,5183,3218284,6990573,10208857,6990573,1683975,3291,159181,112108,119942,232050,271289,19.2926185131073,1276.01953125,698.1103515625,a6757cbc9c08975368588a9528a05a88b9c0eba864faf806041777cda34a88da,5183,41,55523833,110893,6990573,13668,44324498,88792,0,0,41984,82,0,0,1316516,2572,1274532,2490,602727,1179,1683975,3291,10494141,20503,9891414,19324,1880076,3881,0,0,35038628,70859,33158552,66978,0,0,0,0,0,0,0,0,2524787,1683975,2328686,46849285,13494632,112108,41891,37408,119942,52001,46216,20063,0.38531957112604426,0.3858195034710871,199018,82588,206859057152,85632163840,1.6592853212385987,0.11900444446018178,11.900444446018177,2.866725079043372,2.241179016411683,17.864764730899978,59.64822139454048,0.0,2.866725079043372,22.972668826355033,0.11146848138930798,0.888531518610692,232050,112108,119942,0,de6043ed946a7037059ea8f3dbf2feb9fd4455e9b05589b243292b08c0a95dc5,12295871,7377100,309244,0.6125407464017799,93892,0,0,78631,0.8374621906019682,24006.85910071185,0.25568588485400084,0,0.0,0,92046,0,0,77527,0.842263650783304,22842.61848973256,0.24816524878574364,0,0.0,0,1846,0,0,1104,0.5980498374864572,1164.2406109793158,0.6306828878544506,0,0.0,0,error_location_001,10208857,True
conversation_trace,0.01,1.0,"l1=0.01,l2x1",all,16,all16,label_binary_600,horizon,600.0,4,main,1857442038,1857442038,58742117,5183,3218284,6947482,10165766,6947482,1736664,3394,159081,112208,119848,232056,271289,18.982892751693726,1274.9921875,968.0478515625,e5285d7bef2f68b070a65dbcf0c7bf2b1ac9199cd21889dbcb9eab50e42535f1,5183,42,55523833,110893,6947482,13584,44315737,88774,0,0,43520,85,0,0,1326080,2590,1282560,2505,600250,1174,1736664,3394,10474979,20466,9874729,19292,1880180,3882,0,0,35038628,70859,33158448,66977,0,0,0,0,0,0,0,0,2523950,1736664,2380434,46839687,13537723,112208,41883,37401,119848,51990,46405,20166,0.38719878512782857,0.38788228505481825,198743,84402,206519447552,87502022656,1.658292170082104,0.1182708822019472,11.82708822019472,2.956420518518255,2.2574603499564034,17.832144183703832,59.64822139454048,0.0,2.956420518518255,23.04602505217849,0.11236957632361638,0.8876304236763837,232056,112208,119848,0,a031913e86b972249274325f4dd78f25c6828187a8495da29b9ac73848c80efd,12294332,7383462,309990,0.6131652374443768,93873,0,0,78629,0.8376103885036166,23893.978846596616,0.2545351575702983,0,0.0,0,91993,0,0,77511,0.8425749785309752,22625.286201514384,0.24594573719211663,0,0.0,0,1880,0,0,1118,0.5946808510638298,1268.692645082157,0.6748365133415729,0,0.0,0,error_location_001,10165766,True
conversation_trace,0.01,1.0,"l1=0.01,l2x1",all,16,all16,evict_binary_learned,class_order,,0,main,1857442038,1857442038,58742117,5183,3218284,6634748,9853032,6634748,1403904,2742,232038,39251,194714,233965,271289,129.03699684143066,1260.01171875,1005.119140625,c9d74e0bc82929bf9369b90dc77216c6542043495a1b776a2fd7acc31df38c74,5183,20,55523833,110893,6634748,12962,44933899,90026,0,0,136321,268,137728,269,2504286,4900,2367965,4632,777001,1521,1266176,2473,9942267,19430,9165266,17909,1637960,3374,0,0,35038628,70859,33400668,67485,0,0,0,0,0,0,0,0,2551282,1403904,2317226,47485181,13850457,39251,21116,35550,194714,74085,82284,30357,0.42258902801031256,0.4097590605385706,274515,98048,286482665472,102303787008,1.4098369916903766,0.11294703594015858,11.294703594015857,2.3899445094905243,4.263186497006909,16.92527867185992,59.64822139454048,0.23446209812288515,2.155482411367639,23.578409678357353,0.20120317649392566,0.7987968235060743,233965,39251,194714,56055,ea0259ba6522db0674490282b7825b91c2a88b45d7f63fe4c4aaf5f59a615061,12497647,7770819,195,0.6217903658184617,95201,0,21405,33412,0.350962699971639,29499.964647040495,0.30987032328484465,9973,0.10475730296950662,2,93929,0,21405,32903,0.3502965005482865,29142.66545374638,0.31026270325188576,9973,0.10617594140254874,2,1272,0,0,509,0.4001572327044025,357.29919329410194,0.2808955922123443,0,0.0,0,,,
conversation_trace,0.01,1.0,"l1=0.01,l2x1",all,16,all16,evict_binary_learned,class_order,,1,main,1857442038,1857442038,58742117,5183,3218284,6556356,9774640,6556356,1475878,2884,232220,39069,194950,234019,271289,105.4065752029419,1260.45703125,1002.423828125,205e8a437700c9eeda9c23ada9c071a66f2675233a725214a95f4e3f425f1fe1,5183,20,55523833,110893,6556356,12809,44938318,90037,0,0,139093,274,99328,194,2421879,4738,2282786,4464,780254,1526,1376550,2690,10031092,19603,9250838,18077,1633934,3363,0,0,35038628,70859,33404694,67496,0,0,0,0,0,0,0,0,2553281,1475878,2395225,47491599,13928849,39069,20835,35496,194950,74378,82805,30601,0.42474993588099513,0.4114254214956035,275045,98558,286981941248,102812071936,1.410848935624519,0.11161252496228558,11.161252496228558,2.5124698859593364,4.122900439560256,17.07649045062506,59.64822139454048,0.16909162466854916,2.343378261290787,23.711860776144654,0.1944820236070573,0.8055179763929426,234019,39069,194950,56001,bd5399d0e6d6ccccf3f9f197894c8bb2a94318d75a209e20ebe67b3310808e79,12498268,7766478,203,0.6214124629108609,95213,0,21521,33457,0.3513910915526241,29564.03416177081,0.3105041765491142,9949,0.104492033650867,3,93935,0,21521,32937,0.3506360781391388,29207.05629511942,0.3109283685007656,9949,0.10591366370362484,3,1278,0,0,520,0.40688575899843504,356.97786665137363,0.2793254042655506,0,0.0,0,,,
conversation_trace,0.01,1.0,"l1=0.01,l2x1",all,16,all16,evict_binary_learned,class_order,,2,main,1857442038,1857442038,58742117,5183,3218284,6638343,9856627,6638343,1399808,2734,232132,39157,194790,233947,271289,101.36458539962769,1261.07421875,1002.462890625,d8230186b41bf6241d3562c9287a2b4438806448ee89f88167879ee013e2419f,5183,22,55523833,110893,6638343,12970,44933292,90028,0,0,137050,270,114176,223,2501278,4895,2364228,4625,779845,1525,1285632,2511,9945776,19435,9165931,17910,1635495,3366,0,0,35038628,70859,33403133,67493,0,0,0,0,0,0,0,0,2552390,1399808,2316703,47485682,13846862,39157,20845,35567,194790,74355,82409,30350,0.4230658658041994,0.40817698877008946,274954,97973,286888331264,102193133568,1.4115406335027465,0.11300823564121804,11.300823564121805,2.382971658988729,4.2580658099196524,16.931252239343024,59.64822139454048,0.19436820773755906,2.1886034512511694,23.572289708251407,0.20095341435812844,0.7990465856418716,233947,39157,194790,55696,bb4426d599230eaed8e8d9cfd8de986a85ccc3a67de1ad830940ace46335ec38,12498365,7772987,225,0.6219293083535327,95200,0,21465,33254,0.34930672268907564,29493.2635464266,0.30980318851288446,9995,0.10498949579831933,1,93919,0,21465,32722,0.348406605692139,29165.966252818682,0.31054383301375316,9995,0.10642149085914458,1,1281,0,0,532,0.41530054644808745,327.2972936078923,0.25550140016228906,0,0.0,0,,,
conversation_trace,0.01,1.0,"l1=0.01,l2x1",all,16,all16,evict_binary_learned,class_order,,3,main,1857442038,1857442038,58742117,5183,3218284,6631166,9849450,6631166,1430016,2793,232646,38643,195306,233949,271289,105.16827988624573,1276.01953125,924.5263671875,cd1bf49c8913da027a5852797c5deb3e0c4b4cffbec59b6727131292b5733ef7,5183,22,55523833,110893,6631166,12956,44909378,89983,0,0,134785,265,96256,188,2494177,4882,2359392,4617,782939,1531,1333760,2605,9929846,19403,9146907,17872,1635549,3365,0,0,35038628,70859,33403079,67494,0,0,0,0,0,0,0,0,2553273,1430016,2347740,47462651,13854039,38643,20853,35567,195306,74304,82857,30290,0.42424195877238796,0.4076496554694229,275958,98636,287927390208,102904893440,1.4129519830419957,0.11288605754538945,11.288605754538946,2.434396431439473,4.245977379398839,16.904133706995953,59.64822139454048,0.16386198679220226,2.2705344446472706,23.584507517834265,0.20075437722547682,0.7992456227745232,233949,38643,195306,55987,fcf1deb0bd51a549b1a508e87fc0ab89d8ffe1f87b1b58fa3d9d3e35e0e273d8,12491858,7767054,194,0.6217770807192973,95157,0,21553,33599,0.3530901562680622,29389.558147636857,0.30885334917701124,9999,0.10507897474699707,4,93893,0,21553,33077,0.352283982831521,29043.972978647107,0.3093305462456957,9999,0.10649356182037,4,1264,0,0,522,0.4129746835443038,345.5851689897003,0.2734059881247629,0,0.0,0,,,
conversation_trace,0.01,1.0,"l1=0.01,l2x1",all,16,all16,evict_binary_learned,class_order,,4,main,1857442038,1857442038,58742117,5183,3218284,6693341,9911625,6693341,1360384,2657,232763,38526,195347,233873,271289,106.86665678024292,1261.1796875,920.5283203125,85b408cd6fe30b8a18653d7791ea32619aa47ac7d4ca2b456eaf8431915ddd2c,5183,20,55523833,110893,6693341,13076,44918073,89997,0,0,139912,276,118272,231,2458254,4810,2318342,4534,772476,1512,1242112,2426,9973226,19491,9200750,17979,1639647,3375,0,0,35038628,70859,33398981,67484,0,0,0,0,0,0,0,0,2552035,1360384,2272772,47470108,13791864,38526,20633,35642,195347,74540,82856,30482,0.42414779853286716,0.4089348001073249,274105,97371,286065149952,101602304000,1.4031697440964028,0.11394449743784345,11.394449743784344,2.3158579729089435,4.184823641953524,16.9779819137264,59.64822139454048,0.20134105823935491,2.1145169146695886,23.478663528588864,0.19774427501793834,0.8022557249820617,233873,38526,195347,56191,4a8bafe5743fd2ea54772a30cd76f91df2a6819c49d2b7765a099c6bfe31448b,12493085,7768105,190,0.6217999797487971,95173,0,21554,33688,0.3539659357170626,29304.40724304702,0.3079067303021552,9872,0.10372689733432801,5,93899,0,21554,33176,0.3533157967603489,28939.478102393306,0.3081979371707186,9872,0.10513423998125646,5,1274,0,0,512,0.40188383045525905,364.92914065366085,0.2864435954895297,0,0.0,0,,,
conversation_trace,0.01,1.0,"l1=0.01,l2x1",all,16,all16,evict_binary_recency,class_order,,0,main,1857442038,1857442038,58742117,5183,3218284,6406304,9624588,6406304,1631195,3188,270562,727,233999,234726,271289,61.537700176239014,1260.01171875,998.931640625,27a61005c3c0c4587a0798b80e1ee8465d9b7a1d3e2cb977226a31d04f93a8f0,5183,39,55523833,110893,6406304,12526,44959480,90035,0,0,3705,8,10196,20,9290,19,5585,11,671847,1314,1620999,3168,12438416,24301,11766569,22987,1851302,3822,0,0,35038628,70859,33187326,67037,0,0,0,0,0,0,0,0,2526854,1631195,2306747,47486334,14078901,727,542,34733,233999,94594,110218,44437,0.47101910691926036,0.4697655242404381,460627,185674,477374130176,192243255296,1.9684998653840402,0.10905810561781422,10.905810561781422,2.776874725165251,0.015814887978926603,21.17461309744761,59.64822139454048,0.01735722258698984,2.759517502578261,23.967302710591788,0.0007463222540763735,0.9992536777459237,234726,727,233999,68408,7debcc66c671b6cb31988e36b7ad55adab6b0e3cb06d9f3e8a74ecbf055879d9,12405605,8019618,299170,0.6585090368426207,95136,0,25678,63048,0.6627144298688193,30374.62534783737,0.31927582984188285,10926,0.11484611503531786,0,92867,0,25678,61184,0.658834677549614,29745.18341236571,0.320298743497321,10926,0.11765212615891543,0,2269,0,0,1864,0.8215072719259586,629.4419354716533,0.2774094030284942,0,0.0,0,,,
conversation_trace,0.01,1.0,"l1=0.01,l2x1",all,16,all16,evict_binary_recency,class_order,,1,main,1857442038,1857442038,58742117,5183,3218284,6423416,9641700,6423416,1606392,3138,270582,707,234062,234769,271289,62.84748411178589,1261.1796875,1004.994140625,a8cac68a9c3ad56abf766405166103de2769102787a7ce182cae8eb6a8a0ecc2,5183,41,55523833,110893,6423416,12560,44966757,90053,0,0,2989,6,0,0,11041,23,8052,17,667695,1306,1606392,3138,12444356,24313,11776661,23007,1856584,3830,0,0,35038628,70859,33182044,67029,0,0,0,0,0,0,0,0,2527268,1606392,2277076,47494025,14061789,707,519,34695,234062,94639,109846,44269,0.46930300518665996,0.46776698823952073,458724,185082,475385935872,191604117504,1.9598397005921508,0.1093494127901451,10.93494127901451,2.73465118732442,0.018795713474201142,21.18472509256008,59.64822139454048,0.0,2.73465118732442,23.9381719933587,0.0008864430415184678,0.9991135569584816,234769,707,234062,68618,7bb9e969b96dd10c5ce5b2e74d4a71418cca069e63e953a4fcc07e904e7304a3,12409159,8016270,298845,0.6580375430760457,95158,0,25634,62998,0.662035772084323,30392.217726035018,0.31938689049827673,10804,0.11353748502490595,0,92885,0,25634,61115,0.6579641492167734,29793.273548790065,0.3207544118941709,10804,0.1163158744684287,0,2273,0,0,1883,0.8284205895292565,598.9441772449348,0.2635038175296678,0,0.0,0,,,
conversation_trace,0.01,1.0,"l1=0.01,l2x1",all,16,all16,evict_binary_recency,class_order,,2,main,1857442038,1857442038,58742117,5183,3218284,6474410,9692694,6474410,1581684,3090,270571,718,233950,234668,271289,60.977866649627686,1261.07421875,933.3505859375,be77c4a4a149caa1711dfb33afe121a6298cbb12511850fcf5ba25f87c036fc1,5183,40,55523833,110893,6474410,12659,44941272,90001,0,0,4594,10,14848,29,10738,22,6144,12,661688,1294,1566836,3061,12418373,24263,11756685,22969,1860185,3839,0,0,35038628,70859,33178443,67020,0,0,0,0,0,0,0,0,2526467,1581684,2247966,47467739,14010795,718,521,34792,233950,94581,110173,44599,0.470925411412695,0.47154291030968165,457628,185734,474133041152,192223131648,1.9560931823039112,0.11021751224934573,11.021751224934572,2.692589373311146,0.018279899582100523,21.14049277454539,59.64822139454048,0.025276583069009925,2.6673127902421356,23.851362047438638,0.0008639395046033462,0.9991360604953966,234668,718,233950,68489,0877191e752cd15f7e368592aea196d0eeff22a94d762db3eb03f7298b205d1e,12401241,8017988,298489,0.6585818709595274,95102,0,25620,63056,0.6630354776976299,30238.40086097328,0.31795757040833295,10869,0.11428781729090871,0,92848,0,25620,61199,0.6591310529036705,29613.39672939829,0.3189449070459061,10869,0.11706229536446666,0,2254,0,0,1857,0.823868677905945,625.0041315750052,0.2772866599711647,0,0.0,0,,,
conversation_trace,0.01,1.0,"l1=0.01,l2x1",all,16,all16,evict_binary_recency,class_order,,3,main,1857442038,1857442038,58742117,5183,3218284,6367062,9585346,6367062,1665741,3255,270576,713,234016,234729,271289,81.05932116508484,1274.9921875,1012.2177734375,c63949c55dded128c39698d2a72f838ffa411d5d2b841e7b999fc2a4f482601c,5183,38,55523833,110893,6367062,12448,44963948,90045,0,0,3150,8,0,0,10587,24,7437,16,672552,1315,1665741,3255,12441815,24307,11769263,22992,1851380,3822,0,0,35038628,70859,33187248,67037,0,0,0,0,0,0,0,0,2527082,1665741,2341443,47491030,14118143,713,524,34732,234016,94627,110026,44314,0.47016443320114865,0.4683018588774874,460188,186685,476892532736,193314676736,1.966480924381239,0.10839006704508113,10.839006704508114,2.8356843182890397,0.018022843814089983,21.180399405761968,59.64822139454048,0.0,2.8356843182890397,24.0341065678651,0.0008501974157275038,0.9991498025842726,234729,713,234016,68527,3cc87ec4658d5e1b015de89422674bbf038cc797d0e7c3e2c3f450418ef7bf95,12406561,8014190,298568,0.6579965229687743,95151,0,25763,62940,0.6614749188132547,30449.097022447746,0.3200081662036946,10893,0.11448119305104518,0,92872,0,25763,61035,0.6571948488241881,29864.187887433927,0.3215628810344768,10893,0.11729046429494358,0,2279,0,0,1905,0.8358929354980255,584.9091350138478,0.25665166082222374,0,0.0,0,,,
conversation_trace,0.01,1.0,"l1=0.01,l2x1",all,16,all16,evict_binary_recency,class_order,,4,main,1857442038,1857442038,58742117,5183,3218284,6426740,9645024,6426740,1618036,3161,270596,693,233984,234677,271289,61.84960627555847,1276.01953125,867.080078125,176962a5b17d9919e07f99d6aad44ca9935405f1f457d682c1b1a805c4d92f4d,5183,40,55523833,110893,6426740,12566,44952108,90023,0,0,4136,9,17408,34,11985,25,7849,16,667832,1306,1600628,3127,12428444,24282,11760612,22976,1854981,3828,0,0,35038628,70859,33183647,67031,0,0,0,0,0,0,0,0,2526949,1618036,2290004,47479057,14058465,693,489,34780,233984,94634,110139,44462,0.4707116725929978,0.46983113891413236,457224,184946,473690273792,191398402048,1.9540823304157549,0.10940599910622902,10.9405999106229,2.7544734215145836,0.020402737613286905,21.15763720262244,59.64822139454048,0.029634614632632325,2.7248388068819516,23.93251336175031,0.0009633912142418883,0.9990366087857581,234677,693,233984,68427,34ebd07120dece75a796a95c628e1ddd0258f0853211b16a146e967476aef1cc,12403364,8011510,298448,0.6579452155076639,95123,0,25661,62994,0.6622373137937198,30291.064299436424,0.31844101110600403,10814,0.11368438758239333,0,92857,0,25661,61120,0.6582163972559958,29676.315010070888,0.31959157640318864,10814,0.11645864070560108,0,2266,0,0,1874,0.8270079435127978,614.7492893655514,0.2712927137535531,0,0.0,0,,,
conversation_trace,0.01,1.0,"l1=0.01,l2x1",leaf,16,leaf16,adm_label,leaf_location,,0,main,1857442038,1857442038,58742117,5183,3218284,3993600,7211884,3993600,0,0,271286,3,250526,250529,271289,68.36168456077576,1276.01953125,947.908203125,184354ab45fdce94325b57ed5c3b70a6098c4f7233063327eba48013d492ac69,5183,14,55523833,110893,3993600,7800,48958246,97924,0,0,0,0,0,0,0,0,0,0,1041916,2038,0,0,16491605,32234,15449689,30196,1530071,3131,0,0,35038628,70859,33508557,67728,0,0,0,0,0,0,0,0,2571987,0,1041916,51530233,16491605,3,2,18989,250526,103107,0,0,0.0,0.0,0,0,0,0,0.0,0.06798529239250944,6.798529239250945,0.0,0.0,28.074584033122264,59.64822139454048,0.0,0.0,28.074584033122264,0.0,1.0,250529,3,250526,14172,232901f8f68ac10d7af0ff74d2fba6185e5726b5bf812c29698e1390e89987b4,12446422,5829337,865,0.46838918847521,103109,0,6563,801,0.007768478018407705,48122.218666786306,0.4667121072533562,25356,0.24591451764637423,12,11921,0,6563,59,0.004949249224058384,4494.836695703349,0.3770519835335415,2372,0.1989765959231608,3,91188,0,0,742,0.00813703557485634,43627.38197108308,0.4784333681085568,22984,0.25205070842654737,9,,,
conversation_trace,0.01,1.0,"l1=0.01,l2x1",leaf,16,leaf16,adm_label,leaf_location,,1,main,1857442038,1857442038,58742117,5183,3218284,3973632,7191916,3973632,0,0,271289,0,250557,250557,271289,112.41704797744751,1261.7578125,933.94140625,8595d80ea05bad23ef63fea75518f4fa6ed1f6a3a1dbbff3e353c7f64ae61226,5183,14,55523833,110893,3973632,7761,48978196,97963,0,0,0,0,0,0,0,0,0,0,1042539,2040,0,0,16511573,32273,15469034,30233,1529466,3129,0,0,35038628,70859,33509162,67730,0,0,0,0,0,0,0,0,2572005,0,1042539,51550201,16511573,0,0,18961,250557,103148,0,0,0.0,0.0,0,0,0,0,0.0,0.0676453659305469,6.76453659305469,0.0,0.0,28.10857667931852,59.64822139454048,0.0,0.0,28.10857667931852,0.0,1.0,250557,0,250557,14308,b666dedf7776b371c7938633a8a139f71d007f55634adf4ec70398d8506ebfe3,12456131,5838195,884,0.4687359983609678,103148,0,6714,853,0.00826967076433862,48186.76962278158,0.4671614536663976,25421,0.24645170046922868,8,12174,0,6714,84,0.006899950714637753,4679.972237399358,0.38442354504676834,2467,0.2026449811072778,1,90974,0,0,769,0.008452964583287533,43506.79738538234,0.47823331265397084,22954,0.2523138479125904,7,,,
conversation_trace,0.01,1.0,"l1=0.01,l2x1",leaf,16,leaf16,adm_label,leaf_location,,2,main,1857442038,1857442038,58742117,5183,3218284,3981312,7199596,3981312,0,0,271289,0,250575,250575,271289,66.49568605422974,1261.1796875,995.3173828125,55c8a3fa1845620ec00f3a8fb9b9f3d4816b81d33c9ed479a79c738d7550ffe2,5183,14,55523833,110893,3981312,7776,48970849,97948,0,0,0,0,0,0,0,0,0,0,1040491,2036,0,0,16503893,32258,15463402,30222,1531181,3133,0,0,35038628,70859,33507447,67726,0,0,0,0,0,0,0,0,2571672,0,1040491,51542521,16503893,0,0,18943,250575,103134,0,0,0.0,0.0,0,0,0,0,0.0,0.06777610687745557,6.7776106877455575,0.0,0.0,28.095502584627653,59.64822139454048,0.0,0.0,28.095502584627653,0.0,1.0,250575,0,250575,14348,7ed1660e72a4a195bf34d4fddd7766e892ef5b19cc4ba03aa017f05d284988cf,12454388,5830872,841,0.46821188644516293,103134,0,6748,820,0.007950821261659588,48136.97312605211,0.46674203585676993,25382,0.24610700641883376,12,12233,0,6748,79,0.0064579416332870105,4719.529588857565,0.38580312179004045,2487,0.203302542303605,2,90901,0,0,741,0.008151725503569818,43417.44353719466,0.4776343883697062,22895,0.2518674162000418,10,,,
conversation_trace,0.01,1.0,"l1=0.01,l2x1",leaf,16,leaf16,adm_label,leaf_location,,3,main,1857442038,1857442038,58742117,5183,3218284,3926016,7144300,3926016,0,0,271288,1,250662,250663,271289,63.44904136657715,1261.375,1004.8193359375,63a0fcc073a25501807c9259c1530396dc78e3bdbd507db9190c8c2959de96e8,5183,14,55523833,110893,3926016,7668,49025961,98056,0,0,0,0,0,0,0,0,0,0,1042420,2039,0,0,16559189,32366,15516769,30327,1529436,3130,0,0,35038628,70859,33509192,67729,0,0,0,0,0,0,0,0,2571856,0,1042420,51597817,16559189,1,1,18855,250662,103240,0,0,0.0,0.0,0,0,0,0,0.0,0.06683477205971314,6.683477205971314,0.0,0.0,28.189636066401896,59.64822139454048,0.0,0.0,28.189636066401896,0.0,1.0,250663,1,250662,14114,acadd20694199a2faae90a9295721fa06448195d5422a63c978ab79cbf2abaf6,12461899,5832413,877,0.4680547884395468,103241,0,6532,885,0.008572175782876957,48497.15091607192,0.4697470086116167,25501,0.24700458151315854,9,11877,0,6532,79,0.006651511324408521,4418.095691484048,0.3719875129648942,2345,0.19744043108529089,2,91364,0,0,806,0.008821855435401251,44079.05522458802,0.4824554006456374,23156,0.25344774747165183,7,,,
conversation_trace,0.01,1.0,"l1=0.01,l2x1",leaf,16,leaf16,adm_label,leaf_location,,4,main,1857442038,1857442038,58742117,5183,3218284,3942912,7161196,3942912,0,0,271289,0,250611,250611,271289,64.68881177902222,1260.84765625,1002.94140625,1e928c62a27c1418d99c0a2696ed5708168b818a2e1d1c4c22bb5709a14ddeec,5183,14,55523833,110893,3942912,7701,49009439,98023,0,0,0,0,0,0,0,0,0,0,1040380,2035,0,0,16542293,32333,15501913,30298,1531102,3134,0,0,35038628,70859,33507526,67725,0,0,0,0,0,0,0,0,2571482,0,1040380,51580921,16542293,0,0,18907,250611,103209,0,0,0.0,0.0,0,0,0,0,0.0,0.06712240214291221,6.712240214291222,0.0,0.0,28.16087305808199,59.64822139454048,0.0,0.0,28.16087305808199,0.0,1.0,250611,0,250611,14271,34e6df3cf0705eb7309d940d444f7b691e45c3fbe501f6b106a5bce3e6c8bc7c,12461853,5856403,879,0.4699816712651,103209,0,6646,834,0.00808069063744441,48295.23497557483,0.46793627470060584,25453,0.24661608968210136,10,12072,0,6646,80,0.0066269052352551355,4697.6038658294965,0.3891321956452532,2447,0.20270046388336646,3,91137,0,0,754,0.008273258939837826,43597.63110974555,0.4783746569422468,23006,0.25243315009271755,7,,,
conversation_trace,0.01,1.0,"l1=0.01,l2x1",leaf,16,leaf16,evict_label,leaf_location,,0,main,1857442038,1857442038,58742117,5183,3218284,12336818,15555102,12336818,0,0,271232,57,212498,212555,271289,26.175161600112915,1279.57421875,1001.142578125,d132503d354727cadb1bec1c25d5691f27af90b9fb6c57e132805ecd0566b4e6,5183,45,55523833,110893,12336818,24110,40675485,81645,0,0,512,1,0,0,1024,2,512,1,497818,976,0,0,8147363,15922,7649545,14946,2013200,4161,0,0,35038628,70859,33025428,66698,0,0,0,0,0,0,0,0,2511530,0,498330,43187015,8148387,57,50,56917,212498,86704,0,0,0.0,0.0,0,0,0,0,0.0,0.21001657124478507,21.001657124478506,0.0,0.0017432126254489603,13.869712935269256,59.64822139454048,0.0,0.0,13.871456147894705,0.00012566904345608524,0.9998743309565439,212555,57,212498,3005,fd6c8b761bf3b98736f3a15bc9b0284bef2415c3170c42b9a85747c791906816,10297922,10297922,0,1.0,86754,0,852,85902,0.990179127187219,243.27492437631022,0.0028041925948810455,274,0.003158355810683081,1,3169,0,852,2317,0.7311454717576522,243.27492437631022,0.07676709510139168,273,0.08614704954244241,0,83585,0,0,83585,1.0,0.0,0.0,1,1.196386911527188e-05,1,,,
conversation_trace,0.01,1.0,"l1=0.01,l2x1",leaf,16,leaf16,evict_label,leaf_location,,1,main,1857442038,1857442038,58742117,5183,3218284,12322301,15540585,12322301,0,0,271244,45,212544,212589,271289,26.276517152786255,1261.7578125,927.4609375,00a1f6c6f2a79729561e767b1a4a2ca048e1aebb181c25d1aea866a2ff0c5b57,5183,46,55523833,110893,12322301,24083,40689208,81673,0,0,0,0,0,0,0,0,0,0,506191,991,0,0,8162904,15951,7656713,14960,2006133,4146,0,0,35038628,70859,33032495,66713,0,0,0,0,0,0,0,0,2512324,0,506191,43201532,8162904,45,41,56881,212544,86737,0,0,0.0,0.0,0,0,0,0,0.0,0.20976944021271823,20.976944021271823,0.0,0.0,13.896169251101385,59.64822139454048,0.0,0.0,13.896169251101385,0.0,1.0,212589,45,212544,2974,d8292fd3610dc40c0ee38e2b0b3764b5092c8ec6d0f7a45487ee2a2ee12c3ef7,10298010,10298010,0,1.0,86778,0,912,85866,0.9894904238401439,236.67626296511807,0.0027273763276996254,293,0.0033764318145151997,3,3227,0,912,2315,0.7173845677099473,236.67626296511807,0.07334250479241342,290,0.08986674930275798,0,83551,0,0,83551,1.0,0.0,0.0,3,3.5906212971717876e-05,3,,,
conversation_trace,0.01,1.0,"l1=0.01,l2x1",leaf,16,leaf16,evict_label,leaf_location,,2,main,1857442038,1857442038,58742117,5183,3218284,12315580,15533864,12315580,0,0,271230,59,212531,212590,271289,26.555835485458374,1274.5234375,953.970703125,c518e5b9a81af9f212e7df90d7f138e0447411f33450258d8c4d45a8aa211f73,5183,47,55523833,110893,12315580,24070,40696066,81687,0,0,512,1,0,0,1024,2,512,1,498576,976,0,0,8168601,15962,7670025,14986,2013099,4159,0,0,35038628,70859,33025529,66700,0,0,0,0,0,0,0,0,2512187,0,499088,43208253,8169625,59,54,56881,212531,86739,0,0,0.0,0.0,0,0,0,0,0.0,0.20965502486061235,20.965502486061236,0.0,0.0017432126254489603,13.905867573686525,59.64822139454048,0.0,0.0,13.907610786311974,0.000125342350475083,0.9998746576495249,212590,59,212531,2869,c3e1a5647d78dc8d356a6345fccc06c53155094265daaa4b985ce8023c8cae04,10300658,10300658,0,1.0,86793,0,861,85932,0.9900798451488023,250.47908137868606,0.002885936439329048,309,0.003560194946597076,7,3150,0,861,2289,0.7266666666666667,250.47908137868606,0.07951716869164636,302,0.09587301587301587,0,83643,0,0,83643,1.0,0.0,0.0,7,8.368901163277262e-05,7,,,
conversation_trace,0.01,1.0,"l1=0.01,l2x1",leaf,16,leaf16,evict_label,leaf_location,,3,main,1857442038,1857442038,58742117,5183,3218284,12310860,15529144,12310860,0,0,271246,43,212617,212660,271289,26.307074308395386,1275.171875,919.568359375,9746ed3c17e0ff9f71b9643793a608cc4605cc899573cbe9f60c822731802354,5183,48,55523833,110893,12310860,24061,40700566,81697,0,0,0,0,0,0,0,0,0,0,500736,980,0,0,8174345,15973,7673609,14993,2011671,4155,0,0,35038628,70859,33026957,66704,0,0,0,0,0,0,0,0,2512407,0,500736,43212973,8174345,43,38,56812,212617,86763,0,0,0.0,0.0,0,0,0,0,0.0,0.20957467365365806,20.957467365365808,0.0,0.0,13.915645907007404,59.64822139454048,0.0,0.0,13.915645907007404,0.0,1.0,212660,43,212617,2955,553c3353fd24464a515fcbb76f1dde7b154d2bea4381a440ab029ec5946e99fc,10303854,10303854,0,1.0,86801,0,844,85957,0.9902766097164779,241.44751479805248,0.0027816213499620105,303,0.003490743194202832,2,3175,0,844,2331,0.7341732283464567,241.44751479805248,0.07604646135371732,301,0.09480314960629921,0,83626,0,0,83626,1.0,0.0,0.0,2,2.391600698347404e-05,2,,,
conversation_trace,0.01,1.0,"l1=0.01,l2x1",leaf,16,leaf16,evict_label,leaf_location,,4,main,1857442038,1857442038,58742117,5183,3218284,12309981,15528265,12309981,0,0,271249,40,212567,212607,271289,26.303122997283936,1279.57421875,956.791015625,a37c61ceaf07bf2e82d655c1f1475bd3a43250eece1dbb2b612b1cf7c4c36383,5183,46,55523833,110893,12309981,24059,40700781,81697,0,0,0,0,0,0,0,0,0,0,502127,983,0,0,8175224,15975,7673097,14992,2010944,4154,0,0,35038628,70859,33027684,66705,0,0,0,0,0,0,0,0,2513071,0,502127,43213852,8175224,40,40,56863,212567,86762,0,0,0.0,0.0,0,0,0,0,0.0,0.20955970994371892,20.955970994371892,0.0,0.0,13.917142278001318,59.64822139454048,0.0,0.0,13.917142278001318,0.0,1.0,212607,40,212567,2991,15db4c0c2501a08fcc9be2d604265192a91a5ce87c52a56ec3b425e5df65fb9a,10308290,10308290,0,1.0,86802,0,904,85898,0.9895854934218106,237.05189575988288,0.0027309496988535157,286,0.003294854957259049,0,3244,0,904,2340,0.7213316892725031,237.05189575988288,0.07307395060415625,286,0.08816276202219482,0,83558,0,0,83558,1.0,0.0,0.0,0,0.0,0,,,
conversation_trace,0.01,4.0,"l1=0.01,l2x4",all,16,all16,label_binary_6,horizon,6.0,0,main,1857442038,7429768151,58742117,5183,3218284,8123670,11341954,8123670,1307648,2554,271289,0,221147,221147,271289,26.316164255142212,1274.5234375,814.724609375,4731c5381a1b0602467e78dc7cb4a8695b8a25b1fdc14a28886c1e0cb18aed11,5183,45,55523833,110893,8123670,15882,43573233,87319,0,0,0,0,0,0,0,0,0,0,589498,1153,1307648,2554,11053887,21598,10464389,20445,1929784,3985,0,0,35038628,70859,33108844,66874,0,0,0,0,0,0,0,0,2519282,1307648,1897146,46092515,12361535,0,0,42867,221147,92468,106280,44146,0.4805853120322681,0.47741921529610243,561289,225350,577920497664,231676002304,2.538081004942414,0.13829379012676712,13.829379012676714,2.2260825226983223,0.0,18.817651736998176,59.64822139454048,0.0,2.2260825226983223,21.043734259696496,0.0,1.0,221147,0,221147,0,a63979324fb2c3f56b0c99c99f7929b40585744b0b321fb0d24abf5e391623d8,12248838,9917132,142620,0.815460372649226,92468,0,0,76202,0.8240904961716485,27156.456582444236,0.29368491351001685,16267,0.1759203183804127,1,90048,0,0,74233,0.8243714463397299,26385.513825634476,0.2930161005867368,15816,0.17563965884861407,1,2420,0,0,1969,0.8136363636363636,770.9427568097577,0.31857138711147015,451,0.18636363636363637,0,,,
conversation_trace,0.01,4.0,"l1=0.01,l2x4",all,16,all16,label_binary_6,horizon,6.0,1,main,1857442038,7429768151,58742117,5183,3218284,8202406,11420690,8202406,1253078,2448,271289,0,221088,221088,271289,26.686063766479492,1261.07421875,793.5771484375,8906960a15eb2854c783789e0224856265c53bf6e89b41c97f01a0f9f1d1b2a6,5183,46,55523833,110893,8202406,16036,43550086,87272,0,0,0,0,0,0,0,0,0,0,590122,1154,1253078,2448,11029721,21550,10439599,20396,1928141,3983,0,0,35038628,70859,33110487,66876,0,0,0,0,0,0,0,0,2518263,1253078,1843200,46068349,12282799,0,0,42924,221088,92415,106044,44075,0.4796461137646548,0.47692474165449333,562668,227570,579437461504,233992380416,2.544995657837603,0.13963415720955374,13.963415720955375,2.1331849514378245,0.0,18.776512599980013,59.64822139454048,0.0,2.1331849514378245,20.909697551417835,0.0,1.0,221088,0,221088,0,c4f43f7cfee555824bca6cf14dab72d3f1640850d71eb3721b5daada7507a11b,12242720,9914936,141939,0.8156606946822275,92415,0,0,76197,0.824509008277877,26986.26978452005,0.29201179229042956,16220,0.17551263323053617,2,90001,0,0,74218,0.8246352818302018,26241.509799791344,0.29156909145222104,15785,0.1753869401451095,2,2414,0,0,1979,0.81980115990058,744.7599847287412,0.30851697793237,435,0.18019884009942005,0,,,
conversation_trace,0.01,4.0,"l1=0.01,l2x4",all,16,all16,label_binary_6,horizon,6.0,2,main,1857442038,7429768151,58742117,5183,3218284,8178966,11397250,8178966,1259520,2460,271289,0,221179,221179,271289,26.222481727600098,1273.890625,781.013671875,f21fded93c87fea4988d22ef7a056603899cd3184be712bfe3b411dfdcc6681f,5183,45,55523833,110893,8178966,15990,43565825,87305,0,0,0,0,0,0,0,0,0,0,587962,1150,1259520,2460,11046719,21584,10458757,20434,1931560,3988,0,0,35038628,70859,33107068,66871,0,0,0,0,0,0,0,0,2519522,1259520,1847482,46085347,12306239,0,0,42830,221179,92439,106029,43952,0.4793809538880273,0.47547031015047764,559595,228734,576379709440,235294332928,2.530054842457919,0.13923512494450957,13.923512494450957,2.144151529302221,0.0,18.805449248620032,59.64822139454048,0.0,2.144151529302221,20.949600777922253,0.0,1.0,221179,0,221179,0,1c1b0c96b2c524ec7b9ccdb6f3da372a634469d0d9aca4428a81f25edb8dcd28,12244493,9920465,142300,0.8160088784402915,92439,0,0,76184,0.8241543071647248,27136.29970213166,0.29355899243968087,16257,0.17586732872488883,2,90019,0,0,74172,0.8239593863517701,26468.441667729003,0.29403172294436736,15849,0.1760628311800842,2,2420,0,0,2012,0.8314049586776859,667.8580344026885,0.27597439438127624,408,0.16859504132231404,0,,,
conversation_trace,0.01,4.0,"l1=0.01,l2x4",all,16,all16,label_binary_6,horizon,6.0,3,main,1857442038,7429768151,58742117,5183,3218284,8131939,11350223,8131939,1289139,2518,271289,0,221179,221179,271289,26.450979948043823,1275.171875,875.896484375,2add99bc7e9c474824e592f768068c49249c2b65a17e7eaa4e99964fd82e07b5,5183,44,55523833,110893,8131939,15898,43583183,87338,0,0,0,0,0,0,0,0,0,0,587450,1149,1289139,2518,11064127,21618,10476677,20469,1932122,3990,0,0,35038628,70859,33106506,66869,0,0,0,0,0,0,0,0,2519572,1289139,1876589,46102755,12353266,0,0,42832,221179,92478,105867,44098,0.4786485154558073,0.47684854776271113,555363,225991,571835654144,232403427328,2.5109210187223923,0.1384345579509843,13.84345579509843,2.1945736140221164,0.0,18.835083863252663,59.64822139454048,0.0,2.1945736140221164,21.02965747727478,0.0,1.0,221179,0,221179,0,66c42600ee5fb1abf0b28b540c22a70e66b7eb6e9e363f8514fb5c7a9d1e567f,12250597,9920740,142116,0.8156172307357755,92478,0,0,76185,0.8238175566080581,27276.001116244926,0.2949458370233453,16293,0.17618244339194186,0,90055,0,0,74214,0.8240963855421687,26528.52636301931,0.2945813820778337,15841,0.17590361445783131,0,2423,0,0,1971,0.8134543953776311,747.4747532255857,0.30849143756730735,452,0.18654560462236897,0,,,
conversation_trace,0.01,4.0,"l1=0.01,l2x4",all,16,all16,label_binary_6,horizon,6.0,4,main,1857442038,7429768151,58742117,5183,3218284,8261398,11479682,8261398,1164288,2274,271289,0,221208,221208,271289,26.16704511642456,1279.57421875,816.4892578125,5fed307f9025026aca916f00dd79e3bc92a4ec02b46651779a6b27a663940227,5183,45,55523833,110893,8261398,16151,43578804,87330,0,0,0,0,0,0,0,0,0,0,591546,1157,1164288,2274,11059519,21609,10467973,20452,1927797,3981,0,0,35038628,70859,33110831,66878,0,0,0,0,0,0,0,0,2519343,1164288,1755834,46098147,12223807,0,0,42799,221208,92465,106035,44038,0.47934523163719217,0.4762666955064078,558175,227648,574805436416,234102298624,2.5233038588116163,0.140638411107996,14.063841110799599,1.9820327551354677,0.0,18.827239406438142,59.64822139454048,0.0,1.9820327551354677,20.809272161573613,0.0,1.0,221208,0,221208,0,676d17935324ed064f6f2c501a68c9265a740100ab2251ede7cca468b6d3a624,12249056,9925291,140864,0.8160402728177584,92465,0,0,76195,0.8240415292272751,27170.827086949135,0.2938498576428826,16272,0.1759801005785973,2,90034,0,0,74181,0.8239220738831997,26456.008960188614,0.2938446471354001,15855,0.17610013994713108,2,2431,0,0,2014,0.8284656519950637,714.8181267605501,0.29404283289204036,417,0.17153434800493625,0,,,
conversation_trace,0.01,4.0,"l1=0.01,l2x4",all,16,all16,label_binary_15,horizon,15.0,0,main,1857442038,7429768151,58742117,5183,3218284,8856854,12075138,8856854,1102423,2154,271289,0,218774,218774,271289,27.07251286506653,1274.5234375,907.1923828125,e47d3eb471e5ff8be60528c6f67724faeb7af34b1f0f33064fe8b8ab0d8ccc35,5183,45,55523833,110893,8856854,17314,43047818,86287,0,0,0,0,0,0,0,0,0,0,552634,1081,1102423,2154,10525928,20566,9973294,19485,1964104,4057,0,0,35038628,70859,33074524,66802,0,0,0,0,0,0,0,0,2516738,1102423,1655057,45564556,11628351,0,0,45240,218774,91429,104750,43472,0.4788046111512337,0.4754727712213849,555559,225306,572040994816,231773087744,2.5394196750985034,0.1507751925249817,15.077519252498169,1.8767164962747256,0.0,17.918877523600315,59.64822139454048,0.0,1.8767164962747256,19.79559401987504,0.0,1.0,218774,0,218774,0,93df232417b9233f301b250ce7632257b36195ed275648f0f5c7ecea61c6904c,12111384,10001946,128872,0.8311504283903475,91429,0,0,76177,0.8331820319592252,23132.23479581957,0.2530076321060011,15252,0.1668179680407748,0,89010,0,0,74139,0.8329288843950118,22584.163104427673,0.2537261330685055,14871,0.1670711156049882,0,2419,0,0,2038,0.8424968995452666,548.0716913918901,0.2265695293062795,381,0.15750310045473337,0,,,
conversation_trace,0.01,4.0,"l1=0.01,l2x4",all,16,all16,label_binary_15,horizon,15.0,1,main,1857442038,7429768151,58742117,5183,3218284,8806166,12024450,8806166,1147904,2242,271289,0,218766,218766,271289,53.06349849700928,1261.7578125,793.28125,97bc3e833d484ce37a193ac2824ae1fd1c8b3ebfa528a929864c1805750a709d,5183,45,55523833,110893,8806166,17215,43052905,86298,0,0,0,0,0,0,0,0,0,0,558778,1093,1147904,2242,10531135,20577,9972357,19484,1958080,4045,0,0,35038628,70859,33080548,66814,0,0,0,0,0,0,0,0,2516858,1147904,1706682,45569763,11679039,0,0,45250,218766,91441,104620,43460,0.478227878189481,0.47527914174166946,553347,224558,569673740288,230952886272,2.5294012780779465,0.14991230227538446,14.991230227538447,1.9541413531282845,0.0,17.92774169170648,59.64822139454048,0.0,1.9541413531282845,19.881883044834765,0.0,1.0,218766,0,218766,0,d8291fc381e584ac791fbb29cc27f5cc30be2016cab056647fe6bec1182895d5,12112081,10002440,128322,0.8311206802530465,91441,0,0,76169,0.8329852035738892,23215.289364743207,0.25388271524527517,15273,0.1670257324394965,1,89037,0,0,74159,0.8329009288273415,22622.797598094283,0.2540831070015194,14879,0.16711030245852848,1,2404,0,0,2010,0.8361064891846922,592.4917666489806,0.24646080143468413,394,0.1638935108153078,0,,,
conversation_trace,0.01,4.0,"l1=0.01,l2x4",all,16,all16,label_binary_15,horizon,15.0,2,main,1857442038,7429768151,58742117,5183,3218284,8747286,11965570,8747286,1195008,2334,271289,0,218805,218805,271289,26.689664363861084,1261.07421875,886.0498046875,2da0b71b18f1f5fc8f470c3275ce515515668a5bfe78d7afa82a44e4128d49d5,5183,45,55523833,110893,8747286,17100,43063775,86321,0,0,0,0,0,0,0,0,0,0,556218,1088,1195008,2334,10542911,20600,9986693,19512,1961546,4050,0,0,35038628,70859,33077082,66809,0,0,0,0,0,0,0,0,2517764,1195008,1751226,45581539,11737919,0,0,45206,218805,91455,104683,43498,0.47843056602911266,0.47562189054726367,554061,225673,570625288192,232149385216,2.532213614862549,0.1489099550157513,14.89099550157513,2.0343291338989364,0.0,17.947788636899144,59.64822139454048,0.0,2.0343291338989364,19.98211777079808,0.0,1.0,218805,0,218805,0,dcfc6e59742e82e52f56655e6d510e50abb253753c1040f8aa217434cd7f8e55,12114698,10003942,128995,0.8310929005411443,91455,0,0,76184,0.8330217046634957,23261.91949879538,0.2543537203957726,15271,0.1669782953365043,0,89035,0,0,74171,0.8330544168023811,22637.88677819641,0.2542582891918505,14864,0.1669455831976189,0,2420,0,0,2013,0.8318181818181818,624.0327205989981,0.25786476057809843,407,0.16818181818181818,0,,,
conversation_trace,0.01,4.0,"l1=0.01,l2x4",all,16,all16,label_binary_15,horizon,15.0,3,main,1857442038,7429768151,58742117,5183,3218284,8782614,12000898,8782614,1153024,2252,271289,0,218857,218857,271289,26.119674682617188,1273.890625,873.720703125,a486d0024232a437277450fbf68ff3afea120a67b4c49b6aed8d84ff48aed521,5183,45,55523833,110893,8782614,17169,43070475,86334,0,0,0,0,0,0,0,0,0,0,558778,1093,1153024,2252,10549567,20613,9990789,19520,1958942,4045,0,0,35038628,70859,33079686,66814,0,0,0,0,0,0,0,0,2517720,1153024,1711802,45588195,11702591,0,0,45154,218857,91473,104534,43445,0.47763608200788643,0.4749488920227827,550816,222480,567104260096,228840716288,2.5167849326272407,0.1495113633715312,14.95113633715312,1.9628574162555292,0.0,17.959119518964563,59.64822139454048,0.0,1.9628574162555292,19.92197693522009,0.0,1.0,218857,0,218857,0,fb799ebb6923317735a835a72228595c9c5af3bbc47c398fddfe8e0e8caea369,12118294,10002930,129837,0.8307975115969294,91473,0,0,76179,0.83280312223279,23296.91493070873,0.25468624545722485,15295,0.16720780995485007,1,89070,0,0,74173,0.8327495228471988,22729.413849257136,0.25518596440167435,14898,0.16726170427753453,1,2403,0,0,2006,0.8347898460258011,567.5010814516377,0.23616357946385255,397,0.16521015397419891,0,,,
conversation_trace,0.01,4.0,"l1=0.01,l2x4",all,16,all16,label_binary_15,horizon,15.0,4,main,1857442038,7429768151,58742117,5183,3218284,8778006,11996290,8778006,1176064,2297,271289,0,218799,218799,271289,25.85815453529358,1260.01171875,950.7568359375,8611ecfbd642c4d12a1d8306de8979115b335cd4a44984724079c968d68555f8,5183,45,55523833,110893,8778006,17160,43052291,86298,0,0,0,0,0,0,0,0,0,0,561338,1098,1176064,2297,10531135,20577,9969797,19479,1956134,4040,0,0,35038628,70859,33082494,66819,0,0,0,0,0,0,0,0,2517472,1176064,1737402,45569763,11707199,0,0,45220,218799,91444,104710,43468,0.47856708668686787,0.47535103451292593,550207,221427,566496534528,227736680448,2.5146687142080175,0.149432918803386,14.943291880338599,2.0020797003281308,0.0,17.92774169170648,59.64822139454048,0.0,2.0020797003281308,19.92982139203461,0.0,1.0,218799,0,218799,0,ad64c783aac75ff007f9898df916b13a85cb9b4d5f8b07d881b846bbd11fb338,12113616,10005730,128279,0.8312851835488264,91444,0,0,76177,0.8330453610953151,23226.982565054568,0.2540022589240909,15268,0.16696557455929312,1,89022,0,0,74135,0.8327716744175597,22649.386914403753,0.25442460194562866,14888,0.16723955876075577,1,2422,0,0,2042,0.8431048720066061,577.5956506508277,0.23847879878234007,380,0.1568951279933939,0,,,
conversation_trace,0.01,4.0,"l1=0.01,l2x4",all,16,all16,label_binary_60,horizon,60.0,0,main,1857442038,7429768151,58742117,5183,3218284,10989113,14207397,10989113,724968,1416,271289,0,210536,210536,271289,25.112650632858276,1260.01171875,858.2958984375,ec5c3ed21e74b76111db42668362e3feb2a3b2e8eb5d2d4db8909b01fb710693,5183,52,55523833,110893,10989113,21481,41304197,82865,0,0,0,0,0,0,0,0,0,0,442237,865,724968,1416,8771124,17137,8328887,16272,2063318,4266,0,0,35038628,70859,32975310,66593,0,0,0,0,0,0,0,0,2505555,724968,1167205,43809752,9496092,0,0,53475,210536,87994,100023,41593,0.47508739597978494,0.47267995545150804,528348,214960,544165089280,221161279488,2.5095375612721815,0.18707383324302052,18.70738332430205,1.234153682271955,0.0,14.931576265799205,59.64822139454048,0.0,1.234153682271955,16.16572994807116,0.0,1.0,210536,0,210536,0,fb41d69ddf97432a103a3cbaea20e7032371d3a09d0f91aa72931bb3a0682716,11659474,10232697,83012,0.8811892371817116,87994,0,0,76107,0.864911243948451,13495.166484869924,0.1533646212795182,11888,0.13510012046275882,1,85576,0,0,74002,0.8647517995699728,13142.893980236195,0.1535815413227563,11575,0.13525988594933158,1,2418,0,0,2105,0.87055417700579,352.2725046337124,0.14568755361195715,313,0.1294458229942101,0,,,
conversation_trace,0.01,4.0,"l1=0.01,l2x4",all,16,all16,label_binary_60,horizon,60.0,1,main,1857442038,7429768151,58742117,5183,3218284,11000490,14218774,11000490,716193,1400,271289,0,210540,210540,271289,31.817952632904053,1276.01953125,912.8056640625,b67c3abbd5cab155c19c17efb4b4b660ac557d55183b6c7d3645901e98170dbf,5183,49,55523833,110893,11000490,21502,41299425,82857,0,0,0,0,0,0,0,0,0,0,442522,866,716193,1400,8768522,17132,8326000,16266,2065203,4268,0,0,35038628,70859,32973425,66591,0,0,0,0,0,0,0,0,2507725,716193,1158715,43807150,9484715,0,0,53468,210540,87986,100163,41649,0.47574332668376557,0.47335939808605915,526324,213120,541941161984,219117750272,2.4998765080269783,0.18726751029418978,18.726751029418978,1.2192155076739914,0.0,14.927146735280242,59.64822139454048,0.0,1.2192155076739914,16.146362242954233,0.0,1.0,210540,0,210540,0,bc70ae83eebab5d64e069776f453c3c3936d8e646f23010a11a857df351ff7bb,11657248,10228588,82924,0.8810012448907324,87986,0,0,76105,0.8649671538653877,13505.684890494042,0.1534981120916287,11881,0.13503284613461233,0,85584,0,0,74016,0.8648345485137409,13168.638123280387,0.15386799078426325,11568,0.1351654514862591,0,2402,0,0,2089,0.869691923397169,337.0467672136578,0.14031922032208902,313,0.13030807660283097,0,,,
conversation_trace,0.01,4.0,"l1=0.01,l2x4",all,16,all16,label_binary_60,horizon,60.0,2,main,1857442038,7429768151,58742117,5183,3218284,11056329,14274613,11056329,665568,1300,271289,0,210553,210553,271289,31.616617918014526,1260.84765625,901.10546875,947816b96e8fa35c8283e5d055eb3cb54181d480448280fdba64ca2987752dcc,5183,51,55523833,110893,11056329,21612,41295571,82849,0,0,0,0,0,0,0,0,0,0,441077,863,665568,1300,8763308,17122,8322231,16259,2065288,4269,0,0,35038628,70859,32973340,66590,0,0,0,0,0,0,0,0,2506365,665568,1106645,43801936,9428876,0,0,53460,210553,87979,100204,41586,0.47590867857499064,0.4726809806885734,524919,213542,540657049600,219771527168,2.493049256006801,0.18821808890544411,18.82180889054441,1.133033731147279,0.0,14.91827065068152,59.64822139454048,0.0,1.133033731147279,16.0513043818288,0.0,1.0,210553,0,210553,0,a5f72587466e74c5b3adfcd3817c4d13452498c0043d3e44e1bf61e52972316e,11655931,10226526,83456,0.8809467043001541,87979,0,0,76107,0.8650587071914889,13473.660249581717,0.15314632184477792,11875,0.13497539185487445,3,85552,0,0,74023,0.8652398541238078,13072.972775532025,0.15280733092776352,11532,0.1347952122685618,3,2427,0,0,2084,0.8586732591676968,400.6874740496755,0.165095786588247,343,0.14132674083230326,0,,,
conversation_trace,0.01,4.0,"l1=0.01,l2x4",all,16,all16,label_binary_60,horizon,60.0,3,main,1857442038,7429768151,58742117,5183,3218284,10964244,14182528,10964244,769024,1502,271289,0,210567,210567,271289,26.63604474067688,1274.9921875,872.681640625,35a787cc52e883f924e79106506668b7b4f1387d8072e8588380a4fb8e1d1b46,5183,51,55523833,110893,10964244,21432,41283889,82827,0,0,0,0,0,0,0,0,0,0,441213,863,769024,1502,8751937,17100,8310724,16237,2065463,4269,0,0,35038628,70859,32973165,66590,0,0,0,0,0,0,0,0,2506676,769024,1210237,43790565,9520961,0,0,53445,210567,87960,100383,41666,0.47672712248358007,0.4736925875397908,526471,214624,542060314624,220770222080,2.500254075899832,0.1866504743095997,18.66504743095997,1.309152681712169,0.0,14.89891315970107,59.64822139454048,0.0,1.309152681712169,16.20806584141324,0.0,1.0,210567,0,210567,0,89ff1b0824d49931c8a8f66437875cf301a16594a94d158aea9695d9d2091de1,11654911,10221349,82621,0.8805437896522762,87960,0,0,76094,0.8650977717144156,13448.138792953978,0.15288925412635263,11867,0.13491359708958617,1,85548,0,0,74017,0.8652101744050124,13082.19989282848,0.152922334745739,11532,0.13480151493898163,1,2412,0,0,2077,0.8611111111111112,365.93890012548854,0.15171596190940653,335,0.1388888888888889,0,,,
conversation_trace,0.01,4.0,"l1=0.01,l2x4",all,16,all16,label_binary_60,horizon,60.0,4,main,1857442038,7429768151,58742117,5183,3218284,11053218,14271502,11053218,662433,1295,271289,0,210545,210545,271289,24.981649160385132,1274.5234375,910.087890625,fbec19c31b19f55e543c4744b8d28e4df9c721a2e76ff525652103e30909dee7,5183,50,55523833,110893,11053218,21605,41301608,82860,0,0,0,0,0,0,0,0,0,0,441725,864,662433,1295,8769554,17134,8327829,16270,2064849,4269,0,0,35038628,70859,32973779,66590,0,0,0,0,0,0,0,0,2506574,662433,1104158,43808182,9431987,0,0,53468,210545,87993,100234,41601,0.4760692488541642,0.472776243564829,525832,215355,541464526848,221546018816,2.49748034861906,0.18816512860780962,18.81651286078096,1.127696844837921,0.0,14.928903566754327,59.64822139454048,0.0,1.127696844837921,16.05660041159225,0.0,1.0,210545,0,210545,0,75dad4f893697d1f27578ebadd488711cb29654f85c7d90ddcdd454437c96fca,11659228,10229283,82962,0.8809128700459413,87993,0,0,76100,0.8648415214846635,13504.771977908616,0.1534755262112738,11894,0.13516984305569762,1,85603,0,0,74025,0.8647477308038269,13136.100419483937,0.15345373899844558,11579,0.13526395102975364,1,2390,0,0,2075,0.8682008368200836,368.671558424678,0.15425588218605774,315,0.13179916317991633,0,,,
conversation_trace,0.01,4.0,"l1=0.01,l2x4",all,16,all16,label_binary_300,horizon,300.0,0,main,1857442038,7429768151,58742117,5183,3218284,16085637,19303921,16085637,219648,429,271289,0,189366,189366,271289,33.055269956588745,1274.9921875,872.681640625,d3aa58ef0d0577c75a69bf09502605a011d8ec644438f2794472fee7096002b5,5183,63,55523833,110893,16085637,31438,36730170,73906,0,0,0,0,0,0,0,0,0,0,183196,359,219648,429,4179920,8167,3996724,7808,2305182,4761,0,0,35038628,70859,32733446,66098,0,0,0,0,0,0,0,0,2488378,219648,402844,39218548,4399568,0,0,74644,189366,78992,89288,36992,0.4715101971842886,0.4683005874012558,469842,191253,483785224192,196764594176,2.481131776559678,0.2738348194022357,27.38348194022357,0.37391910815880197,0.0,7.115712223990838,59.64822139454048,0.0,0.37391910815880197,7.4896313321496395,0.0,1.0,189366,0,189366,0,00f6e18e5384553bc8c567218c8445f02e61d2fff76163188b3e1e5b20106bde,10490853,9598481,31864,0.9164567457002781,78992,0,0,75287,0.9530965161028965,1417.7573773777647,0.017948113446649847,3706,0.046916143406927284,1,76605,0,0,73035,0.9533972978265126,1369.001678869695,0.01787091807153182,3571,0.046615756151687227,1,2387,0,0,2252,0.9434436531210725,48.75569850807284,0.020425512571459088,135,0.05655634687892752,0,,,
conversation_trace,0.01,4.0,"l1=0.01,l2x4",all,16,all16,label_binary_300,horizon,300.0,1,main,1857442038,7429768151,58742117,5183,3218284,16018053,19236337,16018053,284160,555,271289,0,189327,189327,271289,22.885180711746216,1275.171875,780.529296875,cd2e4d05935d25265da27396b2c09ecef1954e7555b60b377f98a0069193b4cc,5183,63,55523833,110893,16018053,31306,36732487,73912,0,0,0,0,0,0,0,0,0,0,186268,365,284160,555,4182992,8173,3996724,7808,2302865,4755,0,0,35038628,70859,32735763,66104,0,0,0,0,0,0,0,0,2489133,284160,470428,39221620,4467152,0,0,74683,189327,79006,89451,37333,0.47246826918506074,0.47253373161532036,469614,189983,483694454784,195428579328,2.4804386062209827,0.2726842990694394,27.26842990694394,0.48374150356208645,0.0,7.120941861867185,59.64822139454048,0.0,0.48374150356208645,7.604683365429271,0.0,1.0,189327,0,189327,0,0620d1c624026c86b760e635de309be662ed36d6621723aefbd09bd2c4ecbd47,10492806,9603263,31543,0.916726612500031,79006,0,0,75286,0.9529149684834063,1423.2901528937632,0.018014962824263514,3721,0.04709768878313039,1,76616,0,0,72999,0.9527905398350214,1382.979652822448,0.018050794257367234,3618,0.04722251226897776,1,2390,0,0,2287,0.9569037656903766,40.31050007131487,0.016866318021470657,103,0.04309623430962343,0,,,
conversation_trace,0.01,4.0,"l1=0.01,l2x4",all,16,all16,label_binary_300,horizon,300.0,2,main,1857442038,7429768151,58742117,5183,3218284,16055941,19274225,16055941,251392,491,271289,0,189316,189316,271289,27.092872381210327,1260.84765625,805.734375,bf175b4114f79e90a0944b0014de30ac67635e4b804955212af3c55c5a34fecf,5183,63,55523833,110893,16055941,31380,36727493,73902,0,0,0,0,0,0,0,0,0,0,184220,361,251392,491,4177872,8163,3993652,7802,2304787,4759,0,0,35038628,70859,32733841,66100,0,0,0,0,0,0,0,0,2489007,251392,435612,39216500,4429264,0,0,74698,189316,78996,89263,36971,0.4715026727799024,0.46801103853359666,471808,190332,485927454720,195780147200,2.4921718185467685,0.2733292877408555,27.332928774085552,0.42795869954771976,0.0,7.1122257987399395,59.64822139454048,0.0,0.42795869954771976,7.54018449828766,0.0,1.0,189316,0,189316,0,56fa94c836843e7db1d356fc1fa51db62c5dc76702b0c5b53815898d019ac7ba,10490936,9598591,31683,0.9164513538162848,78996,0,0,75283,0.952997620132665,1423.0017536033229,0.018013592505991733,3716,0.04704035647374551,3,76603,0,0,73003,0.9530044515227863,1378.7878628848348,0.017999136624999475,3603,0.04703471143427803,3,2393,0,0,2280,0.9527789385708316,44.213890718486795,0.0184763438021257,113,0.04722106142916841,0,,,
conversation_trace,0.01,4.0,"l1=0.01,l2x4",all,16,all16,label_binary_300,horizon,300.0,3,main,1857442038,7429768151,58742117,5183,3218284,16020613,19238897,16020613,285184,557,271288,1,189348,189349,271289,22.863139629364014,1279.57421875,908.9580078125,337a0c5028bf392a1340550daddfef70d019f47fb57b69b3816fa2edc4b97b10,5183,63,55523833,110893,16020613,31311,36729319,73905,0,0,0,0,0,0,0,0,0,0,183708,360,285184,557,4179408,8166,3995700,7806,2305009,4760,0,0,35038628,70859,32733619,66099,0,0,0,0,0,0,0,0,2488717,285184,468892,39218036,4464592,1,0,74662,189348,78989,89441,37083,0.4723630563829562,0.46947043259187987,472497,192551,486565171200,198102927360,2.4953894416629696,0.27272787938507564,27.272787938507562,0.4854847161875354,0.0,7.114840617678113,59.64822139454048,0.0,0.4854847161875354,7.600325333865649,0.0,1.0,189349,1,189348,0,7bb4ee6a419771fcff7ae7cfe7a8a4639acc19b2baaa19c593b78cebd8c3b309,10490796,9602088,31668,0.9167962087910202,78989,0,0,75264,0.9528415348972642,1429.41836023251,0.01809642304919052,3728,0.047196445074630645,3,76619,0,0,73004,0.9528184914968872,1388.7046483079082,0.018124807793209362,3618,0.04722066328195356,3,2370,0,0,2260,0.9535864978902954,40.71371192460101,0.017178781402785236,110,0.046413502109704644,0,,,
conversation_trace,0.01,4.0,"l1=0.01,l2x4",all,16,all16,label_binary_300,horizon,300.0,4,main,1857442038,7429768151,58742117,5183,3218284,16042497,19260781,16042497,262144,512,271289,0,189335,189335,271289,22.969956874847412,1276.01953125,817.4423828125,06f1c9183587e3adddc197a02e65b0ebc14e78a8e04a8dd40e610533f2bc083f,5183,64,55523833,110893,16042497,31354,36731079,73908,0,0,0,0,0,0,0,0,0,0,182304,357,262144,512,4180564,8168,3998260,7811,2305809,4762,0,0,35038628,70859,32732819,66097,0,0,0,0,0,0,0,0,2488113,262144,444448,39219192,4442708,0,0,74683,189335,78997,89328,37071,0.4717986637441572,0.46927098497411296,472727,190791,486903134208,196261013504,2.4967755565531995,0.27310042298952214,27.310042298952215,0.4462624321149338,0.0,7.116808541306061,59.64822139454048,0.0,0.4462624321149338,7.563070973420995,0.0,1.0,189335,0,189335,0,c69d4cac7878332b7acd79ddf44c9289b932010be7097389775d24c3297efebe,10492193,9599528,31825,0.9164376312940489,78997,0,0,75268,0.9527956757851564,1426.0227245659248,0.018051606068153536,3729,0.0472043242148436,0,76618,0,0,72993,0.9526873580620742,1385.667176586939,0.01808539999199847,3625,0.047312641937925816,0,2379,0,0,2275,0.9562841530054644,40.35554797898638,0.016963240007980825,104,0.04371584699453552,0,,,
conversation_trace,0.01,4.0,"l1=0.01,l2x4",all,16,all16,label_binary_600,horizon,600.0,0,main,1857442038,7429768151,58742117,5183,3218284,18609237,21827521,18609237,245760,480,271084,205,177855,178060,271289,45.088722705841064,1261.7578125,793.28125,d75dfcae03f849453d05e4bc32c36bea9e9c6fe7fe1c0ba99a04bd0657d13d64,5183,69,55523833,110893,18609237,36370,34187251,68929,0,0,0,0,0,0,1536,3,1536,3,61952,121,245760,480,1628672,3181,1566720,3060,2419633,4993,0,0,35038628,70859,32618995,65866,0,0,0,0,0,0,0,0,2481585,245760,307712,36668836,1875968,205,29,85951,177855,73934,83182,34416,0.4676955947260409,0.46549625341520817,431272,176329,444170856448,181473538048,2.424851705040623,0.3167954774255072,31.679547742550714,0.41837103010775045,0.0026148189381734405,2.7725796807765715,59.64822139454048,0.0,0.41837103010775045,3.193565529822495,0.0009422110552763819,0.9990577889447236,178060,205,177855,0,767f074f67b9a32bc6328dff2e730f6b7bc8ff0f5732a9bb785821e384562b16,9853122,8304793,25878,0.8441722329227224,73963,0,0,73954,0.999878317537147,19.01556630244821,0.0002570956600252587,0,0.0,0,71644,0,0,71635,0.9998743788733181,19.01556630244821,0.00026541742926760383,0,0.0,0,2319,0,0,2319,1.0,0.0,0.0,0,0.0,0,error_location_001,21827521,True
conversation_trace,0.01,4.0,"l1=0.01,l2x4",all,16,all16,label_binary_600,horizon,600.0,1,main,1857442038,7429768151,58742117,5183,3218284,18667737,21886021,18667737,182784,357,271118,171,177921,178092,271289,21.67965602874756,1261.07421875,888.9453125,d50f43d8aba0b25de90a5d894bb4774bc5d5d30f4ca9367c07e3716eddfe75ed,5183,68,55523833,110893,18667737,36484,34191798,68937,0,0,0,0,0,0,3584,7,3584,7,63868,125,182784,357,1631100,3186,1567232,3061,2417646,4990,0,0,35038628,70859,32620982,65869,0,0,0,0,0,0,0,0,2481514,182784,246652,36673312,1817468,171,34,85917,177921,73944,83472,34648,0.4691520393882678,0.4685708103429622,430561,174553,443409700864,179552372736,2.4199560479089035,0.31779135573203804,31.779135573203806,0.3111634536426394,0.006101244189071361,2.7767130013376944,59.64822139454048,0.0,0.3111634536426394,3.0939776991694052,0.0021924726736176534,0.9978075273263823,178092,171,177921,0,d0d059d5e5c9aafc81932d9e22b3d317c7d1c7d9ebce1b4cb62c8a5d80dc7c94,9855707,8312587,26196,0.8447577631924326,73978,0,0,73968,0.9998648246776068,22.937256011609634,0.00031005509761834104,0,0.0,0,71657,0,0,71649,0.9998883570342046,19.048155754336364,0.0002658240751683208,0,0.0,0,2321,0,0,2319,0.999138302455838,3.8891002572732707,0.0016756140703460883,0,0.0,0,error_location_001,21886021,True
conversation_trace,0.01,4.0,"l1=0.01,l2x4",all,16,all16,label_binary_600,horizon,600.0,2,main,1857442038,7429768151,58742117,5183,3218284,18753109,21971393,18753109,102400,200,271096,193,177872,178065,271289,21.697938203811646,1273.890625,876.373046875,3ba698daa4d44b554ed56e00ac800f06c67e3075ea9c32d48c9a8dccc2548a80,5183,69,55523833,110893,18753109,36651,34186846,68928,0,0,0,0,0,0,3072,6,3072,6,59904,117,102400,200,1626624,3177,1566720,3060,2421574,4997,0,0,35038628,70859,32617054,65862,0,0,0,0,0,0,0,0,2481478,102400,162304,36668324,1732096,193,35,85944,177872,73928,83418,34509,0.46897769182333365,0.4667920138513148,434759,175401,447657791488,180357740544,2.4442239363137537,0.31924469116426296,31.924469116426295,0.17432126254489602,0.005229637876346881,2.7690932555256733,59.64822139454048,0.0,0.17432126254489602,2.948644155946916,0.001885014137606032,0.998114985862394,178065,193,177872,0,6e3469a6f6e38f29e646e8a4c7e99c2185e6703a3c580b3afc4e67381d2b079d,9852650,8307890,26042,0.8445353280589486,73963,0,0,73954,0.999878317537147,18.141350987574747,0.0002452760297388525,0,0.0,0,71631,0,0,71623,0.9998883165110078,15.601783458346617,0.00021780770139111024,0,0.0,0,2332,0,0,2331,0.9995711835334476,2.53956752922813,0.0010890083744546013,0,0.0,0,error_location_001,21971393,True
conversation_trace,0.01,4.0,"l1=0.01,l2x4",all,16,all16,label_binary_600,horizon,600.0,3,main,1857442038,7429768151,58742117,5183,3218284,18527961,21746245,18527961,320512,626,271096,193,177897,178090,271289,23.24768590927124,1275.171875,780.533203125,2c002e4904594063dcf60d972c7fbc71ae9700123827788dbbb57b8f610b3e53,5183,68,55523833,110893,18527961,36211,34193229,68941,0,0,0,0,0,0,4096,8,4096,8,65916,129,320512,626,1632636,3189,1566720,3060,2416215,4986,0,0,35038628,70859,32622413,65873,0,0,0,0,0,0,0,0,2482131,320512,386428,36675360,1957244,193,36,85920,177897,73944,83497,34529,0.46935586322422523,0.46696148436654766,431331,174259,444163307520,179182182400,2.4246108703350817,0.3154118704983002,31.54118704983002,0.5456255517655245,0.006972850501795841,2.779327820275868,59.64822139454048,0.0,0.5456255517655245,3.331926222543188,0.0025025477598042928,0.9974974522401957,178090,193,177897,0,78442d943aa23574f3c2d9d9dda6b638402030fe24aaf331da781ff5d58dc130,9855547,8309956,26298,0.8445096959103335,73980,0,0,73961,0.999743173830765,30.50462964602495,0.0004123361671536219,0,0.0,0,71655,0,0,71639,0.9997767078361594,22.87806347091172,0.00031928076855644013,0,0.0,0,2325,0,0,2322,0.9987096774193548,7.626566175113227,0.003280243516177732,0,0.0,0,error_location_001,21746245,True
conversation_trace,0.01,4.0,"l1=0.01,l2x4",all,16,all16,label_binary_600,horizon,600.0,4,main,1857442038,7429768151,58742117,5183,3218284,18667093,21885377,18667093,181760,355,271104,185,177900,178085,271289,21.670438051223755,1260.01171875,953.6630859375,e4de169a5f1b402b5f5a59e9f6489bf007018734d1ac81b9731870c7be100089,5183,69,55523833,110893,18667093,36483,34193846,68941,0,0,512,1,1024,2,2560,5,2048,4,65536,128,180736,353,1633792,3191,1568256,3063,2415086,4985,0,0,35038628,70859,32623542,65874,0,0,0,0,0,0,0,0,2481134,181760,247808,36674980,1818112,185,31,85929,177900,73952,83393,34490,0.46876335019673976,0.4663836001730852,430894,174037,443523170304,178920960000,2.422113546936481,0.3177803925588858,31.778039255888583,0.30942024101719046,0.0043580315636224005,2.781295743903816,59.64822139454048,0.0017432126254489603,0.3076770283917415,3.095074016484629,0.0015644555694618273,0.9984355444305382,178085,185,177900,0,602f6ad5ca27c92eb4db4e544670af6fdd43e72738a1f8b2c2cda2db41c96212,9854905,8308798,25633,0.8444134672023729,73983,0,0,73969,0.9998107673384427,24.70234046470307,0.0003338921166308891,0,0.0,0,71650,0,0,71637,0.9998185624563852,23.035491645055636,0.000321500232310616,0,0.0,0,2333,0,0,2332,0.9995713673381912,1.6668488196474387,0.0007144658463983877,0,0.0,0,error_location_001,21885377,True
conversation_trace,0.01,4.0,"l1=0.01,l2x4",all,16,all16,evict_binary_learned,class_order,,0,main,1857442038,7429768151,58742117,5183,3218284,18264149,21482433,18264149,658432,1286,271160,129,178241,178370,271289,89.83962440490723,1260.01171875,1005.435546875,9b2ac3ce8171f650ea544dbe3a3283550f3843f3f3bc9da0bbd31eec3d9ff5bd,5183,69,55523833,110893,18264149,35696,34119177,68797,0,0,2048,4,29184,57,2048,4,0,0,83456,163,629248,1229,1560576,3048,1477120,2885,2396571,4947,0,0,35038628,70859,32642057,65912,0,0,0,0,0,0,0,0,2482075,658432,743936,36601252,2221056,129,122,85797,178241,73782,80482,33102,0.4515347198456023,0.44864601122224934,370931,148717,385796034560,154540230656,2.081064401568663,0.3109208508777442,31.092085087774414,1.1208857181636815,0.0034864252508979205,2.6566560411842155,59.64822139454048,0.04968155982529537,1.071204158338386,3.781028184598795,0.001310615989515072,0.9986893840104849,178370,129,178241,14261,17aa031d51bddb9fae83976b684e7879a86c716910e6a669d6d79f6351f9c0ff,9897737,7091412,82,0.7164721592420571,73904,0,6858,4894,0.06622104351591253,132.5499404838148,0.0017935421693523327,40,0.0005412426932236415,0,71525,0,6858,4729,0.06611674239776302,132.1671064515917,0.0018478448997076785,40,0.0005592450192240476,0,2379,0,0,165,0.06935687263556116,0.3828340322231112,0.0001609222497785251,0,0.0,0,,,
conversation_trace,0.01,4.0,"l1=0.01,l2x4",all,16,all16,evict_binary_learned,class_order,,1,main,1857442038,7429768151,58742117,5183,3218284,18331538,21549822,18331538,602112,1176,271146,143,178182,178325,271289,87.01423358917236,1260.84765625,909.8251953125,84452eb29426541f378659665a9f290cff6a4301dd723de31b2ff4a0e2e98f89,5183,67,55523833,110893,18331538,35826,34108847,68775,0,0,512,1,0,0,512,1,0,0,84675,167,602112,1176,1551043,3031,1466368,2864,2396149,4948,0,0,35038628,70859,32642479,65911,0,0,0,0,0,0,0,0,2481336,602112,687299,36590183,2153667,143,138,85847,178182,73748,80074,32707,0.4493944393934292,0.4434967727938385,370064,147627,384898818048,153440292864,2.076887676645228,0.3120680516161854,31.206805161618536,1.0250090237639886,0.0008716063127244801,2.6404274806779604,59.64822139454048,0.0,1.0250090237639886,3.6663081107546738,0.0003299915246317404,0.9996700084753682,178325,143,178182,14146,d8a4c03bc8e1de52e895d4d803ee40b3613c19f3fe5eac58c7e468e815198a61,9895589,7086088,103,0.7160907248674131,73886,0,6832,4881,0.066061229461603,124.75021988826674,0.001688414853805413,41,0.0005549089137319654,0,71487,0,6832,4737,0.06626379621469637,116.01444110284672,0.001622874663964731,41,0.0005735308517632576,0,2399,0,0,144,0.06002501042100875,8.735778785420013,0.003641425087711552,0,0.0,0,,,
conversation_trace,0.01,4.0,"l1=0.01,l2x4",all,16,all16,evict_binary_learned,class_order,,2,main,1857442038,7429768151,58742117,5183,3218284,18354254,21572538,18354254,572416,1118,271144,145,178194,178339,271289,86.76726841926575,1260.45703125,907.048828125,7bc60c43a2b6209dde9c66777537e77426f5eb57b0b80155e1d37706617260be,5183,67,55523833,110893,18354254,35871,34114670,68788,0,0,1000,2,0,0,1000,2,0,0,82463,162,572416,1118,1557535,3043,1475072,2881,2399030,4952,0,0,35038628,70859,32639598,65907,0,0,0,0,0,0,0,0,2482493,572416,655879,36597163,2130951,145,136,85826,178194,73754,80234,32935,0.4502620739194361,0.4465520514141606,369549,147632,384288249856,153438451712,2.0738577056466547,0.31245475882321366,31.24547588232137,0.9744558576259688,0.0017023560795400002,2.651479176346334,59.64822139454048,0.0,0.9744558576259688,3.627637390051843,0.0006416281957094323,0.9993583718042905,178339,145,178194,14215,d61b91bee2fbdbc00eeef79ed34f3a10edf16f879f04fd71e64e84102418550b,9896058,7091954,98,0.7166492961136647,73890,0,6865,4962,0.06715387738530247,117.57651895145271,0.0015912372303620614,35,0.00047367708756259307,0,71519,0,6865,4823,0.06743662523245571,108.77833482456529,0.0015209711380831008,35,0.0004893804443574435,0,2371,0,0,139,0.05862505272037115,8.798184126887417,0.0037107482610237944,0,0.0,0,,,
conversation_trace,0.01,4.0,"l1=0.01,l2x4",all,16,all16,evict_binary_learned,class_order,,3,main,1857442038,7429768151,58742117,5183,3218284,18435157,21653441,18435157,497664,972,271145,144,178201,178345,271289,90.18340802192688,1261.07421875,939.478515625,260bdc9666e335439e17ca2ac6e06f80f87527aea63df9901de6fdab8376e826,5183,69,55523833,110893,18435157,36030,34109438,68777,0,0,1536,3,5632,11,1536,3,0,0,77312,151,492032,961,1550848,3029,1473536,2878,2402726,4960,0,0,35038628,70859,32635902,65899,0,0,0,0,0,0,0,0,2481574,497664,576512,36591012,2050048,144,140,85821,178201,73742,80150,32825,0.44977300913013957,0.4451330313796751,372300,147747,387199827968,153533972480,2.089213865242058,0.3138320159622439,31.383201596224392,0.8472013359681947,0.0026148189381734405,2.64009552124245,59.64822139454048,0.009587669439969282,0.8376136665282254,3.4899116761488185,0.0009894459102902375,0.9990105540897097,178345,144,178201,14142,4b1fa6de04f84dcb46d5d2aaab02fef565b58cf24685d4ebd37bcffa4aadcda3,9895057,7088591,97,0.7163818763247145,73882,0,6841,4918,0.06656560461276088,106.04707527362078,0.0014353573979267043,31,0.00041958799166238054,0,71513,0,6841,4777,0.0667990435305469,98.7325780582934,0.0013806241950175967,31,0.0004334876176359543,0,2369,0,0,141,0.0595187842971718,7.314497215327394,0.003087588524832163,0,0.0,0,,,
conversation_trace,0.01,4.0,"l1=0.01,l2x4",all,16,all16,evict_binary_learned,class_order,,4,main,1857442038,7429768151,58742117,5183,3218284,18377106,21595390,18377106,560128,1094,271143,146,178178,178324,271289,97.80910778045654,1261.1796875,946.0244140625,0c251b55d8ce149e57c9eacfde0b5407b71e7c618ff01ccd1f725d2f8e319525,5183,67,55523833,110893,18377106,35915,34104338,68768,0,0,2048,4,14336,28,2560,5,512,1,79555,157,545792,1066,1545411,3020,1465856,2863,2400658,4955,0,0,35038628,70859,32637970,65904,0,0,0,0,0,0,0,0,2482261,560128,641731,36586599,2108099,146,140,85842,178178,73734,80158,32923,0.4498759667298993,0.4465104293812895,371772,148385,386607640576,154173093888,2.086520221351682,0.3128437812345102,31.284378123451017,0.9535373061205813,0.0043580315636224005,2.6308398112379914,59.64822139454048,0.024404976756285442,0.9291323293642958,3.588735148922195,0.0016537777516503862,0.9983462222483496,178324,146,178178,14404,0ec0da0f3ce1ffece55347bd96d8455c53afcc29917e7c5aa0188599c09796ea,9894247,7087323,113,0.7163131767379569,73874,0,6972,4787,0.06479952351300863,96.53880403806576,0.0013068035308507156,33,0.00044670655440344373,0,71495,0,6972,4634,0.06481572137911742,93.85884496804356,0.0013128029228343739,33,0.00046157073921253235,0,2379,0,0,153,0.06431273644388398,2.6799590700221936,0.0011265065447760376,0,0.0,0,,,
conversation_trace,0.01,4.0,"l1=0.01,l2x4",all,16,all16,evict_binary_recency,class_order,,0,main,1857442038,7429768151,58742117,5183,3218284,18378457,21596741,18378457,459776,898,271227,62,178145,178207,271289,59.559558153152466,1260.84765625,941.46875,2bb9c6e546ac7bd5d1cb98e13bc794098574cfad6521924e1ac286d4c3a49bda,5183,68,55523833,110893,18378457,35919,34203275,68961,0,0,0,0,0,0,0,0,0,0,67452,132,459776,898,1646972,3217,1579520,3085,2414873,4983,0,0,35038628,70859,32623755,65876,0,0,0,0,0,0,0,0,2482325,459776,527228,36685600,2106748,62,62,85811,178145,73946,83738,34567,0.4700552920373853,0.4674627430827901,442932,177284,456229670912,182340495360,2.486356619607623,0.31286678006514473,31.286678006514475,0.7827024688265831,0.0,2.8037327970321533,59.64822139454048,0.0,0.7827024688265831,3.5864352658587366,0.0,1.0,178207,62,178145,245,410f91eba925d1ae6dd43b1eaf03b74bf2087a71f463d9025eca77836984e03a,9859246,8314656,26250,0.8446671276890748,74008,0,98,73900,0.9985406983028862,71.88541623241984,0.0009713195361639261,23,0.00031077721327424064,0,71657,0,98,71549,0.9984928199617623,71.88541623241984,0.0010031876332028949,23,0.00032097352666173577,0,2351,0,0,2351,1.0,0.0,0.0,0,0.0,0,,,
conversation_trace,0.01,4.0,"l1=0.01,l2x4",all,16,all16,evict_binary_recency,class_order,,1,main,1857442038,7429768151,58742117,5183,3218284,18495705,21713989,18495705,342528,669,271233,56,178145,178201,271289,54.96637511253357,1261.1796875,929.064453125,e849f21403230b59bd9a9aac7c1bd360381ddf2f25d1e35d2f46089be5c0c7ef,5183,68,55523833,110893,18495705,36148,34203515,68961,0,0,512,1,0,0,512,1,0,0,72060,141,342528,669,1646460,3216,1574400,3075,2409513,4973,0,0,35038628,70859,32629115,65886,0,0,0,0,0,0,0,0,2482085,342528,415100,36685600,1989500,56,55,85817,178145,73955,83532,34432,0.46889893064638355,0.4655804205259955,439039,175892,452135430144,180869515264,2.4645036346796148,0.3148627585212838,31.48627585212838,0.5831046232126772,0.0008716063127244801,2.8028611907194287,59.64822139454048,0.0,0.5831046232126772,3.3868374202448304,0.00031087353033324187,0.9996891264696668,178201,56,178145,268,22ce2fc6a5a46b4c2ae06dae1e8944ff7047bed347304907ec333e99e96b188a,9859665,8316519,26492,0.8448324562751371,74010,0,101,73894,0.9984326442372652,78.0581409669931,0.0010546972161463734,29,0.0003918389406836914,0,71687,0,101,71571,0.9983818544505977,78.0581409669931,0.0010888744258651232,29,0.0004045363873505657,0,2323,0,0,2323,1.0,0.0,0.0,0,0.0,0,,,
conversation_trace,0.01,4.0,"l1=0.01,l2x4",all,16,all16,evict_binary_recency,class_order,,2,main,1857442038,7429768151,58742117,5183,3218284,18466389,21684673,18466389,373248,729,271207,82,178129,178211,271289,55.27928304672241,1276.01953125,881.521484375,e06801e32e8c74314d19b7e611e3b5b13337706d36eaf84ef1cf416a5c57f8fb,5183,69,55523833,110893,18466389,36091,34202612,68959,0,0,1024,2,0,0,1024,2,0,0,72192,141,373248,729,1644544,3212,1572352,3071,2408368,4971,0,0,35038628,70859,32630260,65888,0,0,0,0,0,0,0,0,2481584,373248,446464,36684196,2018816,82,80,85806,178129,73922,83770,34577,0.4702771586883663,0.46774979031952596,438756,176220,451887759360,181236727808,2.4631362664136667,0.31436369581300583,31.436369581300585,0.635401001976146,0.0017432126254489603,2.7995994764710304,59.64822139454048,0.0,0.635401001976146,3.4367436910726252,0.0006222775357809583,0.9993777224642191,178211,82,178129,261,f8ee6c288de442827067b8d0272c201adc87eabd6d00dd504555f74457c90b68,9858106,8308591,26118,0.844142880995599,74002,0,116,73865,0.9981486986838194,96.64186014732746,0.0013059357875101682,24,0.0003243155590389449,0,71669,0,116,71533,0.9981023873641324,95.26384446559837,0.0013292196691121457,24,0.0003348728180942946,0,2333,0,0,2332,0.9995713673381912,1.3780156817290923,0.0005906625296738501,0,0.0,0,,,
conversation_trace,0.01,4.0,"l1=0.01,l2x4",all,16,all16,evict_binary_recency,class_order,,3,main,1857442038,7429768151,58742117,5183,3218284,18326101,21544385,18326101,514560,1005,271229,60,178183,178243,271289,76.23919820785522,1274.5234375,954.841796875,d6c4a3ad39b59266c7a57c65dd10c8ce2eb28104b09c3fac89c153d8e51d1c55,5183,69,55523833,110893,18326101,35817,34201179,68957,0,0,1024,2,1536,3,1024,2,0,0,72192,141,513024,1002,1643520,3210,1571328,3069,2408777,4971,0,0,35038628,70859,32629851,65888,0,0,0,0,0,0,0,0,2481993,514560,587776,36683172,2159104,60,59,85769,178183,73935,83533,34451,0.46880454364333296,0.46596334618245755,439158,177380,452321773568,182498639872,2.4646458977568004,0.31197549451614076,31.197549451614076,0.8759643442881025,0.0017432126254489603,2.7978562638455813,59.64822139454048,0.0026148189381734405,0.873349525349929,3.6755638207591326,0.0006226650062266501,0.9993773349937733,178243,60,178183,263,7897c59d0cb3f6e5c230fd549ce77fa43d4b1e956b434d72039643d30ea21f11,9858098,8308438,26200,0.8441322048127337,73994,0,97,73878,0.9984323053220532,94.60604386916283,0.0012785637196146016,26,0.0003513798416087791,0,71660,0,97,71548,0.9984370639129221,86.27914882383851,0.0012040071005280284,26,0.0003628244487859336,0,2334,0,0,2330,0.998286203941731,8.326895045324306,0.003567649976574253,0,0.0,0,,,
conversation_trace,0.01,4.0,"l1=0.01,l2x4",all,16,all16,evict_binary_recency,class_order,,4,main,1857442038,7429768151,58742117,5183,3218284,18433722,21652006,18433722,405504,792,271224,65,178120,178185,271289,59.40859413146973,1261.7578125,928.10546875,a0fcf55c54bc9c5b546b79edee0bd214153732f959dcfabc9877b770f65f8eb2,5183,67,55523833,110893,18433722,36026,34202007,68959,0,0,512,1,0,0,512,1,0,0,74651,147,405504,792,1645467,3215,1570816,3068,2407437,4968,0,0,35038628,70859,32631191,65891,0,0,0,0,0,0,0,0,2482600,405504,480667,36684607,2051483,65,63,85829,178120,73933,83638,34510,0.4695598472939591,0.4667739710278225,439708,176391,452871692288,181413140480,2.4686054345385133,0.3138075871525025,31.380758715250252,0.6903121996777882,0.0008716063127244801,2.8011707511324455,59.64822139454048,0.0,0.6903121996777882,3.492354557122958,0.0003110610767209059,0.9996889389232791,178185,65,178120,246,28061a6bd9c1a918a23cfec4e8ce18e44c39194ef5734074ae1b8868b434669b,9857437,8307863,25891,0.8441148038785335,73996,0,108,73873,0.9983377479863776,84.20909110397228,0.0011380222053080204,27,0.0003648845883561274,0,71683,0,108,71562,0.9983120126110794,82.10740487344239,0.0011454236691187923,27,0.00037665834298229706,0,2313,0,0,2311,0.9991353220925205,2.1016862305298796,0.0009086408259964893,0,0.0,0,,,
conversation_trace,0.01,4.0,"l1=0.01,l2x4",leaf,16,leaf16,adm_label,leaf_location,,0,main,1857442038,7429768151,58742117,5183,3218284,9970150,13188434,9970150,0,0,271289,0,218110,218110,271289,86.81487584114075,1260.25,1005.630859375,6f7cc63394520189527439c3eb2e2455c08ada5e20e94c7fff745d2818f61c02,5183,19,55523833,110893,9970150,19475,43003103,86254,0,0,0,0,0,0,0,0,0,0,884821,1734,0,0,10515055,20559,9630234,18825,1665759,3430,0,0,35038628,70859,33372869,67429,0,0,0,0,0,0,0,0,2550580,0,884821,45553683,10515055,0,0,46090,218110,91431,0,0,0.0,0.0,0,0,0,0,0.0,0.16972745466425734,16.972745466425735,0.0,0.0,17.90036780594748,59.64822139454048,0.0,0.0,17.90036780594748,0.0,1.0,218110,0,218110,2467,f470c4964f1ca9a3b61652bbe8c48e40621a6300f6f1393bda8f5ec34641dd0f,10957574,5306426,545,0.48429501822209914,91431,0,1428,1678,0.01835263750806619,29479.90298359042,0.3224278743926067,15684,0.1715391934901729,2,3028,0,1428,51,0.016842800528401584,907.3043779964103,0.29963816974782376,462,0.1525759577278732,0,88403,0,0,1627,0.018404352793457236,28572.59860559411,0.32320847262642793,15222,0.17218872662692442,2,,,
conversation_trace,0.01,4.0,"l1=0.01,l2x4",leaf,16,leaf16,adm_label,leaf_location,,1,main,1857442038,7429768151,58742117,5183,3218284,9998954,13217238,9998954,0,0,271289,0,217995,217995,271289,91.84417796134949,1260.54296875,908.6689453125,e029db5fca35d0d57a3baf70071ad50ef2c73489f2bf5bc4fbf0ea5433baa18c,5183,18,55523833,110893,9998954,19531,42974413,86197,0,0,0,0,0,0,0,0,0,0,885201,1735,0,0,10486251,20503,9601050,18768,1665265,3430,0,0,35038628,70859,33373363,67429,0,0,0,0,0,0,0,0,2550466,0,885201,45524879,10486251,0,0,46205,217995,91375,0,0,0.0,0.0,0,0,0,0,0.0,0.17021780130940803,17.021780130940805,0.0,0.0,17.851333141432406,59.64822139454048,0.0,0.0,17.851333141432406,0.0,1.0,217995,0,217995,2548,0a01bea2728f3ee7232861c9cd67d6b7811ac44c5394b84cefd1fa9e4b80110b,10952029,5302903,463,0.48421479709376225,91375,0,1493,1625,0.017783857729138167,29380.346719605048,0.32153594221181997,15632,0.1710752393980848,1,3073,0,1493,45,0.01464367068011715,902.6491731608307,0.293735494032161,448,0.14578587699316628,1,88302,0,0,1580,0.017893139453240017,28477.697546444382,0.3225034262694433,15184,0.17195533509999775,0,,,
conversation_trace,0.01,4.0,"l1=0.01,l2x4",leaf,16,leaf16,adm_label,leaf_location,,2,main,1857442038,7429768151,58742117,5183,3218284,10055274,13273558,10055274,0,0,271289,0,217919,217919,271289,85.52807903289795,1276.01953125,1005.923828125,c3c8dca66b4fac2d33a213f3085daa98f496f0cbb371f9145b85cba38edb4f3d,5183,18,55523833,110893,10055274,19641,42915989,86087,0,0,0,0,0,0,0,0,0,0,889809,1744,0,0,10429931,20393,9540122,18649,1662761,3421,0,0,35038628,70859,33375867,67438,0,0,0,0,0,0,0,0,2552570,0,889809,45468559,10429931,0,0,46281,217919,91265,0,0,0.0,0.0,0,0,0,0,0.0,0.17117656825340496,17.117656825340497,0.0,0.0,17.755456447032714,59.64822139454048,0.0,0.0,17.755456447032714,0.0,1.0,217919,0,217919,2480,f1115e05ce3046e53ae1bc56f12036cb6fab0959f253b01db20d7b68631f0d1a,10938646,5284229,498,0.4831016562744603,91265,0,1447,1761,0.019295458280830548,28988.95781945912,0.31763499500859166,15486,0.1696816961595354,0,3032,0,1447,66,0.021767810026385226,860.6138776949066,0.28384362720808265,431,0.1421503957783641,0,88233,0,0,1695,0.0192104994729863,28128.343941764375,0.3187961867075173,15055,0.17062776965534437,0,,,
conversation_trace,0.01,4.0,"l1=0.01,l2x4",leaf,16,leaf16,adm_label,leaf_location,,3,main,1857442038,7429768151,58742117,5183,3218284,10012778,13231062,10012778,0,0,271289,0,217993,217993,271289,95.53011131286621,1261.375,935.095703125,1f387cbf67d6faf706d9435aab3d589ee2cf38cd7005941b622d05803ae83041,5183,18,55523833,110893,10012778,19558,42959794,86170,0,0,0,0,0,0,0,0,0,0,886225,1737,0,0,10472427,20476,9586202,18739,1665036,3428,0,0,35038628,70859,33373592,67431,0,0,0,0,0,0,0,0,2551261,0,886225,45511055,10472427,0,0,46207,217993,91348,0,0,0.0,0.0,0,0,0,0,0.0,0.17045313501384365,17.045313501384364,0.0,0.0,17.827799770988847,59.64822139454048,0.0,0.0,17.827799770988847,0.0,1.0,217993,0,217993,2482,b64acf9b76beea7ad863b4bdf877e5fca86097b6c16be83bef0d86d0d17365e5,10948827,5301405,545,0.4842233327825894,91348,0,1454,1703,0.018642991636379558,29362.64280963453,0.3214371722384128,15627,0.17107106887945,1,3060,0,1454,55,0.017973856209150325,921.0387682686388,0.30099306152569894,487,0.1591503267973856,0,88288,0,0,1648,0.01866618339978253,28441.604041366045,0.32214575074037294,15140,0.17148423341790503,1,,,
conversation_trace,0.01,4.0,"l1=0.01,l2x4",leaf,16,leaf16,adm_label,leaf_location,,4,main,1857442038,7429768151,58742117,5183,3218284,10019946,13238230,10019946,0,0,271289,0,218031,218031,271289,136.4611177444458,1261.7578125,933.998046875,febe4a61d6ed2ec33c7ad7b1819317320082c97b34eeb2a81908b0739fef1627,5183,18,55523833,110893,10019946,19572,42952338,86156,0,0,0,0,0,0,0,0,0,0,886094,1737,0,0,10465259,20462,9579165,18725,1665455,3428,0,0,35038628,70859,33373173,67431,0,0,0,0,0,0,0,0,2551549,0,886094,45503887,10465259,0,0,46169,218031,91334,0,0,0.0,0.0,0,0,0,0,0.0,0.17057515989762506,17.057515989762507,0.0,0.0,17.815597282610703,59.64822139454048,0.0,0.0,17.815597282610703,0.0,1.0,218031,0,218031,2499,e319226efd987998d0984d71e415292a7b19a3be9ffb63cdf76723468d0af75a,10946709,5296035,485,0.4838237227279907,91334,0,1461,1797,0.019675038868329428,29303.590025686026,0.32083988466163776,15611,0.1709221100575908,2,3015,0,1461,66,0.021890547263681594,859.699252794628,0.285140714028069,446,0.14792703150912107,0,88319,0,0,1731,0.01959940669618089,28443.890772891442,0.32205856919679166,15165,0.17170710719097815,2,,,
conversation_trace,0.01,4.0,"l1=0.01,l2x4",leaf,16,leaf16,evict_label,leaf_location,,0,main,1857442038,7429768151,58742117,5183,3218284,18838069,22056353,18838069,0,0,271270,19,178196,178215,271289,43.21064209938049,1274.9921875,1011.7685546875,d51d800ff8d5011b6a5c3e614452009016d740815332c21572f91abbd23f4d09,5183,67,55523833,110893,18838069,36816,34204078,68961,0,0,0,0,0,0,0,0,0,0,70688,139,0,0,1647136,3218,1576448,3079,2410998,4977,0,0,35038628,70859,32627630,65882,0,0,0,0,0,0,0,0,2481686,0,70688,36685764,1647136,19,19,85851,178196,73975,0,0,0.0,0.0,0,0,0,0,0.0,0.32069101288944013,32.06910128894401,0.0,0.0,2.8040119834291977,59.64822139454048,0.0,0.0,2.8040119834291977,0.0,1.0,178215,19,178196,21,2fd657f72ee1f271275f03bbecebfdd94819978b7775ba5556ba2e2e6d63e323,8789960,8789960,0,1.0,73994,0,19,73975,0.9997432224234397,0.0,0.0,6,8.10876557558721e-05,6,1851,0,19,1832,0.9897352782279849,0.0,0.0,0,0.0,0,72143,0,0,72143,1.0,0.0,0.0,6,8.316815214227298e-05,6,,,
conversation_trace,0.01,4.0,"l1=0.01,l2x4",leaf,16,leaf16,evict_label,leaf_location,,1,main,1857442038,7429768151,58742117,5183,3218284,18839093,22057377,18839093,0,0,271274,15,178185,178200,271289,42.892213582992554,1279.57421875,955.5576171875,9867ca52c9c300994a79f56d63a73f2b58f10413456cbcbfee76f5586753e947,5183,67,55523833,110893,18839093,36818,34203072,68959,0,0,0,0,0,0,0,0,0,0,67104,132,0,0,1646112,3216,1579008,3084,2414564,4984,0,0,35038628,70859,32624064,65875,0,0,0,0,0,0,0,0,2481668,0,67104,36684740,1646112,15,15,85864,178185,73979,0,0,0.0,0.0,0,0,0,0,0.0,0.3207084450156946,32.07084450156946,0.0,0.0,2.802268770803749,59.64822139454048,0.0,0.0,2.802268770803749,0.0,1.0,178200,15,178185,17,9a895d44cea2fbddfa68ef9285dcc66f57671a55f41238050d03474bbc35b075,8788789,8788789,0,1.0,73994,0,15,73979,0.9997972808606104,0.0,0.0,6,8.10876557558721e-05,6,1843,0,15,1828,0.9918610960390667,0.0,0.0,0,0.0,0,72151,0,0,72151,1.0,0.0,0.0,6,8.315893057615279e-05,6,,,
conversation_trace,0.01,4.0,"l1=0.01,l2x4",leaf,16,leaf16,evict_label,leaf_location,,2,main,1857442038,7429768151,58742117,5183,3218284,18829477,22047761,18829477,0,0,271272,17,178198,178215,271289,44.83563947677612,1260.01171875,984.345703125,918b470bfe62060d69d3ebed3fa1d7ad8e68e9947b934df43d830232aff7fad0,5183,65,55523833,110893,18829477,36798,34211477,68977,0,0,0,0,0,0,0,0,0,0,73779,146,0,0,1655728,3236,1581949,3090,2409100,4972,0,0,35038628,70859,32629528,65887,0,0,0,0,0,0,0,0,2482879,0,73779,36694356,1655728,17,17,85849,178198,73993,0,0,0.0,0.0,0,0,0,0,0.0,0.32054474645508607,32.054474645508606,0.0,0.0,2.8186386268646055,59.64822139454048,0.0,0.0,2.8186386268646055,0.0,1.0,178215,17,178198,19,3e83a3075b07d50a8dcf2572efa6c8680e2b6b99d575f38c2c6aeeedf078502b,8789643,8789643,0,1.0,74010,0,18,73992,0.999756789623024,0.46900579114531293,6.337059737134346e-06,2,2.7023375219564924e-05,1,1865,0,18,1847,0.9903485254691688,0.46900579114531293,0.00025147763600284875,1,0.0005361930294906167,0,72145,0,0,72145,1.0,0.0,0.0,1,1.3860974426502184e-05,1,,,
conversation_trace,0.01,4.0,"l1=0.01,l2x4",leaf,16,leaf16,evict_label,leaf_location,,3,main,1857442038,7429768151,58742117,5183,3218284,18834780,22053064,18834780,0,0,271271,18,178184,178202,271289,43.64592218399048,1261.07421875,948.3505859375,6901514cdfb792bce129d16a88b165d6500ce67227d7fac4927d9e2b948f1838,5183,67,55523833,110893,18834780,36810,34206982,68967,0,0,0,0,0,0,0,0,0,0,71417,140,0,0,1650425,3224,1579008,3084,2410654,4976,0,0,35038628,70859,32627974,65883,0,0,0,0,0,0,0,0,2482071,0,71417,36689053,1650425,18,18,85869,178184,73986,0,0,0.0,0.0,0,0,0,0,0.0,0.3206350223979841,32.0635022397984,0.0,0.0,2.809611032574805,59.64822139454048,0.0,0.0,2.809611032574805,0.0,1.0,178202,18,178184,22,2b33293e72adeedd06fa50a88a08c2d62ca7d49c9f85b5f418ece916a68d14ae,8790542,8790542,0,1.0,74004,0,18,73986,0.9997567699043295,0.0,0.0,6,8.107669855683477e-05,6,1868,0,18,1850,0.9903640256959315,0.0,0.0,0,0.0,0,72136,0,0,72136,1.0,0.0,0.0,6,8.317622269047356e-05,6,,,
conversation_trace,0.01,4.0,"l1=0.01,l2x4",leaf,16,leaf16,evict_label,leaf_location,,4,main,1857442038,7429768151,58742117,5183,3218284,18832437,22050721,18832437,0,0,271280,9,178201,178210,271289,48.089080810546875,1275.171875,997.685546875,4f251cd5b236091aac56c8e0aab5a2236d0cb69ab086eaf12985faf2d32869c8,5183,67,55523833,110893,18832437,36805,34209376,68972,0,0,0,0,0,0,0,0,0,0,74272,146,0,0,1652768,3229,1578496,3083,2407748,4970,0,0,35038628,70859,32630880,65889,0,0,0,0,0,0,0,0,2482020,0,74272,36691396,1652768,9,9,85853,178201,73989,0,0,0.0,0.0,0,0,0,0,0.0,0.32059513619504043,32.059513619504045,0.0,0.0,2.813599652869167,59.64822139454048,0.0,0.0,2.813599652869167,0.0,1.0,178210,9,178201,11,52349f92b46a46deabdc3a948da6dfd0b89fb9fbe43ade0cebb2307df7bcc4df,8789385,8789385,0,1.0,73998,0,10,73988,0.9998648612124652,0.0996456876792653,1.3465997416047095e-06,5,6.756939376739912e-05,4,1833,0,10,1823,0.994544462629569,0.0996456876792653,5.4362077293652644e-05,1,0.0005455537370430987,0,72165,0,0,72165,1.0,0.0,0.0,4,5.5428531836762975e-05,4,,,
conversation_trace,0.02,1.0,"l1=0.02,l2x1",all,16,all16,label_binary_6,horizon,6.0,0,main,3714884076,3714884076,58742117,5183,4770907,4978851,9749758,4978851,1033604,2019,261582,0,231292,231292,261582,22.26781463623047,1260.01171875,858.6513671875,722c908febe45be4252753232c9258b9b34b53cfc55dcc0ab58d1b603d47fc1d,5183,43,53971210,107855,4978851,9734,45434857,90962,0,0,0,0,0,0,0,0,0,0,660154,1291,1033604,2019,12920127,25243,12259973,23952,1863744,3849,0,0,35038628,70859,33174884,67010,0,0,0,0,0,0,0,0,2523898,1033604,1693758,47958755,13953731,0,0,26661,231292,96099,110798,45716,0.4790394825588434,0.4757177494042602,581386,236207,598739836928,242950311936,2.513645089324317,0.0847577726897381,8.47577726897381,1.7595620532368623,0.0,21.994656746878906,59.64822139454048,0.0,1.7595620532368623,23.754218800115765,0.0,1.0,231292,0,231292,0,7d7e8317200bee165cff3a3aa1aac735a0a0f678d293c8db1cc9736d078a1481,12436069,9845225,290646,0.8033525706555665,96099,0,0,76535,0.7964182769851924,34258.97151128998,0.3564966494062371,19564,0.20358172301480765,0,93692,0,0,74625,0.7964927635230329,33381.73099926037,0.3562922234476836,19067,0.20350723647696708,0,2407,0,0,1910,0.7935189031990029,877.2405120297735,0.36445388950136,497,0.2064810968009971,0,,,
conversation_trace,0.02,1.0,"l1=0.02,l2x1",all,16,all16,label_binary_6,horizon,6.0,1,main,3714884076,3714884076,58742117,5183,4770907,5073059,9843966,5073059,917892,1793,261582,0,231337,231337,261582,22.211487770080566,1275.171875,780.884765625,5553b9204e05c2d582c32a7d51e9cd02e5fd4be79eda9f2f7642fa501d74b8fe,5183,43,53971210,107855,5073059,9918,45456168,91004,0,0,0,0,0,0,0,0,0,0,663226,1297,917892,1793,12941631,25285,12278405,23988,1860865,3843,0,0,35038628,70859,33177763,67016,0,0,0,0,0,0,0,0,2524091,917892,1581118,47980259,13859523,0,0,26616,231337,96145,110450,45770,0.4774420001988441,0.4760517967653024,582932,239410,600264650752,246283732992,2.519839022724424,0.08636152830515115,8.636152830515114,1.56257902656113,0.0,22.031264212013333,59.64822139454048,0.0,1.56257902656113,23.59384323857446,0.0,1.0,231337,0,231337,0,1c73e75596cead1da29effc1285d532577e2e37a527b8e991242cc8692ccbb54,12441782,9854121,290008,0.8036730590521518,96145,0,0,76542,0.7961100421238754,34417.309332766345,0.3579729505722226,19604,0.20390035883301263,1,93728,0,0,74599,0.7959094400819392,33622.62041233372,0.3587254653074185,19130,0.2041012290884261,1,2417,0,0,1943,0.8038891187422424,794.6889204327294,0.3287914441178028,474,0.19611088125775755,0,,,
conversation_trace,0.02,1.0,"l1=0.02,l2x1",all,16,all16,label_binary_6,horizon,6.0,2,main,3714884076,3714884076,58742117,5183,4770907,4972446,9743353,4972446,1021828,1996,261582,0,231335,231335,261582,46.15247178077698,1261.7578125,793.6328125,b9a436888ccf08de729c1e8f299e1c1ff1f86d99e3a6c862bc5a64a35d1ebafe,5183,42,53971210,107855,4972446,9721,45452371,90997,0,0,0,0,0,0,0,0,0,0,668858,1308,1021828,1996,12938308,25279,12269450,23971,1855707,3833,0,0,35038628,70859,33182921,67026,0,0,0,0,0,0,0,0,2524565,1021828,1690686,47976936,13960136,0,0,26614,231335,96134,110294,45677,0.4767717811831327,0.47513886866249194,579505,236226,596666138624,242933800960,2.505046793610997,0.08464873678284356,8.464873678284356,1.7395151080441993,0.0,22.025607282761023,59.64822139454048,0.0,1.7395151080441993,23.76512239080522,0.0,1.0,231335,0,231335,0,45c08be11355e04b698cfe372e6290a105fda0e46d1701a528a0e4f610fab4b3,12438817,9849181,290465,0.8034858540004246,96134,0,0,76523,0.796003495121393,34411.0377874869,0.357948673596094,19612,0.20400690702561008,1,93720,0,0,74614,0.7961374306444728,33546.352280565705,0.35794229919510995,19107,0.20387323943661972,1,2414,0,0,1909,0.7908036454018227,864.6855069214296,0.35819615034027735,505,0.2091963545981773,0,,,
conversation_trace,0.02,1.0,"l1=0.02,l2x1",all,16,all16,label_binary_6,horizon,6.0,3,main,3714884076,3714884076,58742117,5183,4770907,5066356,9837263,5066356,955904,1867,261582,0,231232,231232,261582,22.075157642364502,1279.57421875,912.568359375,62a004c356f086544e8d2284baa2aa191d723042f3493561b3df4ee8b10e1565,5183,44,53971210,107855,5066356,9905,45425731,90944,0,0,0,0,0,0,0,0,0,0,661690,1294,955904,1867,12910322,25224,12248632,23930,1861529,3845,0,0,35038628,70859,33177099,67014,0,0,0,0,0,0,0,0,2523219,955904,1617594,47948950,13866226,0,0,26721,231232,96083,110607,45794,0.4783377733185718,0.47660876533830127,576501,233647,593561100288,240299081728,2.493171360365347,0.08624741937713958,8.624741937713958,1.6272889858566044,0.0,21.977965145519015,59.64822139454048,0.0,1.6272889858566044,23.60525413137562,0.0,1.0,231232,0,231232,0,88f3445db60b0e25593069c2bec154c4c8ad53510bca20c87cb204a20b8eacae,12433869,9849586,289398,0.8037952627617357,96083,0,0,76537,0.7965717140389038,34185.406246211896,0.35579037130618213,19547,0.20343869362946618,1,93675,0,0,74619,0.7965732586068855,33306.64256696297,0.355555298286234,19057,0.20343741659994663,1,2408,0,0,1918,0.7965116279069767,878.7636792490765,0.3649350827446331,490,0.20348837209302326,0,,,
conversation_trace,0.02,1.0,"l1=0.02,l2x1",all,16,all16,label_binary_6,horizon,6.0,4,main,3714884076,3714884076,58742117,5183,4770907,5047710,9818617,5047710,946129,1848,261582,0,231293,231293,261582,23.980377197265625,1274.5234375,848.5205078125,8766c288470a63d617302eeec66fb63ae2e0d2a44604ff642faae367ba6645b2,5183,42,53971210,107855,5047710,9868,45452607,90998,0,0,0,0,0,0,0,0,0,0,666559,1304,946129,1848,12938743,25280,12272184,23976,1858205,3837,0,0,35038628,70859,33180423,67022,0,0,0,0,0,0,0,0,2524764,946129,1612688,47977371,13884872,0,0,26657,231293,96136,110608,45767,0.47821594254906113,0.47606515769326785,581490,234279,598917486592,241055662080,2.514083867648394,0.08592999806254854,8.592999806254854,1.610648455179101,0.0,22.026347807655622,59.64822139454048,0.0,1.610648455179101,23.63699626283472,0.0,1.0,231293,0,231293,0,a32e7097ede0ae2f14ed89b36860878b5a411a3a7ab0f1ef298388014a16698b,12438946,9858054,288875,0.8041269332626736,96136,0,0,76529,0.7960493467587584,34420.75355994754,0.3580422896724176,19607,0.20395065324124156,0,93724,0,0,74612,0.7960821134394606,33560.16190363684,0.3580743662630366,19112,0.20391788656053947,0,2412,0,0,1917,0.7947761194029851,860.5916563109362,0.3567958774091775,495,0.20522388059701493,0,,,
conversation_trace,0.02,1.0,"l1=0.02,l2x1",all,16,all16,label_binary_15,horizon,15.0,0,main,3714884076,3714884076,58742117,5183,4770907,5896802,10667709,5896802,805317,1574,261582,0,228455,228455,261582,22.400308847427368,1276.01953125,817.791015625,8542f4878cc900a54259a87a62e73e625165f1952f0adcf5e4d77ffbb7200862,5183,43,53971210,107855,5896802,11526,44747522,89615,0,0,0,0,0,0,0,0,0,0,622266,1217,805317,1574,12230463,23896,11608197,22679,1899303,3923,0,0,35038628,70859,33139325,66936,0,0,0,0,0,0,0,0,2521569,805317,1427583,47269091,13035780,0,0,29499,228455,94758,109081,45125,0.4774725875993084,0.47621309018763586,570999,229243,587868628992,235770138624,2.4993937536932873,0.10038456734543633,10.038456734543633,1.3709362909069143,0.0,20.82060304363903,59.64822139454048,0.0,1.3709362909069143,22.191539334545944,0.0,1.0,228455,0,228455,0,6aece4e08a9d19eb03c1424704ce89273881328e8dbffea89fee585bce78a3e2,12262668,9950674,257142,0.8219455178921912,94758,0,0,76527,0.8076046349648579,28989.225041304533,0.3059290512812062,18231,0.19239536503514215,0,92332,0,0,74572,0.8076506519949747,28260.44524024581,0.3060742238903718,17760,0.19234934800502534,0,2426,0,0,1955,0.8058532563891179,728.7798010586741,0.3004038751272358,471,0.1941467436108821,0,,,
conversation_trace,0.02,1.0,"l1=0.02,l2x1",all,16,all16,label_binary_15,horizon,15.0,1,main,3714884076,3714884076,58742117,5183,4770907,6030703,10801610,6030703,675512,1320,261582,0,228431,228431,261582,22.69424605369568,1260.84765625,814.8125,6a4ea17a6e6982dd4adaba88434477af0853f808053dc0962ee4e9a736f589b3,5183,43,53971210,107855,6030703,11788,44742783,89607,0,0,0,0,0,0,0,0,0,0,622778,1218,675512,1320,12226367,23888,11603589,22670,1899434,3922,0,0,35038628,70859,33139194,66937,0,0,0,0,0,0,0,0,2522212,675512,1298290,47264995,12901879,0,0,29521,228431,94743,108889,44882,0.47668223664914133,0.473723652407038,571629,230124,588748177408,236770785280,2.502414295782972,0.10266403915950117,10.266403915950118,1.1499619600022246,0.0,20.813630193137232,59.64822139454048,0.0,1.1499619600022246,21.96359215313946,0.0,1.0,228431,0,228431,0,a4215a3cab60e204526a738a40b9c552f9901b9bb5ed7165beea3f1730c8d1ed,12262174,9950037,257740,0.821951066752111,94743,0,0,76513,0.8075847292148233,28983.697716299757,0.3059191467052949,18231,0.1924258256546658,1,92336,0,0,74538,0.8072474441171374,28310.206443871157,0.3065998791789893,17799,0.1927633858949922,1,2407,0,0,1975,0.8205234732031574,673.4912724285998,0.27980526482284995,432,0.17947652679684253,0,,,
conversation_trace,0.02,1.0,"l1=0.02,l2x1",all,16,all16,label_binary_15,horizon,15.0,2,main,3714884076,3714884076,58742117,5183,4770907,5958307,10729214,5958307,747396,1460,261582,0,228427,228427,261582,34.25220966339111,1273.890625,797.951171875,9fe7e2cc949f4d20d10f88053ca95abb78f4ab02d88adb9ac99f49ec2893fdde,5183,43,53971210,107855,5958307,11647,44742761,89608,0,0,0,0,0,0,0,0,0,0,626874,1226,747396,1460,12226879,23889,11600005,22663,1895872,3914,0,0,35038628,70859,33142756,66945,0,0,0,0,0,0,0,0,2522746,747396,1374270,47265507,12974275,0,0,29523,228427,94746,109097,45147,0.47760115923249,0.4765056044582357,575340,233323,592371572736,239963058176,2.5187040060938504,0.1014316014521574,10.14316014521574,1.272334124423878,0.0,20.814501799449957,59.64822139454048,0.0,1.272334124423878,22.086835923873835,0.0,1.0,228427,0,228427,0,ff106dba3fad836202267a271e2196f619571edf3f054dbabc61a17ea788c9ad,12260688,9953231,257049,0.8222830154392641,94746,0,0,76508,0.8075063854938467,28981.738070769443,0.30588877705411777,18239,0.1925041690414371,1,92322,0,0,74592,0.8079547670111132,28175.29497078365,0.3051850584994221,17731,0.19205606464331362,1,2424,0,0,1916,0.7904290429042904,806.4430999857591,0.3326910478489105,508,0.20957095709570958,0,,,
conversation_trace,0.02,1.0,"l1=0.02,l2x1",all,16,all16,label_binary_15,horizon,15.0,3,main,3714884076,3714884076,58742117,5183,4770907,5927279,10698186,5927279,776627,1517,261582,0,228447,228447,261582,22.036423921585083,1260.01171875,951.1357421875,2cddd64f1127e482e99bf39dd2dbdfab3e189f6d01f0e570a4f95a65faf01050,5183,43,53971210,107855,5927279,11586,44745588,89612,0,0,0,0,0,0,0,0,0,0,625087,1223,776627,1517,12228676,23893,11603589,22670,1896629,3917,0,0,35038628,70859,33141999,66942,0,0,0,0,0,0,0,0,2521716,776627,1401714,47267304,13005303,0,0,29508,228447,94753,108939,45010,0.4768677198650015,0.47502453748166285,571698,228774,588653846528,235292272640,2.5025410707954143,0.10090339440779773,10.090339440779774,1.3220956949849119,0.0,20.81756093332489,59.64822139454048,0.0,1.3220956949849119,22.139656628309805,0.0,1.0,228447,0,228447,0,fdcade1b2ed6c929372f0b860d56fd33bf11f2753ba7a9c2e78383cd4497e7e2,12261169,9954683,255859,0.8223206531122766,94753,0,0,76520,0.8075733749854885,28981.535460367824,0.3058640408258084,18233,0.1924266250145114,0,92352,0,0,74607,0.8078547297297297,28199.871023910346,0.305352033782813,17745,0.19214527027027026,0,2401,0,0,1913,0.7967513536026656,781.6644364574494,0.32555786607973736,488,0.20324864639733445,0,,,
conversation_trace,0.02,1.0,"l1=0.02,l2x1",all,16,all16,label_binary_15,horizon,15.0,4,main,3714884076,3714884076,58742117,5183,4770907,5931618,10702525,5931618,761797,1489,261582,0,228453,228453,261582,22.17941665649414,1279.57421875,816.830078125,b24c9bdea3673b6e9156b3e68d6b4eae27913cd742f8fe8010daa46d9bd8f50e,5183,43,53971210,107855,5931618,11594,44754891,89632,0,0,0,0,0,0,0,0,0,0,628410,1229,761797,1489,12239167,23913,11610757,22684,1894494,3911,0,0,35038628,70859,33144134,66948,0,0,0,0,0,0,0,0,2522904,761797,1390207,47277795,13000964,0,0,29501,228453,94771,109057,44951,0.47737171321891153,0.47431176203691,572906,230145,589872812032,236727412736,2.507763084748285,0.10097725963808897,10.097725963808896,1.2968497543253337,0.0,20.835420350955346,59.64822139454048,0.0,1.2968497543253337,22.13227010528068,0.0,1.0,228453,0,228453,0,6fb1027f6cd9d86f9a3bb2ae3edb93eb4daea6cd16556b088b6e08b5bbc1f1fe,12265088,9951556,257548,0.8218718039365066,94771,0,0,76516,0.8073777843433118,29072.59189604155,0.30676675244580676,18257,0.1926433191588144,2,92363,0,0,74554,0.8071846951701439,28355.08302339442,0.306996124242331,17811,0.19283695852235203,2,2408,0,0,1962,0.8147840531561462,717.5088726471089,0.29796880093318473,446,0.1852159468438538,0,,,
conversation_trace,0.02,1.0,"l1=0.02,l2x1",all,16,all16,label_binary_60,horizon,60.0,0,main,3714884076,3714884076,58742117,5183,4770907,8783204,13554111,8783204,382665,749,261582,0,217082,217082,261582,21.056188583374023,1261.07421875,889.7099609375,2c5ab153cc36ac370e7e88dc93e0ceebba4828a0104755f1a295bc276afb00d8,5183,47,53971210,107855,8783204,17165,42294748,84805,0,0,0,0,0,0,0,0,0,0,484221,947,382665,749,9766713,19082,9282492,18135,2026372,4189,0,0,35038628,70859,33012256,66670,0,0,0,0,0,0,0,0,2510593,382665,866886,44805341,10149378,0,0,40869,217082,89940,103091,42495,0.47489427958098784,0.47248165443629087,542144,218887,558280992768,225139331072,2.4974157230908136,0.14952140727240049,14.952140727240048,0.6514320891771742,0.0,16.626423252672353,59.64822139454048,0.0,0.6514320891771742,17.277855341849527,0.0,1.0,217082,0,217082,0,b5a6c1d2255cd56a7b20159c0d60aad2d11b3a70f0e0c2cc170b8dabbfbaaaa2,11652596,10153274,158800,0.8781454364332205,89940,0,0,76441,0.8499110518123193,15367.5617957171,0.17086459634997886,13501,0.15011118523460085,2,87545,0,0,74373,0.8495402364498258,14999.720251031098,0.17133725799338737,13174,0.15048260894397167,2,2395,0,0,2068,0.8634655532359081,367.84154468599615,0.15358728379373535,327,0.13653444676409185,0,,,
conversation_trace,0.02,1.0,"l1=0.02,l2x1",all,16,all16,label_binary_60,horizon,60.0,1,main,3714884076,3714884076,58742117,5183,4770907,8815972,13586879,8815972,343425,671,261582,0,217130,217130,261582,24.09092688560486,1276.01953125,817.7900390625,995d8b678522c3bfb38a86ea524a08552318b5f9432844fd10c64927759477ed,5183,47,53971210,107855,8815972,17229,42300973,84819,0,0,0,0,0,0,0,0,0,0,484221,947,343425,671,9773185,19096,9288964,18149,2026619,4189,0,0,35038628,70859,33012009,66670,0,0,0,0,0,0,0,0,2510840,343425,827646,44811813,10116610,0,0,40823,217130,89950,103373,42517,0.4760880578455303,0.47267370761534183,541422,219836,557441153024,226068355072,2.4935384331967025,0.15007923531254416,15.007923531254415,0.5846316366160246,0.0,16.637440901219136,59.64822139454048,0.0,0.5846316366160246,17.22207253783516,0.0,1.0,217130,0,217130,0,46f2a7949772ff5b4c83bfa3d2ca8a3979c5a431e74c69239b4c583838701331,11653292,10155394,158621,0.8782672312682116,89950,0,0,76425,0.8496386881600889,15414.791816157061,0.17137067055205182,13525,0.15036131183991105,0,87530,0,0,74378,0.8497429452759054,14988.410059168404,0.17123740499449794,13152,0.1502570547240946,0,2420,0,0,2047,0.8458677685950413,426.3817569886366,0.17619080867299033,373,0.1541322314049587,0,,,
conversation_trace,0.02,1.0,"l1=0.02,l2x1",all,16,all16,label_binary_60,horizon,60.0,2,main,3714884076,3714884076,58742117,5183,4770907,8885175,13656082,8885175,264008,517,261582,0,217150,217150,261582,29.056517601013184,1273.890625,800.9140625,b5e325d9748809d1242642e6da89aded9d1b8b9a9d6fbcb32979efc602b0965c,5183,46,53971210,107855,8885175,17364,42311274,84837,0,0,0,0,0,0,0,0,0,0,482090,943,264008,517,9783399,19115,9301309,18172,2028663,4194,0,0,35038628,70859,33009965,66665,0,0,0,0,0,0,0,0,2510753,264008,746098,44822027,10047407,0,0,40803,217150,89970,103220,42504,0.4753396269859544,0.4724241413804601,538040,215940,553952460800,222104279040,2.4777342850564126,0.15125731679026821,15.125731679026822,0.4494356238471964,0.0,16.65482876621556,59.64822139454048,0.0,0.4494356238471964,17.104264390062756,0.0,1.0,217150,0,217150,0,c63e249fb4d4f8c79971670a5b2db60d5aa08fd194142da8fac40e7da5fabdb9,11656371,10153937,159412,0.8779441731907812,89970,0,0,76429,0.8494942758697344,15457.527911099847,0.17180757931643711,13542,0.15051683894631543,1,87574,0,0,74408,0.8496585744627401,15044.555083342215,0.17179248502229216,13167,0.15035284445154953,1,2396,0,0,2021,0.8434891485809682,412.97282775761704,0.17235927702738607,375,0.15651085141903173,0,,,
conversation_trace,0.02,1.0,"l1=0.02,l2x1",all,16,all16,label_binary_60,horizon,60.0,3,main,3714884076,3714884076,58742117,5183,4770907,8825271,13596178,8825271,338248,662,261582,0,217137,217137,261582,23.152618646621704,1260.84765625,820.7216796875,ed53250796ca5aba55ab5e79f30a9742bb93619f5d73fa1ebf5a2a2e80aefea5,5183,46,53971210,107855,8825271,17247,42296825,84809,0,0,0,0,0,0,0,0,0,0,484650,948,338248,662,9769063,19087,9284413,18139,2026216,4189,0,0,35038628,70859,33012412,66670,0,0,0,0,0,0,0,0,2510866,338248,822898,44807691,10107311,0,0,40818,217137,89946,103047,42396,0.4745713535694055,0.47134947635247815,536498,214262,552433981440,220402573312,2.4707811197538883,0.15023753740438056,15.023753740438057,0.575818539192246,0.0,16.63042378945927,59.64822139454048,0.0,0.575818539192246,17.20624232865152,0.0,1.0,217137,0,217137,0,79771095ad5aa0d7ab991c5dc28e23603ae74e6b815bc24b0a116163beff76d4,11652139,10151628,159119,0.8780523043880613,89946,0,0,76428,0.8497098258955373,15392.699277367825,0.17113267157369783,13519,0.15030129188624286,1,87512,0,0,74348,0.8495749154401682,15007.598778905744,0.17149189572750873,13165,0.15043651156412835,1,2434,0,0,2080,0.8545603944124898,385.1004984620761,0.15821713166067217,354,0.14543960558751026,0,,,
conversation_trace,0.02,1.0,"l1=0.02,l2x1",all,16,all16,label_binary_60,horizon,60.0,4,main,3714884076,3714884076,58742117,5183,4770907,8823949,13594856,8823949,325632,636,261582,0,217174,217174,261582,21.09436345100403,1274.9921875,968.765625,a4d05b9c5f1fa68bf14d0a271f0aa25c17280d5f63ef9409e93acb690cd87067,5183,47,53971210,107855,8823949,17245,42311199,84838,0,0,0,0,0,0,0,0,0,0,483114,945,325632,636,9783001,19115,9299887,18170,2027316,4191,0,0,35038628,70859,33011312,66668,0,0,0,0,0,0,0,0,2510430,325632,808746,44821629,10108633,0,0,40779,217174,89971,103537,42614,0.47674675605735495,0.47364150670771693,538974,217477,554989004800,223656669184,2.4817611684639966,0.15021503225700905,15.021503225700906,0.5543416148927693,0.0,16.654151228495902,59.64822139454048,0.0,0.5543416148927693,17.208492843388672,0.0,1.0,217174,0,217174,0,68eadd80a9e3a371c5f760f939f3d4a6aec9984d27c8069d461e2ae1e949f2cd,11656218,10159687,159048,0.8784333820798479,89971,0,0,76427,0.8494626046170433,15452.159181800864,0.17174599795268325,13544,0.15053739538295674,0,87555,0,0,74355,0.8492376220661298,15076.022977633862,0.17218917226467778,13200,0.15076237793387015,0,2416,0,0,2072,0.8576158940397351,376.1362041669927,0.15568551496978175,344,0.1423841059602649,0,,,
conversation_trace,0.02,1.0,"l1=0.02,l2x1",all,16,all16,label_binary_300,horizon,300.0,0,main,3714884076,3714884076,58742117,5183,4770907,13958550,18729457,13958550,424960,830,261345,237,192574,192811,261582,18.946510791778564,1275.171875,780.884765625,db8629fda7e534dfb7d34ab155e61c7b3bc5e7b571158d0e02cfc11d56ac679d,5183,63,53971210,107855,13958550,27278,37097518,74627,0,0,1024,2,37376,73,9728,19,8704,17,209308,410,387584,757,4539344,8869,4330036,8459,2279850,4708,0,0,35038628,70859,32758778,66151,0,0,0,0,0,0,0,0,2490182,424960,635292,39587700,4974032,237,150,65139,192574,79555,90653,37258,0.4707437141047078,0.4683300861039532,467539,186415,481436160000,191661801472,2.4278407261624104,0.2376242245406307,23.76242245406307,0.7234332395613186,0.016560519941765123,7.727579855523423,59.64822139454048,0.06362726082888705,0.6598059787324314,8.467573615026506,0.002138458129482233,0.9978615418705178,192811,237,192574,0,e3d366540dae7b1be41840175248f86ca6b443dacfb44536036d2763491e99bf,10451054,8752501,68157,0.8407362070849504,79705,0,0,75444,0.9465403676055455,1576.2909543903806,0.01977656300596425,4232,0.053095790728310645,3,77338,0,0,73193,0.9464040963045334,1523.0280163212715,0.019693139418155002,4122,0.05329850784866431,3,2367,0,0,2251,0.95099281791297,53.262938069110426,0.02250229745209566,110,0.04647232784114914,0,,,
conversation_trace,0.02,1.0,"l1=0.02,l2x1",all,16,all16,label_binary_300,horizon,300.0,1,main,3714884076,3714884076,58742117,5183,4770907,14072726,18843633,14072726,319488,624,261328,254,192550,192804,261582,19.47793674468994,1261.07421875,820.3896484375,bf11c136e77e9bb4458f9b27e348e497175927b20c177756b09cfc51e09cee83,5183,63,53971210,107855,14072726,27501,37088385,74610,0,0,1024,2,5632,11,11264,22,10240,20,209308,410,313856,613,4529104,8849,4319796,8439,2280279,4708,0,0,35038628,70859,32758349,66151,0,0,0,0,0,0,0,0,2490611,319488,529820,39578996,4859856,254,151,65149,192550,79533,90819,37247,0.4716645027265645,0.4683213257390014,468142,188876,481973311488,194225809408,2.43127499350818,0.23956790661800628,23.95679066180063,0.5438823391400756,0.019175338879938563,7.710147729268933,59.64822139454048,0.009587669439969282,0.5342946697001063,8.273205407288948,0.0024808561772966422,0.9975191438227033,192804,254,192550,0,67698542170c89f1be5e47cc880b21124a62aed4f8a81d76923b0b9b1c350a7d,10448057,8747625,67587,0.8404834027991999,79684,0,0,75438,0.9467145223633352,1562.1285670717475,0.019604043058477832,4222,0.05298428793735254,4,77316,0,0,73196,0.9467121941124735,1517.0399606291448,0.019621293918841442,4098,0.0530032593512339,4,2368,0,0,2242,0.9467905405405406,45.08860644260749,0.01904079663961465,124,0.052364864864864864,0,,,
conversation_trace,0.02,1.0,"l1=0.02,l2x1",all,16,all16,label_binary_300,horizon,300.0,2,main,3714884076,3714884076,58742117,5183,4770907,14107030,18877937,14107030,274944,537,261363,219,192602,192821,261582,18.94231390953064,1276.01953125,913.525390625,a92234b2762b9c141a9e5964e42a4e4e7daaac5cf710c919a1bfd98f8e2ec99e,5183,63,53971210,107855,14107030,27568,37098465,74630,0,0,1024,2,16896,33,8704,17,7680,15,207772,407,258048,504,4541904,8874,4334132,8467,2281975,4711,0,0,35038628,70859,32756653,66148,0,0,0,0,0,0,0,0,2490771,274944,483740,39589236,4825552,219,138,65130,192602,79570,90516,37204,0.4699639671446818,0.46756315194168657,468421,187550,482403735552,192894832640,2.4320671644115843,0.2401518828475317,24.01518828475317,0.4680525899330458,0.014817307316316163,7.731937887087045,59.64822139454048,0.028763008319907843,0.43928958161313797,8.214807784336408,0.001912711444272941,0.998087288555727,192821,219,192602,0,dac3d2c42afc7529cc6dc8f41c3bdd9446f140737d968d513bf51ca72cd7c4dd,10450283,8759552,67095,0.8414221413908121,79708,0,0,75450,0.9465800170622773,1566.0888621150805,0.019647825338925583,4242,0.05321925026346164,3,77340,0,0,73204,0.9465218515645203,1521.102584981811,0.019667734483861016,4123,0.05331005947763124,3,2368,0,0,2246,0.9484797297297297,44.98627713326994,0.0189975832488471,119,0.05025337837837838,0,,,
conversation_trace,0.02,1.0,"l1=0.02,l2x1",all,16,all16,label_binary_300,horizon,300.0,3,main,3714884076,3714884076,58742117,5183,4770907,14067606,18838513,14067606,320512,626,261365,217,192610,192827,261582,19.85062026977539,1260.84765625,823.671875,debddce8c075adeaa8f958488bc0625d1a717003f8627b7e259be9d144e7c25b,5183,63,53971210,107855,14067606,27491,37092816,74618,0,0,0,0,0,0,8704,17,8704,17,207772,407,320512,626,4535760,8862,4327988,8455,2282504,4713,0,0,35038628,70859,32756124,66146,0,0,0,0,0,0,0,0,2490276,320512,528284,39583092,4864976,217,138,65126,192610,79561,90702,37352,0.4709101292767769,0.4694762509269617,468049,187629,481921685504,192986638336,2.430034785317481,0.23948074598673386,23.948074598673383,0.5456255517655245,0.014817307316316163,7.721478611334351,59.64822139454048,0.0,0.5456255517655245,8.281921470416192,0.0019152973816053995,0.9980847026183945,192827,217,192610,0,bcc05a24d89bd32993e3fefa670ee3ab29b1d0ed09ac210475551db20e7db54e,10449844,8753574,67762,0.8409173380961477,79699,0,0,75447,0.9466492678703622,1558.7898750614413,0.01955846215211535,4236,0.05314997678766358,4,77330,0,0,73207,0.9466830466830467,1509.3717648608417,0.019518579656806437,4109,0.053135911030647874,4,2369,0,0,2240,0.9455466441536513,49.41811020060109,0.020860325116336467,127,0.05360911777121148,0,,,
conversation_trace,0.02,1.0,"l1=0.02,l2x1",all,16,all16,label_binary_300,horizon,300.0,4,main,3714884076,3714884076,58742117,5183,4770907,14116246,18887153,14116246,267776,523,261374,208,192607,192815,261582,19.178516626358032,1274.9921875,873.0361328125,adc85f61665932b647142ec836a56be381e7423a9727a583b77d80a322011e7b,5183,63,53971210,107855,14116246,27586,37097110,74626,0,0,1536,3,50688,99,8704,17,7168,14,205212,402,217088,424,4539856,8870,4334644,8468,2283330,4715,0,0,35038628,70859,32755298,66144,0,0,0,0,0,0,0,0,2490078,267776,474524,39587188,4816336,208,144,65136,192607,79555,90607,37259,0.47042423172574205,0.4683426560241343,468786,187743,482775826432,193090926592,2.4338990794727087,0.2403087719838221,24.03087719838221,0.4558501015549031,0.014817307316316163,7.728451461836148,59.64822139454048,0.08628902495972353,0.36956107659517956,8.199118870707366,0.0019135726471674551,0.9980864273528326,192815,208,192607,0,fd6f49b8dbdd8d165321ef9619b39f8542d510983fd681092b6a0787ddaf3cdd,10451852,8749941,67811,0.8404105320281994,79699,0,0,75435,0.9464987013638816,1556.9632672232838,0.019535543322040223,4248,0.053300543294144215,3,77335,0,0,73219,0.9467770091161828,1496.7760968544792,0.01935444619970879,4102,0.05304196030257968,3,2364,0,0,2216,0.937394247038917,60.18717036880743,0.02545988594281194,146,0.06175972927241963,0,,,
conversation_trace,0.02,1.0,"l1=0.02,l2x1",all,16,all16,label_binary_600,horizon,600.0,0,main,3714884076,3714884076,58742117,5183,4770907,12793485,17564392,12793485,1673014,3268,222528,39054,155449,194503,261582,18.955398559570312,1275.171875,876.619140625,4fd64229ae4e2c154445ceccdbbdbb4a44d9570926e45c946d57872358da9c94,5183,62,53971210,107855,12793485,25003,37012087,74463,0,0,18944,37,512,1,516608,1009,497664,972,242076,474,1672502,3267,3949475,7716,3707399,7242,2231604,4610,0,0,35038628,70859,32807024,66249,0,0,0,0,0,0,0,0,2492624,1673014,1934034,39504711,6139097,39054,13204,63449,155449,66295,63284,27467,0.407104580923647,0.4143148050380873,241445,106465,248778788864,109574029312,1.5532103776801394,0.217790669682538,21.7790669682538,2.848065554055534,0.8794507695390005,6.723412777241243,59.64822139454048,0.0008716063127244801,2.8471939477428094,10.450929100835777,0.11567362272487995,0.8843263772751201,194503,39054,155449,0,045ba550d48060a178e795d0f04cb3c40b14d5279da535228dc67aac0ee5b178,10528341,7196120,80804,0.6873373497305986,79499,0,0,74587,0.9382130592837645,7483.745985086154,0.09413635372880357,0,0.0,0,77302,0,0,72759,0.9412304985640734,6930.245137284983,0.08965156318445813,0,0.0,0,2197,0,0,1828,0.8320436959490214,553.5008478011717,0.25193484196685106,0,0.0,0,error_location_001,17564392,True
conversation_trace,0.02,1.0,"l1=0.02,l2x1",all,16,all16,label_binary_600,horizon,600.0,1,main,3714884076,3714884076,58742117,5183,4770907,12933002,17703909,12933002,1548345,3025,222441,39141,155311,194452,261582,19.311301469802856,1260.01171875,894.0107421875,a4e5a4c887a2762921d6168ad7119b4f57ada99cbd1634473a0fe10e0ccc3ad0,5183,61,53971210,107855,12933002,25275,36995925,74433,0,0,15360,30,0,0,511488,999,496128,969,240028,470,1548345,3025,3939747,7697,3699719,7227,2238550,4622,0,0,35038628,70859,32800078,66237,0,0,0,0,0,0,0,0,2493938,1548345,1803733,39489863,5999580,39141,13306,63502,155311,66164,63285,27527,0.4074727482277495,0.4160419563508857,241852,105608,249201356800,108673959936,1.557211015317653,0.2201657458140298,22.01657458140298,2.6358345239753618,0.8707347064117557,6.706852257299477,59.64822139454048,0.0,2.6358345239753618,10.213421487686595,0.11490923305554526,0.8850907669444548,194452,39141,155311,0,403ffd2691f370742014167596c9eca9b9744a17bd48d503d740fa1d03fb75db,10524144,7181950,80814,0.6862655052990533,79470,0,0,74609,0.9388322637473261,7419.027678290353,0.0933563316759828,0,0.0,0,77271,0,0,72743,0.9414010430821395,6944.646202971057,0.08987390098447098,0,0.0,0,2199,0,0,1866,0.8485675306957708,474.38147531929206,0.21572600059995092,0,0.0,0,error_location_001,17703909,True
conversation_trace,0.02,1.0,"l1=0.02,l2x1",all,16,all16,label_binary_600,horizon,600.0,2,main,3714884076,3714884076,58742117,5183,4770907,12767134,17538041,12767134,1698816,3318,222522,39060,155421,194481,261582,19.177709102630615,1279.57421875,816.833984375,9e73e96b38f96f48fa9dc8cca36203b38ac76617aad6e614a4799b2468026dad,5183,63,53971210,107855,12767134,24952,37012756,74465,0,0,16896,33,0,0,517632,1011,500736,978,243720,477,1698816,3318,3949000,7715,3705280,7238,2231888,4610,0,0,35038628,70859,32806740,66249,0,0,0,0,0,0,0,0,2492504,1698816,1959432,39505260,6165448,39060,13175,63472,155421,66326,63443,27669,0.40820095096544223,0.4171667219491602,240680,106406,248052570112,109478948864,1.5485680828202109,0.21734208183201842,21.73420818320184,2.891989745619825,0.8811939821644494,6.722604158103461,59.64822139454048,0.0,2.891989745619825,10.495787885887735,0.11588866062841084,0.8841113393715891,194481,39060,155421,0,29b4cdc7aa79c972bc05316f9cb601d96413831a740ef2ed699997ca57a81ff8,10527578,7200997,81011,0.6878602561766819,79501,0,0,74596,0.9383026628595866,7423.556604776591,0.09337689594818419,0,0.0,0,77287,0,0,72751,0.9413096639797119,6870.905700236227,0.08890118260815179,0,0.0,0,2214,0,0,1845,0.8333333333333334,552.6509045403672,0.24961648804894632,0,0.0,0,error_location_001,17538041,True
conversation_trace,0.02,1.0,"l1=0.02,l2x1",all,16,all16,label_binary_600,horizon,600.0,3,main,3714884076,3714884076,58742117,5183,4770907,12777482,17548389,12777482,1704353,3329,222243,39339,155091,194430,261582,19.039160013198853,1274.5234375,910.8251953125,a0ed20b6d0286ad1f22381f5f69904756d492bc7d8892df1e70900e98a9b0acf,5183,63,53971210,107855,12777482,24972,36997372,74434,0,0,14336,28,0,0,535040,1045,520704,1017,251292,492,1704353,3329,3915707,7650,3664415,7158,2226375,4600,0,0,35038628,70859,32812253,66259,0,0,0,0,0,0,0,0,2492003,1704353,1969981,39489375,6155100,39339,13315,63525,155091,66152,63085,27513,0.40676119181641746,0.41590579271979683,240733,106872,248119894016,109997299712,1.552204834580988,0.21751824163912922,21.75182416391292,2.901415691232238,0.9108285967970817,6.665927617147336,59.64822139454048,0.0,2.901415691232238,10.478171905176655,0.12021352820099637,0.8797864717990036,194430,39339,155091,0,184a4de197483d925816cc169565cf2b288d5e7b9a000ff6c4669384b9be73ab,10524560,7199571,80756,0.6879098983710483,79467,0,0,74592,0.9386537808146778,7310.076532077859,0.09198883224581096,0,0.0,0,77278,0,0,72768,0.9416392763787883,6774.406171364802,0.08766280404985638,0,0.0,0,2189,0,0,1824,0.8332571950662403,535.6703607130465,0.2447100779867732,0,0.0,0,error_location_001,17548389,True
conversation_trace,0.02,1.0,"l1=0.02,l2x1",all,16,all16,label_binary_600,horizon,600.0,4,main,3714884076,3714884076,58742117,5183,4770907,12918793,17689700,12918793,1561886,3051,222455,39127,155266,194393,261582,19.23709011077881,1261.07421875,793.9326171875,7d6c57349595ce07409060f3248bc234b514bd35a67c407fde4385e99f316f90,5183,63,53971210,107855,12918793,25248,36997298,74436,0,0,17408,34,0,0,507904,992,490496,958,242720,475,1561886,3051,3943999,7705,3701279,7230,2233105,4611,0,0,35038628,70859,32805523,66248,0,0,0,0,0,0,0,0,2493233,1561886,1822014,39490531,6013789,39127,13343,63561,155266,66127,63466,27503,0.4087565854726727,0.4159118060701378,244248,107365,251698188288,110491904000,1.5730939162469568,0.21992385803868797,21.9923858038688,2.6588861276484126,0.8646334622226843,6.714090675349682,59.64822139454048,0.0,2.6588861276484126,10.237610265220779,0.11408694214586436,0.8859130578541357,194393,39127,155266,0,f5ba50b59e9a3d0487a3b6e9ddc80cd8f44498383b7343655b21916133d76ba5,10523902,7199140,80552,0.6879022628678982,79470,0,0,74581,0.9384799295331572,7295.752837733017,0.0918051193876056,0,0.0,0,77279,0,0,72748,0.9413682889271342,6784.533047761749,0.08779271273905911,0,0.0,0,2191,0,0,1833,0.8366042902784117,511.21978997127815,0.2333271519722858,0,0.0,0,error_location_001,17689700,True
conversation_trace,0.02,1.0,"l1=0.02,l2x1",all,16,all16,evict_binary_learned,class_order,,0,main,3714884076,3714884076,58742117,5183,4770907,12823580,17594487,12823580,1480710,2893,261329,253,195112,195365,261582,97.56372213363647,1260.01171875,1005.5400390625,b467be32199dcba8733ab49aaffaa7e080c6b061e28a04e990c2691358d3bdcc,5183,48,53971210,107855,12823580,25057,37166678,74770,0,0,1536,3,21022,42,5120,10,3584,7,349650,688,1459688,2851,4623172,9036,4273522,8348,2149056,4444,0,0,35038628,70859,32889572,66415,0,0,0,0,0,0,0,0,2500242,1480710,1831896,39666920,6109002,253,248,62666,195112,79641,89239,36041,0.4573732010332527,0.4525432880049221,367826,146095,381814644736,151530971136,1.8852043954241666,0.21830299374467557,21.830299374467558,2.5206956705356736,0.008716063127244801,7.870284960959102,59.64822139454048,0.03578692950408988,2.484908741031584,10.39969669462202,0.001106239623601968,0.998893760376398,195365,253,195112,43324,9f2165a60b228cd79959476963f1124fde4a2b9145c3147c87184d0a2aba98f2,10610145,7291381,254,0.6872203914272613,79889,0,17717,22690,0.2840190764686002,7597.081039883174,0.09509545794644035,3226,0.04038102867728974,0,77506,0,17717,21956,0.28328129435140503,7419.637728228597,0.09572984966620128,3226,0.041622584058008415,0,2383,0,0,734,0.30801510700797313,177.44331165458323,0.074462153442964,0,0.0,0,,,
conversation_trace,0.02,1.0,"l1=0.02,l2x1",all,16,all16,evict_binary_learned,class_order,,1,main,3714884076,3714884076,58742117,5183,4770907,12880664,17651571,12880664,1441370,2816,261338,244,195071,195315,261582,103.99512529373169,1261.07421875,1006.513671875,2972fc2c355950c7af66d259c433a70b3e620c74f5f9530c0f057a5c4ff452b7,5183,52,53971210,107855,12880664,25170,37149815,74738,0,0,1024,2,15360,30,3072,6,2048,4,339181,666,1426010,2786,4607476,9004,4268295,8338,2159156,4463,0,0,35038628,70859,32879472,66396,0,0,0,0,0,0,0,0,2499361,1441370,1781575,39649176,6051918,244,235,62712,195071,79613,89375,36202,0.458166513730898,0.4547247308856594,370718,148643,384734224384,154152388608,1.9004259987389207,0.2192747666891202,21.927476668912018,2.45372498236657,0.005229637876346881,7.843564779934642,59.64822139454048,0.026148189381734403,2.4275767929848358,10.302519400177559,0.0006662982361315835,0.9993337017638684,195315,244,195071,43270,133a8c3f66592c0fd641b5b3f422e35e04c45c591b9e8534180163a4fc1596a2,10604856,7280284,216,0.6865149324045513,79848,0,17516,23304,0.29185452359483016,7454.087619124058,0.09335346682602016,3144,0.039374812143071834,0,77474,0,17516,22559,0.29118155768386816,7296.098271762896,0.09417479763227529,3144,0.04058135632599324,0,2374,0,0,745,0.3138163437236731,157.98934736115848,0.06654985145794376,0,0.0,0,,,
conversation_trace,0.02,1.0,"l1=0.02,l2x1",all,16,all16,evict_binary_learned,class_order,,2,main,3714884076,3714884076,58742117,5183,4770907,12932172,17703079,12932172,1415680,2765,261351,231,195044,195275,261582,95.0001471042633,1260.84765625,1006.427734375,95d4444107ab8c75af9a423fb9e1b5ab58a5ee19df7ce284b593847d0ed6458b,5183,52,53971210,107855,12932172,25271,37124665,74688,0,0,1536,3,16384,32,5120,10,3584,7,342103,672,1399296,2733,4579610,8950,4237507,8278,2155054,4456,0,0,35038628,70859,32883574,66403,0,0,0,0,0,0,0,0,2498693,1415680,1759319,39623358,6000410,231,225,62755,195044,79578,89243,36045,0.4575531674904124,0.4529518208550102,372143,148204,386284353536,153782026240,1.9079951190500606,0.22015161625856963,22.015161625856965,2.4099914546831873,0.008716063127244801,7.796126925422181,59.64822139454048,0.027891402007183364,2.3821000526760043,10.214834443232613,0.0011167506047248148,0.9988832493952752,195275,231,195044,43337,de413de4e5ede0db0013a449a0917334be60674f5f192843c1184d2ce57ff27b,10599914,7267509,255,0.685631647577518,79803,0,17574,23314,0.292144405598787,7385.812319397322,0.09255055974584066,3179,0.039835595153064424,0,77414,0,17574,22575,0.29161391996279745,7182.257208315178,0.09277723936646057,3179,0.04106492365721962,0,2389,0,0,739,0.30933444956048556,203.5551110821476,0.0852051532365624,0,0.0,0,,,
conversation_trace,0.02,1.0,"l1=0.02,l2x1",all,16,all16,evict_binary_learned,class_order,,3,main,3714884076,3714884076,58742117,5183,4770907,12880893,17651800,12880893,1448321,2829,261331,251,195109,195360,261582,98.70533776283264,1260.45703125,1005.7236328125,227b0a07209c124b4105bf3fc2590f44512f9e9101e083d02593aa8b7ed074cc,5183,54,53971210,107855,12880893,25171,37144200,74726,0,0,2048,4,31232,61,2560,5,512,1,338078,663,1417089,2768,4600808,8991,4262730,8328,2157670,4462,0,0,35038628,70859,32880958,66397,0,0,0,0,0,0,0,0,2497796,1448321,1788447,39641996,6051689,251,239,62671,195109,79602,89309,36129,0.45773900742661794,0.45387050576618676,370404,146983,384550318080,152473935872,1.8984465093870606,0.21927866508454233,21.927866508454233,2.4655580594754527,0.0043580315636224005,7.83221346959627,59.64822139454048,0.05316798507619329,2.4123900743992595,10.302129560635345,0.0005561145665521418,0.9994438854334479,195360,251,195109,43314,e081512883d083e44c665d786a52f25a6dbd23101bb6ed49894b14b4f82d19ce,10604555,7277327,239,0.6862566604633575,79841,0,17628,22861,0.2863315840232462,7384.538231323614,0.09249055286536509,3179,0.039816635563181824,0,77476,0,17628,22113,0.28541741958800143,7228.792802131736,0.09330363986436749,3179,0.0410320615416387,0,2365,0,0,748,0.31627906976744186,155.7454291918809,0.06585430409804689,0,0.0,0,,,
conversation_trace,0.02,1.0,"l1=0.02,l2x1",all,16,all16,evict_binary_learned,class_order,,4,main,3714884076,3714884076,58742117,5183,4770907,12915812,17686719,12915812,1439161,2811,261359,223,195061,195284,261582,96.64106607437134,1261.375,935.2109375,e98bdbd6b7b3692b498c8abe0ac04494b973ab32d573f1a905b29db50f5ec820,5183,51,53971210,107855,12915812,25239,37115774,74673,0,0,1024,2,19456,38,2048,4,1024,2,344874,676,1419705,2773,4575561,8942,4230687,8266,2154565,4454,0,0,35038628,70859,32884063,66405,0,0,0,0,0,0,0,0,2500463,1439161,1785059,39616237,6016770,223,215,62748,195061,79576,89365,36212,0.4581387360876854,0.4550618276867397,368903,146229,382948372480,151738781696,1.891218644424052,0.21987311080395688,21.98731108039569,2.449964477786866,0.0034864252508979205,7.789234085656123,59.64822139454048,0.03312103988353025,2.416843437903336,10.242684988693886,0.00044739513575755375,0.9995526048642425,195284,223,195061,43220,4349bec8407ccac2f91a3a7e5fc63f4e1a198f5edb9b7cf31fdb2f92db3dd6d3,10598275,7271998,242,0.6861606251960815,79791,0,17534,23268,0.2916118359213445,7329.289087676281,0.0918560876248735,3093,0.03876377035003948,0,77413,0,17534,22506,0.29072636378902766,7174.476878887567,0.0926779336660195,3093,0.039954529600971414,0,2378,0,0,762,0.32043734230445753,154.81220878871565,0.06510185399020843,0,0.0,0,,,
conversation_trace,0.02,1.0,"l1=0.02,l2x1",all,16,all16,evict_binary_recency,class_order,,0,main,3714884076,3714884076,58742117,5183,4770907,12412941,17183848,12412941,1509733,2949,261565,17,197112,197129,261582,57.49214506149292,1279.57421875,956.8740234375,982df5f16f2772410b76b3bbcd6f74711a6e547068b28f856c7c8cc58a4c7a45,5183,60,53971210,107855,12412941,24259,37553487,75524,0,0,0,0,0,0,0,0,0,0,285236,559,1509733,2949,5009908,9788,4724672,9229,2209813,4564,0,0,35038628,70859,32828815,66295,0,0,0,0,0,0,0,0,2495049,1509733,1794969,40048536,6519641,17,17,60826,197112,80547,93315,37983,0.473411055643492,0.47156318671086445,447404,180452,461778063360,186046515200,2.2697958521043873,0.2113124557632133,21.13124557632133,2.5701031510321632,0.0,8.528647341736084,59.64822139454048,0.0,2.5701031510321632,11.098750492768247,0.0,1.0,197129,17,197112,19565,057dd8c89b66b616f30b025f7f53b85a8ebaba8a674484b5fec30229ed070856,10647542,7652139,80115,0.7224387093284065,80564,0,6735,71713,0.8901370339109279,9654.037953046467,0.11983066820225494,3719,0.04616205749466263,0,78238,0,6735,69550,0.8889542166210793,9405.417832152905,0.12021546859777736,3719,0.047534446177049515,0,2326,0,0,2163,0.9299226139294927,248.62012089356853,0.10688741225002946,0,0.0,0,,,
conversation_trace,0.02,1.0,"l1=0.02,l2x1",all,16,all16,evict_binary_recency,class_order,,1,main,3714884076,3714884076,58742117,5183,4770907,12430349,17201256,12430349,1464808,2861,261569,13,197175,197188,261582,60.89487600326538,1274.5234375,955.130859375,74603838daa4215f19961df3f58d6361d0f28c874842abfe8062ecb312d9392d,5183,60,53971210,107855,12430349,24293,37581667,75578,0,0,0,0,0,0,0,0,0,0,283700,556,1464808,2861,5037425,9842,4753725,9286,2210686,4567,0,0,35038628,70859,32827942,66292,0,0,0,0,0,0,0,0,2494386,1464808,1748508,40076053,6502233,13,11,60764,197175,80608,93265,37831,0.47300621275516674,0.46932066296149266,448684,181869,463111196672,187489058816,2.27556231773805,0.21160880190953962,21.16088019095396,2.4936248041588285,0.0,8.575491073976785,59.64822139454048,0.0,2.4936248041588285,11.069115878135614,0.0,1.0,197188,13,197175,19580,614ecb3ce4b5b497db39071629dde8aae232c9d9560b0632786f39e42cb05eca,10655809,7649571,80370,0.7216491962271471,80619,0,6672,71751,0.8900011163621478,9804.104244152237,0.12161034302276433,3687,0.04573363599151565,0,78290,0,6672,69588,0.8888491505939455,9542.058076773816,0.12188093085673542,3687,0.04709413718227105,0,2329,0,0,2163,0.9287247745813654,262.04616737842963,0.11251445572281221,0,0.0,0,,,
conversation_trace,0.02,1.0,"l1=0.02,l2x1",all,16,all16,evict_binary_recency,class_order,,2,main,3714884076,3714884076,58742117,5183,4770907,12352013,17122920,12352013,1539536,3007,261564,18,197166,197184,261582,65.03198003768921,1261.07421875,946.302734375,0092f2239f7e305692098adb22b94c3956036fdbe5d83fbcd39920d71af47eaa,5183,60,53971210,107855,12352013,24140,37584157,75585,0,0,0,0,0,0,0,0,0,0,287665,564,1539536,3007,5041033,9849,4753368,9285,2207839,4559,0,0,35038628,70859,32830789,66300,0,0,0,0,0,0,0,0,2495504,1539536,1827201,40079661,6580569,18,18,60768,197166,80609,93253,37967,0.4729669415619326,0.47100199729558734,447121,180743,461529317376,186365603840,2.2677388596411148,0.21027524425107116,21.027524425107117,2.620838469270694,0.0,8.581633174711765,59.64822139454048,0.0,2.620838469270694,11.20247164398246,0.0,1.0,197184,18,197166,19616,df2f7f9d60587474af91d35db29fdd56c662c7bfd1f7dda35011699e6a1816a0,10656267,7655523,80468,0.7221813229717311,80627,0,6788,71635,0.8884740843637987,9861.962958621902,0.12231588622448933,3706,0.045964751261984196,0,78299,0,6788,69511,0.8877635729702806,9544.532842764072,0.12189852798585005,3706,0.047331383542573977,0,2328,0,0,2124,0.9123711340206185,317.4301158578355,0.13635314255061662,0,0.0,0,,,
conversation_trace,0.02,1.0,"l1=0.02,l2x1",all,16,all16,evict_binary_recency,class_order,,3,main,3714884076,3714884076,58742117,5183,4770907,12426253,17197160,12426253,1490024,2911,261566,16,197120,197136,261582,55.7797486782074,1260.84765625,933.56640625,f4d502e362f44ad7657dea4d506028e32ec3e746b72d5c28e3515d58b28ea838,5183,60,53971210,107855,12426253,24285,37559411,75536,0,0,0,0,0,0,0,0,0,0,291740,571,1490024,2911,5016305,9800,4724565,9229,2203782,4552,0,0,35038628,70859,32834846,66307,0,0,0,0,0,0,0,0,2495522,1490024,1781764,40054933,6506329,16,15,60817,197120,80562,93370,37939,0.47367086038961037,0.470929222213947,450924,181358,465420726272,186946799616,2.2875608766233766,0.21153907340452166,21.153907340452168,2.5365514150605093,0.0,8.5395373135769,59.64822139454048,0.0,2.5365514150605093,11.07608872863741,0.0,1.0,197136,16,197120,19361,2cbb0d0b80b8b9794f68f6906aa83e3e81c512ce2278020e16788bc3037096bd,10651015,7652539,80430,0.7222554845711887,80577,0,6764,71646,0.889161919654492,9702.245822268455,0.12040961840560525,3700,0.04591881057870112,0,78247,0,6764,69478,0.887931805692231,9480.108619291439,0.1211561928162286,3700,0.04728615793576751,0,2330,0,0,2168,0.9304721030042918,222.13720297701914,0.09533785535494384,0,0.0,0,,,
conversation_trace,0.02,1.0,"l1=0.02,l2x1",all,16,all16,evict_binary_recency,class_order,,4,main,3714884076,3714884076,58742117,5183,4770907,12355597,17126504,12355597,1532809,2994,261577,5,197142,197147,261582,98.30140972137451,1260.01171875,984.861328125,9eb031ddab4faddb988d9a667f8d10b3fb9e3cc68f0b3cb6e38932c51e35db46,5183,60,53971210,107855,12355597,24147,37587409,75591,0,0,0,0,0,0,0,0,0,0,286260,561,1532809,2994,5044176,9855,4757916,9294,2209135,4562,0,0,35038628,70859,32829493,66297,0,0,0,0,0,0,0,0,2495395,1532809,1819069,40082804,6576985,5,5,60807,197142,80627,93502,38107,0.4742875693662436,0.4726332370049735,449887,181322,464426639360,186996375552,2.282045429183025,0.21033625669296188,21.03362566929619,2.609386719923628,0.0,8.58698367986976,59.64822139454048,0.0,2.609386719923628,11.196370399793388,0.0,1.0,197147,5,197142,19726,ca8e5c6919c8a20332500707470140e922e3283a46cab52cdf726ac228d7ad0a,10659225,7645553,80411,0.7210428994603266,80632,0,6895,71603,0.8880221252108345,9905.599340411793,0.12284948085638199,3784,0.04692925885504514,0,78307,0,6895,69459,0.8870088242430434,9616.12745537817,0.1228003557201549,3784,0.04832262760672737,0,2325,0,0,2144,0.9221505376344086,289.4718850336387,0.12450403657360805,0,0.0,0,,,
conversation_trace,0.02,1.0,"l1=0.02,l2x1",leaf,16,leaf16,adm_label,leaf_location,,0,main,3714884076,3714884076,58742117,5183,4770907,6632960,11403867,6632960,0,0,261582,0,227472,227472,261582,78.06241703033447,1260.25,1005.70703125,255b2ad521750628639ee57cf955ab5249a7264fd39138fe47aef0250efd05ff,5183,25,53971210,107855,6632960,12955,44794111,89742,0,0,0,0,0,0,0,0,0,0,893372,1749,0,0,12299622,24041,11406250,22292,1650767,3409,0,0,35038628,70859,33387861,67450,0,0,0,0,0,0,0,0,2544139,0,893372,47338250,12299622,0,0,30567,227472,94884,0,0,0.0,0.0,0,0,0,0,0.0,0.11291659781345639,11.29165978134564,0.0,0.0,20.938336287743937,59.64822139454048,0.0,0.0,20.938336287743937,0.0,1.0,227472,0,227472,4615,196173f810e995e48fa27fcc7b8439cfbe4a651c9638682270def99ddc61ba21,11387114,5239371,355,0.4601296254696317,94884,0,2439,1084,0.011424476202520973,37115.62074291854,0.3911683818443419,18759,0.19770456557480715,0,4897,0,2439,56,0.01143557279967327,1375.417424211765,0.28086939436629876,719,0.1468245864815193,0,89987,0,0,1028,0.011423872337115362,35740.20331870675,0.3971707393146427,18040,0.20047340171358086,0,,,
conversation_trace,0.02,1.0,"l1=0.02,l2x1",leaf,16,leaf16,adm_label,leaf_location,,1,main,3714884076,3714884076,58742117,5183,4770907,6665216,11436123,6665216,0,0,261582,0,227496,227496,261582,78.72509241104126,1261.7578125,1006.6279296875,aa67dd4207633e2485cb89f399f0530dcfff888faee996c4eaa647f5e1747a0e,5183,25,53971210,107855,6665216,13018,44761642,89679,0,0,0,0,0,0,0,0,0,0,896883,1755,0,0,12267366,23978,11370483,22223,1647469,3403,0,0,35038628,70859,33391159,67456,0,0,0,0,0,0,0,0,2544352,0,896883,47305994,12267366,0,0,30543,227496,94821,0,0,0.0,0.0,0,0,0,0,0.0,0.11346570979047282,11.346570979047282,0.0,0.0,20.883425090042294,59.64822139454048,0.0,0.0,20.883425090042294,0.0,1.0,227496,0,227496,4546,5e12375ce9aa89a8e9c3f2e1c3632b10e73e784ef83aca11386a52596942ded7,11381208,5220581,332,0.4587164209633986,94821,0,2478,1115,0.011758998534080004,36776.346255405624,0.38785022574541106,18730,0.1975300829984919,2,4955,0,2478,54,0.01089808274470232,1436.9057489849981,0.2899910694217958,719,0.14510595358224015,0,89866,0,0,1061,0.011806467407028242,35339.4405064207,0.3932459495962956,18011,0.20042062626577348,2,,,
conversation_trace,0.02,1.0,"l1=0.02,l2x1",leaf,16,leaf16,adm_label,leaf_location,,2,main,3714884076,3714884076,58742117,5183,4770907,6685184,11456091,6685184,0,0,261582,0,227369,227369,261582,73.42404079437256,1261.375,1006.62109375,cadefa674cd4398ffe37e595e752c96e0606ea011c9fce717efe5019ae59eb63,5183,25,53971210,107855,6685184,13057,44742978,89640,0,0,0,0,0,0,0,0,0,0,892787,1747,0,0,12247398,23939,11354611,22192,1650261,3411,0,0,35038628,70859,33388367,67448,0,0,0,0,0,0,0,0,2543048,0,892787,47286026,12247398,0,0,30670,227369,94782,0,0,0.0,0.0,0,0,0,0,0.0,0.11380563625243537,11.380563625243537,0.0,0.0,20.84943244384604,59.64822139454048,0.0,0.0,20.84943244384604,0.0,1.0,227369,0,227369,4510,b9c263ff484ee4809bfa99047b9b897d98472dd0536006cc24777cd2881bac2f,11375574,5248373,369,0.4613883659848725,94782,0,2445,1133,0.011953746491949949,36692.69643887528,0.38712726508066175,18673,0.19700998079804183,5,4831,0,2445,46,0.00952183812875181,1345.5913855365397,0.27853268175047396,702,0.14531152970399502,0,89951,0,0,1087,0.012084357038832254,35347.10505333874,0.39295955635111046,17971,0.19978655045524785,5,,,
conversation_trace,0.02,1.0,"l1=0.02,l2x1",leaf,16,leaf16,adm_label,leaf_location,,3,main,3714884076,3714884076,58742117,5183,4770907,6657024,11427931,6657024,0,0,261582,0,227490,227490,261582,76.67764735221863,1260.54296875,1005.7080078125,e7a25e089a6a0999607b97654e72de1dcc8fda3e0a2b5deacdc4dab303f71359,5183,25,53971210,107855,6657024,13002,44770548,89695,0,0,0,0,0,0,0,0,0,0,892787,1747,0,0,12275558,23994,11382771,22247,1650851,3411,0,0,35038628,70859,33387777,67448,0,0,0,0,0,0,0,0,2543638,0,892787,47314186,12275558,0,0,30549,227490,94837,0,0,0.0,0.0,0,0,0,0,0.0,0.11332625278043691,11.332625278043691,0.0,0.0,20.897370791045887,59.64822139454048,0.0,0.0,20.897370791045887,0.0,1.0,227490,0,227490,4644,712cd0ed214e1225fdc709d2f42c0870ad76c30c9952114d7fad98d7ed09194c,11382849,5230771,314,0.4595447062506056,94837,0,2492,1207,0.012727100182418254,36890.35930373549,0.38898699140351856,18721,0.19740185792464965,2,4925,0,2492,51,0.010355329949238578,1549.704286182089,0.31466076876793686,771,0.1565482233502538,0,89912,0,0,1156,0.012857015748732093,35340.65501755331,0.39305826827957685,17950,0.19963964765548536,2,,,
conversation_trace,0.02,1.0,"l1=0.02,l2x1",leaf,16,leaf16,adm_label,leaf_location,,4,main,3714884076,3714884076,58742117,5183,4770907,6617600,11388507,6617600,0,0,261582,0,227319,227319,261582,73.10649418830872,1261.1796875,1006.6748046875,4e5cbdacc865df37595058b2c773dbec3b8a486528de08563e7ae7b74e30a19c,5183,25,53971210,107855,6617600,12925,44809890,89772,0,0,0,0,0,0,0,0,0,0,890739,1743,0,0,12314982,24071,11424243,22328,1652981,3415,0,0,35038628,70859,33385647,67444,0,0,0,0,0,0,0,0,2543720,0,890739,47353610,12314982,0,0,30720,227319,94914,0,0,0.0,0.0,0,0,0,0,0.0,0.11265511591963906,11.265511591963906,0.0,0.0,20.964484477125673,59.64822139454048,0.0,0.0,20.964484477125673,0.0,1.0,227319,0,227319,4643,8d76b8534b7f3dfa3b1775c7f8c6734ee04e67eacd440cfc84dfe2ae472844da,11393960,5253893,364,0.461128088917286,94914,0,2579,1102,0.01161051056746107,37037.41704117964,0.39022080031586104,18793,0.19800029500389826,3,5032,0,2579,41,0.00814785373608903,1332.3797288209598,0.2647813451551987,700,0.13910969793322733,0,89882,0,0,1061,0.011804365723949177,35705.03731235857,0.3972434671275513,18093,0.20129725640283927,3,,,
conversation_trace,0.02,1.0,"l1=0.02,l2x1",leaf,16,leaf16,evict_label,leaf_location,,0,main,3714884076,3714884076,58742117,5183,4770907,15465578,20236485,15465578,0,0,261580,2,188249,188251,261582,29.1419198513031,1274.9921875,1011.6435546875,d15f6fa820ee1a46db6d635c12b3bec3b9a1cd4513390a2edb2f62b423becc52,5183,58,53971210,107855,15465578,30220,36011679,72510,0,0,0,0,0,0,0,0,0,0,259855,510,0,0,3467004,6776,3207149,6266,2234098,4615,0,0,35038628,70859,32804530,66244,0,0,0,0,0,0,0,0,2493953,0,259855,38505632,3467004,2,2,69725,188249,77560,0,0,0.0,0.0,0,0,0,0,0.0,0.2632792073190008,26.32792073190008,0.0,0.0,5.902075337189499,59.64822139454048,0.0,0.0,5.902075337189499,0.0,1.0,188251,2,188249,366,a7c4678815719197032bcd5d267f7c932c2c357b70bb16e254292755678dd0c8,9202464,9202464,0,1.0,77562,0,127,77435,0.9983626002423868,36.34634106163097,0.0004686101578302645,64,0.000825146334545267,0,2117,0,127,1990,0.940009447331129,36.34634106163097,0.017168795966760023,64,0.030231459612659425,0,75445,0,0,75445,1.0,0.0,0.0,0,0.0,0,,,
conversation_trace,0.02,1.0,"l1=0.02,l2x1",leaf,16,leaf16,evict_label,leaf_location,,1,main,3714884076,3714884076,58742117,5183,4770907,15466162,20237069,15466162,0,0,261580,2,188273,188275,261582,29.156755208969116,1279.57421875,955.4404296875,9b4fc86e1f8b9a31d63ed835ad942bba79594ff3b3a740982406021ed799e5b1,5183,60,53971210,107855,15466162,30222,36011542,72510,0,0,0,0,0,0,0,0,0,0,266439,522,0,0,3466420,6774,3199981,6252,2227067,4601,0,0,35038628,70859,32811561,66258,0,0,0,0,0,0,0,0,2493506,0,266439,38505048,3466420,2,2,69702,188273,77556,0,0,0.0,0.0,0,0,0,0,0.0,0.2632891490785053,26.32891490785053,0.0,0.0,5.9010811612390475,59.64822139454048,0.0,0.0,5.9010811612390475,0.0,1.0,188275,2,188273,336,2925be71bfb2a8a910440ab76f98bc4f230c05416f02833bba0d48bba0fc2d9c,9203277,9203277,0,1.0,77558,0,101,77457,0.998697748781557,22.476712967466284,0.00028980521632154365,56,0.0007220402795327368,1,2102,0,101,2001,0.9519505233111323,22.476712967466284,0.010693012829432105,55,0.026165556612749764,0,75456,0,0,75456,1.0,0.0,0.0,1,1.325275657336726e-05,1,,,
conversation_trace,0.02,1.0,"l1=0.02,l2x1",leaf,16,leaf16,evict_label,leaf_location,,2,main,3714884076,3714884076,58742117,5183,4770907,15487775,20258682,15487775,0,0,261581,1,188215,188216,261582,29.402462005615234,1261.7578125,946.75,1f8fe218a3ba35c090974c5b324df407a517fe82c1a4ba0f8909638d29447a69,5183,59,53971210,107855,15487775,30263,35990303,72468,0,0,0,0,0,0,0,0,0,0,266687,523,0,0,3444807,6733,3178120,6210,2226445,4601,0,0,35038628,70859,32812183,66258,0,0,0,0,0,0,0,0,2493132,0,266687,38483435,3444807,1,1,69761,188215,77521,0,0,0.0,0.0,0,0,0,0,0.0,0.26365707929797627,26.365707929797626,0.0,0.0,5.86428813929195,59.64822139454048,0.0,0.0,5.86428813929195,0.0,1.0,188216,1,188215,339,308d969c16b81bae486d645850b0a991db4ee45362728a00bba38822f55b3b8b,9197890,9197890,0,1.0,77522,0,132,77390,0.9982972575526947,37.318533541149655,0.00048139281160379836,72,0.0009287686076210624,3,2101,0,132,1969,0.93717277486911,37.318533541149655,0.017762272032912734,69,0.03284150404569253,0,75421,0,0,75421,1.0,0.0,0.0,3,3.977672001166784e-05,3,,,
conversation_trace,0.02,1.0,"l1=0.02,l2x1",leaf,16,leaf16,evict_label,leaf_location,,3,main,3714884076,3714884076,58742117,5183,4770907,15486430,20257337,15486430,0,0,261581,1,188241,188242,261582,30.136070251464844,1276.01953125,960.033203125,69cf332e6a0e49f97107fe01116fc950de1be9318b4238d093f62b59a883359c,5183,59,53971210,107855,15486430,30261,35990993,72470,0,0,0,0,0,0,0,0,0,0,265984,521,0,0,3446152,6735,3180168,6214,2227803,4603,0,0,35038628,70859,32810825,66256,0,0,0,0,0,0,0,0,2493787,0,265984,38484780,3446152,1,1,69734,188241,77520,0,0,0.0,0.0,0,0,0,0,0.0,0.26363418260870647,26.363418260870645,0.0,0.0,5.866577808218931,59.64822139454048,0.0,0.0,5.866577808218931,0.0,1.0,188242,1,188241,322,0a4e3378911fc723f9ddc22ac6754db86d85d821462ac636eb53d7b7a181c7a8,9198060,9198060,0,1.0,77521,0,112,77409,0.9985552301956889,28.00690448429245,0.00036128151706366594,55,0.0007094851717599103,1,2099,0,112,1987,0.9466412577417818,28.00690448429245,0.013342974980606217,54,0.02572653644592663,0,75422,0,0,75422,1.0,0.0,0.0,1,1.3258730874280714e-05,1,,,
conversation_trace,0.02,1.0,"l1=0.02,l2x1",leaf,16,leaf16,evict_label,leaf_location,,4,main,3714884076,3714884076,58742117,5183,4770907,15469499,20240406,15469499,0,0,261582,0,188265,188265,261582,29.517926931381226,1261.1796875,928.314453125,5b5aafb8ac81566846d4fb516319bd47ec4ab7bb131e920ec762655cea2fee2f,5183,57,53971210,107855,15469499,30227,36007669,72502,0,0,0,0,0,0,0,0,0,0,268222,527,0,0,3463083,6769,3194861,6242,2225820,4599,0,0,35038628,70859,32812808,66260,0,0,0,0,0,0,0,0,2494042,0,268222,38501711,3463083,0,0,69712,188265,77558,0,0,0.0,0.0,0,0,0,0,0.0,0.2633459567008795,26.334595670087953,0.0,0.0,5.895400399001622,59.64822139454048,0.0,0.0,5.895400399001622,0.0,1.0,188265,0,188265,308,628ed5abe881bde24caef462c286a30c554621dc1dbf638c71dd6bba0b7da6e6,9200796,9200796,0,1.0,77558,0,114,77444,0.9985301322880941,29.44725898495655,0.0003796804840887665,61,0.000786508161633874,2,2115,0,114,2001,0.9460992907801419,29.44725898495655,0.013923053893596478,59,0.027895981087470448,0,75443,0,0,75443,1.0,0.0,0.0,2,2.651008045809419e-05,2,,,
conversation_trace,0.02,4.0,"l1=0.02,l2x4",all,16,all16,label_binary_6,horizon,6.0,0,main,3714884076,14859536302,58742117,5183,4770907,11656066,16426973,11656066,1048636,2049,261582,0,189708,189708,261582,41.30400109291077,1261.7578125,793.6298828125,eee40a52aae3cf51b70db41e7883000a411ac92e4d3733aa276ae9504febc87d,5183,57,53971210,107855,11656066,22779,38768564,77901,0,0,0,0,0,0,0,0,0,0,320792,628,1048636,2049,6227880,12168,5907088,11540,2177152,4498,0,0,35038628,70859,32861476,66361,0,0,0,0,0,0,0,0,2497944,1048636,1369428,41266508,7276516,0,0,57339,189708,83054,90667,39358,0.4779292386193518,0.47388446071230766,483142,203962,497416243200,209718360064,2.5467666097370696,0.19842774818619494,19.842774818619493,1.7851518698245077,0.0,10.602069380645577,59.64822139454048,0.0,1.7851518698245077,12.387221250470084,0.0,1.0,189708,0,189708,0,272d90c9e34b3b25fe257f7901661c7a355af8161308abd75a48bd952bce0214,11122530,9728254,43584,0.8766032548350061,83054,0,0,74535,0.897428179256869,13607.357963505656,0.1638374787909752,8521,0.10259590146169961,2,80630,0,0,72323,0.8969738310802431,13274.56053176828,0.1646355020683155,8309,0.10305097358303361,2,2424,0,0,2212,0.9125412541254125,332.79743173740775,0.13729266985866656,212,0.08745874587458746,0,,,
conversation_trace,0.02,4.0,"l1=0.02,l2x4",all,16,all16,label_binary_6,horizon,6.0,1,main,3714884076,14859536302,58742117,5183,4770907,11654530,16425437,11654530,1069684,2090,261582,0,189708,189708,261582,60.58872985839844,1275.171875,804.384765625,5905f76843e28682b68dcb434c1b6a7fae81a6c66e4780adc8c83f3489a61f5a,5183,57,53971210,107855,11654530,22776,38748432,77863,0,0,0,0,0,0,0,0,0,0,318744,624,1069684,2090,6208368,12130,5889624,11506,2179820,4502,0,0,35038628,70859,32858808,66357,0,0,0,0,0,0,0,0,2498564,1069684,1388428,41246996,7278052,0,0,57334,189708,83010,90583,39218,0.4774864528644021,0.47244910251776895,481317,202916,495453700096,208594745344,2.5371465620848883,0.1984015999968132,19.84015999968132,1.8209830605866657,0.0,10.568853008821593,59.64822139454048,0.0,1.8209830605866657,12.389836069408258,0.0,1.0,189708,0,189708,0,2404ea9a072b0686a52c739b44480c6c616b2392aebc93ad034eb5c931b42ed8,11116903,9717746,43910,0.876116396805837,83010,0,0,74534,0.8978918202626189,13541.014711405694,0.1631251019323659,8480,0.1021563667028069,4,80578,0,0,72363,0.8980490952865546,13116.124640185752,0.1627755049788497,8219,0.10200054605475439,4,2432,0,0,2171,0.8926809210526315,424.89007121995724,0.1747080884950482,261,0.10731907894736842,0,,,
conversation_trace,0.02,4.0,"l1=0.02,l2x4",all,16,all16,label_binary_6,horizon,6.0,2,main,3714884076,14859536302,58742117,5183,4770907,11661186,16432093,11661186,1065207,2082,261582,0,189644,189644,261582,32.95065498352051,1274.5234375,910.814453125,e4a17d5930497365ef43ba8753cad61c489d15f2e50e36c584d7c3900c0b2375,5183,57,53971210,107855,11661186,22789,38746704,77858,0,0,0,0,0,0,0,0,0,0,320280,627,1065207,2082,6206189,12125,5885909,11498,2177833,4499,0,0,35038628,70859,32860795,66360,0,0,0,0,0,0,0,0,2498113,1065207,1385487,41244817,7271396,0,0,57401,189644,83009,90657,39396,0.47803779713568584,0.4745991398523052,482405,203717,496628828160,209466017792,2.5437398494020376,0.19851490881746736,19.851490881746738,1.813361612418565,0.0,10.565143574924274,59.64822139454048,0.0,1.813361612418565,12.378505187342839,0.0,1.0,189644,0,189644,0,4779f5031d9b25a69996cdc2a16d31ab6a1a968bbd95aa1531b46a177fd847ee,11115454,9718152,43533,0.8762501738570463,83009,0,0,74536,0.8979267308364153,13456.321301123546,0.1621067751824928,8473,0.10207326916358467,0,80562,0,0,72322,0.8977185273453986,13076.105196646648,0.16231107962372643,8240,0.10228147265460143,0,2447,0,0,2214,0.9047813649366572,380.2161044769257,0.15538050857250743,233,0.09521863506334287,0,,,
conversation_trace,0.02,4.0,"l1=0.02,l2x4",all,16,all16,label_binary_6,horizon,6.0,3,main,3714884076,14859536302,58742117,5183,4770907,11692798,16463705,11692798,1039119,2031,261582,0,189679,189679,261582,33.44086194038391,1274.9921875,873.5009765625,7ce8d67cf3fe70bdfb00e7e1775cdbdce0fd5fe6f32dc1fcf59a290bbd50c8b9,5183,58,53971210,107855,11692798,22851,38741263,77848,0,0,0,0,0,0,0,0,0,0,318364,623,1039119,2031,6200665,12114,5882301,11491,2179666,4502,0,0,35038628,70859,32858962,66357,0,0,0,0,0,0,0,0,2498030,1039119,1357483,41239293,7239784,0,0,57365,189679,82995,90604,39313,0.47767016907512166,0.47367913729742755,483324,204503,497635870720,210300426240,2.548115500398041,0.19905305762133155,19.905305762133157,1.7689505470155256,0.0,10.555739759940895,59.64822139454048,0.0,1.7689505470155256,12.324690306956422,0.0,1.0,189679,0,189679,0,38488b78a1dcc1f4a1a5794215bec51648e64f65423c76435f86de92eccb7878,11115125,9716465,43550,0.8761250998076945,82995,0,0,74523,0.8979215615398518,13439.270292708974,0.16192867392865803,8473,0.10209048737875775,1,80567,0,0,72337,0.8978489952461927,13043.184168430009,0.16189238979271922,8231,0.10216341678354661,1,2428,0,0,2186,0.9003294892915981,396.0861242789994,0.16313267062561757,242,0.09967051070840198,0,,,
conversation_trace,0.02,4.0,"l1=0.02,l2x4",all,16,all16,label_binary_6,horizon,6.0,4,main,3714884076,14859536302,58742117,5183,4770907,11619202,16390109,11619202,1099356,2148,261582,0,189729,189729,261582,33.554540395736694,1260.01171875,869.3505859375,63fd49c16879cb0a3f571665c6276c535abfbf75f9c27f3842ce091fc51b88f8,5183,57,53971210,107855,11619202,22707,38753672,77874,0,0,0,0,0,0,0,0,0,0,322840,632,1099356,2148,6214024,12141,5891184,11509,2176140,4494,0,0,35038628,70859,32862488,66365,0,0,0,0,0,0,0,0,2498980,1099356,1422196,41252652,7313380,0,0,57313,189729,83020,90649,39259,0.4777814672506575,0.47288605155384245,484891,204346,499192721408,210118158336,2.555703134470745,0.1978001916410333,19.78001916410333,1.8714953701787764,0.0,10.578481534807471,59.64822139454048,0.0,1.8714953701787764,12.449976904986247,0.0,1.0,189729,0,189729,0,3322b761cf36fb544ab90241dc9779bbad32cbdd1d89ce2a2dd15832857d38bb,11118274,9721364,43712,0.8763248684103306,83020,0,0,74534,0.8977836665863648,13505.955142223283,0.16268315035200293,8486,0.10221633341363527,0,80601,0,0,72355,0.8976935770027668,13098.861499133824,0.162514875735212,8246,0.10230642299723329,0,2419,0,0,2179,0.9007854485324515,407.0936430894856,0.1682900550183901,240,0.09921455146754857,0,,,
conversation_trace,0.02,4.0,"l1=0.02,l2x4",all,16,all16,label_binary_15,horizon,15.0,0,main,3714884076,14859536302,58742117,5183,4770907,11841790,16612697,11841790,1091343,2133,261582,0,188764,188764,261582,32.63175296783447,1279.57421875,1046.498046875,0774686c8a478796a9e92366580184f5324900cbf48582c4d828a82e5c28606d,5183,58,53971210,107855,11841790,23142,38540586,77455,0,0,0,0,0,0,0,0,0,0,306517,600,1091343,2133,5999449,11721,5692932,11121,2190974,4525,0,0,35038628,70859,32847654,66334,0,0,0,0,0,0,0,0,2497491,1091343,1397860,41038077,7090792,0,0,58282,188764,82593,89941,38951,0.476473268207921,0.4716017095879796,478885,201239,492981325824,206904168448,2.5369509016549765,0.20158943199135979,20.15894319913598,1.8578543909134224,0.0,10.213198479040175,59.64822139454048,0.0,1.8578543909134224,12.071052869953597,0.0,1.0,188764,0,188764,0,1b2ffe73223fecb823b455bbc445043d2e4b8895135fa307d1ad2e538ad954f6,11061035,9753053,40842,0.8835948896283214,82593,0,0,74516,0.9022072088433645,11848.61926394669,0.1434579112509134,8077,0.09779279115663556,0,80182,0,0,72345,0.9022598588211818,11498.598970155448,0.14340623793563953,7837,0.09774014117881819,0,2411,0,0,2171,0.9004562422231439,350.02029379124446,0.14517639725891515,240,0.09954375777685608,0,,,
conversation_trace,0.02,4.0,"l1=0.02,l2x4",all,16,all16,label_binary_15,horizon,15.0,1,main,3714884076,14859536302,58742117,5183,4770907,11788674,16559581,11788674,1110704,2171,261582,0,188783,188783,261582,34.65100121498108,1260.84765625,806.35546875,df2abdea8e3f2698f64e3bb99777c697f9c54162cd7d4deab86cba83bc50049d,5183,57,53971210,107855,11788674,23038,38574121,77520,0,0,0,0,0,0,0,0,0,0,312088,611,1110704,2171,6033204,11787,5721116,11176,2185623,4515,0,0,35038628,70859,32853005,66344,0,0,0,0,0,0,0,0,2497711,1110704,1422792,41071832,7143908,0,0,58250,188783,82656,89940,39037,0.4764200166328536,0.4722827138985676,478350,203333,492422785024,209083942912,2.5338616294899436,0.20068520853615132,20.068520853615134,1.8908137069693964,0.0,10.270661508505048,59.64822139454048,0.0,1.8908137069693964,12.161475215474445,0.0,1.0,188783,0,188783,0,9db04e36ab2318943703fb837fbfc9e109c8fab4ade0ea39a698958406b86956,11069092,9757409,40624,0.8833354172139865,82656,0,0,74525,0.9016284359272164,12091.212979756128,0.14628354843878397,8135,0.09841995741385985,4,80243,0,0,72346,0.9015864312151839,11755.977242236371,0.14650470747898722,7901,0.09846341736973942,4,2413,0,0,2179,0.90302527973477,335.2357375197478,0.13892902508070773,234,0.09697472026523,0,,,
conversation_trace,0.02,4.0,"l1=0.02,l2x4",all,16,all16,label_binary_15,horizon,15.0,2,main,3714884076,14859536302,58742117,5183,4770907,11895038,16665945,11895038,1044656,2042,261582,0,188739,188739,261582,32.88692879676819,1274.5234375,815.072265625,92ec8be545ed428d286880f227c6a8c469a6f719fb1f9adebb2b6b55d8dd3ac6,5183,58,53971210,107855,11895038,23246,38534909,77442,0,0,0,0,0,0,0,0,0,0,306588,600,1044656,2042,5992888,11708,5686300,11108,2190019,4525,0,0,35038628,70859,32848609,66334,0,0,0,0,0,0,0,0,2496607,1044656,1351244,41031516,7037544,0,0,58299,188739,82583,89989,38940,0.476790700385188,0.47152561665233766,480051,204365,494210027520,210178703360,2.5434647847026848,0.20249590255659325,20.249590255659324,1.7783764926279384,0.0,10.202029320802312,59.64822139454048,0.0,1.7783764926279384,11.980405813430252,0.0,1.0,188739,0,188739,0,288a25f8f91ac1b973ec204d39c4cae44e61edcdc1d52a81ad3274e2143d52d3,11059348,9748559,40779,0.8833204724184464,82583,0,0,74527,0.9024496567090079,11813.767502327784,0.14305326159533782,8058,0.09757456135039899,2,80162,0,0,72324,0.9022229984281829,11512.736804868744,0.14361838283561718,7840,0.09780195104912552,2,2421,0,0,2203,0.9099545642296571,301.0306974590428,0.12434146941720067,218,0.09004543577034284,0,,,
conversation_trace,0.02,4.0,"l1=0.02,l2x4",all,16,all16,label_binary_15,horizon,15.0,3,main,3714884076,14859536302,58742117,5183,4770907,11870462,16641369,11870462,1039607,2032,261582,0,188788,188788,261582,32.62356209754944,1274.9921875,1102.6923828125,43786d9f0700d7e74fafd189bc594faf0e62e9f37b8c34e4e872376e594a7950,5183,58,53971210,107855,11870462,23198,38563614,77500,0,0,0,0,0,0,0,0,0,0,309660,606,1039607,2032,6022513,11766,5712853,11160,2187867,4519,0,0,35038628,70859,32850761,66340,0,0,0,0,0,0,0,0,2497527,1039607,1349267,41061141,7062120,0,0,58249,188788,82637,89891,38999,0.47614784838019364,0.47193145927369096,476797,202834,490851284992,208595367936,2.525568362395915,0.2020775315264855,20.20775315264855,1.769781296782341,0.0,10.252461619658686,59.64822139454048,0.0,1.769781296782341,12.022242916441026,0.0,1.0,188788,0,188788,0,de3101982f75c10547a3dcefe07ff20acb49a14f40ed7b563e2a06b5dce1c819,11067092,9758185,40479,0.8835586168435213,82637,0,0,74509,0.9016421215678208,12001.376352920226,0.14523005860474394,8128,0.09835787843217929,0,80220,0,0,72319,0.9015083520319123,11651.629127270447,0.145245937762035,7901,0.09849164796808776,0,2417,0,0,2190,0.9060819197352089,349.7472256497886,0.14470303088530767,227,0.09391808026479107,0,,,
conversation_trace,0.02,4.0,"l1=0.02,l2x4",all,16,all16,label_binary_15,horizon,15.0,4,main,3714884076,14859536302,58742117,5183,4770907,11882750,16653657,11882750,1037000,2027,261582,0,188801,188801,261582,33.42253494262695,1260.01171875,864.4365234375,aee1a9559fe22eb30db63a5364bc0b7baf339a3dbcddbad41f2e54d743360da2,5183,58,53971210,107855,11882750,23222,38553914,77481,0,0,0,0,0,0,0,0,0,0,308124,603,1037000,2027,6012832,11747,5704708,11144,2189422,4522,0,0,35038628,70859,32849206,66337,0,0,0,0,0,0,0,0,2497546,1037000,1345124,41051460,7049832,0,0,58241,188801,82615,90044,39006,0.47692544001355924,0.47214186285783455,478254,202303,492196730880,207963531264,2.5331115830954287,0.2022867170415394,20.22867170415394,1.7653432544829804,0.0,10.23598111045266,59.64822139454048,0.0,1.7653432544829804,12.00132436493564,0.0,1.0,188801,0,188801,0,5757840e7d49b681ce96f40c5de705c659ba06b916c917614ec602ac588c5f06,11063844,9753933,40200,0.8834210786052298,82615,0,0,74528,0.9021122072262906,11939.994514916805,0.14452574611047395,8090,0.09792410579192641,3,80204,0,0,72355,0.902137050521171,11580.94577793782,0.14439361849705526,7852,0.09790035409705251,3,2411,0,0,2173,0.901285773537951,359.0487369789844,0.14892108543300886,238,0.09871422646204894,0,,,
conversation_trace,0.02,4.0,"l1=0.02,l2x4",all,16,all16,label_binary_60,horizon,60.0,0,main,3714884076,14859536302,58742117,5183,4770907,12946482,17717389,12946482,798696,1560,261582,0,185078,185078,261582,32.766440868377686,1273.890625,784.162109375,b1a563516cae546d9b5c3b81215ac7487cd22008cab632013870bd65eaa01ad5,5183,61,53971210,107855,12946482,25301,37732897,75872,0,0,0,0,0,0,0,0,0,0,259352,508,798696,1560,5187404,10135,4928052,9627,2233783,4614,0,0,35038628,70859,32804845,66245,0,0,0,0,0,0,0,0,2493135,798696,1058048,40226032,5986100,0,0,61958,185078,81002,88011,38103,0.4755346394493133,0.47039579269647663,466414,197697,480274806784,203289853952,2.520094230540637,0.2203952234135518,22.03952234135518,1.35966499130428,0.0,8.830808736430116,59.64822139454048,0.0,1.35966499130428,10.190473727734396,0.0,1.0,185078,0,185078,0,4e31de6acfb317fbbc5037532ea44fd80e5194d8d2c2ae68ffac38a9da35f576,10847636,9865648,28676,0.9107962324694523,81002,0,0,74512,0.9198785215179872,7400.825640239871,0.09136596183106431,6492,0.08014616923038938,2,78590,0,0,72277,0.9196717139585189,7205.031708226596,0.0916787340402926,6315,0.08035373457182848,2,2412,0,0,2235,0.9266169154228856,195.79393201327852,0.0811749303537639,177,0.07338308457711443,0,,,
conversation_trace,0.02,4.0,"l1=0.02,l2x4",all,16,all16,label_binary_60,horizon,60.0,1,main,3714884076,14859536302,58742117,5183,4770907,12898106,17669013,12898106,845404,1652,261582,0,185028,185028,261582,32.58769369125366,1279.57421875,816.826171875,ab44e7b6b179a43087a52db269ade1aba6e2983527cc7d83d4a911f61f111464,5183,61,53971210,107855,12898106,25206,37734285,75875,0,0,0,0,0,0,0,0,0,0,258972,507,845404,1652,5189072,10138,4930100,9631,2234443,4615,0,0,35038628,70859,32804185,66244,0,0,0,0,0,0,0,0,2493415,845404,1104376,40227700,6034476,0,0,62010,185028,81015,88140,38240,0.4763603346520527,0.47201135592174287,467715,198809,481419851776,204379879424,2.527806602243985,0.21957169163651355,21.957169163651354,1.4391786390674344,0.0,8.833648266370789,59.64822139454048,0.0,1.4391786390674344,10.272826905438222,0.0,1.0,185028,0,185028,0,41ce12eca30b3f05b9b47cc1101f9a81b35e67144b0c26f244164bcfdf5cfb68,10848809,9868976,28400,0.9109917964266862,81015,0,0,74522,0.9198543479602542,7384.3227247767445,0.09114759889868228,6495,0.0801703388261433,2,78587,0,0,72286,0.9198213444971814,7169.971329006647,0.09123609921496745,6303,0.08020410500464453,2,2428,0,0,2236,0.9209225700164745,214.3513957700969,0.08828311193167088,192,0.07907742998352553,0,,,
conversation_trace,0.02,4.0,"l1=0.02,l2x4",all,16,all16,label_binary_60,horizon,60.0,2,main,3714884076,14859536302,58742117,5183,4770907,12874554,17645461,12874554,879708,1719,261582,0,185080,185080,261582,48.14416527748108,1260.84765625,806.78515625,8834501004aca29f28c399ceafe0cc1d87a02d8f2e35bd23a7346edc0bc36210,5183,61,53971210,107855,12874554,25160,37723465,75854,0,0,0,0,0,0,0,0,0,0,260508,510,879708,1719,5178320,10117,4917812,9607,2232975,4612,0,0,35038628,70859,32805653,66247,0,0,0,0,0,0,0,0,2493483,879708,1140216,40216948,6058028,0,0,61964,185080,80987,87794,37942,0.474357034795764,0.46849494363292876,465866,196996,479552090112,202620370944,2.517106116274044,0.2191707527326603,21.91707527326603,1.4975762620199746,0.0,8.815344533803573,59.64822139454048,0.0,1.4975762620199746,10.31292079582355,0.0,1.0,185080,0,185080,0,41067c3602b01526c39fa558302c341b161ba1054850147cfd889500ab148673,10844844,9861919,28634,0.9106849300921249,80987,0,0,74503,0.9199377677898922,7373.073551018052,0.09104021078713932,6485,0.08007457987084347,1,78564,0,0,72263,0.9197978717987882,7163.744387925043,0.09118354956373204,6302,0.08021485667735859,1,2423,0,0,2240,0.9244737928188197,209.329163093011,0.08639255596079695,183,0.07552620718118036,0,,,
conversation_trace,0.02,4.0,"l1=0.02,l2x4",all,16,all16,label_binary_60,horizon,60.0,3,main,3714884076,14859536302,58742117,5183,4770907,12949422,17720329,12949422,787944,1539,261582,0,185113,185113,261582,35.26483416557312,1261.07421875,801.693359375,5961e27af0f675fd0171d8df7da160b37ce701956791ec7340ab94ac16aee6c6,5183,62,53971210,107855,12949422,25307,37740844,75888,0,0,0,0,0,0,0,0,0,0,256924,503,787944,1539,5195216,10150,4938292,9647,2236076,4618,0,0,35038628,70859,32802552,66241,0,0,0,0,0,0,0,0,2493000,787944,1044868,40233844,5983160,0,0,61923,185113,81019,88019,38215,0.4754879452010394,0.47167948259050346,468829,196856,482818467840,202469986304,2.5326638323618544,0.22044527268229028,22.04452726822903,1.341361258737066,0.0,8.844107542123481,59.64822139454048,0.0,1.341361258737066,10.185468800860548,0.0,1.0,185113,0,185113,0,17a2e8be5e1dd81d4c8805fd6ed714f792cb68c40772de15041b0fbf73bd258e,10850019,9870175,28209,0.9109919070187803,81019,0,0,74538,0.9200064182475716,7408.747204018441,0.09144456490475618,6483,0.08001826732001135,2,78603,0,0,72335,0.9202574965332112,7154.162578566224,0.09101640622579575,6270,0.07976794778825236,2,2416,0,0,2203,0.9118377483443708,254.58462545222204,0.10537443106466145,213,0.08816225165562915,0,,,
conversation_trace,0.02,4.0,"l1=0.02,l2x4",all,16,all16,label_binary_60,horizon,60.0,4,main,3714884076,14859536302,58742117,5183,4770907,12930945,17701852,12930945,812636,1588,261582,0,185077,185077,261582,32.68136215209961,1276.01953125,832.4306640625,1fc7dd79822863bc86b18ad73f60ce3ad5ac0de43a57246d0417fdcecce10322,5183,60,53971210,107855,12930945,25270,37733864,75874,0,0,0,0,0,0,0,0,0,0,256853,503,812636,1588,5189001,10138,4932148,9635,2236912,4620,0,0,35038628,70859,32801716,66239,0,0,0,0,0,0,0,0,2493765,812636,1069489,40227629,6001637,0,0,61960,185077,81012,88092,38211,0.47597486451585014,0.47167086357576654,468075,198967,481910173696,204578580480,2.5290824899906523,0.22013072834947367,22.01307283494737,1.3833958350530677,0.0,8.83352739908914,59.64822139454048,0.0,1.3833958350530677,10.21692323414221,0.0,1.0,185077,0,185077,0,5f921a5173c9edd4634b6b49cd6a5f6607b569ff416fba60a61453c6e73fa619,10848347,9865244,28402,0.910686669591229,81012,0,0,74506,0.9196909099886437,7428.19981564197,0.0916925864765957,6507,0.08032143386165012,1,78580,0,0,72279,0.919814202087045,7192.247592883865,0.09152771179541697,6302,0.08019852379740391,1,2432,0,0,2227,0.9157072368421053,235.95222275810497,0.09701982843672079,205,0.08429276315789473,0,,,
conversation_trace,0.02,4.0,"l1=0.02,l2x4",all,16,all16,label_binary_300,horizon,300.0,0,main,3714884076,14859536302,58742117,5183,4770907,15951786,20722693,15951786,495616,968,261582,0,172961,172961,261582,41.84961915016174,1276.01953125,832.435546875,2692e79b73a2877ab936e74109c4b82eb2ac0b82c2de0a97f592725fae229e73,5183,65,53971210,107855,15951786,31172,35040552,70597,0,0,0,0,0,0,0,0,0,0,109119,215,495616,968,2485180,4856,2376061,4641,2374137,4903,0,0,35038628,70859,32664491,65956,0,0,0,0,0,0,0,0,2483256,495616,604735,37523808,2980796,0,0,74085,172961,75720,81723,35418,0.472493799180162,0.4677496038034865,430880,181687,443457996800,186779392000,2.491197437572632,0.2715561987662106,27.155619876621063,0.8437149107172968,0.0,4.2306612817512175,59.64822139454048,0.0,0.8437149107172968,5.074376192468515,0.0,1.0,172961,0,172961,0,3f4901c507be588263a3e5c8fd2608c2ff39070dcdc5ec65b6982282fbfdab40,10142244,9754390,9946,0.9622488869327143,75720,0,0,74097,0.9785657686212361,732.2491066911053,0.0096704847687679,1623,0.021434231378763866,0,73310,0,0,71738,0.9785568135315782,709.915070542537,0.009683741243248356,1572,0.02144318646842177,0,2410,0,0,2359,0.9788381742738589,22.33403614856829,0.009267234916418378,51,0.02116182572614108,0,,,
conversation_trace,0.02,4.0,"l1=0.02,l2x4",all,16,all16,label_binary_300,horizon,300.0,1,main,3714884076,14859536302,58742117,5183,4770907,15982506,20753413,15982506,484864,947,261582,0,172925,172925,261582,31.762377977371216,1273.890625,781.740234375,e12228736c39fdda7c6661370dfeec2885d60c7d3f837c2a5158bbceb303cfdf,5183,65,53971210,107855,15982506,31232,35020174,70558,0,0,0,0,0,0,0,0,0,0,110143,217,484864,947,2465212,4817,2355069,4600,2373523,4901,0,0,35038628,70859,32665105,65958,0,0,0,0,0,0,0,0,2483666,484864,595007,37503840,2950076,0,0,74116,172925,75669,81746,35460,0.4727251698713315,0.4686199103992388,432265,181499,445064937472,186627885056,2.4997253144426774,0.2720791625538453,27.207916255384532,0.8254111781500827,0.0,4.196668635554963,59.64822139454048,0.0,0.8254111781500827,5.022079813705045,0.0,1.0,172925,0,172925,0,333ca23331e3308fd2ea4e530cbeedb9df4c1232f8a27e950d9fefe49dd208a5,10134042,9747057,10081,0.9623107443209729,75669,0,0,74078,0.978974216654112,706.2183493391043,0.009332994348268172,1592,0.021038998797393915,1,73260,0,0,71717,0.978938028938029,684.1501000306567,0.009338658204076668,1544,0.021075621075621075,1,2409,0,0,2361,0.9800747198007472,22.06824930844845,0.009160751062037547,48,0.019925280199252802,0,,,
conversation_trace,0.02,4.0,"l1=0.02,l2x4",all,16,all16,label_binary_300,horizon,300.0,2,main,3714884076,14859536302,58742117,5183,4770907,15931818,20702725,15931818,523776,1023,261582,0,172911,172911,261582,30.373439073562622,1279.57421875,816.826171875,5b645f3f364c210058edf03bf06190451393a450255e89ddc093762ee720e340,5183,65,53971210,107855,15931818,31133,35031927,70581,0,0,0,0,0,0,0,0,0,0,111679,220,523776,1023,2476988,4840,2365309,4620,2372010,4898,0,0,35038628,70859,32666618,65961,0,0,0,0,0,0,0,0,2483689,523776,635455,37515616,3000764,0,0,74128,172911,75703,81691,35374,0.4724453620648773,0.46727342377448716,432909,181794,445616523264,186870913024,2.503652167878273,0.27121627230424805,27.121627230424806,0.8916532579171431,0.0,4.216715580747626,59.64822139454048,0.0,0.8916532579171431,5.108368838664769,0.0,1.0,172911,0,172911,0,75c2eabd974c666d78e01d5a26dbab6e87c5251254ebac36872debf1970b1cfc,10139545,9754863,9941,0.9625514261241506,75703,0,0,74104,0.9788779836994571,722.482421702032,0.00954364320703317,1599,0.02112201630054291,0,73286,0,0,71733,0.97880904947739,700.8966510232151,0.009563854638310387,1553,0.02119095052261005,0,2417,0,0,2371,0.9809681423251966,21.585770678817404,0.008930811203482584,46,0.019031857674803476,0,,,
conversation_trace,0.02,4.0,"l1=0.02,l2x4",all,16,all16,label_binary_300,horizon,300.0,3,main,3714884076,14859536302,58742117,5183,4770907,15890858,20661765,15890858,567808,1109,261582,0,172920,172920,261582,33.67453169822693,1261.07421875,794.7919921875,133c9fdcdb2e71826de7ee53b7e417ffa9c29f403d1c8b9405f99bb3a127bdf9,5183,65,53971210,107855,15890858,31053,35029042,70575,0,0,0,0,0,0,0,0,0,0,110655,218,567808,1109,2473916,4834,2363261,4616,2372847,4900,0,0,35038628,70859,32665781,65959,0,0,0,0,0,0,0,0,2483502,567808,678463,37512544,3041724,0,0,74118,172920,75686,81674,35387,0.472322461253759,0.46755014137356976,432280,180036,445104676864,185101932544,2.4998843395789963,0.2705189872540685,27.05189872540685,0.9666114008114485,0.0,4.211485942871279,59.64822139454048,0.0,0.9666114008114485,5.178097343682728,0.0,1.0,172920,0,172920,0,4c15f699c4b8828fe45f7d13608825bf294f7af8c1b758c77acdd97977ee3542,10137779,9750475,10018,0.9622900637309217,75686,0,0,74067,0.978608989773538,719.9405932970624,0.009512202960878662,1620,0.021404222709616044,1,73285,0,0,71721,0.9786586613904619,695.5938914965769,0.009491627092809946,1565,0.021354983966705328,1,2401,0,0,2346,0.9770928779675135,24.34670180048564,0.010140233986041499,55,0.022907122032486463,0,,,
conversation_trace,0.02,4.0,"l1=0.02,l2x4",all,16,all16,label_binary_300,horizon,300.0,4,main,3714884076,14859536302,58742117,5183,4770907,15853994,20624901,15853994,591360,1155,261582,0,172950,172950,261582,31.327772617340088,1260.84765625,806.95703125,69ea9303a5db27d400b797218dc935c10873492235bb4ec7c0d0f52a5655bc7b,5183,65,53971210,107855,15853994,30981,35041832,70601,0,0,0,0,0,0,0,0,0,0,112703,222,591360,1155,2487228,4860,2374525,4638,2371321,4896,0,0,35038628,70859,32667307,65963,0,0,0,0,0,0,0,0,2484024,591360,704063,37525856,3078588,0,0,74089,172950,75718,81890,35451,0.47348944781728824,0.46819778652368,432739,182238,445494757376,187365353472,2.502104654524429,0.26989143070890687,26.989143070890687,1.0067052911967744,0.0,4.234147707002116,59.64822139454048,0.0,1.0067052911967744,5.24085299819889,0.0,1.0,172950,0,172950,0,e181267e8780d5a587db2f1f6327a6ae3084fc4b5b9a055f691eebc33cbacdfc,10141773,9755723,9774,0.9624165320994662,75718,0,0,74119,0.9788821680445865,729.5153153830511,0.009634635296535184,1601,0.02114424575398188,2,73316,0,0,71764,0.9788313601396694,708.1089926573013,0.009658314592412315,1554,0.021195919035408368,2,2402,0,0,2355,0.9804329725228976,21.406322725749924,0.00891187457358448,47,0.019567027477102414,0,,,
conversation_trace,0.02,4.0,"l1=0.02,l2x4",all,16,all16,label_binary_600,horizon,600.0,0,main,3714884076,14859536302,58742117,5183,4770907,17455462,22226369,17455462,77824,152,261582,0,168135,168135,261582,30.180630683898926,1274.5234375,815.0751953125,99f1b376331137fb107924f7a58e391af47b1ebfc6365cb69891474b0020d773,5183,69,53971210,107855,17455462,34111,33957409,68478,0,0,0,0,0,0,0,0,0,0,48128,94,77824,152,1399296,2733,1351168,2639,2432387,5020,0,0,35038628,70859,32606241,65839,0,0,0,0,0,0,0,0,2480515,77824,125952,36437924,1477120,0,0,78909,168135,73574,78827,34216,0.46883159365985666,0.4650555902900481,412836,172656,424997134336,177536497664,2.455384066375234,0.29715411856879453,29.715411856879452,0.132484159534121,0.0,2.3821000526760043,59.64822139454048,0.0,0.132484159534121,2.514584212210125,0.0,1.0,168135,0,168135,0,d0d27cb19d5a179ebdce8754494a4626e0fb1b9a11a732fa8a03fc0f4a4cb01a,9857437,9529787,5463,0.967038237221298,73574,0,0,73574,1.0,0.0,0.0,0,0.0,0,71199,0,0,71199,1.0,0.0,0.0,0,0.0,0,2375,0,0,2375,1.0,0.0,0.0,0,0.0,0,error_location_001,22226369,True
conversation_trace,0.02,4.0,"l1=0.02,l2x4",all,16,all16,label_binary_600,horizon,600.0,1,main,3714884076,14859536302,58742117,5183,4770907,17470310,22241217,17470310,65024,127,261582,0,168123,168123,261582,33.407262086868286,1261.7578125,793.6298828125,d3898e0e9da8ca2f6ccaaaef163b0567f75037b9b54d0e065d469996d2aa5683,5183,69,53971210,107855,17470310,34140,33955408,68474,0,0,0,0,0,0,0,0,0,0,47104,92,65024,127,1397248,2729,1350144,2637,2433364,5022,0,0,35038628,70859,32605264,65837,0,0,0,0,0,0,0,0,2480468,65024,112128,36435876,1462272,0,0,78918,168123,73571,78929,34242,0.4694717557978385,0.4654279539492463,412097,173745,424139890688,178550898688,2.451163731315763,0.2974068843994846,29.74068843994846,0.11069400171600897,0.0,2.378613627425106,59.64822139454048,0.0,0.11069400171600897,2.4893076291411154,0.0,1.0,168123,0,168123,0,ce1b9bdf9aedf61da2955e55a029b2c033c487070ca27c213fe7fcf6e83ecb1d,9856566,9527832,5461,0.9669252455672696,73571,0,0,73571,1.0,0.0,0.0,0,0.0,0,71181,0,0,71181,1.0,0.0,0.0,0,0.0,0,2390,0,0,2390,1.0,0.0,0.0,0,0.0,0,error_location_001,22241217,True
conversation_trace,0.02,4.0,"l1=0.02,l2x4",all,16,all16,label_binary_600,horizon,600.0,2,main,3714884076,14859536302,58742117,5183,4770907,17401702,22172609,17401702,133632,261,261582,0,168131,168131,261582,30.476701974868774,1274.9921875,873.0361328125,c2c1acbe85965e706c9b570697abf604cafa0df6eddd56f66757ba0ba1ef8b95,5183,69,53971210,107855,17401702,34006,33954975,68474,0,0,0,0,0,0,0,0,0,0,48128,94,133632,261,1397248,2729,1349120,2635,2432773,5020,0,0,35038628,70859,32605855,65839,0,0,0,0,0,0,0,0,2480901,133632,181760,36435876,1530880,0,0,78912,168131,73570,79017,34341,0.46997281881390107,0.4667799374745141,413992,173953,426095572992,178823403520,2.4623180734070456,0.2962389319404338,29.623893194043383,0.22748924762108932,0.0,2.378613627425106,59.64822139454048,0.0,0.22748924762108932,2.6061028750461954,0.0,1.0,168131,0,168131,0,f7c0c8b05dc2f081ae356dc469bec2b158b1ad9e8dcc61e158f4e0bc8537e884,9856297,9529700,5537,0.9671450139946067,73570,0,0,73569,0.9999864075030583,0.0,0.0,0,0.0,0,71209,0,0,71208,0.9999859568312994,0.0,0.0,0,0.0,0,2361,0,0,2361,1.0,0.0,0.0,0,0.0,0,error_location_001,22172609,True
conversation_trace,0.02,4.0,"l1=0.02,l2x4",all,16,all16,label_binary_600,horizon,600.0,3,main,3714884076,14859536302,58742117,5183,4770907,17471846,22242753,17471846,65024,127,261582,0,168117,168117,261582,33.151017904281616,1260.01171875,871.3193359375,0202e3487d593ed0e38ea53eb6760301d98f94c658a7a2690ec79822cff7dae3,5183,69,53971210,107855,17471846,34143,33953904,68471,0,0,0,0,0,0,0,0,0,0,47616,93,65024,127,1395712,2726,1348096,2633,2432820,5021,0,0,35038628,70859,32605808,65838,0,0,0,0,0,0,0,0,2480436,65024,112640,36434340,1460736,0,0,78920,168117,73565,79061,34333,0.470273678450127,0.4667029157887582,415598,176616,427720759296,181523554304,2.4720759946941713,0.29743303258886633,29.743303258886634,0.11069400171600897,0.0,2.375998808486933,59.64822139454048,0.0,0.11069400171600897,2.4866928102029418,0.0,1.0,168117,0,168117,0,1d57fa9f97893791907f86315e58dd335ca9eeaa86d34b0fd14c8f0bb644d119,9855740,9530674,5435,0.9672933234845886,73565,0,0,73564,0.9999864065792157,0.0,0.0,0,0.0,0,71182,0,0,71181,0.9999859515045939,0.0,0.0,0,0.0,0,2383,0,0,2383,1.0,0.0,0.0,0,0.0,0,error_location_001,22242753,True
conversation_trace,0.02,4.0,"l1=0.02,l2x4",all,16,all16,label_binary_600,horizon,600.0,4,main,3714884076,14859536302,58742117,5183,4770907,17455974,22226881,17455974,71168,139,261582,0,168140,168140,261582,30.18884778022766,1273.890625,785.158203125,2c094c909a143d40d3d8992c4c84871b375ca62c9bd716b49f3f1f2aec87fc14,5183,69,53971210,107855,17455974,34112,33963565,68490,0,0,0,0,0,0,0,0,0,0,48640,95,71168,139,1405440,2745,1356800,2650,2431863,5019,0,0,35038628,70859,32606765,65840,0,0,0,0,0,0,0,0,2480503,71168,119808,36444068,1476608,0,0,78895,168140,73580,79044,34328,0.4701082431307244,0.46653982060342486,410781,174182,422767427584,179087675392,2.443089092422981,0.2971628346319218,29.716283463192177,0.12115327746870273,0.0,2.392559328428698,59.64822139454048,0.0,0.12115327746870273,2.5137126058974006,0.0,1.0,168140,0,168140,0,d6e123abefb5777b9b50c4a1c5f3b22df04dda1bd1db85ec80e4ec6c07e867c3,9858627,9528332,5409,0.9667711842632853,73580,0,0,73578,0.9999728187007338,0.0,0.0,0,0.0,0,71206,0,0,71204,0.9999719124792854,0.0,0.0,0,0.0,0,2374,0,0,2374,1.0,0.0,0.0,0,0.0,0,error_location_001,22226881,True
conversation_trace,0.02,4.0,"l1=0.02,l2x4",all,16,all16,evict_binary_learned,class_order,,0,main,3714884076,14859536302,58742117,5183,4770907,17644902,22415809,17644902,58368,114,261567,15,168092,168107,261582,109.56688213348389,977.64453125,828.3740234375,333dbd306a54c70faad9aca3fbc3d03c6f034ee0076f244dd6cdb5e779cd0196,5183,69,53971210,107855,17644902,34481,33787909,68146,0,0,0,0,0,0,0,0,0,0,47104,92,58368,114,1229312,2401,1182208,2309,2432927,5022,0,0,35038628,70859,32605701,65837,0,0,0,0,0,0,0,0,2480031,58368,105472,36267940,1287680,15,15,79252,168092,73254,74178,32167,0.44129405325654997,0.4391159527124799,335117,142291,350869704704,148921272320,1.9936522856530947,0.3003790619258751,30.03790619258751,0.09936311965059073,0.0,2.092726756851477,59.64822139454048,0.0,0.09936311965059073,2.1920898765020675,0.0,1.0,168107,15,168092,9,0d4a70fc9fd6036e2a8d6b8d3954d5fce30b91d6d6914e4273afd719956e5771,9843870,7111955,14,0.7224762212422553,73269,0,8,4852,0.06622173088209202,0.0,0.0,0,0.0,0,70859,0,8,4697,0.06628656910201951,0.0,0.0,0,0.0,0,2410,0,0,155,0.06431535269709543,0.0,0.0,0,0.0,0,,,
conversation_trace,0.02,4.0,"l1=0.02,l2x4",all,16,all16,evict_binary_learned,class_order,,1,main,3714884076,14859536302,58742117,5183,4770907,17655654,22426561,17655654,46080,90,261566,16,168100,168116,261582,100.15550208091736,976.73046875,827.1904296875,87a5025276bb414e1aa9ca3bad868e671ad6ab99a3462e4fbc60d24fabb2f44a,5183,69,53971210,107855,17655654,34502,33789281,68149,0,0,0,0,0,0,0,0,0,0,46592,91,46080,90,1230848,2404,1184256,2313,2433603,5023,0,0,35038628,70859,32605025,65836,0,0,0,0,0,0,0,0,2480195,46080,92672,36269476,1276928,16,16,79248,168100,73258,74241,32103,0.4416478286734087,0.4382183515793497,337129,142573,352991651840,149237434368,2.0055264723378943,0.30056209925154725,30.05620992515472,0.07844456814520322,0.0,2.09534157578965,59.64822139454048,0.0,0.07844456814520322,2.1737861439348536,0.0,1.0,168116,16,168100,14,051b617667ff08fbf34995ce5681aa41711fb0a6ad3bd1922a0883281b59f0c3,9844393,7107109,22,0.7219459848870317,73274,0,11,4923,0.06718617790757977,0.0,0.0,0,0.0,0,70866,0,11,4763,0.06721135664493551,0.0,0.0,0,0.0,0,2408,0,0,160,0.0664451827242525,0.0,0.0,0,0.0,0,,,
conversation_trace,0.02,4.0,"l1=0.02,l2x4",all,16,all16,evict_binary_learned,class_order,,2,main,3714884076,14859536302,58742117,5183,4770907,17650022,22420929,17650022,48640,95,261562,20,168103,168123,261582,101.58047151565552,972.171875,821.7919921875,29ff4043e13cd33a7197007fcf35b7cdba1641ebbcd439925f61a52a8a939b05,5183,69,53971210,107855,17650022,34491,33792517,68155,0,0,0,0,0,0,0,0,0,0,46592,91,48640,95,1233920,2410,1187328,2319,2433439,5023,0,0,35038628,70859,32605189,65836,0,0,0,0,0,0,0,0,2480031,48640,95232,36272548,1282560,20,20,79241,168103,73260,74185,32140,0.4413068178438219,0.4387114387114387,334888,140813,350647984128,147375587328,1.9921595688357734,0.30046622255714756,30.046622255714755,0.08280259970882561,0.0,2.1005712136659973,59.64822139454048,0.0,0.08280259970882561,2.1833738133748226,0.0,1.0,168123,20,168103,7,2df6a4287ca117293f4f548b1eed1fb09654e2ec60df5c5b02a6bded49ed7381,9844512,7108248,22,0.7220529570180828,73280,0,7,4921,0.06715338427947598,0.0,0.0,0,0.0,0,70865,0,7,4758,0.06714174839483525,0.0,0.0,0,0.0,0,2415,0,0,163,0.06749482401656315,0.0,0.0,0,0.0,0,,,
conversation_trace,0.02,4.0,"l1=0.02,l2x4",all,16,all16,evict_binary_learned,class_order,,3,main,3714884076,14859536302,58742117,5183,4770907,17667430,22438337,17667430,36864,72,261568,14,168091,168105,261582,93.42114305496216,977.8828125,827.0771484375,e8b13a3304d8db80370eb8d2a195eac96df5f43383af98d09b013c275d3d7d6f,5183,69,53971210,107855,17667430,34525,33786721,68144,0,0,0,0,0,0,0,0,0,0,46080,90,36864,72,1228288,2399,1182208,2309,2434115,5024,0,0,35038628,70859,32604513,65835,0,0,0,0,0,0,0,0,2480195,36864,82944,36266916,1265152,14,14,79258,168091,73253,74146,32067,0.44110630551308516,0.43775681542052886,336029,140393,351839510528,146936895488,1.9990897787507957,0.30076256870347384,30.076256870347386,0.06275565451616257,0.0,2.090983544226028,59.64822139454048,0.0,0.06275565451616257,2.1537391987421906,0.0,1.0,168105,14,168091,13,38fcf7fc55914a18a4e8d03eed215eb3b7a29bb1daebe8c1b914889c711c3d97,9843442,7110913,24,0.722402285704533,73267,0,13,4903,0.06691962274966902,0.0,0.0,0,0.0,0,70848,0,13,4715,0.06655092592592593,0.0,0.0,0,0.0,0,2419,0,0,188,0.07771806531624638,0.0,0.0,0,0.0,0,,,
conversation_trace,0.02,4.0,"l1=0.02,l2x4",all,16,all16,evict_binary_learned,class_order,,4,main,3714884076,14859536302,58742117,5183,4770907,17657702,22428609,17657702,47616,93,261570,12,168089,168101,261582,99.64333033561707,977.6640625,827.130859375,d3a488479c12b9f4f7e1bc5256e16aadfff43b35c1a382d23fac9b511d012c1e,5183,69,53971210,107855,17657702,34506,33785861,68142,0,0,0,0,0,0,0,0,0,0,46080,90,47616,93,1227264,2397,1181184,2307,2433951,5024,0,0,35038628,70859,32604677,65835,0,0,0,0,0,0,0,0,2480031,47616,93696,36265892,1274880,12,12,79265,168089,73257,74071,32100,0.4406653618023785,0.4381833817928662,334248,140429,349956945920,146942523392,1.98851798749472,0.30059696350405624,30.05969635040562,0.08105938708337665,0.0,2.0892403316005788,59.64822139454048,0.0,0.08105938708337665,2.1702997186839554,0.0,1.0,168101,12,168089,16,78f9deb5abfbca651f2265201b8e461cee71b4e44673c4df5eb2dbf017470b7a,9844158,7108724,21,0.7221272251014257,73269,0,15,4909,0.06699968608825015,0.0,0.0,0,0.0,0,70852,0,15,4726,0.06670242194998025,0.0,0.0,0,0.0,0,2417,0,0,183,0.07571369466280513,0.0,0.0,0,0.0,0,,,
conversation_trace,0.02,4.0,"l1=0.02,l2x4",all,16,all16,evict_binary_recency,class_order,,0,main,3714884076,14859536302,58742117,5183,4770907,17457510,22228417,17457510,78848,154,261577,5,168115,168120,261582,61.10804843902588,1275.171875,994.416015625,62b751966f069d5356d2649a87fff987a2a68a63cf360ca07473584a306fc195,5183,69,53971210,107855,17457510,34115,33954372,68472,0,0,0,0,0,0,0,0,0,0,47616,93,78848,154,1396224,2727,1348608,2634,2432864,5021,0,0,35038628,70859,32605764,65838,0,0,0,0,0,0,0,0,2480480,78848,126464,36434852,1475072,5,5,78915,168115,73554,78844,34233,0.46898849002171134,0.465413165837344,413036,172856,425173796864,177713160192,2.4568658358861493,0.2971889828213035,29.71889828213035,0.13422737215956995,0.0,2.376870414799657,59.64822139454048,0.0,0.13422737215956995,2.511097786959227,0.0,1.0,168120,5,168115,5,ff0ced15b325c0caf71a484140786af40cfa5f9845a3c125d088a8fd5176e1f0,9855297,9527008,5403,0.966963197557618,73559,0,5,73554,0.9999320273521934,0.0,0.0,0,0.0,0,71190,0,5,71185,0.999929765416491,0.0,0.0,0,0.0,0,2369,0,0,2369,1.0,0.0,0.0,0,0.0,0,,,
conversation_trace,0.02,4.0,"l1=0.02,l2x4",all,16,all16,evict_binary_recency,class_order,,1,main,3714884076,14859536302,58742117,5183,4770907,17468774,22239681,17468774,68608,134,261578,4,168112,168116,261582,61.352550983428955,1260.84765625,959.79296875,731b259190cb9d03539712ad66ad351d65df10044209e2f6fc519bd1b6651303,5183,69,53971210,107855,17468774,34137,33953325,68470,0,0,0,0,0,0,0,0,0,0,47616,93,68608,134,1395200,2725,1347584,2632,2432887,5021,0,0,35038628,70859,32605741,65838,0,0,0,0,0,0,0,0,2480503,68608,116224,36433828,1463808,4,4,78922,168112,73560,79078,34391,0.4703887884267631,0.4675231103860794,412237,173885,424332480512,178743488512,2.4521568954030646,0.29738073621010286,29.738073621010287,0.11679524590508034,0.0,2.3751272021742085,59.64822139454048,0.0,0.11679524590508034,2.4919224480792885,0.0,1.0,168116,4,168112,4,4bd3d401097f130df15165e08e96d6feb4cea50d2b8cecf829e345ddcd0ee4b9,9856127,9527701,5585,0.9669613124912048,73564,0,4,73560,0.9999456255777283,0.0,0.0,0,0.0,0,71184,0,4,71180,0.9999438075972129,0.0,0.0,0,0.0,0,2380,0,0,2380,1.0,0.0,0.0,0,0.0,0,,,
conversation_trace,0.02,4.0,"l1=0.02,l2x4",all,16,all16,evict_binary_recency,class_order,,2,main,3714884076,14859536302,58742117,5183,4770907,17398118,22169025,17398118,137728,269,261573,9,168120,168129,261582,61.97453761100769,1274.9921875,1012.5771484375,ca1883035024daa11bae86fa6e4511bc096d8e5946e72f371f88edb110e542a1,5183,69,53971210,107855,17398118,33999,33954428,68473,0,0,0,0,0,0,0,0,0,0,48640,95,137728,269,1396736,2728,1348096,2633,2432296,5019,0,0,35038628,70859,32606332,65840,0,0,0,0,0,0,0,0,2480936,137728,186368,36435364,1534464,9,9,78913,168120,73559,79124,34448,0.4706400190340233,0.4683043543278185,413995,173956,426070937600,178798768128,2.4624970259338568,0.2961779194985431,29.61779194985431,0.23446209812288515,0.0,2.3777420211123816,59.64822139454048,0.0,0.23446209812288515,2.6122041192352667,0.0,1.0,168129,9,168120,9,21ef8119393586c7592eebbae003dad6933a076a0966850d2fc8b3de3d703496,9856127,9528842,5459,0.9670706860818656,73568,0,9,73559,0.9998776642018269,0.0,0.0,0,0.0,0,71196,0,9,71187,0.9998735884038429,0.0,0.0,0,0.0,0,2372,0,0,2372,1.0,0.0,0.0,0,0.0,0,,,
conversation_trace,0.02,4.0,"l1=0.02,l2x4",all,16,all16,evict_binary_recency,class_order,,3,main,3714884076,14859536302,58742117,5183,4770907,17471334,22242241,17471334,67584,132,261577,5,168112,168117,261582,78.59293389320374,1261.1796875,920.970703125,034200cb362094536df8cc57a5c5d1797840a624bd22e119b84864b042173271,5183,69,53971210,107855,17471334,34142,33951856,68467,0,0,0,0,0,0,0,0,0,0,47616,93,67584,132,1393664,2722,1346048,2629,2432820,5021,0,0,35038628,70859,32605808,65838,0,0,0,0,0,0,0,0,2480436,67584,115200,36432292,1461248,5,5,78924,168112,73560,79100,34372,0.4705196535642905,0.46726481783578033,414704,175722,426864293888,180667088896,2.466831636052156,0.2974243165257391,29.74243165257391,0.11505203327963137,0.0,2.372512383236035,59.64822139454048,0.0,0.11505203327963137,2.4875644165156663,0.0,1.0,168117,5,168112,5,42de3513d831bea324edd39c8d735b629612d268bec9ff57aa25fff6bd5ca028,9855702,9529868,5428,0.967214917821176,73565,0,5,73559,0.9999184394752939,0.0,0.0,0,0.0,0,71180,0,5,71174,0.999915706659174,0.0,0.0,0,0.0,0,2385,0,0,2385,1.0,0.0,0.0,0,0.0,0,,,
conversation_trace,0.02,4.0,"l1=0.02,l2x4",all,16,all16,evict_binary_recency,class_order,,4,main,3714884076,14859536302,58742117,5183,4770907,17455974,22226881,17455974,71168,139,261580,2,168137,168139,261582,77.41582179069519,1275.171875,923.775390625,b885da02d44c25170451caab9ee59279c9ed3cea8131359f9fb5eb6a990dc0e7,5183,69,53971210,107855,17455974,34112,33963565,68490,0,0,0,0,0,0,0,0,0,0,48640,95,71168,139,1405440,2745,1356800,2650,2431863,5019,0,0,35038628,70859,32606765,65840,0,0,0,0,0,0,0,0,2480503,71168,119808,36444068,1476608,2,2,78895,168137,73577,79058,34342,0.4701998965129626,0.4667491199695557,411001,174402,423001309184,179321556992,2.4444411402606208,0.2971628346319218,29.716283463192177,0.12115327746870273,0.0,2.392559328428698,59.64822139454048,0.0,0.12115327746870273,2.5137126058974006,0.0,1.0,168139,2,168137,2,35e7ec71d956e955ef67951b5ea0c9bcd5653186eac6d472557c87a6fd69b9f4,9858467,9528173,5411,0.9667708478407444,73579,0,2,73575,0.9999456366626347,0.0,0.0,0,0.0,0,71203,0,2,71199,0.9999438225917447,0.0,0.0,0,0.0,0,2376,0,0,2376,1.0,0.0,0.0,0,0.0,0,,,
conversation_trace,0.02,4.0,"l1=0.02,l2x4",leaf,16,leaf16,adm_label,leaf_location,,0,main,3714884076,14859536302,58742117,5183,4770907,13136212,17907119,13136212,0,0,261582,0,187692,187692,261582,108.0931441783905,988.34765625,837.9248046875,1abde55ea7d0ffe2fa9060b6c31ccdcf23cfc13b1e710469631a31cedad4e0c6,5183,36,53971210,107855,13136212,25662,38319654,77046,0,0,0,0,0,0,0,0,0,0,528240,1040,0,0,5796370,11334,5268130,10294,1987104,4107,0,0,35038628,70859,33051524,66752,0,0,0,0,0,0,0,0,2515344,0,528240,40834998,5796370,0,0,59697,187692,82198,0,0,0.0,0.0,0,0,0,0,0.0,0.22362510360326304,22.362510360326304,0.0,0.0,9.86748570876327,59.64822139454048,0.0,0.0,9.86748570876327,0.0,1.0,187692,0,187692,26,f4cbe4c1f89847894509ac38d1f1a1ab2feeb29f666d38886e534c8580bb9540,9852434,4780892,262,0.485263133962633,82198,0,26,2306,0.028054210564733936,13175.22115255718,0.16028639568550548,7784,0.09469816783863354,1,2102,0,26,68,0.03235014272121789,292.0205144908148,0.1389250782544314,186,0.08848715509039011,0,80096,0,0,2238,0.02794147023571714,12883.200638066382,0.16084699158592666,7598,0.0948611666000799,1,,,
conversation_trace,0.02,4.0,"l1=0.02,l2x4",leaf,16,leaf16,adm_label,leaf_location,,1,main,3714884076,14859536302,58742117,5183,4770907,13067009,17837916,13067009,0,0,261582,0,187786,187786,261582,107.83881068229675,980.2890625,830.349609375,43667c27c055b67fc344be99fdf8409fee8053b440f8bd2fd766084edce9cb88,5183,37,53971210,107855,13067009,25527,38389458,77182,0,0,0,0,0,0,0,0,0,0,534495,1052,0,0,5865573,11469,5331078,10417,1980248,4094,0,0,35038628,70859,33058380,66765,0,0,0,0,0,0,0,0,2514743,0,534495,40904201,5865573,0,0,59605,187786,82334,0,0,0.0,0.0,0,0,0,0,0.0,0.222447022125539,22.2447022125539,0.0,0.0,9.985293856535678,59.64822139454048,0.0,0.0,9.985293856535678,0.0,1.0,187786,0,187786,23,49b69dae7c435bdcc2fc0d972e979ca5e07742996ad68d64e3869886aff9a795,9868401,4806169,256,0.4870390856634221,82334,0,22,2396,0.029100978939441784,13672.203854952775,0.1660578115353654,7926,0.09626642699249399,0,2123,0,22,73,0.03438530381535563,298.4456634136404,0.14057732614867657,193,0.09090909090909091,0,80211,0,0,2323,0.028961115059031803,13373.758191539131,0.1667322211609272,7733,0.09640822331101719,0,,,
conversation_trace,0.02,4.0,"l1=0.02,l2x4",leaf,16,leaf16,adm_label,leaf_location,,2,main,3714884076,14859536302,58742117,5183,4770907,13165196,17936103,13165196,0,0,261582,0,187564,187564,261582,111.2139835357666,987.71484375,839.0947265625,51c13721cdf2fabd641f700b11e9774c2e761e76fdac3fa3712fac7c5abc5fa5,5183,38,53971210,107855,13165196,25719,38291683,76991,0,0,0,0,0,0,0,0,0,0,534165,1052,0,0,5767386,11277,5233221,10225,1980166,4093,0,0,35038628,70859,33058462,66766,0,0,0,0,0,0,0,0,2514331,0,534165,40806014,5767386,0,0,59826,187564,82141,0,0,0.0,0.0,0,0,0,0,0.0,0.22411851448935693,22.411851448935693,0.0,0.0,9.818144620153884,59.64822139454048,0.0,0.0,9.818144620153884,0.0,1.0,187564,0,187564,19,d2eb07cdba6d4c35dd050d21f67b12f77eaaa5ec4d4d6d8d13cc27ceeb2f717f,9845831,4786740,228,0.48618080078766335,82141,0,19,2364,0.028779781108094617,13112.415563617802,0.1596330159557079,7761,0.0944838752876152,0,2126,0,19,78,0.036688617121354655,370.0677595369301,0.17406761972574322,225,0.10583254938852305,0,80015,0,0,2286,0.028569643191901518,12742.347804080895,0.1592494882719602,7536,0.09418234081109791,0,,,
conversation_trace,0.02,4.0,"l1=0.02,l2x4",leaf,16,leaf16,adm_label,leaf_location,,3,main,3714884076,14859536302,58742117,5183,4770907,13067521,17838428,13067521,0,0,261582,0,187960,187960,261582,137.94737696647644,987.296875,844.1376953125,eeca506f471592da33244e70c57989e183dbff3adc2db20990ce16f12cfe501c,5183,37,53971210,107855,13067521,25528,38389712,77181,0,0,0,0,0,0,0,0,0,0,532512,1049,0,0,5865061,11468,5332549,10419,1981465,4097,0,0,35038628,70859,33057163,66762,0,0,0,0,0,0,0,0,2513977,0,532512,40903689,5865061,0,0,59428,187960,82329,0,0,0.0,0.0,0,0,0,0,0.0,0.22245573818866624,22.245573818866625,0.0,0.0,9.984422250222954,59.64822139454048,0.0,0.0,9.984422250222954,0.0,1.0,187960,0,187960,24,c3e9496910bc9cbc52d86c6fec1b26ea7ada3ecf0228dae53253546bd4b7edcb,9868372,4781082,218,0.4844964296035861,82329,0,24,2304,0.027985278577415007,13533.609780203959,0.16438447910461634,7925,0.09626012705122132,0,2125,0,24,60,0.02823529411764706,336.54856619098734,0.15837579585458228,213,0.10023529411764706,0,80204,0,0,2244,0.02797865443120044,13197.061214012992,0.1645436787942371,7712,0.09615480524662112,0,,,
conversation_trace,0.02,4.0,"l1=0.02,l2x4",leaf,16,leaf16,adm_label,leaf_location,,4,main,3714884076,14859536302,58742117,5183,4770907,13060865,17831772,13060865,0,0,261582,0,187851,187851,261582,105.95506739616394,988.1640625,837.501953125,9626971413bb7bebee0f09e1628251084082fa2139baf1142592c0ba856001fa,5183,37,53971210,107855,13060865,25515,38395591,77194,0,0,0,0,0,0,0,0,0,0,535519,1054,0,0,5871717,11481,5336198,10427,1979235,4092,0,0,35038628,70859,33059393,66767,0,0,0,0,0,0,0,0,2514754,0,535519,40910345,5871717,0,0,59539,187851,82345,0,0,0.0,0.0,0,0,0,0,0.0,0.22234242936801205,22.234242936801206,0.0,0.0,9.995753132288371,59.64822139454048,0.0,0.0,9.995753132288371,0.0,1.0,187851,0,187851,26,2fddf8ed3242ead07a9500c7a45a3fee16a83721b93f58d4f2e920842528015e,9870156,4787782,242,0.48508888815941714,82345,0,26,2371,0.028793490800898658,13753.956391154936,0.16702843392015224,7973,0.09682433663246098,0,2115,0,26,69,0.032624113475177303,343.94762386013537,0.16262299000479213,200,0.09456264775413711,0,80230,0,0,2302,0.028692509036520004,13410.008767294821,0.1671445689554384,7773,0.09688395861897046,0,,,
conversation_trace,0.02,4.0,"l1=0.02,l2x4",leaf,16,leaf16,evict_label,leaf_location,,0,main,3714884076,14859536302,58742117,5183,4770907,17594726,22365633,17594726,0,0,261582,0,167987,167987,261582,68.23587822914124,1260.84765625,910.359375,4f6d7242d1a6abc1e2c1532b85ad04ed107a12d95951e8e0a2e3b08e924d821f,5183,69,53971210,107855,17594726,34383,33896048,68358,0,0,0,0,0,0,0,0,0,0,47616,93,0,0,1337856,2613,1290240,2520,2432820,5021,0,0,35038628,70859,32605808,65838,0,0,0,0,0,0,0,0,2480436,0,47616,36376484,1337856,0,0,79148,167987,73445,0,0,0.0,0.0,0,0,0,0,0.0,0.2995248877394051,29.95248877394051,0.0,0.0,2.2775072951490665,59.64822139454048,0.0,0.0,2.2775072951490665,0.0,1.0,167987,0,167987,0,0df92840fb95f8f3d20ef0d2914fc272c2feabc782bb1f19076790c642a6b06e,8739621,8739621,0,1.0,73445,0,0,73445,1.0,0.0,0.0,2,2.723126148818844e-05,2,1945,0,0,1945,1.0,0.0,0.0,0,0.0,0,71500,0,0,71500,1.0,0.0,0.0,2,2.7972027972027973e-05,2,,,
conversation_trace,0.02,4.0,"l1=0.02,l2x4",leaf,16,leaf16,evict_label,leaf_location,,1,main,3714884076,14859536302,58742117,5183,4770907,17598822,22369729,17598822,0,0,261582,0,168004,168004,261582,68.09368705749512,1274.9921875,1013.0693359375,9329f4cc6fd9fae943fdf9821439d899bd7044f5c017e84d454cd75904a470d3,5183,69,53971210,107855,17598822,34391,33891861,68350,0,0,0,0,0,0,0,0,0,0,48640,95,0,0,1333760,2605,1285120,2510,2431887,5019,0,0,35038628,70859,32606741,65840,0,0,0,0,0,0,0,0,2480527,0,48640,36372388,1333760,0,0,79134,168004,73434,0,0,0.0,0.0,0,0,0,0,0.0,0.2995946162444231,29.959461624442305,0.0,0.0,2.2705344446472706,59.64822139454048,0.0,0.0,2.2705344446472706,0.0,1.0,168004,0,168004,0,48caad7fc76a17df560520b1bc63d605bfb2dac69ec7a72a260e331505d4f554,8738300,8738300,0,1.0,73434,0,0,73434,1.0,0.0,0.0,2,2.7235340577933927e-05,2,1931,0,0,1931,1.0,0.0,0.0,0,0.0,0,71503,0,0,71503,1.0,0.0,0.0,2,2.7970854369746725e-05,2,,,
conversation_trace,0.02,4.0,"l1=0.02,l2x4",leaf,16,leaf16,evict_label,leaf_location,,2,main,3714884076,14859536302,58742117,5183,4770907,17608550,22379457,17608550,0,0,261582,0,167977,167977,261582,72.50572395324707,1261.7578125,939.4609375,8e04ff1366246a902e1b0e83039ce1ec0fe8ec9c7c7da9d61bb208d20d273a1f,5183,69,53971210,107855,17608550,34410,33882145,68331,0,0,0,0,0,0,0,0,0,0,48128,94,0,0,1324032,2586,1275904,2492,2432387,5020,0,0,35038628,70859,32606241,65839,0,0,0,0,0,0,0,0,2480515,0,48128,36362660,1324032,0,0,79161,167977,73419,0,0,0.0,0.0,0,0,0,0,0.0,0.29976022144384074,29.97602214438407,0.0,0.0,2.2539739247055057,59.64822139454048,0.0,0.0,2.2539739247055057,0.0,1.0,167977,0,167977,0,5485624c44fdc358d3d4f5c94e221631aa4adfb76d73b09847274c1315d2751b,8736398,8736398,0,1.0,73419,0,0,73419,1.0,0.0,0.0,1,1.3620452471431101e-05,1,1950,0,0,1950,1.0,0.0,0.0,0,0.0,0,71469,0,0,71469,1.0,0.0,0.0,1,1.3992080482446936e-05,1,,,
conversation_trace,0.02,4.0,"l1=0.02,l2x4",leaf,16,leaf16,evict_label,leaf_location,,3,main,3714884076,14859536302,58742117,5183,4770907,17610086,22380993,17610086,0,0,261582,0,167948,167948,261582,73.57965230941772,1279.57421875,956.3662109375,1ff76deeb8948bb59b876c2b5e17dc55b06f404532b81a7f888caf5e7f8011c0,5183,69,53971210,107855,17610086,34413,33880688,68328,0,0,0,0,0,0,0,0,0,0,47616,93,0,0,1322496,2583,1274880,2490,2432820,5021,0,0,35038628,70859,32605808,65838,0,0,0,0,0,0,0,0,2480436,0,47616,36361124,1322496,0,0,79190,167948,73410,0,0,0.0,0.0,0,0,0,0,0.0,0.29978636963322247,29.978636963322245,0.0,0.0,2.251359105767332,59.64822139454048,0.0,0.0,2.251359105767332,0.0,1.0,167948,0,167948,0,f76bcdc30557a50397b75478d638381d79566375359f456d534a930bcdba1aec,8735537,8735537,0,1.0,73410,0,0,73410,1.0,0.0,0.0,4,5.448848930663397e-05,4,1943,0,0,1943,1.0,0.0,0.0,0,0.0,0,71467,0,0,71467,1.0,0.0,0.0,4,5.5969888200148324e-05,4,,,
conversation_trace,0.02,4.0,"l1=0.02,l2x4",leaf,16,leaf16,evict_label,leaf_location,,4,main,3714884076,14859536302,58742117,5183,4770907,17611110,22382017,17611110,0,0,261582,0,167995,167995,261582,68.48446011543274,1276.01953125,960.833984375,39a88255cb99d5c297b04f4889313b0fc96232c0e3169a2cf3a8bc7f480cdd6f,5183,69,53971210,107855,17611110,34415,33879585,68326,0,0,0,0,0,0,0,0,0,0,48128,94,0,0,1321472,2581,1273344,2487,2432387,5020,0,0,35038628,70859,32606241,65839,0,0,0,0,0,0,0,0,2480515,0,48128,36360100,1321472,0,0,79147,167995,73419,0,0,0.0,0.0,0,0,0,0,0.0,0.29980380175947696,29.980380175947694,0.0,0.0,2.249615893141883,59.64822139454048,0.0,0.0,2.249615893141883,0.0,1.0,167995,0,167995,0,6b3c4b5dc5a9033b5e6301294ecddf29bcc1dd41cdc51fd5493ad3ff0c5eed37,8736358,8736358,0,1.0,73419,0,0,73419,1.0,0.0,0.0,2,2.7240904942862202e-05,2,1938,0,0,1938,1.0,0.0,0.0,0,0.0,0,71481,0,0,71481,1.0,0.0,0.0,2,2.7979463074103607e-05,2,,,
toolagent_trace,0.0025,1.0,"l1=0.0025,l2x1",all,16,all16,label_binary_6,horizon,6.0,0,main,446163482,446163482,83026370,9997,29393272,828535,30221807,828535,45018,88,263835,7245,260824,268069,271080,18.84301996231079,1274.5234375,811.142578125,38264947ab22536e7d99cab93c61ec4432dd590845bbaf596ba0900ba7fc5160,9997,27,53633098,110318,828535,1630,48412548,98630,0,0,6656,13,0,0,258048,504,251392,491,1086770,2148,45018,88,18629313,36450,17542543,34302,3253571,7809,0,0,33872184,71646,30618613,63837,0,0,0,0,0,0,0,0,4346997,45018,1138444,52759545,18932379,7245,2415,2568,260824,106184,118118,47861,0.4528647670459774,0.450736457470052,559581,221109,571950725120,225627269120,2.145435236021225,0.00997917890424452,0.9979178904244519,0.054221327513174426,0.3108024595077443,22.437826680848506,40.79689862389503,0.0,0.054221327513174426,22.802850467869426,0.013662469838957384,0.9863375301610426,268069,7245,260824,0,1dd2d6bf6a077cad1695930a59b9e30105e9682ea02c23f4f31dbe98855fe9d4,10794460,6164859,2665019,0.6945570690891438,108599,0,0,77401,0.7127229532500299,55506.02356503049,0.5111098957175525,31246,0.2877190397701636,51,103121,0,0,73442,0.7121924729201617,52743.11219465818,0.5114681994419971,29725,0.2882536049883147,48,5478,0,0,3959,0.7227090178897407,2762.9113703720363,0.5043649818130771,1521,0.27765607886089816,3,,,
toolagent_trace,0.0025,1.0,"l1=0.0025,l2x1",all,16,all16,label_binary_6,horizon,6.0,1,main,446163482,446163482,83026370,9997,29393272,842142,30235414,842142,40541,80,263856,7224,260836,268060,271080,18.837523221969604,1275.171875,868.775390625,63775d0241cae1e5267935ceb81379cf3ebed800a3165a35361d6ee513f17656,9997,26,53633098,110318,842142,1656,48403371,98611,0,0,9728,19,0,0,256512,501,246784,482,1082891,2141,40541,80,18621719,36435,17538828,34294,3254425,7811,0,0,33872184,71646,30617759,63835,0,0,0,0,0,0,0,0,4347044,40541,1133160,52750415,18918772,7224,2410,2578,260836,106175,118005,47864,0.4524107101780429,0.4508029197080292,556573,220629,568859740160,225144995840,2.133804382830591,0.01014306659438441,1.0143066594384411,0.04882906478989747,0.3089524448678173,22.42868018919772,40.79689862389503,0.0,0.04882906478989747,22.786461698855437,0.013587713806447224,0.9864122861935528,268060,7224,260836,0,0a687b66a81c1114a07c51315818d7f2b6fd60b8f4731fb25ca7a7f7ae35a6c4,10791323,6164616,2662767,0.6946321132265246,108585,0,0,77415,0.7129437767647465,55422.072565215065,0.510402657505319,31218,0.28749827324216054,49,103097,0,0,73479,0.7127171498685704,52619.76617178399,0.5103908568802583,29665,0.28773873148588225,48,5488,0,0,3936,0.717201166180758,2802.3063934307825,0.5106243428263088,1553,0.2829810495626822,1,,,
toolagent_trace,0.0025,1.0,"l1=0.0025,l2x1",all,16,all16,label_binary_6,horizon,6.0,2,main,446163482,446163482,83026370,9997,29393272,836510,30229782,836510,47578,93,263796,7284,260768,268052,271080,19.483186960220337,1261.07421875,790.0107421875,44d59116f541425a5820ea3a536a455e44eeb5bfc8e1f0ef321e20df6eb386f8,9997,26,53633098,110318,836510,1645,48401796,98609,0,0,6656,13,0,0,260608,509,253952,496,1087499,2150,47578,93,18616218,36425,17528719,34275,3253059,7808,0,0,33872184,71646,30619125,63838,0,0,0,0,0,0,0,0,4347214,47578,1141733,52749010,18924404,7284,2451,2586,260768,106131,117837,47772,0.4518844336728433,0.4501229612460073,560542,222731,572996538368,227282694144,2.1495812369615903,0.010075232724253752,1.0075232724253753,0.057304685246386176,0.3138858172409561,22.422054583381158,40.79689862389503,0.0,0.057304685246386176,22.793245085868502,0.013805710769384642,0.9861942892306154,268052,7284,260768,0,4df8c46993df262f3f2a55ad44202c7b1caa31f7be3aa1a45b04fa7bd8825398,10794310,6161905,2665617,0.6943207578807724,108582,0,0,77411,0.7129266360906964,55421.62924178106,0.510412676518954,31221,0.28753384538873844,54,103082,0,0,73433,0.7123746143846647,52642.99908924909,0.5106905093929986,29695,0.2880716322927378,50,5500,0,0,3978,0.7232727272727273,2778.630152531576,0.5052054822784684,1526,0.27745454545454545,4,,,
toolagent_trace,0.0025,1.0,"l1=0.0025,l2x1",all,16,all16,label_binary_6,horizon,6.0,3,main,446163482,446163482,83026370,9997,29393272,851025,30244297,851025,29696,58,263795,7285,260775,268060,271080,20.389057397842407,1260.01171875,946.541015625,f1f41e20d9690d6d01a60f73cdf14e2272ba3fa4b6c903fd2e17d3e133133105,9997,28,53633098,110318,851025,1674,48406062,98617,0,0,8192,16,0,0,261120,510,252928,494,1083698,2142,29696,58,18619073,36430,17535375,34288,3254425,7811,0,0,33872184,71646,30617759,63835,0,0,0,0,0,0,0,0,4346315,29696,1121586,52752377,18909889,7285,2449,2577,260775,106140,117830,47810,0.4518454606461509,0.45044281138119463,555838,219990,568122804224,224425922560,2.131484996644617,0.01025005669885363,1.025005669885363,0.0357669497052563,0.31450248878759846,22.42549324991566,40.79689862389503,0.0,0.0357669497052563,22.775762688408513,0.013830367094234682,0.9861696329057653,268060,7285,260775,0,9f1bbbba5bc3516b9fed29c3814cea7e78a592465def19e8c4152c8d5aecf2cd,10793307,6168411,2660921,0.6947705184333217,108589,0,0,77414,0.7129083056294836,55431.18098865455,0.5104677360382226,31219,0.2874968919503817,46,103107,0,0,73462,0.7124831485738117,52667.988520451305,0.5108090480806473,29688,0.28793389391602897,45,5482,0,0,3952,0.7209047792776359,2763.192468202771,0.5040482430140042,1531,0.2792776358993068,1,,,
toolagent_trace,0.0025,1.0,"l1=0.0025,l2x1",all,16,all16,label_binary_6,horizon,6.0,4,main,446163482,446163482,83026370,9997,29393272,826999,30220271,826999,53722,105,263851,7229,260828,268057,271080,19.476484537124634,1273.890625,777.4375,d36a92a2949285d089645707ae299ff0136a2d79d842d533b257b835e850ff5e,9997,27,53633098,110318,826999,1627,48405472,98616,0,0,8192,16,0,0,262144,512,253952,496,1085234,2145,53722,105,18618049,36428,17532815,34283,3253479,7809,0,0,33872184,71646,30618705,63837,0,0,0,0,0,0,0,0,4346905,53722,1147148,52752377,18933915,7229,2405,2580,260828,106183,117684,47780,0.4511938902265094,0.4499778683970127,557774,221348,570198355968,225929623552,2.138474396920576,0.009960678757845249,0.9960678757845248,0.06470474380609438,0.31573583188088317,22.424259906822375,40.79689862389503,0.0,0.06470474380609438,22.804700482509354,0.013884603827937565,0.9861153961720625,268057,7229,260828,0,6398823c48e6459774943506869466dab30569814a1e593e2f80241cce9afebb,10796512,6164286,2661784,0.6942221710122677,108588,0,0,77414,0.7129148708881275,55449.791591792644,0.5106438242880672,31231,0.2876100489925222,58,103116,0,0,73465,0.7124500562473332,52683.578337986524,0.5109156516737123,29708,0.28810271926762093,58,5472,0,0,3949,0.7216739766081871,2766.213253805817,0.5055214279615894,1523,0.27832602339181284,0,,,
toolagent_trace,0.0025,1.0,"l1=0.0025,l2x1",all,16,all16,label_binary_15,horizon,15.0,0,main,446163482,446163482,83026370,9997,29393272,1194452,30587724,1194452,124416,243,262992,8088,257909,265997,271080,18.625256776809692,1276.01953125,694.5361328125,69d5e6311c4dc2e3c1009bf3f34e65ffa9306786b2dfb6368e54f338f0c5183e,9997,34,53633098,110318,1194452,2347,47974535,97765,0,0,14336,28,0,0,304640,595,290304,567,1052079,2079,124416,243,18137406,35487,17085327,33408,3273280,7856,0,0,33872184,71646,30598904,63790,0,0,0,0,0,0,0,0,4339695,124416,1190831,52314230,18566462,8088,2737,4640,257909,104995,116357,47061,0.451155252433998,0.4482213438735178,547051,217662,559059888128,222096783360,2.1211008534017814,0.014386417231055628,1.4386417231055628,0.14985118583409102,0.3669195702521982,21.845355879102026,40.79689862389503,0.0,0.14985118583409102,22.362126635188314,0.016518774543778928,0.9834812254562211,265997,8088,257909,0,69a9746dbcbe09ae04b6f43ffaef93ea1eda102c3f35348d9b7072b8f59b6660,10768687,6424916,2514040,0.7133586480877381,107732,0,0,77410,0.7185423086919392,52063.90681687406,0.4832724428848816,30370,0.2819032413767497,48,102260,0,0,73449,0.7182573831410131,49414.463418918014,0.48322377683275974,28857,0.2821924506160767,46,5472,0,0,3961,0.7238669590643275,2649.4433979553287,0.48418190752107615,1513,0.2764985380116959,2,,,
toolagent_trace,0.0025,1.0,"l1=0.0025,l2x1",all,16,all16,label_binary_15,horizon,15.0,1,main,446163482,446163482,83026370,9997,29393272,1213023,30606295,1213023,97792,191,263020,8060,257953,266013,271080,43.037360191345215,1261.7578125,789.7080078125,232de16f71afe6d38aab13d8a6e51f7a08df2e59aad008c6a04d440303db2f4c,9997,35,53633098,110318,1213023,2384,47984069,97781,0,0,14848,29,0,0,302592,591,287744,562,1049380,2073,97792,191,18147507,35506,17098127,33433,3273986,7860,0,0,33872184,71646,30598198,63786,0,0,0,0,0,0,0,0,4338214,97792,1162020,52322283,18547891,8060,2711,4624,257953,105032,116303,47074,0.4508689567479347,0.4481872191332165,545269,217944,557163022336,222430427136,2.1138308141405604,0.014610093154741079,1.4610093154741077,0.11778426540868883,0.3644528840656288,21.857521893345453,40.79689862389503,0.0,0.11778426540868883,22.339759042819768,0.01640056240348629,0.9835994375965137,266013,8060,257953,0,a72774245149f43407bbb460d2c08877c2c107406d8a8470451c3bc0513b5ded,10772814,6421098,2525108,0.7132446545535828,107743,0,0,77413,0.718496793295156,52122.47538004976,0.48376669834745417,30383,0.2819951180123071,55,102260,0,0,73424,0.7180129082730295,49526.345170269946,0.4843178678884211,28887,0.28248582045765697,53,5483,0,0,3989,0.7275214298741565,2596.130209778969,0.47348718033539466,1496,0.272843333941273,2,,,
toolagent_trace,0.0025,1.0,"l1=0.0025,l2x1",all,16,all16,label_binary_15,horizon,15.0,2,main,446163482,446163482,83026370,9997,29393272,1186399,30579671,1186399,133239,261,263042,8038,257959,265997,271080,19.061747074127197,1275.171875,776.962890625,7f80a60683c0840729fe6094712f693b10ae96ded5395f120497f52221659517,9997,35,53633098,110318,1186399,2332,47974183,97763,0,0,8192,16,0,0,304128,594,295936,578,1057441,2089,133239,261,18137148,35485,17079707,33396,3273644,7857,0,0,33872184,71646,30598540,63789,0,0,0,0,0,0,0,0,4339277,133239,1198872,52313460,18574515,8038,2711,4640,257959,105015,116535,47232,0.451757837485802,0.4497643193829453,547999,218303,560028483584,222807646208,2.1243647246267816,0.014289423950487056,1.4289423950487057,0.16047793008414074,0.3663028987055558,21.845045134455475,40.79689862389503,0.0,0.16047793008414074,22.371825963245172,0.01649170046584629,0.9835082995341538,265997,8038,257959,0,26ef2fcd5751e7811bfe9aa4eab17fe83a663629610b1772571e538cee1ff74e,10775980,6415489,2523903,0.7124586812521924,107726,0,0,77416,0.718638026103262,52055.807779380615,0.4832241778157605,30360,0.2818261144013516,50,102246,0,0,73397,0.7178471529448585,49493.121414647656,0.48405924353664354,28896,0.28261252273927584,47,5480,0,0,4019,0.7333941605839416,2562.6863647322425,0.46764349721391285,1464,0.2671532846715328,3,,,
toolagent_trace,0.0025,1.0,"l1=0.0025,l2x1",all,16,all16,label_binary_15,horizon,15.0,3,main,446163482,446163482,83026370,9997,29393272,1191892,30585164,1191892,122880,240,263017,8063,257941,266004,271080,23.701576709747314,1273.890625,872.546875,b953eddbe1438a9f3eba98adcfdee153fe6c79bdcef8967232fbc815b1748cf5,9997,34,53633098,110318,1191892,2342,47979740,97773,0,0,9216,18,0,0,304128,594,294912,576,1055532,2086,122880,240,18142014,35496,17086482,33410,3273838,7859,0,0,33872184,71646,30598346,63787,0,0,0,0,0,0,0,0,4338586,122880,1187628,52318326,18569022,8063,2730,4634,257941,105008,116302,47041,0.4508860553382363,0.447975392351059,550811,218955,562889881600,223343577088,2.1354146878549747,0.01435558365372351,1.435558365372351,0.14800117119416398,0.3663028987055558,21.850905923021806,40.79689862389503,0.0,0.14800117119416398,22.365209992921525,0.01648735003774773,0.9835126499622523,266004,8063,257941,0,d910e8b60f82f01fcae5f528f607a56511b23f0541fe499679b4a23a93f3448b,10771807,6419770,2521765,0.7130328736859098,107738,0,0,77410,0.7185022925987117,52099.08275735133,0.48357202433079627,30368,0.28186897844771575,41,102266,0,0,73453,0.7182543562865469,49451.304391099206,0.4835556723749751,28850,0.28210744528973464,38,5472,0,0,3957,0.7231359649122807,2647.778366251269,0.4838776254114161,1518,0.2774122807017544,3,,,
toolagent_trace,0.0025,1.0,"l1=0.0025,l2x1",all,16,all16,label_binary_15,horizon,15.0,4,main,446163482,446163482,83026370,9997,29393272,1199731,30593003,1199731,111223,218,263051,8029,257998,266027,271080,19.111175298690796,1261.07421875,790.0107421875,326afacfdc3dab6e6b4d012a6c01527e7d0e1209159d790437894831491c5387,9997,36,53633098,110318,1199731,2359,47982909,97780,0,0,8704,17,0,0,289280,565,280576,548,1058064,2089,111223,218,18160680,35530,17102616,33441,3272467,7855,0,0,33872184,71646,30599717,63791,0,0,0,0,0,0,0,0,4339235,111223,1177991,52322144,18561183,8029,2707,4610,257998,105034,116604,47315,0.451956991914666,0.4504731801131062,544051,216370,555824930816,220670121984,2.1087411530321942,0.014449999439936974,1.4449999439936974,0.1339610535785197,0.3484194238529277,21.87338793686873,40.79689862389503,0.0,0.1339610535785197,22.35576841430018,0.015679166784101427,0.9843208332158986,266027,8029,257998,0,e7ac687a0202f6dd3b25d4e26321842daf8197d1deae26bc30bd6b2d70f3d052,10766738,6423246,2511158,0.7131988351532283,107741,0,0,77412,0.7185008492588708,52103.364869063385,0.483598303979575,30381,0.2819817896622456,53,102258,0,0,73416,0.717948717948718,49521.82672925925,0.48428315368244296,28891,0.2825304621643294,50,5483,0,0,3996,0.7287981032281597,2581.538139803206,0.4708258507757078,1490,0.2717490424949845,3,,,
toolagent_trace,0.0025,1.0,"l1=0.0025,l2x1",all,16,all16,label_binary_60,horizon,60.0,0,main,446163482,446163482,83026370,9997,29393272,4173041,33566313,4173041,664779,1300,198718,72362,176992,249354,271080,27.33879518508911,1279.57421875,768.8642578125,ada02cca4a73e2ce1684faac5a9f4ace1f79c0c5fe6f290a8d46eb2e1e03aa1c,9997,73,53633098,110318,4173041,8186,44500094,90908,0,0,259172,507,157696,308,5299442,10353,5040270,9846,584597,1160,507083,992,9623652,18833,9039055,17673,3451415,8257,0,0,33872184,71646,30420769,63389,0,0,0,0,0,0,0,0,4295184,664779,1508548,48795278,15587873,72362,32360,21283,176992,68464,72164,27520,0.40772464292171395,0.4019630754849264,268548,97159,270552973312,97429141504,1.5172889170131982,0.05026163374359255,5.026163374359255,0.8006841681745209,6.382841981409039,11.591078834351062,40.79689862389503,0.18993483636584377,0.6107493318086772,18.774604983934623,0.3551168410518623,0.6448831589481377,249354,72362,176992,0,ee79b8286c80053eaa92f3ea4a919fd54472394e8d6dbdc23da4b8335fae31b2,11592263,7866557,768065,0.7117324287759862,100824,0,0,79141,0.7849420772831865,28957.453434825264,0.2872079409151121,20534,0.20366182654923431,12,95559,0,0,75011,0.7849705417595412,27419.014774193314,0.28693283494169375,19590,0.20500423821932,12,5265,0,0,4130,0.7844254510921178,1538.4386606318378,0.2922010751437489,944,0.17929724596391264,0,,,
toolagent_trace,0.0025,1.0,"l1=0.0025,l2x1",all,16,all16,label_binary_60,horizon,60.0,1,main,446163482,446163482,83026370,9997,29393272,4219684,33612956,4219684,616448,1204,198788,72292,177069,249361,271080,17.89793848991394,1260.84765625,802.1640625,e22c38adc638ee829a506076ee61d2c149f4c71d882e1184d93de121dad1aa1b,9997,74,53633098,110318,4219684,8278,44501836,90913,0,0,259677,509,106496,208,5273912,10304,5014235,9795,583547,1157,509952,996,9650870,18886,9067323,17729,3451906,8257,0,0,33872184,71646,30420278,63389,0,0,0,0,0,0,0,0,4295130,616448,1459672,48796966,15541230,72292,32208,21276,177069,68619,72142,27510,0.4074230949516855,0.4009093691251694,269696,97686,271688206336,97998645248,1.5231124589849154,0.0508234191137105,5.08234191137105,0.7424725421573892,6.352092714639939,11.6238611901255,40.79689862389503,0.12826768170160877,0.6142048604557805,18.718426446922827,0.35336609941773356,0.6466339005822664,249361,72292,177069,0,afce62bcf6c724392348f636c4431b6669c2a7c3d9e73fd8c6b75a5b581af847,11593833,7866822,776268,0.7120126708742484,100827,0,0,79214,0.7856427345849822,28850.692885225755,0.2861405465324343,20480,0.2031201959792516,17,95574,0,0,75101,0.7857890221189864,27279.021939731,0.2854230432934794,19514,0.2041768681859083,16,5253,0,0,4113,0.7829811536264991,1571.6709454946579,0.2991949258508772,966,0.18389491719017703,1,,,
toolagent_trace,0.0025,1.0,"l1=0.0025,l2x1",all,16,all16,label_binary_60,horizon,60.0,2,main,446163482,446163482,83026370,9997,29393272,4224241,33617513,4224241,612437,1198,198570,72510,176856,249366,271080,17.704413652420044,1274.9921875,960.9267578125,546da34d4b2ab829e36ffe35300fde06ac06e1ee9bbb6f80d2bc28f768ccec25,9997,73,53633098,110318,4224241,8286,44500413,90910,0,0,265220,519,79360,155,5353183,10458,5087963,9939,577013,1145,533077,1043,9571053,18730,8994040,17585,3453774,8260,0,0,33872184,71646,30418410,63386,0,0,0,0,0,0,0,0,4296007,612437,1454670,48796420,15536673,72510,32385,21272,176856,68442,71788,27466,0.4059121545211924,0.40130329329943604,266232,96495,268132861952,96767295488,1.5053602931198262,0.0508783052902349,5.08783052902349,0.737641546896486,6.4475696095108095,11.527726672863091,40.79689862389503,0.09558408972956424,0.6420574571669218,18.712937829270388,0.3586905889185885,0.6413094110814115,249366,72510,176856,0,37dc1c6d3d2c008bb7a36ad55315783e5984e7ac428d53cb55f430c0ab9aec57,11590980,7858816,773089,0.7113600834441954,100827,0,0,79182,0.7853253592787646,28959.11551647904,0.2872158798385258,20536,0.20367560276513236,18,95557,0,0,74988,0.7847462770911603,27516.568074123457,0.28795973161697686,19645,0.20558410163567295,18,5270,0,0,4194,0.7958254269449715,1442.5474423554763,0.27372816742988165,891,0.16907020872865275,0,,,
toolagent_trace,0.0025,1.0,"l1=0.0025,l2x1",all,16,all16,label_binary_60,horizon,60.0,3,main,446163482,446163482,83026370,9997,29393272,4201783,33595055,4201783,627248,1227,198666,72414,176948,249362,271080,17.66217565536499,1276.01953125,786.3564453125,0421471b0dbe99ceb30e36d6eec5a0fcc21c148e2272cb19b5d60b494f34d404,9997,72,53633098,110318,4201783,8242,44508559,90924,0,0,253282,496,104448,204,5291116,10337,5037834,9841,592484,1174,522800,1023,9640767,18866,9048283,17692,3449742,8255,0,0,33872184,71646,30422442,63391,0,0,0,0,0,0,0,0,4295508,627248,1473014,48804067,15559131,72414,32242,21276,176948,68600,71842,27392,0.40600628433212016,0.3993002915451895,267610,96974,269596626944,97362051072,1.5123652146393292,0.050607812915342436,5.060781291534244,0.7554804575943763,6.372813842156414,11.611692767008844,40.79689862389503,0.12580099551503937,0.629679462079337,18.73998706675963,0.3543502182544559,0.6456497817455441,249362,72414,176948,0,ecf8060850f06d38d86697d328933c0b3c0285a657cc6557c31ea48a17279ce0,11589724,7865675,774723,0.7120994857168298,100842,0,0,79227,0.7856547866960195,28850.732647308356,0.2860983781292354,20449,0.20278257075424921,14,95593,0,0,75131,0.7859466697352316,27323.825975054107,0.28583500857859995,19480,0.20378061155105498,14,5249,0,0,4096,0.7803391122118499,1526.906672254182,0.2908947746721627,969,0.18460659173175842,0,,,
toolagent_trace,0.0025,1.0,"l1=0.0025,l2x1",all,16,all16,label_binary_60,horizon,60.0,4,main,446163482,446163482,83026370,9997,29393272,4224241,33617513,4224241,605202,1183,198770,72310,177061,249371,271080,20.73381471633911,1274.5234375,811.142578125,23b2349d05dd0b78e1c29b78c23784b27ebf52579c192ae1e7d44f08bbc7ebc1,9997,73,53633098,110318,4224241,8286,44507456,90925,0,0,242874,475,99840,195,5274924,10305,5032050,9830,603967,1198,505362,988,9656547,18898,9052580,17700,3449358,8251,0,0,33872184,71646,30422826,63395,0,0,0,0,0,0,0,0,4296199,605202,1452043,48803655,15536673,72310,32293,21266,177061,68547,71984,27398,0.4065491553758309,0.39969655856565567,267893,96768,269842929664,97043900416,1.5129983452030655,0.0508783052902349,5.08783052902349,0.7289274479903192,6.353311604493849,11.630698776786218,40.79689862389503,0.12025095159525823,0.6086764963950609,18.712937829270388,0.35327557479099014,0.6467244252090099,249371,72310,177061,0,55a873a1691f1ee1cc09e6adc68eeacc53bb17c1c6aebde38c5d85dfb6a3884e,11595585,7869595,773118,0.712008406647875,100840,0,0,79168,0.7850852836176121,28959.88668418427,0.2871865002398281,20510,0.2033915113050377,14,95581,0,0,75058,0.7852815936221634,27413.15775612981,0.28680551318912556,19539,0.20442347328443938,14,5259,0,0,4110,0.7815173987450086,1546.7289280543048,0.29411084389699654,971,0.18463586233124168,0,,,
toolagent_trace,0.0025,1.0,"l1=0.0025,l2x1",all,16,all16,label_binary_300,horizon,300.0,0,main,446163482,446163482,83026370,9997,29393272,1386820,30780092,1386820,312714,612,89204,181876,83373,265249,271080,18.687961101531982,1260.01171875,854.720703125,204b143099cb233c38d5de9c7bad421e35930c488d88638e88f0612cd3dda905,9997,38,53633098,110318,1386820,2725,47598937,97022,0,0,186417,366,0,0,3551586,6942,3365169,6576,862424,1707,312714,612,14509794,28393,13647370,26686,3285786,7886,0,0,33872184,71646,30586398,63760,0,0,0,0,0,0,0,0,4334627,312714,1361555,51933564,18374094,181876,72987,5388,83373,33960,34803,13861,0.41743729984527367,0.40815665488810365,164950,64308,172319948800,67067377664,1.9784582538711573,0.01670336785770593,1.670336785770593,0.3766441914779606,4.277660218072884,17.47612716297244,40.79689862389503,0.0,0.3766441914779606,22.130431572523285,0.1966397916438279,0.8033602083561722,265249,181876,83373,0,5a719928a7f4142e6f1b10d557fa916c76844dd9619d497fb6ec77766bea13db,13155141,6556934,1370160,0.5505082765741546,106947,0,0,83188,0.7778432307591611,28910.72309087871,0.27032757432072624,546,0.005105332547897557,0,104381,0,0,82123,0.786761958593997,27013.01366501443,0.2587924398598828,545,0.005221256742127398,0,2566,0,0,1065,0.41504286827747466,1897.709425864045,0.7395594021294017,1,0.0003897116134060795,0,,,
toolagent_trace,0.0025,1.0,"l1=0.0025,l2x1",all,16,all16,label_binary_300,horizon,300.0,1,main,446163482,446163482,83026370,9997,29393272,1453365,30846637,1453365,247110,484,89164,181916,83322,265238,271080,18.4675190448761,1279.57421875,768.8642578125,1fc00815b2b7c558fa787d30e2bfd43d734606ecef6242a83fa38942e755c186,9997,39,53633098,110318,1453365,2855,47597813,97021,0,0,190367,374,0,0,3551162,6941,3360795,6567,857261,1696,247110,484,14509277,28392,13652016,26696,3287182,7888,0,0,33872184,71646,30585002,63758,0,0,0,0,0,0,0,0,4334810,247110,1294738,51932623,18307549,181916,73018,5399,83322,33927,34634,13874,0.41566453037613116,0.4089368349691986,163602,63000,170896111616,65686910976,1.9634910347807302,0.017504860202848804,1.7504860202848807,0.29762833181795134,4.277149536948321,17.475504469242725,40.79689862389503,0.0,0.29762833181795134,22.050282338008998,0.196626560406422,0.803373439593578,265238,181916,83322,0,6e7021f14faee9c31ba2f7978d0a56226e0a95efbe755b636489526cd2445216,13151110,6556261,1369474,0.5505997592598647,106945,0,0,83214,0.7781008929823742,28871.737871404537,0.2699680945477071,507,0.004740754593482631,0,104363,0,0,82156,0.7872138593179575,26974.007053140685,0.2584633160520557,503,0.004819715799660799,0,2582,0,0,1058,0.40975987606506586,1897.7308182636582,0.7349848250440194,4,0.001549186676994578,0,,,
toolagent_trace,0.0025,1.0,"l1=0.0025,l2x1",all,16,all16,label_binary_300,horizon,300.0,2,main,446163482,446163482,83026370,9997,29393272,1481028,30874300,1481028,227488,447,89368,181712,83497,265209,271080,18.450191974639893,1260.84765625,802.1640625,804c6cb0f86639abe6ae3d71ebd845afd24890ffeeddf2151a9d48b6e670a155,9997,38,53633098,110318,1481028,2909,47590096,97003,0,0,187441,368,0,0,3546467,6931,3359026,6563,858150,1699,227488,447,14505931,28385,13647781,26686,3288895,7892,0,0,33872184,71646,30583289,63754,0,0,0,0,0,0,0,0,4334486,227488,1273079,51924582,18279886,181712,72859,5428,83497,34069,34789,14014,0.4166496999892212,0.41134168892541606,165060,63041,172395821056,65718407168,1.9768374911673474,0.017838043503527856,1.7838043503527856,0.2739948765675291,4.271494707043075,17.471474424330488,40.79689862389503,0.0,0.2739948765675291,22.01696400794109,0.19645406665640763,0.8035459333435924,265209,181712,83497,0,4c8ec3da96e6c43ba0c5347d1a847a1c2bd7f7e04b526443f977607e898bc6c5,13153564,6559217,1370850,0.5507740715748218,106928,0,0,83222,0.7782994164297471,28821.507195357553,0.26954125388446015,547,0.00511559180008978,2,104320,0,0,82152,0.7875,26900.144385912925,0.2578618135152696,543,0.005205138036809816,2,2608,0,0,1070,0.4102760736196319,1921.3628094444425,0.7367188686520102,4,0.0015337423312883436,0,,,
toolagent_trace,0.0025,1.0,"l1=0.0025,l2x1",all,16,all16,label_binary_300,horizon,300.0,3,main,446163482,446163482,83026370,9997,29393272,1490741,30884013,1490741,207502,407,89113,181967,83266,265233,271080,18.626500129699707,1274.9921875,869.1064453125,71a1e834fd1e2e0e062489922ea55571d5ec55dd69addbd5c4cb3b6c1b7879f8,9997,39,53633098,110318,1490741,2928,47600126,97025,0,0,188339,371,0,0,3548548,6937,3360209,6566,859371,1700,207502,407,14514123,28400,13654752,26700,3287019,7887,0,0,33872184,71646,30585165,63759,0,0,0,0,0,0,0,0,4334729,207502,1255212,51934855,18270173,181967,72996,5404,83266,33958,34604,13906,0.4155837917036966,0.4095058601802226,165436,63653,172842850304,66380748800,1.9868373645905892,0.017955030431897723,1.795503043189772,0.2499230063894158,4.2740011396379245,17.481341169076764,40.79689862389503,0.0,0.2499230063894158,22.005265315104104,0.19645754495556056,0.8035424550444394,265233,181967,83266,0,da8540a292c03e1faa45200222ae6fb0a2a75de5a54b5bf3a1b7ed99c5321c6a,13152957,6546761,1370832,0.5498517937829493,106954,0,0,83142,0.7773622304916132,28896.592288105374,0.27017776135633426,591,0.005525740037773248,0,104387,0,0,82086,0.786362286491613,26976.655871230858,0.25842926677872585,590,0.005652044794849933,0,2567,0,0,1056,0.41137514608492404,1919.9364168745144,0.7479300416340142,1,0.00038955979742890534,0,,,
toolagent_trace,0.0025,1.0,"l1=0.0025,l2x1",all,16,all16,label_binary_300,horizon,300.0,4,main,446163482,446163482,83026370,9997,29393272,1483144,30876416,1483144,219586,430,89311,181769,83462,265231,271080,18.669777393341064,1276.01953125,694.5244140625,d0cc65d6425bcfcab09e85a8577d288c8af134eb57f74b3d63312ee1aae3a7d8,9997,41,53633098,110318,1483144,2914,47596080,97018,0,0,186783,367,0,0,3552491,6944,3365708,6577,860348,1702,219586,430,14505693,28384,13645345,26682,3287157,7887,0,0,33872184,71646,30585027,63759,0,0,0,0,0,0,0,0,4334288,219586,1266717,51930368,18277770,181769,72937,5406,83462,34003,34657,13877,0.41524286501641466,0.40811104902508605,164642,63353,171993726976,66079551488,1.9726582157149362,0.017863529382291434,1.7863529382291434,0.26447741843946687,4.278750233209039,17.47118776841623,40.79689862389503,0.0,0.26447741843946687,22.014415420064733,0.19672470941707096,0.803275290582929,265231,181769,83462,0,443c98decfeedebf73849168691c2dcd1af810b50dce8977e6c0e27c5effa47e,13151466,6552355,1369551,0.5502907812710766,106940,0,0,83216,0.7781559753132598,28866.327907227074,0.2699301281768008,532,0.004974752197493922,0,104372,0,0,82107,0.7866765032767409,27028.721237903355,0.2589652515799578,531,0.005087571379297129,0,2568,0,0,1109,0.4318535825545171,1837.606669323561,0.7155789210761531,1,0.0003894080996884735,0,,,
toolagent_trace,0.0025,1.0,"l1=0.0025,l2x1",all,16,all16,label_binary_600,horizon,600.0,0,main,446163482,446163482,83026370,9997,29393272,1215812,30609084,1215812,329039,644,100265,170815,95340,266155,271080,18.244745016098022,1275.171875,776.955078125,b1e2ca85679ab42c91d73e431c3cd5997e2fcdf1f6601773ab360bb02889484e,9997,38,53633098,110318,1215812,2391,47750685,97324,0,0,38122,75,0,0,719550,1408,681428,1333,1022803,2021,329039,644,17496513,34229,16473710,32208,3276637,7863,0,0,33872184,71646,30595547,63783,0,0,0,0,0,0,0,0,4337562,329039,1389964,52088247,18545102,170815,69707,4482,95340,37545,41070,15892,0.43077407174323473,0.423278732188041,199862,75376,209034266624,78695538688,2.0963079504929727,0.014643684891920482,1.4643684891920483,0.3963066192102581,0.8666523659892634,21.073440883902308,40.79689862389503,0.0,0.3963066192102581,22.33639986910183,0.039500851528675544,0.9604991484713244,266155,170815,95340,0,96f1bb230bacd3144e3922a72669e74e2fd0456317928e12cb489d2975ad7e7e,13148352,6433142,1634005,0.5514108916463447,107252,0,0,80458,0.7501771528736061,38974.93864386658,0.3633959147043093,0,0.0,0,104823,0,0,79468,0.7581160623145684,36825.26667225725,0.3513090321041875,0,0.0,0,2429,0,0,990,0.40757513379991767,2149.67197160932,0.885002870156163,0,0.0,0,error_location_001,30609084,True
toolagent_trace,0.0025,1.0,"l1=0.0025,l2x1",all,16,all16,label_binary_600,horizon,600.0,1,main,446163482,446163482,83026370,9997,29393272,1303288,30696560,1303288,246272,481,100262,170818,95289,266107,271080,18.468903303146362,1261.07421875,790.0107421875,6850c0c3e98ab73bb70d2155edc6779218a3fec36813e1801536a950944087a1,9997,38,53633098,110318,1303288,2561,47747306,97317,0,0,37610,74,0,0,719771,1409,682161,1335,1018215,2013,246272,481,17491583,34221,16473368,32208,3280407,7872,0,0,33872184,71646,30591777,63774,0,0,0,0,0,0,0,0,4336232,246272,1302097,52083538,18457626,170818,69726,4530,95289,37519,41172,15909,0.43207505588263073,0.42402516058530343,198677,73574,207796367360,76805883904,2.0849940706692274,0.015697277864851852,1.5697277864851853,0.2966190139349703,0.8669185464810758,21.067503011392645,40.79689862389503,0.0,0.2966190139349703,22.23104057180869,0.03952320074608401,0.9604767992539159,266107,170818,95289,0,3cbfc10c9d53e780b4bc7930113da20b843e13392dc1c6a8831d001d4ec2d66a,13151221,6434323,1632112,0.551308429840849,107245,0,0,80536,0.75095342440207,38929.974378680236,0.36300036718429984,0,0.0,0,104826,0,0,79544,0.7588193768721501,36855.55215856699,0.35158789001361296,0,0.0,0,2419,0,0,992,0.4100868127325341,2074.42222011331,0.8575536255119098,0,0.0,0,error_location_001,30696560,True
toolagent_trace,0.0025,1.0,"l1=0.0025,l2x1",all,16,all16,label_binary_600,horizon,600.0,2,main,446163482,446163482,83026370,9997,29393272,1278791,30672063,1278791,267406,524,100444,170636,95459,266095,271080,17.909298181533813,1260.01171875,854.720703125,25444e2afc3bb0b9fbf16e4caf487468867f77bab124aae6644a846a4010738a,9997,36,53633098,110318,1278791,2513,47749348,97320,0,0,37610,74,0,0,718362,1405,680752,1331,1019728,2016,267406,524,17496355,34230,16476627,32214,3280215,7871,0,0,33872184,71646,30591969,63775,0,0,0,0,0,0,0,0,4337553,267406,1324744,52086901,18482123,170636,69704,4542,95459,37546,41158,15900,0.43115892686912705,0.423480530549193,199724,74107,208895240192,77368424448,2.0922490283786757,0.015402227027389009,1.5402227027389008,0.3220735773465707,0.8652214952911949,21.07325058291721,40.79689862389503,0.0,0.3220735773465707,22.260545655554974,0.03943854850997685,0.9605614514900231,266095,170636,95459,0,df93372a70c2f7b437d35d522c988a30e6d074780eb2f685985e047018784ce0,13150696,6435738,1634345,0.5515229384056936,107250,0,0,80544,0.750993006993007,38917.950803352,0.36287133616179024,0,0.0,0,104813,0,0,79584,0.7592951256046483,36773.030029762405,0.35084417037736165,0,0.0,0,2437,0,0,960,0.3939269593762823,2144.9207735897025,0.8801480400450155,0,0.0,0,error_location_001,30672063,True
toolagent_trace,0.0025,1.0,"l1=0.0025,l2x1",all,16,all16,label_binary_600,horizon,600.0,3,main,446163482,446163482,83026370,9997,29393272,1314743,30708015,1314743,235083,460,100500,170580,95554,266134,271080,21.074509382247925,1261.7578125,789.7080078125,92c29116d36ff94c4b12f4df3209a17192e949be514a5720baf40ea82ecf4366,9997,38,53633098,110318,1314743,2584,47747390,97315,0,0,37610,74,0,0,719095,1407,681485,1333,1017568,2011,235083,460,17491993,34221,16474425,32210,3280704,7874,0,0,33872184,71646,30591480,63772,0,0,0,0,0,0,0,0,4335882,235083,1290261,52083272,18446171,170580,69581,4503,95554,37662,41329,15894,0.43251983171819075,0.42201688704795287,199734,74914,208909320192,78215968768,2.090273562592879,0.015835246079046933,1.5835246079046934,0.2831425726549288,0.8661043473296496,21.067996830404606,40.79689862389503,0.0,0.2831425726549288,22.217243750389184,0.039486657798809166,0.9605133422011909,266134,170580,95554,0,b842266b53da752751c1da5072605a0af4a49763594cdcb2220dbb6067c89000,13148539,6432567,1631344,0.5512581283745669,107243,0,0,80598,0.7515455554208667,38854.244057312935,0.362300980551765,0,0.0,0,104748,0,0,79541,0.7593557872226677,36729.62546506603,0.3506475108361594,0,0.0,0,2495,0,0,1057,0.4236472945891784,2124.618592247083,0.8515505379747829,0,0.0,0,error_location_001,30708015,True
toolagent_trace,0.0025,1.0,"l1=0.0025,l2x1",all,16,all16,label_binary_600,horizon,600.0,4,main,446163482,446163482,83026370,9997,29393272,1268272,30661544,1268272,280195,548,100476,170604,95523,266127,271080,17.765729188919067,1273.890625,777.43359375,e9a72663cc02e5e713d8594c8ab46e7e3cd8147ceb7b6386c47a3d4edb552ed9,9997,38,53633098,110318,1268272,2494,47747306,97317,0,0,38634,76,0,0,721977,1413,683343,1337,1019439,2014,280195,548,17490470,34217,16471031,32203,3279252,7869,0,0,33872184,71646,30592932,63777,0,0,0,0,0,0,0,0,4337325,280195,1338268,52084631,18492642,170604,69552,4510,95523,37693,41187,15897,0.43117364404384284,0.42174939643965725,200633,73587,209826383872,76810317824,2.1003632632978446,0.015275532339905983,1.5275532339905984,0.3374771172098696,0.8695755336527419,21.066162473440667,40.79689862389503,0.0,0.3374771172098696,22.273215124303277,0.03964195475764459,0.9603580452423554,266127,170604,95523,0,c32d466b7ee416cf24e1843611acb66a1b0c76ec7b60996b1733552c7c0852c4,13148522,6435262,1630278,0.5514232702352402,107245,0,0,80507,0.7506830155251993,38935.93735705639,0.36305596864242057,0,0.0,0,104730,0,0,79525,0.7593335243005824,36704.89535157549,0.35047164472047637,0,0.0,0,2515,0,0,982,0.3904572564612326,2231.0420054808565,0.8870942367717123,0,0.0,0,error_location_001,30661544,True
toolagent_trace,0.0025,1.0,"l1=0.0025,l2x1",all,16,all16,evict_binary_learned,class_order,,0,main,446163482,446163482,83026370,9997,29393272,2056245,31449517,2056245,584387,1142,93186,177894,81980,259874,271080,114.6044089794159,1279.57421875,951.3427734375,79d9cd7400e92138e83aa4b26276dad9a66f903610f06db167cd3fd355725bec,9997,15,53633098,110318,2056245,4022,46638982,95172,0,0,660924,1306,76995,151,10889934,21305,10229010,19999,434578,862,507392,991,6230348,12203,5795770,11341,3257982,7814,0,0,33872184,71646,30614202,63832,0,0,0,0,0,0,0,0,4353484,584387,1679889,50992466,17704669,177894,73401,10780,81980,31738,22871,8468,0.27898267870212246,0.26680950280420945,60474,21755,63111239680,22705635328,0.7376677238350817,0.024766167664562477,2.4766167664562477,0.7038570998587557,13.116235239478735,7.50405925250014,40.79689862389503,0.09273559713618697,0.6111215027225687,21.32415159183763,0.6360837981523902,0.36391620184760975,259874,177894,81980,25656,a040dad75195cb386e29310c72d436f9efee02dbb1eb557d147f35e3bd6b0a58,12911469,7835175,97,0.6068421416649027,105139,0,10045,49091,0.46691522650966816,36572.910545357314,0.3478529427268408,8074,0.07679357802528082,1,102828,0,10045,48234,0.4690745711284864,35356.334585276694,0.3438395630108209,8074,0.07851946940522037,1,2311,0,0,857,0.37083513630463005,1216.5759600804242,0.5264283687063713,0,0.0,0,,,
toolagent_trace,0.0025,1.0,"l1=0.0025,l2x1",all,16,all16,evict_binary_learned,class_order,,1,main,446163482,446163482,83026370,9997,29393272,2088596,31481868,2088596,546846,1069,92976,178104,81768,259872,271080,108.06135749816895,1261.7578125,934.47265625,f0d168a0369eaa40d8aaed1c0b7eaab6ef2313fd4812ff18f5f0d07123cd9e93,9997,15,53633098,110318,2088596,4085,46644801,95182,0,0,645873,1275,110622,217,10936000,21395,10290127,20120,449486,893,436224,852,6189472,12123,5739986,11230,3257496,7814,0,0,33872184,71646,30614688,63832,0,0,0,0,0,0,0,0,4352855,546846,1642205,50997656,17672318,178104,73957,10782,81768,31190,22906,8447,0.280134037765385,0.27082398204552743,60197,21491,62803716096,22428598272,0.7361926425985715,0.025155814953730964,2.5155814953730964,0.6586413449124657,13.171718816563942,7.4548267014443725,40.79689862389503,0.13323718717318364,0.5254041577392821,21.28518686292078,0.6385809395501625,0.3614190604498375,259872,178104,81768,25877,df14a252c97f5ed12ddbd9a0cd4c2d7af89652e2b72b2921a37ce310fcf5890b,12897541,7822119,82,0.6064846004366259,105147,0,10127,49043,0.4664231979989919,36774.83137922205,0.34974684374468173,8194,0.07792899464559142,1,102860,0,10127,48217,0.468763367684231,35512.18556808556,0.345247769473902,8194,0.07966167606455377,1,2287,0,0,826,0.36117184083952775,1262.6458111362242,0.5520969878164513,0,0.0,0,,,
toolagent_trace,0.0025,1.0,"l1=0.0025,l2x1",all,16,all16,evict_binary_learned,class_order,,2,main,446163482,446163482,83026370,9997,29393272,2078365,31471637,2078365,553091,1081,93536,177544,82341,259885,271080,107.59020924568176,1276.01953125,955.998046875,f2846930d9a2da202c153fd526337ca47ffdc2f0d4ff1784e5d97768bd194512,9997,15,53633098,110318,2078365,4066,46648041,95189,0,0,655255,1296,102400,200,10855119,21238,10199864,19942,436892,864,450691,881,6274339,12287,5837447,11423,3261454,7822,0,0,33872184,71646,30610730,63824,0,0,0,0,0,0,0,0,4353601,553091,1645238,51001642,17682549,177544,73369,10769,82341,31785,23097,8593,0.28050424454403033,0.27034764826175867,60803,22182,63455580160,23139231744,0.7384292150933314,0.025032589043697803,2.50325890436978,0.666163051570242,13.07430277874367,7.557043623610186,40.79689862389503,0.12333430932846998,0.5428287422417721,21.297509453924096,0.6337105937619275,0.36628940623807243,259885,177544,82341,25675,64f34d525169e0e2f61e1a401bbf614000416741e9782b8cbdc8e3e335e6173a,12904448,7833435,106,0.6070378213775591,105154,0,10031,48680,0.4629400688513989,36648.27878712227,0.34852006378380535,8084,0.07687772219791925,0,102829,0,10031,47799,0.46483968530278424,35372.705249870516,0.3439954220100411,8084,0.07861595464314541,0,2325,0,0,881,0.3789247311827957,1275.573537251531,0.548633779463024,0,0.0,0,,,
toolagent_trace,0.0025,1.0,"l1=0.0025,l2x1",all,16,all16,evict_binary_learned,class_order,,3,main,446163482,446163482,83026370,9997,29393272,2089656,31482928,2089656,548352,1071,93014,178066,81814,259880,271080,106.7821216583252,1261.07421875,940.771484375,7e6538132ccce03763ce53fb94bc8cf7652bcfbcb92a24f2ba4c47459aa8327b,9997,16,53633098,110318,2089656,4088,46641966,95178,0,0,669667,1322,123904,242,10959146,21442,10289479,20120,425352,845,424448,829,6163760,12071,5738408,11226,3258105,7814,0,0,33872184,71646,30614079,63832,0,0,0,0,0,0,0,0,4353124,548352,1643371,50995090,17671258,178066,73925,10774,81814,31217,22854,8301,0.27934094409269805,0.2659128039209405,60961,21457,63598686208,22388043776,0.7451169726452685,0.025168581981845045,2.5168581981845044,0.6604552264539567,13.19959670644399,7.423858227211427,40.79689862389503,0.14923451428744866,0.5112207121665081,21.28391016010937,0.6400283923768547,0.3599716076231453,259880,178066,81814,25583,0d8d93922f3cd9f324343ff3590cca1a91bd62e12b12106285585ea715d5c010,12902512,7826914,90,0.6066228808777702,105142,0,10055,48902,0.46510433508968824,36673.7566225936,0.3488021591998783,8178,0.07778052538471782,1,102834,0,10055,48075,0.4675010210630725,35425.44226326841,0.34449153259883314,8178,0.07952622673434856,1,2308,0,0,827,0.35831889081455803,1248.314359324898,0.5408641071598346,0,0.0,0,,,
toolagent_trace,0.0025,1.0,"l1=0.0025,l2x1",all,16,all16,evict_binary_learned,class_order,,4,main,446163482,446163482,83026370,9997,29393272,2066589,31459861,2066589,564736,1103,92806,178274,81604,259878,271080,108.72562909126282,1274.5234375,941.376953125,f3aa43d8daa2dc9beb972163f6c181c2e7e12ebc4809fd9a3833f374af2e9bfe,9997,15,53633098,110318,2066589,4043,46647785,95190,0,0,675106,1334,133632,261,10879017,21287,10203911,19953,420244,833,431104,842,6250572,12239,5830328,11406,3258638,7815,0,0,33872184,71646,30613546,63831,0,0,0,0,0,0,0,0,4353988,564736,1660086,51001773,17694325,178274,73541,10776,81604,31618,22725,8419,0.2784789961276408,0.26627237649440194,60632,22059,63249600512,23002552320,0.7430027939806872,0.024890754587970063,2.4890754587970063,0.680188715946512,13.103086404957846,7.528417778592512,40.79689862389503,0.16095127367365333,0.5192374422728586,21.311692899496872,0.6351008772014319,0.364899122798568,259878,178274,81604,25423,39177d19fa7606b214d4d8f4e0bd00eed06480b0281428ea15efa85b363153b4,12894460,7818458,94,0.6063460586949744,105159,0,9816,49516,0.4708679238106106,36496.57069114012,0.34706083826529466,7852,0.07466788387109044,1,102848,0,9816,48623,0.47276563472308647,35288.141517586235,0.3431096522789576,7852,0.07634567517112632,1,2311,0,0,893,0.3864128083080917,1208.4291735538343,0.5229031473621092,0,0.0,0,,,
toolagent_trace,0.0025,1.0,"l1=0.0025,l2x1",all,16,all16,evict_binary_recency,class_order,,0,main,446163482,446163482,83026370,9997,29393272,1134061,30527333,1134061,360448,704,206546,64534,201613,266147,271080,60.649739503860474,1274.5234375,949.427734375,26741a49f6afe53412f49baaf199610916f619abe9840caae36bf3a1ec4c5b89,9997,23,53633098,110318,1134061,2225,47794126,97415,0,0,148219,300,116224,227,2138499,4203,1990280,3903,928788,1832,244224,477,16127906,31540,15199118,29708,3267456,7842,0,0,33872184,71646,30604728,63804,0,0,0,0,0,0,0,0,4344463,360448,1437455,52138589,18626853,64534,25420,4495,201613,81942,78403,31613,0.3888786933382272,0.3857972712406336,251009,98502,261792995328,102644461568,1.2450040423980597,0.013659045915171288,1.3659045915171288,0.4341367688362143,2.5756864957482786,19.425040502192257,40.79689862389503,0.13998444108781344,0.2941523277484009,22.434863766776747,0.11707279018504188,0.8829272098149581,266147,64534,201613,125372,34eff4ce48ef4524c8dc205c021bc7b600d1649dd1000f05ea65c11ec77217b5,13139020,7172679,1429830,0.6003182885786003,107362,0,50752,44122,0.4109647733835063,47412.39357365053,0.44161242873316936,14170,0.13198338331998286,0,104794,0,50752,42284,0.4034963833807279,46293.10683184465,0.4417534098502266,14170,0.1352176651335,0,2568,0,0,1838,0.7157320872274143,1119.286741805843,0.43585932313311637,0,0.0,0,,,
toolagent_trace,0.0025,1.0,"l1=0.0025,l2x1",all,16,all16,evict_binary_recency,class_order,,1,main,446163482,446163482,83026370,9997,29393272,1156365,30549637,1156365,333136,652,205383,65697,200471,266168,271080,72.51622700691223,1261.07421875,928.6005859375,9475c237beba2ba071d238e786d69800f95296bb28c2129d7a9a2da1dcd29fb6,9997,23,53633098,110318,1156365,2268,47798481,97424,0,0,159417,325,133337,261,2226097,4376,2066680,4051,918758,1810,199799,391,16045316,31376,15126558,29566,3266941,7839,0,0,33872184,71646,30605243,63807,0,0,0,0,0,0,0,0,4345116,333136,1411311,52143597,18604549,65697,25972,4478,200471,81403,77926,31428,0.38871457717076285,0.3860791371325381,252116,98478,262974228480,102615744512,1.2576183088825814,0.013927683457677363,1.3927683457677362,0.40124119602001146,2.681192734308389,19.32556608219774,40.79689862389503,0.16059596487236524,0.24064523114764622,22.40800001252614,0.12183496700556219,0.8781650329944378,266168,65697,200471,125067,8dd42f7c8144c03206e51ee98c84d8534d23731a2e2ee6fa9437670217ce5b2a,13146287,7180755,1436754,0.6008641071049187,107375,0,50653,44285,0.41243306169965077,47503.82317408352,0.4424104602941422,14155,0.13182770663562282,0,104771,0,50653,42422,0.40490211986141206,46350.79793610948,0.4424010263919355,14155,0.13510417959168092,0,2604,0,0,1863,0.7154377880184332,1153.0252379740825,0.4427900299439641,0,0.0,0,,,
toolagent_trace,0.0025,1.0,"l1=0.0025,l2x1",all,16,all16,evict_binary_recency,class_order,,2,main,446163482,446163482,83026370,9997,29393272,1161675,30554947,1161675,342659,670,206280,64800,201349,266149,271080,64.25713014602661,1276.01953125,952.478515625,ef219ee9dc6b79d63226c7939438d8d803db43e3bf17f9e85b20168068dae1a7,9997,21,53633098,110318,1161675,2278,47782432,97394,0,0,162541,330,126464,247,2196237,4316,2033696,3986,916696,1808,216195,423,16060343,31408,15143647,29600,3267095,7838,0,0,33872184,71646,30605089,63808,0,0,0,0,0,0,0,0,4346332,342659,1421896,52128764,18599239,64800,25894,4493,201349,81447,78155,31304,0.3881568818320429,0.3843481036747824,251855,98987,262761850880,103198605312,1.2508380970354955,0.013991639041909216,1.3991639041909214,0.4127110459002363,2.6452282569983487,19.34366515120437,40.79689862389503,0.1523178720206604,0.26039317387957583,22.401604454102955,0.12029838009090421,0.8797016199090958,266149,64800,201349,125707,802ec66a51a4cf02eceb22980c2e223ef8984418e446b231184307f41ad2eac5,13140040,7179870,1425691,0.6006614515633134,107341,0,51010,43817,0.40820376184309815,47135.76384089969,0.4391217134263673,13960,0.13005282231393409,0,104867,0,51010,42087,0.4013369315418578,46057.751836072865,0.43920157757991424,13960,0.13312100088683762,0,2474,0,0,1730,0.6992724333063864,1078.0120048268313,0.4357364611264476,0,0.0,0,,,
toolagent_trace,0.0025,1.0,"l1=0.0025,l2x1",all,16,all16,evict_binary_recency,class_order,,3,main,446163482,446163482,83026370,9997,29393272,1179049,30572321,1179049,332654,652,205788,65292,200843,266135,271080,72.7317521572113,1261.7578125,927.9853515625,bc63b6e027da3029ac037869986bec995b47b737c696fb7c932cccf50a0f84ff,9997,22,53633098,110318,1179049,2313,47776759,97378,0,0,154908,318,122585,240,2287424,4496,2132516,4178,920506,1811,210069,412,15961787,31211,15041281,29400,3269222,7846,0,0,33872184,71646,30602962,63800,0,0,0,0,0,0,0,0,4344636,332654,1408068,52121395,18581865,65292,26120,4507,200843,81204,77585,31215,0.38629675916014,0.3844022461947687,249723,97582,260459565056,101672404992,1.2433741778404026,0.014200897859318672,1.4200897859318673,0.4006606575718052,2.7550572185680284,19.224960696222176,40.79689862389503,0.14764586239287592,0.2530147951789293,22.380678572362008,0.1253437203394711,0.8746562796605288,266135,65292,200843,125341,0b92ceb19a1a064b55145c5e8870c5ceb77de07d504f6739feee0b5d53a07602,13131364,7177020,1420850,0.6006569462243222,107324,0,50885,44170,0.4115575267414558,47301.11816744231,0.4407319720420625,14190,0.13221646602810183,0,104829,0,50885,42345,0.40394356523481095,46345.416181410765,0.44210491544716407,14190,0.1353633059554131,0,2495,0,0,1825,0.7314629258517034,955.7019860317052,0.38304688818906024,0,0.0,0,,,
toolagent_trace,0.0025,1.0,"l1=0.0025,l2x1",all,16,all16,evict_binary_recency,class_order,,4,main,446163482,446163482,83026370,9997,29393272,1124146,30517418,1124146,375654,736,205958,65122,201066,266188,271080,61.361199617385864,1260.01171875,993.2021484375,01189edbee1e1c7b477b7869496f02e9f21e58c4837506c047fc202555b18330,9997,22,53633098,110318,1124146,2206,47788204,97401,0,0,152471,309,96364,189,2142966,4212,1990495,3903,925720,1825,279290,547,16118148,31518,15192428,29693,3266903,7841,0,0,33872184,71646,30605281,63805,0,0,0,0,0,0,0,0,4345094,375654,1453845,52133298,18636768,65122,25716,4455,201066,81633,78153,31544,0.38869326489809314,0.38641235774747956,251195,98344,262089031680,102518886400,1.2493161449474302,0.01353962602484006,1.353962602484006,0.4524514319968463,2.58106671410541,19.413287609707616,40.79689862389503,0.11606432992313165,0.33638710207371464,22.44680575580987,0.1173513291686367,0.8826486708313633,266188,65122,201066,125391,0bedc4a9afbaf9432aa69da5a9649a7bdf1894d864ea221632483d574ed8eb80,13143254,7180345,1432572,0.6008124776406208,107349,0,50865,43920,0.4091328284380851,47305.781952842735,0.4406727771366546,14069,0.13105851009324726,0,104848,0,50865,42180,0.4022966580192278,46194.655318119934,0.440586900256752,14069,0.13418472455363956,0,2501,0,0,1740,0.6957217113154738,1111.1266347228045,0.4442729447112373,0,0.0,0,,,
toolagent_trace,0.0025,1.0,"l1=0.0025,l2x1",leaf,16,leaf16,adm_label,leaf_location,,0,main,446163482,446163482,83026370,9997,29393272,1651951,31045223,1651951,0,0,270496,584,262618,263202,271080,66.61868476867676,1279.57421875,1017.5205078125,9b19ad86b6d3fb3578d1491394bcccdef09afd720ef3cb6767c20e1251aaef35,9997,9,53633098,110318,1651951,3228,47623537,97102,0,0,2560,5,0,0,29696,58,27136,53,1102283,2182,0,0,18079267,35386,16976984,33204,3252767,7801,0,0,33872184,71646,30619417,63845,0,0,0,0,0,0,0,0,4357610,0,1104843,51981147,18108963,584,21,7453,262618,107052,0,0,0.0,0.0,0,0,0,0,0.0,0.019896702698190948,1.989670269819095,0.0,0.0357669497052563,21.775331138769527,40.79689862389503,0.0,0.0,21.811098088474782,0.0016398509401118109,0.9983601490598882,263202,584,262618,82375,4e50c95b2ec82fd9e00d95b55ddbc0df2e8841f0f8e223855225f6bbb5a43dea,13465050,7096145,3196,0.5271234046661543,107073,0,33406,238,0.0022227825875804357,52584.420440317146,0.4911081266081752,29790,0.27822140035303017,20,54873,0,33406,112,0.0020410766679423396,26753.502461202585,0.4875531219580228,14985,0.2730851238313925,17,52200,0,0,126,0.002413793103448276,25830.91797911274,0.494845172013654,14805,0.2836206896551724,3,,,
toolagent_trace,0.0025,1.0,"l1=0.0025,l2x1",leaf,16,leaf16,adm_label,leaf_location,,1,main,446163482,446163482,83026370,9997,29393272,1649903,31043175,1649903,0,0,270498,582,262548,263130,271080,64.80282092094421,1261.7578125,1001.36328125,e527ae946d669ec9a54980a3a1be16122aa0a1c6f23cfe5d9dd3ef325344c78a,9997,9,53633098,110318,1649903,3224,47626336,97106,0,0,2560,5,0,0,30208,59,27648,54,1101390,2181,0,0,18080803,35389,16979413,33208,3252909,7802,0,0,33872184,71646,30619275,63844,0,0,0,0,0,0,0,0,4356859,0,1103950,51983195,18111011,582,23,7525,262548,107054,0,0,0.0,0.0,0,0,0,0,0.0,0.019872035836325255,1.9872035836325255,0.0,0.036383621251898646,21.777181153409455,40.79689862389503,0.0,0.0,21.81356477466135,0.0016679356000612003,0.9983320643999388,263130,582,262548,81826,40f294f740fff7bf3f9e5d2b5d6de32f276371fb81d8f7587969655105069615,13432573,7065556,3348,0.526126305064562,107077,0,33132,388,0.0036235606152581787,52557.724057267646,0.49084046113794416,29800,0.2783043977698292,17,54378,0,33132,178,0.003273382617970503,26147.81223739845,0.480852775707059,14724,0.2707712677921218,16,52699,0,0,210,0.003984895349057857,26409.911819866884,0.5011463560953127,15076,0.2860775346780774,1,,,
toolagent_trace,0.0025,1.0,"l1=0.0025,l2x1",leaf,16,leaf16,adm_label,leaf_location,,2,main,446163482,446163482,83026370,9997,29393272,1654261,31047533,1654261,0,0,270476,604,262558,263162,271080,64.08154535293579,1276.01953125,932.662109375,e9719c1ebd1bfca9f15c57a2865716f3e60bb996c80fabb0133560ac802d32fc,9997,11,53633098,110318,1654261,3234,47621870,97098,0,0,2560,5,0,0,30208,59,27648,54,1101640,2180,0,0,18076445,35379,16974805,33199,3252767,7801,0,0,33872184,71646,30619417,63845,0,0,0,0,0,0,0,0,4356967,0,1104200,51978837,18106653,604,25,7493,262558,107042,0,0,0.0,0.0,0,0,0,0,0.0,0.019924525183986727,1.9924525183986725,0.0,0.036383621251898646,21.771932218643304,40.79689862389503,0.0,0.0,21.808315839895204,0.001668337047161615,0.9983316629528384,263162,604,262558,82554,f64d37a9aa4e0964c0f9565c7ebe917f9b9999aeabf76a9b27983dc47c34b81d,13455043,7064244,3273,0.525147374110956,107067,0,33271,358,0.003343700673410108,52556.47210615229,0.49087461221620377,29786,0.278199632006127,17,54525,0,33271,134,0.0024575882622650163,26240.953354785797,0.4812646190698908,14729,0.27013296652911506,12,52542,0,0,224,0.004263256061817213,26315.518751364092,0.5008472983777567,15057,0.2865707434052758,5,,,
toolagent_trace,0.0025,1.0,"l1=0.0025,l2x1",leaf,16,leaf16,adm_label,leaf_location,,3,main,446163482,446163482,83026370,9997,29393272,1580271,30973543,1580271,0,0,270517,563,262764,263327,271080,68.79992651939392,1274.5234375,1007.599609375,633a217edefce532c202ce11e6f7d01e199e5cd2d7162a12a83c28d468606fc2,9997,9,53633098,110318,1580271,3088,47695587,97242,0,0,2560,5,0,0,30208,59,27648,54,1101771,2181,0,0,18150435,35525,17048664,33344,3252909,7802,0,0,33872184,71646,30619275,63844,0,0,0,0,0,0,0,0,4357240,0,1104331,52052827,18180643,563,25,7328,262764,107188,0,0,0.0,0.0,0,0,0,0,0.0,0.01903336253289166,1.9033362532891658,0.0,0.036383621251898646,21.861048483752814,40.79689862389503,0.0,0.0,21.89743210500471,0.0016615473941158187,0.9983384526058842,263327,563,262764,82459,954a5da008d1f6b08c0dfbc546cf9a16ea8c4629a50230275e83c93638f095d4,13484101,7086498,3385,0.5256702319272156,107213,0,33610,217,0.0020240082825776725,53123.4707232476,0.495494676235602,29931,0.279173234589089,15,55203,0,33610,115,0.0020832201148488307,26762.78920157823,0.4848067895146682,14887,0.2696773726065612,6,52010,0,0,102,0.0019611613151317053,26360.681521666975,0.5068387141254946,15044,0.28925206691020955,9,,,
toolagent_trace,0.0025,1.0,"l1=0.0025,l2x1",leaf,16,leaf16,adm_label,leaf_location,,4,main,446163482,446163482,83026370,9997,29393272,1645807,31039079,1645807,0,0,270497,583,262595,263178,271080,64.59667301177979,1274.9921875,1007.6201171875,007453eb4787385816722b0c23f20885139212b1c4ee7c9d04c75755188dfcc4,9997,9,53633098,110318,1645807,3216,47630432,97114,0,0,2560,5,0,0,30720,60,28160,55,1101390,2181,0,0,18084387,35396,16982997,33215,3252909,7802,0,0,33872184,71646,30619275,63844,0,0,0,0,0,0,0,0,4356859,0,1103950,51987291,18115107,583,17,7476,262595,107067,0,0,0.0,0.0,0,0,0,0,0.0,0.019822702112593866,1.9822702112593866,0.0,0.037000292798540994,21.781497854235948,40.79689862389503,0.0,0.0,21.81849814703449,0.001695822166548616,0.9983041778334514,263178,583,262595,81858,0dcda60ac7cc3f31f4da31465ef4e70e1ff678ae8be2a5fb6db08c39acd9de8c,13452409,7095968,3391,0.5276128238444133,107084,0,33149,300,0.0028015389787456576,52521.89236193167,0.490473762298118,29807,0.27835157446490605,13,54246,0,33149,94,0.0017328466615049957,26156.925865731308,0.48219086874112943,14643,0.2699369538767835,8,52838,0,0,206,0.003898709262273364,26364.966496197507,0.4989773741662725,15164,0.2869904235588024,5,,,
toolagent_trace,0.0025,1.0,"l1=0.0025,l2x1",leaf,16,leaf16,evict_label,leaf_location,,0,main,446163482,446163482,83026370,9997,29393272,5764611,35157883,5764611,0,0,249815,21265,223555,244820,271080,33.952850580215454,1279.57421875,951.072265625,c3c9765bb3ef2e1f9ae69c81fe497130f61e5796367d61215d22b836e043c670,9997,67,53633098,110318,5764611,11295,43567601,89093,0,0,30104,61,0,0,390597,769,360493,708,812229,1605,0,0,13605706,26608,12793477,25003,3458553,8264,0,0,33872184,71646,30413631,63382,0,0,0,0,0,0,0,0,4300886,0,842333,47868487,13996303,21265,7030,25835,223555,91976,0,0,0.0,0.0,0,0,0,0,0.0,0.06943108556956061,6.943108556956061,0.0,0.47044932832785535,16.38721047300996,40.79689862389503,0.0,0.0,16.857659801337817,0.02790715519662585,0.9720928448033741,244820,21265,223555,52961,b086edcf978c71f29d3853982ca9a0a05b4aa5ed386b77631ba9e04a9ab67452,11797940,11797940,0,1.0,99006,0,20025,78981,0.7977395309375189,8776.968333843093,0.08865087301621208,6110,0.061713431509201465,0,30374,0,20025,10349,0.3407190360176467,8776.968333843093,0.2889632031949395,6110,0.20115888588924738,0,68632,0,0,68632,1.0,0.0,0.0,0,0.0,0,,,
toolagent_trace,0.0025,1.0,"l1=0.0025,l2x1",leaf,16,leaf16,evict_label,leaf_location,,1,main,446163482,446163482,83026370,9997,29393272,5760305,35153577,5760305,0,0,248431,22649,222177,244826,271080,33.954994440078735,1260.84765625,940.27734375,820922da99e78a21d379043a0fb7b69d62037d84172faf6511523d5d693abcf3,9997,63,53633098,110318,5760305,11284,43571487,89100,0,0,29869,62,0,0,376779,743,346910,681,822254,1626,0,0,13623830,26645,12801576,25019,3449183,8246,0,0,33872184,71646,30423001,63400,0,0,0,0,0,0,0,0,4301306,0,852123,47872793,14000609,22649,7548,25829,222177,91469,0,0,0.0,0.0,0,0,0,0,0.0,0.0693792225289387,6.93792225289387,0.0,0.45380642318819914,16.40903968221181,40.79689862389503,0.0,0.0,16.862846105400006,0.026911615059030645,0.9730883849409694,244826,22649,222177,52676,bdfef0f7d7d0c246fdd01cd99e969685a1a6365dd758e171054d017a1a972eab,11806495,11806495,0,1.0,99017,0,20225,78792,0.7957421452881829,9120.268530846863,0.09210810801020898,6190,0.06251451770908026,16,30978,0,20225,10753,0.34711730905804117,9120.268530846863,0.29441114761594883,6186,0.19969010265349604,12,68039,0,0,68039,1.0,0.0,0.0,4,5.8789811725627946e-05,4,,,
toolagent_trace,0.0025,1.0,"l1=0.0025,l2x1",leaf,16,leaf16,evict_label,leaf_location,,2,main,446163482,446163482,83026370,9997,29393272,5755480,35148752,5755480,0,0,249806,21274,223542,244816,271080,66.97111248970032,1275.171875,914.822265625,00d49fbd033d3071342953f028c6d608b8d6e960073417b240b978b185392554,9997,64,53633098,110318,5755480,11276,43575815,89109,0,0,36173,74,0,0,469716,925,433543,851,814512,1609,0,0,13535718,26471,12721206,24862,3451118,8250,0,0,33872184,71646,30421066,63396,0,0,0,0,0,0,0,0,4301803,0,850685,47877618,14005434,21274,7471,25839,223542,91555,0,0,0.0,0.0,0,0,0,0,0.0,0.06932110846228734,6.932110846228734,0.0,0.5657431488333164,16.302914363231825,40.79689862389503,0.0,0.0,16.86865751206514,0.03353812527337603,0.9664618747266239,244816,21274,223542,54260,2d5188d1763d29c7686a6ebd635ae3c04c8cac22b7efae87886920de9ef84163,11802547,11802547,0,1.0,99026,0,20569,78457,0.7922868741542625,9315.803258030272,0.09407431642225549,6400,0.06462949124472361,0,31017,0,20569,10448,0.33684753522261984,9315.803258030272,0.3003450771522156,6400,0.2063384595544379,0,68009,0,0,68009,1.0,0.0,0.0,0,0.0,0,,,
toolagent_trace,0.0025,1.0,"l1=0.0025,l2x1",leaf,16,leaf16,evict_label,leaf_location,,3,main,446163482,446163482,83026370,9997,29393272,5761606,35154878,5761606,0,0,249535,21545,223277,244822,271080,33.8964638710022,1274.9921875,1006.9228515625,21e3582e9aac04fe818554335482482625c2df381caa5616180ce272df44d7f4,9997,62,53633098,110318,5761606,11287,43569499,89096,0,0,30732,65,0,0,356091,704,325359,639,817103,1614,0,0,13643217,26681,12826114,25067,3454158,8256,0,0,33872184,71646,30418026,63390,0,0,0,0,0,0,0,0,4301993,0,847835,47871492,13999308,21545,7258,25833,223277,91758,0,0,0.0,0.0,0,0,0,0,0.0,0.06939489224929381,6.939489224929381,0.0,0.4288890385066817,16.432390094857816,40.79689862389503,0.0,0.0,16.861279133364498,0.025436328709961948,0.9745636712900381,244822,21545,223277,53627,e3d5851f90912733c09032fe1ffb21cdb1e5898d78c42b139f459a006be099f6,11810750,11810750,0,1.0,99016,0,20690,78326,0.7910438716975035,9319.418800577296,0.09412033207337497,6402,0.0646562171770219,0,31173,0,20690,10483,0.3362846052673788,9319.418800577296,0.2989580342147787,6402,0.20537003175825233,0,67843,0,0,67843,1.0,0.0,0.0,0,0.0,0,,,
toolagent_trace,0.0025,1.0,"l1=0.0025,l2x1",leaf,16,leaf16,evict_label,leaf_location,,4,main,446163482,446163482,83026370,9997,29393272,5796327,35189599,5796327,0,0,250396,20684,224058,244742,271080,34.93673038482666,1273.890625,1005.4775390625,00271e15c0a13a2275f80981e6aec30cf8c638b0a26b6fa14f07f5827c7a3dd2,9997,61,53633098,110318,5796327,11354,43535578,89028,0,0,26126,57,0,0,305408,607,279282,550,820183,1620,0,0,13659179,26711,12838996,25091,3454884,8259,0,0,33872184,71646,30417300,63387,0,0,0,0,0,0,0,0,4301193,0,846309,47836771,13964587,20684,7080,25913,224058,91866,0,0,0.0,0.0,0,0,0,0,0.0,0.0698130846862268,6.98130846862268,0.0,0.3678445775721617,16.451615312099037,40.79689862389503,0.0,0.0,16.819459889671197,0.021870177757494724,0.9781298222425052,244742,20684,224058,54084,c612813198f1d374312e82a20366d07239d44b0c6930d9e4bd9e96668a5a88d7,11798538,11798538,0,1.0,98946,0,20687,78259,0.7909263638752451,9170.236534404488,0.09267920415584752,6373,0.06440886948436521,0,31069,0,20687,10382,0.33415945154333904,9170.236534404488,0.2951571191349734,6373,0.20512407866361967,0,67877,0,0,67877,1.0,0.0,0.0,0,0.0,0,,,
toolagent_trace,0.0025,4.0,"l1=0.0025,l2x4",all,16,all16,label_binary_6,horizon,6.0,0,main,446163482,1784653926,83026370,9997,29393272,1483102,30876374,1483102,224702,440,271080,0,262569,262569,271080,21.640170097351074,1279.57421875,812.9111328125,c5a77a04bebe4d3e4d021e7d94c91e04e7b34f54ad4d0ce47d5989cba99fdeb6,9997,40,53633098,110318,1483102,2914,47593846,97007,0,0,0,0,0,0,0,0,0,0,1040767,2056,224702,440,18053110,35318,17012343,33262,3290681,7901,0,0,33872184,71646,30581503,63745,0,0,0,0,0,0,0,0,4331448,224702,1265469,51925294,18277812,0,0,6722,262569,106976,119937,48577,0.4567827885241594,0.4540925067304816,599179,235795,613672007680,241135575040,2.2819868301284614,0.017863023518913328,1.7863023518913328,0.27063931615943226,0.0,21.74382669024311,40.79689862389503,0.0,0.27063931615943226,22.014466006402543,0.0,1.0,262569,0,262569,0,2925e352579f21e5285ce22d4d976565719a84c2099f53fe7c33520ac3dcd7ea,13283436,9478050,785269,0.7430821739194587,106976,0,0,76599,0.7160391115764284,57666.57599344662,0.5390608734056855,30389,0.2840730631169608,12,101484,0,0,72617,0.7155512198967325,54819.76890964719,0.5401813971625792,28879,0.28456702534389655,12,5492,0,0,3982,0.7250546249089584,2846.8070837992336,0.5183552592496784,1510,0.2749453750910415,0,,,
toolagent_trace,0.0025,4.0,"l1=0.0025,l2x4",all,16,all16,label_binary_6,horizon,6.0,1,main,446163482,1784653926,83026370,9997,29393272,1502581,30895853,1502581,220920,433,271080,0,262601,262601,271080,23.427547216415405,1260.84765625,802.1640625,84ff4eee35120d97d32186a2b1b78f3b587c0dc4c8a8e6978db40dc85708e89a,9997,41,53633098,110318,1502581,2953,47578727,96976,0,0,0,0,0,0,0,0,0,0,1037599,2049,220920,433,18037413,35286,16999814,33237,3293271,7907,0,0,33872184,71646,30578913,63739,0,0,0,0,0,0,0,0,4330870,220920,1258519,51909597,18258333,0,0,6688,262601,106944,119580,48368,0.4553676490188537,0.45227408737283065,596752,233927,611247622144,239208302592,2.2724665938058117,0.018097635727058765,1.8097635727058765,0.2660841368832577,0.0,21.724920648704742,40.79689862389503,0.0,0.2660841368832577,21.991004785588,0.0,1.0,262601,0,262601,0,61c35150681e2b3a42fdfa3425d90a95b26e04b9d374c1df90f9d6b22dc69361,13283156,9476040,785430,0.7429525784384373,106944,0,0,76602,0.7162814183123878,57537.07264322043,0.5380112268404065,30358,0.28386819269898267,16,101455,0,0,72720,0.716770982208861,54470.84715026072,0.5368966256001254,28750,0.2833768665910995,15,5489,0,0,3882,0.7072326471124066,3066.225492959523,0.5586127697138865,1608,0.29294953543450536,1,,,
toolagent_trace,0.0025,4.0,"l1=0.0025,l2x4",all,16,all16,label_binary_6,horizon,6.0,2,main,446163482,1784653926,83026370,9997,29393272,1474928,30868200,1474928,235727,463,271080,0,262601,262601,271080,47.0712354183197,1261.7578125,884.8173828125,c7852b76aa1bfa921241249199f340a40848f08987729647b07ef2cb99ab1db1,9997,41,53633098,110318,1474928,2898,47590969,97001,0,0,0,0,0,0,0,0,0,0,1041238,2056,235727,463,18050259,35311,17009021,33255,3290236,7900,0,0,33872184,71646,30581948,63746,0,0,0,0,0,0,0,0,4331474,235727,1276965,51922443,18285986,0,0,6687,262601,106968,119850,48651,0.456395824844536,0.4548182634058784,601875,239962,616465813504,245414469632,2.29197527808348,0.01776457287004117,1.7764572870041169,0.2839182298346899,0.0,21.74039284145507,40.79689862389503,0.0,0.2839182298346899,22.02431107128976,0.0,1.0,262601,0,262601,0,c9c2d54c6a9f9e85b744b5e00905e3bcd02905418df1ec20ee03f8c30da58231,13279982,9483902,781678,0.7435809024439943,106968,0,0,76607,0.7161674519482462,57624.14400121442,0.5387045097712814,30379,0.28400082267594046,18,101482,0,0,72634,0.715732839321259,54730.391828008236,0.539311324451708,28864,0.28442482410673814,16,5486,0,0,3973,0.7242070725483047,2893.7521732060172,0.5274794336868424,1515,0.2761574917973022,2,,,
toolagent_trace,0.0025,4.0,"l1=0.0025,l2x4",all,16,all16,label_binary_6,horizon,6.0,3,main,446163482,1784653926,83026370,9997,29393272,1492830,30886102,1492830,221563,435,271080,0,262574,262574,271080,23.041040897369385,1274.9921875,960.9267578125,173ab56f042afadc8acfcc323d41f92f65063e9be129981049afc2037fb210f6,9997,40,53633098,110318,1492830,2933,47586722,96993,0,0,0,0,0,0,0,0,0,0,1040694,2055,221563,435,18046521,35304,17005827,33249,3291289,7902,0,0,33872184,71646,30580895,63744,0,0,0,0,0,0,0,0,4331983,221563,1262257,51918705,18268084,0,0,6712,262574,106960,119959,48530,0.45685787625583646,0.4537210172026926,602087,234072,616763265024,239365951488,2.293018349113012,0.017980191112775375,1.7980191112775374,0.26685858962640424,0.0,21.735890657389934,40.79689862389503,0.0,0.26685858962640424,22.00274924701634,0.0,1.0,262574,0,262574,0,c7bf6ad3a21ceef7b4d7e378be7d85df47ba08a33dc047b94ab820c8a117fdf8,13281445,9479099,783010,0.743187507082249,106960,0,0,76599,0.7161462228870605,57615.04566292392,0.5386597388081892,30375,0.2839846671652954,14,101475,0,0,72624,0.7156836659275684,54677.4534700915,0.538826838828199,28864,0.28444444444444444,13,5485,0,0,3975,0.7247037374658158,2937.5921928322896,0.5355683122757137,1511,0.27547857793983593,1,,,
toolagent_trace,0.0025,4.0,"l1=0.0025,l2x4",all,16,all16,label_binary_6,horizon,6.0,4,main,446163482,1784653926,83026370,9997,29393272,1484845,30878117,1484845,221281,434,271080,0,262589,262589,271080,23.149754285812378,1276.01953125,694.5283203125,d1b6bfd70fd2ba0a71b59fe4aa545cdccd8ab1d32dd3442e20f49f5300ee7b2d,9997,41,53633098,110318,1484845,2918,47595216,97010,0,0,0,0,0,0,0,0,0,0,1040060,2054,221281,434,18054788,35320,17014728,33266,3291696,7902,0,0,33872184,71646,30580488,63744,0,0,0,0,0,0,0,0,4331756,221281,1261341,51926972,18276069,0,0,6696,262589,106978,119729,48456,0.4559558854331293,0.4529529435958795,594174,234121,608477655040,239317823488,2.2627528190442097,0.01788401684910469,1.788401684910469,0.26651893850110514,0.0,21.745847734882304,40.79689862389503,0.0,0.26651893850110514,22.012366673383408,0.0,1.0,262589,0,262589,0,9fa8de8ec1c18ba0271f13d4d082cecfc671cd15d32364c0d845192bbb05346a,13283847,9480136,783398,0.7431457920284689,106978,0,0,76606,0.7160911589298734,57683.61380880286,0.5392100600946256,30383,0.28401166595000843,11,101502,0,0,72686,0.7161041161750508,54742.82242110165,0.5393275247886904,28826,0.2839944040511517,10,5476,0,0,3920,0.7158509861212564,2940.791387701079,0.5370327588935498,1557,0.28433162892622355,1,,,
toolagent_trace,0.0025,4.0,"l1=0.0025,l2x4",all,16,all16,label_binary_15,horizon,15.0,0,main,446163482,1784653926,83026370,9997,29393272,2090192,31483464,2090192,349234,685,271080,0,259191,259191,271080,21.523883819580078,1261.07421875,790.0107421875,e5a5054e7852cd3a8a093b7d23a837d930c5eb59c9f3d6bebafb5f0e6595bb7f,9997,53,53633098,110318,2090192,4106,46875443,95583,0,0,0,0,0,0,0,0,0,0,993241,1962,349234,685,17321488,33881,16328247,31919,3324988,7982,0,0,33872184,71646,30547196,63664,0,0,0,0,0,0,0,0,4318229,349234,1342475,51193672,17670722,0,0,10097,259191,105536,118304,47829,0.4564356015448067,0.4532008035172832,588426,231993,602759438336,237253314560,2.270240864844844,0.025175037762098958,2.5175037762098955,0.4206302166408094,0.0,20.86263436544317,40.79689862389503,0.0,0.4206302166408094,21.28326458208398,0.0,1.0,259191,0,259191,0,c1ebae6ff3602ba1e0ec4f6aa46df7c76a112f9caa7dc6caefbfb64864eaa9ce,13111836,9538734,742069,0.7557880147372191,105536,0,0,76600,0.7258186779866586,52008.466968821536,0.49280309059298755,28945,0.27426660097028505,9,100079,0,0,72685,0.7262762417690025,49265.90794027629,0.49227018595585775,27402,0.2738036950808861,8,5457,0,0,3915,0.7174271577789995,2742.559028544846,0.5025763292184069,1543,0.2827560930914422,1,,,
toolagent_trace,0.0025,4.0,"l1=0.0025,l2x4",all,16,all16,label_binary_15,horizon,15.0,1,main,446163482,1784653926,83026370,9997,29393272,2103439,31496711,2103439,317577,622,271080,0,259210,259210,271080,22.524199962615967,1279.57421875,908.0244140625,71e1714ce59ac495f9620fa8c82b0d9fd6ac39e41ae1673b6f0f283bd2e72736,9997,53,53633098,110318,2103439,4132,46895315,95620,0,0,0,0,0,0,0,0,0,0,988812,1954,317577,622,17339898,33918,16351086,31964,3327955,7990,0,0,33872184,71646,30544229,63656,0,0,0,0,0,0,0,0,4316767,317577,1306389,51212082,17657475,0,0,10073,259210,105569,118364,47889,0.4566336175301879,0.45362748534134073,596152,235124,610671994880,240506456064,2.2998804058485396,0.02533458948042652,2.533458948042652,0.38250136673444834,0.0,20.884808043516777,40.79689862389503,0.0,0.38250136673444834,21.267309410251226,0.0,1.0,259210,0,259210,0,68ab3ff8bbed7203ff8756e9c5864482e801cd269da968b42cc5daed508fb9ee,13114317,9540331,742712,0.7557913233300675,105569,0,0,76588,0.7254781233127149,52153.76415615724,0.4940253687745194,28990,0.27460712898672907,9,100069,0,0,72540,0.7248998191248038,49543.20874626158,0.49509047503484177,27538,0.2751901188180156,9,5500,0,0,4048,0.736,2610.5554098950156,0.4746464381627301,1452,0.264,0,,,
toolagent_trace,0.0025,4.0,"l1=0.0025,l2x4",all,16,all16,label_binary_15,horizon,15.0,2,main,446163482,1784653926,83026370,9997,29393272,2091798,31485070,2091798,347076,681,271080,0,259183,259183,271080,21.346343755722046,1260.84765625,897.27734375,007d2bd80eab08691f7eb5709b80c77f30090d6569bde2653b2e6c86aee8c792,9997,52,53633098,110318,2091798,4108,46877141,95584,0,0,0,0,0,0,0,0,0,0,988165,1954,347076,681,17322040,33883,16333875,31929,3328918,7991,0,0,33872184,71646,30543266,63655,0,0,0,0,0,0,0,0,4317083,347076,1335241,51194224,17669116,0,0,10101,259183,105539,118375,47886,0.4567236277070641,0.45372800576090355,587847,231464,601977333760,236613158912,2.268076995790619,0.0251943810141284,2.5194381014128404,0.4180310424266411,0.0,20.863299214454397,40.79689862389503,0.0,0.4180310424266411,21.281330256881038,0.0,1.0,259183,0,259183,0,6407b5a087a89739b35f386c8a668c30a9d9a904e2ea6e1fbf4c0ee07e376d6d,13111171,9536571,742709,0.7556857812318976,105539,0,0,76602,0.7258169965605131,52030.91943524508,0.493001823356722,28946,0.2742682799723325,9,100064,0,0,72615,0.7256855612408059,49365.90326957142,0.49334329298820173,27457,0.2743943875919412,8,5475,0,0,3987,0.7282191780821918,2665.0161656730534,0.48676094350192756,1489,0.2719634703196347,1,,,
toolagent_trace,0.0025,4.0,"l1=0.0025,l2x4",all,16,all16,label_binary_15,horizon,15.0,3,main,446163482,1784653926,83026370,9997,29393272,2083148,31476420,2083148,333238,652,271080,0,259211,259211,271080,22.03899621963501,1274.9921875,869.1064453125,e51887b09a0c0e4a41a2c1658180d15d685531ea182b52fe5842a1e15ea4ffd5,9997,55,53633098,110318,2083148,4094,46899610,95630,0,0,0,0,0,0,0,0,0,0,988633,1953,333238,652,17344528,33926,16355895,31973,3328469,7989,0,0,33872184,71646,30543715,63657,0,0,0,0,0,0,0,0,4317102,333238,1321871,51216712,17677766,0,0,10070,259211,105574,118364,47848,0.45663185590117705,0.4532176482846155,590105,232981,604255100928,238234435584,2.2765430479416384,0.025090197246971053,2.5090197246971053,0.40136404855469415,0.0,20.890384585042078,40.79689862389503,0.0,0.40136404855469415,21.29174863359677,0.0,1.0,259211,0,259211,0,6cae38f4ea6124d4b70405c929e0015fd5390a4e598a950a429fc9241a030f98,13116223,9542533,743066,0.7558628730237356,105574,0,0,76585,0.7254153484759506,52165.63452394965,0.4941144081303129,29001,0.27469831587322635,12,100105,0,0,72572,0.7249587932670696,49567.30460096472,0.4951531352176687,27545,0.27516108086509167,12,5469,0,0,4013,0.7337721704150667,2598.3299229843356,0.47510146699293027,1456,0.26622782958493324,0,,,
toolagent_trace,0.0025,4.0,"l1=0.0025,l2x4",all,16,all16,label_binary_15,horizon,15.0,4,main,446163482,1784653926,83026370,9997,29393272,2105672,31498944,2105672,328114,643,271080,0,259215,259215,271080,23.77060341835022,1276.01953125,789.6455078125,511a14c98c757a27f09e52894054650cad2951cf96c1e7a493ff24563e40cb3c,9997,52,53633098,110318,2105672,4136,46880383,95594,0,0,0,0,0,0,0,0,0,0,991161,1958,328114,643,17327128,33893,16335967,31935,3327768,7987,0,0,33872184,71646,30544416,63659,0,0,0,0,0,0,0,0,4318929,328114,1319275,51199312,17655242,0,0,10070,259215,105547,118242,47815,0.45615415774550083,0.4530209290647768,587938,231294,602109446144,236383614976,2.268148062419227,0.025361484550029106,2.5361484550029103,0.3951925153418125,0.0,20.869427387949155,40.79689862389503,0.0,0.3951925153418125,21.264619903290967,0.0,1.0,259215,0,259215,0,bac13d6f03d519cccf603a7346afabe562265caa9fd6fa485847e10548cb791b,13111848,9544058,741396,0.756167704201574,105547,0,0,76595,0.7256956616483652,52065.08227474922,0.493288130167122,28969,0.2744654040380115,17,100072,0,0,72598,0.7254576704772564,49466.84262215504,0.4943125212062819,27488,0.2746822287952674,14,5475,0,0,3997,0.7300456621004566,2598.239652593688,0.47456432010843613,1481,0.27050228310502283,3,,,
toolagent_trace,0.0025,4.0,"l1=0.0025,l2x4",all,16,all16,label_binary_60,horizon,60.0,0,main,446163482,1784653926,83026370,9997,29393272,6662761,36056033,6662761,437760,855,271079,1,237870,237871,271080,19.353003978729248,1260.01171875,854.728515625,59d9149e70f174e8b59b233e5340d6534c58d5927990c6bc64129ce9f673cc66,9997,88,53633098,110318,6662761,13058,42253177,86496,0,0,0,0,0,0,0,0,0,0,706613,1397,437760,855,12660393,24759,11953780,23362,3572787,8512,0,0,33872184,71646,30299397,63134,0,0,0,0,0,0,0,0,4279400,437760,1144373,46532577,13098153,1,0,31415,237870,96399,107937,43304,0.4537646613696557,0.44921627817715953,538465,210364,551402493952,215091374080,2.2636944549543867,0.08024873302301426,8.024873302301426,0.5272541723792091,0.0,15.248640883613243,40.79689862389503,0.0,0.5272541723792091,15.775895055992452,0.0,1.0,237871,1,237870,0,2104ad55777dd0f1c64dfdbc4a4c84445afb898aa9f43ada60bafac540aeb564,12078578,10009148,417593,0.8459559146780358,96399,0,0,76460,0.7931617547899874,26103.434968479734,0.2707853293963603,19947,0.2069212336227554,9,90941,0,0,72120,0.7930416423835234,24623.156190941605,0.27075968145216794,18829,0.2070463267393145,9,5458,0,0,4340,0.7951630633931843,1480.2787775383044,0.2712126745214922,1118,0.20483693660681568,0,,,
toolagent_trace,0.0025,4.0,"l1=0.0025,l2x4",all,16,all16,label_binary_60,horizon,60.0,1,main,446163482,1784653926,83026370,9997,29393272,6624407,36017679,6624407,478177,935,271078,2,237859,237861,271080,21.700584650039673,1273.890625,777.4375,0a25a97d71071a188618fd9964b61db4124dd7d95d34f4c0e9d970b43951e59a,9997,88,53633098,110318,6624407,12983,42250615,86491,0,0,0,0,0,0,0,0,0,0,709029,1401,478177,935,12658330,24754,11949301,23353,3570870,8508,0,0,33872184,71646,30301314,63138,0,0,0,0,0,0,0,0,4279899,478177,1187206,46530514,13136507,2,1,31424,237859,96392,107765,43593,0.4530625286409175,0.45224707444601214,535869,211572,548725753856,216269680640,2.2528851126087304,0.07978678340387518,7.978678340387518,0.5759338870289042,0.0,15.246156130877456,40.79689862389503,0.0,0.5759338870289042,15.822090017906358,0.0,1.0,237861,2,237859,0,e0fcc8c9505e4dfe42f364d12fa3771443fbc223b3a0b0215f534cb2e4ea877e,12079002,10008414,420238,0.8459749406449307,96393,0,0,76458,0.7931903768945878,26100.766091009595,0.2707744970175178,19942,0.2068822424864876,7,90931,0,0,72120,0.7931288559457171,24659.913310745917,0.27119368873921895,18818,0.20694812550175407,7,5462,0,0,4338,0.7942145734163311,1440.8527802638016,0.26379582209150526,1124,0.205785426583669,0,,,
toolagent_trace,0.0025,4.0,"l1=0.0025,l2x4",all,16,all16,label_binary_60,horizon,60.0,2,main,446163482,1784653926,83026370,9997,29393272,6695470,36088742,6695470,411648,804,271078,2,237848,237850,271080,19.44184374809265,1274.5234375,902.966796875,d4dd06e0c39b21cd11dc3bbf7861e278049090a8977aed02ce4f8557410fd24c,9997,89,53633098,110318,6695470,13122,42246861,86484,0,0,0,0,0,0,0,0,0,0,708517,1400,411648,804,12653796,24746,11945279,23346,3570602,8508,0,0,33872184,71646,30301582,63138,0,0,0,0,0,0,0,0,4279119,411648,1120165,46525980,13065444,2,1,31436,237848,96390,107609,43440,0.4524276008206922,0.4506691565515095,535842,209479,548531812352,214135758848,2.252875786216407,0.08064269219526278,8.064269219526278,0.49580392350044933,0.0,15.240695215267149,40.79689862389503,0.0,0.49580392350044933,15.736499138767599,0.0,1.0,237850,2,237848,0,11e3fcf4378fa57eed4aa2abecb67c320d9254420cc5abb5c165a5efa51ec09f,12080558,10011951,419566,0.8461309485869776,96391,0,0,76472,0.7933520764386717,26083.34673766251,0.27059939971223984,19923,0.2066894212115239,4,90948,0,0,72188,0.7937282842943221,24566.016611379884,0.270110575398908,18764,0.20631569688173462,4,5443,0,0,4284,0.7870659562741136,1517.3301262827472,0.2787672471583221,1159,0.21293404372588645,0,,,
toolagent_trace,0.0025,4.0,"l1=0.0025,l2x4",all,16,all16,label_binary_60,horizon,60.0,3,main,446163482,1784653926,83026370,9997,29393272,6715497,36108769,6715497,386704,756,271075,5,237837,237842,271080,19.543094873428345,1261.07421875,881.8310546875,cca91e94b2667fe0bc3357985f4704e13f3d5131d313b976683147e9b8c8b31f,9997,88,53633098,110318,6715497,13161,42251396,86492,0,0,0,0,0,0,0,0,0,0,708638,1401,386704,756,12658713,24755,11950075,23354,3570863,8508,0,0,33872184,71646,30301321,63138,0,0,0,0,0,0,0,0,4279501,386704,1095342,46530897,13045417,5,3,31439,237837,96385,107699,43415,0.4528269360948885,0.4504331586865176,540956,213460,553987768320,218329022464,2.2744821032892273,0.08088390471605587,8.088390471605587,0.46576045658746734,0.0,15.246617430100823,40.79689862389503,0.0,0.46576045658746734,15.712377886688289,0.0,1.0,237842,5,237837,0,28e64879147df9056b71e251f1eea78799a02bbc5c8b57776cf006e5c33523d5,12082111,10014313,418522,0.8461744806019411,96388,0,0,76457,0.7932211478607295,26087.957114369037,0.27065565334241853,19933,0.20679960161015895,3,90966,0,0,72170,0.7933733482839742,24585.99946742832,0.2702768008643704,18798,0.20664863795264166,3,5422,0,0,4287,0.7906676503135375,1501.9576469408023,0.277011738646404,1135,0.20933234968646255,0,,,
toolagent_trace,0.0025,4.0,"l1=0.0025,l2x4",all,16,all16,label_binary_60,horizon,60.0,4,main,446163482,1784653926,83026370,9997,29393272,6650226,36043498,6650226,439249,858,271075,5,237881,237886,271080,27.08119487762451,1275.171875,776.955078125,b6226904aadc6b6f53ca7f60583b8ffe5eea9b1a9e0c91ab66f780b98a5a0e77,9997,91,53633098,110318,6650226,13035,42265360,86519,0,0,0,0,0,0,512,1,512,1,708517,1400,439249,858,12670927,24778,11962410,23378,3569746,8506,0,0,33872184,71646,30302438,63140,0,0,0,0,0,0,0,0,4278263,439249,1147766,46543623,13110688,5,3,31397,237881,96412,107901,43491,0.4535923423896822,0.4510952993403311,538708,212914,551554551808,217640040448,2.2646112972452612,0.0800977568933822,8.009775689338218,0.529047578498253,0.0006166715466423499,15.261328418910763,40.79689862389503,0.0,0.529047578498253,15.790992668955658,4.040582920377078e-05,0.9999595941707963,237886,5,237881,0,326e2a041e8afa97ecf6713bf6086d7fc2409f1f88c2156870390efaf89c74c4,12084695,10019227,418251,0.846388965546917,96415,0,0,76463,0.7930612456567961,26155.850730850158,0.2712840401478002,19958,0.20700098532386038,7,90947,0,0,72098,0.7927474243240569,24725.75741849171,0.271869961829326,18854,0.20730755275050303,6,5468,0,0,4365,0.7982809070958303,1430.0933123585155,0.26153864527405185,1104,0.20190197512801755,1,,,
toolagent_trace,0.0025,4.0,"l1=0.0025,l2x4",all,16,all16,label_binary_300,horizon,300.0,0,main,446163482,1784653926,83026370,9997,29393272,7358277,36751549,7358277,1878292,3671,172676,98404,130249,228653,271080,19.163437843322754,1260.01171875,854.728515625,2efdf583cce8089a080544633afac4f6ed5f0e7240e6e4a8be8a5b059555f2b9,9997,91,53633098,110318,7358277,14418,40118427,82323,0,0,102055,201,0,0,2054979,4017,1952924,3816,536717,1061,1878292,3671,8469366,16566,7932649,15505,3639330,8644,0,0,33872184,71646,30232854,63002,0,0,0,0,0,0,0,0,4278102,1878292,2517064,44396529,12402637,98404,38589,40629,130249,53541,45264,18679,0.34751898287126964,0.34887282643208006,171670,69702,176186982400,71364218880,1.3180139578806747,0.08862578238696935,8.862578238696935,2.262283657589751,2.475091949702245,10.200814512304946,40.79689862389503,0.0,2.262283657589751,14.938190119596943,0.19525956247158374,0.8047404375284163,228653,98404,130249,0,5bcd13fd2521e4cc5c18ecfda79000e09fe210de8ec675669d9d3c3930b5b0e0,12057999,6904563,262828,0.5835111613460907,92130,0,0,78084,0.8475415174210355,18176.70643955143,0.19729411092533844,2243,0.02434603277976772,13,87566,0,0,75110,0.8577530091588059,15952.6477701205,0.18217855983053355,2189,0.024998287006372338,13,4564,0,0,2974,0.6516213847502191,2224.058669430778,0.4873047040821161,54,0.011831726555652936,0,,,
toolagent_trace,0.0025,4.0,"l1=0.0025,l2x4",all,16,all16,label_binary_300,horizon,300.0,1,main,446163482,1784653926,83026370,9997,29393272,7138323,36531595,7138323,2083137,4071,173189,97891,130819,228710,271080,18.746269464492798,1274.5234375,811.142578125,3b2c626aaf9dd1a2ed6e01d3a25e1c0329d2bb5d7b61b7114f4ad88a3e6f304a,9997,91,53633098,110318,7138323,13989,40132052,82352,0,0,105805,209,0,0,2068162,4043,1962357,3834,545237,1077,2083137,4071,8471292,16569,7926055,15492,3628544,8620,0,0,33872184,71646,30243640,63026,0,0,0,0,0,0,0,0,4279586,2083137,2734179,44411638,12622591,97891,38524,40578,130819,53642,45638,18757,0.34886369716937143,0.34967003467432234,171459,69904,175842103296,71532810240,1.3106582377177627,0.08597657587583318,8.597657587583319,2.5090064758943456,2.490970037591671,10.203134257224542,40.79689862389503,0.0,2.5090064758943456,15.203110770710559,0.19623046886489565,0.8037695311351043,228710,97891,130819,0,291a5c9eb6fab8aded21c7daf170c7c0af5c4132b40b12626d28218cd48e110d,12062324,6924576,263462,0.5849873540123777,92166,0,0,78073,0.84709111819977,18231.56965879172,0.19781231320434564,2260,0.024520973026929672,19,87586,0,0,75087,0.8572945447902632,15954.660671564452,0.1821599419035514,2193,0.025038248121845956,18,4580,0,0,2986,0.6519650655021834,2276.908987227128,0.49714170026793186,67,0.01462882096069869,1,,,
toolagent_trace,0.0025,4.0,"l1=0.0025,l2x4",all,16,all16,label_binary_300,horizon,300.0,2,main,446163482,1784653926,83026370,9997,29393272,7186577,36579849,7186577,2042229,3991,172957,98123,130612,228735,271080,18.502087116241455,1273.890625,872.546875,6fee6d1712d9d3689f47077f8bc14f90d2387fe8626b875263c0dcfc95cf9160,9997,93,53633098,110318,7186577,14084,40126355,82339,0,0,113372,222,0,0,2077916,4059,1964544,3837,532288,1052,2042229,3991,8454192,16538,7921904,15486,3632277,8630,0,0,33872184,71646,30239907,63016,0,0,0,0,0,0,0,0,4277937,2042229,2687889,44404292,12574337,98123,38611,40557,130612,53544,45571,18766,0.348903622944293,0.35047811145973407,172661,71978,177057286144,73680691200,1.3219382598842373,0.0865577647198113,8.655776471981131,2.459735382866913,2.5027181123298536,10.18253839111598,40.79689862389503,0.0,2.459735382866913,15.144991886312747,0.1972934573021849,0.802706542697815,228735,98123,130612,0,7dd08c39bcf2df5e8737562a0b2197413615963f55f53255b642f99a9d2588c2,12062720,6922947,263414,0.5848311160335314,92155,0,0,78111,0.8476045792414953,18129.196674696766,0.19672504665722712,2219,0.024078997341435624,14,87601,0,0,75160,0.8579810732754193,15906.97104742831,0.18158435460129804,2160,0.024657252771087088,12,4554,0,0,2951,0.6480017566974089,2222.225627268286,0.48797225016870577,59,0.012955643390426,2,,,
toolagent_trace,0.0025,4.0,"l1=0.0025,l2x4",all,16,all16,label_binary_300,horizon,300.0,3,main,446163482,1784653926,83026370,9997,29393272,7244797,36638069,7244797,1995037,3897,172527,98553,130143,228696,271080,23.5139741897583,1275.171875,872.072265625,58b8d11e9a912e9a690e57d92c7005b94229cd09a3f57a7545f816de5016a4fd,9997,95,53633098,110318,7244797,14199,40116177,82320,0,0,109544,216,0,0,2098468,4102,1988924,3886,534088,1054,1995037,3897,8422612,16474,7888524,15420,3633455,8632,0,0,33872184,71646,30238729,63014,0,0,0,0,0,0,0,0,4277087,1995037,2638669,44393264,12516117,98553,38838,40591,130143,53291,45309,18590,0.3481478066434614,0.348839391266818,172139,70206,176680058880,71886876672,1.3226911935332673,0.08725898771679408,8.725898771679407,2.4028956101537378,2.5274716936317945,10.144502282828938,40.79689862389503,0.0,2.4028956101537378,15.07486958661447,0.19945366825458982,0.8005463317454101,228696,98553,130143,0,263c02ba2b83bb9e1c9fd4607ce24c68603c28cecb577be031de7f8643afd797,12058283,6906707,262428,0.5836586353131702,92129,0,0,78098,0.847702677767044,18175.111439921588,0.19727893974667682,2226,0.02416177316588696,20,87532,0,0,75103,0.8580062148699904,15932.518402247582,0.18201935751779444,2168,0.02476808481469634,20,4597,0,0,2995,0.6515118555579726,2242.5930376737624,0.487838381047153,58,0.01261692408092234,0,,,
toolagent_trace,0.0025,4.0,"l1=0.0025,l2x4",all,16,all16,label_binary_300,horizon,300.0,4,main,446163482,1784653926,83026370,9997,29393272,7257521,36650793,7257521,1962669,3837,173075,98005,130708,228713,271080,18.787346839904785,1261.07421875,790.0107421875,0d10350c5aec137e3c85246acda9c18c5e6c5c6c92f256accfc0ca5debf8c346,9997,90,53633098,110318,7257521,14222,40132438,82352,0,0,107144,210,0,0,2079255,4064,1972111,3854,540832,1069,1962669,3837,8461469,16549,7920637,15480,3632494,8628,0,0,33872184,71646,30239690,63018,0,0,0,0,0,0,0,0,4280470,1962669,2610645,44412908,12503393,98005,38389,40570,130708,53772,45527,18887,0.34831073843988125,0.3512422822286692,172436,70376,176882518016,72007053312,1.3192459528108456,0.08741224023162761,8.741224023162761,2.363910405814442,2.504330852956717,10.191303076359956,40.79689862389503,0.0,2.363910405814442,15.059544335131116,0.19725922052413097,0.802740779475869,228713,98005,130708,0,7df79bd718f907d3e4d80d7a0d6f322e0c56f4ed648de1a4709c578f951d7cac,12062991,6918247,263454,0.5844300140819139,92161,0,0,78161,0.8480919260858715,18242.306645551493,0.19793954759118818,2195,0.023817015874393725,17,87579,0,0,75147,0.8580481622306717,16116.92938469862,0.1840273282944384,2131,0.024332317107982507,15,4582,0,0,3014,0.6577913574858141,2125.377260852792,0.4638536143284138,64,0.013967699694456569,2,,,
toolagent_trace,0.0025,4.0,"l1=0.0025,l2x4",all,16,all16,label_binary_600,horizon,600.0,0,main,446163482,1784653926,83026370,9997,29393272,6046701,35439973,6046701,1624248,3174,151967,119113,118538,237651,271080,19.279468536376953,1279.57421875,812.9111328125,8d95d64698f6e982ad4caac59820b463b81f442e8fac12a33a2b91ff214289ef,9997,85,53633098,110318,6046701,11855,41678466,85377,0,0,27882,55,0,0,544768,1065,516886,1010,692817,1367,1624248,3174,11545197,22578,10852380,21211,3562984,8490,0,0,33872184,71646,30309200,63156,0,0,0,0,0,0,0,0,4283683,1624248,2344947,45962149,13714213,119113,45112,31634,118538,50076,43557,18295,0.3674517876124112,0.36534467609233967,192023,77308,199000426496,79825623040,1.6199277868700332,0.07282868081550475,7.282868081550476,1.9563037622866084,0.6561385256274603,13.905457988829331,40.79689862389503,0.0,1.9563037622866084,16.5179002767434,0.045059518369159876,0.9549404816308401,237651,119113,118538,0,d1baccbcde5efb98ac16518af0ad333fb4b39d1fb904b3bf75f3788eaf76699d,12470195,7058620,344144,0.5798379255496806,95188,0,0,77391,0.8130331554397613,29435.89001814581,0.30923950517025056,0,0.0,0,91069,0,0,75123,0.824901997386597,26320.368659731972,0.2890156766817685,0,0.0,0,4119,0,0,2268,0.5506190823015294,3115.5213584140015,0.7563780913848025,0,0.0,0,error_location_001,35439973,True
toolagent_trace,0.0025,4.0,"l1=0.0025,l2x4",all,16,all16,label_binary_600,horizon,600.0,1,main,446163482,1784653926,83026370,9997,29393272,5993359,35386631,5993359,1671719,3267,151680,119400,118280,237680,271080,23.17220973968506,1260.84765625,802.1640625,a10016f6165c4493e9606a7249787a4358abdbc06c2fba541b85b2c5e0f0da38,9997,86,53633098,110318,5993359,11751,41684028,85389,0,0,27522,55,0,0,528991,1035,501469,980,700951,1382,1671719,3267,11566845,22619,10865894,21237,3555519,8474,0,0,33872184,71646,30316665,63172,0,0,0,0,0,0,0,0,4283992,1671719,2400192,45968020,13767555,119400,45289,31601,118280,49903,43801,18354,0.370316198850186,0.36779351942768973,193096,77778,200152416256,80333088768,1.6325329726073723,0.07218621023657905,7.218621023657906,2.0134795728152395,0.6371361291599283,13.931531632660803,40.79689862389503,0.0,2.0134795728152395,16.582147334635973,0.043733314505917574,0.9562666854940824,237680,119400,118280,0,697b0344f6c3b1bb569654ba8192998005c56997f8130af9e233163d27a7d7ec,12471770,7056768,343895,0.5796062226933306,95192,0,0,77344,0.8125052525422305,29598.826852505004,0.3109381760285003,0,0.0,0,91103,0,0,75049,0.8237818732643272,26636.495595756733,0.2923778096852654,0,0.0,0,4089,0,0,2295,0.5612619222303742,2962.3312567484595,0.7244635012835557,0,0.0,0,error_location_001,35386631,True
toolagent_trace,0.0025,4.0,"l1=0.0025,l2x4",all,16,all16,label_binary_600,horizon,600.0,2,main,446163482,1784653926,83026370,9997,29393272,6036899,35430171,6036899,1639468,3204,152056,119024,118666,237690,271080,19.60330033302307,1274.9921875,869.1064453125,8226034b33332be6078ec6c3a384af56305ce4ea0574efe7bae0a9fab06301b4,9997,85,53633098,110318,6036899,11835,41671861,85367,0,0,29458,60,0,0,551685,1081,522227,1021,696391,1373,1639468,3204,11532862,22552,10836471,21179,3559021,8479,0,0,33872184,71646,30313163,63167,0,0,0,0,0,0,0,0,4284870,1639468,2365317,45956731,13724015,119024,45017,31599,118666,50168,43609,18247,0.36749363760470566,0.3637179078296922,191046,76322,198019899392,78828654592,1.6099472468946454,0.07271062193854796,7.271062193854796,1.9746352875598439,0.6644696136902047,13.890601263189033,40.79689862389503,0.0,1.9746352875598439,16.52970616443908,0.04565210429484862,0.9543478957051513,237690,119024,118666,0,f2114d4a540af0a3abd1e961ff07853b065d7fbc269dff258cf8674be9a6774b,12471095,7057473,342930,0.5796554352284222,95185,0,0,77398,0.8131323212691075,29439.166549733352,0.3092836744206897,0,0.0,0,91044,0,0,75077,0.8246232590835201,26370.72767241976,0.2896481665175054,0,0.0,0,4141,0,0,2321,0.5604926346293166,3068.4388773135515,0.740989827895086,0,0.0,0,error_location_001,35430171,True
toolagent_trace,0.0025,4.0,"l1=0.0025,l2x4",all,16,all16,label_binary_600,horizon,600.0,3,main,446163482,1784653926,83026370,9997,29393272,6081311,35474583,6081311,1578440,3085,152095,118985,118764,237749,271080,19.014688968658447,1276.01953125,694.5283203125,c77731de3a5afdca6cc2475349bf606980c8a9d44269c4d08704b68311e09300,9997,87,53633098,110318,6081311,11923,41688943,85400,0,0,27902,56,0,0,541685,1061,513783,1005,697611,1375,1578440,3085,11559478,22603,10861867,21228,3558891,8479,0,0,33872184,71646,30313293,63167,0,0,0,0,0,0,0,0,4284404,1578440,2303953,45973347,13679603,118985,45064,31535,118764,50145,43749,18359,0.36836920278872387,0.3661182570545418,192076,77625,199069509632,80172875776,1.617291435115018,0.07324553632779561,7.324553632779561,1.9011309298479506,0.6524252475448463,13.922658548121518,40.79689862389503,0.0,1.9011309298479506,16.476214725514314,0.04476305293962241,0.9552369470603775,237749,118985,118764,0,cb8f023db40900b79e152b12c5ce07dbe1e308d4d01ed2efeb5f16c687929dd0,12474085,7065445,343504,0.5801785862450032,95209,0,0,77370,0.8126332594607653,29589.22609629299,0.31078181785643155,0,0.0,0,91111,0,0,75098,0.8242473466431056,26532.913811269736,0.29121526282523225,0,0.0,0,4098,0,0,2272,0.5544167886774036,3056.3122850232585,0.7458058284585795,0,0.0,0,error_location_001,35474583,True
toolagent_trace,0.0025,4.0,"l1=0.0025,l2x4",all,16,all16,label_binary_600,horizon,600.0,4,main,446163482,1784653926,83026370,9997,29393272,5952586,35345858,5952586,1703358,3329,151690,119390,118296,237686,271080,24.100138187408447,1260.01171875,854.720703125,18f67cd433150ba2381f083b6c326e0a4b1510e41fb68b39908e675bc8a26c0b,9997,88,53633098,110318,5952586,11672,41693568,85408,0,0,26858,53,0,0,535292,1048,508434,995,701615,1384,1703358,3329,11569678,22623,10868063,21239,3555113,8472,0,0,33872184,71646,30317071,63174,0,0,0,0,0,0,0,0,4283586,1703358,2431831,45977154,13808328,119390,45257,31600,118296,49960,43529,18234,0.367966795157909,0.3649719775820657,190558,76537,197464576000,79050889216,1.610857509974978,0.07169512529573435,7.169512529573436,2.051586742862539,0.6447252842681187,13.934943801589784,40.79689862389503,0.0,2.051586742862539,16.63125582872044,0.04422084482654645,0.9557791551734536,237686,119390,118296,0,b0abb896fa4aaac7ed10ca58a0d5e4f76c2533a7f5e760d46a3bf6cccc0f1bea,12474610,7055726,343252,0.5793649661191813,95217,0,0,77351,0.8123654389447262,29648.714923268868,0.31138047747008274,0,0.0,0,91092,0,0,75034,0.8237166820357441,26689.403979835617,0.2929939399709702,0,0.0,0,4125,0,0,2317,0.5616969696969697,2959.3109434333046,0.717408713559589,0,0.0,0,error_location_001,35345858,True
toolagent_trace,0.0025,4.0,"l1=0.0025,l2x4",all,16,all16,evict_binary_learned,class_order,,0,main,446163482,1784653926,83026370,9997,29393272,5981991,35375263,5981991,1804899,3528,152663,118417,117746,236163,271080,107.80113530158997,1260.84765625,929.84765625,7b38c1ba98b3443f8f93c08610688e39bd1477e9ba7f2aa2dc3b02722989b0a3,9997,30,53633098,110318,5981991,11700,41512605,85123,0,0,454580,901,453680,888,5608218,10980,5153638,10079,541524,1071,1351219,2640,6365806,12464,5824282,11393,3337499,7995,0,0,33872184,71646,30534685,63651,0,0,0,0,0,0,0,0,4333603,1804899,2801003,45846208,13778923,118417,48756,33212,117746,46319,41901,16075,0.35585922239396667,0.34704980677475766,139893,49985,145807464448,52051189760,1.1880913152039134,0.07204928988223862,7.204928988223862,2.1738864411391225,6.754743101498957,7.667209827431935,40.79689862389503,0.5464288032826198,1.6274576378565027,16.595839370070014,0.4683653548715119,0.5316346451284881,236163,118417,117746,37971,9fe9763fcd767158917d75c1f62c1336d23d8972409749efe28adf0f40d9ca12,12492745,7550585,43,0.604399313361475,95075,0,14085,32068,0.33729161188535367,29797.56070529852,0.31341110392109933,9467,0.09957402051012358,1,92608,0,14085,31086,0.3356729440221147,28922.315022447372,0.3123090340191708,9467,0.10222658949550795,1,2467,0,0,982,0.3980543169841913,875.2456828511151,0.35478138745485005,0,0.0,0,,,
toolagent_trace,0.0025,4.0,"l1=0.0025,l2x4",all,16,all16,evict_binary_learned,class_order,,1,main,446163482,1784653926,83026370,9997,29393272,6053168,35446440,6053168,1759991,3439,152832,118248,117890,236138,271080,102.00197410583496,1261.07421875,940.7119140625,83a1ba6097594a595fe71fe65b9812e8c906b990f46eeee28d03400f38a5c6d9,9997,29,53633098,110318,6053168,11839,41488004,85072,0,0,460288,913,561170,1097,5542277,10858,5081989,9945,534367,1057,1198821,2342,6405478,12536,5871111,11479,3337280,7998,0,0,33872184,71646,30534904,63648,0,0,0,0,0,0,0,0,4331935,1759991,2754646,45819939,13707746,118248,48424,33238,117890,46602,41938,16064,0.3557384002035796,0.34470623578387194,140731,50799,146662907904,52882294784,1.1937484095343116,0.07290657173136679,7.29065717313668,2.119797601653547,6.67532134669985,7.714992236803801,40.79689862389503,0.6758936949790771,1.4439039066744699,16.510111185157196,0.4638760168751368,0.5361239831248632,236138,118248,117890,37589,a54091b957bd32007e432e641e60160e9c91982005f56a2e784bf4c413d7e7b4,12484460,7530066,60,0.6031575254356215,95026,0,14075,32125,0.33806537158251426,29753.533886967103,0.31310940044795216,9400,0.09892029549807421,1,92574,0,14075,31147,0.3364551601961674,28908.37830387094,0.31227319013838595,9400,0.10154038931017348,1,2452,0,0,978,0.398858075040783,845.1555830961964,0.3446800909853982,0,0.0,0,,,
toolagent_trace,0.0025,4.0,"l1=0.0025,l2x4",all,16,all16,evict_binary_learned,class_order,,2,main,446163482,1784653926,83026370,9997,29393272,6005575,35398847,6005575,1790227,3500,153660,117420,118740,236160,271080,106.69558477401733,1261.7578125,930.76953125,f21e229010e972658e75abf1574b1623d5e04224f171ebe61ff71b3512094fe0,9997,26,53633098,110318,6005575,11743,41504362,85104,0,0,464793,921,514122,1006,5612679,10993,5147886,10072,529704,1049,1276105,2494,6352433,12436,5822729,11387,3338437,8001,0,0,33872184,71646,30533747,63645,0,0,0,0,0,0,0,0,4332934,1790227,2784724,45837296,13755339,117420,48357,33216,118740,46705,42274,16168,0.35602155971029137,0.3461727866395461,140697,50208,146665994240,52270358528,1.1849166245578575,0.07233334421341076,7.233334421341075,2.1562149471306524,6.760116093236402,7.651102896585748,40.79689862389503,0.6192273611383949,1.5369875859922577,16.567433936952803,0.46908704239458854,0.5309129576054115,236160,117420,118740,38014,8e62e54e22ea4af59eaf0943147519eaab98468e416970cf639fb4fb3713e818,12490739,7566183,56,0.6057456648481727,95062,0,14294,31559,0.3319833371904652,29777.4182218554,0.31324207592787234,9606,0.10104984115629799,5,92544,0,14294,30556,0.3301780774550484,28916.59865568166,0.312463246192964,9606,0.10379927385892117,5,2518,0,0,1003,0.3983320095313741,860.819566173726,0.34186638847248846,0,0.0,0,,,
toolagent_trace,0.0025,4.0,"l1=0.0025,l2x4",all,16,all16,evict_binary_learned,class_order,,3,main,446163482,1784653926,83026370,9997,29393272,6106137,35499409,6106137,1690085,3303,154234,116846,119260,236106,271080,103.12640309333801,1260.45703125,944.259765625,09553fa6c9f79171f8b75d21b7817b6ac4e623f638873c7bc764ba421d03f55d,9997,29,53633098,110318,6106137,11941,41505125,85106,0,0,450274,891,603621,1181,5517781,10808,5067507,9917,538390,1068,1086464,2122,6446911,12620,5908521,11552,3343087,8009,0,0,33872184,71646,30529097,63637,0,0,0,0,0,0,0,0,4331751,1690085,2678749,45836876,13654777,116846,48083,33270,119260,46976,42408,16171,0.3555928224048298,0.34423961171662126,139942,49826,145845067776,51902208000,1.1734194197551568,0.07354454976172028,7.354454976172028,2.0356002556778043,6.64581746739018,7.764895659053864,40.79689862389503,0.727023233702738,1.3085770219750665,16.446313382121847,0.46117200509632844,0.5388279949036716,236106,116846,119260,38416,d19f6be5ea7ecb7b2f040afc5d0bad2e20a8e3f5edd50787b54a3ca60548e157,12487839,7562921,61,0.605625320762063,95059,0,14356,31850,0.33505507106113047,29953.33540629969,0.31510257215308063,9629,0.10129498521970566,5,92541,0,14356,30799,0.332814644319815,29177.52074118368,0.3152929052115676,9629,0.10405117731600047,5,2518,0,0,1051,0.41739475774424145,775.814665115999,0.30810749210325616,0,0.0,0,,,
toolagent_trace,0.0025,4.0,"l1=0.0025,l2x4",all,16,all16,evict_binary_learned,class_order,,4,main,446163482,1784653926,83026370,9997,29393272,6103055,35496327,6103055,1692697,3308,153790,117290,118826,236116,271080,102.8444197177887,1276.01953125,890.7939453125,2677c0ddad1ebf00572d85129d134affe9b92047840018ee96fdd6a2547b01da,9997,28,53633098,110318,6103055,11935,41505321,85106,0,0,455504,900,577991,1130,5558922,10891,5103418,9991,540441,1074,1114706,2178,6406240,12538,5865799,11464,3336080,7995,0,0,33872184,71646,30536104,63651,0,0,0,0,0,0,0,0,4332025,1692697,2688642,45837346,13657859,117290,48140,33260,118826,46921,42330,16161,0.3562351673876088,0.34442999936062746,140636,50109,146554830848,52160061440,1.1835456886539983,0.07350742902526029,7.3507429025260285,2.038746244114972,6.695369194148799,7.715910017504077,40.79689862389503,0.6961535232721845,1.3425927208427877,16.450025455767847,0.4645922888465697,0.5354077111534302,236116,117290,118826,38012,2c29cf6e4c50184c055b849c5ab8e130e7676a89433d33e0989d211a6e523ff7,12488551,7553872,43,0.6048654883981336,95061,0,14354,31763,0.3341328199787505,29871.358026832346,0.3142335766174598,9669,0.10171363650708493,0,92512,0,14354,30704,0.3318920788654445,29035.949708760323,0.3138614418536009,9669,0.10451617087512971,0,2549,0,0,1059,0.415457041977246,835.4083180720371,0.327739630471572,0,0.0,0,,,
toolagent_trace,0.0025,4.0,"l1=0.0025,l2x4",all,16,all16,evict_binary_recency,class_order,,0,main,446163482,1784653926,83026370,9997,29393272,4864084,34257356,4864084,2646014,5172,198180,72900,164814,237714,271080,64.05016922950745,1274.5234375,949.443359375,b2ec645b785dad9c1075cd080a77d4791f5703c13f0e3b544ef7253bdd8ec825,9997,49,53633098,110318,4864084,9527,41813800,85671,0,0,289576,583,1054085,2062,3073231,6029,2783655,5446,564709,1113,1591929,3110,9177585,17944,8612876,16831,3454915,8252,0,0,33872184,71646,30417269,63394,0,0,0,0,0,0,0,0,4309200,2646014,3500299,46123000,14896830,72900,28816,31587,164814,66713,65412,26349,0.3968837598747679,0.39496050245079667,236228,94145,245455335424,97737101312,1.4333005691264091,0.05858480865777945,5.858480865777945,3.1869561441744354,3.701511941326593,11.053819407014904,40.79689862389503,1.2695785688330106,1.9173775753414246,17.94228749251593,0.2508592896995596,0.7491407103004404,237714,72900,164814,87629,d2baaa82019159be3cbd97019cd67ab8a02373022f96b4fc63512a9ae73c7e43,12527648,7621797,292319,0.6200650353522066,95529,0,33714,55077,0.5765474358571743,33298.72045513068,0.3485718520567647,10059,0.10529786766322269,0,92843,0,33714,52988,0.5707269261010524,32330.231897214715,0.34822476543427844,10059,0.10834419396184958,0,2686,0,0,2089,0.7777364110201043,968.4885579159491,0.3605690833640912,0,0.0,0,,,
toolagent_trace,0.0025,4.0,"l1=0.0025,l2x4",all,16,all16,evict_binary_recency,class_order,,1,main,446163482,1784653926,83026370,9997,29393272,4947900,34341172,4947900,2567112,5017,198576,72504,165125,237629,271080,61.4736602306366,1274.9921875,1007.5908203125,c3e0127c1bfe6bd1f611b5c39c950b88cecaa09254de0997a3665a93694c3188,9997,46,53633098,110318,4947900,9690,41805458,85660,0,0,304631,609,1189696,2326,3028337,5941,2723706,5332,557675,1101,1377416,2691,9217565,18024,8659890,16923,3450322,8241,0,0,33872184,71646,30421862,63405,0,0,0,0,0,0,0,0,4312628,2567112,3429418,46118086,14813014,72504,28588,31667,165125,66932,65463,26256,0.396445117335352,0.392278730652005,236747,94779,246082949120,98460440576,1.4337441332323997,0.05959431925061881,5.959431925061881,3.0919236864143285,3.647439963953621,11.101972782864047,40.79689862389503,1.4329134225668303,1.6590102638474982,17.841336433231994,0.2472939110569397,0.7527060889430603,237629,72504,165125,87436,f37084f0993a15a2fd4b72f2cca9a96852b534774558916e24894a413f49d8cd,12525247,7619656,290391,0.619935998068541,95520,0,33766,54946,0.5752303182579565,33236.88181554727,0.34795730543914644,10024,0.10494137353433836,0,92777,0,33766,52833,0.5694622589650452,32224.80207179524,0.3473361077831277,10024,0.10804401953070265,0,2743,0,0,2113,0.7703244622675902,1012.0797437520865,0.3689681894830793,0,0.0,0,,,
toolagent_trace,0.0025,4.0,"l1=0.0025,l2x4",all,16,all16,evict_binary_recency,class_order,,2,main,446163482,1784653926,83026370,9997,29393272,4843111,34236383,4843111,2679960,5237,197669,73411,164230,237641,271080,110.29720759391785,1275.171875,1001.138671875,44025e5fe401310dbd899333edfffeced5649d3bd56d781cbe301898a8e97750,9997,50,53633098,110318,4843111,9487,41798999,85647,0,0,317641,636,1250968,2446,3153054,6187,2835413,5551,544894,1074,1428992,2791,9084789,17761,8539895,16687,3448493,8237,0,0,33872184,71646,30423691,63409,0,0,0,0,0,0,0,0,4311028,2679960,3542495,46110027,14917803,73411,29000,31661,164230,66504,65295,26170,0.39758265846678437,0.39351016480211715,235826,94424,245150046208,98060351488,1.4359495829020277,0.05833220216661285,5.833220216661285,3.2278419494914687,3.7976536852086875,10.942052506932436,40.79689862389503,1.5067116628126702,1.7211302866787985,17.96754814163259,0.25764785509995514,0.7423521449000449,237641,73411,164230,88121,96d3f5ace200680f1864d568669610010fa8bcef44c1ee27d0970696bfa0b232,12524419,7625117,288494,0.6203372787192764,95504,0,33873,54933,0.5751905679343273,33091.716100881255,0.34649560333474255,10022,0.10493801306751549,0,92844,0,33873,52908,0.5698591185213907,32083.1086611706,0.34555931089968767,10022,0.10794450906897592,0,2660,0,0,2025,0.7612781954887218,1008.607439710719,0.379175729214556,0,0.0,0,,,
toolagent_trace,0.0025,4.0,"l1=0.0025,l2x4",all,16,all16,evict_binary_recency,class_order,,3,main,446163482,1784653926,83026370,9997,29393272,5019126,34412398,5019126,2512400,4912,198632,72448,165091,237539,271080,61.67839598655701,1261.07421875,986.3388671875,6d87963f2ce583dde0a4410c768e724bc90a7941562c04b42fb40797abb3a774,9997,48,53633098,110318,5019126,9829,41786922,85628,0,0,309093,617,1218064,2384,3059137,6000,2750044,5383,551006,1088,1294336,2528,9170251,17931,8619245,16843,3454551,8244,0,0,33872184,71646,30417633,63402,0,0,0,0,0,0,0,0,4314650,2512400,3372499,46101572,14741788,72448,28486,31770,165091,67009,65644,26450,0.3976231290621536,0.3947230968974317,237427,93643,246755895296,97217466368,1.4381583490317462,0.06045219127368811,6.045219127368811,3.0260265503598434,3.6845366116813247,11.044986068883897,40.79689862389503,1.467080880447983,1.5589456699118605,17.755549230925066,0.2501463687307983,0.7498536312692017,237539,72448,165091,87577,cda71e76a6f7bf3f1567cee9800b3c7b03b4f9b6614ee23ea3d369bb9bdea086,12521977,7626782,290963,0.6206898080071541,95495,0,33717,55062,0.5765956332792292,33198.58656030329,0.34764738007543106,10102,0.1057856432273941,0,92760,0,33717,52924,0.5705476498490729,32236.041043278765,0.3475209254342256,10102,0.10890470030185424,0,2735,0,0,2138,0.7817184643510054,962.5455170244938,0.35193620366526285,0,0.0,0,,,
toolagent_trace,0.0025,4.0,"l1=0.0025,l2x4",all,16,all16,evict_binary_recency,class_order,,4,main,446163482,1784653926,83026370,9997,29393272,4871829,34265101,4871829,2628756,5139,198540,72540,165103,237643,271080,61.22669267654419,1261.7578125,945.05078125,e21a61a68202985e710a1099ebd14d035cb530a7dd1c20af61bd07a0ea705e98,9997,48,53633098,110318,4871829,9543,41821128,85687,0,0,304057,610,1198492,2345,3012334,5908,2708277,5298,547909,1080,1430264,2794,9247995,18082,8700086,17002,3459419,8259,0,0,33872184,71646,30412765,63387,0,0,0,0,0,0,0,0,4311385,2628756,3480722,46132513,14889085,72540,28310,31657,165103,67235,65542,26452,0.39697643289340595,0.3934260429835651,235115,94143,244284755968,97709236224,1.424050441239711,0.058678092273575254,5.867809227357525,3.166169977080776,3.628165364811204,11.138623789044372,40.79689862389503,1.4435076470282875,1.7226623300524881,17.932959130936354,0.24569764808105884,0.7543023519189411,237643,72540,165103,87560,2980d4fd2ea04ba6b354d60066411adcfe5421c6805137973a297387a88d13c6,12531709,7625773,292198,0.6201765457528579,95545,0,33670,55018,0.5758333769428018,33320.787741142056,0.34874444231662627,10014,0.10480925218483438,0,92826,0,33670,52912,0.570012711955702,32374.23338459862,0.3487625598926876,10014,0.107879257966518,0,2719,0,0,2106,0.7745494667157043,946.5543565434903,0.34812591266770515,0,0.0,0,,,
toolagent_trace,0.0025,4.0,"l1=0.0025,l2x4",leaf,16,leaf16,adm_label,leaf_location,,0,main,446163482,1784653926,83026370,9997,29393272,4200680,33593952,4200680,0,0,271079,1,250605,250606,271080,65.89881014823914,1260.01171875,981.130859375,564bf65f400cf6573927fbd2ed4f7b4bbbf631e8c61dd0d4aae301706df6b0bb,9997,14,53633098,110318,4200680,8210,45079391,92125,0,0,0,0,0,0,0,0,0,0,1091711,2160,0,0,15560234,30462,14468523,28302,3261316,7823,0,0,33872184,71646,30610868,63823,0,0,0,0,0,0,0,0,4353027,0,1091711,49432418,15560234,1,0,18771,250605,102092,0,0,0.0,0.0,0,0,0,0,0.0,0.050594527979484105,5.059452797948411,0.0,0.0,18.741315560345466,40.79689862389503,0.0,0.0,18.741315560345466,0.0,1.0,250606,1,250605,21183,17c339d7a5708b6ae3db0601a6d7df8b92e7ea0e793258eb0a79c143f8c2c6fc,12422652,6158025,883,0.4957449101850394,102092,0,9126,759,0.007434470869411903,47208.34405089396,0.46240982692957294,25694,0.2516749598401442,23,18302,0,9126,72,0.003933996284559064,6015.235120283367,0.32866545297144395,3271,0.17872363676100972,7,83790,0,0,687,0.00819906910132474,41193.108930609655,0.4916232119657436,22423,0.267609499940327,16,,,
toolagent_trace,0.0025,4.0,"l1=0.0025,l2x4",leaf,16,leaf16,adm_label,leaf_location,,1,main,446163482,1784653926,83026370,9997,29393272,4153492,33546764,4153492,0,0,271076,4,250672,250676,271080,64.31032156944275,1261.07421875,928.501953125,7b9a400941ec21801a965c28783c707d8e81dca394ac6358d7bffd2047f3f67a,9997,15,53633098,110318,4153492,8118,45127081,92218,0,0,0,0,0,0,0,0,0,0,1091283,2159,0,0,15607422,30554,14516139,28395,3261242,7823,0,0,33872184,71646,30610942,63823,0,0,0,0,0,0,0,0,4352525,0,1091283,49479606,15607422,4,1,18701,250672,102182,0,0,0.0,0.0,0,0,0,0,0.0,0.050026178429816937,5.002617842981693,0.0,0.0,18.798150515312184,40.79689862389503,0.0,0.0,18.798150515312184,0.0,1.0,250676,4,250672,20976,e40471e8db1de1d25c837aa91d7ba83ffe788f69e2a55303c0e896bbf55379d5,12431397,6189830,855,0.4979534882523662,102183,0,9162,772,0.007555072761613967,47384.422599590696,0.4637211923665453,25799,0.2524783966021745,26,18352,0,9162,72,0.003923278116826504,6099.407563328964,0.33235655859464713,3332,0.18156059285091544,6,83831,0,0,700,0.008350133005690019,41285.01503626073,0.4924790952781278,22467,0.2680034831983395,20,,,
toolagent_trace,0.0025,4.0,"l1=0.0025,l2x4",leaf,16,leaf16,adm_label,leaf_location,,2,main,446163482,1784653926,83026370,9997,29393272,4122772,33516044,4122772,0,0,271077,3,250800,250803,271080,70.86538887023926,1261.7578125,951.412109375,4ab788ac77d0760d4da530c002b3aed1c96e499114bbbe3ed7f2ca22441c7f17,9997,15,53633098,110318,4122772,8058,45157463,92278,0,0,0,0,0,0,0,0,0,0,1091283,2159,0,0,15638142,30614,14546859,28455,3261580,7823,0,0,33872184,71646,30610604,63823,0,0,0,0,0,0,0,0,4352863,0,1091283,49510326,15638142,3,2,18574,250800,102243,0,0,0.0,0.0,0,0,0,0,0.0,0.049656175501831525,4.965617550183152,0.0,0.0,18.835150808110726,40.79689862389503,0.0,0.0,18.835150808110726,0.0,1.0,250803,3,250800,21350,1487df7d349f991a8189bbda65224e61951235cd55cddd480e0436f622a17516,12442879,6196135,821,0.49799933761310383,102245,0,9274,807,0.007892806494205096,47661.52365974444,0.466150165384561,25847,0.2527947576898626,30,18540,0,9274,74,0.0039913700107874865,6394.544711174692,0.34490532422732967,3429,0.1849514563106796,3,83705,0,0,733,0.00875694402962786,41266.97894856905,0.4930049453266716,22418,0.26782151603846843,27,,,
toolagent_trace,0.0025,4.0,"l1=0.0025,l2x4",leaf,16,leaf16,adm_label,leaf_location,,3,main,446163482,1784653926,83026370,9997,29393272,4122260,33515532,4122260,0,0,271078,2,250808,250810,271080,70.11257910728455,1260.45703125,909.224609375,a77d5e871c7b7332cbc772cd795b65008b43a3c01dd0781d03848f437c567689,9997,15,53633098,110318,4122260,8057,45157605,92279,0,0,0,0,0,0,0,0,0,0,1092819,2162,0,0,15638654,30615,14545835,28453,3260414,7820,0,0,33872184,71646,30611770,63826,0,0,0,0,0,0,0,0,4353233,0,1092819,49510838,15638654,2,1,18567,250808,102244,0,0,0.0,0.0,0,0,0,0,0.0,0.0496500087863651,4.96500087863651,0.0,0.0,18.835767479657367,40.79689862389503,0.0,0.0,18.835767479657367,0.0,1.0,250810,2,250808,21077,59868ee4b72ac618d84b542bd2319719f8d49e48e0b57d997badc743295a184d,12440563,6210726,891,0.4992677180285169,102245,0,9255,781,0.007638515330823023,47558.91673688812,0.4651466256236307,25861,0.25293168370091446,29,18557,0,9255,79,0.004257153634746996,6114.126849286256,0.32947819417396434,3400,0.1832192703561998,6,83688,0,0,702,0.00838829939776312,41444.789887600775,0.49522978070453083,22461,0.2683897332950961,23,,,
toolagent_trace,0.0025,4.0,"l1=0.0025,l2x4",leaf,16,leaf16,adm_label,leaf_location,,4,main,446163482,1784653926,83026370,9997,29393272,4149480,33542752,4149480,0,0,271072,8,250757,250765,271080,112.34274125099182,1260.01171875,981.173828125,1b05aa09cfcc68aefbf4e7a7dff66f398fbd06af6066015ee07b1009d2fcf2ec,9997,14,53633098,110318,4149480,8110,45130591,92225,0,0,0,0,0,0,0,0,0,0,1091199,2159,0,0,15611434,30562,14520235,28403,3261828,7824,0,0,33872184,71646,30610356,63822,0,0,0,0,0,0,0,0,4353027,0,1091199,49483618,15611434,8,5,18612,250757,102188,0,0,0.0,0.0,0,0,0,0,0.0,0.04997785643284176,4.997785643284176,0.0,0.0,18.8029827150097,40.79689862389503,0.0,0.0,18.8029827150097,0.0,1.0,250765,8,250757,20928,e4382fd6646ea25e2a27ccedce83ce73881eab556ad480810c2c9e752e2274bb,12433645,6177225,871,0.49685032023996184,102193,0,9148,771,0.007544548061021792,47476.82210865379,0.4645799820795337,25795,0.25241454894170834,23,18413,0,9148,76,0.004127518600988432,6126.236053077369,0.3327125429358263,3291,0.17873241731385434,3,83780,0,0,695,0.00829553592742898,41350.58605557568,0.4935615427975135,22504,0.2686082597278587,20,,,
toolagent_trace,0.0025,4.0,"l1=0.0025,l2x4",leaf,16,leaf16,evict_label,leaf_location,,0,main,446163482,1784653926,83026370,9997,29393272,12219376,41612648,12219376,0,0,263877,7203,206937,214140,271080,42.64342451095581,1261.1796875,914.9228515625,3ad126d985810d350a3782fbe7d88463a46c23b3618eb1a6456c397df6dd443c,9997,85,53633098,110318,12219376,23910,37137325,76496,0,0,14629,32,0,0,36989,79,22360,47,559274,1107,0,0,7504549,14683,6945275,13576,3702494,8773,0,0,33872184,71646,30169690,62873,0,0,0,0,0,0,0,0,4276397,0,573903,41413722,7541538,7203,2736,55180,206937,83602,0,0,0.0,0.0,0,0,0,0,0.0,0.1471746386118049,14.71746386118049,0.0,0.04455090593506617,9.03875359117832,40.79689862389503,0.0,0.0,9.083304497113387,0.0049047024625480905,0.995095297537452,214140,7203,206937,9359,d1619297a7ac5237379f404916088587389f47e5a69a8dd43f693babf7b09230,10243032,10243032,0,1.0,86338,0,3408,82930,0.9605272301883296,369.1299637827013,0.004275405543129344,326,0.003775857675646876,13,7931,0,3408,4523,0.5702937838860169,369.1299637827013,0.0465426760538017,313,0.03946538897995209,0,78407,0,0,78407,1.0,0.0,0.0,13,0.00016580152282321732,13,,,
toolagent_trace,0.0025,4.0,"l1=0.0025,l2x4",leaf,16,leaf16,evict_label,leaf_location,,1,main,446163482,1784653926,83026370,9997,29393272,12204070,41597342,12204070,0,0,263573,7507,206707,214214,271080,28.771129846572876,1260.84765625,978.87890625,a5ecf76e51c1e48620c3bf5d0f4911304c1d59ba5270ef06471b8d2af2fc0c71,9997,85,53633098,110318,12204070,23881,37153365,76525,0,0,15603,37,0,0,40811,89,25208,52,563505,1113,0,0,7516033,14702,6952528,13589,3696555,8762,0,0,33872184,71646,30175629,62884,0,0,0,0,0,0,0,0,4275663,0,579108,41429028,7556844,7507,2895,55106,206707,83470,0,0,0.0,0.0,0,0,0,0,0.0,0.14699028754358404,14.699028754358405,0.0,0.04915426267582215,9.05258534125965,40.79689862389503,0.0,0.0,9.101739603935473,0.00540053493230772,0.9945994650676923,214214,7507,206707,9523,3987ed81df35bae3f76265444c76ff958f60e1bce378b6b73753406f9e81d415,10253737,10253737,0,1.0,86365,0,3593,82772,0.9583974989868581,408.5305620244811,0.00473027918745419,361,0.004179934001042089,9,8153,0,3593,4560,0.5593033239298417,408.5305620244811,0.050108004663863746,352,0.04317429167177726,0,78212,0,0,78212,1.0,0.0,0.0,9,0.00011507185598117935,9,,,
toolagent_trace,0.0025,4.0,"l1=0.0025,l2x4",leaf,16,leaf16,evict_label,leaf_location,,2,main,446163482,1784653926,83026370,9997,29393272,12199347,41592619,12199347,0,0,263725,7355,206820,214175,271080,27.8502414226532,1276.01953125,985.369140625,6b07c44af01526a2fb80a52358e06479742fcc851ceedbaf67a3f816b52fb645,9997,79,53633098,110318,12199347,23869,37157307,76531,0,0,17133,41,0,0,32568,75,15435,34,555309,1097,0,0,7528999,14728,6973690,13631,3704002,8780,0,0,33872184,71646,30168182,62866,0,0,0,0,0,0,0,0,4276444,0,572442,41433751,7561567,7355,2864,55143,206820,83510,0,0,0.0,0.0,0,0,0,0,0.0,0.14693340200227953,14.693340200227953,0.0,0.03922609166220323,9.068202066403723,40.79689862389503,0.0,0.0,9.107428158065925,0.00430704376487043,0.9956929562351295,214175,7355,206820,9572,27b6f6ac147e41fe2984c35a881c925f9bf74d0d08a96abf54c7d4f11cf535f4,10260596,10260596,0,1.0,86374,0,3591,82783,0.9584249890013199,371.3107209247077,0.004298871430346026,328,0.0037974390441568064,14,8118,0,3591,4527,0.5576496674057649,371.3107209247077,0.045739187105778234,314,0.03867947770386795,0,78256,0,0,78256,1.0,0.0,0.0,14,0.0001789000204457166,14,,,
toolagent_trace,0.0025,4.0,"l1=0.0025,l2x4",leaf,16,leaf16,evict_label,leaf_location,,3,main,446163482,1784653926,83026370,9997,29393272,12182372,41575644,12182372,0,0,263512,7568,206602,214170,271080,28.18482542037964,1279.57421875,998.494140625,2df6732944b72d64aa912801f99be500e1bf6ac6350d79620b3ba890b1f82e70,9997,81,53633098,110318,12182372,23836,37173438,76566,0,0,18391,42,0,0,44904,97,26513,55,555047,1098,0,0,7533638,14739,6978591,13641,3703850,8776,0,0,33872184,71646,30168334,62870,0,0,0,0,0,0,0,0,4277288,0,573438,41450726,7578542,7568,3005,55151,206602,83407,0,0,0.0,0.0,0,0,0,0,0.0,0.14672894888696206,14.672894888696206,0.0,0.05408402173911734,9.073789447858553,40.79689862389503,0.0,0.0,9.127873469597672,0.005925150246577772,0.9940748497534222,214170,7568,206602,9573,4cdf73455de78e4f284df5191971303e67e81caa0e2f7dfa018982033303d792,10257115,10257115,0,1.0,86412,0,3626,82786,0.9580382354302643,402.4446870809932,0.0046572777748575805,350,0.004050363375457113,15,8187,0,3626,4561,0.5571027238304629,402.4446870809932,0.049156551493953,335,0.04091852937583974,0,78225,0,0,78225,1.0,0.0,0.0,15,0.00019175455417066154,15,,,
toolagent_trace,0.0025,4.0,"l1=0.0025,l2x4",leaf,16,leaf16,evict_label,leaf_location,,4,main,446163482,1784653926,83026370,9997,29393272,12221061,41614333,12221061,0,0,263805,7275,206896,214171,271080,28.175951957702637,1260.01171875,978.3583984375,c7e1aed8f356471ad86e3607f331ec230dc8b60ba035a9bb5755eec8cde00d69,9997,80,53633098,110318,12221061,23911,37136501,76490,0,0,12813,31,0,0,25929,58,13116,27,556866,1103,0,0,7513924,14703,6957058,13600,3705857,8783,0,0,33872184,71646,30166327,62863,0,0,0,0,0,0,0,0,4275536,0,569679,41412037,7539853,7275,2637,55151,206896,83699,0,0,0.0,0.0,0,0,0,0,0.0,0.14719493336875983,14.719493336875983,0.0,0.031229836978299785,9.050045184439595,40.79689862389503,0.0,0.0,9.081275021417895,0.0034389264618288977,0.9965610735381711,214171,7275,206896,9420,66b3ca1168336c519683fd5285adb9959274c632b5c6001a386da81b846917be,10249004,10249004,0,1.0,86336,0,3330,83006,0.9614297627872498,325.60909065675315,0.0037714173769546095,303,0.0035095441067457375,10,7808,0,3330,4478,0.5735143442622951,325.60909065675315,0.04170198394681777,293,0.03752561475409836,0,78528,0,0,78528,1.0,0.0,0.0,10,0.00012734311328443357,10,,,
toolagent_trace,0.01,1.0,"l1=0.01,l2x1",all,16,all16,label_binary_6,horizon,6.0,0,main,1784653926,1784653926,83026370,9997,30578881,1728783,32307664,1728783,401044,786,265705,0,253357,253357,265705,46.46740007400513,1260.84765625,802.43359375,f7ab08ad3773a640bf0801d1ea3f6eb907895f6c5e21e7d8abcd4b791837d123,9997,60,52447489,107989,1728783,3392,46008110,93874,0,0,0,0,0,0,0,0,0,0,936583,1850,401044,786,16445478,32165,15508895,30315,3372969,8087,0,0,33872184,71646,30499215,63559,0,0,0,0,0,0,0,0,4309552,401044,1337627,50317662,16846522,0,0,10487,253357,103762,115561,47068,0.45611923096658075,0.4536150035658526,580497,230464,594723430400,235783888896,2.291221477993503,0.020822095437871124,2.0822095437871124,0.4830320776399113,0.0,19.80753584674363,40.79689862389503,0.0,0.4830320776399113,20.29056792438354,0.0,1.0,253357,0,253357,0,e9d1288ade5eb158e86ae9955111e0ff67cab14b3b1200bc1bea5e6952b99f33,12883048,9310042,734342,0.7511586543805472,103762,0,0,75714,0.7296890962009214,55132.14792276609,0.5313327414927054,28051,0.27033981611765384,3,98330,0,0,71750,0.7296857520593918,52272.42801936024,0.5316020341641435,26583,0.27034475744940506,3,5432,0,0,3964,0.7297496318114874,2859.7199034057544,0.5264580087271271,1468,0.2702503681885125,0,,,
toolagent_trace,0.01,1.0,"l1=0.01,l2x1",all,16,all16,label_binary_6,horizon,6.0,1,main,1784653926,1784653926,83026370,9997,30578881,1633728,32212609,1633728,499993,978,265705,0,253336,253336,265705,20.773096084594727,1260.01171875,947.087890625,b328bc6a8702dc29cea27c7f194954d1e89dbe4b04d93fbf43e4933a4a64d526,9997,60,52447489,107989,1633728,3206,46006679,93868,0,0,0,0,0,0,0,0,0,0,937503,1853,499993,978,16441584,32159,15504081,30306,3369586,8084,0,0,33872184,71646,30502598,63562,0,0,0,0,0,0,0,0,4307089,499993,1437496,50313768,16941577,0,0,10510,253336,103758,115646,47088,0.4564925632361765,0.4538252472098537,580280,230498,594437502976,235780884480,2.2905548362648815,0.019677218213924083,1.9677218213924081,0.602209876211618,0.0,19.802845770566627,40.79689862389503,0.0,0.602209876211618,20.405055646778248,0.0,1.0,253336,0,253336,0,dfd77dcef95f836b4e601138b2009ca59bc3a4128f6502d874bbe2ab731d56b7,12877049,9316735,733062,0.7519786559793319,103758,0,0,75720,0.7297750534898514,55084.30006489339,0.5308920764171764,28040,0.27024422213226934,2,98318,0,0,71725,0.7295205354055209,52269.71489047932,0.5316393223059798,26595,0.27049980674952706,2,5440,0,0,3995,0.734375,2814.5851744139622,0.5173869805908019,1445,0.265625,0,,,
toolagent_trace,0.01,1.0,"l1=0.01,l2x1",all,16,all16,label_binary_6,horizon,6.0,2,main,1784653926,1784653926,83026370,9997,30578881,1685219,32264100,1685219,466529,913,265705,0,253288,253288,265705,20.77775239944458,1273.890625,777.7109375,12babb50737d14d35c91cabce527d2a201a686d9b8662a32d2bb480b8690d2f9,9997,60,52447489,107989,1685219,3307,45988728,93832,0,0,0,0,0,0,0,0,0,0,935758,1850,466529,913,16423557,32123,15487799,30273,3371255,8087,0,0,33872184,71646,30500929,63559,0,0,0,0,0,0,0,0,4307013,466529,1402287,50295741,16890086,0,0,10559,253288,103718,115440,47069,0.45576576861122514,0.45381708093098594,577332,229063,591523330048,234383654912,2.2793499889453903,0.020297394671114733,2.0297394671114732,0.5619046093427907,0.0,19.78113339171639,40.79689862389503,0.0,0.5619046093427907,20.34303800105918,0.0,1.0,253288,0,253288,0,5a07d2b27ae915e979b3bc6c79ff6b7d142ad9b7e090a000c56396acccf2f744,12876208,9311402,732081,0.7515755026635171,103718,0,0,75713,0.7299890086580921,54955.41482605978,0.5298541702121115,28006,0.27002063286989725,1,98288,0,0,71721,0.7297025069184437,52103.61187274973,0.5301116298301901,26568,0.270307667263552,1,5430,0,0,3992,0.7351749539594844,2851.802953310071,0.5251939140534201,1438,0.26482504604051565,0,,,
toolagent_trace,0.01,1.0,"l1=0.01,l2x1",all,16,all16,label_binary_6,horizon,6.0,3,main,1784653926,1784653926,83026370,9997,30578881,1692169,32271050,1692169,451154,882,265705,0,253310,253310,265705,20.82978367805481,1279.57421875,905.3173828125,e60a8777db82c60a0cf4bee37197d8f87e2c0bea8455d56135b8fc9ecf1bbd81,9997,61,52447489,107989,1692169,3321,45995364,93850,0,0,0,0,0,0,0,0,0,0,941526,1860,451154,882,16431982,32140,15490456,30280,3367276,8076,0,0,33872184,71646,30504908,63570,0,0,0,0,0,0,0,0,4308802,451154,1392680,50304166,16883136,0,0,10539,253310,103741,115687,47141,0.456701275117445,0.45441050307978526,579056,229398,593150310400,234621681664,2.285957917176582,0.02038110301582497,2.0381103015824973,0.5433863963943022,0.0,19.791280770193854,40.79689862389503,0.0,0.5433863963943022,20.334667166588158,0.0,1.0,253310,0,253310,0,58146dac1e019d19820897aec1ff9ee24383dd1f633c941421c43e84c49efa0b,12876607,9315738,732397,0.7519012190090137,103741,0,0,75724,0.7299331990244937,55000.13536592106,0.5301677771172542,28018,0.2700764403659113,1,98289,0,0,71776,0.7302546571844255,52085.05236807994,0.5299174105757505,26514,0.2697555168940573,1,5452,0,0,3948,0.7241379310344828,2915.0829978409656,0.5346814009246085,1504,0.27586206896551724,0,,,
toolagent_trace,0.01,1.0,"l1=0.01,l2x1",all,16,all16,label_binary_6,horizon,6.0,4,main,1784653926,1784653926,83026370,9997,30578881,1629109,32207990,1629109,516312,1011,265705,0,253304,253304,265705,21.00803256034851,1274.5234375,903.517578125,5820295158f85ce353e6217a70dab13e171b4b08e6baeefba9789f5d41198ea2,9997,61,52447489,107989,1629109,3198,45994235,93844,0,0,0,0,0,0,0,0,0,0,939013,1855,516312,1011,16429884,32134,15490871,30279,3368820,8081,0,0,33872184,71646,30503364,63565,0,0,0,0,0,0,0,0,4307833,516312,1455325,50302068,16946196,0,0,10543,253304,103732,115562,47082,0.45621861478697534,0.4538811552847723,575098,230126,589021106176,235368816640,2.270386571076651,0.019621585286698672,1.9621585286698673,0.6218650773242285,0.0,19.78875386217656,40.79689862389503,0.0,0.6218650773242285,20.410618939500786,0.0,1.0,253304,0,253304,0,e6bf61c1def68afe3b163d971a1436194688214e62fb7d869cae01aa9f778876,12877104,9306677,733969,0.751229585472013,103732,0,0,75716,0.7299194077044692,54987.652369988915,0.5300934366443231,28016,0.2700805922955308,0,98281,0,0,71724,0.7297850042225863,52184.04314462209,0.5309677673672641,26557,0.27021499577741376,0,5451,0,0,3992,0.7323426894147863,2803.609225366844,0.5143293387207566,1459,0.26765731058521375,0,,,
toolagent_trace,0.01,1.0,"l1=0.01,l2x1",all,16,all16,label_binary_15,horizon,15.0,0,main,1784653926,1784653926,83026370,9997,30578881,2613147,33192028,2613147,676884,1323,265705,0,248399,248399,265705,45.112558364868164,1261.7578125,885.3369140625,6fd85989d5ff4d5f4d9103384db44c96525d54b7a1f9a3587f34991cba6265a3,9997,71,52447489,107989,2613147,5127,44858079,91613,0,0,0,0,0,0,0,0,0,0,873599,1725,676884,1323,15285274,29893,14411675,28168,3425780,8201,0,0,33872184,71646,30446404,63445,0,0,0,0,0,0,0,0,4299379,676884,1550483,49157458,15962158,0,0,15447,248399,101488,113102,46016,0.4553238942185758,0.45341321141415736,568750,225113,582713729024,230295808000,2.2896630018639366,0.031473699259644855,3.147369925964486,0.8152638733934773,0.0,18.41014366881269,40.79689862389503,0.0,0.8152638733934773,19.22540754220617,0.0,1.0,248399,0,248399,0,7e3dd628b797d8702b3f3e7a15479be1749b9532c88e798e15b567c4ae42429c,12605872,9426222,669036,0.7743010558888747,101488,0,0,75715,0.7460487939460823,46192.913606257665,0.45515640870110424,25778,0.25400047296232064,5,96069,0,0,71638,0.7456931996793971,43831.85927729261,0.4562539349560484,24436,0.2543588462459274,5,5419,0,0,4077,0.7523528326259458,2361.054328964362,0.43569926720139546,1342,0.24764716737405426,0,,,
toolagent_trace,0.01,1.0,"l1=0.01,l2x1",all,16,all16,label_binary_15,horizon,15.0,1,main,1784653926,1784653926,83026370,9997,30578881,2587035,33165916,2587035,719004,1406,265705,0,248406,248406,265705,20.528502225875854,1275.171875,872.580078125,2136373dec8a74c92a3bff68d91e7a7be25883926fc79386cb6ec1b17e1a58e0,9997,71,52447489,107989,2587035,5076,44842649,91581,0,0,0,0,0,0,0,0,0,0,875135,1728,719004,1406,15269266,29861,14394131,28133,3423666,8198,0,0,33872184,71646,30448518,63448,0,0,0,0,0,0,0,0,4298801,719004,1594139,49141450,15988270,0,0,15441,248406,101462,112936,45856,0.4546428025087961,0.45195245510634524,567264,225239,581030670336,230402029568,2.2836163377696193,0.03115919677085726,3.115919677085726,0.8659947435977269,0.0,18.3908630474872,40.79689862389503,0.0,0.8659947435977269,19.25685779108493,0.0,1.0,248406,0,248406,0,f7c00129f05799beaa33f5bdeeff63fc4974c30f0f1dd0d519484401a433f6c9,12597910,9434645,665821,0.7753314240219211,101462,0,0,75722,0.7463089629615028,46082.144040059815,0.4541813096534645,25744,0.2537304606650766,4,96038,0,0,71641,0.7459651387992253,43687.505154328224,0.4548981148537894,24401,0.2540765113809117,4,5424,0,0,4081,0.7523967551622419,2394.6388857308298,0.44148947008311756,1343,0.2476032448377581,0,,,
toolagent_trace,0.01,1.0,"l1=0.01,l2x1",all,16,all16,label_binary_15,horizon,15.0,2,main,1784653926,1784653926,83026370,9997,30578881,2549043,33127924,2549043,744657,1456,265705,0,248429,248429,265705,20.654531955718994,1260.01171875,854.994140625,e44c61334923376a86e49e5e517c0a57ac969eaa200aef0e54dccb39d719b685,9997,71,52447489,107989,2549043,5001,44855151,91606,0,0,0,0,0,0,0,0,0,0,873087,1724,744657,1456,15281605,29886,14408518,28162,3425551,8202,0,0,33872184,71646,30446633,63444,0,0,0,0,0,0,0,0,4298638,744657,1617744,49153789,16026262,0,0,15414,248429,101482,113379,46251,0.45638391653148386,0.45575570051831854,566743,225359,580430319616,230436620288,2.281307737824489,0.030701607212262803,3.0701607212262805,0.8968921560704147,0.0,18.40572459087396,40.79689862389503,0.0,0.8968921560704147,19.302616746944373,0.0,1.0,248429,0,248429,0,39404501ac8cbe990feebed28c05c939eaa7ecd6664405b56724230703407bf5,12602971,9432012,666461,0.7748365444941514,101482,0,0,75723,0.7461717348889458,46145.77054072589,0.4547187731886038,25762,0.2538578270038036,3,96070,0,0,71695,0.7462787550744249,43669.10685297982,0.4545550833036309,24378,0.2537524721557198,3,5412,0,0,4028,0.7442719881744272,2476.663687745322,0.457624480366837,1384,0.2557280118255728,0,,,
toolagent_trace,0.01,1.0,"l1=0.01,l2x1",all,16,all16,label_binary_15,horizon,15.0,3,main,1784653926,1784653926,83026370,9997,30578881,2606201,33185082,2606201,687278,1345,265705,0,248390,248390,265705,20.83046579360962,1279.57421875,859.0751953125,642cf1741f26daad484647a6b6989c5404a60a37877f8fe12af65f1891a1f17b,9997,66,52447489,107989,2606201,5110,44854939,91603,0,0,0,0,0,0,0,0,0,0,870212,1721,687278,1345,15281826,29888,14411614,28167,3428859,8210,0,0,33872184,71646,30443325,63436,0,0,0,0,0,0,0,0,4299071,687278,1557490,49154010,15969104,0,0,15459,248390,101490,113257,46149,0.45596441080558797,0.4547147502216967,569883,226863,583865927680,232101097472,2.294307339264866,0.0313900390923992,3.13900390923992,0.8277827875649628,0.0,18.405990771365772,40.79689862389503,0.0,0.8277827875649628,19.233773558930736,0.0,1.0,248390,0,248390,0,971310b901079a9b55d6c05267b551b6de7d23836353d7bf45fb068d7056b5ed,12602781,9433481,667255,0.7749962885175898,101490,0,0,75725,0.7461326239038328,46158.81716893723,0.4548114806280149,25767,0.2538870824711794,2,96051,0,0,71680,0.7462702106172763,43713.762562145566,0.455109916212695,24373,0.25375061165422536,2,5439,0,0,4045,0.7437028865600294,2445.0546067909986,0.44954120367549155,1394,0.2562971134399706,0,,,
toolagent_trace,0.01,1.0,"l1=0.01,l2x1",all,16,all16,label_binary_15,horizon,15.0,4,main,1784653926,1784653926,83026370,9997,30578881,2551325,33130206,2551325,743240,1455,265705,0,248383,248383,265705,20.91702437400818,1274.5234375,811.416015625,03c8c2429ef963e674b666c6ea5d9edf2df37cbc8509918dbfb41c467ee5e771,9997,70,52447489,107989,2551325,5005,44852433,91602,0,0,0,0,0,0,0,0,0,0,874321,1726,743240,1455,15280740,29883,14406419,28157,3426170,8201,0,0,33872184,71646,30446014,63445,0,0,0,0,0,0,0,0,4300491,743240,1617561,49152924,16023980,0,0,15461,248383,101481,113358,46103,0.45638389100703347,0.45430179048294755,567543,226694,581337856000,231925278720,2.2849510634785792,0.03072909245580651,3.072909245580651,0.8951854693876174,0.0,18.404682753202387,40.79689862389503,0.0,0.8951854693876174,19.299868222590003,0.0,1.0,248383,0,248383,0,442a2efd76686c9def2572b551edef5fb9cc164eb2c6790e827f41e2abe3d5f8,12605623,9430946,666635,0.7745958688436105,101481,0,0,75714,0.7460904011588376,46160.8169471352,0.45487152222716765,25770,0.2539391610252165,3,96070,0,0,71650,0.7458103466222546,43744.39173552623,0.45533872942152837,24423,0.25422088060789005,3,5411,0,0,4064,0.7510626501570874,2416.4252116082876,0.4465764575140062,1347,0.24893734984291258,0,,,
toolagent_trace,0.01,1.0,"l1=0.01,l2x1",all,16,all16,label_binary_60,horizon,60.0,0,main,1784653926,1784653926,83026370,9997,30578881,7186016,37764897,7186016,494080,965,265702,3,229087,229090,265705,19.407508850097656,1261.07421875,790.2724609375,dd38d8f8f7a5c056b4b9444145f340c811d1a01247f601bd469170baac4a1d99,9997,99,52447489,107989,7186016,14070,40495671,83056,0,0,0,0,0,0,512,1,512,1,609990,1206,494080,965,10894697,21307,10284707,20101,3661732,8692,0,0,33872184,71646,30210452,62954,0,0,0,0,0,0,0,0,4271722,494080,1104070,44767393,11389289,3,1,34756,229087,92896,103197,41571,0.45047078184270606,0.4475004305890458,518417,202436,530767966208,206894557184,2.262969963376359,0.08655100783040376,8.655100783040377,0.5950880425098677,0.0006166715466423499,13.12197197107377,40.79689862389503,0.0,0.5950880425098677,13.717676685130279,4.699313248603124e-05,0.999953006867514,229090,3,229087,0,d36e5394d44bded110cb13624065fa3ebae33bcbe8d237e5138597d7ca46d667,11621824,9792899,352261,0.8577852753578096,92897,0,0,75594,0.813739948545163,21479.39912387542,0.23121736034398765,17303,0.18626005145483707,1,87497,0,0,71188,0.8136050378870132,20245.275441021797,0.23138250958343481,16309,0.18639496211298673,1,5400,0,0,4406,0.8159259259259259,1234.1236828536273,0.2285414227506717,994,0.18407407407407408,0,,,
toolagent_trace,0.01,1.0,"l1=0.01,l2x1",all,16,all16,label_binary_60,horizon,60.0,1,main,1784653926,1784653926,83026370,9997,30578881,7171792,37750673,7171792,504320,985,265703,2,229133,229135,265705,19.197797060012817,1276.01953125,694.8017578125,62f0513596ef70014f050e13ec1eae964ffb584ed709b1326345ac006d0d5f48,9997,98,52447489,107989,7171792,14042,40499714,83063,0,0,0,0,0,0,0,0,0,0,611926,1210,504320,985,10899193,21316,10287267,20106,3659737,8689,0,0,33872184,71646,30212447,62957,0,0,0,0,0,0,0,0,4271663,504320,1116246,44771377,11403513,2,1,34709,229133,92906,103731,41798,0.4527108709788638,0.44989559339547497,522157,205880,534774964224,210657503232,2.2788380547542255,0.08637968876635219,8.637968876635219,0.6074214734427147,0.0,13.127387118092722,40.79689862389503,0.0,0.6074214734427147,13.734808591535437,0.0,1.0,229135,2,229133,0,3084b8ca8210133234b51649338097184ef99d60f02f7baf2541708dfd8a6406,11620863,9790668,353621,0.8577227439993054,92907,0,0,75602,0.8137384696524481,21473.768258558874,0.23113186582882747,17307,0.1862830572507992,3,87506,0,0,71181,0.8134413640207528,20270.1024711408,0.2316424299035586,16327,0.1865814915548648,3,5401,0,0,4421,0.8185521199777819,1203.665787418131,0.2228598014105038,980,0.1814478800222181,0,,,
toolagent_trace,0.01,1.0,"l1=0.01,l2x1",all,16,all16,label_binary_60,horizon,60.0,2,main,1784653926,1784653926,83026370,9997,30578881,7196303,37775184,7196303,492032,961,265702,3,229084,229087,265705,18.959436655044556,1274.9921875,961.4697265625,64553f1e1252a79eb784316a285688ab4b9cf97376c2d440335158f4e771cc40,9997,100,52447489,107989,7196303,14091,40487547,83040,0,0,0,0,0,0,0,0,0,0,608919,1203,492032,961,10886970,21291,10278051,20088,3662688,8694,0,0,33872184,71646,30209496,62952,0,0,0,0,0,0,0,0,4271607,492032,1100951,44759154,11379002,3,2,34754,229084,92870,103303,41651,0.45093939341027744,0.4484871325508776,517890,202126,530458787840,206677012480,2.2606991321960503,0.08667490822494106,8.667490822494106,0.5926213563232983,0.0,13.11266528935325,40.79689862389503,0.0,0.5926213563232983,13.705286645676548,0.0,1.0,229087,3,229084,0,448366aa9af82808210bb60d57f7c0c8500368efc54ec593d2e670c051424078,11617879,9787584,353936,0.8576911499939016,92872,0,0,75586,0.8138728572659144,21416.938653798345,0.2306070576039963,17288,0.18614867775002153,2,87478,0,0,71182,0.8137131621664876,20197.543888223616,0.2308871246281764,16298,0.18630970072475364,2,5394,0,0,4404,0.8164627363737486,1219.3947655747459,0.226065028842185,990,0.1835372636262514,0,,,
toolagent_trace,0.01,1.0,"l1=0.01,l2x1",all,16,all16,label_binary_60,horizon,60.0,3,main,1784653926,1784653926,83026370,9997,30578881,7170703,37749584,7170703,516096,1008,265705,0,229092,229092,265705,19.034974813461304,1275.171875,777.228515625,1b338150369e04fb3da08d050f50371e5c0d9780b99619f7ebb5d1179153bcf7,9997,100,52447489,107989,7170703,14041,40489335,83043,0,0,0,0,0,0,0,0,0,0,610967,1207,516096,1008,10888506,21294,10277539,20087,3660388,8690,0,0,33872184,71646,30211796,62956,0,0,0,0,0,0,0,0,4271355,516096,1127063,44760690,11404602,0,0,34756,229092,92883,103510,41756,0.4518272135212055,0.4495548162742375,513628,201353,525750665216,205701171200,2.2420163078588513,0.08636657245161988,8.636657245161988,0.6216049190154886,0.0,13.114515303993176,40.79689862389503,0.0,0.6216049190154886,13.736120223008665,0.0,1.0,229092,0,229092,0,3d85a2b325dd404fdfb6aed1491167f0657893db400b6982ad5898a8d6d7abac,11621144,9786252,352994,0.857295030506463,92883,0,0,75601,0.8139379649666785,21430.98896544497,0.23073101606800997,17283,0.18607280126610898,2,87472,0,0,71227,0.8142834278397658,20159.50198783757,0.23046805821105693,16246,0.18572800438997622,2,5411,0,0,4374,0.8083533542783219,1271.4869776073992,0.23498188460680083,1037,0.19164664572167806,0,,,
toolagent_trace,0.01,1.0,"l1=0.01,l2x1",all,16,all16,label_binary_60,horizon,60.0,4,main,1784653926,1784653926,83026370,9997,30578881,7188064,37766945,7188064,482816,943,265702,3,229106,229109,265705,19.251682996749878,1260.01171875,854.990234375,f8562e0b83d30d849241b9015429f47491fc5e321621b76f9f0d051279ac435d,9997,99,52447489,107989,7188064,14074,40504648,83074,0,0,0,0,0,0,0,0,0,0,609990,1206,482816,943,10904425,21326,10294435,20120,3661971,8692,0,0,33872184,71646,30210213,62954,0,0,0,0,0,0,0,0,4271961,482816,1092806,44776609,11387241,3,1,34739,229106,92912,103629,41734,0.4523190139062268,0.4491777165489926,514797,201102,526979330048,205518446592,2.2469817464405124,0.08657567469226946,8.657567469226946,0.581521268483736,0.0,13.133688730459973,40.79689862389503,0.0,0.581521268483736,13.71520999894371,0.0,1.0,229109,3,229106,0,b37a5953e1292b321919d80f6bc8d069d620565daef04aaedeff02ca3cd1e0be,11625866,9789030,356123,0.85732034929699,92913,0,0,75601,0.8136751584815903,21497.274267087396,0.23136992958022445,17313,0.1863356042749669,1,87527,0,0,71212,0.8136003747415084,20259.053528129632,0.23146061818786925,16316,0.18641105030447747,1,5386,0,0,4389,0.8148904567396955,1238.2207389577873,0.22989616393571988,997,0.1851095432603045,0,,,
toolagent_trace,0.01,1.0,"l1=0.01,l2x1",all,16,all16,label_binary_300,horizon,300.0,0,main,1784653926,1784653926,83026370,9997,30578881,8354542,38933423,8354542,1715310,3353,187969,77736,140022,217758,265705,18.08472990989685,1273.890625,873.0869140625,01ac8ef1700ac923173fc24fd5902482809169b88d3e4c6520e9a986352ff64e,9997,103,52447489,107989,8354542,16357,38110829,78385,0,0,74772,147,512,1,1663508,3250,1588736,3103,451790,893,1714798,3352,6841945,13383,6390155,12490,3740246,8854,0,0,33872184,71646,30131938,62792,0,0,0,0,0,0,0,0,4266808,1715310,2241872,42377637,10220763,77736,30271,46090,140022,57883,49915,20831,0.3564796960477639,0.35988113954010675,180441,75326,184296800256,76838629376,1.2886617817200154,0.10062516282477482,10.062516282477484,2.065982169279471,2.0035899437732856,8.240689072640416,40.79689862389503,0.0006166715466423499,2.0653654977328286,12.310261185693172,0.19558135233949325,0.8044186476605067,217758,77736,140022,0,85446225508eaff96091e975e6bd18f577009c98c9ffd929bfca3396612ae1c6,11503200,7012576,228387,0.6195466913554489,88154,0,0,76858,0.8718606075731107,13833.118161470811,0.15691991471142333,2405,0.027281802300519544,8,83411,0,0,73433,0.8803754900432796,12012.557367121957,0.14401646506002755,2327,0.02789799906487154,8,4743,0,0,3425,0.7221168037107316,1820.5607943488671,0.38384161803686845,78,0.01644528779253637,0,,,
toolagent_trace,0.01,1.0,"l1=0.01,l2x1",all,16,all16,label_binary_300,horizon,300.0,1,main,1784653926,1784653926,83026370,9997,30578881,8192887,38771768,8192887,1863043,3641,188197,77508,140215,217723,265705,18.035027265548706,1261.07421875,790.2763671875,2cf7f443e4d0518f91f45a8e46c9f56354a2a3d4e0c2ff20d4886ca337d7fedb,9997,101,52447489,107989,8192887,16041,38122833,78411,0,0,69632,136,512,1,1654784,3232,1585152,3096,464788,919,1862531,3640,6864591,13429,6399803,12510,3734306,8841,0,0,33872184,71646,30137878,62805,0,0,0,0,0,0,0,0,4268726,1863043,2397463,42391559,10382418,77508,30256,46124,140215,57925,49907,20874,0.3559319616303534,0.36036253776435045,180163,75493,183951896576,76996288512,1.2849053239667654,0.09867813081554691,9.867813081554692,2.243917203654694,1.9930824387480748,8.267964744213193,40.79689862389503,0.0006166715466423499,2.243300532108052,12.504964386615963,0.19423772283764948,0.8057622771623505,217723,77508,140215,0,c959bdfa18783c15f3a1ada37eddb4c6edb5f0d2efc8daa37cb2fa0b254ee89d,11505894,7018745,227576,0.6199025473379122,88181,0,0,76842,0.8714122089792585,13976.683322014018,0.1584999412800265,2442,0.02769304045089078,6,83422,0,0,73387,0.8797079906978974,12182.339041963904,0.14603268972170294,2352,0.028194001582316414,5,4759,0,0,3455,0.7259928556419416,1794.3442800500845,0.37704229461023,90,0.01891153603698256,1,,,
toolagent_trace,0.01,1.0,"l1=0.01,l2x1",all,16,all16,label_binary_300,horizon,300.0,2,main,1784653926,1784653926,83026370,9997,30578881,8320871,38899752,8320871,1777034,3473,187733,77972,139652,217624,265705,18.019346237182617,1276.01953125,790.1572265625,7c9afcf1dc985d7f8602fd11c2fbb8872209506719ea5caade797b7a393b8cf7,9997,103,52447489,107989,8320871,16291,38083259,78331,0,0,66068,130,0,0,1661169,3246,1595101,3116,462106,913,1777034,3473,6816231,13333,6354125,12420,3738151,8851,0,0,33872184,71646,30134033,62795,0,0,0,0,0,0,0,0,4266325,1777034,2305208,42349584,10254434,77972,30271,46223,139652,57828,49595,20776,0.35513275857130583,0.3592723248253441,177564,74117,181380304896,75579951104,1.2714748088104717,0.10021961697229446,10.021961697229447,2.1403248148750813,2.0007727665318864,8.209718189534241,40.79689862389503,0.0,2.1403248148750813,12.350815770941209,0.1959526505768278,0.8040473494231722,217624,77972,139652,0,12c277c051a91f95ee0c70d073a61ccffc49c08de3166830af63aeea8a1075b3,11495780,7003875,229081,0.6192198789468831,88099,0,0,76892,0.8727908375804493,13787.417846219443,0.1564991412640262,2372,0.02692425566692017,9,83348,0,0,73429,0.8809929452416375,12000.675533768928,0.14398276543850996,2310,0.027715122138503624,8,4751,0,0,3463,0.7288991791201852,1786.7423124504953,0.37607710217859297,62,0.013049884234897917,1,,,
toolagent_trace,0.01,1.0,"l1=0.01,l2x1",all,16,all16,label_binary_300,horizon,300.0,3,main,1784653926,1784653926,83026370,9997,30578881,8279100,38857981,8279100,1793668,3505,188117,77588,140070,217658,265705,18.21278715133667,1274.9921875,869.3759765625,fa63c144eca62bdeadce4950a19a57b4a69f87ce8761337ae947496e1accde1d,9997,103,52447489,107989,8279100,16209,38107758,78381,0,0,69632,136,0,0,1645949,3215,1576317,3079,466031,922,1793668,3505,6856588,13414,6390557,12492,3731300,8836,0,0,33872184,71646,30140884,62810,0,0,0,0,0,0,0,0,4266963,1793668,2329331,42374721,10296205,77588,30046,46188,140070,58106,49803,20862,0.35555793531805524,0.3590334905173304,178710,73453,182511325184,74855364608,1.2758620689655173,0.0997165117540367,9.97165117540367,2.1603594135212703,1.9824412412586507,8.258325637987063,40.79689862389503,0.0,2.1603594135212703,12.401126292766985,0.19358327990810273,0.8064167200918972,217658,77588,140070,0,0e85b56e32f8bd717cf3488b28418adedb8b43750dc1e6343c0cd8a6e1e8c033,11501131,7017914,228793,0.6201399236301195,88152,0,0,76785,0.8710522733460386,13899.714071273287,0.15767894172875588,2502,0.02838279335692894,13,83405,0,0,73333,0.8792398537257958,12042.732991374816,0.1443886216818514,2420,0.029015047059528804,8,4747,0,0,3452,0.7271961238677059,1856.9810798984558,0.39119045289624094,82,0.017274067832315148,5,,,
toolagent_trace,0.01,1.0,"l1=0.01,l2x1",all,16,all16,label_binary_300,horizon,300.0,4,main,1784653926,1784653926,83026370,9997,30578881,8357220,38936101,8357220,1735967,3393,188108,77597,140038,217635,265705,17.959834337234497,1275.171875,777.228515625,d9de82b198b1aa8b8a0f46c3dca24b01a038918398d4a3984a621d7b990623cb,9997,102,52447489,107989,8357220,16361,38086112,78340,0,0,62976,123,0,0,1652069,3227,1589093,3104,467271,925,1735967,3393,6830049,13362,6362778,12437,3737943,8847,0,0,33872184,71646,30134241,62799,0,0,0,0,0,0,0,0,4268190,1735967,2266214,42354302,10218085,77597,30112,46211,140038,57997,49996,20958,0.35701738099658664,0.3613635188026967,179602,74006,183404118016,75422664704,1.2825233151001871,0.10065741763731209,10.065741763731209,2.090862216425938,1.9898123933396101,8.226361094673898,40.79689862389503,0.0,2.090862216425938,12.307035704439445,0.19477081078098654,0.8052291892190134,217635,77597,140038,0,a151fc4351ed11b88ca0903f6a9b3205a02c4c7cb1dca617d62d8bd5327f878d,11496654,7014204,227418,0.6199989144667657,88109,0,0,76838,0.8720789022687807,13736.57478147378,0.15590433192379644,2418,0.02744328048213009,10,83319,0,0,73339,0.8802193977364107,12043.877923128663,0.14455139791798585,2328,0.0279408058186008,9,4790,0,0,3499,0.7304801670146138,1692.6968583451005,0.3533813900511692,90,0.018789144050104383,1,,,
toolagent_trace,0.01,1.0,"l1=0.01,l2x1",all,16,all16,label_binary_600,horizon,600.0,0,main,1784653926,1784653926,83026370,9997,30578881,7070393,37649274,7070393,1525829,2982,163121,102584,124088,226672,265705,41.23060131072998,1261.7578125,789.9775390625,23ffcb91e9116b918a4b87b68dab8720a2c6fb5cede875ff3dd3b71577ed2c22,9997,98,52447489,107989,7070393,13847,39578818,81261,0,0,18432,36,0,0,372723,729,354291,693,590477,1166,1525829,2982,9606360,18785,9015883,17619,3663540,8697,0,0,33872184,71646,30208644,62949,0,0,0,0,0,0,0,0,4272449,1525829,2134738,43851267,11504912,102584,37742,37178,124088,53295,44603,19296,0.35944652182322223,0.36206023079088095,186735,76572,192820365312,78760630272,1.5048594545806202,0.08515840208357899,8.515840208357899,1.8377643151206056,0.44892122827964176,11.570251716412509,40.79689862389503,0.0,1.8377643151206056,13.856937259812756,0.03735042588582538,0.9626495741141746,226672,102584,124088,0,fae14de75e6543ca3d30274c60e9bb93fa75686e2842f65420be127fd6dd985a,11895200,7134230,295454,0.6121760878337481,91037,0,0,76382,0.839021496754067,23352.064739106867,0.2565118000275368,0,0.0,0,86736,0,0,73643,0.8490476849289799,20822.242172179944,0.24006458877720835,0,0.0,0,4301,0,0,2739,0.6368286445012787,2529.8225669268654,0.5881940402061998,0,0.0,0,error_location_001,37649274,True
toolagent_trace,0.01,1.0,"l1=0.01,l2x1",all,16,all16,label_binary_600,horizon,600.0,1,main,1784653926,1784653926,83026370,9997,30578881,7022271,37601152,7022271,1584242,3097,163536,102169,124495,226664,265705,18.577454566955566,1273.890625,777.69921875,3a87cd13189592d7792575d3e310dcf119ab6ddfd3c3a7afe0c9254dffe341e9,9997,96,52447489,107989,7022271,13752,39567676,81239,0,0,17282,35,0,0,370271,725,352989,690,589866,1163,1584242,3097,9598521,18769,9008655,17606,3666152,8703,0,0,33872184,71646,30206032,62943,0,0,0,0,0,0,0,0,4273300,1584242,2191390,43840976,11553034,102169,37674,37183,124495,53338,44886,19353,0.3605446001847464,0.3628370017623458,187729,77548,193855686656,79822403584,1.5079240130125708,0.08457880309593205,8.457880309593206,1.9081190710854876,0.4459679497007999,11.560810137791162,40.79689862389503,0.0,1.9081190710854876,13.91489715857745,0.03714301592409592,0.962856984075904,226664,102169,124495,0,8e0c38d82ec12f6037a6a3b8149470edf75458fc91a0a2ba4faa7c80a01db20d,11891250,7136027,295870,0.6125480500367918,91012,0,0,76370,0.8391201160286555,23255.870121526288,0.2555253166783093,0,0.0,0,86670,0,0,73654,0.8498211607245875,20629.683885615923,0.23802565923175173,0,0.0,0,4342,0,0,2716,0.6255181943804698,2626.186235910447,0.6048333108960035,0,0.0,0,error_location_001,37601152,True
toolagent_trace,0.01,1.0,"l1=0.01,l2x1",all,16,all16,label_binary_600,horizon,600.0,2,main,1784653926,1784653926,83026370,9997,30578881,7025025,37603906,7025025,1565778,3060,163249,102456,124155,226611,265705,18.556060075759888,1279.57421875,813.2001953125,5e0d1db26a1c3bffe2279469e152f915f9daadfd4a270a2f231a33c2977b2530,9997,98,52447489,107989,7025025,13758,39583878,81272,0,0,18432,36,0,0,370454,724,352022,688,586572,1158,1565778,3060,9614048,18801,9027476,17643,3667804,8705,0,0,33872184,71646,30204380,62941,0,0,0,0,0,0,0,0,4272808,1565778,2170782,43856686,11550280,102456,37732,37234,124155,53308,44625,19158,0.3594297450767186,0.3593832070233361,187087,76456,193345689600,78789627904,1.5068825258749143,0.08461197328029636,8.461197328029638,1.885880353434698,0.44618836160125996,11.57951142510506,40.79689862389503,0.0,1.885880353434698,13.911580140141018,0.03710290207763993,0.9628970979223601,226611,102456,124155,0,8ddf0abbf19e7f737851e85efcaf1a34a4398396e88e8151f7ac8e55f399bb66,11894170,7131683,295730,0.6120265642747665,91040,0,0,76404,0.8392355008787347,23416.64345494925,0.2572126917283529,0,0.0,0,86701,0,0,73638,0.8493327643279778,20925.28937713182,0.24135003491461252,0,0.0,0,4339,0,0,2766,0.6374740723669048,2491.3540778175475,0.5741770172430393,0,0.0,0,error_location_001,37603906,True
toolagent_trace,0.01,1.0,"l1=0.01,l2x1",all,16,all16,label_binary_600,horizon,600.0,3,main,1784653926,1784653926,83026370,9997,30578881,7000060,37578941,7000060,1635308,3195,163052,102653,123876,226529,265705,18.74217915534973,1274.5234375,811.416015625,9d00a9797a241ac137dfec3df035aa6d108222b857e4de5fb9380fe11f69b2f1,9997,102,52447489,107989,7000060,13711,39541636,81188,0,0,15726,31,0,0,371275,726,355549,695,584572,1153,1635308,3195,9568662,18711,8984090,17558,3670187,8711,0,0,33872184,71646,30201997,62935,0,0,0,0,0,0,0,0,4270485,1635308,2235606,43812121,11575245,102653,37770,37321,123876,53189,44764,19369,0.3613613613613614,0.3641542424185452,186775,78016,192849700864,80282544128,1.5077577577577577,0.0843112856794775,8.43112856794775,1.9696248312433748,0.44717720406179384,11.524846864917736,40.79689862389503,0.0,1.9696248312433748,13.941648900222905,0.0373518463950023,0.9626481536049977,226529,102653,123876,0,ca3e3a648f0eefe551e5f2c686acc20c7e5945156709122f629a7270e5dc86c4,11883503,7126699,295583,0.6121503482601048,90959,0,0,76357,0.8394661330929319,23050.81315271293,0.2534198172001993,0,0.0,0,86627,0,0,73615,0.8497927897768595,20497.81479033647,0.23662154744290428,0,0.0,0,4332,0,0,2742,0.6329639889196675,2552.9983623765233,0.5893348020259749,0,0.0,0,error_location_001,37578941,True
toolagent_trace,0.01,1.0,"l1=0.01,l2x1",all,16,all16,label_binary_600,horizon,600.0,4,main,1784653926,1784653926,83026370,9997,30578881,6911161,37490042,6911161,1685061,3293,163398,102307,124297,226604,265705,18.704785108566284,1261.07421875,882.3740234375,cadc6893a5405714d0f0dc9cdf2224478b26041bca91987dc7289aaa9c23fbe2,9997,98,52447489,107989,6911161,13536,39579464,81261,0,0,18432,36,0,0,373760,730,355328,694,591094,1167,1685061,3293,9605323,18784,9014229,17617,3662277,8696,0,0,33872184,71646,30209907,62950,0,0,0,0,0,0,0,0,4271803,1685061,2294587,43851267,11664144,102307,37928,37243,124297,53102,44722,19284,0.35979951245806413,0.3631501638356371,187019,78501,193171742720,80824860672,1.504613948848323,0.08324055357352128,8.324055357352128,2.0295491661263765,0.4501702290489154,11.569002715643235,40.79689862389503,0.0,2.0295491661263765,14.048722110818527,0.037454343249775555,0.9625456567502244,226604,102307,124297,0,c41def3bbbd9e86ebc4846c70b2cacc57f9cfc9069435f7be212c870e34786a8,11894208,7127645,296413,0.6117138274360092,91030,0,0,76386,0.8391299571569812,23417.546767464202,0.2572508707839636,0,0.0,0,86733,0,0,73587,0.8484313928954377,20980.97655992989,0.24190304220919248,0,0.0,0,4297,0,0,2799,0.6513846869909239,2436.570207534271,0.5670398435034375,0,0.0,0,error_location_001,37490042,True
toolagent_trace,0.01,1.0,"l1=0.01,l2x1",all,16,all16,evict_binary_learned,class_order,,0,main,1784653926,1784653926,83026370,9997,30578881,6453069,37031950,6453069,1470976,2873,227908,37797,191479,229276,265705,103.07420444488525,1274.9921875,1000.708984375,176690652f480f0d0412aedd573565448bbedb40832181930c3798ddc1f3c230,9997,52,52447489,107989,6453069,12616,40213077,82555,0,0,143449,291,73216,143,1844611,3624,1701162,3333,757289,1493,1397760,2730,8806649,17230,8049360,15737,3409629,8161,0,0,33872184,71646,30462555,63485,0,0,0,0,0,0,0,0,4310367,1470976,2371714,44523444,12122236,37797,19856,34719,191479,72661,77716,28506,0.4058721844170901,0.39231499704105366,262083,92233,272911456256,95956926464,1.368729730153176,0.07772312579726176,7.772312579726176,1.7716973535034712,2.22171702797557,10.607050506965438,40.79689862389503,0.08818403116985603,1.6835133223336152,14.60046488844448,0.17318242161021324,0.8268175783897868,229276,37797,191479,46828,698500423fb836b51c941f4f891dbb37cd792c9661551d53cd523d69876bc5dc,12100121,7422026,140,0.6133902297340663,92517,0,17508,34018,0.367694585859896,29078.482793439234,0.314304212127925,8989,0.09716052185003837,3,89515,0,17508,32813,0.36656426297268613,28286.586652213657,0.31599828690402343,8989,0.1004189242026476,3,3002,0,0,1205,0.40139906728847435,791.8961412255641,0.263789520728036,0,0.0,0,,,
toolagent_trace,0.01,1.0,"l1=0.01,l2x1",all,16,all16,evict_binary_learned,class_order,,1,main,1784653926,1784653926,83026370,9997,30578881,6480009,37058890,6480009,1442304,2817,227468,38237,191030,229267,265705,107.57884860038757,1275.171875,1000.5244140625,cdd9b8a711f4ca2debe06e840ec8f4e78016c4243bba153327129cc51b448a16,9997,50,52447489,107989,6480009,12667,40214251,82558,0,0,135592,276,69632,136,1873950,3683,1738358,3407,768880,1517,1372672,2681,8779042,17176,8010162,15659,3406453,8154,0,0,33872184,71646,30465731,63492,0,0,0,0,0,0,0,0,4310925,1442304,2346776,44525176,12095296,38237,20117,34733,191030,72409,77387,28262,0.4051039103805685,0.3903105967490229,261805,91692,272648861696,95411159040,1.3704915458304978,0.07804760102121772,7.804760102121771,1.7371637468914995,2.2570539938094365,10.573799625347947,40.79689862389503,0.08386733034335958,1.65329641654814,14.568017366048883,0.1759083269751822,0.8240916730248178,229267,38237,191030,46811,fa3089ead36291e3c9b65705fd67110097e512e3da60f2fdf036c74fad2ece7b,12103016,7424815,159,0.6134747322485569,92526,0,17594,33765,0.3649244536670774,29085.502824024337,0.3143495106675349,9110,0.09845881157728638,5,89607,0,17594,32589,0.3636881047239613,28316.18511617809,0.316004163917753,9110,0.10166616447375763,5,2919,0,0,1176,0.4028776978417266,769.3177078462039,0.2635552270798917,0,0.0,0,,,
toolagent_trace,0.01,1.0,"l1=0.01,l2x1",all,16,all16,evict_binary_learned,class_order,,2,main,1784653926,1784653926,83026370,9997,30578881,6418641,36997522,6418641,1482240,2895,227523,38182,191102,229284,265705,99.58503985404968,1261.375,925.0224609375,0a4110488f32e2c0d0e86d409b5a688755c8657cf0d509c9e74df79b59f25a23,9997,51,52447489,107989,6418641,12548,40236592,82600,0,0,154626,313,67584,132,1906112,3747,1751486,3434,744729,1469,1414656,2763,8768312,17153,8023583,15684,3410661,8164,0,0,33872184,71646,30461523,63482,0,0,0,0,0,0,0,0,4310016,1482240,2381595,44546608,12156664,38182,20001,34716,191102,72569,77375,28276,0.4048884888698182,0.3896429604927724,261695,91342,272502345728,95043500032,1.3693995876547602,0.07730846235960936,7.730846235960937,1.7852641275296028,2.2957910842061384,10.560876020473977,40.79689862389503,0.08140064415679019,1.7038634833728128,14.641931232209718,0.1785681363228592,0.8214318636771408,229284,38182,191102,46950,851f69db1098f57667e3a8b1c1bdd6523232d17bfd17c8e34ae51e21576bb244,12107273,7422773,164,0.6130905778700125,92570,0,17605,33845,0.36561521011126713,29202.45351553636,0.31546347105473005,9059,0.09786107810305715,1,89610,0,17605,32630,0.36413346724695905,28432.935495741796,0.3172964568211338,9059,0.1010936279433099,1,2960,0,0,1215,0.41047297297297297,769.5180197945143,0.2599723039846332,0,0.0,0,,,
toolagent_trace,0.01,1.0,"l1=0.01,l2x1",all,16,all16,evict_binary_learned,class_order,,3,main,1784653926,1784653926,83026370,9997,30578881,6388761,36967642,6388761,1556190,3041,227746,37959,191207,229166,265705,98.83462905883789,1261.07421875,928.455078125,32c1e7d182573672f6d19e492f2fa5ccea9058d61ab2de017363b5b29a97174e,9997,51,52447489,107989,6388761,12489,40191674,82513,0,0,153933,310,54988,108,1912673,3757,1758740,3447,751657,1484,1501202,2933,8717681,17056,7966024,15572,3405274,8152,0,0,33872184,71646,30466910,63494,0,0,0,0,0,0,0,0,4310864,1556190,2461780,44502538,12186544,37959,20195,34834,191207,72286,77707,28288,0.40640248526466083,0.3913344216030767,265522,93791,276596803584,97658703872,1.3886625489652575,0.07694857669918605,7.694857669918606,1.8743322151745283,2.303693392834108,10.499894190243413,40.79689862389503,0.06622956056009675,1.8081026546144314,14.677919798252049,0.17992561677626165,0.8200743832237384,229166,37959,191207,46945,e21a5b3376afd3fbf09488911ec6cac8e57ec9b3bb9fd045367426f11be736fc,12097012,7416188,143,0.6130653999516574,92481,0,17611,33543,0.36270152788140264,28922.361242625597,0.31273841375661593,9027,0.09760923865442632,4,89603,0,17611,32376,0.36132718770576877,28182.68591577728,0.31452837422605584,9027,0.10074439471892682,4,2878,0,0,1167,0.40548992355802643,739.6753268482912,0.25701019000983016,0,0.0,0,,,
toolagent_trace,0.01,1.0,"l1=0.01,l2x1",all,16,all16,evict_binary_learned,class_order,,4,main,1784653926,1784653926,83026370,9997,30578881,6324569,36903450,6324569,1583008,3095,228416,37289,191972,229261,265705,100.51974558830261,1260.45703125,883.27734375,c4e76a20232b411e0ba7975a714f6e8be7d24af6ec86da3d9135ab2d717eb211,9997,53,52447489,107989,6324569,12365,40229747,82585,0,0,152651,309,79902,157,1810734,3555,1658083,3246,753785,1486,1503106,2938,8856994,17328,8103209,15842,3403729,8149,0,0,33872184,71646,30468455,63497,0,0,0,0,0,0,0,0,4310165,1583008,2489444,44539912,12250736,37289,19407,34736,191972,73139,77732,28656,0.40491321651074114,0.391801911428923,263630,93477,274565459968,97280739328,1.3732731856729106,0.07617542474758321,7.617542474758321,1.9066327963031504,2.180914328784939,10.667687868324245,40.79689862389503,0.09623689437464265,1.8103959019285079,14.755234993412333,0.16973942342736897,0.830260576572631,229261,37289,191972,46968,237bc5c7999fcda9da68080c3e1e44c6aeefba7512a48506aa17bd74834a1043,12103629,7413551,147,0.6125125365293335,92546,0,17598,34380,0.37149093423810864,29249.05550066648,0.3160488351810611,8991,0.09715168672876191,3,89506,0,17598,33127,0.37010926641789377,28421.655700677205,0.3175391113520569,8991,0.10045136638884544,3,3040,0,0,1253,0.41217105263157894,827.399799989229,0.27217098683856217,0,0.0,0,,,
toolagent_trace,0.01,1.0,"l1=0.01,l2x1",all,16,all16,evict_binary_recency,class_order,,0,main,1784653926,1784653926,83026370,9997,30578881,6451105,37029986,6451105,1587925,3103,264935,770,228262,229032,265705,58.42307209968567,1261.7578125,923.95703125,224d5f49bebc27918e3acb3bafe03c37686d1e8f1208f97b90bbdc9e6f225bd2,9997,95,52447489,107989,6451105,12636,40133658,82348,0,0,3436,8,0,0,8374,18,4938,10,631159,1245,1587925,3103,10527901,20586,9896742,19341,3640206,8649,0,0,33872184,71646,30231978,62997,0,0,0,0,0,0,0,0,4274801,1587925,2222520,44408459,12124200,770,489,34815,228262,91639,101573,40615,0.44498427245884115,0.44320649505123366,408004,162501,420228395008,167059277824,1.7874372431679386,0.07769947066215228,7.769947066215228,1.9125550111368232,0.01008595221012312,12.680189438608481,40.79689862389503,0.0,1.9125550111368232,14.602830401955426,0.0007947780406263124,0.9992052219593737,229032,770,228262,63912,1308c26eb2e5d8e846b7cf5fcdc09d62af4198c2d0644521774c6b281fbb8226,11980015,7705864,285697,0.655150473517771,92128,0,23491,61983,0.6727922021535255,29426.95151811551,0.3194137669125077,9784,0.10620006946856547,0,86903,0,23491,57629,0.6631416636940036,28056.939985509467,0.3228535261787219,9784,0.11258529624984177,0,5225,0,0,4354,0.8333014354066985,1370.0115326060688,0.2622031641351328,0,0.0,0,,,
toolagent_trace,0.01,1.0,"l1=0.01,l2x1",all,16,all16,evict_binary_recency,class_order,,1,main,1784653926,1784653926,83026370,9997,30578881,6453800,37032681,6453800,1581578,3090,264919,786,228234,229020,265705,93.97595047950745,1260.84765625,936.53515625,683d62b44d1785ecbb25e72ab77f46f2e500963c7a1ded0320a8d5464c8e578b,9997,94,52447489,107989,6453800,12642,40136384,82354,0,0,3529,7,0,0,9161,18,5632,11,633255,1249,1581578,3090,10530766,20593,9897511,19344,3638943,8647,0,0,33872184,71646,30233241,62999,0,0,0,0,0,0,0,0,4275727,1581578,2218362,44412111,12121505,786,510,34829,228234,91628,101550,40758,0.44493808985514866,0.4448203605884664,409623,162597,421844674560,167146758144,1.794750124871842,0.07773193022891402,7.773193022891402,1.9049104519443643,0.011033843825762828,12.683640149509126,40.79689862389503,0.0,1.9049104519443643,14.599584445279254,0.0008691711052647708,0.9991308288947353,229020,786,228234,64129,23af5bb8bd22b2996f27df40ac2c883708f78f5191baa1cbe2c4f4503f8a0231,11980583,7700447,284786,0.6546292446703136,92138,0,23614,61838,0.6711454557294493,29459.61339890227,0.31973358873539987,9788,0.10623195641320628,0,86925,0,23614,57498,0.6614667817083693,28065.041107804424,0.3228650113063494,9788,0.11260281852171412,0,5213,0,0,4340,0.8325340494916554,1394.5722910978593,0.26751818359828494,0,0.0,0,,,
toolagent_trace,0.01,1.0,"l1=0.01,l2x1",all,16,all16,evict_binary_recency,class_order,,2,main,1784653926,1784653926,83026370,9997,30578881,6325839,36904720,6325839,1718354,3358,264943,762,228229,228991,265705,63.08881235122681,1274.5234375,949.935546875,711aff9d8a64a26f69e8f535a7ff43f7af31269c8cc691dd19b7a23d5595c5c0,9997,94,52447489,107989,6325839,12390,40127897,82338,0,0,4105,10,9216,18,7072,16,2967,6,628446,1240,1709138,3340,10524040,20579,9895594,19339,3642848,8653,0,0,33872184,71646,30229336,62993,0,0,0,0,0,0,0,0,4275399,1718354,2350905,44403296,12249466,762,502,34856,228229,91617,101349,40671,0.4440671430887398,0.44392416254625233,408130,163510,420196259840,168091588608,1.7882477686884664,0.07619072109258782,7.619072109258782,2.069648474334118,0.008517775737997458,12.675539108839757,40.79689862389503,0.011100087839562298,2.058548386494556,14.753705358911873,0.0006715340222381074,0.9993284659777619,228991,762,228229,64105,c150d8b672ec147f5706cd47709f030adbb838dd6a1359a06ab347f34f45b62c,11978589,7696502,286179,0.6544670244550506,92119,0,23562,61883,0.6717723813762633,29419.20833832095,0.31936091727353694,9752,0.10586306842236672,0,86918,0,23562,57571,0.662359925446973,28018.720304494545,0.32235808813473094,9752,0.11219770358268713,0,5201,0,0,4312,0.82907133243607,1400.4880338263551,0.2692728386514815,0,0.0,0,,,
toolagent_trace,0.01,1.0,"l1=0.01,l2x1",all,16,all16,evict_binary_recency,class_order,,3,main,1784653926,1784653926,83026370,9997,30578881,6493841,37072722,6493841,1522701,2976,264948,757,228200,228957,265705,59.55320954322815,1275.171875,932.837890625,e8f156ca631002675170ec16efdadd0fd2d11d667e4b8bb87766d815325cd9f2,9997,92,52447489,107989,6493841,12718,40153468,82390,0,0,3964,8,3072,6,7908,16,3944,8,635139,1254,1519629,2970,10550855,20633,9915716,19379,3638376,8643,0,0,33872184,71646,30233808,63003,0,0,0,0,0,0,0,0,4277479,1522701,2161804,44430947,12081464,757,488,34891,228200,91688,101698,40825,0.4456529360210342,0.44526001221533895,407705,162979,419744724992,167554111488,1.786612620508326,0.07821419869374031,7.821419869374031,1.8339968373903375,0.00952468474774942,12.707836076658536,40.79689862389503,0.003700029279854099,1.8302968081104833,14.551357598796624,0.0007489513686404364,0.9992510486313596,228957,757,228200,64163,6615df0d21dd330385f8f2deee954b2947212aea262797e5ab9f66a108ac7bb1,11985843,7713659,285114,0.6554579431751275,92176,0,23509,61957,0.6721597812879708,29623.247033014137,0.32137700738819364,9778,0.10607967366776601,0,86961,0,23509,57570,0.662020905923345,28313.620992321645,0.32558987353321195,9778,0.11244120927772219,0,5215,0,0,4387,0.8412272291466922,1309.6260406925169,0.25112675756328223,0,0.0,0,,,
toolagent_trace,0.01,1.0,"l1=0.01,l2x1",all,16,all16,evict_binary_recency,class_order,,4,main,1784653926,1784653926,83026370,9997,30578881,6521216,37100097,6521216,1543616,3016,264899,806,228153,228959,265705,71.25642895698547,1279.57421875,953.310546875,a3fdfd5d12a9ffcd87b7c969fc2d72dd48519b181df8021d3d87b854f0fc03e0,9997,95,52447489,107989,6521216,12773,40106759,82298,0,0,3896,8,0,0,7992,16,4096,8,629888,1243,1543616,3016,10502481,20538,9872593,19295,3642114,8651,0,0,33872184,71646,30230070,62995,0,0,0,0,0,0,0,0,4275898,1543616,2177400,44382657,12054089,806,516,34891,228153,91564,101368,40617,0.4442983436553541,0.4435913677864663,406806,161630,418844606464,166120130560,1.7830403282008127,0.0785439132169695,7.85439132169695,1.8591876291833547,0.00962585742337043,12.64957265986698,40.79689862389503,0.0,1.8591876291833547,14.518386146473704,0.0007603844279891114,0.9992396155720109,228959,806,228153,63983,94a137878ae9e219d8aa8cfc0dff65a3262105148a6c1ca4257a946871320331,11975365,7703893,285838,0.6552461657744879,92080,0,23302,62078,0.6741746307558645,29226.2060082427,0.3174001521312196,9682,0.10514769765421372,0,86889,0,23302,57735,0.6644684597590028,27905.390615622902,0.32116137388648625,9682,0.11142952502618284,0,5191,0,0,4343,0.8366403390483529,1320.8153926197858,0.25444334282793024,0,0.0,0,,,
toolagent_trace,0.01,1.0,"l1=0.01,l2x1",leaf,16,leaf16,adm_label,leaf_location,,0,main,1784653926,1784653926,83026370,9997,30578881,3833487,34412368,3833487,0,0,265705,0,245661,245661,265705,62.711827754974365,1274.9921875,1000.6982421875,f969331e12ce450691c3312930c21e2b85fe70b2cce01b398d5fa1fb791da76a,9997,36,52447489,107989,3833487,7490,44279023,90538,0,0,0,0,0,0,0,0,0,0,1041187,2059,0,0,14741818,28853,13700631,26794,3293792,7902,0,0,33872184,71646,30578392,63744,0,0,0,0,0,0,0,0,4334979,0,1041187,48614002,14741818,0,0,18342,245661,100519,0,0,0.0,0.0,0,0,0,0,0.0,0.046171921041471525,4.617192104147152,0.0,0.0,17.755585364023503,40.79689862389503,0.0,0.0,17.755585364023503,0.0,1.0,245661,0,245661,15126,41413cd4a93584acd0e37d4f9d916404c01225dda2e63325f4fafb921cfc336b,12171455,5684935,1028,0.4671133401881698,100519,0,7038,846,0.008416319302818373,48932.95908118545,0.4868030828120599,24888,0.24759498204319583,6,15838,0,7038,70,0.004419749968430357,5209.126619032718,0.3289005315717084,2645,0.16700340952140422,2,84681,0,0,776,0.009163802978235968,43723.83246215265,0.5163358068770166,22243,0.26266813098569924,4,,,
toolagent_trace,0.01,1.0,"l1=0.01,l2x1",leaf,16,leaf16,adm_label,leaf_location,,1,main,1784653926,1784653926,83026370,9997,30578881,3826712,34405593,3826712,0,0,265703,2,245598,245600,265705,61.980642557144165,1275.171875,1000.529296875,1cbc0825f7ff2300a6c3a0db2812ba0cb6c15d2c2dc768bb42931d07539f1424,9997,35,52447489,107989,3826712,7476,44285450,90551,0,0,0,0,0,0,0,0,0,0,1039651,2056,0,0,14748593,28867,13708942,26811,3295676,7906,0,0,33872184,71646,30576508,63740,0,0,0,0,0,0,0,0,4335327,0,1039651,48620777,14748593,2,2,18403,245598,100531,0,0,0.0,0.0,0,0,0,0,0.0,0.04609032046083672,4.609032046083672,0.0,0.0,17.763745422086984,40.79689862389503,0.0,0.0,17.763745422086984,0.0,1.0,245600,2,245598,15217,ee16a2c3580649c7bd3a4b9c43b80f78f56b98db65305f4b746a0e2ed36a3027,12173400,5698828,1017,0.46817951435096195,100533,0,7116,810,0.008057055892095133,48963.522020020966,0.487039300727333,24920,0.24787880596421075,5,15848,0,7116,68,0.004290762241292277,5250.639314477074,0.33131242519416165,2649,0.16715042907622413,4,84685,0,0,742,0.008761882269587294,43712.88270554397,0.5161821185043864,22271,0.26298636122099545,1,,,
toolagent_trace,0.01,1.0,"l1=0.01,l2x1",leaf,16,leaf16,adm_label,leaf_location,,2,main,1784653926,1784653926,83026370,9997,30578881,3826716,34405597,3826716,0,0,265704,1,245490,245491,265705,66.04167199134827,1261.375,924.9873046875,0ceaf26acb63b55a0b06e51770166561ca4167c566d5eb456af97e9fd43fc6d6,9997,36,52447489,107989,3826716,7477,44286119,90551,0,0,0,0,0,0,0,0,0,0,1038230,2053,0,0,14748589,28866,13710359,26813,3296424,7908,0,0,33872184,71646,30575760,63738,0,0,0,0,0,0,0,0,4334654,0,1038230,48620773,14748589,1,1,18512,245490,100531,0,0,0.0,0.0,0,0,0,0,0.0,0.0460903686383013,4.60903686383013,0.0,0.0,17.763740604340523,40.79689862389503,0.0,0.0,17.763740604340523,0.0,1.0,245491,1,245490,15323,52d8c0a7275e06041a63a7b95776e6a15b50e7ba6636827eb8b937a729e42953,12174969,5686281,1080,0.4670912098420949,100532,0,7163,818,0.008136712688497194,48968.90839641359,0.4870977240720725,24884,0.24752317669995624,9,15998,0,7163,89,0.005563195399424928,5384.588449347631,0.336578850440532,2731,0.1707088386048256,5,84534,0,0,729,0.008623749024061324,43584.319947065946,0.5155833149628072,22153,0.2620602361180117,4,,,
toolagent_trace,0.01,1.0,"l1=0.01,l2x1",leaf,16,leaf16,adm_label,leaf_location,,3,main,1784653926,1784653926,83026370,9997,30578881,3838095,34416976,3838095,0,0,265705,0,245501,245501,265705,98.45866823196411,1260.84765625,998.3232421875,b1a532f15ef1930870bdc614be6d61be61ccfcf8918b8010e0838dd2545dbc23,9997,36,52447489,107989,3838095,7499,44274543,90529,0,0,0,0,0,0,0,0,0,0,1038115,2053,0,0,14737210,28844,13699095,26791,3296736,7908,0,0,33872184,71646,30575448,63738,0,0,0,0,0,0,0,0,4334851,0,1038115,48609394,14737210,0,0,18502,245501,100510,0,0,0.0,0.0,0,0,0,0,0.0,0.046227421480669335,4.6227421480669335,0.0,0.0,17.75003532010372,40.79689862389503,0.0,0.0,17.75003532010372,0.0,1.0,245501,0,245501,15181,36559c4bafc5e8a5edc94111f02db268b7c1252dbc24093ee8698746639d14c1,12172502,5711496,1127,0.46925927800217243,100510,0,7200,821,0.008168341458561337,48892.77791852139,0.48644689999523816,24882,0.24755745696945577,7,16038,0,7200,72,0.004489337822671156,5370.631677393127,0.3348691655688444,2729,0.17015837386207758,1,84472,0,0,749,0.008866843451084383,43522.14624112812,0.5152257107814201,22153,0.2622525807368122,6,,,
toolagent_trace,0.01,1.0,"l1=0.01,l2x1",leaf,16,leaf16,adm_label,leaf_location,,4,main,1784653926,1784653926,83026370,9997,30578881,3826200,34405081,3826200,0,0,265705,0,245552,245552,265705,66.70247149467468,1261.7578125,992.4873046875,1860075676378cfc4bf5f2bec2a58f426c21e4428adac9bf719b139bb64f4044,9997,35,52447489,107989,3826200,7475,44286385,90552,0,0,0,0,0,0,0,0,0,0,1040282,2058,0,0,14749105,28868,13708823,26810,3294622,7904,0,0,33872184,71646,30577562,63742,0,0,0,0,0,0,0,0,4334904,0,1040282,48621289,14749105,0,0,18451,245552,100534,0,0,0.0,0.0,0,0,0,0,0.0,0.046084153745370296,4.60841537453703,0.0,0.0,17.764362093633626,40.79689862389503,0.0,0.0,17.764362093633626,0.0,1.0,245552,0,245552,15237,ebb89bf26a6749b7c48d2f88368659380f861abf89fdb0b24199dcdb0c4bb1b4,12176585,5683601,1083,0.466809249062853,100534,0,7345,813,0.008086816400421748,48960.20518581233,0.48700146404014893,24897,0.24764756201881952,11,16085,0,7345,65,0.004041032017407522,5471.540491600595,0.34016415863230304,2740,0.17034504196456327,4,84449,0,0,748,0.008857416902509206,43488.66469421158,0.5149695638102473,22157,0.26237137207071726,7,,,
toolagent_trace,0.01,1.0,"l1=0.01,l2x1",leaf,16,leaf16,evict_label,leaf_location,,0,main,1784653926,1784653926,83026370,9997,30578881,12261718,42840599,12261718,0,0,265574,131,207373,207504,265705,30.187155723571777,1260.01171875,978.3037109375,ffda7cc082cd4922eb563d339f6371a310e6e5fb89f8c8fe2f0bf81c6daa64a9,9997,106,52447489,107989,12261718,23988,35925488,74110,0,0,0,0,0,0,0,0,0,0,462207,915,0,0,6313587,12355,5851380,11440,3798076,8976,0,0,33872184,71646,30074108,62670,0,0,0,0,0,0,0,0,4260283,0,462207,40185771,6313587,131,115,56386,207373,83793,0,0,0.0,0.0,0,0,0,0,0.0,0.14768462116313166,14.768462116313167,0.0,0.0,7.604315351857488,40.79689862389503,0.0,0.0,7.604315351857488,0.0,1.0,207504,131,207373,4796,69a0f23959d2f6af6e815f92341d3ffe5cae95e465e35b0291fa7aa3a1951ed7,9866958,9866958,0,1.0,83908,0,1688,82220,0.9798827287028651,283.3232514582682,0.003376594025102114,316,0.0037660294608380606,0,5352,0,1688,3664,0.6846038863976084,283.3232514582682,0.05293782725303965,316,0.05904334828101644,0,78556,0,0,78556,1.0,0.0,0.0,0,0.0,0,,,
toolagent_trace,0.01,1.0,"l1=0.01,l2x1",leaf,16,leaf16,evict_label,leaf_location,,1,main,1784653926,1784653926,83026370,9997,30578881,12253280,42832161,12253280,0,0,265582,123,207357,207480,265705,26.427045106887817,1261.07421875,927.5380859375,de64a5f922f8aae401e91d270f64d7f4e8b08968d23f562153ea79ec75ae2ec8,9997,107,52447489,107989,12253280,23973,35934002,74126,0,0,512,1,0,0,1536,3,1024,2,466365,923,0,0,6320489,12367,5854124,11444,3793330,8966,0,0,33872184,71646,30078854,62680,0,0,0,0,0,0,0,0,4260207,0,466877,40194209,6322025,123,104,56407,207357,83816,0,0,0.0,0.0,0,0,0,0,0.0,0.14758299080159712,14.758299080159713,0.0,0.0018500146399270496,7.612628373371015,40.79689862389503,0.0,0.0,7.614478388010942,0.00024296012749079607,0.9997570398725092,207480,123,207357,4791,fd5cf2cacf4aa4b9d8b9f222bc7f948528b12c57c60f125e8de0524df935bcea,9867865,9867865,0,1.0,83920,0,1711,82209,0.9796115347950429,281.75591868080977,0.0033574346839943966,325,0.0038727359389895137,2,5333,0,1711,3622,0.6791674479654979,281.75591868080977,0.05283253678620097,323,0.06056628539283705,0,78587,0,0,78587,1.0,0.0,0.0,2,2.5449501826001756e-05,2,,,
toolagent_trace,0.01,1.0,"l1=0.01,l2x1",leaf,16,leaf16,evict_label,leaf_location,,2,main,1784653926,1784653926,83026370,9997,30578881,12274287,42853168,12274287,0,0,265549,156,207264,207420,265705,26.919681310653687,1276.01953125,892.806640625,90278f8900c823e08df6948eac5e74c907ba21858235f43b03d35b25b60b6cf2,9997,107,52447489,107989,12274287,24014,35912102,74085,0,0,1024,2,0,0,3072,6,2048,4,463676,917,0,0,6297946,12323,5834270,11406,3796400,8971,0,0,33872184,71646,30075784,62675,0,0,0,0,0,0,0,0,4261100,0,464700,40173202,6301018,156,143,56474,207264,83743,0,0,0.0,0.0,0,0,0,0,0.0,0.14783600680121267,14.783600680121268,0.0,0.003700029279854099,7.585476758769533,40.79689862389503,0.0,0.0,7.589176788049387,0.000487540267302839,0.9995124597326972,207420,156,207264,4782,ea336d1f8a85558d501db91446c40e9addf809ec0d2a64e5a7ca5ebdc907d170,9862696,9862696,0,1.0,83886,0,1746,82140,0.9791860381946927,293.9795961691574,0.0035045132223393343,347,0.004136566292349141,1,5361,0,1746,3615,0.6743144935646335,293.9795961691574,0.054836708854534115,346,0.06454019772430516,0,78525,0,0,78525,1.0,0.0,0.0,1,1.2734797835084367e-05,1,,,
toolagent_trace,0.01,1.0,"l1=0.01,l2x1",leaf,16,leaf16,evict_label,leaf_location,,3,main,1784653926,1784653926,83026370,9997,30578881,12257874,42836755,12257874,0,0,265533,172,207383,207555,265705,26.32890272140503,1261.1796875,914.8955078125,f36380cc682ddb9387347ce5d5059809bdc5cfb1c3bff01df24f0841c3749bbf,9997,103,52447489,107989,12257874,23979,35928899,74116,0,0,512,1,0,0,512,1,0,0,463193,919,0,0,6316919,12363,5853726,11444,3797011,8974,0,0,33872184,71646,30075173,62672,0,0,0,0,0,0,0,0,4260716,0,463705,40189615,6317431,172,156,56335,207383,83761,0,0,0.0,0.0,0,0,0,0,0.0,0.14763832261966892,14.763832261966892,0.0,0.0006166715466423499,7.6083285346571214,40.79689862389503,0.0,0.0,7.608945206203764,8.104560223926466e-05,0.9999189543977607,207555,172,207383,4803,72ebbed1377168003e015c1ffd0bdb02b67932d0b977180f1bb84b34d43f859c,9864512,9864512,0,1.0,83917,0,1713,82204,0.9795869728422132,270.8428281591004,0.0032275084685951644,337,0.004015872826721642,9,5337,0,1713,3624,0.6790331646992692,270.8428281591004,0.05074814093293993,328,0.061457747798388605,0,78580,0,0,78580,1.0,0.0,0.0,9,0.00011453296004072283,9,,,
toolagent_trace,0.01,1.0,"l1=0.01,l2x1",leaf,16,leaf16,evict_label,leaf_location,,4,main,1784653926,1784653926,83026370,9997,30578881,12261335,42840216,12261335,0,0,265583,122,207411,207533,265705,25.809221029281616,1274.9921875,1006.1435546875,07785d3f6ff64fcf1a2e01a54fc9ca38a8ad60c509f8dffef83a3ed67159016b,9997,105,52447489,107989,12261335,23987,35923699,74110,0,0,512,1,0,0,1024,2,512,1,467198,925,0,0,6312946,12354,5845748,11429,3794745,8966,0,0,33872184,71646,30077439,62680,0,0,0,0,0,0,0,0,4262455,0,467710,40186154,6313970,122,108,56359,207411,83804,0,0,0.0,0.0,0,0,0,0,0.0,0.147680008170898,14.7680008170898,0.0,0.0012333430932846999,7.603543307987571,40.79689862389503,0.0,0.0,7.604776651080855,0.00016218005470409268,0.9998378199452959,207533,122,207411,4777,b753748f15cda6709e0efc80a7ac4885774b19b46c0a132ffab972a736306567,9867051,9867051,0,1.0,83912,0,1709,82203,0.9796334254933741,291.3219475807476,0.003471755500771613,368,0.004385546763275813,16,5336,0,1709,3627,0.6797226386806596,291.3219475807476,0.054595567387696324,352,0.06596701649175413,0,78576,0,0,78576,1.0,0.0,0.0,16,0.00020362451639177357,16,,,
toolagent_trace,0.01,4.0,"l1=0.01,l2x4",all,16,all16,label_binary_6,horizon,6.0,0,main,1784653926,7138615706,83026370,9997,30578881,8226825,38805706,8226825,1428082,2790,265705,0,214911,214911,265705,25.380291223526,1274.9921875,869.373046875,f3f80205bc15313ffe0eb438435544ec4b7c31a0009f9ed0460d478c8f56473e,9997,103,52447489,107989,8226825,16106,38526670,79199,0,0,0,0,0,0,0,0,0,0,539686,1067,1428082,2790,8920398,17447,8380712,16380,3726226,8827,0,0,33872184,71646,30145958,62819,0,0,0,0,0,0,0,0,4265912,1428082,1967768,42792582,10348480,0,0,43505,214911,89072,97445,40028,0.4534202530349773,0.4493892581282558,491959,195790,503624927232,200035420160,2.289128988278869,0.09908689251378809,9.908689251378808,1.7200342493595708,0.0,10.744053967432276,40.79689862389503,0.0,1.7200342493595708,12.464088216791845,0.0,1.0,214911,0,214911,0,bfb7ca2ec3873b6fd5470cf1dc85b644a8254d0034993dfdbb5f3cefbcc88e72,11766910,9593657,130772,0.820864865967361,89072,0,0,74285,0.8339882342374708,25617.724874763033,0.287606934555899,14787,0.16601176576252918,0,83653,0,0,69769,0.8340286660370817,24072.078675451376,0.28776109255437793,13884,0.16597133396291824,0,5419,0,0,4516,0.8333640893153719,1545.646199311763,0.2852272004635104,903,0.16663591068462816,0,,,
toolagent_trace,0.01,4.0,"l1=0.01,l2x4",all,16,all16,label_binary_6,horizon,6.0,1,main,1784653926,7138615706,83026370,9997,30578881,8368961,38947842,8368961,1232388,2408,265705,0,214976,214976,265705,51.890105962753296,1261.7578125,885.33203125,312be7f206ba57033a12260db36f8eab8441cd3548cfae27bdbd678c3a5cbbfa,9997,104,52447489,107989,8368961,16383,38579965,79305,0,0,0,0,0,0,0,0,0,0,540906,1069,1232388,2408,8973956,17552,8433050,16483,3725269,8824,0,0,33872184,71646,30146915,62822,0,0,0,0,0,0,0,0,4266175,1232388,1773294,42846140,10206344,0,0,43443,214976,89183,97353,39969,0.45285520244120275,0.4481683728961798,489135,195922,500680163328,200222083072,2.2753004986603154,0.10079883054022475,10.079883054022474,1.4843332305145944,0.0,10.808561183633586,40.79689862389503,0.0,1.4843332305145944,12.29289441414818,0.0,1.0,214976,0,214976,0,7a221a8d1330c07ca6e98901f402c92a43725dd7f2e25ecd3ad8e4b6cecc7f7d,11781390,9600402,130719,0.8204262400277047,89183,0,0,74284,0.8329390130406019,26015.751820588277,0.2917120058821555,14899,0.16706098695939808,0,83746,0,0,69762,0.8330188904544694,24413.929121592206,0.29152352496348727,13984,0.16698110954553053,0,5437,0,0,4522,0.8317086628655509,1601.822698996175,0.29461517362445744,915,0.16829133713444913,0,,,
toolagent_trace,0.01,4.0,"l1=0.01,l2x4",all,16,all16,label_binary_6,horizon,6.0,2,main,1784653926,7138615706,83026370,9997,30578881,8320405,38899286,8320405,1318916,2577,265705,0,214883,214883,265705,25.15289044380188,1274.5234375,903.509765625,df5d6a0b596b4d91ab101d75a8d4cd2d8f4ccfef4442970d1a04a21479dfbcfe,9997,103,52447489,107989,8320405,16288,38541932,79230,0,0,0,0,0,0,0,0,0,0,545942,1079,1318916,2577,8935984,17478,8390042,16399,3720294,8815,0,0,33872184,71646,30151890,62831,0,0,0,0,0,0,0,0,4266236,1318916,1864858,42808168,10254900,0,0,43534,214883,89108,97421,40015,0.45336764657976664,0.44906181263186246,493836,197910,505610987520,202316523520,2.29816225573917,0.10021400429767073,10.021400429767073,1.5885507218971515,0.0,10.76282631650643,40.79689862389503,0.0,1.5885507218971515,12.351377038403582,0.0,1.0,214883,0,214883,0,8a06f1441e1b02b198569313bc3d3484f75d0a98948e414ff145e92ac33eb58a,11771779,9594363,130498,0.8205736787957029,89108,0,0,74290,0.8337074112313148,25742.126224736843,0.28888681403170136,14818,0.1662925887686852,0,83692,0,0,69730,0.8331740190221287,24222.122197358283,0.2894198035338895,13962,0.16682598097787124,0,5416,0,0,4560,0.8419497784342689,1520.00402737868,0.2806506697523412,856,0.15805022156573117,0,,,
toolagent_trace,0.01,4.0,"l1=0.01,l2x4",all,16,all16,label_binary_6,horizon,6.0,3,main,1784653926,7138615706,83026370,9997,30578881,8420312,38999193,8420312,1239040,2420,265705,0,214895,214895,265705,25.582788228988647,1276.01953125,814.1298828125,42fea64ee0ff26a1c109fe72a6b315ab7d622614ae0c4528260aadd04a785333,9997,104,52447489,107989,8420312,16484,38522323,79192,0,0,0,0,0,0,0,0,0,0,539731,1066,1239040,2420,8915953,17439,8376222,16373,3726083,8827,0,0,33872184,71646,30146101,62819,0,0,0,0,0,0,0,0,4265814,1239040,1778771,42788137,10154993,0,0,43536,214895,89076,97297,39930,0.45276530398566744,0.44826889397817593,489545,193718,501103994880,197884616704,2.2780660322483075,0.10141732078615505,10.141732078615505,1.4923451428744867,0.0,10.738700246680663,40.79689862389503,0.0,1.4923451428744867,12.231045389555149,0.0,1.0,214895,0,214895,0,569cc8a4a11fc4714195a73555a9883657b258723afa03e5575b4682d17e82bb,11766623,9593739,130008,0.8208593918577998,89076,0,0,74297,0.8340855000224527,25547.91159161307,0.2868102697877438,14779,0.16591449997754726,0,83644,0,0,69751,0.833903208837454,23936.15260141427,0.2861670006385906,13893,0.16609679116254603,0,5432,0,0,4546,0.8368924889543446,1611.7589901987878,0.2967155725697327,886,0.16310751104565538,0,,,
toolagent_trace,0.01,4.0,"l1=0.01,l2x4",all,16,all16,label_binary_6,horizon,6.0,4,main,1784653926,7138615706,83026370,9997,30578881,8312724,38891605,8312724,1307254,2555,265705,0,214853,214853,265705,25.549017190933228,1261.07421875,882.37109375,88df8c49b602f4304a181b05b6a442bc320295d29963f873245fa116fb29b1fc,9997,101,52447489,107989,8312724,16272,38560535,79266,0,0,0,0,0,0,0,0,0,0,543383,1075,1307254,2555,8955327,17516,8411944,16441,3723593,8821,0,0,33872184,71646,30148591,62825,0,0,0,0,0,0,0,0,4266976,1307254,1850637,42827511,10262581,0,0,43563,214853,89140,97148,40054,0.4521603142613787,0.44933811981153243,492945,195880,504597393408,200172951552,2.29433612749182,0.10012149152130823,10.012149152130823,1.5745045820984345,0.0,10.786123733941396,40.79689862389503,0.0,1.5745045820984345,12.360628316039831,0.0,1.0,214853,0,214853,0,2183f4372edf417f2079221d9387ff9458061a1e17b7b32c956f9c8601fd3dae,11775390,9600967,129506,0.8208407534697365,89140,0,0,74290,0.8334081220551941,25906.568482299965,0.290627871688355,14850,0.16659187794480593,0,83705,0,0,69716,0.8328773669434323,24349.108220592334,0.29089192068087133,13989,0.16712263305656772,0,5435,0,0,4574,0.8415823367065317,1557.4602617078017,0.2865612257052073,861,0.15841766329346826,0,,,
toolagent_trace,0.01,4.0,"l1=0.01,l2x4",all,16,all16,label_binary_15,horizon,15.0,0,main,1784653926,7138615706,83026370,9997,30578881,8830537,39409418,8830537,1267200,2475,265705,0,212681,212681,265705,25.143636465072632,1279.57421875,908.5400390625,3ee36c4e912522bb08b0e89a96d13afeddf7870009d6959d01df60ea90ed0166,9997,103,52447489,107989,8830537,17285,38084551,78335,0,0,0,0,0,0,0,0,0,0,515042,1018,1267200,2475,8477568,16583,7962526,15565,3750159,8876,0,0,33872184,71646,30122025,62770,0,0,0,0,0,0,0,0,4265201,1267200,1782242,42349752,9744768,0,0,45739,212681,88210,95957,39418,0.4511780553975202,0.446865434757964,482364,193568,493755207680,197716105216,2.268016418956089,0.1063582208881347,10.63582208881347,1.526262077939816,0.0,10.210693301417368,40.79689862389503,0.0,1.526262077939816,11.736955379357186,0.0,1.0,212681,0,212681,0,bf7e586e2d8395b39979f08a95867def1c15f532bf84ff7048076ca0f8f90504,11651478,9683629,118470,0.8361912540194472,88210,0,0,74284,0.84212674299966,22196.078251422732,0.2516276867863364,13926,0.1578732570003401,0,82781,0,0,69709,0.8420893683333132,20843.314412960826,0.25178862798179324,13072,0.1579106316666868,0,5429,0,0,4575,0.8426966292134831,1352.7638384618697,0.2491736670587345,854,0.15730337078651685,0,,,
toolagent_trace,0.01,4.0,"l1=0.01,l2x4",all,16,all16,label_binary_15,horizon,15.0,1,main,1784653926,7138615706,83026370,9997,30578881,8913305,39492186,8913305,1209344,2362,265705,0,212627,212627,265705,28.71693992614746,1276.01953125,814.1337890625,d5019ff68cce94122e6b4a55fdbb395e0d719707cfdc58e065aa32f143bc2b7c,9997,104,52447489,107989,8913305,17447,38060655,78287,0,0,0,0,0,0,0,0,0,0,509590,1008,1209344,2362,8452656,16534,7943066,15526,3754595,8885,0,0,33872184,71646,30117589,62761,0,0,0,0,0,0,0,0,4264185,1209344,1718934,42324840,9662000,0,0,45797,212627,88165,96166,39459,0.45227558118207,0.44755855498213576,488760,193630,500259020800,197788913664,2.2986732635083973,0.10735510898525372,10.735510898525373,1.4565781931692305,0.0,10.180688376476052,40.79689862389503,0.0,1.4565781931692305,11.637266569645282,0.0,1.0,212627,0,212627,0,d3937a836ec1b2f47d9c9dcd97b3858e1f75704c2d8e1a514b0b9d0e7ea62a73,11645129,9682370,119160,0.8365686631723873,88165,0,0,74277,0.8424771734815403,22050.499524323786,0.25010491152184866,13888,0.1575228265184597,0,82731,0,0,69685,0.842308203696317,20706.445223617953,0.2502864128756809,13046,0.15769179630368302,0,5434,0,0,4592,0.8450496871549503,1344.0543007058643,0.24734160852150613,842,0.15495031284504968,0,,,
toolagent_trace,0.01,4.0,"l1=0.01,l2x4",all,16,all16,label_binary_15,horizon,15.0,2,main,1784653926,7138615706,83026370,9997,30578881,8831960,39410841,8831960,1292804,2526,265705,0,212630,212630,265705,24.95316243171692,1274.9921875,964.724609375,faca8f91874a98614b398431725bd6ef3b9a1e5ffb9c3263f4f83c647358a295,9997,104,52447489,107989,8831960,17288,38058444,78282,0,0,0,0,0,0,0,0,0,0,510547,1009,1292804,2526,8450541,16529,7939994,15520,3753734,8884,0,0,33872184,71646,30118450,62762,0,0,0,0,0,0,0,0,4264281,1292804,1803351,42322725,9743345,0,0,45794,212630,88168,95996,39431,0.45146968913135493,0.44722575083930677,486559,193878,497989871616,198034288640,2.2882895170013637,0.10637536002115955,10.637536002115954,1.5571004730183917,0.0,10.178140993036308,40.79689862389503,0.0,1.5571004730183917,11.7352414660547,0.0,1.0,212630,0,212630,0,6903e2ca23f43c1cb0266fd16d3c37c9389364bb695ecb2c5f9bd2470dd7a38d,11645567,9679619,119735,0.8363256593689256,88168,0,0,74291,0.8426072951637782,22011.43426442429,0.24965332393186065,13877,0.15739270483622175,0,82721,0,0,69762,0.8433408687032313,20530.6540874925,0.24819156063747416,12959,0.15665913129676864,0,5447,0,0,4529,0.8314668624931155,1480.7801769318794,0.2718524282966549,918,0.16853313750688453,0,,,
toolagent_trace,0.01,4.0,"l1=0.01,l2x4",all,16,all16,label_binary_15,horizon,15.0,3,main,1784653926,7138615706,83026370,9997,30578881,8945000,39523881,8945000,1196032,2336,265705,0,212587,212587,265705,33.40744137763977,1260.84765625,802.4375,530fb6b4fe28493808061723fd03d48274bfd39fe6917e772a0e7408c88eeb43,9997,105,52447489,107989,8945000,17509,38042875,78252,0,0,0,0,0,0,0,0,0,0,510147,1008,1196032,2336,8434273,16498,7924126,15490,3753435,8884,0,0,33872184,71646,30118749,62762,0,0,0,0,0,0,0,0,4263582,1196032,1706179,42306457,9630305,0,0,45830,212587,88122,96233,39555,0.4526758456537794,0.4488663443861919,485411,194098,496802035712,198301427712,2.2833522275585993,0.10773685517023085,10.773685517023086,1.4405447329565293,0.0,10.158547218191039,40.79689862389503,0.0,1.4405447329565293,11.59909195114757,0.0,1.0,212587,0,212587,0,14e62442c8706a80c2c54b83b64a6b2d22beaf89b75ab16f7cbc1af5f3d8dae8,11641479,9679905,118690,0.836599026635705,88122,0,0,74281,0.8429336601529698,21861.559963759173,0.24808288467986625,13841,0.15706633984703025,0,82698,0,0,69685,0.8426443202979516,20552.714201336505,0.248527342878141,13013,0.15735567970204842,0,5424,0,0,4596,0.8473451327433629,1308.8457624227178,0.2413063721280822,828,0.15265486725663716,0,,,
toolagent_trace,0.01,4.0,"l1=0.01,l2x4",all,16,all16,label_binary_15,horizon,15.0,4,main,1784653926,7138615706,83026370,9997,30578881,8932796,39511677,8932796,1200640,2345,265705,0,212615,212615,265705,27.355310678482056,1261.07421875,790.2734375,b33e7b853fbb2e3ba838f9381f093e1536d7ba2e513f8625f9fa3ac5b49a763b,9997,104,52447489,107989,8932796,17485,38050244,78266,0,0,0,0,0,0,0,0,0,0,513139,1015,1200640,2345,8441869,16513,7928730,15498,3750670,8878,0,0,33872184,71646,30121514,62768,0,0,0,0,0,0,0,0,4263809,1200640,1713779,42314053,9642509,0,0,45804,212615,88140,96350,39589,0.45316652164710863,0.4491604265940549,482557,190676,493809412096,194732756992,2.2696282012087576,0.1075898657257929,10.75898657257929,1.4460947768763106,0.0,10.167696118715053,40.79689862389503,0.0,1.4460947768763106,11.613790895591364,0.0,1.0,212615,0,212615,0,df3620b35a4f628798943352619ed1201116dc3e75a73a2a06306236ea30c73b,11642494,9683820,118941,0.8368731390370483,88140,0,0,74279,0.8427388245972317,21935.03345537648,0.24886582091418744,13861,0.15726117540276832,0,82714,0,0,69682,0.8424450516236671,20649.91944635766,0.249654465342719,13032,0.1575549483763329,0,5426,0,0,4597,0.8472171028381865,1285.114009018775,0.2368437171062984,829,0.15278289716181348,0,,,
toolagent_trace,0.01,4.0,"l1=0.01,l2x4",all,16,all16,label_binary_60,horizon,60.0,0,main,1784653926,7138615706,83026370,9997,30578881,11099710,41678591,11099710,737280,1440,265705,0,204553,204553,265705,30.113490343093872,1273.890625,777.6923828125,94df17cf8025b5536755bcf565af932967e811419add2c59843e6ab9e4d84f4a,9997,114,52447489,107989,11099710,21723,36358073,74943,0,0,0,0,0,0,0,0,0,0,392811,777,737280,1440,6738315,13180,6345504,12403,3859615,9106,0,0,33872184,71646,30012569,62540,0,0,0,0,0,0,0,0,4252426,737280,1130091,40610499,7475595,0,0,53869,204553,84805,91904,37764,0.44929187056655245,0.44530393255114675,460540,182133,471180431360,185926041600,2.2514458355536218,0.13368897134729604,13.368897134729604,0.8880070271649838,0.0,8.115873306276066,40.79689862389503,0.0,0.8880070271649838,9.00388033344105,0.0,1.0,204553,0,204553,0,06821da68d086055e2b8ef0474fde84cfc6cd139de5045a2bba9b0a45b93242d,11202092,9892548,76157,0.8864974952892728,84805,0,0,74211,0.8750781203938447,12575.830258482438,0.1482911415421548,10594,0.12492187960615529,0,79385,0,0,69449,0.8748378157082572,11792.543901577554,0.14854876741925493,9936,0.12516218429174278,0,5420,0,0,4762,0.8785977859778598,783.2863569048692,0.14451777802672863,658,0.12140221402214021,0,,,
toolagent_trace,0.01,4.0,"l1=0.01,l2x4",all,16,all16,label_binary_60,horizon,60.0,1,main,1784653926,7138615706,83026370,9997,30578881,11201452,41780333,11201452,653288,1276,265705,0,204548,204548,265705,24.504017114639282,1260.84765625,802.4375,c82d1d15e6d8c31af70acf276db08adcc09f57277ed4c05d4c9ee8a0280f354e,9997,116,52447489,107989,11201452,21922,36341237,74910,0,0,0,0,0,0,0,0,0,0,390909,773,653288,1276,6720565,13145,6329656,12372,3860603,9108,0,0,33872184,71646,30011581,62538,0,0,0,0,0,0,0,0,4251512,653288,1044197,40592749,7373853,0,0,53876,204548,84765,91555,37570,0.4475966521305513,0.443225387836961,459775,183443,470552596480,187375663104,2.247760916753036,0.1349143892476571,13.49143892476571,0.7868439870368896,0.0,8.094494556368055,40.79689862389503,0.0,0.7868439870368896,8.881338543404945,0.0,1.0,204548,0,204548,0,ce8b2b38002faf0632f484c9005e60cefb3ca89c18ef2f8b7471e531b8d99cb8,11196130,9882325,75947,0.8860470984170423,84765,0,0,74204,0.8754084822745237,12512.928252316866,0.14761904385438407,10561,0.12459151772547632,0,79356,0,0,69447,0.8751323151368516,11736.619364780097,0.147898323564445,9909,0.12486768486314835,0,5409,0,0,4757,0.8794601589942688,776.3088875367924,0.14352170226230218,652,0.12053984100573119,0,,,
toolagent_trace,0.01,4.0,"l1=0.01,l2x4",all,16,all16,label_binary_60,horizon,60.0,2,main,1784653926,7138615706,83026370,9997,30578881,11094566,41673447,11094566,760135,1485,265705,0,204502,204502,265705,24.323429346084595,1260.01171875,854.994140625,c7f23fb7f6564390fc4cf5f90cf5712fea17177ad7d0489bdb9e87390b705963,9997,115,52447489,107989,11094566,21713,36340605,74909,0,0,0,0,0,0,0,0,0,0,395371,782,760135,1485,6720604,13145,6325233,12363,3856812,9100,0,0,33872184,71646,30015372,62546,0,0,0,0,0,0,0,0,4252183,760135,1155506,40592788,7480739,0,0,53913,204502,84761,91860,37686,0.44918876099011257,0.4446148582484869,459840,185660,470642315264,189711214592,2.2485843659230715,0.13362701512784433,13.362701512784433,0.9155344259902005,0.0,8.094541529396022,40.79689862389503,0.0,0.9155344259902005,9.010075955386222,0.0,1.0,204502,0,204502,0,3796a94dd4a536b5459d1906de855171bef8e2a473257f9cb85d4224d7a4275d,11196288,9885392,75489,0.8862880715465697,84761,0,0,74203,0.8754379962482746,12492.714968524651,0.14738753634955523,10558,0.12456200375172544,0,79342,0,0,69483,0.8757404653273172,11643.891147507207,0.14675570501760993,9859,0.12425953467268282,0,5419,0,0,4720,0.8710094113305038,848.8238210174484,0.15663846115841454,699,0.12899058866949623,0,,,
toolagent_trace,0.01,4.0,"l1=0.01,l2x4",all,16,all16,label_binary_60,horizon,60.0,3,main,1784653926,7138615706,83026370,9997,30578881,11105791,41684672,11105791,717800,1402,265705,0,204586,204586,265705,24.30546808242798,1279.57421875,813.1806640625,0add28dfcb36325db020c2a1ce4a606a93092271031cfd34b3f14516e4385c9c,9997,115,52447489,107989,11105791,21735,36371866,74970,0,0,0,0,0,0,0,0,0,0,393898,779,717800,1402,6751714,13206,6357816,12427,3858134,9103,0,0,33872184,71646,30014050,62543,0,0,0,0,0,0,0,0,4252032,717800,1111698,40623898,7469514,0,0,53837,204586,84831,91563,37671,0.44755261845874106,0.44407115323407714,460775,183333,471571161088,187358599168,2.252231335477501,0.13376221313782596,13.376221313782597,0.8645446019138256,0.0,8.132011552474232,40.79689862389503,0.0,0.8645446019138256,8.996556154388058,0.0,1.0,204586,0,204586,0,ab65fdfe657c8ebbdede0605700149bb73e385170a14aec4ffcbe1b1fe39f10f,11205980,9890393,76227,0.8860007335369151,84831,0,0,74197,0.8746448821775059,12651.494382203005,0.14913763108065453,10634,0.12535511782249414,0,79420,0,0,69496,0.8750440695039033,11816.78849511933,0.1487885733457483,9924,0.1249559304960967,0,5411,0,0,4701,0.8687858066900758,834.7058870836279,0.15426092904890554,710,0.13121419330992423,0,,,
toolagent_trace,0.01,4.0,"l1=0.01,l2x4",all,16,all16,label_binary_60,horizon,60.0,4,main,1784653926,7138615706,83026370,9997,30578881,11115035,41693916,11115035,719745,1406,265705,0,204547,204547,265705,24.843812465667725,1275.171875,777.224609375,6b224e0334ccdf1518f40fa26a13e96451a9734034a0be99c7f421ad56655e51,9997,115,52447489,107989,11115035,21753,36360556,74948,0,0,0,0,0,0,0,0,0,0,394997,781,719745,1406,6740525,13184,6345528,12403,3857156,9101,0,0,33872184,71646,30015028,62545,0,0,0,0,0,0,0,0,4252153,719745,1114742,40612709,7460270,0,0,53871,204547,84807,91773,37653,0.44866461008961267,0.44398457674484415,457400,183081,467848888320,186926632960,2.23616088234,0.13387355125847367,13.387355125847366,0.8668872311290979,0.0,8.118535111194191,40.79689862389503,0.0,0.8668872311290979,8.985422342323288,0.0,1.0,204547,0,204547,0,f069e30d44e4404ae6048b677466b7c71adf3642c9244d75ec3d9a2d2ae0d2ca,11202989,9890800,75081,0.8862224625945808,84807,0,0,74209,0.8750339005034962,12574.600205992821,0.14827314025956373,10598,0.12496609949650382,0,79393,0,0,69485,0.8752031035481718,11734.992626426505,0.147808907919168,9908,0.12479689645182825,0,5414,0,0,4724,0.8725526413003325,839.6075795663055,0.1550808237100675,690,0.12744735869966753,0,,,
toolagent_trace,0.01,4.0,"l1=0.01,l2x4",all,16,all16,label_binary_300,horizon,300.0,0,main,1784653926,7138615706,83026370,9997,30578881,15923481,46502362,15923481,210432,411,265705,0,184357,184357,265705,22.320399045944214,1274.5234375,811.416015625,55377b6d10050a93a1d8fc49d4ab56d414a5be04ea67189b7e75b21f0f8812f8,9997,134,52447489,107989,15923481,31154,32079253,66561,0,0,0,0,0,0,0,0,0,0,140395,279,210432,411,2441392,4778,2300997,4499,4093928,9584,0,0,33872184,71646,29778256,62062,0,0,0,0,0,0,0,0,4234323,210432,350827,36313576,2651824,0,0,74055,184357,76332,81207,33374,0.44048774931247525,0.43722161085783157,408187,162222,417598285824,165614039040,2.214111750570903,0.19178823547265766,19.178823547265765,0.2534520056700058,0.0,2.940501915234883,40.79689862389503,0.0,0.2534520056700058,3.1939539209048884,0.0,1.0,184357,0,184357,0,bf377b04034fa5fa446b7f4b4129e78c5bf5ccb6f7c6cb2a07236a08902646d8,10098034,9284110,28732,0.9208204290062798,76332,0,0,73358,0.9610386207619347,1157.5285319272627,0.01516439411946841,2974,0.038961379238065294,0,70988,0,0,68244,0.9613455795345692,1065.158724826715,0.015004771578671253,2744,0.03865442046543078,0,5344,0,0,5114,0.9569610778443114,92.36980710054684,0.017284769292766997,230,0.04303892215568862,0,,,
toolagent_trace,0.01,4.0,"l1=0.01,l2x4",all,16,all16,label_binary_300,horizon,300.0,1,main,1784653926,7138615706,83026370,9997,30578881,15911193,46490074,15911193,222720,435,265705,0,184335,184335,265705,22.058133602142334,1273.890625,777.7041015625,30949b69778fcf99d7153ebda6c9bb917ed4553f0e4e5884bdea8344aedaf19a,9997,134,52447489,107989,15911193,31130,32079151,66561,0,0,0,0,0,0,0,0,0,0,138859,276,222720,435,2441392,4778,2302533,4502,4095566,9587,0,0,33872184,71646,29776618,62059,0,0,0,0,0,0,0,0,4234425,222720,361579,36313576,2664112,0,0,74088,184335,76339,81396,33415,0.44156562779721703,0.43771859730937007,404783,161670,414013587456,165103540224,2.1959096210703337,0.19164023430146349,19.16402343014635,0.26825212278942223,0.0,2.940501915234883,40.79689862389503,0.0,0.26825212278942223,3.208754038024305,0.0,1.0,184335,0,184335,0,894b5d700a758600ca89dd4b5601cb99511f0bf724de0664ecac3abae082a06f,10099276,9284925,29372,0.9208195716207775,76339,0,0,73362,0.9610028949815953,1157.9343062165174,0.015168319027188166,2976,0.038984005554172835,0,70997,0,0,68204,0.960660309590546,1086.7046035799715,0.015306345388959695,2792,0.039325605307266503,0,5342,0,0,5158,0.9655559715462374,71.2297026365448,0.013333901654164133,184,0.03444402845376263,0,,,
toolagent_trace,0.01,4.0,"l1=0.01,l2x4",all,16,all16,label_binary_300,horizon,300.0,2,main,1784653926,7138615706,83026370,9997,30578881,15916825,46495706,15916825,221696,433,265705,0,184346,184346,265705,23.052384614944458,1260.01171875,854.990234375,fc75578abf3344c7217c527ed690b746ca20b1fb1a734f0994ca6c8ff6587f91,9997,134,52447489,107989,15916825,31141,32075340,66552,0,0,0,0,0,0,0,0,0,0,136299,271,221696,433,2436784,4769,2300485,4498,4097329,9592,0,0,33872184,71646,29774855,62054,0,0,0,0,0,0,0,0,4233628,221696,357995,36308968,2658480,0,0,74078,184346,76325,81322,33224,0.44113786032786173,0.4352964297412381,404522,161009,413733283840,164371779584,2.1943627743482366,0.19170806817159416,19.170806817159416,0.2670187796961375,0.0,2.9349518713151013,40.79689862389503,0.0,0.2670187796961375,3.201970651011239,0.0,1.0,184346,0,184346,0,249521f001edcb7503c9e1d429633e5d5d6b1ab4cefb2b90cd7ac476e27dcbe1,10097405,9283027,29221,0.9207947487498025,76325,0,0,73358,0.9611267605633803,1153.5111136292726,0.015113149212306224,2967,0.038873239436619716,0,70967,0,0,68173,0.9606295884002424,1090.5629766503403,0.015367184418819173,2794,0.03937041159975763,0,5358,0,0,5185,0.9677118327734229,62.94813697893222,0.01174843915246962,173,0.03228816722657708,0,,,
toolagent_trace,0.01,4.0,"l1=0.01,l2x4",all,16,all16,label_binary_300,horizon,300.0,3,main,1784653926,7138615706,83026370,9997,30578881,15976217,46555098,15976217,160256,313,265705,0,184386,184386,265705,26.9695565700531,1275.171875,872.583984375,3cf32889d089baa1b1f16a7981fefa8ea39a4eed5c1f82c8fcb84752c678c709,9997,134,52447489,107989,15976217,31257,32077343,66556,0,0,0,0,0,0,0,0,0,0,137323,273,160256,313,2438832,4773,2301509,4500,4096350,9590,0,0,33872184,71646,29775834,62056,0,0,0,0,0,0,0,0,4233673,160256,297579,36311016,2599088,0,0,74040,184386,76334,81148,33285,0.440098489039298,0.43604422668797654,402650,161018,411847917568,164445708288,2.1837341229811376,0.19242340716569928,19.242340716569927,0.19301819409905552,0.0,2.9374185575016707,40.79689862389503,0.0,0.19301819409905552,3.1304367516007265,0.0,1.0,184386,0,184386,0,fc533708dad12fe596654ec79a674d3fa6476ce1596b56b2d72135a1aba52175,10099293,9283578,28937,0.9206631097840215,76334,0,0,73361,0.9610527418974507,1158.3416112583964,0.015174648403835728,2973,0.03894725810254932,0,70994,0,0,68211,0.9607995041834522,1084.7011523399324,0.015278772182718715,2783,0.03920049581654788,0,5340,0,0,5150,0.9644194756554307,73.64045891846582,0.013790348112072252,190,0.035580524344569285,0,,,
toolagent_trace,0.01,4.0,"l1=0.01,l2x4",all,16,all16,label_binary_300,horizon,300.0,4,main,1784653926,7138615706,83026370,9997,30578881,15976729,46555610,15976729,156672,306,265705,0,184355,184355,265705,22.828134536743164,1279.57421875,813.1806640625,13c849d64b3b4047e297a7f3b562098f36c5a145e46e2c5e8b4904c1c896fca1,9997,134,52447489,107989,15976729,31258,32080195,66562,0,0,0,0,0,0,0,0,0,0,137323,273,156672,306,2441904,4779,2304581,4506,4096570,9590,0,0,33872184,71646,29775614,62056,0,0,0,0,0,0,0,0,4233893,156672,293995,36314088,2598576,0,0,74068,184355,76331,81304,33339,0.4410186867728025,0.43676880952692876,401727,160001,410913259520,163354515456,2.1790946814569714,0.19242957388116572,19.242957388116572,0.18870149327255906,0.0,2.941118586781525,40.79689862389503,0.0,0.18870149327255906,3.129820080054084,0.0,1.0,184355,0,184355,0,b1e5abfd2a6310c2476e052e6da127a9920e0bec11f0553953bcb55614ded0e4,10098889,9284988,29200,0.9208525809126132,76331,0,0,73349,0.9609333036381025,1167.4993714123912,0.015295219130004731,2982,0.039066696361897524,0,71002,0,0,68207,0.9606349116926284,1095.7441769081215,0.015432581855555075,2795,0.03936508830737162,0,5329,0,0,5142,0.9649089885531995,71.75519450427069,0.013465039313993375,187,0.035091011446800525,0,,,
toolagent_trace,0.01,4.0,"l1=0.01,l2x4",all,16,all16,label_binary_600,horizon,600.0,0,main,1784653926,7138615706,83026370,9997,30578881,18084286,48663167,18084286,93184,182,265661,44,175106,175150,265705,21.075807332992554,1274.9921875,961.4716796875,e4d1f6f6a3bf4face0ec89aeaf8f9700d339ba2e2b0439654cd4360a2500607d,9997,146,52447489,107989,18084286,35381,30044598,62575,0,0,0,0,0,0,0,0,0,0,27156,54,93184,182,397835,780,370679,726,4198265,9797,0,0,33872184,71646,29673919,61849,0,0,0,0,0,0,0,0,4225421,93184,120340,34270019,491019,44,10,83271,175106,72252,76621,31422,0.43756924377234363,0.43489453579139675,374860,149209,383034929152,152155838464,2.140760453668064,0.2178137620613788,21.78137620613788,0.11223422148890769,0.0,0.4791670405438658,40.79689862389503,0.0,0.11223422148890769,0.5914012620327734,0.0,1.0,175150,44,175106,0,5035e95cf6ae565991134e11b7d4392eee5b75afee609a899184539826a6260d,9581007,8263641,23651,0.8637366093146577,72262,0,0,72254,0.9998892917439318,12.647764145150454,0.0001750264889589335,0,0.0,0,66989,0,0,66982,0.9998955052322023,10.358330082492342,0.00015462732810599266,0,0.0,0,5273,0,0,5272,0.9998103546368291,2.2894340626581102,0.0004341805542685587,0,0.0,0,error_location_001,48663167,True
toolagent_trace,0.01,4.0,"l1=0.01,l2x4",all,16,all16,label_binary_600,horizon,600.0,1,main,1784653926,7138615706,83026370,9997,30578881,18175568,48754449,18175568,7680,15,265644,61,175080,175141,265705,33.497798442840576,1274.5234375,811.416015625,c5880f9acb987b78c45eec5741ef90a8bfaff48c712974bde59cfaf14f9b9b87,9997,145,52447489,107989,18175568,35559,30038454,62563,0,0,0,0,0,0,0,0,0,0,21890,44,7680,15,392057,769,370167,725,4203897,9808,0,0,33872184,71646,29668287,61838,0,0,0,0,0,0,0,0,4225787,7680,29570,34264241,399737,61,17,83278,175080,72221,76377,31285,0.436240575736806,0.43318425388737347,374501,148076,382842746880,151029141504,2.1390278729723553,0.21891319589185942,21.89131958918594,0.009250073199635249,0.0,0.4722078057850777,40.79689862389503,0.0,0.009250073199635249,0.48145787898471293,0.0,1.0,175141,61,175080,0,4d90b7580ed68cd5a3707e861808163a0c1584d83da780c4176e8ef78a98027e,9579024,8260626,23525,0.8635940885000393,72238,0,0,72235,0.9999584706110357,5.763280067533119,7.978183321151081e-05,0,0.0,0,66988,0,0,66986,0.9999701439063713,4.797629343043518,7.161923543087595e-05,0,0.0,0,5250,0,0,5249,0.9998095238095238,0.9656507244896009,0.00018393347133135256,0,0.0,0,error_location_001,48754449,True
toolagent_trace,0.01,4.0,"l1=0.01,l2x4",all,16,all16,label_binary_600,horizon,600.0,2,main,1784653926,7138615706,83026370,9997,30578881,18157502,48736383,18157502,24064,47,265671,34,175108,175142,265705,21.14859127998352,1276.01953125,906.2314453125,be830c32a6642c393f4abb24752efce913917b93312de8857b6ecbe68838cea4,9997,146,52447489,107989,18157502,35524,30040502,62567,0,0,512,1,7680,15,512,1,0,0,23572,47,16384,32,393227,771,369655,724,4201337,9803,0,0,33872184,71646,29670847,61843,0,0,0,0,0,0,0,0,4225421,24064,48148,34265923,417803,34,6,83278,175108,72238,76855,31469,0.43890056422322227,0.4356294471054016,379132,149184,387442266112,152101312512,2.165132375448295,0.21869560237307736,21.869560237307738,0.028983562692190445,0.0006166715466423499,0.47361699662408463,40.79689862389503,0.009250073199635249,0.019733489492555198,0.5032172308629174,0.0013003537876613697,0.9986996462123386,175142,34,175108,0,ca3edc8740b4f7ea0607f3ad10ee316e589f27df18e21a0541a495b197c0e22c,9579676,8263021,23527,0.8637854244757338,72244,0,0,72240,0.9999446320801727,7.260209365323039,0.0001004956725170677,0,0.0,0,66985,0,0,66983,0.9999701425692319,5.016200192852804,7.48854249884721e-05,0,0.0,0,5259,0,0,5257,0.9996196995626545,2.2440091724702347,0.0004266988348488752,0,0.0,0,error_location_001,48736383,True
toolagent_trace,0.01,4.0,"l1=0.01,l2x4",all,16,all16,label_binary_600,horizon,600.0,3,main,1784653926,7138615706,83026370,9997,30578881,18107458,48686339,18107458,70656,138,265670,35,175114,175149,265705,21.032843828201294,1261.07421875,790.2802734375,b9c078386d8f6a86686a3d5f29db802a018b1c6ecfe70320ec85d675a718cbd3,9997,145,52447489,107989,18107458,35426,30043574,62573,0,0,0,0,0,0,0,0,0,0,26512,53,70656,138,397191,779,370679,726,4199289,9799,0,0,33872184,71646,29672895,61847,0,0,0,0,0,0,0,0,4225801,70656,97168,34269375,467847,35,7,83279,175114,72249,76506,31250,0.4368925385748712,0.4325319381583136,375992,149647,384490493952,152725747712,2.1471270144020465,0.21809285411369905,21.809285411369906,0.08510067343664429,0.0,0.4783913833641047,40.79689862389503,0.0,0.08510067343664429,0.563492056800749,0.0,1.0,175149,35,175114,0,00698f6c4a6876ebe26c7b1e45388816046c93be8e6f8e0428c07a62de9e7e93,9581277,8262652,23437,0.8635978794893415,72256,0,0,72248,0.99988928255093,16.9940794374769,0.0002351926405762414,0,0.0,0,67008,0,0,67000,0.999880611270296,16.9940794374769,0.00025361269456597565,0,0.0,0,5248,0,0,5248,1.0,0.0,0.0,0,0.0,0,error_location_001,48686339,True
toolagent_trace,0.01,4.0,"l1=0.01,l2x4",all,16,all16,label_binary_600,horizon,600.0,4,main,1784653926,7138615706,83026370,9997,30578881,18061246,48640127,18061246,119808,234,265655,50,175095,175145,265705,21.084285020828247,1260.84765625,894.52734375,a95d15c57e2b64f834928eba53b8d5de6966242c89fa8390858673d2ea19bb40,9997,146,52447489,107989,18061246,35336,30041014,62568,0,0,0,0,0,0,0,0,0,0,24084,48,119808,234,394251,773,370167,725,4201337,9803,0,0,33872184,71646,29670847,61843,0,0,0,0,0,0,0,0,4225421,119808,143892,34266435,514059,50,8,83273,175095,72232,76652,31388,0.4377737799480282,0.43454424631742167,376425,151117,384679362560,154173546496,2.1498329478283216,0.21753625986538974,21.753625986538975,0.14430114191430987,0.0,0.4748503397173693,40.79689862389503,0.0,0.14430114191430987,0.6191514816316792,0.0,1.0,175145,50,175095,0,91e051fe0ff4d38533f787d3dd9a1f66772f14df3ae58ed7d8776d6689351f99,9579090,8254955,23640,0.8630021223310356,72240,0,0,72233,0.9999031007751938,14.143482268876197,0.00019578463827348003,0,0.0,0,66975,0,0,66968,0.9998954833893243,14.143482268876197,0.00021117554712767744,0,0.0,0,5265,0,0,5265,1.0,0.0,0.0,0,0.0,0,error_location_001,48640127,True
toolagent_trace,0.01,4.0,"l1=0.01,l2x4",all,16,all16,evict_binary_learned,class_order,,0,main,1784653926,7138615706,83026370,9997,30578881,17872830,48451711,17872830,416768,814,265536,169,175225,175394,265705,84.781893491745,1260.01171875,1000.822265625,b732965512c0e7b7de4bb26b33dc0ed17c96ac434ffd24171eaed905425729ed,9997,146,52447489,107989,17872830,34968,29932046,62356,0,0,1536,3,11776,23,1536,3,0,0,39956,79,404992,791,284171,558,244215,479,4184353,9769,0,0,33872184,71646,29687831,61877,0,0,0,0,0,0,0,0,4225845,416768,458260,34157891,702475,169,132,83388,175225,72036,71567,29168,0.4084291625053503,0.40490865678271976,330574,128892,343040757760,133513990144,1.8865686973890712,0.21526690857374592,21.52669085737459,0.5019706389668728,0.0018500146399270496,0.34226595718926406,40.79689862389503,0.014183445572774048,0.48778719339409876,0.846086610796064,0.005376137091495833,0.9946238629085041,175394,169,175225,11446,5e058c61aed85263487d968662907f1fee00ae7b12d428495720d7e9f24de5b7,9618279,6853980,90,0.71260409476581,72168,0,5615,4111,0.056964305509367034,69.15030532766286,0.0009581851419973238,26,0.0003602704799911318,0,66811,0,5615,3802,0.05690679678496056,68.57590689987926,0.0010264164119662819,26,0.0003891574740686414,0,5357,0,0,309,0.057681538174351316,0.5743984277836036,0.00010722389915691686,0,0.0,0,,,
toolagent_trace,0.01,4.0,"l1=0.01,l2x4",all,16,all16,evict_binary_learned,class_order,,1,main,1784653926,7138615706,83026370,9997,30578881,17959489,48538370,17959489,331776,648,265537,168,175251,175419,265705,87.32080912590027,1260.45703125,933.505859375,08f62488ca88f6de650a5e08cf2406fa312e53086a54ad87cac7356a6a60ef30,9997,145,52447489,107989,17959489,35137,29930867,62352,0,0,893,2,9728,19,893,2,0,0,34836,69,322048,629,283147,556,248311,487,4189628,9781,0,0,33872184,71646,29682556,61865,0,0,0,0,0,0,0,0,4225357,331776,367505,34156224,615816,168,131,83377,175251,72046,71556,29119,0.40830580139343,0.4041723343419482,327015,128655,339263647744,133282183168,1.8659807932622352,0.21631066129953652,21.631066129953652,0.39960316222424275,0.0010755618967805047,0.3410326140959794,40.79689862389503,0.011716759386204648,0.3878864028380381,0.7417113382170026,0.00314392339107168,0.9968560766089283,175419,168,175251,11227,0fd5c819c2c38166e54b24613d257b967265d89d661cb323addf6c6662a331bc,9619677,6851476,91,0.7122402862383009,72177,0,5510,4109,0.05692949277470662,54.943338594886896,0.0007612305664531207,18,0.00024938692381229477,0,66811,0,5510,3791,0.05674215323823921,49.968590843759756,0.0007479096382894995,18,0.0002694167128167517,0,5366,0,0,318,0.05926202012672382,4.9747477511271505,0.0009270867967065133,0,0.0,0,,,
toolagent_trace,0.01,4.0,"l1=0.01,l2x4",all,16,all16,evict_binary_learned,class_order,,2,main,1784653926,7138615706,83026370,9997,30578881,17792958,48371839,17792958,495616,968,265508,197,175219,175416,265705,85.02075481414795,1261.07421875,934.783203125,7179276b1f357a10d2e05c0edea3ba72249c8389f57751e3087cac3fccc71dd0,9997,146,52447489,107989,17792958,34812,29932631,62358,0,0,1024,2,0,0,1024,2,0,0,38420,76,495616,968,285707,561,247287,485,4186840,9773,0,0,33872184,71646,29685344,61873,0,0,0,0,0,0,0,0,4226284,495616,535060,34158915,782347,197,155,83373,175219,72017,71464,29124,0.40785531249464957,0.40440451560048324,333120,130271,345670082560,134931875840,1.9011636865865003,0.21430490096098384,21.430490096098385,0.5969380571497946,0.0012333430932846999,0.3441159718291911,40.79689862389503,0.0,0.5969380571497946,0.9422873720722705,0.0035712915589873437,0.9964287084410126,175416,197,175219,11342,110e843cea47ec6682cb07b20bcaf781d6bae3b38a67380d18ecc198b85206c7,9618620,6855121,111,0.7126985471928405,72172,0,5600,4169,0.05776478412680818,75.56708687867626,0.0010470416072531766,25,0.00034639472371556835,0,66833,0,5600,3842,0.05748657100534167,63.96694200032301,0.0009571161252722907,25,0.0003740667035745814,0,5339,0,0,327,0.06124742461135044,11.600144878353273,0.002172718651124419,0,0.0,0,,,
toolagent_trace,0.01,4.0,"l1=0.01,l2x4",all,16,all16,evict_binary_learned,class_order,,3,main,1784653926,7138615706,83026370,9997,30578881,17720059,48298940,17720059,573952,1121,265523,182,175219,175401,265705,84.39786553382874,1274.9921875,1015.830078125,237601a33530624a313e44be3d85467f88213b020e115cdb54a3be01c498e849,9997,144,52447489,107989,17720059,34668,29926947,62347,0,0,2048,4,116224,227,2048,4,0,0,39639,80,457728,894,279246,550,239607,470,4184844,9769,0,0,33872184,71646,29687340,61877,0,0,0,0,0,0,0,0,4226531,573952,615639,34153478,855246,182,140,83388,175219,72036,71624,29162,0.40876845547571894,0.40482536509523015,329409,130231,341616988160,134785114112,1.8799844765693219,0.21342687871335336,21.342687871335336,0.6912888037860743,0.0024666861865693997,0.33633410686267506,40.79689862389503,0.13998444108781344,0.5513043626982608,1.0300895968353188,0.00728063876229141,0.9927193612377085,175401,182,175219,11302,b4c48d8b94d60c3408d2397aa24620dd394f6b3cc15b461fe0f5c2eda025b96d,9618920,6852267,106,0.7123793523597244,72176,0,5512,4145,0.05742906229217468,65.93775065586728,0.0009135689239618055,18,0.0002493903790733762,0,66789,0,5512,3839,0.05747952507149381,61.53537750506378,0.0009213400036692237,18,0.00026950545748551406,0,5387,0,0,306,0.0568034156302209,4.402373150803489,0.0008172216726941691,0,0.0,0,,,
toolagent_trace,0.01,4.0,"l1=0.01,l2x4",all,16,all16,evict_binary_learned,class_order,,4,main,1784653926,7138615706,83026370,9997,30578881,17962399,48541280,17962399,335360,655,265518,187,175209,175396,265705,84.18782758712769,1275.171875,1015.919921875,21e13bc43b720f5fd9166d58a1078e1d4426fdfb14f2e409d7ee89f22992bda4,9997,145,52447489,107989,17962399,35142,29924278,62340,0,0,0,0,0,0,0,0,0,0,34867,70,335360,655,277546,546,242679,476,4190585,9782,0,0,33872184,71646,29681599,61864,0,0,0,0,0,0,0,0,4225452,335360,370227,34149730,612906,187,148,83398,175209,72013,71545,29085,0.4083408957302422,0.40388540957882607,328596,128359,340834775040,132968587264,1.8754516035135183,0.21634571040501951,21.634571040501953,0.4039198630507392,0.0,0.33428656461796413,40.79689862389503,0.0,0.4039198630507392,0.7382064276687034,0.0,1.0,175396,187,175209,11317,71bf2c65e1288a8f53ecf8c41583951e2faad552d6aeea7adc0ff9d793405fe3,9617772,6850135,101,0.712242450746389,72161,0,5592,4077,0.056498662712545555,44.48803770856382,0.0006165108259110022,18,0.00024944221948143737,0,66810,0,5592,3782,0.05660829217183056,43.81795526817101,0.000655859231674465,18,0.0002694207453973956,0,5351,0,0,295,0.055129882264997196,0.6700824403928083,0.0001252256476159238,0,0.0,0,,,
toolagent_trace,0.01,4.0,"l1=0.01,l2x4",all,16,all16,evict_binary_recency,class_order,,0,main,1784653926,7138615706,83026370,9997,30578881,17977278,48556159,17977278,198656,388,265661,44,175128,175172,265705,53.79485774040222,1274.9921875,1007.6669921875,61d1c87b180f065929f9e9d18bc4d00003ea7dc96c561e8a225d0bc70f554fa7,9997,146,52447489,107989,17977278,35172,30045704,62578,0,0,512,1,1536,3,1024,2,512,1,28180,56,197120,385,398347,781,370167,725,4197159,9794,0,0,33872184,71646,29675025,61852,0,0,0,0,0,0,0,0,4225851,198656,227348,34271555,598027,44,22,83247,175128,72226,76760,31319,0.43830798044858615,0.4336250103840722,382243,152254,390795325440,155353051136,2.182649262253894,0.2165249185288963,21.65249185288963,0.23926856009723177,0.0012333430932846999,0.47978371209050813,40.79689862389503,0.0018500146399270496,0.2374185454573047,0.7202856152810245,0.0025640319402260056,0.997435968059774,175172,44,175128,92,0c337782a7b99e78a32bbe38e13425d18b794780dfcbb13cac96282406b4be56,9579265,8261898,23474,0.8637024865686459,72248,0,36,72207,0.999432510242498,35.60836435429609,0.0004928629768892716,11,0.0001522533495736906,0,66996,0,36,66955,0.9993880231655621,35.60836435429609,0.0005314998560256746,11,0.00016418890680040598,0,5252,0,0,5252,1.0,0.0,0.0,0,0.0,0,,,
toolagent_trace,0.01,4.0,"l1=0.01,l2x4",all,16,all16,evict_binary_recency,class_order,,1,main,1784653926,7138615706,83026370,9997,30578881,17993296,48572177,17993296,180224,352,265653,52,175137,175189,265705,52.62324142456055,1261.1796875,931.048828125,9517cf63b3eef278645bb628d1035266c4f8415bb0d1e93f8a51d4b01ff8972b,9997,145,52447489,107989,17993296,35203,30047544,62582,0,0,1024,2,0,0,1024,2,0,0,30082,60,180224,352,400761,786,370679,726,4195319,9790,0,0,33872184,71646,29676865,61856,0,0,0,0,0,0,0,0,4226425,180224,211330,34273969,582009,52,29,83244,175137,72238,76440,31258,0.4364583154901591,0.4327085467482488,376225,148406,384540608512,151437719552,2.1481754283789263,0.21671784518581266,21.671784518581266,0.21706838441810716,0.0012333430932846999,0.48269122207799764,40.79689862389503,0.0,0.21706838441810716,0.7009929495893895,0.0025486267531142277,0.9974513732468858,175189,52,175137,96,d99586facc8a5186694f8ac62705afb40c252fa01d242933ff1ace8a9736cb09,9582288,8264897,23363,0.8637371888634531,72267,0,44,72218,0.9993219588470533,49.49638935236881,0.0006849099776159078,13,0.00017988846914912754,0,67012,0,44,66964,0.9992837103802304,47.20420296659566,0.0007044141790514484,13,0.00019399510535426492,0,5255,0,0,5254,0.9998097050428164,2.2921863857731477,0.00043619151013761135,0,0.0,0,,,
toolagent_trace,0.01,4.0,"l1=0.01,l2x4",all,16,all16,evict_binary_recency,class_order,,2,main,1784653926,7138615706,83026370,9997,30578881,17980862,48559743,17980862,194048,379,265652,53,175125,175178,265705,52.57078552246094,1276.01953125,884.7080078125,d450f6b56f06031eb0bd0eb07d301bb978ba5174b132303bbd907e9794c42ae9,9997,146,52447489,107989,17980862,35179,30046210,62580,0,0,512,1,1536,3,1024,2,512,1,29204,58,192512,376,399371,783,370167,725,4196653,9792,0,0,33872184,71646,29675531,61854,0,0,0,0,0,0,0,0,4226369,194048,223764,34272579,594443,53,32,83244,175125,72228,76686,31375,0.4378929336188437,0.4343883258570084,375808,150497,384062089216,153532741632,2.1459414703783013,0.21656808553716125,21.656808553716125,0.2337185161774506,0.0012333430932846999,0.4810170551837928,40.79689862389503,0.0018500146399270496,0.23186850153752356,0.7159689144545281,0.002557474493937237,0.9974425255060627,175178,53,175125,88,78599e20b3530205f52de4482031e038ca8a9dc9174453efa0c34e48fcb15ce2,9581747,8262538,23864,0.8635659029611197,72260,0,42,72210,0.999308054248547,34.847338411295304,0.0004822493552628744,7,9.687240520343205e-05,0,67003,0,42,66955,0.9992836141665299,29.153165806762274,0.0004351023955160556,7,0.0001044729340477292,0,5257,0,0,5255,0.9996195548792087,5.6941726045330325,0.001083160092169114,0,0.0,0,,,
toolagent_trace,0.01,4.0,"l1=0.01,l2x4",all,16,all16,evict_binary_recency,class_order,,3,main,1784653926,7138615706,83026370,9997,30578881,17903184,48482065,17903184,271872,531,265650,55,175137,175192,265705,52.37158727645874,1279.57421875,951.4599609375,9ace693445dd29695a7956b2aba0e0ab4481d6e1201d9270cc52b507baddbbb4,9997,145,52447489,107989,17903184,35027,30046324,62579,0,0,1024,2,1536,3,1024,2,0,0,28034,56,270336,528,399225,783,371191,727,4197051,9794,0,0,33872184,71646,29675133,61852,0,0,0,0,0,0,0,0,4226109,271872,300930,34272433,672121,55,33,83238,175137,72231,76801,31383,0.43851955897383194,0.4344810399966773,378448,150396,386972047360,153574893568,2.160868348778385,0.2156325032637221,21.563250326372213,0.3274525912670878,0.0012333430932846999,0.4808412074380706,40.79689862389503,0.0018500146399270496,0.32560257662716074,0.8095271417984431,0.0025584073913988543,0.9974415926086011,175192,55,175137,102,fad0268025bdda59ba6be4d3c7319456ad1f02bf0487574bf0b04ca113ed4715,9581627,8265900,23630,0.8639153872301646,72264,0,47,72212,0.9992804162515222,38.026907805036615,0.0005262220165647711,10,0.00013838149009188532,0,66999,0,47,66947,0.9992238690129703,38.026907805036615,0.0005675742593924777,10,0.00014925595904416485,0,5265,0,0,5265,1.0,0.0,0.0,0,0.0,0,,,
toolagent_trace,0.01,4.0,"l1=0.01,l2x4",all,16,all16,evict_binary_recency,class_order,,4,main,1784653926,7138615706,83026370,9997,30578881,18086466,48665347,18086466,93184,182,265655,50,175128,175178,265705,83.22835898399353,1260.84765625,936.8046875,7bba1583c6cb71c3b91077130d44288afce1dd372aa6ee2c6d2e19ead3ebecce,9997,145,52447489,107989,18086466,35385,30042038,62570,0,0,512,1,2048,4,512,1,0,0,24976,50,91136,178,395143,775,370167,725,4200313,9801,0,0,33872184,71646,29671871,61845,0,0,0,0,0,0,0,0,4225801,93184,118672,34267839,488839,50,26,83251,175128,72232,76662,31415,0.437748389749212,0.43491804186510136,379922,149031,388415571968,152002428928,2.1693960988534102,0.2178400187795757,21.784001877957568,0.11223422148890769,0.0006166715466423499,0.47592469717753527,40.79689862389503,0.0024666861865693997,0.10976753530233828,0.5887755902130853,0.0012940566908038569,0.9987059433091962,175178,50,175128,86,f8f22997b38e5f3ed492bc3c66edd1cbcdd0cea80440e1c285d0059b5b075d94,9580998,8259143,23451,0.8632575124219836,72258,0,33,72224,0.9995294638655927,17.47728674600199,0.00024187338074679608,7,9.687508649561294e-05,0,66967,0,33,66933,0.999492287245957,17.47728674600199,0.0002609835702062507,7,0.00010452909642062508,0,5291,0,0,5291,1.0,0.0,0.0,0,0.0,0,,,
toolagent_trace,0.01,4.0,"l1=0.01,l2x4",leaf,16,leaf16,adm_label,leaf_location,,0,main,1784653926,7138615706,83026370,9997,30578881,10120547,40699428,10120547,0,0,265705,0,212256,212256,265705,80.37311148643494,1260.25,1000.935546875,bc2dbc2293e860ed2e97103b86a2161c9795df016f95d4fe830ceac8895f7a74,9997,48,52447489,107989,10120547,19777,38014330,78263,0,0,0,0,0,0,0,0,0,0,874285,1732,0,0,8454758,16566,7580473,14834,3438327,8217,0,0,33872184,71646,30433857,63429,0,0,0,0,0,0,0,0,4312612,0,874285,42326942,8454758,0,0,46634,212256,88237,0,0,0.0,0.0,0,0,0,0,0.0,0.12189557365930848,12.189557365930849,0.0,0.0,10.183220102239806,40.79689862389503,0.0,0.0,10.183220102239806,0.0,1.0,212256,0,212256,3874,656922eb9b053938339c46933010a84e595f51117160a0cc8169ea0543227c65,10593716,5165505,666,0.4876322906900657,88237,0,2151,1799,0.02038827249339846,28932.12710129762,0.3278911012534155,14456,0.163831499257681,0,5354,0,2151,94,0.017556966753828913,1393.4755797874134,0.26026813219787326,698,0.1303698169592828,0,82883,0,0,1705,0.02057116658422113,27538.651521510354,0.3322593477734922,13758,0.16599302631420196,0,,,
toolagent_trace,0.01,4.0,"l1=0.01,l2x4",leaf,16,leaf16,adm_label,leaf_location,,1,main,1784653926,7138615706,83026370,9997,30578881,10185059,40763940,10185059,0,0,265705,0,212152,212152,265705,86.58444094657898,1276.01953125,900.076171875,a7bc995665b32fabb95dfa71980482e1ae68c88b2d9f170c2b17e741b1154ded,9997,48,52447489,107989,10185059,19903,37950148,78137,0,0,0,0,0,0,0,0,0,0,878300,1739,0,0,8390246,16440,7511946,14701,3433982,8210,0,0,33872184,71646,30438202,63436,0,0,0,0,0,0,0,0,4312282,0,878300,42262430,8390246,0,0,46738,212152,88111,0,0,0.0,0.0,0,0,0,0,0.0,0.12267257980807784,12.267257980807784,0.0,0.0,10.105519487362871,40.79689862389503,0.0,0.0,10.105519487362871,0.0,1.0,212152,0,212152,3810,93ac0b17df66300367577d4ffe2d3a092ef80c79139fe40995357ebe23380d6d,10578490,5169550,640,0.4887153081394415,88111,0,2131,1705,0.019350591867076754,28562.774438837056,0.3241680884207086,14334,0.1626811635323626,0,5371,0,2131,87,0.016198100912306834,1377.3325236659014,0.2564387495188794,683,0.1271644014150065,0,82740,0,0,1618,0.019555233260817016,27185.441915171203,0.3285646835287793,13651,0.1649867053420353,0,,,
toolagent_trace,0.01,4.0,"l1=0.01,l2x4",leaf,16,leaf16,adm_label,leaf_location,,2,main,1784653926,7138615706,83026370,9997,30578881,10039119,40618000,10039119,0,0,265705,0,212303,212303,265705,81.0072557926178,1260.54296875,935.060546875,8b39585c505a7e2d209949f12d7260bd95406302baf90f19b64a2d8497b27fc5,9997,47,52447489,107989,10039119,19617,38096241,78422,0,0,0,0,0,0,0,0,0,0,880543,1745,0,0,8536186,16726,7655643,14981,3431586,8205,0,0,33872184,71646,30440598,63441,0,0,0,0,0,0,0,0,4312129,0,880543,42408370,8536186,0,0,46588,212303,88397,0,0,0.0,0.0,0,0,0,0,0.0,0.12091482501282425,12.091482501282425,0.0,0.0,10.28129496688823,40.79689862389503,0.0,0.0,10.28129496688823,0.0,1.0,212303,0,212303,3919,ffaf844352201e6981ded7c484032b974472171e736e0b28508561b2f2323f3f,10612731,5180265,650,0.48814862074615856,88397,0,2142,1809,0.02046449540142765,29656.481604641893,0.3354919466117843,14623,0.16542416597848345,1,5401,0,2142,78,0.014441770042584706,1393.8360231785323,0.2580699913309632,701,0.1297907794852805,0,82996,0,0,1731,0.020856426815750156,28262.645581463516,0.34053021328092337,13922,0.16774302376018121,1,,,
toolagent_trace,0.01,4.0,"l1=0.01,l2x4",leaf,16,leaf16,adm_label,leaf_location,,3,main,1784653926,7138615706,83026370,9997,30578881,9991523,40570404,9991523,0,0,265705,0,212454,212454,265705,82.43402171134949,1261.375,930.9638671875,ff478b73c6ac52695c1560258acc711de709fd903333f19bb6f7cdcff8a8edc4,9997,48,52447489,107989,9991523,19525,38142830,78515,0,0,0,0,0,0,0,0,0,0,883164,1750,0,0,8583782,16818,7700618,15068,3429972,8199,0,0,33872184,71646,30442212,63447,0,0,0,0,0,0,0,0,4313136,0,883164,42455966,8583782,0,0,46436,212454,88486,0,0,0.0,0.0,0,0,0,0,0.0,0.12034156136176977,12.034156136176977,0.0,0.0,10.338621331993679,40.79689862389503,0.0,0.0,10.338621331993679,0.0,1.0,212454,0,212454,3809,732c82390d0f44ee20bb788500f85cb945e4be3857469e60ead9f744a1199432,10623514,5191828,627,0.48874049584723095,88486,0,2095,1794,0.020274393689397194,29817.80982871191,0.33697771205288873,14712,0.16626358972040775,1,5367,0,2095,83,0.015464877957890814,1418.3839526818579,0.2642787316344062,689,0.12837711943357555,0,83119,0,0,1711,0.020584944477195347,28399.42587603013,0.3416718906150234,14023,0.1687099219191761,1,,,
toolagent_trace,0.01,4.0,"l1=0.01,l2x4",leaf,16,leaf16,adm_label,leaf_location,,4,main,1784653926,7138615706,83026370,9997,30578881,10087267,40666148,10087267,0,0,265705,0,212313,212313,265705,85.2561264038086,1260.84765625,933.921875,9037291bc7e90bdd66ae3998acf874ae2f2c8bf7d05b1fe1c8c15b2524cc4071,9997,48,52447489,107989,10087267,19712,38048588,78328,0,0,0,0,0,0,0,0,0,0,877541,1738,0,0,8488038,16631,7610497,14893,3434093,8211,0,0,33872184,71646,30438091,63435,0,0,0,0,0,0,0,0,4311634,0,877541,42360222,8488038,0,0,46577,212313,88302,0,0,0.0,0.0,0,0,0,0,0.0,0.12149473715399095,12.149473715399095,0.0,0.0,10.223303752771558,40.79689862389503,0.0,0.0,10.223303752771558,0.0,1.0,212313,0,212313,3928,783bbd50ec5c145ba7f9e9407566efbee28c6d0b9d3231feb7015dabad56ca01,10602342,5188096,664,0.4893662173885732,88302,0,2161,1759,0.01992027360648683,28992.975038778983,0.3283388262868223,14504,0.16425449027202102,1,5338,0,2161,96,0.01798426376920195,1463.6292278811593,0.2741905634846683,725,0.13581865867366055,0,82964,0,0,1663,0.020044838725230222,27529.34581089803,0.3318227883286489,13779,0.1660840846632274,1,,,
toolagent_trace,0.01,4.0,"l1=0.01,l2x4",leaf,16,leaf16,evict_label,leaf_location,,0,main,1784653926,7138615706,83026370,9997,30578881,18181332,48760213,18181332,0,0,265686,19,175248,175267,265705,40.74368929862976,1260.01171875,979.619140625,22291d862d957b6f60ad31cdc78cbfbcce868684cfe76f335da8aaae77b6e958,9997,144,52447489,107989,18181332,35570,30039990,62566,0,0,0,0,0,0,0,0,0,0,23294,47,0,0,393973,773,370679,726,4202873,9806,0,0,33872184,71646,29669311,61840,0,0,0,0,0,0,0,0,4226167,0,23294,34266157,393973,19,4,83288,175248,72240,0,0,0.0,0.0,0,0,0,0,0.0,0.21898261961832127,21.898261961832127,0.0,0.0,0.47451550633852835,40.79689862389503,0.0,0.0,0.47451550633852835,0.0,1.0,175267,19,175248,19,e4174f6fd2595c599c5c3d5b60381078bb64e5df989fbfaedcf8e566b82f5f3e,8501651,8501651,0,1.0,72244,0,4,72240,0.9999446320801727,0.0,0.0,0,0.0,0,2996,0,4,2992,0.9986648865153538,0.0,0.0,0,0.0,0,69248,0,0,69248,1.0,0.0,0.0,0,0.0,0,,,
toolagent_trace,0.01,4.0,"l1=0.01,l2x4",leaf,16,leaf16,evict_label,leaf_location,,1,main,1784653926,7138615706,83026370,9997,30578881,18179796,48758677,18179796,0,0,265687,18,175259,175277,265705,42.233437299728394,1261.07421875,928.494140625,28b2da65042faa73ac4f02e4e09c283e334df7bace61bcf5b01dfeb8df63b0c4,9997,144,52447489,107989,18179796,35567,30041526,62569,0,0,0,0,0,0,0,0,0,0,23806,48,0,0,395509,776,371703,728,4202361,9805,0,0,33872184,71646,29669823,61841,0,0,0,0,0,0,0,0,4226167,0,23806,34267693,395509,18,9,83285,175259,72247,0,0,0.0,0.0,0,0,0,0,0.0,0.218964119471922,21.8964119471922,0.0,0.0,0.4763655209784554,40.79689862389503,0.0,0.0,0.4763655209784554,0.0,1.0,175277,18,175259,18,b784b2d40d0f3a2aa760c8d9467e8a32a028bb50917ad15f9faf57b787188dfe,8502560,8502560,0,1.0,72256,0,9,72247,0.9998754428697962,0.0,0.0,1,1.3839681133746679e-05,1,2999,0,9,2990,0.9969989996665555,0.0,0.0,0,0.0,0,69257,0,0,69257,1.0,0.0,0.0,1,1.4438973677750985e-05,1,,,
toolagent_trace,0.01,4.0,"l1=0.01,l2x4",leaf,16,leaf16,evict_label,leaf_location,,2,main,1784653926,7138615706,83026370,9997,30578881,18182356,48761237,18182356,0,0,265675,30,175242,175272,265705,40.59221434593201,1261.7578125,923.421875,bebbae070beae39d9b18fbef41763e17cda8b5d9ef1dcf37148437ce2bf94956,9997,144,52447489,107989,18182356,35572,30038966,62564,0,0,0,0,0,0,0,0,0,0,22270,45,0,0,392949,771,370679,726,4203897,9808,0,0,33872184,71646,29668287,61838,0,0,0,0,0,0,0,0,4226167,0,22270,34265133,392949,30,14,83291,175242,72234,0,0,0.0,0.0,0,0,0,0,0.0,0.21899495304925412,21.89949530492541,0.0,0.0,0.47328216324524364,40.79689862389503,0.0,0.0,0.47328216324524364,0.0,1.0,175272,30,175242,30,1e39cae4abd4d2c6b4cac7a1f69c1b50e9b4b0dea4e0921ffe9e049e8d25c0b7,8501925,8501925,0,1.0,72248,0,14,72234,0.9998062230096335,0.0,0.0,0,0.0,0,3011,0,14,2997,0.9953503819329127,0.0,0.0,0,0.0,0,69237,0,0,69237,1.0,0.0,0.0,0,0.0,0,,,
toolagent_trace,0.01,4.0,"l1=0.01,l2x4",leaf,16,leaf16,evict_label,leaf_location,,3,main,1784653926,7138615706,83026370,9997,30578881,18187962,48766843,18187962,0,0,265681,24,175238,175262,265705,50.0023877620697,1275.171875,993.119140625,7b470df89d7f799d8ec47d674b6925e453050c9bc9cbcf516c9b829874c01070,9997,143,52447489,107989,18187962,35582,30033334,62553,0,0,512,1,0,0,512,1,0,0,23320,48,0,0,386831,760,363511,712,4202361,9805,0,0,33872184,71646,29669823,61841,0,0,0,0,0,0,0,0,4226193,0,23832,34259527,387343,24,9,83301,175238,72231,0,0,0.0,0.0,0,0,0,0,0.0,0.219062473765865,21.9062473765865,0.0,0.0006166715466423499,0.4659134200375134,40.79689862389503,0.0,0.0,0.46653009158415576,0.0013218258752578464,0.9986781741247421,175262,24,175238,24,fd03ac60ea9dbc70cf374aa1352c461b23975fff4f7278297cc98aee3403527d,8501580,8501580,0,1.0,72240,0,9,72231,0.999875415282392,2.4473704469079247,3.387832844556928e-05,4,5.5370985603543746e-05,3,2996,0,9,2987,0.996995994659546,2.4473704469079247,0.0008168793213978386,1,0.0003337783711615487,0,69244,0,0,69244,1.0,0.0,0.0,3,4.3325053434232566e-05,3,,,
toolagent_trace,0.01,4.0,"l1=0.01,l2x4",leaf,16,leaf16,evict_label,leaf_location,,4,main,1784653926,7138615706,83026370,9997,30578881,18180820,48759701,18180820,0,0,265681,24,175251,175275,265705,44.388779640197754,1274.5234375,949.548828125,f3242a30c0ba5d5640caf0181309577abdefc7f714074abcda7e420b2cc30259,9997,144,52447489,107989,18180820,35569,30040502,62567,0,0,0,0,0,0,0,0,0,0,22270,45,0,0,394485,774,372215,729,4203897,9808,0,0,33872184,71646,29668287,61838,0,0,0,0,0,0,0,0,4226167,0,22270,34266669,394485,24,6,83288,175251,72242,0,0,0.0,0.0,0,0,0,0,0.0,0.21897645290285483,21.897645290285485,0.0,0.0,0.4751321778851707,40.79689862389503,0.0,0.0,0.4751321778851707,0.0,1.0,175275,24,175251,24,f2ab39bd864e3070d265299e7b2af9eda62324161db085a03f7c512041e22851,8503798,8503798,0,1.0,72248,0,6,72242,0.9999169527184143,0.0,0.0,1,1.3841213597608239e-05,1,3008,0,6,3002,0.9980053191489362,0.0,0.0,0,0.0,0,69240,0,0,69240,1.0,0.0,0.0,1,1.4442518775274408e-05,1,,,
toolagent_trace,0.02,1.0,"l1=0.02,l2x1",all,16,all16,label_binary_6,horizon,6.0,0,main,3569307853,3569307853,83026370,9997,32176527,5269703,37446230,5269703,898048,1754,255969,0,225024,225024,255969,21.6242995262146,1274.9921875,869.736328125,a1981e34e14fd06fbf3d8930e7f88c57ceeaa569252cf0873604e0b965c512f4,9997,98,50849843,104856,5269703,10314,40409566,82889,0,0,0,0,0,0,0,0,0,0,617361,1221,898048,1754,10809908,21142,10192547,19921,3655165,8678,0,0,33872184,71646,30217019,62968,0,0,0,0,0,0,0,0,4272526,898048,1515409,44682092,11707956,0,0,27323,225024,92769,101751,41671,0.45217843430034127,0.449191001304315,509464,203600,521514414080,208044697600,2.264042946530148,0.06347023240929357,6.347023240929357,1.0816418928106817,0.0,13.019848994963889,40.79689862389503,0.0,1.0816418928106817,14.10149088777457,0.0,1.0,225024,0,225024,0,724f303ba92db01ea52bc297bc0e78c01f2200eac0b7e5a9bb490ea78a582309,11991748,9559076,265554,0.8082101958780321,92769,0,0,74554,0.8036520820532721,32983.75754006842,0.3555471929207863,18215,0.1963479179467279,0,87355,0,0,70199,0.8036059756167363,31024.46067021603,0.3551538053942651,17156,0.1963940243832637,0,5414,0,0,4355,0.8043960103435538,1959.2968698524044,0.3618945086539351,1059,0.19560398965644624,0,,,
toolagent_trace,0.02,1.0,"l1=0.02,l2x1",all,16,all16,label_binary_6,horizon,6.0,1,main,3569307853,3569307853,83026370,9997,32176527,5183763,37360290,5183763,999347,1952,255969,0,225029,225029,255969,37.92724394798279,1273.890625,814.111328125,a167b7eb256e27b081ea0a23b756e6ab2ee71d53e7e965723b13fa1b9c8f87cb,9997,100,50849843,104856,5183763,10148,40394782,82859,0,0,0,0,0,0,0,0,0,0,621207,1227,999347,1952,10794549,21110,10173342,19883,3650744,8670,0,0,33872184,71646,30221440,62976,0,0,0,0,0,0,0,0,4271951,999347,1620554,44666733,11793896,0,0,27319,225029,92727,101645,41735,0.4516973367877029,0.4500846571117366,511223,203112,523459807232,207588683776,2.271809411231441,0.06243513958276148,6.243513958276147,1.2036501174265477,0.0,13.001350053001234,40.79689862389503,0.0,1.2036501174265477,14.20500017042778,0.0,1.0,225029,0,225029,0,f12e209e7bfe79a4dddc935abb5932aa48168d2bae3db1dfdd51d03482aee0c6,11985527,9553042,264557,0.8080846591059366,92727,0,0,74540,0.8038651094071846,32918.05057420716,0.35499962874035784,18187,0.19613489059281547,0,87302,0,0,70209,0.8042083801058395,31038.27813302188,0.35552768702918464,17093,0.1957916198941605,0,5425,0,0,4331,0.7983410138248848,1879.7724411852362,0.3465018324765412,1094,0.2016589861751152,0,,,
toolagent_trace,0.02,1.0,"l1=0.02,l2x1",all,16,all16,label_binary_6,horizon,6.0,2,main,3569307853,3569307853,83026370,9997,32176527,5204196,37380723,5204196,945587,1847,255969,0,225100,225100,255969,21.386688232421875,1260.01171875,855.3544921875,cf03a02988fc03c99c37b31149fe32f6f0e010f53f71d1a4fa1973d20852797c,9997,99,50849843,104856,5204196,10187,40428084,82924,0,0,0,0,0,0,0,0,0,0,617670,1221,945587,1847,10827876,21176,10210206,19955,3654306,8677,0,0,33872184,71646,30217878,62969,0,0,0,0,0,0,0,0,4271976,945587,1563257,44700060,11773463,0,0,27245,225100,92794,101722,41649,0.4518969346956908,0.4488328986787939,511418,202849,523513186304,207310071808,2.2719591292758774,0.06268124211620958,6.268124211620958,1.138899605029101,0.0,13.041490312053869,40.79689862389503,0.0,1.138899605029101,14.18038991708297,0.0,1.0,225100,0,225100,0,9b29cd9b6724fa3aa8503ec39fb9c21a2405fa8a1161240246a5d36e5bcb37e5,11994016,9556327,265932,0.8078439281721819,92794,0,0,74547,0.8033601310429553,33114.258498964904,0.35685775480057874,18247,0.19663986895704463,0,87350,0,0,70186,0.8035031482541499,31155.27028660926,0.3566716689938095,17164,0.19649685174585002,0,5444,0,0,4361,0.8010653930933137,1958.9882123555467,0.3598435364356258,1083,0.19893460690668627,0,,,
toolagent_trace,0.02,1.0,"l1=0.02,l2x1",all,16,all16,label_binary_6,horizon,6.0,3,main,3569307853,3569307853,83026370,9997,32176527,5121687,37298214,5121687,1039872,2031,255969,0,225108,225108,255969,21.84696650505066,1276.01953125,814.4970703125,5a6a35a71a9cfb1f1b7dcc732121bf31d6dfa016eb1a53222f2bdcd4fff013a3,9997,100,50849843,104856,5121687,10026,40416924,82902,0,0,0,0,0,0,0,0,0,0,618694,1223,1039872,2031,10816100,21153,10197406,19930,3652666,8674,0,0,33872184,71646,30219518,62972,0,0,0,0,0,0,0,0,4271360,1039872,1658566,44688284,11855972,0,0,27235,225108,92768,101941,41796,0.4528537413152798,0.45054329078992755,512308,203744,524685260800,208335304704,2.2758320450628142,0.06168747350992221,6.168747350992221,1.2524599112306127,0.0,13.027306866481094,40.79689862389503,0.0,1.2524599112306127,14.279766777711707,0.0,1.0,225108,0,225108,0,03e0f9386092343520c1f44d28306259360be85652283dcb2b84725227d23afc,11991182,9556427,265301,0.8080168827393329,92768,0,0,74541,0.803520610555364,33064.41794656124,0.35642051080718823,18227,0.19647938944463608,0,87355,0,0,70170,0.8032739969091638,31153.09160377517,0.3566263133624311,17185,0.19672600309083624,0,5413,0,0,4371,0.8075004618510992,1911.3263427858599,0.35309926894251986,1042,0.1924995381489008,0,,,
toolagent_trace,0.02,1.0,"l1=0.02,l2x1",all,16,all16,label_binary_6,horizon,6.0,4,main,3569307853,3569307853,83026370,9997,32176527,5193037,37369564,5193037,967091,1889,255969,0,225085,225085,255969,21.359508514404297,1279.57421875,813.541015625,8617f88006dc3630fe862291f9aac117704d67b6daee006272d6fa59605b798f,9997,98,50849843,104856,5193037,10165,40417729,82903,0,0,0,0,0,0,0,0,0,0,622173,1230,967091,1889,10817531,21156,10195358,19926,3649813,8669,0,0,33872184,71646,30222371,62977,0,0,0,0,0,0,0,0,4271986,967091,1589264,44689715,11784622,0,0,27263,225085,92773,101766,41660,0.4521225314881045,0.44905306500813813,509487,201826,521558296576,206188941312,2.2635315547459847,0.06254683903439354,6.254683903439353,1.1647998099880796,0.0,13.029030415276496,40.79689862389503,0.0,1.1647998099880796,14.193830225264575,0.0,1.0,225085,0,225085,0,c8c1789fa9e60eedb105d2a9bc4281a5756ca5c305df51e2df5a97fad34cbf9f,11991125,9560118,264667,0.8083020984269617,92773,0,0,74550,0.8035743158030892,33060.354077975884,0.3563574970948,18223,0.19642568419691073,0,87334,0,0,70211,0.8039366111709071,31087.33275330539,0.3559591081744268,17123,0.1960633888290929,0,5439,0,0,4339,0.7977569406140834,1973.0213246704643,0.3627544263045531,1100,0.20224305938591652,0,,,
toolagent_trace,0.02,1.0,"l1=0.02,l2x1",all,16,all16,label_binary_15,horizon,15.0,0,main,3569307853,3569307853,83026370,9997,32176527,5983681,38160208,5983681,816389,1595,255969,0,222416,222416,255969,30.761003971099854,1276.01953125,910.228515625,0dd6bbf97bf2d23afff42c06bba8189944f772c7c33101d01de9d27402fbe055,9997,100,50849843,104856,5983681,11710,39780167,81654,0,0,0,0,0,0,0,0,0,0,585367,1157,816389,1595,10177589,19905,9592222,18748,3684239,8740,0,0,33872184,71646,30187945,62906,0,0,0,0,0,0,0,0,4269606,816389,1401756,44049773,10993978,0,0,29934,222416,91528,100613,41177,0.4523640385583771,0.449884188445066,501579,200466,513482770432,204850630656,2.2551390187756275,0.07206964486102427,7.206964486102428,0.9832888033042996,0.0,12.258260839297202,40.79689862389503,0.0,0.9832888033042996,13.241549642601502,0.0,1.0,222416,0,222416,0,26ee7387fb663d659c777887f84f60544180b3d98ad211f1bb5ac737724048fe,11829149,9656419,234390,0.8262313713353344,91528,0,0,74529,0.8142754129883751,28178.52736845969,0.30786783681998614,16999,0.18572458701162486,0,86099,0,0,70130,0.8145274625721554,26459.12137716547,0.3073104377189685,15969,0.1854725374278447,0,5429,0,0,4399,0.8102781359366366,1719.405991294271,0.31670767936899447,1030,0.18972186406336342,0,,,
toolagent_trace,0.02,1.0,"l1=0.02,l2x1",all,16,all16,label_binary_15,horizon,15.0,1,main,3569307853,3569307853,83026370,9997,32176527,6185670,38362197,6185670,642560,1255,255969,0,222326,222326,255969,22.891057014465332,1274.9921875,869.7353515625,e781880d423e5d2a9e2b843f32cdafae8dfd586070d8fcb6c1f988c0e333854b,9997,101,50849843,104856,6185670,12105,39753475,81600,0,0,0,0,0,0,0,0,0,0,576663,1140,642560,1255,10149429,19850,9572766,18710,3691475,8756,0,0,33872184,71646,30180709,62890,0,0,0,0,0,0,0,0,4268138,642560,1219223,44021613,10791989,0,0,30019,222326,91464,100216,41005,0.45076149438212354,0.4483184640951631,504377,201538,516456359936,206017697792,2.268637046499285,0.07450247433435907,7.450247433435907,0.7739227910361491,0.0,12.224343904231873,40.79689862389503,0.0,0.7739227910361491,12.998266695268022,0.0,1.0,222326,0,222326,0,add575aa7b498d3aaa068878753ff2ea76c30133306767b3706744e9049bf192,11821711,9650452,235176,0.8262797153474654,91464,0,0,74530,0.8148561182541765,27981.86638732969,0.3059331145295383,16934,0.1851438817458235,0,86053,0,0,70123,0.8148815265011098,26328.909984157675,0.30596155839026734,15930,0.1851184734988902,0,5411,0,0,4407,0.8144520421363889,1652.956403172155,0.30548076199818053,1004,0.18554795786361117,0,,,
toolagent_trace,0.02,1.0,"l1=0.02,l2x1",all,16,all16,label_binary_15,horizon,15.0,2,main,3569307853,3569307853,83026370,9997,32176527,6089414,38265941,6089414,710144,1387,255969,0,222418,222418,255969,25.569871187210083,1260.84765625,833.5,26e50cd9164925d6ecb83fc3438a8b8335a45b7f50d6fdd2af07282c8454ce73,9997,101,50849843,104856,6089414,11917,39781734,81656,0,0,0,0,0,0,0,0,0,0,581783,1150,710144,1387,10178101,19906,9596318,18756,3686768,8746,0,0,33872184,71646,30185416,62900,0,0,0,0,0,0,0,0,4268551,710144,1291927,44050285,10888245,0,0,29927,222418,91524,100340,41034,0.45113255222149284,0.44834141864429,502807,199474,514803683328,203877081088,2.260639876269007,0.07334313182667146,7.334313182667145,0.8553234351929393,0.0,12.258877510843844,40.79689862389503,0.0,0.8553234351929393,13.114200946036783,0.0,1.0,222418,0,222418,0,0282a1fccc5e7fdf9675b9056d269b3abd0f5891854f9ebf65d84cba426e949d,11828415,9652416,234606,0.8259533504700334,91524,0,0,74523,0.814245443818015,28211.391488434532,0.30824036852010983,17001,0.18575455618198505,0,86083,0,0,70058,0.8138424543754283,26627.21261535409,0.3093202213602464,16025,0.18615754562457162,0,5441,0,0,4465,0.820621209336519,1584.1788730804806,0.2911558303768573,976,0.17937879066348097,0,,,
toolagent_trace,0.02,1.0,"l1=0.02,l2x1",all,16,all16,label_binary_15,horizon,15.0,3,main,3569307853,3569307853,83026370,9997,32176527,6131398,38307925,6131398,684544,1337,255969,0,222404,222404,255969,21.696630239486694,1273.890625,809.794921875,996683af0cee4e51db57dc9a64116614a0dcf7109475136d3845bdfe828ca8ad,9997,101,50849843,104856,6131398,11999,39765575,81624,0,0,0,0,0,0,0,0,0,0,580247,1147,684544,1337,10161717,19874,9581470,18727,3688079,8749,0,0,33872184,71646,30184105,62897,0,0,0,0,0,0,0,0,4268326,684544,1264791,44033901,10846261,0,0,29942,222404,91487,100184,40963,0.4504595241092786,0.44774667439089705,498711,199060,510506889216,203406948352,2.2423652452294025,0.07384880249491818,7.384880249491818,0.8244898578608219,0.0,12.239144021351288,40.79689862389503,0.0,0.8244898578608219,13.06363387921211,0.0,1.0,222404,0,222404,0,faa4266b06df2b9fac2eceda7997718d6fa0bfee155bddd4511ec10e9dde3fea,11824416,9645155,235910,0.8256737584333975,91487,0,0,74525,0.8145966093543345,28064.25805462835,0.3067567857141271,16962,0.1854033906456655,0,86048,0,0,70043,0.8139991632577166,26470.67084325551,0.3076267994985997,16005,0.18600083674228338,0,5439,0,0,4482,0.8240485383342526,1593.58721137288,0.29299268456938404,957,0.17595146166574738,0,,,
toolagent_trace,0.02,1.0,"l1=0.02,l2x1",all,16,all16,label_binary_15,horizon,15.0,4,main,3569307853,3569307853,83026370,9997,32176527,6079686,38256213,6079686,735232,1436,255969,0,222367,222367,255969,21.47355008125305,1275.171875,777.587890625,9d66e9d57e56930989c7b417e5b7262137ae3266c6d6ad0c65bf6799479013de,9997,101,50849843,104856,6079686,11898,39766262,81626,0,0,0,0,0,0,0,0,0,0,574615,1136,735232,1436,10162741,19876,9588126,18740,3694048,8760,0,0,33872184,71646,30178136,62886,0,0,0,0,0,0,0,0,4268663,735232,1309847,44034925,10897973,0,0,29978,222367,91490,100681,41074,0.45276952065729176,0.4489452399169308,502074,200443,514120419328,204881489920,2.2578620029051075,0.0732259642328094,7.322596423280941,0.8855403409784145,0.0,12.240377364444573,40.79689862389503,0.0,0.8855403409784145,13.125917705422989,0.0,1.0,222367,0,222367,0,05386becca98ca629127c53a9049a698fcdf2b0de269211cb89ad465fdb2f8a5,11825003,9646415,235296,0.8257133634553835,91490,0,0,74532,0.8146464094436551,28070.374835253748,0.30681358438358014,16958,0.18535359055634495,0,86068,0,0,70129,0.8148092206162569,26343.643944255917,0.30607942492280427,15939,0.1851907793837431,0,5422,0,0,4403,0.8120619697528587,1726.730890997843,0.31846751954958374,1019,0.18793803024714129,0,,,
toolagent_trace,0.02,1.0,"l1=0.02,l2x1",all,16,all16,label_binary_60,horizon,60.0,0,main,3569307853,3569307853,83026370,9997,32176527,8890192,41066719,8890192,329605,645,255969,0,211217,211217,255969,20.645668506622314,1260.84765625,834.50390625,aa1985b5ba8eaab6282d35e012b08356c0567ccec7c919a419e442db7b434700,9997,107,50849843,104856,8890192,17391,37372598,76930,0,0,0,0,0,0,0,0,0,0,438399,867,329605,645,7757862,15174,7319463,14307,3819049,9023,0,0,33872184,71646,30053135,62623,0,0,0,0,0,0,0,0,4257448,329605,768004,41630046,8087467,0,0,41134,211217,86789,94593,38469,0.44784747439836753,0.4432474161472076,469342,185829,480219342848,189726959616,2.2220843966158026,0.10707672755053606,10.707672755053606,0.3969883303340854,0.0,9.343853043316239,40.79689862389503,0.0,0.3969883303340854,9.740841373650323,0.0,1.0,211217,0,211217,0,4be0dd6f568e6ac19f005bfe2990c7fe1e0d83ec48479355c5d53590ba6f1f23,11225537,9833454,144600,0.8824303015526117,86789,0,0,74430,0.8575971609305326,14682.474577744882,0.1691743720718626,12359,0.14240283906946732,0,81386,0,0,69833,0.858046838522596,13705.092069930206,0.16839618693547054,11553,0.14195316147740397,0,5403,0,0,4597,0.8508236165093467,977.3825078146315,0.1808962627826451,806,0.14917638349065335,0,,,
toolagent_trace,0.02,1.0,"l1=0.02,l2x1",all,16,all16,label_binary_60,horizon,60.0,1,main,3569307853,3569307853,83026370,9997,32176527,8866530,41043057,8866530,348274,681,255969,0,211198,211198,255969,20.22400951385498,1275.171875,870.056640625,addbfcd553bfe853712d9bc53b1639986b6463141c74ef9a65abe4ebe1485430,9997,107,50849843,104856,8866530,17345,37377347,76940,0,0,0,0,0,0,0,0,0,0,439423,869,348274,681,7762855,15184,7323432,14315,3818269,9021,0,0,33872184,71646,30053915,62625,0,0,0,0,0,0,0,0,4257692,348274,787697,41635039,8111129,0,0,41150,211198,86795,94902,38749,0.4493508461254368,0.44644276744052075,471923,185505,483017129984,189491419136,2.234505061600962,0.10679173375880459,10.679173375880458,0.41947395749085503,0.0,9.349866795332616,40.79689862389503,0.0,0.41947395749085503,9.76934075282347,0.0,1.0,211198,0,211198,0,f126711f63a8a07a4cebca32124b19ce8002349cbcc3b596513c55c70e76ebdd,11226075,9832389,144699,0.882297552795612,86795,0,0,74437,0.8576185264128118,14702.573054436443,0.1693942399266829,12358,0.1423814735871882,0,81416,0,0,69842,0.8578412105728603,13763.508634012705,0.16905164382937882,11574,0.14215878942713964,0,5379,0,0,4595,0.8542480014872653,939.0644204237018,0.1745797398073437,784,0.1457519985127347,0,,,
toolagent_trace,0.02,1.0,"l1=0.02,l2x1",all,16,all16,label_binary_60,horizon,60.0,2,main,3569307853,3569307853,83026370,9997,32176527,8899920,41076447,8899920,313431,613,255969,0,211227,211227,255969,20.591943740844727,1274.5234375,811.7783203125,6b87ec84c43e92128c2fb4b09a19838cbda2e7d2e80e4a3253a1ca511771835f,9997,107,50849843,104856,8899920,17410,37378763,76943,0,0,0,0,0,0,0,0,0,0,438911,868,313431,613,7764308,15187,7325397,14319,3818818,9022,0,0,33872184,71646,30053366,62624,0,0,0,0,0,0,0,0,4257729,313431,752342,41636492,8077739,0,0,41121,211227,86800,95023,38738,0.44986199680912003,0.44629032258064516,475660,188475,486685804544,192495581184,2.251890146619514,0.1071938951443981,10.71938951443981,0.37750777253058276,0.0,9.351616841733536,40.79689862389503,0.0,0.37750777253058276,9.72912461426412,0.0,1.0,211227,0,211227,0,a8dd6454e26c0f96f049d01e86cdbb7ba65c5015a258cf19ab40c90d0df2d72d,11226904,9832920,145933,0.882334657889655,86800,0,0,74430,0.8574884792626728,14712.408618894622,0.16949779514855556,12370,0.1425115207373272,0,81351,0,0,69745,0.8573342675566373,13795.947891228498,0.16958547394904178,11606,0.14266573244336272,0,5449,0,0,4685,0.8597907873004221,916.4607276661023,0.16818879201066295,764,0.1402092126995779,0,,,
toolagent_trace,0.02,1.0,"l1=0.02,l2x1",all,16,all16,label_binary_60,horizon,60.0,3,main,3569307853,3569307853,83026370,9997,32176527,8928528,41105055,8928528,301655,590,255969,0,211182,211182,255969,20.563077449798584,1261.07421875,790.6396484375,a12d8c2a5b8632c96abec9d11ad8e4be207bf50edb1ed1f99d0255d989ca8b58,9997,107,50849843,104856,8928528,17466,37362664,76910,0,0,0,0,0,0,0,0,0,0,434371,860,301655,590,7747476,15154,7313105,14294,3822625,9030,0,0,33872184,71646,30049559,62616,0,0,0,0,0,0,0,0,4256996,301655,736026,41619660,8049131,0,0,41161,211182,86757,94678,38518,0.44832419429686243,0.4439757022488099,470744,186410,481821245440,190534436864,2.2290914945402545,0.10753846037108451,10.75384603710845,0.3633243269578087,0.0,9.33134376463767,40.79689862389503,0.0,0.3633243269578087,9.694668091595478,0.0,1.0,211182,0,211182,0,8593b891ba609a615fda442a7453f059b83f698f3146d33547ef35384ee66088,11223250,9835858,145281,0.8828546544004633,86757,0,0,74430,0.8579134824855631,14626.691900770455,0.16859379532222707,12327,0.14208651751443688,0,81355,0,0,69804,0.8580173314485895,13717.227140393801,0.16860951558470655,11551,0.14198266855141048,0,5402,0,0,4626,0.8563495001851166,909.4647603765787,0.16835704560840037,776,0.14365049981488337,0,,,
toolagent_trace,0.02,1.0,"l1=0.02,l2x1",all,16,all16,label_binary_60,horizon,60.0,4,main,3569307853,3569307853,83026370,9997,32176527,8912720,41089247,8912720,306180,599,255969,0,211206,211206,255969,20.438807249069214,1274.9921875,962.201171875,0985b726457b6b7382fd4a4dde76a2e800096d8457d90270013e21313f4abb34,9997,107,50849843,104856,8912720,17435,37373629,76932,0,0,0,0,0,0,0,0,0,0,436351,863,306180,599,7758759,15176,7322408,14313,3820963,9027,0,0,33872184,71646,30051221,62619,0,0,0,0,0,0,0,0,4257314,306180,742531,41630943,8064939,0,0,41141,211206,86788,94503,38444,0.44744467486719125,0.4429644651334286,472006,186537,483139981312,190529984512,2.2348134049222086,0.10734806303105869,10.734806303105868,0.36877440263858335,0.0,9.344933422959476,40.79689862389503,0.0,0.36877440263858335,9.71370782559806,0.0,1.0,211206,0,211206,0,05649e1bb233677235fa4ccc32b112dcbe208dad4ef85c893b383c9c4502870a,11225622,9835065,146315,0.882643518550687,86788,0,0,74438,0.8576992210904734,14685.730606655861,0.1692138383953526,12350,0.14230077890952667,0,81370,0,0,69753,0.8572323952316578,13811.950766285298,0.16974254352077298,11617,0.14276760476834213,0,5418,0,0,4685,0.8647102251753415,873.779840370515,0.16127350320607511,733,0.13528977482465854,0,,,
toolagent_trace,0.02,1.0,"l1=0.02,l2x1",all,16,all16,label_binary_300,horizon,300.0,0,main,3569307853,3569307853,83026370,9997,32176527,13893758,46070285,13893758,339897,664,255809,160,187529,187689,255969,18.39988398551941,1260.01171875,951.1083984375,f78569818c2275fae944df1dc30cdbff7b8e565e8e419e9d34d76788f39b4b72,9997,132,50849843,104856,13893758,27176,32380142,67151,0,0,512,1,512,1,5120,10,4608,9,163455,325,339385,663,2738884,5360,2575429,5035,4072079,9539,0,0,33872184,71646,29800105,62107,0,0,0,0,0,0,0,0,4236046,339897,503864,36616188,3083901,160,101,64662,187529,76810,82594,33669,0.4404332129963899,0.43834136180184874,409756,161147,419129253888,164436428800,2.1850273824315174,0.16734150848700238,16.73415084870024,0.4093843919708883,0.006166715466423499,3.298812172566379,40.79689862389503,0.0006166715466423499,0.4087677204242459,3.7143632800036905,0.0018658864928768326,0.9981341135071232,187689,160,187529,0,ed10e40acef0d7670281f131758282e5f1bde4cabb8afd8ad0e51c872f04e9d0,10049783,8445829,63596,0.8435631893743377,76911,0,0,73505,0.9557150472624202,1283.3346377304183,0.01668596998778352,3380,0.04394689966324713,0,71598,0,0,68452,0.9560602251459538,1178.5590063171862,0.016460781115634322,3127,0.043674404312969636,0,5313,0,0,5053,0.9510634293242989,104.77563141322548,0.019720615737478915,253,0.047619047619047616,0,,,
toolagent_trace,0.02,1.0,"l1=0.02,l2x1",all,16,all16,label_binary_300,horizon,300.0,1,main,3569307853,3569307853,83026370,9997,32176527,13836367,46012894,13836367,401384,784,255765,204,187443,187647,255969,18.445392847061157,1279.57421875,909.275390625,f1d6ad94c48ec822e5f44928081effa62494b9a34a755f0a1880e2b236bf07ba,9997,132,50849843,104856,13836367,27064,32376264,67143,0,0,1024,2,16384,32,2560,5,1536,3,161407,321,385000,752,2737348,5357,2575941,5036,4073397,9542,0,0,33872184,71646,29798787,62104,0,0,0,0,0,0,0,0,4235828,401384,563815,36612092,3141292,204,136,64702,187443,76769,82541,33506,0.4403525338369531,0.4364522137842098,402825,157421,411946766336,160687771648,2.149053312206911,0.16665027026955412,16.66502702695541,0.48344158608885346,0.0030833577332117497,3.2969621579264516,40.79689862389503,0.019733489492555198,0.46370809659629825,3.7834871017485168,0.0009343379412739406,0.999065662058726,187647,204,187443,0,08dc818d971d70352b7bcf959635ef2701ff2fd9cbe0f33dfc8904a637d57ba0,10050261,8446660,64284,0.8436399810910383,76905,0,0,73506,0.9558026136141994,1270.214770239782,0.016516673431373537,3377,0.0439113191600026,2,71575,0,0,68412,0.9558085923856094,1177.1035048301273,0.0164457353102358,3146,0.0439538945162417,2,5330,0,0,5094,0.9557223264540338,93.11126540964872,0.01746928056466205,231,0.043339587242026266,0,,,
toolagent_trace,0.02,1.0,"l1=0.02,l2x1",all,16,all16,label_binary_300,horizon,300.0,2,main,3569307853,3569307853,83026370,9997,32176527,13920311,46096838,13920311,318464,622,255792,177,187491,187668,255969,18.436704874038696,1274.5234375,811.7783203125,ffeea72b2d14f25c40de2c4d59f6542d76819dfe62572cf1af1cf069a611911b,9997,133,50849843,104856,13920311,27228,32375773,67142,0,0,512,1,31232,61,6144,12,5632,11,160895,320,287232,561,2732740,5348,2571845,5028,4073888,9543,0,0,33872184,71646,29798296,62103,0,0,0,0,0,0,0,0,4235295,318464,479871,36611068,3057348,177,128,64679,187491,76772,82526,33531,0.4401597943367948,0.4367607982076799,407026,158301,416175773696,161501677568,2.170909536991109,0.1676613225412601,16.76613225412601,0.3835697020115416,0.007400058559708198,3.2914121140066706,40.79689862389503,0.03761696434518334,0.3459527376663583,3.68238187457792,0.0022432494402829764,0.997756750559717,187668,177,187491,0,8328927ecb63632248a2e8f4cf6a8bf530afe1dba05ef410b7151988af98b935,10047977,8447662,63397,0.8438873317484704,76900,0,0,73511,0.9559297789336801,1263.6601497268166,0.016432511699958602,3365,0.04375812743823147,2,71579,0,0,68448,0.9562581203984409,1168.5103361656245,0.016324764751751555,3112,0.04347643862026572,2,5321,0,0,5063,0.951512873520015,95.14981356118744,0.01788194203367552,253,0.04754745348618681,0,,,
toolagent_trace,0.02,1.0,"l1=0.02,l2x1",all,16,all16,label_binary_300,horizon,300.0,3,main,3569307853,3569307853,83026370,9997,32176527,13870647,46047174,13870647,365568,714,255801,168,187484,187652,255969,39.05502796173096,1261.7578125,886.07421875,eeea7fb703ccef2d4d034587327c43b018f2d85fc7c9bc0a59e62dd1b2fdbe26,9997,133,50849843,104856,13870647,27131,32378217,67147,0,0,0,0,0,0,3584,7,3584,7,164479,327,365568,714,2737860,5358,2573381,5031,4070932,9537,0,0,33872184,71646,29801252,62109,0,0,0,0,0,0,0,0,4235411,365568,530047,36613628,3107012,168,108,64694,187484,76789,82759,33727,0.44141900108809284,0.43921655445441404,403721,160140,412632518656,163356512256,2.153362420259862,0.167063151141017,16.7063151141017,0.4403034843026378,0.004316700826496449,3.297578829473094,40.79689862389503,0.0,0.4403034843026378,3.742199014602228,0.001307340219242122,0.9986926597807578,187652,168,187484,0,85192f992fda5b74d48a2a92c9a39150d14aa465bf52286e962511093b75536e,10047844,8448239,63710,0.8439715027422798,76897,0,0,73495,0.9557590023017803,1275.2580712089818,0.01658397689388379,3373,0.04386386985187979,1,71577,0,0,68420,0.9558936529890887,1179.7484098334612,0.01648222766857316,3132,0.04375707280271596,1,5320,0,0,5075,0.9539473684210527,95.5096613755152,0.017952943867578043,241,0.04530075187969925,0,,,
toolagent_trace,0.02,1.0,"l1=0.02,l2x1",all,16,all16,label_binary_300,horizon,300.0,4,main,3569307853,3569307853,83026370,9997,32176527,13995063,46171590,13995063,246784,482,255825,144,187510,187654,255969,18.486527681350708,1261.07421875,886.3740234375,aab2e6311104bcad16ff7294f229f1cad95695f0453326fa2c88d084cddd1c21,9997,133,50849843,104856,13995063,27374,32373004,67136,0,0,0,0,0,0,3072,6,3072,6,160383,319,246784,482,2732740,5348,2572357,5029,4074609,9545,0,0,33872184,71646,29797575,62101,0,0,0,0,0,0,0,0,4234992,246784,407167,36607996,2982596,144,95,64695,187510,76797,82408,33436,0.43948589408564875,0.4353815904267094,405663,159320,414780690432,162602661888,2.163420617567063,0.1685616629993579,16.85616629993579,0.29723568548161267,0.003700029279854099,3.2914121140066706,40.79689862389503,0.0,0.29723568548161267,3.592347828768137,0.001122884174789788,0.9988771158252102,187654,144,187510,0,4f5c779e1ceb6bf1e6e811629602e41f05ea8a84b3ba71fbf39bf2e3887297ac,10048755,8440098,63798,0.8430892185151295,76892,0,0,73497,0.9558471622535505,1260.1851426421101,0.016389028021668185,3374,0.04387972740987359,0,71568,0,0,68392,0.9556226246367091,1172.023409511459,0.016376361076339413,3161,0.04416778448468589,0,5324,0,0,5105,0.9588655146506386,88.16173313064365,0.01655930374354689,213,0.040007513148009016,0,,,
toolagent_trace,0.02,1.0,"l1=0.02,l2x1",all,16,all16,label_binary_600,horizon,600.0,0,main,3569307853,3569307853,83026370,9997,32176527,12993060,45169587,12993060,1404429,2744,227530,28439,159901,188340,255969,18.516647338867188,1260.01171875,855.3505859375,ad1a689d74eb2754033824263851ce6039187050e8a29105cf5ee8e98c04a9ad,9997,135,50849843,104856,12993060,25419,32215535,66831,0,0,3072,6,0,0,108032,211,104960,205,192180,380,1404429,2744,2472138,4836,2279958,4456,4041567,9476,0,0,33872184,71646,29830617,62170,0,0,0,0,0,0,0,0,4236819,1404429,1599681,36452354,3984599,28439,9264,64008,159901,67234,62132,26535,0.38856542485663004,0.39466638902936013,232269,102988,237010614272,104958253056,1.4525800338959731,0.15649317198861037,15.649317198861036,1.6915457101159548,0.13011769634153583,2.9775335233854014,40.79689862389503,0.0,1.6915457101159548,4.799196929842892,0.0418701093338811,0.9581298906661189,188340,28439,159901,0,a4120c50ea6de612bf80353059264a021063229ddd2320469fd21e1f182e60a1,10088784,7082672,73327,0.7056683441730937,76498,0,0,72610,0.9491751418337734,5799.8774047128645,0.07581737306482346,0,0.0,0,71425,0,0,68156,0.9542317115855793,4885.78014283559,0.06840434221680909,0,0.0,0,5073,0,0,4454,0.8779814705302582,914.097261877275,0.18018869739350973,0,0.0,0,error_location_001,45169587,True
toolagent_trace,0.02,1.0,"l1=0.02,l2x1",all,16,all16,label_binary_600,horizon,600.0,1,main,3569307853,3569307853,83026370,9997,32176527,13055089,45231616,13055089,1319865,2578,227493,28476,159912,188388,255969,19.845824718475342,1260.84765625,895.265625,f999725f34708595f40cda43ffd2e5daf4a426464413caec481db777706fc47b,9997,135,50849843,104856,13055089,25540,32239123,66876,0,0,2560,5,0,0,117248,229,114688,224,187603,372,1319865,2578,2485457,4863,2297854,4491,4045603,9485,0,0,33872184,71646,29826581,62161,0,0,0,0,0,0,0,0,4235766,1319865,1510028,36474889,3922570,28476,9344,63952,159912,67188,62231,26609,0.3891577867827305,0.39603798297314996,230578,100961,235090057216,102846902272,1.4419055480514282,0.1572402719762408,15.72402719762408,1.589693732244346,0.14121778418109812,2.9935754146544045,40.79689862389503,0.0,1.589693732244346,4.7244869310798485,0.0450485168315272,0.9549514831684728,188388,28476,159912,0,b08df9bd51a18302daee3364995810690bb7d56e647ac550cdf67581d38ffae7,10094145,7080986,73144,0.7051174715639611,76532,0,0,72593,0.9485313332984895,5971.179246332576,0.07802199401992077,0,0.0,0,71468,0,0,68150,0.9535736273576986,5041.532928517075,0.07054252152735595,0,0.0,0,5064,0,0,4443,0.8773696682464455,929.646317815507,0.18357944664603218,0,0.0,0,error_location_001,45231616,True
toolagent_trace,0.02,1.0,"l1=0.02,l2x1",all,16,all16,label_binary_600,horizon,600.0,2,main,3569307853,3569307853,83026370,9997,32176527,13149189,45325716,13149189,1268237,2478,227739,28230,160007,188237,255969,18.49318790435791,1275.171875,777.587890625,b07aa7dcb3188d958d827a0c0a0367d02d5a9c77a2857cdf5fc108a89a7cb8e4,9997,134,50849843,104856,13149189,25723,32196379,66792,0,0,2048,4,0,0,113664,222,111616,218,187091,371,1268237,2478,2446569,4787,2259478,4416,4046899,9488,0,0,33872184,71646,29825285,62158,0,0,0,0,0,0,0,0,4236038,1268237,1457376,36432417,3828470,28230,9545,64106,160007,66910,62488,26501,0.3905329141850044,0.39606934688387385,234942,101348,239682838528,103250651136,1.4683232608573376,0.15837364683051902,15.837364683051902,1.5275110787090898,0.1369010833546017,2.9467372835883348,40.79689862389503,0.0,1.5275110787090898,4.611149445652026,0.0443959592740192,0.9556040407259808,188237,28230,160007,0,71075edc2758efcfa8afdc2762231e9003c77fc40bc5d4241600603f515a4b35,10084100,7070360,74092,0.7048131216469492,76455,0,0,72610,0.9497089791380551,5749.049740584225,0.07519520947726407,0,0.0,0,71395,0,0,68156,0.9546326773583584,4845.5670009276055,0.06786983683629953,0,0.0,0,5060,0,0,4454,0.8802371541501977,903.4827396566172,0.17855390111790856,0,0.0,0,error_location_001,45325716,True
toolagent_trace,0.02,1.0,"l1=0.02,l2x1",all,16,all16,label_binary_600,horizon,600.0,3,main,3569307853,3569307853,83026370,9997,32176527,13079082,45255609,13079082,1305064,2549,227640,28329,160009,188338,255969,18.557010412216187,1279.57421875,813.537109375,e316d24d81fead438a971b783fca52ce6b1c49b68e784348affed98908ea892c,9997,136,50849843,104856,13079082,25587,32230130,66859,0,0,4608,9,0,0,115200,225,110592,216,187603,372,1305064,2549,2478313,4849,2290710,4477,4043356,9480,0,0,33872184,71646,29828828,62166,0,0,0,0,0,0,0,0,4235567,1305064,1497275,36465697,3898577,28329,9473,64004,160009,67035,62387,26496,0.3898968183039704,0.39525620944282835,233347,101817,238087895040,103739183104,1.458336718559581,0.15752925245316637,15.75292524531664,1.571866865912601,0.13875109799452873,2.98497091948016,40.79689862389503,0.0,1.571866865912601,4.69558888338729,0.04441851650637572,0.9555814834936243,188338,28329,160009,0,f58cd3de3cec46ea54e1b7ada30242b388bddcb5a7bf6db96608f4d63e2d3f4c,10090539,7083100,73010,0.7055723187829709,76508,0,0,72581,0.9486720342970669,5888.822669502994,0.07697002495821345,0,0.0,0,71430,0,0,68132,0.9538289234215316,4958.235000338594,0.06941390172670578,0,0.0,0,5078,0,0,4449,0.8761323355651831,930.5876691644015,0.18325869814186718,0,0.0,0,error_location_001,45255609,True
toolagent_trace,0.02,1.0,"l1=0.02,l2x1",all,16,all16,label_binary_600,horizon,600.0,4,main,3569307853,3569307853,83026370,9997,32176527,13126030,45302557,13126030,1279514,2500,227657,28312,159995,188307,255969,20.94726586341858,1276.01953125,906.9619140625,b1b32fac4155863f1004e7601477d52afa5508f9dd61f15a000ea418942c826b,9997,133,50849843,104856,13126030,25677,32207660,66815,0,0,3584,7,0,0,113152,221,109568,214,183708,365,1279514,2500,2458963,4812,2275255,4447,4049347,9492,0,0,33872184,71646,29822837,62154,0,0,0,0,0,0,0,0,4236639,1279514,1466806,36444299,3851629,28312,9303,64042,159995,67175,62444,26723,0.39028719647488985,0.3978116858950502,232039,101412,236645085184,103292524544,1.4502890715334855,0.15809471135495867,15.809471135495867,1.5410935104112102,0.13628441180795933,2.9616650709888916,40.79689862389503,0.0,1.5410935104112102,4.6390429932080615,0.043991812185691544,0.9560081878143084,188307,28312,159995,0,bf9637f96b368c4daf1eb69c3eb1c9b07bb8f44b17420ee32e0802f0c779091a,10086018,7068355,73076,0.7044299345886553,76478,0,0,72612,0.9494495148931719,5813.121591329943,0.07601037672703187,0,0.0,0,71405,0,0,68156,0.9544989846649394,4895.833511814826,0.06856429538288392,0,0.0,0,5073,0,0,4456,0.8783757145673172,917.288079515128,0.18081767780704278,0,0.0,0,error_location_001,45302557,True
toolagent_trace,0.02,1.0,"l1=0.02,l2x1",all,16,all16,evict_binary_learned,class_order,,0,main,3569307853,3569307853,83026370,9997,32176527,13028570,45205097,13028570,1286234,2513,255584,385,188970,189355,255969,93.7113471031189,1260.01171875,1000.970703125,9f0176c77baf31f78373fe199a1ef6ecb70dea8a7280baa9633a21bdbd70592f,9997,117,50849843,104856,13028570,25483,32288511,66980,0,0,1176,3,5632,11,1688,4,512,1,280435,556,1280602,2502,2661167,5210,2380732,4654,3964917,9321,0,0,33872184,71646,29907267,62325,0,0,0,0,0,0,0,0,4246528,1286234,1567845,36535039,3949089,385,376,63186,188970,76444,79516,31888,0.42078636820659365,0.4171419601276752,334245,129847,345379749888,133971531776,1.7687728210827116,0.15692086743043204,15.692086743043204,1.5491873244608911,0.0020330890053364974,3.205206972194497,40.79689862389503,0.006783387013065849,1.5424039374478253,4.756427385660724,0.0006339060895167029,0.9993660939104833,189355,385,188970,30999,d20d80b778be6352a319ed8780fa0a3194144493dda9fb6d9804855b7648ab72,10160349,6893885,234,0.6785201965011242,76820,0,11992,20858,0.27151783389742257,5754.784696689696,0.07491258391941806,2314,0.03012236396771674,0,71493,0,11992,19336,0.2704600450393745,5417.850297871699,0.07578154921281383,2314,0.03236680514176213,0,5327,0,0,1522,0.2857142857142857,336.934398817991,0.06325030952092942,0,0.0,0,,,
toolagent_trace,0.02,1.0,"l1=0.02,l2x1",all,16,all16,evict_binary_learned,class_order,,1,main,3569307853,3569307853,83026370,9997,32176527,12945134,45121661,12945134,1339910,2618,255554,415,189030,189445,255969,90.60753417015076,1260.84765625,932.3955078125,7040e8449124598409261b73336bb35ebd56ad43f954e5c37e4fe27b1badca60,9997,121,50849843,104856,12945134,25320,32321777,67042,0,0,1964,4,46110,91,6060,12,4096,8,283619,564,1293800,2527,2686555,5260,2402936,4696,3957439,9308,0,0,33872184,71646,29914745,62338,0,0,0,0,0,0,0,0,4243022,1339910,1625493,36564799,4032525,415,401,63095,189030,76477,79823,31782,0.4222768872665714,0.4155759247878447,336143,130812,347431981056,135094974464,1.7782521292916469,0.15591593369672793,15.591593369672792,1.6138366641827169,0.007298885884087189,3.235785208964333,40.79689862389503,0.05553657229624757,1.5583000918864693,4.856920759031136,0.002250600252913989,0.997749399747086,189445,415,189030,30890,55ce0988a424b3494cc2264fd11bff867e9e40f6c90e8133e97866bd1753294c,10168086,6896445,229,0.6782554258490733,76878,0,11997,20957,0.2726007440360051,5914.195317037333,0.07692961987873426,2339,0.030424828949764563,0,71560,0,11997,19389,0.2709474566797093,5602.669999960348,0.07829332029011106,2339,0.03268585802124092,0,5318,0,0,1568,0.2948476871004137,311.525317076986,0.058579412763630316,0,0.0,0,,,
toolagent_trace,0.02,1.0,"l1=0.02,l2x1",all,16,all16,evict_binary_learned,class_order,,2,main,3569307853,3569307853,83026370,9997,32176527,13085241,45261768,13085241,1214494,2373,255588,381,188973,189354,255969,97.17903470993042,1261.07421875,935.025390625,95c5aef97afb77b3efc8dd1bbe4e321cc1abc639072d167953d3d5b0bf794bfd,9997,119,50849843,104856,13085241,25594,32304773,67011,0,0,1536,3,11806,24,1536,3,0,0,287790,571,1202688,2349,2676388,5240,2388598,4669,3956009,9304,0,0,33872184,71646,29916175,62342,0,0,0,0,0,0,0,0,4245335,1214494,1503820,36550108,3892418,381,364,63187,188973,76485,79761,31863,0.4220761696115318,0.4165914885271622,334352,129569,345480486912,133719539712,1.7693109597667391,0.15760343370425564,15.760343370425565,1.46278104173409,0.0018500146399270496,3.223539701904347,40.79689862389503,0.014219578671210122,1.4485614630628798,4.688170758278364,0.0005735786377806092,0.9994264213622194,189354,381,188973,30762,613773e8a6402883fb55e96818cc0e6d39e3a485fcc51e6f25ba2f1c2658b9c2,10163098,6897234,214,0.6786652062195996,76849,0,11985,21026,0.27360147822352926,5816.411985408166,0.07568624166102574,2286,0.029746646020117375,0,71500,0,11985,19495,0.27265734265734265,5499.302438329953,0.07691332081580353,2286,0.03197202797202797,0,5349,0,0,1531,0.2862217236866704,317.10954707821463,0.05928389363959892,0,0.0,0,,,
toolagent_trace,0.02,1.0,"l1=0.02,l2x1",all,16,all16,evict_binary_learned,class_order,,3,main,3569307853,3569307853,83026370,9997,32176527,12981873,45158400,12981873,1324574,2588,255597,372,189050,189422,255969,90.03982353210449,1260.45703125,1001.1494140625,020399bf16ab16415b844304c04ec1f1db8d6777695e4886bc668cf9d7fc35c0,9997,120,50849843,104856,12981873,25392,32299305,66999,0,0,1536,3,9246,19,2560,5,1024,2,284745,565,1315328,2569,2668652,5225,2383907,4660,3957810,9309,0,0,33872184,71646,29914374,62337,0,0,0,0,0,0,0,0,4244091,1324574,1610855,36543396,3995786,372,362,63118,189050,76469,79796,31829,0.42208939434012166,0.4162340294759968,333281,128979,344401909760,133082634240,1.7629251520761704,0.15635843166454225,15.635843166454224,1.5953654242621953,0.0030833577332117497,3.2142221802542976,40.79689862389503,0.011136220937998374,1.584229203324197,4.812670962249705,0.0009583664643614959,0.9990416335356385,189422,372,189050,30713,d72ca26212e1ca3aad5474b4825fe457cd56fc4938f09f617745d2ed3de47224,10162184,6892076,253,0.6782205970685041,76831,0,12034,20773,0.2703726360453463,5796.712315086625,0.07544757083841971,2283,0.029714568338300947,0,71511,0,12034,19313,0.27007033882899134,5437.535664226335,0.07603775173366804,2283,0.0319251583672442,0,5320,0,0,1460,0.2744360902255639,359.1766508602913,0.06751440805644573,0,0.0,0,,,
toolagent_trace,0.02,1.0,"l1=0.02,l2x1",all,16,all16,evict_binary_learned,class_order,,4,main,3569307853,3569307853,83026370,9997,32176527,12955893,45132420,12955893,1346429,2630,255586,383,189011,189394,255969,86.31956171989441,1261.1796875,933.6064453125,808217f9a972f9e3aaa63256649fec99077e4c7a2f59e7cd5b34d99646b23c4f,9997,121,50849843,104856,12955893,25342,32302607,67008,0,0,1024,2,25088,49,2560,5,1536,3,279155,553,1321341,2581,2672777,5233,2393622,4680,3964735,9321,0,0,33872184,71646,29907449,62325,0,0,0,0,0,0,0,0,4244914,1346429,1626608,36547521,4021766,383,373,63145,189011,76472,79840,31868,0.42240927776690246,0.4167276911810859,334652,130495,345999194112,134721998848,1.77054245520102,0.15604551903208583,15.604551903208582,1.621688386472876,0.0030833577332117497,3.219190481289258,40.79689862389503,0.030216905785475145,1.5914714806874009,4.843962225495345,0.0009568887956919073,0.9990431112043081,189394,383,189011,30722,29c8e4340a03f0f7065e106a11a0b92ad7bc1bfa6ff3c58c842286e07d644df8,10164390,6892323,221,0.6780961277558221,76845,0,11932,20998,0.27325135012037216,5775.995486703966,0.07516423302367059,2334,0.03037282842084716,0,71522,0,11932,19427,0.2716227174855289,5496.6174871698495,0.07685212224448211,2334,0.0326333156231649,0,5323,0,0,1571,0.29513432275032875,279.37799953412,0.05248506472555326,0,0.0,0,,,
toolagent_trace,0.02,1.0,"l1=0.02,l2x1",all,16,all16,evict_binary_recency,class_order,,0,main,3569307853,3569307853,83026370,9997,32176527,12627703,44804230,12627703,1307772,2555,255940,29,190643,190672,255969,54.05709743499756,1275.171875,928.693359375,f78d45c94a1008d5a14a65006f5db8d13c9005ae5c3b431e5d4460022979771f,9997,132,50849843,104856,12627703,24703,32676322,67733,0,0,0,0,0,0,0,0,0,0,210765,418,1307772,2555,3042184,5952,2831419,5534,4027281,9447,0,0,33872184,71646,29844903,62199,0,0,0,0,0,0,0,0,4238046,1307772,1518537,36914368,4349956,29,26,61683,190643,77399,84520,34065,0.44334174346815775,0.44012196540006976,391398,154515,401183021056,158106245120,2.053041548863583,0.15209267850684066,15.209267850684066,1.575128480264764,0.0,3.664117797755099,40.79689862389503,0.0,1.575128480264764,5.239246278019863,0.0,1.0,190672,29,190643,15146,b97504158cf0870cb9f15fd8e6380c0faa6643e8683f4a9baaf9ee5e96423345,10195754,7428061,73460,0.732147029047582,77425,0,5073,70413,0.9094349370358411,7845.140719620568,0.10132567929765023,2736,0.035337423312883434,0,72172,0,5073,65507,0.9076511666574295,7363.083971389683,0.10202133751856236,2736,0.037909438563431805,0,5253,0,0,4906,0.9339425090424519,482.0567482309024,0.09176789419967683,0,0.0,0,,,
toolagent_trace,0.02,1.0,"l1=0.02,l2x1",all,16,all16,evict_binary_recency,class_order,,1,main,3569307853,3569307853,83026370,9997,32176527,12807743,44984270,12807743,1171968,2289,255947,22,190555,190577,255969,51.61732864379883,1274.5234375,950.001953125,cccb065e2320428b4e5a13c0bbb6a6a98668ecfec10e44501b1b7aa23bb15382,9997,132,50849843,104856,12807743,25055,32632421,67647,0,0,428,1,0,0,428,1,0,0,211693,420,1171968,2289,2997520,5865,2785827,5445,4025590,9444,0,0,33872184,71646,29846594,62202,0,0,0,0,0,0,0,0,4237711,1171968,1384089,36870132,4169916,22,18,61766,190555,77304,84447,34062,0.44316339114691294,0.44062402980440857,390856,154685,400511547392,158235244544,2.0511453386161476,0.154261146187651,15.426114618765098,1.411561170264339,0.0005154988710213393,3.61032284080347,40.79689862389503,0.0,1.411561170264339,5.02239950993883,0.00014276431745980918,0.9998572356825401,190577,22,190555,15183,7375463733783dec19b9e9782fc4ff5eb85d4e01782dc15a4a8084b623aff313,10183632,7413576,72931,0.7315701804621376,77322,0,5152,70350,0.9098316132536665,7590.742586970617,0.09817054120393441,2763,0.035733685109024596,0,72077,0,5152,65424,0.9076959362903562,7127.277102270707,0.09888420858624397,2763,0.038334003912482484,0,5245,0,0,4926,0.9391801715919924,463.4654846999078,0.0883632954623275,0,0.0,0,,,
toolagent_trace,0.02,1.0,"l1=0.02,l2x1",all,16,all16,evict_binary_recency,class_order,,2,main,3569307853,3569307853,83026370,9997,32176527,12751246,44927773,12751246,1214907,2374,255936,33,190591,190624,255969,52.405924558639526,1274.9921875,1007.9521484375,bf9f83466d5c7b5c9c5835ac932452d1a9d8a58bbd2e04ddc5712c0516d74347,9997,133,50849843,104856,12751246,24945,32646222,67673,0,0,0,0,0,0,0,0,0,0,217500,431,1214907,2374,3011506,5891,2794006,5460,4019968,9433,0,0,33872184,71646,29852216,62213,0,0,0,0,0,0,0,0,4237468,1214907,1432407,36883690,4226413,33,29,61731,190591,77327,84621,34123,0.4439926334401939,0.4412818291153155,392017,155260,401748133888,158790778880,2.0568494839735347,0.15358067563353667,15.358067563353668,1.4632784740558933,0.0,3.6271680912943682,40.79689862389503,0.0,1.4632784740558933,5.090446565350262,0.0,1.0,190624,33,190591,15022,6a4931accf6fde07ad6b1701e90c147747fa919328ee6b2a96fe2e7604b23e88,10187553,7419845,73582,0.7319359221983925,77356,0,5182,70303,0.9088241377527276,7656.822572114846,0.09898162485282132,2749,0.03553699777651378,0,72132,0,5182,65403,0.9067126933954417,7211.284695959983,0.0999734472350688,2749,0.03811068596462042,0,5224,0,0,4900,0.9379785604900459,445.53787615486965,0.08528672973868102,0,0.0,0,,,
toolagent_trace,0.02,1.0,"l1=0.02,l2x1",all,16,all16,evict_binary_recency,class_order,,3,main,3569307853,3569307853,83026370,9997,32176527,12666805,44843332,12666805,1301945,2544,255935,34,190622,190656,255969,51.753352880477905,1279.57421875,951.7451171875,e1f357640a33af6ea6b9b33641db6ac0064d430c1cc3d07c89a7fabc4df15087,9997,130,50849843,104856,12666805,24779,32642150,67666,0,0,0,0,0,0,0,0,0,0,213438,424,1301945,2544,3008909,5887,2795471,5463,4025505,9443,0,0,33872184,71646,29846679,62203,0,0,0,0,0,0,0,0,4238943,1301945,1515383,36881093,4310854,34,29,61695,190622,77320,84723,34111,0.44445551929997584,0.4411665804449043,394071,155775,403962499072,159381430272,2.067290239321799,0.15256363731185646,15.256363731185646,1.5681102281118637,0.0,3.6240401694064186,40.79689862389503,0.0,1.5681102281118637,5.192150397518282,0.0,1.0,190656,34,190622,15137,2a0d451cb11c6cc67f1757f44d4041d6c1a15e5f98ac16ee581fef7765a04fe5,10184943,7428218,72598,0.7328972778738182,77349,0,5029,70439,0.9106646498338699,7569.652701938794,0.09786361429286473,2735,0.03535921602089232,0,72100,0,5029,65507,0.9085575589459085,7139.682410141067,0.09902472136117985,2735,0.037933425797503466,0,5249,0,0,4932,0.9396075442941513,429.97029179772875,0.08191470600071038,0,0.0,0,,,
toolagent_trace,0.02,1.0,"l1=0.02,l2x1",all,16,all16,evict_binary_recency,class_order,,4,main,3569307853,3569307853,83026370,9997,32176527,12686420,44862947,12686420,1288194,2517,255937,32,190589,190621,255969,60.978928327560425,1261.07421875,983.6748046875,1bf1cfe593e0a7bb987e2b4cd7ea148695f7da1ddeb958972b16858b7ecfdf6e,9997,131,50849843,104856,12686420,24818,32635793,67655,0,0,943,2,9728,19,1455,3,512,1,216111,427,1278466,2498,3001590,5872,2785479,5445,4022382,9437,0,0,33872184,71646,29849802,62209,0,0,0,0,0,0,0,0,4239436,1288194,1505248,36875229,4291239,32,24,61739,190589,77330,84606,33993,0.4439185892155371,0.4395836027414975,393063,154184,402836971520,157648044032,2.0623593176940958,0.15279988755379767,15.279988755379767,1.5515480202253813,0.0017524552741496468,3.615224897824631,40.79689862389503,0.011716759386204648,1.5398312608391767,5.168525373324162,0.00048450822415248523,0.9995154917758475,190621,32,190589,15176,d06deefeb4587409bbca950414135ab4035d495d705e5bab9ea9c2b3e66cdedb,10185849,7416190,72817,0.7316619851717809,77354,0,5150,70303,0.9088476355456732,7564.948379938951,0.09779647309691743,2680,0.03464591359205729,0,72096,0,5150,65329,0.9061390368397692,7132.831569208722,0.09893519153918001,2680,0.03717265867731913,0,5258,0,0,4974,0.9459870673259795,432.11681073022794,0.08218273311719816,0,0.0,0,,,
toolagent_trace,0.02,1.0,"l1=0.02,l2x1",leaf,16,leaf16,adm_label,leaf_location,,0,main,3569307853,3569307853,83026370,9997,32176527,6798860,38975387,6798860,0,0,255969,0,221512,221512,255969,73.02799892425537,1261.1796875,933.5673828125,0644cb78a4c7cc5f25219be5f619f977632a6c20f234ceb671da864321e5b9bc,9997,60,50849843,104856,6798860,13282,39750879,81637,0,0,0,0,0,0,0,0,0,0,878563,1741,0,0,10178799,19928,9300236,18187,3421541,8196,0,0,33872184,71646,30450643,63450,0,0,0,0,0,0,0,0,4300104,0,878563,44050983,10178799,0,0,31046,221512,91527,0,0,0.0,0.0,0,0,0,0,0.0,0.08188795921103138,8.18879592110314,0.0,0.0,12.25971820760079,40.79689862389503,0.0,0.0,12.25971820760079,0.0,1.0,221512,0,221512,6153,131e65c5a9583fdde4511d7e9df24a3d0ef071c123bf2a00c2513c7d1235c75e,11023226,5087134,403,0.4615105868282116,91527,0,3162,1065,0.011635910714871021,35478.14869706272,0.38762494889008403,17494,0.19113485638117714,0,8340,0,3162,71,0.008513189448441247,2085.7424497890274,0.2500890227564781,987,0.11834532374100719,0,83187,0,0,994,0.011948982413117435,33392.406247273895,0.4014137575255015,16507,0.19843244737759505,0,,,
toolagent_trace,0.02,1.0,"l1=0.02,l2x1",leaf,16,leaf16,adm_label,leaf_location,,1,main,3569307853,3569307853,83026370,9997,32176527,6789644,38966171,6789644,0,0,255969,0,221561,221561,255969,74.4076030254364,1260.25,1001.1484375,d6b6c1580e316838fcd3d581db935458b48a890a68ac9b3a67dc4f2802582236,9997,60,50849843,104856,6789644,13264,39760778,81655,0,0,0,0,0,0,0,0,0,0,880693,1745,0,0,10188015,19946,9307322,18201,3418728,8192,0,0,33872184,71646,30453456,63454,0,0,0,0,0,0,0,0,4299421,0,880693,44060199,10188015,0,0,30996,221561,91544,0,0,0.0,0.0,0,0,0,0,0.0,0.08177695833263576,8.177695833263577,0.0,0.0,12.270818295440352,40.79689862389503,0.0,0.0,12.270818295440352,0.0,1.0,221561,0,221561,6074,79d46c9b16fa043a430f31900fcd8075c5618f5e9f8c39bc9d01637f56ba9482,11024932,5105791,405,0.46313151863430996,91544,0,3143,959,0.01047583675609543,35727.92814331132,0.3902814836943035,17503,0.1911976754347636,0,8258,0,3143,57,0.006902397674981835,2090.8418820119023,0.2531898621956772,1024,0.12400096875756841,0,83286,0,0,902,0.010830151526066806,33637.08626129957,0.4038744358151378,16479,0.19786038469850875,0,,,
toolagent_trace,0.02,1.0,"l1=0.02,l2x1",leaf,16,leaf16,adm_label,leaf_location,,2,main,3569307853,3569307853,83026370,9997,32176527,6752780,38929307,6752780,0,0,255969,0,221652,221652,255969,114.79754519462585,1261.7578125,1002.0751953125,2dc52de7f4a579cecc2a756e1adb222a9d9964ca05b59d4d7f91f24a68a25d7f,9997,60,50849843,104856,6752780,13192,39797707,81727,0,0,0,0,0,0,0,0,0,0,878563,1741,0,0,10224879,20018,9346316,18277,3420793,8196,0,0,33872184,71646,30451391,63450,0,0,0,0,0,0,0,0,4299356,0,878563,44097063,10224879,0,0,30905,221652,91616,0,0,0.0,0.0,0,0,0,0,0.0,0.08133295481905327,8.133295481905327,0.0,0.0,12.315218646798602,40.79689862389503,0.0,0.0,12.315218646798602,0.0,1.0,221652,0,221652,6164,1cac2ab7030d8d73e1cbcad047750486410b75084e1a44225c1d6b389b7e6f1e,11036242,5093502,371,0.46154184549414556,91616,0,3208,947,0.010336622424030738,35758.4742732996,0.3903081805939967,17576,0.19184421935033183,1,8405,0,3208,47,0.005591909577632362,2121.656549098274,0.2524279059010439,1053,0.1252825698988697,0,83211,0,0,900,0.010815877708476043,33636.81772420159,0.4042352300080709,16523,0.19856749708572183,1,,,
toolagent_trace,0.02,1.0,"l1=0.02,l2x1",leaf,16,leaf16,adm_label,leaf_location,,3,main,3569307853,3569307853,83026370,9997,32176527,6822300,38998827,6822300,0,0,255969,0,221481,221481,255969,74.80891513824463,1260.54296875,1001.1416015625,fa8a9a045474e3026e0fefe6800f2d01623fe3aae710002ca3a7f15bacafb17b,9997,61,50849843,104856,6822300,13328,39728683,81592,0,0,0,0,0,0,0,0,0,0,877221,1738,0,0,10155359,19882,9278138,18144,3421639,8198,0,0,33872184,71646,30450545,63448,0,0,0,0,0,0,0,0,4298860,0,877221,44027543,10155359,0,0,31077,221481,91481,0,0,0.0,0.0,0,0,0,0,0.0,0.08217027915347859,8.21702791534786,0.0,0.0,12.23148621335607,40.79689862389503,0.0,0.0,12.23148621335607,0.0,1.0,221481,0,221481,6113,79f99607ff295dba7b0e7eaff24900cefaeb0a9adc9d082a76698b0ea272af12,11017607,5110986,471,0.4639139424740781,91481,0,3158,1013,0.011073337632951104,35436.21699140598,0.38736149573579187,17426,0.19048764224265147,3,8301,0,3158,52,0.0062643055053608,2129.487687960923,0.2565338739863779,1037,0.1249247078665221,0,83180,0,0,961,0.011553257994710266,33306.729303445165,0.40041751987791735,16389,0.1970305361865833,3,,,
toolagent_trace,0.02,1.0,"l1=0.02,l2x1",leaf,16,leaf16,adm_label,leaf_location,,4,main,3569307853,3569307853,83026370,9997,32176527,6810124,38986651,6810124,0,0,255969,0,221453,221453,255969,73.20724773406982,1276.01953125,1016.3779296875,9196aa21838af9358fb623a41764e8d967cfd261a5fffcd52c69a50e8f6fc178,9997,60,50849843,104856,6810124,13304,39739242,81615,0,0,0,0,0,0,0,0,0,0,877943,1738,0,0,10167535,19906,9289592,18168,3422534,8199,0,0,33872184,71646,30449650,63447,0,0,0,0,0,0,0,0,4300477,0,877943,44039719,10167535,0,0,31103,221453,91503,0,0,0.0,0.0,0,0,0,0,0.0,0.0820236269512927,8.20236269512927,0.0,0.0,12.246151433574658,40.79689862389503,0.0,0.0,12.246151433574658,0.0,1.0,221453,0,221453,6162,34c61f8bf13035f5df68ff81d4a77e11fae86ef95645107d7f348246dd29e736,11020818,5095051,424,0.46233074532217117,91503,0,3192,919,0.010043386555632056,35529.72872332782,0.3882903153265775,17451,0.1907150585226714,1,8300,0,3192,42,0.005060240963855421,2057.7363420240913,0.24792004120772185,1010,0.1216867469879518,0,83203,0,0,877,0.010540485319038976,33471.99238130388,0.40229309497618926,16441,0.1976010480391332,1,,,
toolagent_trace,0.02,1.0,"l1=0.02,l2x1",leaf,16,leaf16,evict_label,leaf_location,,0,main,3569307853,3569307853,83026370,9997,32176527,15189457,47365984,15189457,0,0,255965,4,183244,183248,255969,40.17391610145569,1261.7578125,922.33203125,7e81057e9ef2989fe50812d5fc4c641257ba3fd222b172d17e96b01ca21a1ddc,9997,132,50849843,104856,15189457,29708,31423151,65283,0,0,0,0,0,0,0,0,0,0,196060,388,0,0,1788202,3502,1592142,3114,4041175,9477,0,0,33872184,71646,29831009,62169,0,0,0,0,0,0,0,0,4237235,0,196060,35660386,1788202,4,1,69160,183244,74998,0,0,0.0,0.0,0,0,0,0,0.0,0.1829473816571771,18.29473816571771,0.0,0.0,2.1537759629862174,40.79689862389503,0.0,0.0,2.1537759629862174,0.0,1.0,183248,4,183244,690,e29ddda3a512cee2d7370f6b4764f4c8b6ece6d21f65a696f97efe70f2a1b8fc,8795838,8795838,0,1.0,74999,0,212,74787,0.997173295643942,39.49138774050344,0.0005265588573248102,73,0.0009733463112841504,3,3282,0,212,3070,0.935405240706886,39.49138774050344,0.012032720213437978,70,0.021328458257160267,0,71717,0,0,71717,1.0,0.0,0.0,3,4.183108607443144e-05,3,,,
toolagent_trace,0.02,1.0,"l1=0.02,l2x1",leaf,16,leaf16,evict_label,leaf_location,,1,main,3569307853,3569307853,83026370,9997,32176527,15212025,47388552,15212025,0,0,255969,0,183196,183196,255969,29.00952982902527,1260.84765625,981.45703125,b5f599f9fdc475299995088a532b517d3a3423318c56a0d0013f90f7759ddb2c,9997,131,50849843,104856,15212025,29751,31399827,65239,0,0,0,0,0,0,0,0,0,0,201628,400,0,0,1765634,3459,1564006,3059,4036363,9466,0,0,33872184,71646,29835821,62180,0,0,0,0,0,0,0,0,4237991,0,201628,35637818,1765634,0,0,69213,183196,74956,0,0,0.0,0.0,0,0,0,0,0.0,0.18321919891234556,18.321919891234558,0.0,0.0,2.1265942374693725,40.79689862389503,0.0,0.0,2.1265942374693725,0.0,1.0,183196,0,183196,627,c5234b08d27e13765205bf8f360d0986727fb04cca7f44a5d8fbe82b46eb8e4f,8787891,8787891,0,1.0,74956,0,199,74757,0.99734510913069,34.755364629933226,0.0004636768855052728,71,0.000947222370457335,2,3296,0,199,3097,0.939623786407767,34.755364629933226,0.010544710142576828,69,0.020934466019417477,0,71660,0,0,71660,1.0,0.0,0.0,2,2.790957298353335e-05,2,,,
toolagent_trace,0.02,1.0,"l1=0.02,l2x1",leaf,16,leaf16,evict_label,leaf_location,,2,main,3569307853,3569307853,83026370,9997,32176527,15189295,47365822,15189295,0,0,255967,2,183242,183244,255969,29.228734493255615,1261.1796875,923.119140625,c0bc74b8e49b7880df5996580ec8e27d6467b7276c6458f9500d006cef7e491b,9997,129,50849843,104856,15189295,29705,31422641,65283,0,0,0,0,0,0,0,0,0,0,201342,401,0,0,1788364,3505,1587022,3104,4036565,9467,0,0,33872184,71646,29835619,62179,0,0,0,0,0,0,0,0,4237907,0,201342,35660548,1788364,2,1,69164,183242,75001,0,0,0.0,0.0,0,0,0,0,0.0,0.18294543046986156,18.294543046986156,0.0,0.0,2.1539710817177724,40.79689862389503,0.0,0.0,2.1539710817177724,0.0,1.0,183244,2,183242,611,ec64d885a6dafb93768c7243ae5196891d60fd45d7eedd5942f617ced8afaba3,8797585,8797585,0,1.0,75002,0,171,74831,0.9977200607983787,30.660841727049075,0.0004088003216854094,59,0.0007866456894482813,2,3272,0,171,3101,0.9477383863080685,30.660841727049075,0.009370672899464876,57,0.017420537897310514,0,71730,0,0,71730,1.0,0.0,0.0,2,2.7882336539802036e-05,2,,,
toolagent_trace,0.02,1.0,"l1=0.02,l2x1",leaf,16,leaf16,evict_label,leaf_location,,3,main,3569307853,3569307853,83026370,9997,32176527,15218180,47394707,15218180,0,0,255968,1,183123,183124,255969,28.680397272109985,1276.01953125,883.095703125,c48421238b978d3f2942c34464004fe254dc94b2c89c854ca67d69d60dff1641,9997,132,50849843,104856,15218180,29764,31393965,65227,0,0,0,0,0,0,0,0,0,0,199081,394,0,0,1759479,3446,1560398,3052,4038617,9471,0,0,33872184,71646,29833567,62175,0,0,0,0,0,0,0,0,4237698,0,199081,35631663,1759479,1,0,69277,183123,74937,0,0,0.0,0.0,0,0,0,0,0.0,0.18329333198597025,18.329333198597023,0.0,0.0,2.1191809301069044,40.79689862389503,0.0,0.0,2.1191809301069044,0.0,1.0,183124,1,183123,620,6db4f0e16696ec530be015146aef003a5d37c0e36f48b18338872852aba53911,8790592,8790592,0,1.0,74937,0,201,74736,0.9973177469074023,29.323529486802958,0.00039130909279532086,62,0.0008273616504530472,2,3314,0,201,3113,0.9393482196741099,29.323529486802958,0.008848379446832515,61,0.018406759203379603,1,71623,0,0,71623,1.0,0.0,0.0,1,1.3961995448389483e-05,1,,,
toolagent_trace,0.02,1.0,"l1=0.02,l2x1",leaf,16,leaf16,evict_label,leaf_location,,4,main,3569307853,3569307853,83026370,9997,32176527,15196465,47372992,15196465,0,0,255967,2,183215,183217,255969,29.15864634513855,1275.171875,992.345703125,089b4a24f244dd74ec141b1392d3d59b68a81827550087b9ee0391d259b91dfb,9997,126,50849843,104856,15196465,29718,31414234,65267,0,0,0,0,0,0,0,0,0,0,203212,405,0,0,1781194,3492,1577982,3087,4035932,9466,0,0,33872184,71646,29836252,62180,0,0,0,0,0,0,0,0,4239144,0,203212,35653378,1781194,2,1,69194,183215,74993,0,0,0.0,0.0,0,0,0,0,0.0,0.18303178857512378,18.30317885751238,0.0,0.0,2.1453352711915503,40.79689862389503,0.0,0.0,2.1453352711915503,0.0,1.0,183217,2,183215,619,dec736021a0bf75180234d1e6b4dc9714a801303ab4696c0eb88a4aa16307e8b,8795186,8795186,0,1.0,74994,0,201,74793,0.9973197855828466,31.620389883715337,0.00042163892956390296,57,0.0007600608048643891,0,3302,0,201,3101,0.9391278013325257,31.620389883715337,0.009576132611664245,57,0.017262265293761358,0,71692,0,0,71692,1.0,0.0,0.0,0,0.0,0,,,
toolagent_trace,0.02,4.0,"l1=0.02,l2x4",all,16,all16,label_binary_6,horizon,6.0,0,main,3569307853,14277231411,83026370,9997,32176527,11948748,44125275,11948748,883555,1728,255969,0,183512,183512,255969,34.19869661331177,1279.57421875,813.533203125,91d3607bc2688fffe32bb9fe967ee55ba507d2018d5e61a101585517a5ace171,9997,124,50849843,104856,11948748,23373,33774176,69882,0,0,0,0,0,0,0,0,0,0,258790,513,883555,1728,4145356,8109,3886566,7596,3984574,9360,0,0,33872184,71646,29887610,62286,0,0,0,0,0,0,0,0,4243364,883555,1142345,38017540,5028911,0,0,57947,183512,79782,82198,35397,0.447916212563756,0.4436715048507182,413017,171524,422312794112,175018641408,2.250626662016653,0.14391509589061885,14.391509589061885,1.0641859929562139,0.0,4.99281854668583,40.79689862389503,0.0,1.0641859929562139,6.057004539642044,0.0,1.0,183512,0,183512,0,0ab77abef8c819320ec93a818674b09d601ed778a50060ed2f91995702b8e463,10641058,9409250,38928,0.8860692235678069,79782,0,0,72982,0.9147677420972149,11562.436348838055,0.14492537601010322,6801,0.08524479205835903,1,74332,0,0,68021,0.9150971317871173,10723.558701363985,0.14426570926874005,6312,0.08491632136899317,1,5450,0,0,4961,0.9102752293577981,838.8776474740653,0.1539225041236817,489,0.08972477064220183,0,,,
toolagent_trace,0.02,4.0,"l1=0.02,l2x4",all,16,all16,label_binary_6,horizon,6.0,1,main,3569307853,14277231411,83026370,9997,32176527,11898840,44075367,11898840,938517,1834,255969,0,183457,183457,255969,32.536099672317505,1275.171875,812.482421875,3b12c6ee9671bc66e49183b403e300d01430e86c6f95ca00b2d2d944b37ced34,9997,126,50849843,104856,11898840,23277,33770786,69874,0,0,0,0,0,0,0,0,0,0,258165,511,938517,1834,4140302,8099,3882137,7588,3983535,9360,0,0,33872184,71646,29888649,62286,0,0,0,0,0,0,0,0,4241700,938517,1196682,38012486,5078819,0,0,57982,183457,79751,82021,35082,0.4470856931051963,0.4398941706060112,416586,172696,426091378688,176269334528,2.2707555448960792,0.1433139856650363,14.33139856650363,1.1303842381643325,0.0,4.986731324035966,40.79689862389503,0.0,1.1303842381643325,6.117115562200299,0.0,1.0,183457,0,183457,0,fe0de096e2010a33fe4829015a9051336f39960ee69eb6d7e5a15099bce337f9,10637604,9411627,39191,0.8865927421250124,79751,0,0,72956,0.9147973066168449,11495.25286904185,0.1441392944168957,6796,0.08521523241087886,1,74325,0,0,67984,0.9146855028590649,10694.952280262152,0.14389441345795026,6342,0.08532795156407669,1,5426,0,0,4972,0.9163287873203096,800.3005887796885,0.14749365808693116,454,0.08367121267969038,0,,,
toolagent_trace,0.02,4.0,"l1=0.02,l2x4",all,16,all16,label_binary_6,horizon,6.0,2,main,3569307853,14277231411,83026370,9997,32176527,11872249,44048776,11872249,964188,1884,255969,0,183456,183456,255969,36.95397329330444,1274.5234375,811.7822265625,b17cd27d441ef89bfdde9d18c4e947fb4aa3eb782df4a9179a5387f87f91cf9b,9997,124,50849843,104856,11872249,23224,33770204,69875,0,0,0,0,0,0,0,0,0,0,262228,520,964188,1884,4141222,8102,3878994,7582,3980974,9353,0,0,33872184,71646,29891210,62293,0,0,0,0,0,0,0,0,4243202,964188,1226416,38013406,5105410,0,0,57992,183456,79772,82213,35188,0.4481347025989883,0.44110715539286965,415110,172370,424466567168,175918166016,2.262722396650968,0.14299371392486507,14.299371392486508,1.1613033304960823,0.0,4.987839405721339,40.79689862389503,0.0,1.1613033304960823,6.149142736217421,0.0,1.0,183456,0,183456,0,fba847b27772ab1e4a7f7f2c5ca669dcd8363b4c02d12f414ea9590394dd72da,10639477,9415266,39033,0.8867712670463032,79772,0,0,72982,0.9148824148824148,11471.444958644477,0.14380290024876494,6791,0.08513012084440656,1,74318,0,0,67958,0.914421808983019,10732.821764731827,0.14441752690777238,6361,0.08559164670739255,1,5454,0,0,5024,0.9211587825449211,738.6231939126441,0.13542779499681776,430,0.07884121745507884,0,,,
toolagent_trace,0.02,4.0,"l1=0.02,l2x4",all,16,all16,label_binary_6,horizon,6.0,3,main,3569307853,14277231411,83026370,9997,32176527,11883701,44060228,11883701,943971,1846,255969,0,183531,183531,255969,32.712801456451416,1261.07421875,810.5341796875,67e1a6deef6acd4607439836542a966237e657d69091608bdb894c6aa3d09d8d,9997,125,50849843,104856,11883701,23246,33779639,69892,0,0,0,0,0,0,0,0,0,0,262397,520,943971,1846,4149987,8118,3887590,7598,3980135,9352,0,0,33872184,71646,29892049,62294,0,0,0,0,0,0,0,0,4242532,943971,1206368,38022171,5093958,0,0,57918,183531,79788,82154,35232,0.44763010063694963,0.4415701609264551,411397,170787,420649461760,174234685440,2.241566819774316,0.14313164600596173,14.313164600596172,1.1369532354600111,0.0,4.998396292647746,40.79689862389503,0.0,1.1369532354600111,6.135349528107756,0.0,1.0,183531,0,183531,0,e821d24c6b8dae341c052233b2caa63955457283e2cc17ae177799732e8626df,10642019,9412780,38629,0.8863068652668258,79788,0,0,72986,0.9147490850754499,11582.223428972464,0.14516247341671007,6802,0.08525091492455006,0,74328,0,0,67970,0.9144602303304273,10821.595957362899,0.14559245449040603,6358,0.0855397696695727,0,5460,0,0,5016,0.9186813186813186,760.627471609567,0.13930906073435292,444,0.08131868131868132,0,,,
toolagent_trace,0.02,4.0,"l1=0.02,l2x4",all,16,all16,label_binary_6,horizon,6.0,4,main,3569307853,14277231411,83026370,9997,32176527,11773429,43949956,11773429,1044680,2042,255969,0,183551,183551,255969,38.517035484313965,1276.01953125,906.966796875,e5eb646b39e7095f09b9929f0331adfab468b9117d290e8920bd48b00a4e5b6a,9997,123,50849843,104856,11773429,23030,33788368,69910,0,0,0,0,0,0,0,0,0,0,264276,524,1044680,2042,4159550,8138,3895274,7614,3979090,9350,0,0,33872184,71646,29893094,62296,0,0,0,0,0,0,0,0,4243366,1044680,1308956,38031734,5204230,0,0,57909,183551,79820,82339,35250,0.4485892204346476,0.44161864194437483,417324,173363,426658383872,176975472640,2.2736133281758204,0.14180348966238077,14.180348966238077,1.258250842473301,0.0,5.009914319992552,40.79689862389503,0.0,1.258250842473301,6.268165162465853,0.0,1.0,183551,0,183551,0,96ccd9e4f6a36ea7180540f3de270cd7625483ec41d6c85c985b0bc3cf915d47,10645800,9417799,38825,0.8864727404234534,79820,0,0,72996,0.9145076421949386,11599.730848097252,0.1453236137321129,6825,0.08550488599348534,1,74336,0,0,67960,0.9142272922944469,10833.850126065683,0.1457416342830618,6377,0.0857861601377529,1,5484,0,0,5036,0.9183078045222466,765.8807220315728,0.13965731619831742,448,0.08169219547775347,0,,,
toolagent_trace,0.02,4.0,"l1=0.02,l2x4",all,16,all16,label_binary_15,horizon,15.0,0,main,3569307853,14277231411,83026370,9997,32176527,12095715,44272242,12095715,940124,1837,255969,0,182664,182664,255969,33.04180550575256,1279.57421875,909.267578125,0f7c643e70e4bc4cf6db8cb5e797a8b01d3d23d4dadcae0f89ebefb27f835a23,9997,126,50849843,104856,12095715,23661,33572701,69487,0,0,0,0,0,0,0,0,0,0,253290,502,940124,1837,3941820,7712,3688530,7210,3988013,9369,0,0,33872184,71646,29884171,62277,0,0,0,0,0,0,0,0,4241303,940124,1193414,37814004,4881944,0,0,58791,182664,79378,81523,35031,0.4463003109534446,0.44131875330696163,411802,171796,421134759936,175241115648,2.2544234222397406,0.14568522024990374,14.568522024990374,1.1323197678038917,0.0,4.747672335909663,40.79689862389503,0.0,1.1323197678038917,5.879992103713555,0.0,1.0,182664,0,182664,0,0b13782e7ecc87216b8dc3c25ae05885fbf422de5e0fb76c31fbccc5e519e85f,10587043,9448240,35587,0.8941149573114986,79378,0,0,72977,0.9193605281060243,9944.789740890683,0.1252839545074288,6401,0.08063947189397566,0,73910,0,0,67960,0.9194966851576242,9246.880887601785,0.12511001065622765,5950,0.08050331484237586,0,5468,0,0,5017,0.9175201170446232,697.9088532889106,0.12763512313257325,451,0.08247988295537674,0,,,
toolagent_trace,0.02,4.0,"l1=0.02,l2x4",all,16,all16,label_binary_15,horizon,15.0,1,main,3569307853,14277231411,83026370,9997,32176527,12130640,44307167,12130640,899168,1758,255969,0,182684,182684,255969,32.54170560836792,1275.171875,796.498046875,fbff546283f2e3c0a6892e2933cbde74634e043a4e734bbd8b14d3eca0231779,9997,126,50849843,104856,12130640,23729,33578255,69498,0,0,0,0,0,0,0,0,0,0,249701,495,899168,1758,3947851,7723,3698150,7228,3992079,9376,0,0,33872184,71646,29880105,62270,0,0,0,0,0,0,0,0,4241780,899168,1148869,37820035,4847019,0,0,58770,182684,79402,81699,35028,0.44721486282323575,0.4411475781466462,411153,171577,420300394496,175014430720,2.2506240283768695,0.14610586973753037,14.610586973753037,1.0829908618189619,0.0,4.754936293131929,40.79689862389503,0.0,1.0829908618189619,5.837927154950891,0.0,1.0,182684,0,182684,0,8f9cb3dc9230cb35a38464f710acd93b4ebe79407793b12ad74c4eaf15ae992a,10589371,9448915,35823,0.8939932787320418,79402,0,0,72988,0.9192211783078512,10012.779073713991,0.1261023535139416,6414,0.08077882169214881,0,73930,0,0,67942,0.9190044636818612,9349.686224752526,0.12646674184705162,5988,0.08099553631813879,0,5472,0,0,5046,0.9221491228070176,663.0928489614936,0.12117924871372324,426,0.07785087719298246,0,,,
toolagent_trace,0.02,4.0,"l1=0.02,l2x4",all,16,all16,label_binary_15,horizon,15.0,2,main,3569307853,14277231411,83026370,9997,32176527,12041552,44218079,12041552,968729,1894,255969,0,182724,182724,255969,39.763672828674316,1276.01953125,843.259765625,6c4a80afa1a76c6efb4dcae0c785142ad46d51a3f687bca52fe09823eda50e46,9997,126,50849843,104856,12041552,23555,33597632,69536,0,0,0,0,0,0,0,0,0,0,250213,496,968729,1894,3967378,7761,3717165,7265,3991717,9375,0,0,33872184,71646,29880467,62271,0,0,0,0,0,0,0,0,4241930,968729,1218942,37839562,4936107,0,0,58746,182724,79448,81713,35064,0.44719358157658545,0.44134528244889737,410484,172407,419715076096,175920734208,2.2464700860313918,0.14503286124637269,14.503286124637269,1.1667726771626894,0.0,4.778455326903971,40.79689862389503,0.0,1.1667726771626894,5.94522800406666,0.0,1.0,182724,0,182724,0,3a5afdb610f456da600c4feb5bbf895edfa5f3d95055838366cfe1fa6e4c00f0,10595488,9454794,35777,0.89402984553425,79448,0,0,73000,0.9188399959722082,10165.033762085335,0.12794574768509384,6448,0.08116000402779176,0,73964,0,0,67993,0.919271537504732,9422.691089450302,0.12739563962806638,5971,0.08072846249526797,0,5484,0,0,5007,0.9130196936542669,742.3426726350475,0.13536518465263447,477,0.08698030634573305,0,,,
toolagent_trace,0.02,4.0,"l1=0.02,l2x4",all,16,all16,label_binary_15,horizon,15.0,3,main,3569307853,14277231411,83026370,9997,32176527,12001587,44178114,12001587,1039132,2032,255969,0,182634,182634,255969,35.361220359802246,1261.07421875,798.7255859375,c6bd623d1397ee0aaaed8f6a7c333bfc8a2b93644be9e8214f4f84b5ec96d950,9997,127,50849843,104856,12001587,23478,33566827,69476,0,0,0,0,0,0,0,0,0,0,249983,494,1039132,2032,3936940,7700,3686957,7206,3992314,9376,0,0,33872184,71646,29879870,62270,0,0,0,0,0,0,0,0,4242297,1039132,1289115,37809124,4976072,0,0,58815,182634,79370,81686,35025,0.4472661169333202,0.44128764016630967,413919,172622,423297806336,176216215552,2.266385229475344,0.14455150815337345,14.455150815337344,1.251568628135856,0.0,4.741794685230729,40.79689862389503,0.0,1.251568628135856,5.993363313366585,0.0,1.0,182634,0,182634,0,10208be8d2c7647581795c452344787b790d11e7c4dc4b590cea85570c40ddd7,10586489,9443071,35473,0.8936680990269767,79370,0,0,72981,0.9195035907773718,9921.303544493741,0.12500067461879477,6389,0.0804964092226282,0,73931,0,0,67989,0.9196277610204109,9215.816579411838,0.12465429359012914,5942,0.08037223897958908,0,5439,0,0,4992,0.9178157749586321,705.4869650819048,0.12970894743186337,447,0.0821842250413679,0,,,
toolagent_trace,0.02,4.0,"l1=0.02,l2x4",all,16,all16,label_binary_15,horizon,15.0,4,main,3569307853,14277231411,83026370,9997,32176527,12078773,44255300,12078773,938719,1835,255969,0,182692,182692,255969,32.379467725753784,1274.5234375,907.5166015625,716c78f613a6fc2948fb2f9468af64432d2851137095ef3e36ee80609d77d999,9997,125,50849843,104856,12078773,23627,33590159,69522,0,0,0,0,0,0,0,0,0,0,249701,495,938719,1835,3960167,7748,3710466,7253,3992491,9377,0,0,33872184,71646,29879693,62269,0,0,0,0,0,0,0,0,4242192,938719,1188420,37832351,4898886,0,0,58756,182692,79423,81633,35048,0.4468340157204475,0.44128275184770155,414854,171800,424350494720,175360196608,2.27078361395135,0.14548116459866908,14.548116459866907,1.1306275343604688,0.0,4.769770134476553,40.79689862389503,0.0,1.1306275343604688,5.900397668837021,0.0,1.0,182692,0,182692,0,e927558905ab085d9bc5b50912f120a020e471e099e8f05583c51180489cb708,10592780,9447505,35654,0.8935644844884912,79423,0,0,73005,0.919192173551742,10099.818152443248,0.12716490377401066,6419,0.08082041725948402,1,73944,0,0,67941,0.9188169425511198,9441.013405476782,0.12767788333707647,6004,0.0811965811965812,1,5479,0,0,5064,0.9242562511407191,658.8047469664928,0.12024178626875211,415,0.0757437488592809,0,,,
toolagent_trace,0.02,4.0,"l1=0.02,l2x4",all,16,all16,label_binary_60,horizon,60.0,0,main,3569307853,14277231411,83026370,9997,32176527,12979675,45156202,12979675,780892,1526,255969,0,179301,179301,255969,31.393141746520996,1274.9921875,869.7353515625,701305524a2647a4b36a3682c5497d8506f62303f54b2ec6e874a80f9cade490,9997,131,50849843,104856,12979675,25390,32851557,68074,0,0,0,0,0,0,0,0,0,0,201855,400,780892,1526,3217092,6294,3015237,5894,4035864,9466,0,0,33872184,71646,29836320,62180,0,0,0,0,0,0,0,0,4237719,780892,982747,37089276,3997984,0,0,62145,179301,77955,79739,34159,0.4447214460599774,0.4381886986081714,402299,167715,411362295808,171129534464,2.2437075086028524,0.15633195814775475,15.633195814775474,0.9405349167981208,0.0,3.8747833971303334,40.79689862389503,0.0,0.9405349167981208,4.815318313928454,0.0,1.0,179301,0,179301,0,42bd9fb440e278fa580fb197914aea6bc67630b9ec7b19982022e56b93b8b54a,10396071,9557472,24910,0.9205330552282684,77955,0,0,72966,0.9360015393496248,5999.85766025843,0.0769656553172783,4989,0.06399846065037522,0,72512,0,0,67875,0.9360519638128861,5583.994289156452,0.07700786475557773,4637,0.06394803618711385,0,5443,0,0,5091,0.9353297813705677,415.8633711019786,0.07640333843505026,352,0.0646702186294323,0,,,
toolagent_trace,0.02,4.0,"l1=0.02,l2x4",all,16,all16,label_binary_60,horizon,60.0,1,main,3569307853,14277231411,83026370,9997,32176527,13025826,45202353,13025826,739349,1445,255969,0,179247,179247,255969,36.35407114028931,1260.84765625,813.8203125,60f6e88397137ad3f19c03fd792348c1161a4a21366ebaae3815875590447777,9997,130,50849843,104856,13025826,25480,32846418,68064,0,0,0,0,0,0,0,0,0,0,204927,406,739349,1445,3212484,6285,3007557,5879,4033323,9461,0,0,33872184,71646,29838861,62185,0,0,0,0,0,0,0,0,4238250,739349,944276,37084668,3951833,0,0,62199,179247,77945,79529,34000,0.44368385523886034,0.4362050163576881,399899,166085,408868519936,169435543552,2.2309941031091176,0.15688781768972918,15.688781768972918,0.8904990065204585,0.0,3.8692333532105523,40.79689862389503,0.0,0.8904990065204585,4.759732359731011,0.0,1.0,179247,0,179247,0,cbcc98c66ecfc9fe47beaf734828becc63fcba74470661030333a0cee43bae3b,10395406,9553879,25053,0.9202531868404178,77945,0,0,72963,0.936083135544294,5980.514473284527,0.07672736510724905,4982,0.06391686445570595,0,72508,0,0,67867,0.9359932697081701,5567.244711530462,0.07678110982968034,4641,0.06400673029182986,0,5437,0,0,5096,0.9372815891116425,413.269761754063,0.07601062382822567,341,0.06271841088835756,0,,,
toolagent_trace,0.02,4.0,"l1=0.02,l2x4",all,16,all16,label_binary_60,horizon,60.0,2,main,3569307853,14277231411,83026370,9997,32176527,13026787,45203314,13026787,727016,1420,255969,0,179289,179289,255969,32.5425705909729,1273.890625,791.052734375,d5dab408adbf783094e61c69054b9d584c1557cd99ecdaea11ebead8b4d9f801,9997,131,50849843,104856,13026787,25482,32858535,68088,0,0,0,0,0,0,0,0,0,0,203903,404,727016,1420,3223856,6308,3019953,5904,4033602,9462,0,0,33872184,71646,29838582,62184,0,0,0,0,0,0,0,0,4237505,727016,930919,37096040,3950872,0,0,62168,179289,77989,79743,34038,0.4447735220788782,0.4364461654848761,401713,167363,410786680832,170858661888,2.2405892162932473,0.15689939232559486,15.689939232559487,0.8756446897533879,0.0,3.882930206391054,40.79689862389503,0.0,0.8756446897533879,4.758574896144442,0.0,1.0,179289,0,179289,0,7a48be67061b711e4409e9c02537f2c4396ded6ad548b783ce71bd8875c9f04d,10399867,9562620,25071,0.9206998031801753,77989,0,0,72989,0.9358883945171755,6001.974670040608,0.07695924643270984,5001,0.06412442780392107,1,72526,0,0,67858,0.9356368750517056,5589.227835843162,0.07706516057473406,4669,0.06437691310702369,1,5463,0,0,5131,0.9392275306608091,412.7468341974509,0.07555314556058043,332,0.06077246933919092,0,,,
toolagent_trace,0.02,4.0,"l1=0.02,l2x4",all,16,all16,label_binary_60,horizon,60.0,3,main,3569307853,14277231411,83026370,9997,32176527,12917398,45093925,12917398,823201,1608,255969,0,179284,179284,255969,58.76383972167969,1261.7578125,790.33984375,1681044649ae6307281efef8e9a7a2566b3e83bdbd2070a0acb26b3a1d87a17b,9997,131,50849843,104856,12917398,25269,32871261,68113,0,0,0,0,0,0,0,0,0,0,204927,406,823201,1608,3237060,6333,3032133,5927,4033056,9460,0,0,33872184,71646,29839128,62186,0,0,0,0,0,0,0,0,4237983,823201,1028128,37109244,4060261,0,0,62159,179284,78000,79772,34188,0.44494768077463687,0.4383076923076923,400141,167037,409153060864,170504267776,2.231883492113072,0.15558187115732025,15.558187115732025,0.9914934255225177,0.0,3.898833587449385,40.79689862389503,0.0,0.9914934255225177,4.890327012971903,0.0,1.0,179284,0,179284,0,a2b159174204be9096b009a086481e99f13d3cf49c257c9557499398d8ced3e0,10402317,9564095,24969,0.9206198484433804,78000,0,0,72979,0.9356282051282051,6047.753286644052,0.07753529854671862,5022,0.06438461538461539,1,72549,0,0,67883,0.9356848474823912,5620.314117330213,0.07746921552785307,4667,0.06432893630511792,1,5451,0,0,5096,0.9348743349844065,427.43916931383745,0.07841481733880709,355,0.06512566501559347,0,,,
toolagent_trace,0.02,4.0,"l1=0.02,l2x4",all,16,all16,label_binary_60,horizon,60.0,4,main,3569307853,14277231411,83026370,9997,32176527,12822074,44998601,12822074,913941,1786,255969,0,179337,179337,255969,32.08710265159607,1260.01171875,884.1279296875,246f6303615dcb02e3439ebcca7847fc2cca07928b51eccbf567886c5dc52151,9997,128,50849843,104856,12822074,25081,32874692,68120,0,0,0,0,0,0,0,0,0,0,206439,410,913941,1786,3241644,6343,3035205,5933,4032697,9459,0,0,33872184,71646,29839487,62187,0,0,0,0,0,0,0,0,4239136,913941,1120380,37113828,4155585,0,0,62115,179337,78008,79892,34379,0.4454853153560057,0.44071120910675826,402751,167887,411681200128,171289296896,2.2457775026904656,0.15443375399888012,15.443375399888012,1.1007840039255,0.0,3.904354724890417,40.79689862389503,0.0,1.1007840039255,5.0051387288159175,0.0,1.0,179337,0,179337,0,fbc3b2173d46cefe4b5e916a2c40edb7aa2e4bd76ca1e287e0b80e414bc676e8,10403175,9563729,24823,0.9205017218301144,78008,0,0,72970,0.9354168803199672,6082.298978327168,0.07797019508674967,5039,0.0645959388780638,1,72555,0,0,67860,0.9352904692991524,5661.839679234086,0.0780351413304953,4696,0.06472331334849425,1,5453,0,0,5110,0.9370988446726572,420.4592990930855,0.0771060515483377,343,0.06290115532734275,0,,,
toolagent_trace,0.02,4.0,"l1=0.02,l2x4",all,16,all16,label_binary_300,horizon,300.0,0,main,3569307853,14277231411,83026370,9997,32176527,15553432,47729959,15553432,385917,754,255969,0,168819,168819,255969,42.478328227996826,1261.7578125,886.0712890625,0f3afa03602660215aa5197667fca453eb6134dac505d287a66eb515c7313d00,9997,139,50849843,104856,15553432,30421,30682491,63823,0,0,0,0,0,0,0,0,0,0,67029,135,385917,754,1038310,2035,971281,1900,4160974,9723,0,0,33872184,71646,29711210,61923,0,0,0,0,0,0,0,0,4228003,385917,452946,34910494,1424227,0,0,72645,168819,73663,74277,32043,0.4399800970269934,0.43499450198878675,371722,153596,379827773440,156596668416,2.201896705939497,0.18733122982493394,18.733122982493395,0.4648125649718276,0.0,1.2505785812387076,40.79689862389503,0.0,0.4648125649718276,1.7153911462105353,0.0,1.0,168819,0,168819,0,1750f621530421f51f9bec9752aec496345877273daf07f0b74d5149b709aec6,9822694,9502900,8374,0.9678696088873379,73663,0,0,72526,0.9845648425939753,575.0951181220947,0.007807109649649006,1137,0.015435157406024734,0,68266,0,0,67208,0.9845018017754079,535.2919324314754,0.007841266991349653,1058,0.015498198224592037,0,5397,0,0,5318,0.9853622382805263,39.8031856906191,0.0073750575672816565,79,0.014637761719473782,0,,,
toolagent_trace,0.02,4.0,"l1=0.02,l2x4",all,16,all16,label_binary_300,horizon,300.0,1,main,3569307853,14277231411,83026370,9997,32176527,15537048,47713575,15537048,408576,798,255969,0,168779,168779,255969,33.227524757385254,1274.9921875,869.7353515625,f8de7e882cf350b8321ac4c3f5b16aa826ff1c897ecdda0b4a39f1a089dec7cc,9997,139,50849843,104856,15537048,30389,30676101,63811,0,0,0,0,0,0,0,0,0,0,67541,136,408576,798,1032035,2023,964494,1887,4160577,9722,0,0,33872184,71646,29711607,61924,0,0,0,0,0,0,0,0,4228118,408576,476117,34904219,1440611,0,0,72673,168779,73649,74432,32006,0.4410027313824587,0.4345748075330283,369511,153682,377555003392,156719464448,2.1893185763631733,0.18713389493000837,18.71338949300084,0.4921038942205952,0.0,1.2430207414824952,40.79689862389503,0.0,0.4921038942205952,1.7351246357030905,0.0,1.0,168779,0,168779,0,0edb730ea4a6c935a2a4c14ff889e26c7a8d5fb23827503eb73b629fb69dbecc,9820528,9501048,8351,0.9678933250839467,73649,0,0,72537,0.9849013564338959,557.9640689474256,0.007575989747958908,1114,0.015125799399856074,2,68249,0,0,67221,0.984937508241879,517.7333624096611,0.007585947961283845,1030,0.015091796216794386,2,5400,0,0,5316,0.9844444444444445,40.23070653776473,0.007450130840326802,84,0.015555555555555555,0,,,
toolagent_trace,0.02,4.0,"l1=0.02,l2x4",all,16,all16,label_binary_300,horizon,300.0,2,main,3569307853,14277231411,83026370,9997,32176527,15549336,47725863,15549336,396800,775,255969,0,168794,168794,255969,34.43299698829651,1260.84765625,805.94921875,63363eace169069740de628e17ebef72592fa28e8871408351abda3180906aad,9997,139,50849843,104856,15549336,30413,30675411,63810,0,0,0,0,0,0,0,0,0,0,67541,136,396800,775,1031523,2022,963982,1886,4160755,9722,0,0,33872184,71646,29711429,61924,0,0,0,0,0,0,0,0,4228296,396800,464341,34903707,1428323,0,0,72650,168794,73640,74418,32025,0.4408806000213278,0.43488593155893535,369579,153592,377637832704,156615239680,2.189526878917497,0.18728189610120255,18.728189610120253,0.4779204486478212,0.0,1.242404069935853,40.79689862389503,0.0,0.4779204486478212,1.7203245185836742,0.0,1.0,168794,0,168794,0,df994c3cd1cb4be78f7e6830d288b3dc3fa51d437ffd7f813d6292a186f43a1e,9819449,9500480,8611,0.967955075687037,73640,0,0,72524,0.9848451928299837,565.7280953669219,0.00768234784583001,1116,0.015154807170016295,0,68239,0,0,67210,0.9849206465510925,522.4557859842872,0.007656263807856024,1029,0.015079353448907516,0,5401,0,0,5314,0.9838918718755786,43.27230938263479,0.00801190693994349,87,0.016108128124421403,0,,,
toolagent_trace,0.02,4.0,"l1=0.02,l2x4",all,16,all16,label_binary_300,horizon,300.0,3,main,3569307853,14277231411,83026370,9997,32176527,15535000,47711527,15535000,414720,810,255969,0,168791,168791,255969,30.363948822021484,1273.890625,789.072265625,1678c78e7aebd5e4c4d7f5fb6dce6934f3208d4cc10abdbe36cf12f34c1b5635,9997,139,50849843,104856,15535000,30385,30672082,63803,0,0,0,0,0,0,0,0,0,0,66005,133,414720,810,1027939,2015,961934,1882,4162036,9725,0,0,33872184,71646,29710148,61921,0,0,0,0,0,0,0,0,4228041,414720,480725,34900123,1442659,0,0,72660,168791,73646,74166,31820,0.43939546539803664,0.4320669147000516,367433,152376,375363600384,155302928384,2.1768518463662163,0.18710922806814267,18.710922806814267,0.4995039527803034,0.0,1.2380873691093564,40.79689862389503,0.0,0.4995039527803034,1.73759132188966,0.0,1.0,168791,0,168791,0,c026bf9154f671f82ef35addaa91bc6e9f2f5a2fae536afa743f2890547180e9,9820231,9499162,8452,0.9677356876839251,73646,0,0,72532,0.9848735844445048,558.9533623619327,0.007589731449935268,1114,0.015126415555495206,0,68242,0,0,67200,0.9847308109375458,523.6892136133922,0.007674001547630377,1042,0.015269189062454207,0,5404,0,0,5332,0.9866765358993338,35.264148748541075,0.006525564165163041,72,0.013323464100666173,0,,,
toolagent_trace,0.02,4.0,"l1=0.02,l2x4",all,16,all16,label_binary_300,horizon,300.0,4,main,3569307853,14277231411,83026370,9997,32176527,15541144,47717671,15541144,402944,787,255969,0,168800,168800,255969,33.262126207351685,1260.01171875,874.2763671875,33b40200164c2fe77e2f585dcb4dd4caa2ecd43ef2b08af18e2654d263183826,9997,139,50849843,104856,15541144,30397,30677637,63814,0,0,0,0,0,0,0,0,0,0,67029,135,402944,787,1033571,2026,966542,1891,4161089,9723,0,0,33872184,71646,29711095,61923,0,0,0,0,0,0,0,0,4228118,402944,469973,34905755,1436515,0,0,72654,168800,73654,74469,31937,0.4411670616113744,0.43360849376815924,371906,154133,379941087232,157106688000,2.2032345971563982,0.18718322865373976,18.718322865373977,0.48532050720752934,0.0,1.2448707561224224,40.79689862389503,0.0,0.48532050720752934,1.7301912633299517,0.0,1.0,168800,0,168800,0,af0b8f15bda0eee1309b95d7e62ab8b3a144206b03fbad7fc85ae32b5881208e,9821411,9499399,8633,0.9676527639460358,73654,0,0,72526,0.9846851494827165,573.8010405794791,0.007790493938950758,1129,0.01532842751242295,1,68238,0,0,67184,0.9845540607872446,536.9101099738136,0.00786819821761795,1054,0.015445939212755356,0,5416,0,0,5342,0.9863367799113737,36.8909306056655,0.0068114716775601,75,0.013847858197932054,1,,,
toolagent_trace,0.02,4.0,"l1=0.02,l2x4",all,16,all16,label_binary_600,horizon,600.0,0,main,3569307853,14277231411,83026370,9997,32176527,16678349,48854876,16678349,512,1,255969,0,165796,165796,255969,29.553964853286743,1279.57421875,905.994140625,8a896f872fa80474bb857dd77caaee00f3a69fc7571d26fddb8eb3fd22adc435,9997,147,50849843,104856,16678349,32623,29946518,62382,0,0,0,0,0,0,0,0,0,0,14868,30,512,1,298798,586,283930,556,4209596,9820,0,0,33872184,71646,29662588,61826,0,0,0,0,0,0,0,0,4224464,512,15380,34170982,299310,0,0,75654,165796,72188,72465,31244,0.4370732707664841,0.4328143181692248,357457,150056,365122150400,152989724672,2.156004969963087,0.20088014205607208,20.088014205607205,0.0006166715466423499,0.0,0.35988325155007983,40.79689862389503,0.0,0.0006166715466423499,0.3604999230967222,0.0,1.0,165796,0,165796,0,1673ebe97b8b591c2206c2d076ea20ea32a0195fa058a8c8d934dcad93b6fda5,9626232,9366289,4615,0.973236101103734,72188,0,0,72188,1.0,0.0,0.0,0,0.0,0,66808,0,0,66808,1.0,0.0,0.0,0,0.0,0,5380,0,0,5380,1.0,0.0,0.0,0,0.0,0,error_location_001,48854876,True
toolagent_trace,0.02,4.0,"l1=0.02,l2x4",all,16,all16,label_binary_600,horizon,600.0,1,main,3569307853,14277231411,83026370,9997,32176527,16678349,48854876,16678349,1536,3,255969,0,165800,165800,255969,29.487080097198486,1275.171875,870.056640625,6b895ec1e87a86408a9f451aebbbc22fb363a06d0d63714223398707fc39c533,9997,147,50849843,104856,16678349,32623,29945494,62380,0,0,0,0,0,0,0,0,0,0,14868,30,1536,3,297774,584,282906,554,4209596,9820,0,0,33872184,71646,29662588,61826,0,0,0,0,0,0,0,0,4224464,1536,16404,34169958,299310,0,0,75654,165800,72208,72277,31159,0.4359288299155609,0.431517283403501,358347,150437,365956767744,153398929408,2.1613208685162846,0.20088014205607208,20.088014205607205,0.0018500146399270496,0.0,0.3586499084567951,40.79689862389503,0.0,0.0018500146399270496,0.3604999230967222,0.0,1.0,165800,0,165800,0,670518312e47fd134fa40aeddf781a54a326622b412e1f878f50a936659799fd,9628578,9369159,4649,0.9732988090245517,72208,0,0,72208,1.0,0.0,0.0,0,0.0,0,66795,0,0,66795,1.0,0.0,0.0,0,0.0,0,5413,0,0,5413,1.0,0.0,0.0,0,0.0,0,error_location_001,48854876,True
toolagent_trace,0.02,4.0,"l1=0.02,l2x4",all,16,all16,label_binary_600,horizon,600.0,2,main,3569307853,14277231411,83026370,9997,32176527,16678349,48854876,16678349,1536,3,255969,0,165807,165807,255969,30.025999784469604,1261.07421875,811.5302734375,ce629c009ab620e0b89deb52b2edf5a2f1249fe09323dcffe6a68f383948749c,9997,147,50849843,104856,16678349,32623,29945494,62380,0,0,0,0,0,0,0,0,0,0,14868,30,1536,3,297774,584,282906,554,4209596,9820,0,0,33872184,71646,29662588,61826,0,0,0,0,0,0,0,0,4224464,1536,16404,34169958,299310,0,0,75656,165807,72195,72682,31292,0.4383530249024468,0.4334372186439504,357648,149409,365283727360,152303978496,2.1570138775805607,0.20088014205607208,20.088014205607205,0.0018500146399270496,0.0,0.3586499084567951,40.79689862389503,0.0,0.0018500146399270496,0.3604999230967222,0.0,1.0,165807,0,165807,0,53749af024fcd813ecc33df4192e3fa66570ba33e8613b176651be06070338ad,9626211,9368053,4667,0.9734241748908268,72195,0,0,72194,0.999986148625251,0.0,0.0,0,0.0,0,66789,0,0,66788,0.9999850274745842,0.0,0.0,0,0.0,0,5406,0,0,5406,1.0,0.0,0.0,0,0.0,0,error_location_001,48854876,True
toolagent_trace,0.02,4.0,"l1=0.02,l2x4",all,16,all16,label_binary_600,horizon,600.0,3,main,3569307853,14277231411,83026370,9997,32176527,16678349,48854876,16678349,3584,7,255969,0,165802,165802,255969,40.53335452079773,1274.5234375,811.7744140625,749149ef8ae210bfbfd4077890a6d8e84b54022c49f3d6bb2382f90c1df2f976,9997,147,50849843,104856,16678349,32623,29943446,62376,0,0,0,0,0,0,0,0,0,0,14868,30,3584,7,295726,580,280858,550,4209596,9820,0,0,33872184,71646,29662588,61826,0,0,0,0,0,0,0,0,4224464,3584,18452,34167910,299310,0,0,75660,165802,72182,72505,31127,0.43729870568509427,0.43122939236928876,359306,148774,367066984448,151685107712,2.1670788048395075,0.20088014205607208,20.088014205607205,0.004316700826496449,0.0,0.3561832222702257,40.79689862389503,0.0,0.004316700826496449,0.3604999230967222,0.0,1.0,165802,0,165802,0,550c89d778c92a82799bcea5f2ce6bd8cd770738112c83a9fbd0aa56185f5944,9625645,9365819,4657,0.9732488056644516,72182,0,0,72182,1.0,0.0,0.0,0,0.0,0,66808,0,0,66808,1.0,0.0,0.0,0,0.0,0,5374,0,0,5374,1.0,0.0,0.0,0,0.0,0,error_location_001,48854876,True
toolagent_trace,0.02,4.0,"l1=0.02,l2x4",all,16,all16,label_binary_600,horizon,600.0,4,main,3569307853,14277231411,83026370,9997,32176527,16678349,48854876,16678349,1024,2,255969,0,165796,165796,255969,29.340999603271484,1274.9921875,869.7353515625,228f986d4da994d94381d2c02e7a8c73a79e76a3fee189f7c9834b985643bf0a,9997,147,50849843,104856,16678349,32623,29946006,62381,0,0,0,0,0,0,0,0,0,0,14868,30,1024,2,298286,585,283418,555,4209596,9820,0,0,33872184,71646,29662588,61826,0,0,0,0,0,0,0,0,4224464,1024,15892,34170470,299310,0,0,75653,165796,72191,72585,31152,0.43779705179859585,0.43152193486722723,358277,150245,365897242624,153160241152,2.1609508070158507,0.20088014205607208,20.088014205607205,0.0012333430932846999,0.0,0.3592665800034375,40.79689862389503,0.0,0.0012333430932846999,0.3604999230967222,0.0,1.0,165796,0,165796,0,117780c2d1c99e0ba9cf62eccd5e7eab8105037cf9a38cb5ae45bf87593afe99,9626464,9366111,4832,0.9732054262084188,72191,0,0,72191,1.0,0.0,0.0,0,0.0,0,66783,0,0,66783,1.0,0.0,0.0,0,0.0,0,5408,0,0,5408,1.0,0.0,0.0,0,0.0,0,error_location_001,48854876,True
toolagent_trace,0.02,4.0,"l1=0.02,l2x4",all,16,all16,evict_binary_learned,class_order,,0,main,3569307853,14277231411,83026370,9997,32176527,16825072,49001599,16825072,512,1,255909,60,166237,166297,255969,103.53495478630066,1149.20703125,937.53515625,0aaa46d6f5bd3b39c877ba2969ef9f51bfe7b2021ceb7295e47cbd6736cd3031,9997,146,50849843,104856,16825072,32909,29800058,62095,0,0,0,0,0,0,0,0,0,0,14577,30,512,1,152075,300,137498,270,4209624,9821,0,0,33872184,71646,29662560,61825,0,0,0,0,0,0,0,0,4224201,512,15089,34024259,152587,60,56,75958,166237,71915,65613,28077,0.394695525063614,0.39041924494194535,318370,131129,333551077376,137352656896,1.915157275456126,0.2026473275900175,20.26473275900175,0.0006166715466423499,0.0,0.18316469815553782,40.79689862389503,0.0,0.0006166715466423499,0.18378136970218018,0.0,1.0,166297,60,166237,7,f2599982a80fbcea4e4afde0a30cc9f7b7eadbe91afb36c3bf303688bc873779,9621306,6898983,22,0.7170537970624778,71971,0,5,3306,0.045935168331689154,0.0,0.0,0,0.0,0,66564,0,5,3075,0.046196142058770505,0.0,0.0,0,0.0,0,5407,0,0,231,0.04272239689291659,0.0,0.0,0,0.0,0,,,
toolagent_trace,0.02,4.0,"l1=0.02,l2x4",all,16,all16,evict_binary_learned,class_order,,1,main,3569307853,14277231411,83026370,9997,32176527,16823024,48999551,16823024,2048,4,255923,46,166258,166304,255969,99.48332810401917,1150.265625,937.484375,bc6db84e65b86766050031b562c85ddb6ab51c2f4acedee8f8fe0a66fafc05be,9997,146,50849843,104856,16823024,32905,29800279,62096,0,0,0,0,0,0,0,0,0,0,14356,29,2048,4,152587,301,138231,272,4210136,9822,0,0,33872184,71646,29662048,61824,0,0,0,0,0,0,0,0,4224492,2048,16404,34024771,154635,46,46,75957,166258,71927,65769,28023,0.3955839718990966,0.389603347838781,317810,129913,332965431296,136084051968,1.9115471135223567,0.2026226607281518,20.26226607281518,0.0024666861865693997,0.0,0.18378136970218018,40.79689862389503,0.0,0.0024666861865693997,0.18624805588874957,0.0,1.0,166304,46,166258,9,979225a53f14ab8a7101c328d246240b74a5847586255c7bab853151f7d96041,9620478,6900181,13,0.7172395695931117,71973,0,6,3337,0.04636460895057869,0.0,0.0,0,0.0,0,66517,0,6,3089,0.046439256130011874,0.0,0.0,0,0.0,0,5456,0,0,248,0.045454545454545456,0.0,0.0,0,0.0,0,,,
toolagent_trace,0.02,4.0,"l1=0.02,l2x4",all,16,all16,evict_binary_learned,class_order,,2,main,3569307853,14277231411,83026370,9997,32176527,16825584,49002111,16825584,512,1,255912,57,166240,166297,255969,116.95195364952087,1141.3125,929.26171875,d54c4fe85d894928a853b742362ba29607504fb5bee1ab4ea6d14f158cc73457,9997,146,50849843,104856,16825584,32910,29799255,62094,0,0,0,0,0,0,0,0,0,0,13844,28,512,1,151563,299,137719,271,4210648,9823,0,0,33872184,71646,29661536,61823,0,0,0,0,0,0,0,0,4224492,512,14356,34023747,152075,57,52,75961,166240,71925,65813,28181,0.3958914821944177,0.39181091414668057,312560,128255,327461584896,134344181760,1.8801732435033687,0.2026534943054839,20.26534943054839,0.0006166715466423499,0.0,0.18254802660889546,40.79689862389503,0.0,0.0006166715466423499,0.18316469815553782,0.0,1.0,166297,57,166240,9,f8d08cb9ccd2a58265fdec066972f302497ac1be4675492185fb81cff2ec186b,9621373,6901042,12,0.717262286785888,71977,0,8,3268,0.04540339275046195,0.0,0.0,0,0.0,0,66530,0,8,3021,0.04540808657748384,0.0,0.0,0,0.0,0,5447,0,0,247,0.045346062052505964,0.0,0.0,0,0.0,0,,,
toolagent_trace,0.02,4.0,"l1=0.02,l2x4",all,16,all16,evict_binary_learned,class_order,,3,main,3569307853,14277231411,83026370,9997,32176527,16825584,49002111,16825584,512,1,255905,64,166243,166307,255969,102.66946220397949,1150.0703125,937.5419921875,95532f74455a759f4a41840b1d7161989994427f7a35bbf97204606a20ef42db,9997,146,50849843,104856,16825584,32910,29799546,62094,0,0,0,0,0,0,0,0,0,0,14065,29,512,1,151563,299,137498,270,4210136,9822,0,0,33872184,71646,29662048,61824,0,0,0,0,0,0,0,0,4224201,512,14577,34023747,152075,64,63,75961,166243,71935,65889,28221,0.396341500093237,0.3923125043441996,318278,131201,333441202176,137419001856,1.914534747327707,0.2026534943054839,20.26534943054839,0.0006166715466423499,0.0,0.18254802660889546,40.79689862389503,0.0,0.0006166715466423499,0.18316469815553782,0.0,1.0,166307,64,166243,13,eb997423caae86a09ec714f173c963f62cd8d5314494d4b884e9591eb1c057c8,9624056,6903349,17,0.7173022995709917,71998,0,10,3321,0.046126281285591264,0.0,0.0,0,0.0,0,66553,0,10,3059,0.04596336754165853,0.0,0.0,0,0.0,0,5445,0,0,262,0.048117539026629935,0.0,0.0,0,0.0,0,,,
toolagent_trace,0.02,4.0,"l1=0.02,l2x4",all,16,all16,evict_binary_learned,class_order,,4,main,3569307853,14277231411,83026370,9997,32176527,16824560,49001087,16824560,1024,2,255910,59,166230,166289,255969,152.46842646598816,1150.12109375,937.4833984375,94ee07cf7b8ada0df59f41784cd7e84f3bcda46c2ba79928822495894e51065b,9997,146,50849843,104856,16824560,32908,29800093,62095,0,0,0,0,0,0,0,0,0,0,14577,30,1024,2,152075,300,137498,270,4209589,9821,0,0,33872184,71646,29662595,61825,0,0,0,0,0,0,0,0,4224166,1024,15601,34024259,153099,59,56,75959,166230,71900,65737,28134,0.39545810022258315,0.3912934631432545,316809,131623,331899101184,137868793856,1.9058473199783432,0.20264116087455106,20.264116087455108,0.0012333430932846999,0.0,0.18316469815553782,40.79689862389503,0.0,0.0012333430932846999,0.1843980412488225,0.0,1.0,166289,59,166230,8,adec8c6bc9d9f4c4d47e324d7fafee720c606b97a8ed63a5a640d86c822eaba8,9619122,6894918,17,0.7167937468721157,71956,0,5,3335,0.04634776808049364,0.0,0.0,0,0.0,0,66543,0,5,3087,0.046391055407781434,0.0,0.0,0,0.0,0,5413,0,0,248,0.04581562904119712,0.0,0.0,0,0.0,0,,,
toolagent_trace,0.02,4.0,"l1=0.02,l2x4",all,16,all16,evict_binary_recency,class_order,,0,main,3569307853,14277231411,83026370,9997,32176527,16679373,48855900,16679373,1024,2,255960,9,165790,165799,255969,61.72496581077576,1261.1796875,920.951171875,2b9e76f536e9185aa786edf91013a995ea8aaf92a9e9ed368583e49c159c2d9a,9997,147,50849843,104856,16679373,32625,29945017,62379,0,0,0,0,0,0,0,0,0,0,14356,29,1024,2,297262,583,282906,554,4210073,9821,0,0,33872184,71646,29662111,61825,0,0,0,0,0,0,0,0,4224429,1024,15380,34169446,298286,9,8,75660,165790,72188,72503,31198,0.43731829422763735,0.4321770931456752,358403,150042,366030237696,152956602368,2.1617890101936186,0.20089247548700492,20.08924754870049,0.0012333430932846999,0.0,0.35803323691015276,40.79689862389503,0.0,0.0012333430932846999,0.3592665800034375,0.0,1.0,165799,9,165790,9,1c4ea8e232a510322deac9202cec38a95dd860453a0a7cf289deca4c1752ff61,9627059,9366049,4508,0.9731220095358302,72196,0,8,72187,0.9998753393539809,0.0,0.0,0,0.0,0,66811,0,8,66802,0.9998652916435916,0.0,0.0,0,0.0,0,5385,0,0,5385,1.0,0.0,0.0,0,0.0,0,,,
toolagent_trace,0.02,4.0,"l1=0.02,l2x4",all,16,all16,evict_binary_recency,class_order,,1,main,3569307853,14277231411,83026370,9997,32176527,16678349,48854876,16678349,1536,3,255961,8,165791,165799,255969,102.04090023040771,1260.01171875,979.857421875,9333c20c01b1763c127153efacb71bf74ce219e1d1d04ebec6457580e1380032,9997,147,50849843,104856,16678349,32623,29945494,62380,0,0,0,0,0,0,0,0,0,0,14868,30,1536,3,297774,584,282906,554,4209596,9820,0,0,33872184,71646,29662588,61826,0,0,0,0,0,0,0,0,4224464,1536,16404,34169958,299310,8,8,75654,165791,72199,72274,31156,0.4359343993341014,0.43152952256956467,358454,150544,366069237760,153511399424,2.1620835871669755,0.20088014205607208,20.088014205607205,0.0018500146399270496,0.0,0.3586499084567951,40.79689862389503,0.0,0.0018500146399270496,0.3604999230967222,0.0,1.0,165799,8,165791,8,b4c41deacb75101b880e1305f88801603cd4b01941ce36a197c63d6a0de1a99c,9628438,9369024,4649,0.9732989400773002,72207,0,8,72199,0.9998892074175634,0.0,0.0,0,0.0,0,66793,0,8,66785,0.9998802269698921,0.0,0.0,0,0.0,0,5414,0,0,5414,1.0,0.0,0.0,0,0.0,0,,,
toolagent_trace,0.02,4.0,"l1=0.02,l2x4",all,16,all16,evict_binary_recency,class_order,,2,main,3569307853,14277231411,83026370,9997,32176527,16678349,48854876,16678349,1536,3,255960,9,165793,165802,255969,69.24367475509644,1261.07421875,941.322265625,7ea2f9a2d12e63ad4a5c17684cd6b1503840504b77dd71729c2462eaa3f3eebe,9997,147,50849843,104856,16678349,32623,29945494,62380,0,0,0,0,0,0,0,0,0,0,14868,30,1536,3,297774,584,282906,554,4209596,9820,0,0,33872184,71646,29662588,61826,0,0,0,0,0,0,0,0,4224464,1536,16404,34169958,299310,9,9,75656,165793,72181,72657,31267,0.43823925014928256,0.43317493523226336,356521,148282,364096661504,151116912640,2.1503983883517397,0.20088014205607208,20.088014205607205,0.0018500146399270496,0.0,0.3586499084567951,40.79689862389503,0.0,0.0018500146399270496,0.3604999230967222,0.0,1.0,165802,9,165793,9,f188fa94545c77b3a1bcf219d3b5be3a693636abc34d4528584168544d79b692,9626110,9367406,4607,0.9733640587942586,72190,0,9,72180,0.999861476658817,0.0,0.0,0,0.0,0,66819,0,9,66810,0.9998653077717415,0.0,0.0,0,0.0,0,5371,0,0,5370,0.9998138149320425,0.0,0.0,0,0.0,0,,,
toolagent_trace,0.02,4.0,"l1=0.02,l2x4",all,16,all16,evict_binary_recency,class_order,,3,main,3569307853,14277231411,83026370,9997,32176527,16678349,48854876,16678349,3584,7,255961,8,165794,165802,255969,61.59974908828735,1274.5234375,941.923828125,31c3ae3a3228dd9df9cf7e3b7d37d083f9703c104dce0480a72ea4b629bf16ae,9997,147,50849843,104856,16678349,32623,29943446,62376,0,0,0,0,0,0,0,0,0,0,14868,30,3584,7,295726,580,280858,550,4209596,9820,0,0,33872184,71646,29662588,61826,0,0,0,0,0,0,0,0,4224464,3584,18452,34167910,299310,8,8,75660,165794,72174,72612,31234,0.43796518571239007,0.4327597195666029,361533,151001,369353146368,153971269632,2.1806157038252287,0.20088014205607208,20.088014205607205,0.004316700826496449,0.0,0.3561832222702257,40.79689862389503,0.0,0.004316700826496449,0.3604999230967222,0.0,1.0,165802,8,165794,8,3c6954ac3e1f05b9be54d94ce208716ae94a570bdd197500c0d27e217806f46b,9625399,9366052,4763,0.9733033924100185,72182,0,8,72173,0.9998753151755285,0.0,0.0,0,0.0,0,66817,0,8,66808,0.9998653037400661,0.0,0.0,0,0.0,0,5365,0,0,5365,1.0,0.0,0.0,0,0.0,0,,,
toolagent_trace,0.02,4.0,"l1=0.02,l2x4",all,16,all16,evict_binary_recency,class_order,,4,main,3569307853,14277231411,83026370,9997,32176527,16678349,48854876,16678349,1024,2,255958,11,165782,165793,255969,61.49846291542053,1260.84765625,905.94140625,9f422f7df0ebca0ab506596f4bc64b4eb93c85c444ee7c7bd140d26fbac203ae,9997,147,50849843,104856,16678349,32623,29946006,62381,0,0,0,0,0,0,0,0,0,0,14868,30,1024,2,298286,585,283418,555,4209596,9820,0,0,33872184,71646,29662588,61826,0,0,0,0,0,0,0,0,4224464,1024,15892,34170470,299310,11,11,75653,165782,72177,72592,31159,0.4378762471197114,0.43170261994818293,358209,150177,365826199552,153089198080,2.160723118312,0.20088014205607208,20.088014205607205,0.0012333430932846999,0.0,0.3592665800034375,40.79689862389503,0.0,0.0012333430932846999,0.3604999230967222,0.0,1.0,165793,11,165782,11,1a451498be0365cc4422e52b188b44b3ae1646cffef49ce3603a6476d0b545c6,9626279,9365927,4832,0.9732050151465587,72188,0,11,72177,0.9998476201030643,0.0,0.0,0,0.0,0,66788,0,11,66777,0.999835299754447,0.0,0.0,0,0.0,0,5400,0,0,5400,1.0,0.0,0.0,0,0.0,0,,,
toolagent_trace,0.02,4.0,"l1=0.02,l2x4",leaf,16,leaf16,adm_label,leaf_location,,0,main,3569307853,14277231411,83026370,9997,32176527,13180303,45356830,13180303,0,0,255969,0,182275,182275,255969,115.12342596054077,1143.0625,930.26953125,92b2c369e254f73cfd458d6ce4b8630da88e195673aea78818e8927f31cc769e,9997,92,50849843,104856,13180303,25765,33403934,69186,0,0,0,0,0,0,0,0,0,0,525231,1046,0,0,3797356,7445,3272125,6399,3740375,8859,0,0,33872184,71646,30131809,62787,0,0,0,0,0,0,0,0,4265606,0,525231,37669540,3797356,0,0,60045,182275,79095,0,0,0.0,0.0,0,0,0,0,0.0,0.15874839523876572,15.87483952387657,0.0,0.0,4.5736746048273575,40.79689862389503,0.0,0.0,4.5736746048273575,0.0,1.0,182275,0,182275,46,a1da85b5fb26986a7c5fb3bc0cb806b68fc8b5a96c1177d190beba8472ce527a,9475316,4737633,233,0.5000096566700256,79095,0,43,2847,0.035994689929831215,11266.881279987125,0.14244745280974935,6245,0.07895568620013907,0,3220,0,43,119,0.03695652173913044,487.2937420997227,0.151333460279417,267,0.0829192546583851,0,75875,0,0,2728,0.035953871499176275,10779.587537887426,0.14207034646309621,5978,0.07878747940691927,0,,,
toolagent_trace,0.02,4.0,"l1=0.02,l2x4",leaf,16,leaf16,adm_label,leaf_location,,1,main,3569307853,14277231411,83026370,9997,32176527,13147681,45324208,13147681,0,0,255969,0,182344,182344,255969,112.45277953147888,1142.64453125,930.26171875,cc354db98f09dbb9903ed90937ba23dbe88f596a79eb06e023bd3c98b25c7640,9997,91,50849843,104856,13147681,25701,33436197,69249,0,0,0,0,0,0,0,0,0,0,525812,1047,0,0,3829978,7509,3304166,6462,3740153,8859,0,0,33872184,71646,30132031,62787,0,0,0,0,0,0,0,0,4265965,0,525812,37702162,3829978,0,0,59976,182344,79161,0,0,0.0,0.0,0,0,0,0,0.0,0.15835548392637183,15.835548392637183,0.0,0.0,4.612965736066746,40.79689862389503,0.0,0.0,4.612965736066746,0.0,1.0,182344,0,182344,49,9cc21e53c6f8c6ff395b1476d9a1a655c7cd90534e5c720325de4d98bab92b82,9483164,4735447,210,0.49936413627350534,79161,0,45,2915,0.036823688432435164,11548.017856002505,0.14588014118066353,6316,0.0797867636841374,0,3220,0,45,111,0.034472049689440995,488.88424837716144,0.15182740632831102,261,0.08105590062111802,0,75941,0,0,2804,0.03692340106135026,11059.133607625354,0.145627969181672,6055,0.07973295058005557,0,,,
toolagent_trace,0.02,4.0,"l1=0.02,l2x4",leaf,16,leaf16,adm_label,leaf_location,,2,main,3569307853,14277231411,83026370,9997,32176527,13135805,45312332,13135805,0,0,255969,0,182349,182349,255969,108.96195578575134,1142.3671875,930.267578125,e8d472a2650c9699c0d78149745243c2d4fd948a7ae1653eb840b019711b2161,9997,90,50849843,104856,13135805,25677,33446927,69272,0,0,0,0,0,0,0,0,0,0,531638,1058,0,0,3841854,7533,3310216,6475,3735473,8849,0,0,33872184,71646,30136711,62797,0,0,0,0,0,0,0,0,4267111,0,531638,37714038,3841854,0,0,59971,182349,79187,0,0,0.0,0.0,0,0,0,0,0.0,0.15821244503402954,15.821244503402955,0.0,0.0,4.627269625300974,40.79689862389503,0.0,0.0,4.627269625300974,0.0,1.0,182349,0,182349,38,621c56ba77bd432bf7fc9034f0e9565f778b614ce007be6b5d498a5d1072b0da,9486910,4747421,212,0.5004292230030642,79187,0,35,2834,0.03578870269109829,11531.567608673971,0.14562450413166267,6341,0.08007627514617298,0,3244,0,35,121,0.03729963008631319,476.4253751253754,0.14686355583396282,266,0.08199753390875462,0,75943,0,0,2713,0.03572416154220929,11055.142233548599,0.14557157649221913,6075,0.0799942061809515,0,,,
toolagent_trace,0.02,4.0,"l1=0.02,l2x4",leaf,16,leaf16,adm_label,leaf_location,,3,main,3569307853,14277231411,83026370,9997,32176527,13107745,45284272,13107745,0,0,255969,0,182473,182473,255969,114.23008108139038,1142.62109375,930.263671875,0f34643ebc51a25be6c5ec0d5f45022a5dbed364668c5df982d611e5654f605c,9997,91,50849843,104856,13107745,25623,33476501,69327,0,0,0,0,0,0,0,0,0,0,530469,1056,0,0,3869914,7587,3339445,6531,3735128,8850,0,0,33872184,71646,30137056,62796,0,0,0,0,0,0,0,0,4265597,0,530469,37742098,3869914,0,0,59845,182473,79236,0,0,0.0,0.0,0,0,0,0,0.0,0.1578744801199908,15.787448011999079,0.0,0.0,4.661066116704849,40.79689862389503,0.0,0.0,4.661066116704849,0.0,1.0,182473,0,182473,41,60971712834bed27ba9d7c0088cc171a80947319dc569aebd3db48d722a0c78d,9493009,4751122,228,0.5004984194158038,79236,0,39,2867,0.0361830481094452,11534.42117472119,0.14557046260186265,6372,0.08041799182189914,0,3229,0,39,129,0.03995044905543512,456.50015620413546,0.1413750870870658,257,0.07959120470733973,0,76007,0,0,2738,0.036022997881774044,11077.921018517049,0.14574869444284144,6115,0.08045311616035365,0,,,
toolagent_trace,0.02,4.0,"l1=0.02,l2x4",leaf,16,leaf16,adm_label,leaf_location,,4,main,3569307853,14277231411,83026370,9997,32176527,13149273,45325800,13149273,0,0,255969,0,182422,182422,255969,114.40599012374878,1151.1875,938.404296875,131a73ecb149ef7abf3e9a778d18f4dfdd0a34b93b81274b2668016ecdf59936,9997,90,50849843,104856,13149273,25704,33433296,69245,0,0,0,0,0,0,0,0,0,0,526892,1048,0,0,3828386,7506,3301494,6458,3740382,8859,0,0,33872184,71646,30131802,62787,0,0,0,0,0,0,0,0,4267274,0,526892,37700570,3828386,0,0,59897,182422,79155,0,0,0.0,0.0,0,0,0,0,0.0,0.15837465855727523,15.837465855727524,0.0,0.0,4.611048272976405,40.79689862389503,0.0,0.0,4.611048272976405,0.0,1.0,182422,0,182422,38,f1edd46ce3ee7f5592b9c2b39ee8c4b37b9bce9154646e35588b7bc7c17db3ca,9482955,4737885,231,0.49963334213860555,79155,0,35,2896,0.036586444318110034,11394.548834139932,0.14395235719967067,6296,0.07954014275788011,0,3228,0,35,116,0.03593556381660471,471.02835909510054,0.14591956601459125,259,0.08023543990086741,0,75927,0,0,2780,0.03661411619055145,10923.520475044854,0.1438687222601295,6037,0.0795105825332227,0,,,
toolagent_trace,0.02,4.0,"l1=0.02,l2x4",leaf,16,leaf16,evict_label,leaf_location,,0,main,3569307853,14277231411,83026370,9997,32176527,16707824,48884351,16707824,0,0,255969,0,166035,166035,255969,69.48479580879211,1274.9921875,1008.2607421875,e9b0b69d70b3d1cdd95968c510cc507c29c0d1e6c493dcc9fdbad2cef78588d7,9997,146,50849843,104856,16707824,32680,29917031,62325,0,0,0,0,0,0,0,0,0,0,16916,34,0,0,269835,530,252919,496,4208072,9817,0,0,33872184,71646,29664112,61829,0,0,0,0,0,0,0,0,4224988,0,16916,34142019,269835,0,0,75695,166035,72113,0,0,0.0,0.0,0,0,0,0,0.0,0.2012351497482065,20.12351497482065,0.0,0.0,0.32499915388327827,40.79689862389503,0.0,0.0,0.32499915388327827,0.0,1.0,166035,0,166035,0,8431ff36ad22407a94dd565220799fc70bb4a117bf783b0c9f13a12dfcc390dc,8574583,8574583,0,1.0,72113,0,0,72113,1.0,0.0,0.0,1,1.3867125206273488e-05,1,2991,0,0,2991,1.0,0.0,0.0,0,0.0,0,69122,0,0,69122,1.0,0.0,0.0,1,1.446717398223431e-05,1,,,
toolagent_trace,0.02,4.0,"l1=0.02,l2x4",leaf,16,leaf16,evict_label,leaf_location,,1,main,3569307853,14277231411,83026370,9997,32176527,16703216,48879743,16703216,0,0,255969,0,166038,166038,255969,82.45995354652405,1275.171875,919.244140625,ac036470862b8be7ce24dcac31863a4c3f267605d1a9f74fecec587fba561090,9997,146,50849843,104856,16703216,32671,29921651,62334,0,0,0,0,0,0,0,0,0,0,16916,34,0,0,274443,539,257527,505,4208060,9817,0,0,33872184,71646,29664124,61829,0,0,0,0,0,0,0,0,4224976,0,16916,34146627,274443,0,0,75690,166038,72132,0,0,0.0,0.0,0,0,0,0,0.0,0.2011796493090087,20.117964930900868,0.0,0.0,0.3305491978030594,40.79689862389503,0.0,0.0,0.3305491978030594,0.0,1.0,166038,0,166038,0,196b7a7766fd5d29b3fe4d35387a1d99c277296bcaa71049c4294ac08cadf620,8577118,8577118,0,1.0,72132,0,0,72132,1.0,0.0,0.0,1,1.386347252259746e-05,1,2984,0,0,2984,1.0,0.0,0.0,0,0.0,0,69148,0,0,69148,1.0,0.0,0.0,1,1.44617342511714e-05,1,,,
toolagent_trace,0.02,4.0,"l1=0.02,l2x4",leaf,16,leaf16,evict_label,leaf_location,,2,main,3569307853,14277231411,83026370,9997,32176527,16706288,48882815,16706288,0,0,255969,0,166039,166039,255969,72.07422065734863,1261.7578125,935.24609375,363e64aa434ac1aefbb845b23251d2b5ec1531507160c9039875cb43f4c763b6,9997,146,50849843,104856,16706288,32677,29918567,62328,0,0,0,0,0,0,0,0,0,0,16916,34,0,0,271371,533,254455,499,4208072,9817,0,0,33872184,71646,29664112,61829,0,0,0,0,0,0,0,0,4224988,0,16916,34143555,271371,0,0,75693,166039,72142,0,0,0.0,0.0,0,0,0,0,0.0,0.20121664960180724,20.121664960180723,0.0,0.0,0.32684916852320534,40.79689862389503,0.0,0.0,0.32684916852320534,0.0,1.0,166039,0,166039,0,9aa878a2301f6bba51431d235155dd035d652bb920232b23992a02e8c99152b5,8577979,8577979,0,1.0,72142,0,0,72142,1.0,0.0,0.0,0,0.0,0,2975,0,0,2975,1.0,0.0,0.0,0,0.0,0,69167,0,0,69167,1.0,0.0,0.0,0,0.0,0,,,
toolagent_trace,0.02,4.0,"l1=0.02,l2x4",leaf,16,leaf16,evict_label,leaf_location,,3,main,3569307853,14277231411,83026370,9997,32176527,16711408,48887935,16711408,0,0,255969,0,166023,166023,255969,68.09695720672607,1276.01953125,956.173828125,6300f83d4d814d130280167be9f3b00a1e9e875c2e485215a4adf9b779fbfe08,9997,146,50849843,104856,16711408,32687,29913459,62318,0,0,0,0,0,0,0,0,0,0,16916,34,0,0,266251,523,249335,489,4208060,9817,0,0,33872184,71646,29664124,61829,0,0,0,0,0,0,0,0,4224976,0,16916,34138435,266251,0,0,75709,166023,72127,0,0,0.0,0.0,0,0,0,0,0.0,0.20127831675647148,20.127831675647148,0.0,0.0,0.32068245305678184,40.79689862389503,0.0,0.0,0.32068245305678184,0.0,1.0,166023,0,166023,0,3995e28b0eeeb24bec82c2ba2fc809e6fe19a508d6f962994b35e7b6984f6fe2,8576061,8576061,0,1.0,72127,0,0,72127,1.0,0.0,0.0,0,0.0,0,2971,0,0,2971,1.0,0.0,0.0,0,0.0,0,69156,0,0,69156,1.0,0.0,0.0,0,0.0,0,,,
toolagent_trace,0.02,4.0,"l1=0.02,l2x4",leaf,16,leaf16,evict_label,leaf_location,,4,main,3569307853,14277231411,83026370,9997,32176527,16703216,48879743,16703216,0,0,255969,0,166041,166041,255969,67.77460622787476,1261.1796875,984.017578125,7db18b57df5b7a15d093193cfdf75c7e8aa49dfd098d7429dd781551dd5307ed,9997,146,50849843,104856,16703216,32671,29921639,62334,0,0,0,0,0,0,0,0,0,0,17428,35,0,0,274443,539,257015,504,4207560,9816,0,0,33872184,71646,29664624,61830,0,0,0,0,0,0,0,0,4224988,0,17428,34146627,274443,0,0,75689,166041,72137,0,0,0.0,0.0,0,0,0,0,0.0,0.2011796493090087,20.117964930900868,0.0,0.0,0.3305491978030594,40.79689862389503,0.0,0.0,0.3305491978030594,0.0,1.0,166041,0,166041,0,00e9219cefb63b3309772d2e8417d42da1532a0a2024bf31cf26128335d623ae,8578247,8578247,0,1.0,72137,0,0,72137,1.0,0.0,0.0,0,0.0,0,3000,0,0,3000,1.0,0.0,0.0,0,0.0,0,69137,0,0,69137,1.0,0.0,0.0,0,0.0,0,,,
